date,equity,holding,shares,cash,stop_reference,entered_at_open
2010-02-11,100000.0,CASH,0.0,100000.0,,False
2010-02-12,100000.0,CASH,0.0,100000.0,,False
2010-02-16,100000.0,CASH,0.0,100000.0,,False
2010-02-17,100000.0,CASH,0.0,100000.0,,False
2010-02-18,100000.0,CASH,0.0,100000.0,,False
2010-02-19,100000.0,CASH,0.0,100000.0,,False
2010-02-22,100000.0,CASH,0.0,100000.0,,False
2010-02-23,100000.0,CASH,0.0,100000.0,,False
2010-02-24,100000.0,CASH,0.0,100000.0,,False
2010-02-25,100000.0,CASH,0.0,100000.0,,False
2010-02-26,100000.0,CASH,0.0,100000.0,,False
2010-03-01,100000.0,TECL,134152.71222954508,0.0,0.7454191446304321,False
2010-03-02,99451.16198885372,TECL,134152.71222954508,0.0,0.7454191446304321,False
2010-03-03,99714.91416399957,TECL,134152.71222954508,0.0,0.7454191446304321,False
2010-03-04,100983.52334524597,TECL,134152.71222954508,0.0,0.7454191446304321,False
2010-03-05,104946.17888386574,TECL,134152.71222954508,0.0,0.7454191446304321,False
2010-03-08,105751.50059275274,TECL,134152.71222954508,0.0,0.7454191446304321,False
2010-03-09,106906.06904269915,TECL,134152.71222954508,0.0,0.7454191446304321,False
2010-03-10,109471.8255744536,TECL,134152.71222954508,0.0,0.7454191446304321,False
2010-03-11,110462.5374358571,TECL,134152.71222954508,0.0,0.7454191446304321,False
2010-03-12,110590.84325372553,TECL,134152.71222954508,0.0,0.7454191446304321,False
2010-03-15,109086.96409372163,TECL,134152.71222954508,0.0,0.7454191446304321,False
2010-03-16,112230.0408330107,TECL,134152.71222954508,0.0,0.7454191446304321,False
2010-03-17,113498.68199875613,TECL,134152.71222954508,0.0,0.7454191446304321,False
2010-03-18,113883.53548336335,TECL,134152.71222954508,0.0,0.7454191446304321,False
2010-03-19,111025.5285878252,TECL,134152.71222954508,0.0,0.7454191446304321,False
2010-03-22,113741.00455955027,TECL,134152.71222954508,0.0,0.7454191446304321,False
2010-03-23,117223.48481032153,TECL,134152.71222954508,0.0,0.7454191446304321,False
2010-03-24,115523.0609037636,TECL,134152.71222954508,0.0,0.7454191446304321,False
2010-03-25,116023.61031749574,TECL,134152.71222954508,0.0,0.7454191446304321,False
2010-03-26,115324.3572035249,TECL,134152.71222954508,0.0,0.7454191446304321,False
2010-03-29,115442.13212508691,TECL,134152.71222954508,0.0,0.7454191446304321,False
2010-03-30,116980.514563422,TECL,134152.71222954508,0.0,0.7454191446304321,False
2010-03-31,115000.49016244768,TECL,134152.71222954508,0.0,0.7454191446304321,False
2010-04-01,114499.94074871555,TECL,134152.71222954508,0.0,0.8572356700897217,False
2010-04-05,118982.72021447527,TECL,134152.71222954508,0.0,0.8572356700897217,False
2010-04-06,119328.72052888288,TECL,134152.71222954508,0.0,0.8572356700897217,False
2010-04-07,118599.92973005564,TECL,134152.71222954508,0.0,0.8572356700897217,False
2010-04-08,118658.86116952282,TECL,134152.71222954508,0.0,0.8572356700897217,False
2010-04-09,121831.43561304451,TECL,134152.71222954508,0.0,0.8572356700897217,False
2010-04-12,122655.90804072715,TECL,134152.71222954508,0.0,0.8572356700897217,False
2010-04-13,124231.12062969804,TECL,134152.71222954508,0.0,0.8572356700897217,False
2010-04-14,130598.35481332328,TECL,134152.71222954508,0.0,0.8572356700897217,False
2010-04-15,132961.25765608955,TECL,134152.71222954508,0.0,0.8572356700897217,False
2010-04-16,127374.22135736138,TECL,134152.71222954508,0.0,0.8572356700897217,False
2010-04-19,127411.09148862096,TECL,134152.71222954508,0.0,0.8572356700897217,False
2010-04-20,129420.55762095458,TECL,134152.71222954508,0.0,0.8572356700897217,False
2010-04-21,130657.20629154287,TECL,134152.71222954508,0.0,0.8572356700897217,False
2010-04-22,132180.97980994493,TECL,134152.71222954508,0.0,0.8572356700897217,False
2010-04-23,133550.10827552536,TECL,134152.71222954508,0.0,0.8572356700897217,False
2010-04-26,132718.28740919003,TECL,134152.71222954508,0.0,0.8572356700897217,False
2010-04-27,125003.98606819192,TECL,134152.71222954508,0.0,0.8572356700897217,False
2010-04-28,125659.19652699516,TECL,134152.71222954508,0.0,0.8572356700897217,False
2010-04-29,129413.28114742473,TECL,134152.71222954508,0.0,0.8572356700897217,False
2010-04-30,120911.28955263122,TECL,134152.71222954508,0.0,0.8572356700897217,False
2010-05-03,125865.26465813609,TECL,134152.71222954508,0.0,0.9012959003448486,False
2010-05-04,114941.59070747954,TECL,134152.71222954508,0.0,0.9012959003448486,False
2010-05-05,113358.93372635887,TECL,134152.71222954508,0.0,0.9012959003448486,False
2010-05-06,108820.1605973681,CASH,0.0,108820.1605973681,,False
2010-05-07,108820.1605973681,CASH,0.0,108820.1605973681,,False
2010-05-10,108820.1605973681,CASH,0.0,108820.1605973681,,False
2010-05-11,108820.1605973681,CASH,0.0,108820.1605973681,,False
2010-05-12,108820.1605973681,CASH,0.0,108820.1605973681,,False
2010-05-13,108820.1605973681,CASH,0.0,108820.1605973681,,False
2010-05-14,108820.1605973681,CASH,0.0,108820.1605973681,,False
2010-05-17,108820.1605973681,CASH,0.0,108820.1605973681,,False
2010-05-18,108820.1605973681,CASH,0.0,108820.1605973681,,False
2010-05-19,108820.1605973681,CASH,0.0,108820.1605973681,,False
2010-05-20,108820.1605973681,CASH,0.0,108820.1605973681,,False
2010-05-21,108820.1605973681,CASH,0.0,108820.1605973681,,False
2010-05-24,108820.1605973681,CASH,0.0,108820.1605973681,,False
2010-05-25,108820.1605973681,CASH,0.0,108820.1605973681,,False
2010-05-26,108820.1605973681,CASH,0.0,108820.1605973681,,False
2010-05-27,108820.1605973681,CASH,0.0,108820.1605973681,,False
2010-05-28,108820.1605973681,CASH,0.0,108820.1605973681,,False
2010-06-01,108820.16059736811,TECL,162400.36124435297,0.0,0.670073390007019,False
2010-06-02,116234.01867014378,TECL,162400.36124435297,0.0,0.670073390007019,False
2010-06-03,120404.35437030894,TECL,162400.36124435297,0.0,0.670073390007019,False
2010-06-04,108962.73460492503,TECL,162400.36124435297,0.0,0.670073390007019,False
2010-06-07,102119.13384311367,TECL,162400.36124435297,0.0,0.670073390007019,False
2010-06-08,97938.1445376313,CASH,0.0,97938.1445376313,,False
2010-06-09,97938.1445376313,CASH,0.0,97938.1445376313,,False
2010-06-10,97938.1445376313,CASH,0.0,97938.1445376313,,False
2010-06-11,97938.1445376313,CASH,0.0,97938.1445376313,,False
2010-06-14,97938.1445376313,CASH,0.0,97938.1445376313,,False
2010-06-15,97938.1445376313,CASH,0.0,97938.1445376313,,False
2010-06-16,97938.1445376313,CASH,0.0,97938.1445376313,,False
2010-06-17,97938.1445376313,CASH,0.0,97938.1445376313,,False
2010-06-18,97938.1445376313,CASH,0.0,97938.1445376313,,False
2010-06-21,97938.1445376313,CASH,0.0,97938.1445376313,,False
2010-06-22,97938.1445376313,CASH,0.0,97938.1445376313,,False
2010-06-23,97938.1445376313,CASH,0.0,97938.1445376313,,False
2010-06-24,97938.1445376313,CASH,0.0,97938.1445376313,,False
2010-06-25,97938.1445376313,CASH,0.0,97938.1445376313,,False
2010-06-28,97938.1445376313,CASH,0.0,97938.1445376313,,False
2010-06-29,97938.1445376313,CASH,0.0,97938.1445376313,,False
2010-06-30,97938.1445376313,CASH,0.0,97938.1445376313,,False
2010-07-01,97938.1445376313,GLD,836.7920691347,0.0,117.04000091552734,False
2010-07-02,99151.49048418988,GLD,836.7920691347,0.0,117.04000091552734,False
2010-07-06,97494.64576246461,GLD,836.7920691347,0.0,117.04000091552734,False
2010-07-07,98515.53310828363,GLD,836.7920691347,0.0,117.04000091552734,False
2010-07-08,98080.39765717217,GLD,836.7920691347,0.0,117.04000091552734,False
2010-07-09,99042.70981352044,GLD,836.7920691347,0.0,117.04000091552734,False
2010-07-12,98189.17832784161,GLD,836.7920691347,0.0,117.04000091552734,False
2010-07-13,99042.70981352044,GLD,836.7920691347,0.0,117.04000091552734,False
2010-07-14,98992.50433232174,GLD,836.7920691347,0.0,117.04000091552734,False
2010-07-15,98933.92914285099,GLD,836.7920691347,0.0,117.04000091552734,False
2010-07-16,97628.5291737334,GLD,836.7920691347,0.0,117.04000091552734,False
2010-07-19,96841.94897001424,GLD,836.7920691347,0.0,117.04000091552734,False
2010-07-20,97611.79614140613,GLD,836.7920691347,0.0,117.04000091552734,False
2010-07-21,96942.35993241162,GLD,836.7920691347,0.0,117.04000091552734,False
2010-07-22,97787.5217098184,GLD,836.7920691347,0.0,117.04000091552734,False
2010-07-23,97143.18824142324,GLD,836.7920691347,0.0,117.04000091552734,False
2010-07-26,96666.21701738513,GLD,836.7920691347,0.0,117.04000091552734,False
2010-07-27,94984.26955506051,GLD,836.7920691347,0.0,117.04000091552734,False
2010-07-28,95210.20060467147,GLD,836.7920691347,0.0,117.04000091552734,False
2010-07-29,95636.96634751088,GLD,836.7920691347,0.0,117.04000091552734,False
2010-07-30,96641.11427678578,GLD,836.7920691347,0.0,117.04000091552734,False
2010-08-02,96682.95643392924,TECL,134085.361494765,0.0,0.721055269241333,False
2010-08-03,95517.37906961815,TECL,134085.361494765,0.0,0.721055269241333,False
2010-08-04,97878.40830669679,TECL,134085.361494765,0.0,0.721055269241333,False
2010-08-05,96503.66143052859,TECL,134085.361494765,0.0,0.721055269241333,False
2010-08-06,95427.72357580748,TECL,134085.361494765,0.0,0.721055269241333,False
2010-08-09,96413.9819603869,TECL,134085.361494765,0.0,0.721055269241333,False
2010-08-10,92439.07391361278,TECL,134085.361494765,0.0,0.721055269241333,False
2010-08-11,87014.66079053632,CASH,0.0,87014.66079053632,,False
2010-08-12,87014.66079053632,CASH,0.0,87014.66079053632,,False
2010-08-13,87014.66079053632,CASH,0.0,87014.66079053632,,False
2010-08-16,87014.66079053632,CASH,0.0,87014.66079053632,,False
2010-08-17,87014.66079053632,CASH,0.0,87014.66079053632,,False
2010-08-18,87014.66079053632,CASH,0.0,87014.66079053632,,False
2010-08-19,87014.66079053632,CASH,0.0,87014.66079053632,,False
2010-08-20,87014.66079053632,CASH,0.0,87014.66079053632,,False
2010-08-23,87014.66079053632,CASH,0.0,87014.66079053632,,False
2010-08-24,87014.66079053632,CASH,0.0,87014.66079053632,,False
2010-08-25,87014.66079053632,CASH,0.0,87014.66079053632,,False
2010-08-26,87014.66079053632,CASH,0.0,87014.66079053632,,False
2010-08-27,87014.66079053632,CASH,0.0,87014.66079053632,,False
2010-08-30,87014.66079053632,CASH,0.0,87014.66079053632,,False
2010-08-31,87014.66079053632,CASH,0.0,87014.66079053632,,False
2010-09-01,87014.66079053632,IEF,1255.5310137300771,0.0,69.30506681155018,False
2010-09-02,86651.79658443127,IEF,1255.5310137300771,0.0,69.30506681155018,False
2010-09-03,86156.07185056045,IEF,1255.5310137300771,0.0,69.30506681155018,False
2010-09-07,86837.7066437534,IEF,1255.5310137300771,0.0,69.30506681155018,False
2010-09-08,86598.66976344638,IEF,1255.5310137300771,0.0,69.30506681155018,False
2010-09-09,85917.05429261058,IEF,1255.5310137300771,0.0,69.30506681155018,False
2010-09-10,85669.21607862158,IEF,1255.5310137300771,0.0,69.30506681155018,False
2010-09-13,86076.42509438668,IEF,1255.5310137300771,0.0,69.30506681155018,False
2010-09-14,86510.10573944775,IEF,1255.5310137300771,0.0,69.30506681155018,False
2010-09-15,86209.19867154532,IEF,1255.5310137300771,0.0,69.30506681155018,False
2010-09-16,85908.20465303572,IEF,1255.5310137300771,0.0,69.30506681155018,False
2010-09-17,86102.95469075411,IEF,1255.5310137300771,0.0,69.30506681155018,False
2010-09-20,86368.47286153567,IEF,1255.5310137300771,0.0,69.30506681155018,False
2010-09-21,87174.06057584814,IEF,1255.5310137300771,0.0,69.30506681155018,False
2010-09-22,87306.80516947103,IEF,1255.5310137300771,0.0,69.30506681155018,False
2010-09-23,87430.72910705484,IEF,1255.5310137300771,0.0,69.30506681155018,False
2010-09-24,86997.04846199375,IEF,1255.5310137300771,0.0,69.30506681155018,False
2010-09-27,87669.67903675466,IEF,1255.5310137300771,0.0,69.30506681155018,False
2010-09-28,87961.89104393942,IEF,1255.5310137300771,0.0,69.30506681155018,False
2010-09-29,87749.46104942844,IEF,1255.5310137300771,0.0,69.30506681155018,False
2010-09-30,87643.23639099443,IEF,1255.5310137300771,0.0,69.30506681155018,False
2010-10-01,87690.23802476264,TECL,117159.14380323165,0.0,0.7484711408615112,False
2010-10-04,84739.35583313442,TECL,117159.14380323165,0.0,0.7484711408615112,False
2010-10-05,90301.60259841604,TECL,117159.14380323165,0.0,0.7484711408615112,False
2010-10-06,88316.947924702,TECL,117159.14380323165,0.0,0.7484711408615112,False
2010-10-07,89048.15486562073,TECL,117159.14380323165,0.0,0.7484711408615112,False
2010-10-08,90797.76801265184,TECL,117159.14380323165,0.0,0.7484711408615112,False
2010-10-11,91006.68527908991,TECL,117159.14380323165,0.0,0.7484711408615112,False
2010-10-12,93435.27779623751,TECL,117159.14380323165,0.0,0.7484711408615112,False
2010-10-13,95785.53244879634,TECL,117159.14380323165,0.0,0.7484711408615112,False
2010-10-14,95681.07032396272,TECL,117159.14380323165,0.0,0.7484711408615112,False
2010-10-15,101452.19943953668,TECL,117159.14380323165,0.0,0.7484711408615112,False
2010-10-18,102705.68208847773,TECL,117159.14380323165,0.0,0.7484711408615112,False
2010-10-19,97274.00075858712,TECL,117159.14380323165,0.0,0.7484711408615112,False
2010-10-20,99154.18632423838,TECL,117159.14380323165,0.0,0.7484711408615112,False
2010-10-21,99180.32455094153,TECL,117159.14380323165,0.0,0.7484711408615112,False
2010-10-22,101112.72372093673,TECL,117159.14380323165,0.0,0.7484711408615112,False
2010-10-25,102131.15785996572,TECL,117159.14380323165,0.0,0.7484711408615112,False
2010-10-26,102705.68208847773,TECL,117159.14380323165,0.0,0.7484711408615112,False
2010-10-27,104376.95737092006,TECL,117159.14380323165,0.0,0.7484711408615112,False
2010-10-28,104873.10183546842,TECL,117159.14380323165,0.0,0.7484711408615112,False
2010-10-29,105082.04703482309,TECL,117159.14380323165,0.0,0.7484711408615112,False
2010-11-01,106178.80507198256,TQQQ,327506.60751516744,0.0,0.3242035508155823,False
2010-11-02,109397.13048433296,TQQQ,327506.60751516744,0.0,0.3242035508155823,False
2010-11-03,110977.96346261073,TQQQ,327506.60751516744,0.0,0.3242035508155823,False
2010-11-04,114910.12969477383,TQQQ,327506.60751516744,0.0,0.3242035508155823,False
2010-11-05,115047.7619059992,TQQQ,327506.60751516744,0.0,0.3242035508155823,False
2010-11-08,115339.77527352211,TQQQ,327506.60751516744,0.0,0.3242035508155823,False
2010-11-09,113475.00082607497,TQQQ,327506.60751516744,0.0,0.3242035508155823,False
2010-11-10,115209.96118875526,TQQQ,327506.60751516744,0.0,0.3242035508155823,False
2010-11-11,113272.33468651866,TQQQ,327506.60751516744,0.0,0.3242035508155823,False
2010-11-12,107508.38435326269,TQQQ,327506.60751516744,0.0,0.3242035508155823,False
2010-11-15,106357.1286305307,TQQQ,327506.60751516744,0.0,0.3242035508155823,False
2010-11-16,101079.46381090289,TQQQ,327506.60751516744,0.0,0.3242035508155823,False
2010-11-17,102035.81295779208,TQQQ,327506.60751516744,0.0,0.3242035508155823,False
2010-11-18,106778.65350863794,TQQQ,327506.60751516744,0.0,0.3242035508155823,False
2010-11-19,107029.88768472057,TQQQ,327506.60751516744,0.0,0.3242035508155823,False
2010-11-22,109851.33337415443,TQQQ,327506.60751516744,0.0,0.3242035508155823,False
2010-11-23,104662.68392693817,TQQQ,327506.60751516744,0.0,0.3242035508155823,False
2010-11-24,110775.29732305442,TQQQ,327506.60751516744,0.0,0.3242035508155823,False
2010-11-26,110078.2640110589,TQQQ,327506.60751516744,0.0,0.3242035508155823,False
2010-11-29,108545.99906930744,TQQQ,327506.60751516744,0.0,0.3242035508155823,False
2010-11-30,104419.55093058161,TQQQ,327506.60751516744,0.0,0.3242035508155823,False
2010-12-01,111059.20951085127,TECL,121616.9976698804,0.0,0.9131882190704346,False
2010-12-02,115477.719896764,TECL,121616.9976698804,0.0,0.9131882190704346,False
2010-12-03,116562.05227923133,TECL,121616.9976698804,0.0,0.9131882190704346,False
2010-12-06,116724.64595733237,TECL,121616.9976698804,0.0,0.9131882190704346,False
2010-12-07,117077.0675733929,TECL,121616.9976698804,0.0,0.9131882190704346,False
2010-12-08,119625.1852439841,TECL,121616.9976698804,0.0,0.9131882190704346,False
2010-12-09,119570.9486902814,TECL,121616.9976698804,0.0,0.9131882190704346,False
2010-12-10,121360.0300686765,TECL,121616.9976698804,0.0,0.9131882190704346,False
2010-12-13,119787.81516677486,TECL,121616.9976698804,0.0,0.9131882190704346,False
2010-12-14,119679.33481043148,TECL,121616.9976698804,0.0,0.9131882190704346,False
2010-12-15,118540.86011045471,TECL,121616.9976698804,0.0,0.9131882190704346,False
2010-12-16,120275.7049351471,TECL,121616.9976698804,0.0,0.9131882190704346,False
2010-12-17,121387.11934977608,TECL,121616.9976698804,0.0,0.9131882190704346,False
2010-12-20,121441.31240985113,TECL,121616.9976698804,0.0,0.9131882190704346,False
2010-12-21,124206.30380587376,TECL,121616.9976698804,0.0,0.9131882190704346,False
2010-12-22,123826.79290871364,TECL,121616.9976698804,0.0,0.9131882190704346,False
2010-12-23,123203.35524971227,TECL,121616.9976698804,0.0,0.9131882190704346,False
2010-12-27,124016.54110835576,TECL,121616.9976698804,0.0,0.9131882190704346,False
2010-12-28,123881.02946241637,TECL,121616.9976698804,0.0,0.9131882190704346,False
2010-12-29,124206.30380587376,TECL,121616.9976698804,0.0,0.9131882190704346,False
2010-12-30,123664.18473273673,TECL,121616.9976698804,0.0,0.9131882190704346,False
2010-12-31,123338.89589140344,TECL,121616.9976698804,0.0,0.9131882190704346,False
2011-01-03,126727.32494642744,TQQQ,331228.49630696117,0.0,0.3825978934764862,False
2011-01-04,126530.51927464995,TQQQ,331228.49630696117,0.0,0.3825978934764862,False
2011-01-05,129670.87128074693,TQQQ,331228.49630696117,0.0,0.3825978934764862,False
2011-01-06,130843.3639966377,TQQQ,331228.49630696117,0.0,0.3825978934764862,False
2011-01-07,130539.81910988655,TQQQ,331228.49630696117,0.0,0.3825978934764862,False
2011-01-10,132007.6733398092,TQQQ,331228.49630696117,0.0,0.3825978934764862,False
2011-01-11,132614.38800093113,TQQQ,331228.49630696117,0.0,0.3825978934764862,False
2011-01-12,135303.84505443845,TQQQ,331228.49630696117,0.0,0.3825978934764862,False
2011-01-13,135730.14053197822,TQQQ,331228.49630696117,0.0,0.3825978934764862,False
2011-01-14,138673.68686629774,TQQQ,331228.49630696117,0.0,0.3825978934764862,False
2011-01-18,139780.40658770318,TQQQ,331228.49630696117,0.0,0.3825978934764862,False
2011-01-19,135098.87575269857,TQQQ,331228.49630696117,0.0,0.3825978934764862,False
2011-01-20,132064.94707746548,TQQQ,331228.49630696117,0.0,0.3825978934764862,False
2011-01-21,129047.77013142966,TQQQ,331228.49630696117,0.0,0.3825978934764862,False
2011-01-24,134377.23850388377,TQQQ,331228.49630696117,0.0,0.3825978934764862,False
2011-01-25,134844.48045915505,TQQQ,331228.49630696117,0.0,0.3825978934764862,False
2011-01-26,136935.40622425967,TQQQ,331228.49630696117,0.0,0.3825978934764862,False
2011-01-27,139575.43728596333,TQQQ,331228.49630696117,0.0,0.3825978934764862,False
2011-01-28,129047.77013142966,TQQQ,331228.49630696117,0.0,0.3825978934764862,False
2011-01-31,130958.2569701953,TQQQ,331228.49630696117,0.0,0.3825978934764862,False
2011-02-01,138230.67914507436,TQQQ,331228.49630696117,0.0,0.39537134766578674,False
2011-02-02,137607.58786713553,TQQQ,331228.49630696117,0.0,0.39537134766578674,False
2011-02-03,138140.64230240585,TQQQ,331228.49630696117,0.0,0.39537134766578674,False
2011-02-04,140633.3035555141,TQQQ,331228.49630696117,0.0,0.39537134766578674,False
2011-02-07,142674.79345743664,TQQQ,331228.49630696117,0.0,0.39537134766578674,False
2011-02-08,145716.86601987528,TQQQ,331228.49630696117,0.0,0.39537134766578674,False
2011-02-09,144831.22568980895,TQQQ,331228.49630696117,0.0,0.39537134766578674,False
2011-02-10,145536.48632180685,TQQQ,331228.49630696117,0.0,0.39537134766578674,False
2011-02-11,148520.93964834412,TQQQ,331228.49630696117,0.0,0.39537134766578674,False
2011-02-14,149455.75918575336,TQQQ,331228.49630696117,0.0,0.39537134766578674,False
2011-02-15,149070.3509576745,TQQQ,331228.49630696117,0.0,0.39537134766578674,False
2011-02-16,151825.27499293574,TQQQ,331228.49630696117,0.0,0.39537134766578674,False
2011-02-17,151693.9955311828,TQQQ,331228.49630696117,0.0,0.39537134766578674,False
2011-02-18,150833.2014606271,TQQQ,331228.49630696117,0.0,0.39537134766578674,False
2011-02-22,137550.28451534398,TQQQ,331228.49630696117,0.0,0.39537134766578674,False
2011-02-23,134155.89258532698,TQQQ,331228.49630696117,0.0,0.39537134766578674,False
2011-02-24,136066.10302549656,TQQQ,331228.49630696117,0.0,0.39537134766578674,False
2011-02-25,141895.86272820868,TQQQ,331228.49630696117,0.0,0.39537134766578674,False
2011-02-28,142928.89260962725,TQQQ,331228.49630696117,0.0,0.39537134766578674,False
2011-03-01,136057.91965277732,TECL,121452.65980177077,0.0,1.1202547550201416,False
2011-03-02,137709.2404814167,TECL,121452.65980177077,0.0,1.1202547550201416,False
2011-03-03,144855.92479607192,TECL,121452.65980177077,0.0,1.1202547550201416,False
2011-03-04,142094.69861717612,TECL,121452.65980177077,0.0,1.1202547550201416,False
2011-03-07,136220.35153543486,TECL,121452.65980177077,0.0,1.1202547550201416,False
2011-03-08,138277.71587500485,TECL,121452.65980177077,0.0,1.1202547550201416,False
2011-03-09,135381.16116351256,TECL,121452.65980177077,0.0,1.1202547550201416,False
2011-03-10,127151.61693552083,TECL,121452.65980177077,0.0,1.1202547550201416,False
2011-03-11,129344.3242859726,TECL,121452.65980177077,0.0,1.1202547550201416,False
2011-03-14,127990.77835087254,TECL,121452.65980177077,0.0,1.1202547550201416,False
2011-03-15,116729.36263264639,CASH,0.0,116729.36263264639,,False
2011-03-16,116729.36263264639,CASH,0.0,116729.36263264639,,False
2011-03-17,116729.36263264639,CASH,0.0,116729.36263264639,,False
2011-03-18,116729.36263264639,CASH,0.0,116729.36263264639,,False
2011-03-21,116729.36263264639,CASH,0.0,116729.36263264639,,False
2011-03-22,116729.36263264639,CASH,0.0,116729.36263264639,,False
2011-03-23,116729.36263264639,CASH,0.0,116729.36263264639,,False
2011-03-24,116729.36263264639,CASH,0.0,116729.36263264639,,False
2011-03-25,116729.36263264639,CASH,0.0,116729.36263264639,,False
2011-03-28,116729.36263264639,CASH,0.0,116729.36263264639,,False
2011-03-29,116729.36263264639,CASH,0.0,116729.36263264639,,False
2011-03-30,116729.36263264639,CASH,0.0,116729.36263264639,,False
2011-03-31,116729.36263264639,CASH,0.0,116729.36263264639,,False
2011-04-01,116729.36263264639,TECL,109248.62713187168,0.0,1.0684744119644165,False
2011-04-04,114520.81972704428,TECL,109248.62713187168,0.0,1.0684744119644165,False
2011-04-05,114322.29023657361,TECL,109248.62713187168,0.0,1.0684744119644165,False
2011-04-06,116754.15928377838,TECL,109248.62713187168,0.0,1.0684744119644165,False
2011-04-07,116903.04337818017,TECL,109248.62713187168,0.0,1.0684744119644165,False
2011-04-08,114917.83963763196,TECL,109248.62713187168,0.0,1.0684744119644165,False
2011-04-11,114123.78679300538,TECL,109248.62713187168,0.0,1.0684744119644165,False
2011-04-12,111046.74899557579,TECL,109248.62713187168,0.0,1.0684744119644165,False
2011-04-13,113205.646505109,TECL,109248.62713187168,0.0,1.0684744119644165,False
2011-04-14,112312.2898448934,TECL,109248.62713187168,0.0,1.0684744119644165,False
2011-04-15,110947.5102972429,TECL,109248.62713187168,0.0,1.0684744119644165,False
2011-04-18,105056.42636938175,CASH,0.0,105056.42636938175,,False
2011-04-19,105056.42636938175,CASH,0.0,105056.42636938175,,False
2011-04-20,105056.42636938175,CASH,0.0,105056.42636938175,,False
2011-04-21,105056.42636938175,CASH,0.0,105056.42636938175,,False
2011-04-25,105056.42636938175,CASH,0.0,105056.42636938175,,False
2011-04-26,105056.42636938175,CASH,0.0,105056.42636938175,,False
2011-04-27,105056.42636938175,CASH,0.0,105056.42636938175,,False
2011-04-28,105056.42636938175,CASH,0.0,105056.42636938175,,False
2011-04-29,105056.42636938175,CASH,0.0,105056.42636938175,,False
2011-05-02,105056.42636938175,TQQQ,230878.96249104931,0.0,0.45502814650535583,False
2011-05-03,103478.94349559445,TQQQ,230878.96249104931,0.0,0.45502814650535583,False
2011-05-04,102873.19849407276,TQQQ,230878.96249104931,0.0,0.45502814650535583,False
2011-05-05,101330.17431248311,TQQQ,230878.96249104931,0.0,0.45502814650535583,False
2011-05-06,102210.1920635437,TQQQ,230878.96249104931,0.0,0.45502814650535583,False
2011-05-09,103318.91837489938,TQQQ,230878.96249104931,0.0,0.45502814650535583,False
2011-05-10,105970.93033555707,TQQQ,230878.96249104931,0.0,0.45502814650535583,False
2011-05-11,103684.77363105783,TQQQ,230878.96249104931,0.0,0.45502814650535583,False
2011-05-12,105513.57514153031,TQQQ,230878.96249104931,0.0,0.45502814650535583,False
2011-05-13,101775.88731258047,TQQQ,230878.96249104931,0.0,0.45502814650535583,False
2011-05-16,96483.53998884084,TQQQ,230878.96249104931,0.0,0.45502814650535583,False
2011-05-17,94550.78373244357,CASH,0.0,94550.78373244357,,False
2011-05-18,94550.78373244357,CASH,0.0,94550.78373244357,,False
2011-05-19,94550.78373244357,CASH,0.0,94550.78373244357,,False
2011-05-20,94550.78373244357,CASH,0.0,94550.78373244357,,False
2011-05-23,94550.78373244357,CASH,0.0,94550.78373244357,,False
2011-05-24,94550.78373244357,CASH,0.0,94550.78373244357,,False
2011-05-25,94550.78373244357,CASH,0.0,94550.78373244357,,False
2011-05-26,94550.78373244357,CASH,0.0,94550.78373244357,,False
2011-05-27,94550.78373244357,CASH,0.0,94550.78373244357,,False
2011-05-31,94550.78373244357,CASH,0.0,94550.78373244357,,False
2011-06-01,94550.78373244357,TECL,91486.47083841481,0.0,1.0334947109222412,False
2011-06-02,94883.26518228362,TECL,91486.47083841481,0.0,1.0334947109222412,False
2011-06-03,90685.62416833903,TECL,91486.47083841481,0.0,1.0334947109222412,False
2011-06-06,88856.95438214432,TECL,91486.47083841481,0.0,1.0334947109222412,False
2011-06-07,87734.78859129465,TECL,91486.47083841481,0.0,1.0334947109222412,False
2011-06-08,85095.7053591992,CASH,0.0,85095.7053591992,,False
2011-06-09,85095.7053591992,CASH,0.0,85095.7053591992,,False
2011-06-10,85095.7053591992,CASH,0.0,85095.7053591992,,False
2011-06-13,85095.7053591992,CASH,0.0,85095.7053591992,,False
2011-06-14,85095.7053591992,CASH,0.0,85095.7053591992,,False
2011-06-15,85095.7053591992,CASH,0.0,85095.7053591992,,False
2011-06-16,85095.7053591992,CASH,0.0,85095.7053591992,,False
2011-06-17,85095.7053591992,CASH,0.0,85095.7053591992,,False
2011-06-20,85095.7053591992,CASH,0.0,85095.7053591992,,False
2011-06-21,85095.7053591992,CASH,0.0,85095.7053591992,,False
2011-06-22,85095.7053591992,CASH,0.0,85095.7053591992,,False
2011-06-23,85095.7053591992,CASH,0.0,85095.7053591992,,False
2011-06-24,85095.7053591992,CASH,0.0,85095.7053591992,,False
2011-06-27,85095.7053591992,CASH,0.0,85095.7053591992,,False
2011-06-28,85095.7053591992,CASH,0.0,85095.7053591992,,False
2011-06-29,85095.7053591992,CASH,0.0,85095.7053591992,,False
2011-06-30,85095.7053591992,CASH,0.0,85095.7053591992,,False
2011-07-01,85095.7053591992,TQQQ,199770.71828116532,0.0,0.42596685886383057,False
2011-07-05,86322.04029826993,TQQQ,199770.71828116532,0.0,0.42596685886383057,False
2011-07-06,87241.8763418197,TQQQ,199770.71828116532,0.0,0.42596685886383057,False
2011-07-07,90772.73695015388,TQQQ,199770.71828116532,0.0,0.42596685886383057,False
2011-07-08,90021.1505285505,TQQQ,199770.71828116532,0.0,0.42596685886383057,False
2011-07-11,85194.64875860214,TQQQ,199770.71828116532,0.0,0.42596685886383057,False
2011-07-12,83117.5934823219,TQQQ,199770.71828116532,0.0,0.42596685886383057,False
2011-07-13,84225.43925026817,TQQQ,199770.71828116532,0.0,0.42596685886383057,False
2011-07-14,81327.47942257838,TQQQ,199770.71828116532,0.0,0.42596685886383057,False
2011-07-15,84561.7301170637,TQQQ,199770.71828116532,0.0,0.42596685886383057,False
2011-07-18,83167.15746330928,TQQQ,199770.71828116532,0.0,0.42596685886383057,False
2011-07-19,89031.99040156322,TQQQ,199770.71828116532,0.0,0.42596685886383057,False
2011-07-20,87785.91322093643,TQQQ,199770.71828116532,0.0,0.42596685886383057,False
2011-07-21,89566.16806716462,TQQQ,199770.71828116532,0.0,0.42596685886383057,False
2011-07-22,92345.24578406087,TQQQ,199770.71828116532,0.0,0.42596685886383057,False
2011-07-25,91801.38156025328,TQQQ,199770.71828116532,0.0,0.42596685886383057,False
2011-07-26,92305.74939368606,TQQQ,199770.71828116532,0.0,0.42596685886383057,False
2011-07-27,85303.45137152041,TQQQ,199770.71828116532,0.0,0.42596685886383057,False
2011-07-28,85758.43978653764,TQQQ,199770.71828116532,0.0,0.42596685886383057,False
2011-07-29,84927.65220708736,TQQQ,199770.71828116532,0.0,0.42596685886383057,False
2011-08-01,83780.31600239762,TECL,82184.97707056734,0.0,1.019411563873291,False
2011-08-02,77993.33757687881,TECL,82184.97707056734,0.0,1.019411563873291,False
2011-08-03,75402.28440215786,CASH,0.0,75402.28440215786,,False
2011-08-04,75402.28440215786,CASH,0.0,75402.28440215786,,False
2011-08-05,75402.28440215786,CASH,0.0,75402.28440215786,,False
2011-08-08,75402.28440215786,CASH,0.0,75402.28440215786,,False
2011-08-09,75402.28440215786,CASH,0.0,75402.28440215786,,False
2011-08-10,75402.28440215786,CASH,0.0,75402.28440215786,,False
2011-08-11,75402.28440215786,CASH,0.0,75402.28440215786,,False
2011-08-12,75402.28440215786,CASH,0.0,75402.28440215786,,False
2011-08-15,75402.28440215786,CASH,0.0,75402.28440215786,,False
2011-08-16,75402.28440215786,CASH,0.0,75402.28440215786,,False
2011-08-17,75402.28440215786,CASH,0.0,75402.28440215786,,False
2011-08-18,75402.28440215786,CASH,0.0,75402.28440215786,,False
2011-08-19,75402.28440215786,CASH,0.0,75402.28440215786,,False
2011-08-22,75402.28440215786,CASH,0.0,75402.28440215786,,False
2011-08-23,75402.28440215786,CASH,0.0,75402.28440215786,,False
2011-08-24,75402.28440215786,CASH,0.0,75402.28440215786,,False
2011-08-25,75402.28440215786,CASH,0.0,75402.28440215786,,False
2011-08-26,75402.28440215786,CASH,0.0,75402.28440215786,,False
2011-08-29,75402.28440215786,CASH,0.0,75402.28440215786,,False
2011-08-30,75402.28440215786,CASH,0.0,75402.28440215786,,False
2011-08-31,75402.28440215786,CASH,0.0,75402.28440215786,,False
2011-09-01,75402.28440215786,GLD,423.9179539667721,0.0,177.8699951171875,False
2011-09-02,77678.72821352219,GLD,423.9179539667721,0.0,177.8699951171875,False
2011-09-06,77534.59119313276,GLD,423.9179539667721,0.0,177.8699951171875,False
2011-09-07,75067.39206465296,GLD,423.9179539667721,0.0,177.8699951171875,False
2011-09-08,77072.5221757429,GLD,423.9179539667721,0.0,177.8699951171875,False
2011-09-09,76601.97298810078,GLD,423.9179539667721,0.0,177.8699951171875,False
2011-09-12,74893.58415109267,GLD,423.9179539667721,0.0,177.8699951171875,False
2011-09-13,75686.30865509865,GLD,423.9179539667721,0.0,177.8699951171875,False
2011-09-14,75122.50346858051,GLD,423.9179539667721,0.0,177.8699951171875,False
2011-09-15,73931.28858441519,GLD,423.9179539667721,0.0,177.8699951171875,False
2011-09-16,74622.27691929291,GLD,423.9179539667721,0.0,177.8699951171875,False
2011-09-19,73469.21956702533,GLD,423.9179539667721,0.0,177.8699951171875,False
2011-09-20,74516.29743080122,GLD,423.9179539667721,0.0,177.8699951171875,False
2011-09-21,73587.91607665805,GLD,423.9179539667721,0.0,177.8699951171875,False
2011-09-22,71663.33141177775,GLD,423.9179539667721,0.0,177.8699951171875,False
2011-09-23,67862.05596194208,CASH,0.0,67862.05596194208,,False
2011-09-26,67862.05596194208,CASH,0.0,67862.05596194208,,False
2011-09-27,67862.05596194208,CASH,0.0,67862.05596194208,,False
2011-09-28,67862.05596194208,CASH,0.0,67862.05596194208,,False
2011-09-29,67862.05596194208,CASH,0.0,67862.05596194208,,False
2011-09-30,67862.05596194208,CASH,0.0,67862.05596194208,,False
2011-10-03,67862.05596194208,GLD,421.6081829729171,0.0,160.9600067138672,False
2011-10-04,66462.31370652144,GLD,421.6081829729171,0.0,160.9600067138672,False
2011-10-05,67229.6436874827,GLD,421.6081829729171,0.0,160.9600067138672,False
2011-10-06,67663.8996012864,GLD,421.6081829729171,0.0,160.9600067138672,False
2011-10-07,67111.58747767839,GLD,421.6081829729171,0.0,160.9600067138672,False
2011-10-10,68835.96983529266,GLD,421.6081829729171,0.0,160.9600067138672,False
2011-10-11,68342.689033202,GLD,421.6081829729171,0.0,160.9600067138672,False
2011-10-12,68831.74963619553,GLD,421.6081829729171,0.0,160.9600067138672,False
2011-10-13,68427.00938315052,GLD,421.6081829729171,0.0,160.9600067138672,False
2011-10-14,68890.77452448252,GLD,421.6081829729171,0.0,160.9600067138672,False
2011-10-17,68561.92065642208,GLD,421.6081829729171,0.0,160.9600067138672,False
2011-10-18,68233.06678836163,GLD,421.6081829729171,0.0,160.9600067138672,False
2011-10-19,67402.49815324656,GLD,421.6081829729171,0.0,160.9600067138672,False
2011-10-20,66517.12482894163,GLD,421.6081829729171,0.0,160.9600067138672,False
2011-10-21,67254.93914914424,GLD,421.6081829729171,0.0,160.9600067138672,False
2011-10-24,67887.35142360361,GLD,421.6081829729171,0.0,160.9600067138672,False
2011-10-25,69814.09747451007,GLD,421.6081829729171,0.0,160.9600067138672,False
2011-10-26,70577.2072563742,GLD,421.6081829729171,0.0,160.9600067138672,False
2011-10-27,71483.66870970416,GLD,421.6081829729171,0.0,160.9600067138672,False
2011-10-28,71513.1779372325,GLD,421.6081829729171,0.0,160.9600067138672,False
2011-10-31,70551.91179471267,GLD,421.6081829729171,0.0,160.9600067138672,False
2011-11-01,70568.77972464057,IEF,925.9104123037158,0.0,76.21555907235299,False
2011-11-02,70399.97224450731,IEF,925.9104123037158,0.0,76.21555907235299,False
2011-11-03,70069.28969795669,IEF,925.9104123037158,0.0,76.21555907235299,False
2011-11-04,70278.53032078,IEF,925.9104123037158,0.0,76.21555907235299,False
2011-11-07,70359.5604761658,IEF,925.9104123037158,0.0,76.21555907235299,False
2011-11-08,70042.23689746429,IEF,925.9104123037158,0.0,76.21555907235299,False
2011-11-09,70663.27571961826,IEF,925.9104123037158,0.0,76.21555907235299,False
2011-11-10,70319.00621216721,IEF,925.9104123037158,0.0,76.21555907235299,False
2011-11-11,69994.96396323544,IEF,925.9104123037158,0.0,76.21555907235299,False
2011-11-14,70433.75796479566,IEF,925.9104123037158,0.0,76.21555907235299,False
2011-11-15,70339.26909460078,IEF,925.9104123037158,0.0,76.21555907235299,False
2011-11-16,70595.82540035006,IEF,925.9104123037158,0.0,76.21555907235299,False
2011-11-17,70737.50170737958,IEF,925.9104123037158,0.0,76.21555907235299,False
2011-11-18,70474.26948009711,IEF,925.9104123037158,0.0,76.21555907235299,False
2011-11-21,70670.02288897996,IEF,925.9104123037158,0.0,76.21555907235299,False
2011-11-22,70886.05342986208,IEF,925.9104123037158,0.0,76.21555907235299,False
2011-11-23,71129.10114732232,IEF,925.9104123037158,0.0,76.21555907235299,False
2011-11-25,70676.78430790734,IEF,925.9104123037158,0.0,76.21555907235299,False
2011-11-28,70683.53860205186,IEF,925.9104123037158,0.0,76.21555907235299,False
2011-11-29,70548.55246612124,IEF,925.9104123037158,0.0,76.21555907235299,False
2011-11-30,70136.81838983625,IEF,925.9104123037158,0.0,76.21555907235299,False
2011-12-01,70116.46288522557,IEF,925.9104123037158,0.0,75.7490330142546,False
2011-12-02,70427.55227893079,IEF,925.9104123037158,0.0,75.7490330142546,False
2011-12-05,70386.9552662351,IEF,925.9104123037158,0.0,75.7490330142546,False
2011-12-06,70204.40407997865,IEF,925.9104123037158,0.0,75.7490330142546,False
2011-12-07,70522.26914217697,IEF,925.9104123037158,0.0,75.7490330142546,False
2011-12-08,70880.71696750529,IEF,925.9104123037158,0.0,75.7490330142546,False
2011-12-09,70393.85205603667,IEF,925.9104123037158,0.0,75.7490330142546,False
2011-12-12,70637.25601263957,IEF,925.9104123037158,0.0,75.7490330142546,False
2011-12-13,70961.93236724523,IEF,925.9104123037158,0.0,75.7490330142546,False
2011-12-14,71259.52029744427,IEF,925.9104123037158,0.0,75.7490330142546,False
2011-12-15,71198.610528835,IEF,925.9104123037158,0.0,75.7490330142546,False
2011-12-16,71543.59251457136,IEF,925.9104123037158,0.0,75.7490330142546,False
2011-12-19,71787.06059421992,IEF,925.9104123037158,0.0,75.7490330142546,False
2011-12-20,71137.7648832714,IEF,925.9104123037158,0.0,75.7490330142546,False
2011-12-21,70907.82676626048,IEF,925.9104123037158,0.0,75.7490330142546,False
2011-12-22,70995.71808753358,IEF,925.9104123037158,0.0,75.7490330142546,False
2011-12-23,70704.86307713053,IEF,925.9104123037158,0.0,75.7490330142546,False
2011-12-27,70744.87585763229,IEF,925.9104123037158,0.0,75.7490330142546,False
2011-12-28,71192.05572861036,IEF,925.9104123037158,0.0,75.7490330142546,False
2011-12-29,71280.15366858618,IEF,925.9104123037158,0.0,75.7490330142546,False
2011-12-30,71530.85340283041,IEF,925.9104123037158,0.0,75.7490330142546,False
2012-01-03,71076.862239445,GLD,455.8546887771926,0.0,155.9199981689453,False
2012-01-04,71436.9913388217,GLD,455.8546887771926,0.0,155.9199981689453,False
2012-01-05,71924.7522388022,GLD,455.8546887771926,0.0,155.9199981689453,False
2012-01-06,71660.35568461657,GLD,455.8546887771926,0.0,155.9199981689453,False
2012-01-09,71341.25879363065,GLD,455.8546887771926,0.0,155.9199981689453,False
2012-01-10,72316.78754938222,GLD,455.8546887771926,0.0,155.9199981689453,False
2012-01-11,72786.31732235948,GLD,455.8546887771926,0.0,155.9199981689453,False
2012-01-12,73109.97721193913,GLD,455.8546887771926,0.0,155.9199981689453,False
2012-01-13,72599.4152305711,GLD,455.8546887771926,0.0,155.9199981689453,False
2012-01-17,73164.67754873942,GLD,455.8546887771926,0.0,155.9199981689453,False
2012-01-18,73666.12048871054,GLD,455.8546887771926,0.0,155.9199981689453,False
2012-01-19,73492.89348112224,GLD,455.8546887771926,0.0,155.9199981689453,False
2012-01-20,73880.37274889907,GLD,455.8546887771926,0.0,155.9199981689453,False
2012-01-23,74377.25269027648,GLD,455.8546887771926,0.0,155.9199981689453,False
2012-01-24,73853.01562470838,GLD,455.8546887771926,0.0,155.9199981689453,False
2012-01-25,75863.33647160554,GLD,455.8546887771926,0.0,155.9199981689453,False
2012-01-26,76250.81573938236,GLD,455.8546887771926,0.0,155.9199981689453,False
2012-01-27,77025.76731914548,GLD,455.8546887771926,0.0,155.9199981689453,False
2012-01-30,76597.26279876844,GLD,455.8546887771926,0.0,155.9199981689453,False
2012-01-31,77180.75624393999,GLD,455.8546887771926,0.0,155.9199981689453,False
2012-02-01,77294.7199161343,TQQQ,176672.91139448568,0.0,0.43750181794166565,False
2012-02-02,78090.73818171998,TQQQ,176672.91139448568,0.0,0.43750181794166565,False
2012-02-03,81195.9060118073,TQQQ,176672.91139448568,0.0,0.43750181794166565,False
2012-02-06,81117.14294165459,TQQQ,176672.91139448568,0.0,0.43750181794166565,False
2012-02-07,81466.94595847825,TQQQ,176672.91139448568,0.0,0.43750181794166565,False
2012-02-08,82822.70907498067,TQQQ,176672.91139448568,0.0,0.43750181794166565,False
2012-02-09,84659.6171954021,TQQQ,176672.91139448568,0.0,0.43750181794166565,False
2012-02-10,82848.90902397993,TQQQ,176672.91139448568,0.0,0.43750181794166565,False
2012-02-13,85079.44821095768,TQQQ,176672.91139448568,0.0,0.43750181794166565,False
2012-02-14,85822.91915117909,TQQQ,176672.91139448568,0.0,0.43750181794166565,False
2012-02-15,83907.24796060496,TQQQ,176672.91139448568,0.0,0.43750181794166565,False
2012-02-16,87414.78719393244,TQQQ,176672.91139448568,0.0,0.43750181794166565,False
2012-02-17,86671.33731476328,TQQQ,176672.91139448568,0.0,0.43750181794166565,False
2012-02-21,87406.04685724861,TQQQ,176672.91139448568,0.0,0.43750181794166565,False
2012-02-22,86251.47997289238,TQQQ,176672.91139448568,0.0,0.43750181794166565,False
2012-02-23,87887.02863801266,TQQQ,176672.91139448568,0.0,0.43750181794166565,False
2012-02-24,88744.34509617256,TQQQ,176672.91139448568,0.0,0.43750181794166565,False
2012-02-27,89172.90591788584,TQQQ,176672.91139448568,0.0,0.43750181794166565,False
2012-02-28,91840.59357063191,TQQQ,176672.91139448568,0.0,0.43750181794166565,False
2012-02-29,90633.62678827718,TQQQ,176672.91139448568,0.0,0.43750181794166565,False
2012-03-01,92837.81333362685,TECL,70983.34078455456,0.0,1.3078817129135132,False
2012-03-02,92434.73198350628,TECL,70983.34078455456,0.0,1.3078817129135132,False
2012-03-05,89274.5691214368,TECL,70983.34078455456,0.0,1.3078817129135132,False
2012-03-06,86259.50200641292,TECL,70983.34078455456,0.0,1.3078817129135132,False
2012-03-07,88420.02142780865,TECL,70983.34078455456,0.0,1.3078817129135132,False
2012-03-08,91257.7276716553,TECL,70983.34078455456,0.0,1.3078817129135132,False
2012-03-09,92450.86031463528,TECL,70983.34078455456,0.0,1.3078817129135132,False
2012-03-12,92918.42114177735,TECL,70983.34078455456,0.0,1.3078817129135132,False
2012-03-13,98626.08182985501,TECL,70983.34078455456,0.0,1.3078817129135132,False
2012-03-14,100351.25477699855,TECL,70983.34078455456,0.0,1.3078817129135132,False
2012-03-15,101399.25782543841,TECL,70983.34078455456,0.0,1.3078817129135132,False
2012-03-16,101383.14641805667,TECL,70983.34078455456,0.0,1.3078817129135132,False
2012-03-19,103672.62479349539,TECL,70983.34078455456,0.0,1.3078817129135132,False
2012-03-20,103640.41044060551,TECL,70983.34078455456,0.0,1.3078817129135132,False
2012-03-21,103446.92123829928,TECL,70983.34078455456,0.0,1.3078817129135132,False
2012-03-22,102398.90126611217,TECL,70983.34078455456,0.0,1.3078817129135132,False
2012-03-23,102350.54165834605,TECL,70983.34078455456,0.0,1.3078817129135132,False
2012-03-26,107348.74193796756,TECL,70983.34078455456,0.0,1.3078817129135132,False
2012-03-27,107864.70468224387,TECL,70983.34078455456,0.0,1.3078817129135132,False
2012-03-28,106961.78891897597,TECL,70983.34078455456,0.0,1.3078817129135132,False
2012-03-29,106413.6118218098,TECL,70983.34078455456,0.0,1.3078817129135132,False
2012-03-30,105607.4321978214,TECL,70983.34078455456,0.0,1.3078817129135132,False
2012-04-02,108815.9885151515,TECL,70983.34078455456,0.0,1.4877777099609375,False
2012-04-03,108332.2570475123,TECL,70983.34078455456,0.0,1.4877777099609375,False
2012-04-04,103737.13811801138,TECL,70983.34078455456,0.0,1.4877777099609375,False
2012-04-05,104752.90142794051,TECL,70983.34078455456,0.0,1.4877777099609375,False
2012-04-09,102818.11940923537,TECL,70983.34078455456,0.0,1.4877777099609375,False
2012-04-10,98561.57696721265,TECL,70983.34078455456,0.0,1.4877777099609375,False
2012-04-11,99722.46140980825,TECL,70983.34078455456,0.0,1.4877777099609375,False
2012-04-12,103737.13811801138,TECL,70983.34078455456,0.0,1.4877777099609375,False
2012-04-13,98400.34442716441,TECL,70983.34078455456,0.0,1.4877777099609375,False
2012-04-16,95046.68897803925,CASH,0.0,95046.68897803925,,False
2012-04-17,95046.68897803925,CASH,0.0,95046.68897803925,,False
2012-04-18,95046.68897803925,CASH,0.0,95046.68897803925,,False
2012-04-19,95046.68897803925,CASH,0.0,95046.68897803925,,False
2012-04-20,95046.68897803925,CASH,0.0,95046.68897803925,,False
2012-04-23,95046.68897803925,CASH,0.0,95046.68897803925,,False
2012-04-24,95046.68897803925,CASH,0.0,95046.68897803925,,False
2012-04-25,95046.68897803925,CASH,0.0,95046.68897803925,,False
2012-04-26,95046.68897803925,CASH,0.0,95046.68897803925,,False
2012-04-27,95046.68897803925,CASH,0.0,95046.68897803925,,False
2012-04-30,95046.68897803925,CASH,0.0,95046.68897803925,,False
2012-05-01,95046.68897803925,TECL,69325.17099453551,0.0,1.3710271120071411,False
2012-05-02,95676.55357923644,TECL,69325.17099453551,0.0,1.3710271120071411,False
2012-05-03,92936.64752255131,TECL,69325.17099453551,0.0,1.3710271120071411,False
2012-05-04,86480.51883187139,TECL,69325.17099453551,0.0,1.3710271120071411,False
2012-05-07,84527.93095534008,CASH,0.0,84527.93095534008,,False
2012-05-08,84527.93095534008,CASH,0.0,84527.93095534008,,False
2012-05-09,84527.93095534008,CASH,0.0,84527.93095534008,,False
2012-05-10,84527.93095534008,CASH,0.0,84527.93095534008,,False
2012-05-11,84527.93095534008,CASH,0.0,84527.93095534008,,False
2012-05-14,84527.93095534008,CASH,0.0,84527.93095534008,,False
2012-05-15,84527.93095534008,CASH,0.0,84527.93095534008,,False
2012-05-16,84527.93095534008,CASH,0.0,84527.93095534008,,False
2012-05-17,84527.93095534008,CASH,0.0,84527.93095534008,,False
2012-05-18,84527.93095534008,CASH,0.0,84527.93095534008,,False
2012-05-21,84527.93095534008,CASH,0.0,84527.93095534008,,False
2012-05-22,84527.93095534008,CASH,0.0,84527.93095534008,,False
2012-05-23,84527.93095534008,CASH,0.0,84527.93095534008,,False
2012-05-24,84527.93095534008,CASH,0.0,84527.93095534008,,False
2012-05-25,84527.93095534008,CASH,0.0,84527.93095534008,,False
2012-05-29,84527.93095534008,CASH,0.0,84527.93095534008,,False
2012-05-30,84527.93095534008,CASH,0.0,84527.93095534008,,False
2012-05-31,84527.93095534008,CASH,0.0,84527.93095534008,,False
2012-06-01,84527.93095534008,TECL,87499.97644099695,0.0,0.9660337567329407,False
2012-06-04,85064.52311557146,TECL,87499.97644099695,0.0,0.9660337567329407,False
2012-06-05,87032.15461127518,TECL,87499.97644099695,0.0,0.9660337567329407,False
2012-06-06,93690.23452895357,TECL,87499.97644099695,0.0,0.9660337567329407,False
2012-06-07,92239.3505774044,TECL,87499.97644099695,0.0,0.9660337567329407,False
2012-06-08,95001.98190554936,TECL,87499.97644099695,0.0,0.9660337567329407,False
2012-06-11,89834.49603319383,TECL,87499.97644099695,0.0,0.9660337567329407,False
2012-06-12,92915.11060501923,TECL,87499.97644099695,0.0,0.9660337567329407,False
2012-06-13,91066.75020657202,TECL,87499.97644099695,0.0,0.9660337567329407,False
2012-06-14,91364.86275715058,TECL,87499.97644099695,0.0,0.9660337567329407,False
2012-06-15,95061.573123235,TECL,87499.97644099695,0.0,0.9660337567329407,False
2012-06-18,96909.94395249223,TECL,87499.97644099695,0.0,0.9660337567329407,False
2012-06-19,99533.44913649384,TECL,87499.97644099695,0.0,0.9660337567329407,False
2012-06-20,100268.81081260434,TECL,87499.97644099695,0.0,0.9660337567329407,False
2012-06-21,92279.12325603828,TECL,87499.97644099695,0.0,0.9660337567329407,False
2012-06-22,95260.35306992412,TECL,87499.97644099695,0.0,0.9660337567329407,False
2012-06-25,88800.99051407471,TECL,87499.97644099695,0.0,0.9660337567329407,False
2012-06-26,89576.15616124915,TECL,87499.97644099695,0.0,0.9660337567329407,False
2012-06-27,91503.98890129392,TECL,87499.97644099695,0.0,0.9660337567329407,False
2012-06-28,88622.12298372758,TECL,87499.97644099695,0.0,0.9660337567329407,False
2012-06-29,96114.94933545601,TECL,87499.97644099695,0.0,0.9660337567329407,False
2012-07-02,97406.81558813989,TECL,87499.97644099695,0.0,1.098456859588623,False
2012-07-03,99553.33026040577,TECL,87499.97644099695,0.0,1.098456859588623,False
2012-07-05,99871.3030732762,TECL,87499.97644099695,0.0,1.098456859588623,False
2012-07-06,95260.35306992412,TECL,87499.97644099695,0.0,1.098456859588623,False
2012-07-09,94703.83806254072,TECL,87499.97644099695,0.0,1.098456859588623,False
2012-07-10,91722.60824865487,TECL,87499.97644099695,0.0,1.098456859588623,False
2012-07-11,90331.3780996515,TECL,87499.97644099695,0.0,1.098456859588623,False
2012-07-12,86503.45440191042,CASH,0.0,86503.45440191042,,False
2012-07-13,86503.45440191042,CASH,0.0,86503.45440191042,,False
2012-07-16,86503.45440191042,CASH,0.0,86503.45440191042,,False
2012-07-17,86503.45440191042,CASH,0.0,86503.45440191042,,False
2012-07-18,86503.45440191042,CASH,0.0,86503.45440191042,,False
2012-07-19,86503.45440191042,CASH,0.0,86503.45440191042,,False
2012-07-20,86503.45440191042,CASH,0.0,86503.45440191042,,False
2012-07-23,86503.45440191042,CASH,0.0,86503.45440191042,,False
2012-07-24,86503.45440191042,CASH,0.0,86503.45440191042,,False
2012-07-25,86503.45440191042,CASH,0.0,86503.45440191042,,False
2012-07-26,86503.45440191042,CASH,0.0,86503.45440191042,,False
2012-07-27,86503.45440191042,CASH,0.0,86503.45440191042,,False
2012-07-30,86503.45440191042,CASH,0.0,86503.45440191042,,False
2012-07-31,86503.45440191042,CASH,0.0,86503.45440191042,,False
2012-08-01,86503.45440191042,TQQQ,172517.9787659431,0.0,0.5014170408248901,False
2012-08-02,85598.07315537974,TQQQ,172517.9787659431,0.0,0.5014170408248901,False
2012-08-03,90466.54557521627,TQQQ,172517.9787659431,0.0,0.5014170408248901,False
2012-08-06,92499.35642442157,TQQQ,172517.9787659431,0.0,0.5014170408248901,False
2012-08-07,94788.28278749538,TQQQ,172517.9787659431,0.0,0.5014170408248901,False
2012-08-08,94634.4612926562,TQQQ,172517.9787659431,0.0,0.5014170408248901,False
2012-08-09,95437.32743839142,TQQQ,172517.9787659431,0.0,0.5014170408248901,False
2012-08-10,95830.26685829178,TQQQ,172517.9787659431,0.0,0.5014170408248901,False
2012-08-13,96411.08464788306,TQQQ,172517.9787659431,0.0,0.5014170408248901,False
2012-08-14,96547.69261358521,TQQQ,172517.9787659431,0.0,0.5014170408248901,False
2012-08-15,97231.05121115406,TQQQ,172517.9787659431,0.0,0.5014170408248901,False
2012-08-16,100715.76257411778,TQQQ,172517.9787659431,0.0,0.5014170408248901,False
2012-08-17,102099.34368071586,TQQQ,172517.9787659431,0.0,0.5014170408248901,False
2012-08-20,102492.25225199769,TQQQ,172517.9787659431,0.0,0.5014170408248901,False
2012-08-21,101313.66021549914,TQQQ,172517.9787659431,0.0,0.5014170408248901,False
2012-08-22,102406.82214442875,TQQQ,172517.9787659431,0.0,0.5014170408248901,False
2012-08-23,100134.93450165364,TQQQ,172517.9787659431,0.0,0.5014170408248901,False
2012-08-24,101911.39333091505,TQQQ,172517.9787659431,0.0,0.5014170408248901,False
2012-08-27,102406.82214442875,TQQQ,172517.9787659431,0.0,0.5014170408248901,False
2012-08-28,102389.78342413003,TQQQ,172517.9787659431,0.0,0.5014170408248901,False
2012-08-29,102423.86086472747,TQQQ,172517.9787659431,0.0,0.5014170408248901,False
2012-08-30,99297.96006670246,TQQQ,172517.9787659431,0.0,0.5014170408248901,False
2012-08-31,101416.19074060385,TQQQ,172517.9787659431,0.0,0.5014170408248901,False
2012-09-04,100988.97850552207,TECL,78097.30771877442,0.0,1.2931172847747803,False
2012-09-05,100758.36236402376,TECL,78097.30771877442,0.0,1.2931172847747803,False
2012-09-06,107357.37654738805,TECL,78097.30771877442,0.0,1.2931172847747803,False
2012-09-07,106931.60576707471,TECL,78097.30771877442,0.0,1.2931172847747803,False
2012-09-10,103649.85735650791,TECL,78097.30771877442,0.0,1.2931172847747803,False
2012-09-11,104430.38281252238,TECL,78097.30771877442,0.0,1.2931172847747803,False
2012-09-12,105796.29770558541,TECL,78097.30771877442,0.0,1.2931172847747803,False
2012-09-13,110231.07096409629,TECL,78097.30771877442,0.0,1.2931172847747803,False
2012-09-14,111863.10074103916,TECL,78097.30771877442,0.0,1.2931172847747803,False
2012-09-17,112093.68895276375,TECL,78097.30771877442,0.0,1.2931172847747803,False
2012-09-18,112217.87403658943,TECL,78097.30771877442,0.0,1.2931172847747803,False
2012-09-19,112625.862860976,TECL,78097.30771877442,0.0,1.2931172847747803,False
2012-09-20,112075.97216630897,TECL,78097.30771877442,0.0,1.2931172847747803,False
2012-09-21,112430.73615193467,TECL,78097.30771877442,0.0,1.2931172847747803,False
2012-09-24,110160.12933888064,TECL,78097.30771877442,0.0,1.2931172847747803,False
2012-09-25,105689.8945776865,TECL,78097.30771877442,0.0,1.2931172847747803,False
2012-09-26,103366.04430602244,TECL,78097.30771877442,0.0,1.2931172847747803,False
2012-09-27,107587.9461392635,TECL,78097.30771877442,0.0,1.2931172847747803,False
2012-09-28,105015.78155949552,TECL,78097.30771877442,0.0,1.2931172847747803,False
2012-10-01,104412.6660260676,TQQQ,174644.48334061264,0.0,0.5978583693504333,False
2012-10-02,105087.14709930237,TQQQ,174644.48334061264,0.0,0.5978583693504333,False
2012-10-03,107075.77013210714,TQQQ,174644.48334061264,0.0,0.5978583693504333,False
2012-10-04,108320.83383748714,TQQQ,174644.48334061264,0.0,0.5978583693504333,False
2012-10-05,106453.24348422833,TQQQ,174644.48334061264,0.0,0.5978583693504333,False
2012-10-08,103634.55716192545,TQQQ,174644.48334061264,0.0,0.5978583693504333,False
2012-10-09,98308.51550380464,TQQQ,174644.48334061264,0.0,0.5978583693504333,False
2012-10-10,97115.25007944473,TQQQ,174644.48334061264,0.0,0.5978583693504333,False
2012-10-11,96250.6684820964,TQQQ,174644.48334061264,0.0,0.5978583693504333,False
2012-10-12,96233.3989185489,TQQQ,174644.48334061264,0.0,0.5978583693504333,False
2012-10-15,98152.77714320541,TQQQ,174644.48334061264,0.0,0.5978583693504333,False
2012-10-16,102424.04299326283,TQQQ,174644.48334061264,0.0,0.5978583693504333,False
2012-10-17,102112.78487413462,TQQQ,174644.48334061264,0.0,0.5978583693504333,False
2012-10-18,98619.80485180001,TQQQ,174644.48334061264,0.0,0.5978583693504333,False
2012-10-19,93971.39942346084,CASH,0.0,93971.39942346084,,False
2012-10-22,93971.39942346084,CASH,0.0,93971.39942346084,,False
2012-10-23,93971.39942346084,CASH,0.0,93971.39942346084,,False
2012-10-24,93971.39942346084,CASH,0.0,93971.39942346084,,False
2012-10-25,93971.39942346084,CASH,0.0,93971.39942346084,,False
2012-10-26,93971.39942346084,CASH,0.0,93971.39942346084,,False
2012-10-31,93971.39942346084,CASH,0.0,93971.39942346084,,False
2012-11-01,93971.39942346084,GLD,565.8541294575866,0.0,166.07000732421875,False
2012-11-02,92007.8849035031,GLD,565.8541294575866,0.0,166.07000732421875,False
2012-11-05,92364.3671337722,GLD,565.8541294575866,0.0,166.07000732421875,False
2012-11-06,94101.54345564642,GLD,565.8541294575866,0.0,166.07000732421875,False
2012-11-07,94209.05712172316,GLD,565.8541294575866,0.0,166.07000732421875,False
2012-11-08,95057.83831590954,GLD,565.8541294575866,0.0,166.07000732421875,False
2012-11-09,94961.6441500116,GLD,565.8541294575866,0.0,166.07000732421875,False
2012-11-12,94752.27225082312,GLD,565.8541294575866,0.0,166.07000732421875,False
2012-11-13,94554.22848606225,GLD,565.8541294575866,0.0,166.07000732421875,False
2012-11-14,94576.85885217108,GLD,565.8541294575866,0.0,166.07000732421875,False
2012-11-15,93982.71028939084,GLD,565.8541294575866,0.0,166.07000732421875,False
2012-11-16,93863.88575738408,GLD,565.8541294575866,0.0,166.07000732421875,False
2012-11-19,94989.92994908545,GLD,565.8541294575866,0.0,166.07000732421875,False
2012-11-20,94718.32238453547,GLD,565.8541294575866,0.0,166.07000732421875,False
2012-11-21,94814.5165504334,GLD,565.8541294575866,0.0,166.07000732421875,False
2012-11-23,95974.51924267122,GLD,565.8541294575866,0.0,166.07000732421875,False
2012-11-26,95872.66100955948,GLD,565.8541294575866,0.0,166.07000732421875,False
2012-11-27,95465.25397985891,GLD,565.8541294575866,0.0,166.07000732421875,False
2012-11-28,94243.0069880108,GLD,565.8541294575866,0.0,166.07000732421875,False
2012-11-29,94599.48921827991,GLD,565.8541294575866,0.0,166.07000732421875,False
2012-11-30,93960.07992328201,GLD,565.8541294575866,0.0,166.07000732421875,False
2012-12-03,94005.34928974848,TECL,84617.09344066928,0.0,1.1109498739242554,False
2012-12-04,93351.86377922512,TECL,84617.09344066928,0.0,1.1109498739242554,False
2012-12-05,90584.1634073449,TECL,84617.09344066928,0.0,1.1109498739242554,False
2012-12-06,92313.97740066299,TECL,84617.09344066928,0.0,1.1109498739242554,False
2012-12-07,90910.92633689377,TECL,84617.09344066928,0.0,1.1109498739242554,False
2012-12-10,91679.72807297131,TECL,84617.09344066928,0.0,1.1109498739242554,False
2012-12-11,95369.93807499792,TECL,84617.09344066928,0.0,1.1109498739242554,False
2012-12-12,94735.69883444984,TECL,84617.09344066928,0.0,1.1109498739242554,False
2012-12-13,92794.48857285504,TECL,84617.09344066928,0.0,1.1109498739242554,False
2012-12-14,90065.18995663305,TECL,84617.09344066928,0.0,1.1109498739242554,False
2012-12-17,93351.86377922512,TECL,84617.09344066928,0.0,1.1109498739242554,False
2012-12-18,97349.62070225608,TECL,84617.09344066928,0.0,1.1109498739242554,False
2012-12-19,96004.20757697677,TECL,84617.09344066928,0.0,1.1109498739242554,False
2012-12-20,96503.94484485693,TECL,84617.09344066928,0.0,1.1109498739242554,False
2012-12-21,94062.9771410948,TECL,84617.09344066928,0.0,1.1109498739242554,False
2012-12-24,93005.93527684972,TECL,84617.09344066928,0.0,1.1109498739242554,False
2012-12-26,91583.60768167443,TECL,84617.09344066928,0.0,1.1109498739242554,False
2012-12-27,91218.40264789297,TECL,84617.09344066928,0.0,1.1109498739242554,False
2012-12-28,88258.55227771134,TECL,84617.09344066928,0.0,1.1109498739242554,False
2012-12-31,93659.39052594229,TECL,84617.09344066928,0.0,1.1109498739242554,False
2013-01-02,102058.55151001828,TECL,84617.09344066928,0.0,1.1068613529205322,False
2013-01-03,100174.9791869134,TECL,84617.09344066928,0.0,1.1068613529205322,False
2013-01-04,98906.48053153006,TECL,84617.09344066928,0.0,1.1068613529205322,False
2013-01-07,98656.60181044639,TECL,84617.09344066928,0.0,1.1068613529205322,False
2013-01-08,97349.62070225608,TECL,84617.09344066928,0.0,1.1068613529205322,False
2013-01-09,97714.79547460677,TECL,84617.09344066928,0.0,1.1068613529205322,False
2013-01-10,99271.65530388075,TECL,84617.09344066928,0.0,1.1068613529205322,False
2013-01-11,99848.2566059389,TECL,84617.09344066928,0.0,1.1068613529205322,False
2013-01-14,97676.38363180494,TECL,84617.09344066928,0.0,1.1068613529205322,False
2013-01-15,95773.60538729916,TECL,84617.09344066928,0.0,1.1068613529205322,False
2013-01-16,97099.79241689037,TECL,84617.09344066928,0.0,1.1068613529205322,False
2013-01-17,98137.65862116532,TECL,84617.09344066928,0.0,1.1068613529205322,False
2013-01-18,97657.14744897326,TECL,84617.09344066928,0.0,1.1068613529205322,False
2013-01-22,98349.06497658562,TECL,84617.09344066928,0.0,1.1068613529205322,False
2013-01-23,101558.82432928172,TECL,84617.09344066928,0.0,1.1068613529205322,False
2013-01-24,96292.54857658023,TECL,84617.09344066928,0.0,1.1068613529205322,False
2013-01-25,96811.46150443051,TECL,84617.09344066928,0.0,1.1068613529205322,False
2013-01-28,97388.07289363227,TECL,84617.09344066928,0.0,1.1068613529205322,False
2013-01-29,97791.68977021555,TECL,84617.09344066928,0.0,1.1068613529205322,False
2013-01-30,97234.32465098907,TECL,84617.09344066928,0.0,1.1068613529205322,False
2013-01-31,97388.07289363227,TECL,84617.09344066928,0.0,1.1068613529205322,False
2013-02-01,100905.33881875835,TQQQ,177046.83317987702,0.0,0.5699358582496643,False
2013-02-04,95769.04172478226,TQQQ,177046.83317987702,0.0,0.5699358582496643,False
2013-02-05,99976.38519033804,TQQQ,177046.83317987702,0.0,0.5699358582496643,False
2013-02-06,99047.18884720492,TQQQ,177046.83317987702,0.0,0.5699358582496643,False
2013-02-07,99292.57342185256,TQQQ,177046.83317987702,0.0,0.5699358582496643,False
2013-02-08,102307.89216874629,TQQQ,177046.83317987702,0.0,0.5699358582496643,False
2013-02-11,102272.7090882029,TQQQ,177046.83317987702,0.0,0.5699358582496643,False
2013-02-12,101080.68436954085,TQQQ,177046.83317987702,0.0,0.5699358582496643,False
2013-02-13,102255.20197044002,TQQQ,177046.83317987702,0.0,0.5699358582496643,False
2013-02-14,102044.85273694535,TQQQ,177046.83317987702,0.0,0.5699358582496643,False
2013-02-15,101168.3782505593,TQQQ,177046.83317987702,0.0,0.5699358582496643,False
2013-02-19,103377.19821805051,TQQQ,177046.83317987702,0.0,0.5699358582496643,False
2013-02-20,98661.48351011415,TQQQ,177046.83317987702,0.0,0.5699358582496643,False
2013-02-21,95453.49149250625,TQQQ,177046.83317987702,0.0,0.5699358582496643,False
2013-02-22,98258.26050244691,TQQQ,177046.83317987702,0.0,0.5699358582496643,False
2013-02-25,94594.38693730629,TQQQ,177046.83317987702,0.0,0.5699358582496643,False
2013-02-26,95733.84809142527,TQQQ,177046.83317987702,0.0,0.5699358582496643,False
2013-02-27,98643.98694516487,TQQQ,177046.83317987702,0.0,0.5699358582496643,False
2013-02-28,98275.75706739619,TQQQ,177046.83317987702,0.0,0.5699358582496643,False
2013-03-01,99292.57342185256,SHY,1455.8048510451679,0.0,68.20459029970075,False
2013-03-04,99280.76581114304,SHY,1455.8048510451679,0.0,68.20459029970075,False
2013-03-05,99269.08142976726,SHY,1455.8048510451679,0.0,68.20459029970075,False
2013-03-06,99257.26261639102,SHY,1455.8048510451679,0.0,68.20459029970075,False
2013-03-07,99233.77062430572,SHY,1455.8048510451679,0.0,68.20459029970075,False
2013-03-08,99245.57823501523,SHY,1455.8048510451679,0.0,68.20459029970075,False
2013-03-11,99233.77062430572,SHY,1455.8048510451679,0.0,68.20459029970075,False
2013-03-12,99257.26261639102,SHY,1455.8048510451679,0.0,68.20459029970075,False
2013-03-13,99233.77062430572,SHY,1455.8048510451679,0.0,68.20459029970075,False
2013-03-14,99233.77062430572,SHY,1455.8048510451679,0.0,68.20459029970075,False
2013-03-15,99269.08142976726,SHY,1455.8048510451679,0.0,68.20459029970075,False
2013-03-18,99292.57342185256,SHY,1455.8048510451679,0.0,68.20459029970075,False
2013-03-19,99280.76581114304,SHY,1455.8048510451679,0.0,68.20459029970075,False
2013-03-20,99269.08142976726,SHY,1455.8048510451679,0.0,68.20459029970075,False
2013-03-21,99280.76581114304,SHY,1455.8048510451679,0.0,68.20459029970075,False
2013-03-22,99257.26261639102,SHY,1455.8048510451679,0.0,68.20459029970075,False
2013-03-25,99257.26261639102,SHY,1455.8048510451679,0.0,68.20459029970075,False
2013-03-26,99269.08142976726,SHY,1455.8048510451679,0.0,68.20459029970075,False
2013-03-27,99292.57342185256,SHY,1455.8048510451679,0.0,68.20459029970075,False
2013-03-28,99304.35862722866,SHY,1455.8048510451679,0.0,68.20459029970075,False
2013-04-01,99313.6904485959,SHY,1455.8048510451679,0.0,68.21268561918512,False
2013-04-02,99313.6904485959,SHY,1455.8048510451679,0.0,68.21268561918512,False
2013-04-03,99301.97245922001,SHY,1455.8048510451679,0.0,68.21268561918512,False
2013-04-04,99337.26085934813,SHY,1455.8048510451679,0.0,68.21268561918512,False
2013-04-05,99337.26085934813,SHY,1455.8048510451679,0.0,68.21268561918512,False
2013-04-08,99313.6904485959,SHY,1455.8048510451679,0.0,68.21268561918512,False
2013-04-09,99313.6904485959,SHY,1455.8048510451679,0.0,68.21268561918512,False
2013-04-10,99313.6904485959,SHY,1455.8048510451679,0.0,68.21268561918512,False
2013-04-11,99313.6904485959,SHY,1455.8048510451679,0.0,68.21268561918512,False
2013-04-12,99325.4868566387,SHY,1455.8048510451679,0.0,68.21268561918512,False
2013-04-15,99337.26085934813,SHY,1455.8048510451679,0.0,68.21268561918512,False
2013-04-16,99337.26085934813,SHY,1455.8048510451679,0.0,68.21268561918512,False
2013-04-17,99337.26085934813,SHY,1455.8048510451679,0.0,68.21268561918512,False
2013-04-18,99337.26085934813,SHY,1455.8048510451679,0.0,68.21268561918512,False
2013-04-19,99337.26085934813,SHY,1455.8048510451679,0.0,68.21268561918512,False
2013-04-22,99349.04606472427,SHY,1455.8048510451679,0.0,68.21268561918512,False
2013-04-23,99337.26085934813,SHY,1455.8048510451679,0.0,68.21268561918512,False
2013-04-24,99349.04606472427,SHY,1455.8048510451679,0.0,68.21268561918512,False
2013-04-25,99337.26085934813,SHY,1455.8048510451679,0.0,68.21268561918512,False
2013-04-26,99360.75285143341,SHY,1455.8048510451679,0.0,68.21268561918512,False
2013-04-29,99384.21123551863,SHY,1455.8048510451679,0.0,68.21268561918512,False
2013-04-30,99372.4260301425,SHY,1455.8048510451679,0.0,68.21268561918512,False
2013-05-01,99392.4451955485,TQQQ,155966.65090788616,0.0,0.6372672915458679,False
2013-05-02,102990.7318083966,TQQQ,155966.65090788616,0.0,0.6372672915458679,False
2013-05-03,106588.87897619233,TQQQ,155966.65090788616,0.0,0.6372672915458679,False
2013-05-06,107963.37956099345,TQQQ,155966.65090788616,0.0,0.6372672915458679,False
2013-05-07,107700.78593472106,TQQQ,155966.65090788616,0.0,0.6372672915458679,False
2013-05-08,109384.21308852623,TQQQ,155966.65090788616,0.0,0.6372672915458679,False
2013-05-09,108998.01536783966,TQQQ,155966.65090788616,0.0,0.6372672915458679,False
2013-05-10,110851.1936320542,TQQQ,155966.65090788616,0.0,0.6372672915458679,False
2013-05-13,111283.67781378834,TQQQ,155966.65090788616,0.0,0.6372672915458679,False
2013-05-14,112920.67906149359,TQQQ,155966.65090788616,0.0,0.6372672915458679,False
2013-05-15,113754.64414165323,TQQQ,155966.65090788616,0.0,0.6372672915458679,False
2013-05-16,113337.60117538404,TQQQ,155966.65090788616,0.0,0.6372672915458679,False
2013-05-17,116534.38829713299,TQQQ,155966.65090788616,0.0,0.6372672915458679,False
2013-05-20,116009.29400795646,TQQQ,155966.65090788616,0.0,0.6372672915458679,False
2013-05-21,116441.75030068011,TQQQ,155966.65090788616,0.0,0.6372672915458679,False
2013-05-22,113600.14831997232,TQQQ,155966.65090788616,0.0,0.6372672915458679,False
2013-05-23,112364.73952673445,TQQQ,155966.65090788616,0.0,0.6372672915458679,False
2013-05-24,112302.91888685372,TQQQ,155966.65090788616,0.0,0.6372672915458679,False
2013-05-28,114619.39868937452,TQQQ,155966.65090788616,0.0,0.6372672915458679,False
2013-05-29,112889.71296353228,TQQQ,155966.65090788616,0.0,0.6372672915458679,False
2013-05-30,114727.48719762916,TQQQ,155966.65090788616,0.0,0.6372672915458679,False
2013-05-31,111453.54977657643,TQQQ,155966.65090788616,0.0,0.6372672915458679,False
2013-06-03,112102.18308580937,TQQQ,155966.65090788616,0.0,0.7145985960960388,False
2013-06-04,110418.9046733934,TQQQ,155966.65090788616,0.0,0.7145985960960388,False
2013-06-05,106187.40737410364,TQQQ,155966.65090788616,0.0,0.7145985960960388,False
2013-06-06,107484.63680722224,TQQQ,155966.65090788616,0.0,0.7145985960960388,False
2013-06-07,111978.67195476343,TQQQ,155966.65090788616,0.0,0.7145985960960388,False
2013-06-10,112024.94911947416,TQQQ,155966.65090788616,0.0,0.7145985960960388,False
2013-06-11,108781.86624034084,TQQQ,155966.65090788616,0.0,0.7145985960960388,False
2013-06-12,105013.67977569417,TQQQ,155966.65090788616,0.0,0.7145985960960388,False
2013-06-13,108781.86624034084,TQQQ,155966.65090788616,0.0,0.7145985960960388,False
2013-06-14,106866.8487435719,TQQQ,155966.65090788616,0.0,0.7145985960960388,False
2013-06-17,109831.95255898882,TQQQ,155966.65090788616,0.0,0.7145985960960388,False
2013-06-18,112426.4021288892,TQQQ,155966.65090788616,0.0,0.7145985960960388,False
2013-06-19,108889.93615592184,TQQQ,155966.65090788616,0.0,0.7145985960960388,False
2013-06-20,100308.19479891879,CASH,0.0,100308.19479891879,,False
2013-06-21,100308.19479891879,CASH,0.0,100308.19479891879,,False
2013-06-24,100308.19479891879,CASH,0.0,100308.19479891879,,False
2013-06-25,100308.19479891879,CASH,0.0,100308.19479891879,,False
2013-06-26,100308.19479891879,CASH,0.0,100308.19479891879,,False
2013-06-27,100308.19479891879,CASH,0.0,100308.19479891879,,False
2013-06-28,100308.19479891879,CASH,0.0,100308.19479891879,,False
2013-07-01,100308.19479891879,TECL,76218.64342742343,0.0,1.3160585165023804,False
2013-07-02,101191.14213801804,TECL,76218.64342742343,0.0,1.3160585165023804,False
2013-07-03,102662.68772129224,TECL,76218.64342742343,0.0,1.3160585165023804,False
2013-07-05,104722.86789262273,TECL,76218.64342742343,0.0,1.3160585165023804,False
2013-07-08,104359.32004763844,TECL,76218.64342742343,0.0,1.3160585165023804,False
2013-07-09,105605.82431769233,TECL,76218.64342742343,0.0,1.3160585165023804,False
2013-07-10,106506.07134430658,TECL,76218.64342742343,0.0,1.3160585165023804,False
2013-07-11,112063.35063730075,TECL,76218.64342742343,0.0,1.3160585165023804,False
2013-07-12,112097.98635621207,TECL,76218.64342742343,0.0,1.3160585165023804,False
2013-07-15,112825.10930409167,TECL,76218.64342742343,0.0,1.3160585165023804,False
2013-07-16,113275.20101650264,TECL,76218.64342742343,0.0,1.3160585165023804,False
2013-07-17,113604.15857242727,TECL,76218.64342742343,0.0,1.3160585165023804,False
2013-07-18,112651.9761393867,TECL,76218.64342742343,0.0,1.3160585165023804,False
2013-07-19,107042.75235399586,TECL,76218.64342742343,0.0,1.3160585165023804,False
2013-07-22,108098.8055998891,TECL,76218.64342742343,0.0,1.3160585165023804,False
2013-07-23,106713.82205598222,TECL,76218.64342742343,0.0,1.3160585165023804,False
2013-07-24,108722.05773491604,TECL,76218.64342742343,0.0,1.3160585165023804,False
2013-07-25,108773.97496940171,TECL,76218.64342742343,0.0,1.3160585165023804,False
2013-07-26,109327.99201048733,TECL,76218.64342742343,0.0,1.3160585165023804,False
2013-07-29,109172.18579120834,TECL,76218.64342742343,0.0,1.3160585165023804,False
2013-07-30,110712.9755543942,TECL,76218.64342742343,0.0,1.3160585165023804,False
2013-07-31,109812.75578569096,TECL,76218.64342742343,0.0,1.3160585165023804,False
2013-08-01,113257.90132898765,TECL,76218.64342742343,0.0,1.4407597780227661,False
2013-08-02,114573.65886492352,TECL,76218.64342742343,0.0,1.4407597780227661,False
2013-08-05,115491.20557905278,TECL,76218.64342742343,0.0,1.4407597780227661,False
2013-08-06,113777.29173713227,TECL,76218.64342742343,0.0,1.4407597780227661,False
2013-08-07,112755.85603820969,TECL,76218.64342742343,0.0,1.4407597780227661,False
2013-08-08,113985.02427686725,TECL,76218.64342742343,0.0,1.4407597780227661,False
2013-08-09,112132.60390318274,TECL,76218.64342742343,0.0,1.4407597780227661,False
2013-08-12,114313.96366085122,TECL,76218.64342742343,0.0,1.4407597780227661,False
2013-08-13,116564.59485634234,TECL,76218.64342742343,0.0,1.4407597780227661,False
2013-08-14,116495.31433254936,TECL,76218.64342742343,0.0,1.4407597780227661,False
2013-08-15,110678.3761793642,TECL,76218.64342742343,0.0,1.4407597780227661,False
2013-08-16,110401.36311583623,TECL,76218.64342742343,0.0,1.4407597780227661,False
2013-08-19,109483.81640170698,TECL,76218.64342742343,0.0,1.4407597780227661,False
2013-08-20,109951.2259735736,TECL,76218.64342742343,0.0,1.4407597780227661,False
2013-08-21,108895.17272768036,TECL,76218.64342742343,0.0,1.4407597780227661,False
2013-08-22,110539.86056162989,TECL,76218.64342742343,0.0,1.4407597780227661,False
2013-08-23,112980.91552337067,TECL,76218.64342742343,0.0,1.4407597780227661,False
2013-08-26,111457.41636172947,TECL,76218.64342742343,0.0,1.4407597780227661,False
2013-08-27,105467.32687189867,TECL,76218.64342742343,0.0,1.4407597780227661,False
2013-08-28,105744.31267751564,TECL,76218.64342742343,0.0,1.4407597780227661,False
2013-08-29,107371.69173797983,TECL,76218.64342742343,0.0,1.4407597780227661,False
2013-08-30,105917.42767027995,TECL,76218.64342742343,0.0,1.4407597780227661,False
2013-09-03,106090.56992095527,TQQQ,134452.1059750227,0.0,0.7890584468841553,False
2013-09-04,109551.98789215203,TQQQ,134452.1059750227,0.0,0.7890584468841553,False
2013-09-05,110031.28741086564,TQQQ,134452.1059750227,0.0,0.7890584468841553,False
2013-09-06,110430.6555926402,TQQQ,134452.1059750227,0.0,0.7890584468841553,False
2013-09-09,114317.93593048425,TQQQ,134452.1059750227,0.0,0.7890584468841553,False
2013-09-10,116048.64892306764,TQQQ,134452.1059750227,0.0,0.7890584468841553,False
2013-09-11,115462.93189651231,TQQQ,134452.1059750227,0.0,0.7890584468841553,False
2013-09-12,114943.66670932919,TQQQ,134452.1059750227,0.0,0.7890584468841553,False
2013-09-13,115316.49262241095,TQQQ,134452.1059750227,0.0,0.7890584468841553,False
2013-09-16,114344.67053445744,TQQQ,134452.1059750227,0.0,0.7890584468841553,False
2013-09-17,116634.38999153301,TQQQ,134452.1059750227,0.0,0.7890584468841553,False
2013-09-18,120921.20680452196,TQQQ,134452.1059750227,0.0,0.7890584468841553,False
2013-09-19,121666.65026746507,TQQQ,134452.1059750227,0.0,0.7890584468841553,False
2013-09-20,120335.44970811655,TQQQ,134452.1059750227,0.0,0.7890584468841553,False
2013-09-23,119656.43404263559,TQQQ,134452.1059750227,0.0,0.7890584468841553,False
2013-09-24,119683.00836720847,TQQQ,134452.1059750227,0.0,0.7890584468841553,False
2013-09-25,118551.46785683719,TQQQ,134452.1059750227,0.0,0.7890584468841553,False
2013-09-26,121267.2820856905,TQQQ,134452.1059750227,0.0,0.7890584468841553,False
2013-09-27,120694.83619348158,TQQQ,134452.1059750227,0.0,0.7890584468841553,False
2013-09-30,119936.089540312,TQQQ,134452.1059750227,0.0,0.7890584468841553,False
2013-10-01,123530.57948362351,TECL,80617.88897832726,0.0,1.5322973728179932,False
2013-10-02,123640.4552013456,TECL,80617.88897832726,0.0,1.5322973728179932,False
2013-10-03,120289.41399284426,TECL,80617.88897832726,0.0,1.5322973728179932,False
2013-10-04,122029.050389169,TECL,80617.88897832726,0.0,1.5322973728179932,False
2013-10-07,119959.82528128309,TECL,80617.88897832726,0.0,1.5322973728179932,False
2013-10-08,114136.71016445202,TECL,80617.88897832726,0.0,1.5322973728179932,False
2013-10-09,115858.0195255545,TECL,80617.88897832726,0.0,1.5322973728179932,False
2013-10-10,121443.04656131788,TECL,80617.88897832726,0.0,1.5322973728179932,False
2013-10-11,124299.69028687556,TECL,80617.88897832726,0.0,1.5322973728179932,False
2013-10-14,126075.92309123719,TECL,80617.88897832726,0.0,1.5322973728179932,False
2013-10-15,123860.2258575923,TECL,80617.88897832726,0.0,1.5322973728179932,False
2013-10-16,127174.6226060504,TECL,80617.88897832726,0.0,1.5322973728179932,False
2013-10-17,127247.87308453179,TECL,80617.88897832726,0.0,1.5322973728179932,False
2013-10-18,133675.2614020286,TECL,80617.88897832726,0.0,1.5322973728179932,False
2013-10-21,136019.16138861782,TECL,80617.88897832726,0.0,1.5322973728179932,False
2013-10-22,135744.51534111833,TECL,80617.88897832726,0.0,1.5322973728179932,False
2013-10-23,133803.45454457166,TECL,80617.88897832726,0.0,1.5322973728179932,False
2013-10-24,134737.33567760114,TECL,80617.88897832726,0.0,1.5322973728179932,False
2013-10-25,136879.80165356718,TECL,80617.88897832726,0.0,1.5322973728179932,False
2013-10-28,138161.6465853864,TECL,80617.88897832726,0.0,1.5322973728179932,False
2013-10-29,140706.93253059246,TECL,80617.88897832726,0.0,1.5322973728179932,False
2013-10-30,139681.47388385935,TECL,80617.88897832726,0.0,1.5322973728179932,False
2013-10-31,138674.38071395358,TECL,80617.88897832726,0.0,1.5322973728179932,False
2013-11-01,138985.66161109504,TECL,80617.88897832726,0.0,1.7201440334320068,False
2013-11-04,140249.16989729076,TECL,80617.88897832726,0.0,1.7201440334320068,False
2013-11-05,139205.4130465392,TECL,80617.88897832726,0.0,1.7201440334320068,False
2013-11-06,143142.40042048405,TECL,80617.88897832726,0.0,1.7201440334320068,False
2013-11-07,137593.9794031588,TECL,80617.88897832726,0.0,1.7201440334320068,False
2013-11-08,141476.03372344322,TECL,80617.88897832726,0.0,1.7201440334320068,False
2013-11-11,141677.46773406642,TECL,80617.88897832726,0.0,1.7201440334320068,False
2013-11-12,143014.22649874352,TECL,80617.88897832726,0.0,1.7201440334320068,False
2013-11-13,146658.27923157168,TECL,80617.88897832726,0.0,1.7201440334320068,False
2013-11-14,145394.7613349747,TECL,80617.88897832726,0.0,1.7201440334320068,False
2013-11-15,146823.06878215162,TECL,80617.88897832726,0.0,1.7201440334320068,False
2013-11-18,144424.22613150073,TECL,80617.88897832726,0.0,1.7201440334320068,False
2013-11-19,143325.53622708877,TECL,80617.88897832726,0.0,1.7201440334320068,False
2013-11-20,141567.61123714686,TECL,80617.88897832726,0.0,1.7201440334320068,False
2013-11-21,145284.86639645006,TECL,80617.88897832726,0.0,1.7201440334320068,False
2013-11-22,144570.6982572597,TECL,80617.88897832726,0.0,1.7201440334320068,False
2013-11-25,144186.19571284065,TECL,80617.88897832726,0.0,1.7201440334320068,False
2013-11-26,146053.97719970212,TECL,80617.88897832726,0.0,1.7201440334320068,False
2013-11-27,149404.98957699965,TECL,80617.88897832726,0.0,1.7201440334320068,False
2013-11-29,151529.14773854596,TECL,80617.88897832726,0.0,1.7201440334320068,False
2013-12-02,149185.27658316056,TECL,80617.88897832726,0.0,1.8795970678329468,False
2013-12-03,150961.5286083247,TECL,80617.88897832726,0.0,1.8795970678329468,False
2013-12-04,151272.7998950649,TECL,80617.88897832726,0.0,1.8795970678329468,False
2013-12-05,149752.8957133818,TECL,80617.88897832726,0.0,1.8795970678329468,False
2013-12-06,153195.52404598804,TECL,80617.88897832726,0.0,1.8795970678329468,False
2013-12-09,154605.514068344,TECL,80617.88897832726,0.0,1.8795970678329468,False
2013-12-10,153415.28509183347,TECL,80617.88897832726,0.0,1.8795970678329468,False
2013-12-11,149551.5001443637,TECL,80617.88897832726,0.0,1.8795970678329468,False
2013-12-12,146017.34235006015,TECL,80617.88897832726,0.0,1.8795970678329468,False
2013-12-13,145083.46121703068,TECL,80617.88897832726,0.0,1.8795970678329468,False
2013-12-16,148947.22694369795,TECL,80617.88897832726,0.0,1.8795970678329468,False
2013-12-17,148489.4450895937,TECL,80617.88897832726,0.0,1.8795970678329468,False
2013-12-18,152536.2793500568,TECL,80617.88897832726,0.0,1.8795970678329468,False
2013-12-19,153177.19701076578,TECL,80617.88897832726,0.0,1.8795970678329468,False
2013-12-20,156436.68953676728,TECL,80617.88897832726,0.0,1.8795970678329468,False
2013-12-23,162717.64417011023,TECL,80617.88897832726,0.0,1.8795970678329468,False
2013-12-24,164786.82122598978,TECL,80617.88897832726,0.0,1.8795970678329468,False
2013-12-26,165775.67385428472,TECL,80617.88897832726,0.0,1.8795970678329468,False
2013-12-27,164988.23601581043,TECL,80617.88897832726,0.0,1.8795970678329468,False
2013-12-30,164182.48075251514,TECL,80617.88897832726,0.0,1.8795970678329468,False
2013-12-31,167185.67348704193,TECL,80617.88897832726,0.0,1.8795970678329468,False
2014-01-02,162058.40908458026,TECL,80617.88897832726,0.0,2.073803663253784,False
2014-01-03,160062.40562397192,TECL,80617.88897832726,0.0,2.073803663253784,False
2014-01-06,159329.9681119669,TECL,80617.88897832726,0.0,2.073803663253784,False
2014-01-07,163358.58105162173,TECL,80617.88897832726,0.0,2.073803663253784,False
2014-01-08,163578.2363830532,TECL,80617.88897832726,0.0,2.073803663253784,False
2014-01-09,160373.72496271846,TECL,80617.88897832726,0.0,2.073803663253784,False
2014-01-10,161142.76849316162,TECL,80617.88897832726,0.0,2.073803663253784,False
2014-01-13,155777.4640616386,TECL,80617.88897832726,0.0,2.073803663253784,False
2014-01-14,163944.48877546017,TECL,80617.88897832726,0.0,2.073803663253784,False
2014-01-15,169950.7012572909,TECL,80617.88897832726,0.0,2.073803663253784,False
2014-01-16,169932.40305327246,TECL,80617.88897832726,0.0,2.073803663253784,False
2014-01-17,166984.23947641876,TECL,80617.88897832726,0.0,2.073803663253784,False
2014-01-21,168632.23108623095,TECL,80617.88897832726,0.0,2.073803663253784,False
2014-01-22,168723.79898953333,TECL,80617.88897832726,0.0,2.073803663253784,False
2014-01-23,167295.50115275767,TECL,80617.88897832726,0.0,2.073803663253784,False
2014-01-24,157956.55527684532,TECL,80617.88897832726,0.0,2.073803663253784,False
2014-01-27,153616.66144004904,TECL,80617.88897832726,0.0,2.073803663253784,False
2014-01-28,149441.6470897271,CASH,0.0,149441.6470897271,,False
2014-01-29,149441.6470897271,CASH,0.0,149441.6470897271,,False
2014-01-30,149441.6470897271,CASH,0.0,149441.6470897271,,False
2014-01-31,149441.6470897271,CASH,0.0,149441.6470897271,,False
2014-02-03,149441.64708972708,TQQQ,139077.3241740681,0.0,1.0745220184326172,False
2014-02-04,152361.01471629765,TQQQ,139077.3241740681,0.0,1.0745220184326172,False
2014-02-05,150956.4322364985,TQQQ,139077.3241740681,0.0,1.0745220184326172,False
2014-02-06,156740.15734235302,TQQQ,139077.3241740681,0.0,1.0745220184326172,False
2014-02-07,165057.79771966473,TQQQ,139077.3241740681,0.0,1.0745220184326172,False
2014-02-10,168087.35143389856,TQQQ,139077.3241740681,0.0,1.0745220184326172,False
2014-02-11,173843.62120403678,TQQQ,139077.3241740681,0.0,1.0745220184326172,False
2014-02-12,174669.83448911228,TQQQ,139077.3241740681,0.0,1.0745220184326172,False
2014-02-13,179159.1632028309,TQQQ,139077.3241740681,0.0,1.0745220184326172,False
2014-02-14,179682.48909164994,TQQQ,139077.3241740681,0.0,1.0745220184326172,False
2014-02-18,182491.7866857203,TQQQ,139077.3241740681,0.0,1.0745220184326172,False
2014-02-19,178498.1295733963,TQQQ,139077.3241740681,0.0,1.0745220184326172,False
2014-02-20,181087.1047300671,TQQQ,139077.3241740681,0.0,1.0745220184326172,False
2014-02-21,180150.63904009233,TQQQ,139077.3241740681,0.0,1.0745220184326172,False
2014-02-24,183318.0331294138,TQQQ,139077.3241740681,0.0,1.0745220184326172,False
2014-02-25,182657.01607928818,TQQQ,139077.3241740681,0.0,1.0745220184326172,False
2014-02-26,182050.95943852214,TQQQ,139077.3241740681,0.0,1.0745220184326172,False
2014-02-27,185631.5264876174,TQQQ,139077.3241740681,0.0,1.0745220184326172,False
2014-02-28,184694.99448040657,TQQQ,139077.3241740681,0.0,1.0745220184326172,False
2014-03-03,180646.39353803202,TQQQ,139077.3241740681,0.0,1.3280022144317627,False
2014-03-04,187917.38213770563,TQQQ,139077.3241740681,0.0,1.3280022144317627,False
2014-03-05,189459.78841328342,TQQQ,139077.3241740681,0.0,1.3280022144317627,False
2014-03-06,188743.67831932617,TQQQ,139077.3241740681,0.0,1.3280022144317627,False
2014-03-07,186044.63313015513,TQQQ,139077.3241740681,0.0,1.3280022144317627,False
2014-03-10,186430.18496112255,TQQQ,139077.3241740681,0.0,1.3280022144317627,False
2014-03-11,184116.62528568294,TQQQ,139077.3241740681,0.0,1.3280022144317627,False
2014-03-12,186182.24139491667,TQQQ,139077.3241740681,0.0,1.3280022144317627,False
2014-03-13,178277.8734532328,TQQQ,139077.3241740681,0.0,1.3280022144317627,False
2014-03-14,174614.70828666262,TQQQ,139077.3241740681,0.0,1.3280022144317627,False
2014-03-17,179269.3492904942,TQQQ,139077.3241740681,0.0,1.3280022144317627,False
2014-03-18,185714.17434301935,TQQQ,139077.3241740681,0.0,1.3280022144317627,False
2014-03-19,182657.01607928818,TQQQ,139077.3241740681,0.0,1.3280022144317627,False
2014-03-20,184089.18652927564,TQQQ,139077.3241740681,0.0,1.3280022144317627,False
2014-03-21,177341.37460464,TQQQ,139077.3241740681,0.0,1.3280022144317627,False
2014-03-24,172879.56754387365,TQQQ,139077.3241740681,0.0,1.3280022144317627,False
2014-03-25,174477.10002190107,TQQQ,139077.3241740681,0.0,1.3280022144317627,False
2014-03-26,167839.44102631067,TQQQ,139077.3241740681,0.0,1.3280022144317627,False
2014-03-27,166225.49503236593,CASH,0.0,166225.49503236593,,False
2014-03-28,166225.49503236593,CASH,0.0,166225.49503236593,,False
2014-03-31,166225.49503236593,CASH,0.0,166225.49503236593,,False
2014-04-01,166225.49503236593,TQQQ,129575.04969713006,0.0,1.2828510999679565,False
2014-04-02,167534.17305564345,TQQQ,129575.04969713006,0.0,1.2828510999679565,False
2014-04-03,163582.55949964366,TQQQ,129575.04969713006,0.0,1.2828510999679565,False
2014-04-04,149602.94552912933,CASH,0.0,149602.94552912933,,False
2014-04-07,149602.94552912933,CASH,0.0,149602.94552912933,,False
2014-04-08,149602.94552912933,CASH,0.0,149602.94552912933,,False
2014-04-09,149602.94552912933,CASH,0.0,149602.94552912933,,False
2014-04-10,149602.94552912933,CASH,0.0,149602.94552912933,,False
2014-04-11,149602.94552912933,CASH,0.0,149602.94552912933,,False
2014-04-14,149602.94552912933,CASH,0.0,149602.94552912933,,False
2014-04-15,149602.94552912933,CASH,0.0,149602.94552912933,,False
2014-04-16,149602.94552912933,CASH,0.0,149602.94552912933,,False
2014-04-17,149602.94552912933,CASH,0.0,149602.94552912933,,False
2014-04-21,149602.94552912933,CASH,0.0,149602.94552912933,,False
2014-04-22,149602.94552912933,CASH,0.0,149602.94552912933,,False
2014-04-23,149602.94552912933,CASH,0.0,149602.94552912933,,False
2014-04-24,149602.94552912933,CASH,0.0,149602.94552912933,,False
2014-04-25,149602.94552912933,CASH,0.0,149602.94552912933,,False
2014-04-28,149602.94552912933,CASH,0.0,149602.94552912933,,False
2014-04-29,149602.94552912933,CASH,0.0,149602.94552912933,,False
2014-04-30,149602.94552912933,CASH,0.0,149602.94552912933,,False
2014-05-01,149602.94552912933,TECL,68815.46946400868,0.0,2.1739726066589355,False
2014-05-02,148852.69142555216,TECL,68815.46946400868,0.0,2.1739726066589355,False
2014-05-05,150665.8492608942,TECL,68815.46946400868,0.0,2.1739726066589355,False
2014-05-06,145820.28863746492,TECL,68815.46946400868,0.0,2.1739726066589355,False
2014-05-07,146336.15396122003,TECL,68815.46946400868,0.0,2.1739726066589355,False
2014-05-08,146992.60989496362,TECL,68815.46946400868,0.0,2.1739726066589355,False
2014-05-09,147742.8968123137,TECL,68815.46946400868,0.0,2.1739726066589355,False
2014-05-12,153776.38164225547,TECL,68815.46946400868,0.0,2.1739726066589355,False
2014-05-13,153604.45387914783,TECL,68815.46946400868,0.0,2.1739726066589355,False
2014-05-14,151885.0942136394,TECL,68815.46946400868,0.0,2.1739726066589355,False
2014-05-15,148540.07461113736,TECL,68815.46946400868,0.0,2.1739726066589355,False
2014-05-16,152025.71763740075,TECL,68815.46946400868,0.0,2.1739726066589355,False
2014-05-19,155058.15323926086,TECL,68815.46946400868,0.0,2.1739726066589355,False
2014-05-20,152103.88004444767,TECL,68815.46946400868,0.0,2.1739726066589355,False
2014-05-21,155245.70035826872,TECL,68815.46946400868,0.0,2.1739726066589355,False
2014-05-22,156246.0938526598,TECL,68815.46946400868,0.0,2.1739726066589355,False
2014-05-23,160091.260981698,TECL,68815.46946400868,0.0,2.1739726066589355,False
2014-05-27,164139.66021319007,TECL,68815.46946400868,0.0,2.1739726066589355,False
2014-05-28,163170.53824437235,TECL,68815.46946400868,0.0,2.1739726066589355,False
2014-05-29,165515.1315387104,TECL,68815.46946400868,0.0,2.1739726066589355,False
2014-05-30,166062.21916737952,TECL,68815.46946400868,0.0,2.1739726066589355,False
2014-06-02,165437.0511660957,TQQQ,122565.38879148367,0.0,1.3497860431671143,False
2014-06-03,165194.4074030709,TQQQ,122565.38879148367,0.0,1.3497860431671143,False
2014-06-04,166941.96264606164,TQQQ,122565.38879148367,0.0,1.3497860431671143,False
2014-06-05,171286.5381611574,TQQQ,122565.38879148367,0.0,1.3497860431671143,False
2014-06-06,174053.52741593646,TQQQ,122565.38879148367,0.0,1.3497860431671143,False
2014-06-09,173738.04815229872,TQQQ,122565.38879148367,0.0,1.3497860431671143,False
2014-06-10,174733.22801543758,TQQQ,122565.38879148367,0.0,1.3497860431671143,False
2014-06-11,174466.198605367,TQQQ,122565.38879148367,0.0,1.3497860431671143,False
2014-06-12,169903.07275563374,TQQQ,122565.38879148367,0.0,1.3497860431671143,False
2014-06-13,171068.10471398325,TQQQ,122565.38879148367,0.0,1.3497860431671143,False
2014-06-16,171699.20935058797,TQQQ,122565.38879148367,0.0,1.3497860431671143,False
2014-06-17,171941.8677245457,TQQQ,122565.38879148367,0.0,1.3497860431671143,False
2014-06-18,175072.9906495906,TQQQ,122565.38879148367,0.0,1.3497860431671143,False
2014-06-19,174393.377715687,TQQQ,122565.38879148367,0.0,1.3497860431671143,False
2014-06-20,175024.51157415757,TQQQ,122565.38879148367,0.0,1.3497860431671143,False
2014-06-23,175218.58859615182,TQQQ,122565.38879148367,0.0,1.3497860431671143,False
2014-06-24,174733.22801543758,TQQQ,122565.38879148367,0.0,1.3497860431671143,False
2014-06-25,177942.44637694707,TQQQ,122565.38879148367,0.0,1.3497860431671143,False
2014-06-26,178427.99689978932,TQQQ,122565.38879148367,0.0,1.3497860431671143,False
2014-06-27,180200.09851008793,TQQQ,122565.38879148367,0.0,1.3497860431671143,False
2014-06-30,181535.31861510532,TQQQ,122565.38879148367,0.0,1.3497860431671143,False
2014-07-01,187628.55980409385,TECL,71358.14374454538,0.0,2.629392385482788,False
2014-07-02,188017.49644868236,TECL,71358.14374454538,0.0,2.629392385482788,False
2014-07-03,190448.7545386573,TECL,71358.14374454538,0.0,2.629392385482788,False
2014-07-07,190594.65894633808,TECL,71358.14374454538,0.0,2.629392385482788,False
2014-07-08,185764.5527356783,TECL,71358.14374454538,0.0,2.629392385482788,False
2014-07-09,188130.99088707304,TECL,71358.14374454538,0.0,2.629392385482788,False
2014-07-10,187304.34101944216,TECL,71358.14374454538,0.0,2.629392385482788,False
2014-07-11,189395.2518991029,TECL,71358.14374454538,0.0,2.629392385482788,False
2014-07-14,193933.56630750833,TECL,71358.14374454538,0.0,2.629392385482788,False
2014-07-15,193382.46072471864,TECL,71358.14374454538,0.0,2.629392385482788,False
2014-07-16,198050.53410203516,TECL,71358.14374454538,0.0,2.629392385482788,False
2014-07-17,190367.75513509288,TECL,71358.14374454538,0.0,2.629392385482788,False
2014-07-18,197791.2033083926,TECL,71358.14374454538,0.0,2.629392385482788,False
2014-07-21,196688.99214281325,TECL,71358.14374454538,0.0,2.629392385482788,False
2014-07-22,201778.4461602228,TECL,71358.14374454538,0.0,2.629392385482788,False
2014-07-23,202653.73650144972,TECL,71358.14374454538,0.0,2.629392385482788,False
2014-07-24,201697.3957173367,TECL,71358.14374454538,0.0,2.629392385482788,False
2014-07-25,200984.27431431098,TECL,71358.14374454538,0.0,2.629392385482788,False
2014-07-28,202442.9951420815,TECL,71358.14374454538,0.0,2.629392385482788,False
2014-07-29,201421.8684456027,TECL,71358.14374454538,0.0,2.629392385482788,False
2014-07-30,202021.54644955945,TECL,71358.14374454538,0.0,2.629392385482788,False
2014-07-31,190221.8507274121,TECL,71358.14374454538,0.0,2.629392385482788,False
2014-08-01,187190.8635941587,TQQQ,124077.463443195,0.0,1.5086612701416016,False
2014-08-04,191024.6355360866,TQQQ,124077.463443195,0.0,1.5086612701416016,False
2014-08-05,186551.85476508088,TQQQ,124077.463443195,0.0,1.5086612701416016,False
2014-08-06,186232.4686800321,TQQQ,124077.463443195,0.0,1.5086612701416016,False
2014-08-07,184438.46048897563,TQQQ,124077.463443195,0.0,1.5086612701416016,False
2014-08-08,188370.49028127076,TQQQ,124077.463443195,0.0,1.5086612701416016,False
2014-08-11,191786.4407935475,TQQQ,124077.463443195,0.0,1.5086612701416016,False
2014-08-12,191344.09557706674,TQQQ,124077.463443195,0.0,1.5086612701416016,False
2014-08-13,197561.74821835218,TQQQ,124077.463443195,0.0,1.5086612701416016,False
2014-08-14,200609.043204127,TQQQ,124077.463443195,0.0,1.5086612701416016,False
2014-08-15,203336.93731366677,TQQQ,124077.463443195,0.0,1.5086612701416016,False
2014-08-18,208252.03371878073,TQQQ,124077.463443195,0.0,1.5086612701416016,False
2014-08-19,211839.9761449623,TQQQ,124077.463443195,0.0,1.5086612701416016,False
2014-08-20,211839.9761449623,TQQQ,124077.463443195,0.0,1.5086612701416016,False
2014-08-21,213044.24494839404,TQQQ,124077.463443195,0.0,1.5086612701416016,False
2014-08-22,213879.7694782063,TQQQ,124077.463443195,0.0,1.5086612701416016,False
2014-08-25,216263.5762216325,TQQQ,124077.463443195,0.0,1.5086612701416016,False
2014-08-26,217000.84290107753,TQQQ,124077.463443195,0.0,1.5086612701416016,False
2014-08-27,217025.45543502472,TQQQ,124077.463443195,0.0,1.5086612701416016,False
2014-08-28,216140.7650020632,TQQQ,124077.463443195,0.0,1.5086612701416016,False
2014-08-29,218671.98070781963,TQQQ,124077.463443195,0.0,1.5086612701416016,False
2014-09-02,220490.5718504507,TQQQ,124077.463443195,0.0,1.7623827457427979,False
2014-09-03,216705.906646927,TQQQ,124077.463443195,0.0,1.7623827457427979,False
2014-09-04,216017.85024419002,TQQQ,124077.463443195,0.0,1.7623827457427979,False
2014-09-05,219360.05190174285,TQQQ,124077.463443195,0.0,1.7623827457427979,False
2014-09-08,220465.95931650355,TQQQ,124077.463443195,0.0,1.7623827457427979,False
2014-09-09,215108.59165084016,TQQQ,124077.463443195,0.0,1.7623827457427979,False
2014-09-10,220097.3185811879,TQQQ,124077.463443195,0.0,1.7623827457427979,False
2014-09-11,219925.3118760968,TQQQ,124077.463443195,0.0,1.7623827457427979,False
2014-09-12,216460.21025185706,TQQQ,124077.463443195,0.0,1.7623827457427979,False
2014-09-15,209947.71010353864,TQQQ,124077.463443195,0.0,1.7623827457427979,False
2014-09-16,215624.67093085856,TQQQ,124077.463443195,0.0,1.7623827457427979,False
2014-09-17,216681.36806891116,TQQQ,124077.463443195,0.0,1.7623827457427979,False
2014-09-18,221350.6645406513,TQQQ,124077.463443195,0.0,1.7623827457427979,False
2014-09-19,220859.21258576636,TQQQ,124077.463443195,0.0,1.7623827457427979,False
2014-09-22,214862.7769262801,TQQQ,124077.463443195,0.0,1.7623827457427979,False
2014-09-23,212995.07904524478,TQQQ,124077.463443195,0.0,1.7623827457427979,False
2014-09-24,219900.77329808095,TQQQ,124077.463443195,0.0,1.7623827457427979,False
2014-09-25,205941.87229177455,TQQQ,124077.463443195,0.0,1.7623827457427979,False
2014-09-26,212528.13608600313,TQQQ,124077.463443195,0.0,1.7623827457427979,False
2014-09-29,211815.40798457392,TQQQ,124077.463443195,0.0,1.7623827457427979,False
2014-09-30,212601.88494072703,TQQQ,124077.463443195,0.0,1.7623827457427979,False
2014-10-01,202427.64913794436,TQQQ,124077.463443195,0.0,1.713460922241211,False
2014-10-02,202329.30254045955,TQQQ,124077.463443195,0.0,1.713460922241211,False
2014-10-03,208424.01084149932,TQQQ,124077.463443195,0.0,1.713460922241211,False
2014-10-06,206998.6877593173,TQQQ,124077.463443195,0.0,1.713460922241211,False
2014-10-07,198249.81941227542,TQQQ,124077.463443195,0.0,1.713460922241211,False
2014-10-08,209701.93975253738,TQQQ,124077.463443195,0.0,1.713460922241211,False
2014-10-09,199257.45418548264,TQQQ,124077.463443195,0.0,1.713460922241211,False
2014-10-10,191341.69644665433,CASH,0.0,191341.69644665433,,False
2014-10-13,191341.69644665433,CASH,0.0,191341.69644665433,,False
2014-10-14,191341.69644665433,CASH,0.0,191341.69644665433,,False
2014-10-15,191341.69644665433,CASH,0.0,191341.69644665433,,False
2014-10-16,191341.69644665433,CASH,0.0,191341.69644665433,,False
2014-10-17,191341.69644665433,CASH,0.0,191341.69644665433,,False
2014-10-20,191341.69644665433,CASH,0.0,191341.69644665433,,False
2014-10-21,191341.69644665433,CASH,0.0,191341.69644665433,,False
2014-10-22,191341.69644665433,CASH,0.0,191341.69644665433,,False
2014-10-23,191341.69644665433,CASH,0.0,191341.69644665433,,False
2014-10-24,191341.69644665433,CASH,0.0,191341.69644665433,,False
2014-10-27,191341.69644665433,CASH,0.0,191341.69644665433,,False
2014-10-28,191341.69644665433,CASH,0.0,191341.69644665433,,False
2014-10-29,191341.69644665433,CASH,0.0,191341.69644665433,,False
2014-10-30,191341.69644665433,CASH,0.0,191341.69644665433,,False
2014-10-31,191341.69644665433,CASH,0.0,191341.69644665433,,False
2014-11-03,191341.69644665433,TQQQ,103709.59522947094,0.0,1.8449758291244507,False
2014-11-04,189308.14418490606,TQQQ,103709.59522947094,0.0,1.8449758291244507,False
2014-11-05,189287.62136060902,TQQQ,103709.59522947094,0.0,1.8449758291244507,False
2014-11-06,190910.3215157067,TQQQ,103709.59522947094,0.0,1.8449758291244507,False
2014-11-07,190437.8514835763,TQQQ,103709.59522947094,0.0,1.8449758291244507,False
2014-11-10,192389.28772184197,TQQQ,103709.59522947094,0.0,1.8449758291244507,False
2014-11-11,194217.48810914793,TQQQ,103709.59522947094,0.0,1.8449758291244507,False
2014-11-12,195285.65166122132,TQQQ,103709.59522947094,0.0,1.8449758291244507,False
2014-11-13,197791.6615919528,TQQQ,103709.59522947094,0.0,1.8449758291244507,False
2014-11-14,199619.7754372286,TQQQ,103709.59522947094,0.0,1.8449758291244507,False
2014-11-17,197750.55412762286,TQQQ,103709.59522947094,0.0,1.8449758291244507,False
2014-11-18,202187.48983547016,TQQQ,103709.59522947094,0.0,1.8449758291244507,False
2014-11-19,199619.7754372286,TQQQ,103709.59522947094,0.0,1.8449758291244507,False
2014-11-20,202269.55640636405,TQQQ,103709.59522947094,0.0,1.8449758291244507,False
2014-11-21,203728.07396708528,TQQQ,103709.59522947094,0.0,1.8449758291244507,False
2014-11-24,208329.3653533694,TQQQ,103709.59522947094,0.0,1.8449758291244507,False
2014-11-25,209007.21198623642,TQQQ,103709.59522947094,0.0,1.8449758291244507,False
2014-11-26,213279.71783676388,TQQQ,103709.59522947094,0.0,1.8449758291244507,False
2014-11-28,216463.67330553973,TQQQ,103709.59522947094,0.0,1.8449758291244507,False
2014-12-01,208473.12402862613,TECL,63140.55176124679,0.0,3.3017311096191406,False
2014-12-02,208071.59187045932,TECL,63140.55176124679,0.0,3.3017311096191406,False
2014-12-03,210251.52927127585,TECL,63140.55176124679,0.0,3.3017311096191406,False
2014-12-04,210538.33580512635,TECL,63140.55176124679,0.0,3.3017311096191406,False
2014-12-05,209778.2051563626,TECL,63140.55176124679,0.0,3.3017311096191406,False
2014-12-08,203525.21454164412,TECL,63140.55176124679,0.0,3.3017311096191406,False
2014-12-09,203811.99096773335,TECL,63140.55176124679,0.0,3.3017311096191406,False
2014-12-10,194246.01757235418,TECL,63140.55176124679,0.0,3.3017311096191406,False
2014-12-11,196497.65660663333,TECL,63140.55176124679,0.0,3.3017311096191406,False
2014-12-12,187625.8116257635,CASH,0.0,187625.8116257635,,False
2014-12-15,187625.8116257635,CASH,0.0,187625.8116257635,,False
2014-12-16,187625.8116257635,CASH,0.0,187625.8116257635,,False
2014-12-17,187625.8116257635,CASH,0.0,187625.8116257635,,False
2014-12-18,187625.8116257635,CASH,0.0,187625.8116257635,,False
2014-12-19,187625.8116257635,CASH,0.0,187625.8116257635,,False
2014-12-22,187625.8116257635,CASH,0.0,187625.8116257635,,False
2014-12-23,187625.8116257635,CASH,0.0,187625.8116257635,,False
2014-12-24,187625.8116257635,CASH,0.0,187625.8116257635,,False
2014-12-26,187625.8116257635,CASH,0.0,187625.8116257635,,False
2014-12-29,187625.8116257635,CASH,0.0,187625.8116257635,,False
2014-12-30,187625.8116257635,CASH,0.0,187625.8116257635,,False
2014-12-31,187625.8116257635,CASH,0.0,187625.8116257635,,False
2015-01-02,187625.8116257635,TECL,59507.965076879715,0.0,3.1529529094696045,False
2015-01-05,179164.34691261913,TECL,59507.965076879715,0.0,3.1529529094696045,False
2015-01-06,172487.06955171318,TECL,59507.965076879715,0.0,3.1529529094696045,False
2015-01-07,176406.96129995814,TECL,59507.965076879715,0.0,3.1529529094696045,False
2015-01-08,187666.38874657304,TECL,59507.965076879715,0.0,3.1529529094696045,False
2015-01-09,185895.69399639402,TECL,59507.965076879715,0.0,3.1529529094696045,False
2015-01-12,179988.85698210332,TECL,59507.965076879715,0.0,3.1529529094696045,False
2015-01-13,179786.14163170944,TECL,59507.965076879715,0.0,3.1529529094696045,False
2015-01-14,176339.32803600744,TECL,59507.965076879715,0.0,3.1529529094696045,False
2015-01-15,169986.49738792394,TECL,59507.965076879715,0.0,3.1529529094696045,False
2015-01-16,168863.23046318718,CASH,0.0,168863.23046318718,,False
2015-01-20,168863.23046318718,CASH,0.0,168863.23046318718,,False
2015-01-21,168863.23046318718,CASH,0.0,168863.23046318718,,False
2015-01-22,168863.23046318718,CASH,0.0,168863.23046318718,,False
2015-01-23,168863.23046318718,CASH,0.0,168863.23046318718,,False
2015-01-26,168863.23046318718,CASH,0.0,168863.23046318718,,False
2015-01-27,168863.23046318718,CASH,0.0,168863.23046318718,,False
2015-01-28,168863.23046318718,CASH,0.0,168863.23046318718,,False
2015-01-29,168863.23046318718,CASH,0.0,168863.23046318718,,False
2015-01-30,168863.23046318718,CASH,0.0,168863.23046318718,,False
2015-02-02,168863.23046318718,TECL,58289.70760611157,0.0,2.8969647884368896,False
2015-02-03,174741.80920173,TECL,58289.70760611157,0.0,2.8969647884368896,False
2015-02-04,175589.15838103602,TECL,58289.70760611157,0.0,2.8969647884368896,False
2015-02-05,180329.0994997058,TECL,58289.70760611157,0.0,2.8969647884368896,False
2015-02-06,178832.93867267497,TECL,58289.70760611157,0.0,2.8969647884368896,False
2015-02-09,178078.28481295783,TECL,58289.70760611157,0.0,2.8969647884368896,False
2015-02-10,185651.57580746192,TECL,58289.70760611157,0.0,2.8969647884368896,False
2015-02-11,187664.05095433755,TECL,58289.70760611157,0.0,2.8969647884368896,False
2015-02-12,195886.05631512162,TECL,58289.70760611157,0.0,2.8969647884368896,False
2015-02-13,199593.32710205409,TECL,58289.70760611157,0.0,2.8969647884368896,False
2015-02-17,199633.01793155118,TECL,58289.70760611157,0.0,2.8969647884368896,False
2015-02-18,200295.01816372728,TECL,58289.70760611157,0.0,2.8969647884368896,False
2015-02-19,202082.4257392774,TECL,58289.70760611157,0.0,2.8969647884368896,False
2015-02-20,205498.35249624573,TECL,58289.70760611157,0.0,2.8969647884368896,False
2015-02-23,206041.22465053343,TECL,58289.70760611157,0.0,2.8969647884368896,False
2015-02-24,207577.04851236288,TECL,58289.70760611157,0.0,2.8969647884368896,False
2015-02-25,204094.900886153,TECL,58289.70760611157,0.0,2.8969647884368896,False
2015-02-26,208292.01154258288,TECL,58289.70760611157,0.0,2.8969647884368896,False
2015-02-27,205591.0339184853,TECL,58289.70760611157,0.0,2.8969647884368896,False
2015-03-02,210913.48243154289,TQQQ,93148.72065306276,0.0,2.264266014099121,False
2015-03-03,207887.2345562076,TQQQ,93148.72065306276,0.0,2.264266014099121,False
2015-03-04,205580.71604215004,TQQQ,93148.72065306276,0.0,2.264266014099121,False
2015-03-05,206484.90825441427,TQQQ,93148.72065306276,0.0,2.264266014099121,False
2015-03-06,199380.62336062748,TQQQ,93148.72065306276,0.0,2.264266014099121,False
2015-03-09,201299.67217071654,TQQQ,93148.72065306276,0.0,2.264266014099121,False
2015-03-10,190154.30501215527,TQQQ,93148.72065306276,0.0,2.264266014099121,False
2015-03-11,189822.1341883886,CASH,0.0,189822.1341883886,,False
2015-03-12,189822.1341883886,CASH,0.0,189822.1341883886,,False
2015-03-13,189822.1341883886,CASH,0.0,189822.1341883886,,False
2015-03-16,189822.1341883886,CASH,0.0,189822.1341883886,,False
2015-03-17,189822.1341883886,CASH,0.0,189822.1341883886,,False
2015-03-18,189822.1341883886,CASH,0.0,189822.1341883886,,False
2015-03-19,189822.1341883886,CASH,0.0,189822.1341883886,,False
2015-03-20,189822.1341883886,CASH,0.0,189822.1341883886,,False
2015-03-23,189822.1341883886,CASH,0.0,189822.1341883886,,False
2015-03-24,189822.1341883886,CASH,0.0,189822.1341883886,,False
2015-03-25,189822.1341883886,CASH,0.0,189822.1341883886,,False
2015-03-26,189822.1341883886,CASH,0.0,189822.1341883886,,False
2015-03-27,189822.1341883886,CASH,0.0,189822.1341883886,,False
2015-03-30,189822.1341883886,CASH,0.0,189822.1341883886,,False
2015-03-31,189822.1341883886,CASH,0.0,189822.1341883886,,False
2015-04-01,189822.1341883886,TQQQ,94629.65789663857,0.0,2.0059475898742676,False
2015-04-02,190140.88261643855,TQQQ,94629.65789663857,0.0,2.0059475898742676,False
2015-04-06,194715.35573915235,TQQQ,94629.65789663857,0.0,2.0059475898742676,False
2015-04-07,193815.4915649753,TQQQ,94629.65789663857,0.0,2.0059475898742676,False
2015-04-08,198427.4167255262,TQQQ,94629.65789663857,0.0,2.0059475898742676,False
2015-04-09,202120.77425445008,TQQQ,94629.65789663857,0.0,2.0059475898742676,False
2015-04-10,204539.25087851693,TQQQ,94629.65789663857,0.0,2.0059475898742676,False
2015-04-13,203020.7286745014,TQQQ,94629.65789663857,0.0,2.0059475898742676,False
2015-04-14,201277.1106984973,TQQQ,94629.65789663857,0.0,2.0059475898742676,False
2015-04-15,204839.20560324262,TQQQ,94629.65789663857,0.0,2.0059475898742676,False
2015-04-16,204126.7144255941,TQQQ,94629.65789663857,0.0,2.0059475898742676,False
2015-04-17,194584.11567644234,TQQQ,94629.65789663857,0.0,2.0059475898742676,False
2015-04-20,203283.14111551567,TQQQ,94629.65789663857,0.0,2.0059475898742676,False
2015-04-21,205889.10354345394,TQQQ,94629.65789663857,0.0,2.0059475898742676,False
2015-04-22,209226.19292208497,TQQQ,94629.65789663857,0.0,2.0059475898742676,False
2015-04-23,211738.45757102472,TQQQ,94629.65789663857,0.0,2.0059475898742676,False
2015-04-24,220024.99168011235,TQQQ,94629.65789663857,0.0,2.0059475898742676,False
2015-04-27,218618.8255896082,TQQQ,94629.65789663857,0.0,2.0059475898742676,False
2015-04-28,217194.06884899695,TQQQ,94629.65789663857,0.0,2.0059475898742676,False
2015-04-29,213050.76795225026,TQQQ,94629.65789663857,0.0,2.0059475898742676,False
2015-04-30,203039.3418860771,TQQQ,94629.65789663857,0.0,2.0059475898742676,False
2015-05-01,211251.01704242761,TQQQ,94629.65789663857,0.0,2.145620584487915,False
2015-05-04,212000.8248891018,TQQQ,94629.65789663857,0.0,2.145620584487915,False
2015-05-05,201952.05959243438,TQQQ,94629.65789663857,0.0,2.145620584487915,False
2015-05-06,197640.02147220343,TQQQ,94629.65789663857,0.0,2.145620584487915,False
2015-05-07,201033.33403052733,TQQQ,94629.65789663857,0.0,2.145620584487915,False
2015-05-08,208401.21026211363,TQQQ,94629.65789663857,0.0,2.145620584487915,False
2015-05-11,206114.04138516248,TQQQ,94629.65789663857,0.0,2.145620584487915,False
2015-05-12,203451.81065459418,TQQQ,94629.65789663857,0.0,2.145620584487915,False
2015-05-13,204501.7085948055,TQQQ,94629.65789663857,0.0,2.145620584487915,False
2015-05-14,213556.93449976592,TQQQ,94629.65789663857,0.0,2.145620584487915,False
2015-05-15,213538.18591937877,TQQQ,94629.65789663857,0.0,2.145620584487915,False
2015-05-18,216162.8969277042,TQQQ,94629.65789663857,0.0,2.145620584487915,False
2015-05-19,215544.1486519914,TQQQ,94629.65789663857,0.0,2.145620584487915,False
2015-05-20,215900.46192522137,TQQQ,94629.65789663857,0.0,2.145620584487915,False
2015-05-21,219293.79704501384,TQQQ,94629.65789663857,0.0,2.145620584487915,False
2015-05-22,218693.81991115675,TQQQ,94629.65789663857,0.0,2.145620584487915,False
2015-05-26,211119.75441824907,TQQQ,94629.65789663857,0.0,2.145620584487915,False
2015-05-27,221281.0337587079,TQQQ,94629.65789663857,0.0,2.145620584487915,False
2015-05-28,219649.9523879638,TQQQ,94629.65789663857,0.0,2.145620584487915,False
2015-05-29,215937.89140158994,TQQQ,94629.65789663857,0.0,2.145620584487915,False
2015-06-01,217831.452897754,TECL,60620.199114146955,0.0,3.5933806896209717,False
2015-06-02,216509.6409999556,TECL,60620.199114146955,0.0,3.5933806896209717,False
2015-06-03,217831.452897754,TECL,60620.199114146955,0.0,3.5933806896209717,False
2015-06-04,212048.32350314167,TECL,60620.199114146955,0.0,3.5933806896209717,False
2015-06-05,209900.32135729233,TECL,60620.199114146955,0.0,3.5933806896209717,False
2015-06-08,203125.77522740423,TECL,60620.199114146955,0.0,3.5933806896209717,False
2015-06-09,201803.90551767888,TECL,60620.199114146955,0.0,3.5933806896209717,False
2015-06-10,210340.949411528,TECL,60620.199114146955,0.0,3.5933806896209717,False
2015-06-11,211001.85536042723,TECL,60620.199114146955,0.0,3.5933806896209717,False
2015-06-12,205549.2222992097,TECL,60620.199114146955,0.0,3.5933806896209717,False
2015-06-15,201859.01473704455,TECL,60620.199114146955,0.0,3.5933806896209717,False
2015-06-16,205163.6745583762,TECL,60620.199114146955,0.0,3.5933806896209717,False
2015-06-17,206430.43504873588,TECL,60620.199114146955,0.0,3.5933806896209717,False
2015-06-18,211056.9356738294,TECL,60620.199114146955,0.0,3.5933806896209717,False
2015-06-19,206760.8880231855,TECL,60620.199114146955,0.0,3.5933806896209717,False
2015-06-22,210671.41683895935,TECL,60620.199114146955,0.0,3.5933806896209717,False
2015-06-23,211717.89943465556,TECL,60620.199114146955,0.0,3.5933806896209717,False
2015-06-24,208853.83876159613,TECL,60620.199114146955,0.0,3.5933806896209717,False
2015-06-25,207421.82287804814,TECL,60620.199114146955,0.0,3.5933806896209717,False
2015-06-26,202299.5849793533,TECL,60620.199114146955,0.0,3.5933806896209717,False
2015-06-29,195855.55835289034,CASH,0.0,195855.55835289034,,False
2015-06-30,195855.55835289034,CASH,0.0,195855.55835289034,,False
2015-07-01,195855.55835289034,TECL,61292.403559350474,0.0,3.195429563522339,False
2015-07-02,196022.55854836406,TECL,61292.403559350474,0.0,3.195429563522339,False
2015-07-06,194017.78170054767,TECL,61292.403559350474,0.0,3.195429563522339,False
2015-07-07,194741.7366081399,TECL,61292.403559350474,0.0,3.195429563522339,False
2015-07-08,185274.73401493757,TECL,61292.403559350474,0.0,3.195429563522339,False
2015-07-09,183102.89851865638,TECL,61292.403559350474,0.0,3.195429563522339,False
2015-07-10,191734.59325628696,TECL,61292.403559350474,0.0,3.195429563522339,False
2015-07-13,200477.59710215376,TECL,61292.403559350474,0.0,3.195429563522339,False
2015-07-14,202760.8439994055,TECL,61292.403559350474,0.0,3.195429563522339,False
2015-07-15,202872.19694738503,TECL,61292.403559350474,0.0,3.195429563522339,False
2015-07-16,210557.23088146435,TECL,61292.403559350474,0.0,3.195429563522339,False
2015-07-17,219912.82207369612,TECL,61292.403559350474,0.0,3.195429563522339,False
2015-07-20,223087.06791375717,TECL,61292.403559350474,0.0,3.195429563522339,False
2015-07-21,219467.32260229148,TECL,61292.403559350474,0.0,3.195429563522339,False
2015-07-22,208830.88024334,TECL,61292.403559350474,0.0,3.195429563522339,False
2015-07-23,207104.52960521568,TECL,61292.403559350474,0.0,3.195429563522339,False
2015-07-24,203874.62190441266,TECL,61292.403559350474,0.0,3.195429563522339,False
2015-07-27,198528.56979456593,TECL,61292.403559350474,0.0,3.195429563522339,False
2015-07-28,203651.87216871034,TECL,61292.403559350474,0.0,3.195429563522339,False
2015-07-29,207884.17560004545,TECL,61292.403559350474,0.0,3.195429563522339,False
2015-07-30,208663.79236837968,TECL,61292.403559350474,0.0,3.195429563522339,False
2015-07-31,206881.76525626561,TECL,61292.403559350474,0.0,3.195429563522339,False
2015-08-03,203651.87216871034,TECL,61292.403559350474,0.0,3.3753247261047363,False
2015-08-04,199865.06820877985,TECL,61292.403559350474,0.0,3.3753247261047363,False
2015-08-05,205099.78198389482,TECL,61292.403559350474,0.0,3.3753247261047363,False
2015-08-06,199697.9949470673,TECL,61292.403559350474,0.0,3.3753247261047363,False
2015-08-07,199697.9949470673,TECL,61292.403559350474,0.0,3.3753247261047363,False
2015-08-10,209276.3212617536,TECL,61292.403559350474,0.0,3.3753247261047363,False
2015-08-11,199976.4357700071,TECL,61292.403559350474,0.0,3.3753247261047363,False
2015-08-12,202371.03561523842,TECL,61292.403559350474,0.0,3.3753247261047363,False
2015-08-13,201145.90476225177,TECL,61292.403559350474,0.0,3.3753247261047363,False
2015-08-14,203651.87216871034,TECL,61292.403559350474,0.0,3.3753247261047363,False
2015-08-17,207215.8825531952,TECL,61292.403559350474,0.0,3.3753247261047363,False
2015-08-18,204264.44490182752,TECL,61292.403559350474,0.0,3.3753247261047363,False
2015-08-19,200032.15608374018,TECL,61292.403559350474,0.0,3.3753247261047363,False
2015-08-20,186193.58873063905,CASH,0.0,186193.58873063905,,False
2015-08-21,186193.58873063905,CASH,0.0,186193.58873063905,,False
2015-08-24,186193.58873063905,CASH,0.0,186193.58873063905,,False
2015-08-25,186193.58873063905,CASH,0.0,186193.58873063905,,False
2015-08-26,186193.58873063905,CASH,0.0,186193.58873063905,,False
2015-08-27,186193.58873063905,CASH,0.0,186193.58873063905,,False
2015-08-28,186193.58873063905,CASH,0.0,186193.58873063905,,False
2015-08-31,186193.58873063905,CASH,0.0,186193.58873063905,,False
2015-09-01,186193.58873063908,IEF,2227.174228639061,0.0,83.60081862316389,False
2015-09-02,185687.4560007187,IEF,2227.174228639061,0.0,83.60081862316389,False
2015-09-03,186141.30108769776,IEF,2227.174228639061,0.0,83.60081862316389,False
2015-09-04,186717.3906050605,IEF,2227.174228639061,0.0,83.60081862316389,False
2015-09-08,185896.96646776496,IEF,2227.174228639061,0.0,83.60081862316389,False
2015-09-09,185966.78615224318,IEF,2227.174228639061,0.0,83.60081862316389,False
2015-09-10,185547.78235602123,IEF,2227.174228639061,0.0,83.60081862316389,False
2015-09-11,186036.50300949832,IEF,2227.174228639061,0.0,83.60081862316389,False
2015-09-14,186211.06935856445,IEF,2227.174228639061,0.0,83.60081862316389,False
2015-09-15,184744.95881174458,IEF,2227.174228639061,0.0,83.60081862316389,False
2015-09-16,184692.5169279686,IEF,2227.174228639061,0.0,83.60081862316389,False
2015-09-17,186228.5499864898,IEF,2227.174228639061,0.0,83.60081862316389,False
2015-09-18,187101.33031820873,IEF,2227.174228639061,0.0,83.60081862316389,False
2015-09-21,186036.50300949832,IEF,2227.174228639061,0.0,83.60081862316389,False
2015-09-22,186961.65667351123,IEF,2227.174228639061,0.0,83.60081862316389,False
2015-09-23,186752.21475794705,IEF,2227.174228639061,0.0,83.60081862316389,False
2015-09-24,187031.45922011897,IEF,2227.174228639061,0.0,83.60081862316389,False
2015-09-25,186542.78998025335,IEF,2227.174228639061,0.0,83.60081862316389,False
2015-09-28,187607.54873748173,IEF,2227.174228639061,0.0,83.60081862316389,False
2015-09-29,188253.3893878407,IEF,2227.174228639061,0.0,83.60081862316389,False
2015-09-30,188288.29923007978,IEF,2227.174228639061,0.0,83.60081862316389,False
2015-10-01,188435.0508153,IEF,2227.174228639061,0.0,84.54134248182972,False
2015-10-02,189344.1291567698,IEF,2227.174228639061,0.0,84.54134248182972,False
2015-10-05,188295.2914812499,IEF,2227.174228639061,0.0,84.54134248182972,False
2015-10-06,188679.88243347773,IEF,2227.174228639061,0.0,84.54134248182972,False
2015-10-07,188207.78551440017,IEF,2227.174228639061,0.0,84.54134248182972,False
2015-10-08,187718.46503545504,IEF,2227.174228639061,0.0,84.54134248182972,False
2015-10-09,187823.28025152494,IEF,2227.174228639061,0.0,84.54134248182972,False
2015-10-12,188452.65140831892,IEF,2227.174228639061,0.0,84.54134248182972,False
2015-10-13,188627.3891360902,IEF,2227.174228639061,0.0,84.54134248182972,False
2015-10-14,189658.84901090787,IEF,2227.174228639061,0.0,84.54134248182972,False
2015-10-15,189011.94581257695,IEF,2227.174228639061,0.0,84.54134248182972,False
2015-10-16,188854.6372991195,IEF,2227.174228639061,0.0,84.54134248182972,False
2015-10-19,188767.26843523385,IEF,2227.174228639061,0.0,84.54134248182972,False
2015-10-20,188120.34809903245,IEF,2227.174228639061,0.0,84.54134248182972,False
2015-10-21,188767.26843523385,IEF,2227.174228639061,0.0,84.54134248182972,False
2015-10-22,188959.52106667147,IEF,2227.174228639061,0.0,84.54134248182972,False
2015-10-23,187893.18562535572,IEF,2227.174228639061,0.0,84.54134248182972,False
2015-10-26,188382.71175874711,IEF,2227.174228639061,0.0,84.54134248182972,False
2015-10-27,188854.6372991195,IEF,2227.174228639061,0.0,84.54134248182972,False
2015-10-28,187875.7049974304,IEF,2227.174228639061,0.0,84.54134248182972,False
2015-10-29,186721.88072713543,IEF,2227.174228639061,0.0,84.54134248182972,False
2015-10-30,187089.05960291997,IEF,2227.174228639061,0.0,84.54134248182972,False
2015-11-02,186551.5131563455,TECL,51862.865673053246,0.0,3.597015142440796,False
2015-11-03,189331.66329688457,TECL,51862.865673053246,0.0,3.597015142440796,False
2015-11-04,189614.39063939822,TECL,51862.865673053246,0.0,3.597015142440796,False
2015-11-05,188530.59218887027,TECL,51862.865673053246,0.0,3.597015142440796,False
2015-11-06,190085.58639015997,TECL,51862.865673053246,0.0,3.597015142440796,False
2015-11-09,184855.1738314051,TECL,51862.865673053246,0.0,3.597015142440796,False
2015-11-10,181603.82794010424,TECL,51862.865673053246,0.0,3.597015142440796,False
2015-11-11,181179.7307437984,TECL,51862.865673053246,0.0,3.597015142440796,False
2015-11-12,176420.50157073454,TECL,51862.865673053246,0.0,3.597015142440796,False
2015-11-13,167896.36184071095,CASH,0.0,167896.36184071095,,False
2015-11-16,167896.36184071095,CASH,0.0,167896.36184071095,,False
2015-11-17,167896.36184071095,CASH,0.0,167896.36184071095,,False
2015-11-18,167896.36184071095,CASH,0.0,167896.36184071095,,False
2015-11-19,167896.36184071095,CASH,0.0,167896.36184071095,,False
2015-11-20,167896.36184071095,CASH,0.0,167896.36184071095,,False
2015-11-23,167896.36184071095,CASH,0.0,167896.36184071095,,False
2015-11-24,167896.36184071095,CASH,0.0,167896.36184071095,,False
2015-11-25,167896.36184071095,CASH,0.0,167896.36184071095,,False
2015-11-27,167896.36184071095,CASH,0.0,167896.36184071095,,False
2015-11-30,167896.36184071095,CASH,0.0,167896.36184071095,,False
2015-12-01,167896.36184071095,TQQQ,67894.17023879154,0.0,2.4729127883911133,False
2015-12-02,164842.94815722172,TQQQ,67894.17023879154,0.0,2.4729127883911133,False
2015-12-03,156436.01230361222,TQQQ,67894.17023879154,0.0,2.4729127883911133,False
2015-12-04,167183.4275994573,TQQQ,67894.17023879154,0.0,2.4729127883911133,False
2015-12-07,165138.81837636288,TQQQ,67894.17023879154,0.0,2.4729127883911133,False
2015-12-08,165152.3832764417,TQQQ,67894.17023879154,0.0,2.4729127883911133,False
2015-12-09,157458.34928962262,TQQQ,67894.17023879154,0.0,2.4729127883911133,False
2015-12-10,159691.16745450246,TQQQ,67894.17023879154,0.0,2.4729127883911133,False
2015-12-11,151106.72565663984,CASH,0.0,151106.72565663984,,False
2015-12-14,151106.72565663984,CASH,0.0,151106.72565663984,,False
2015-12-15,151106.72565663984,CASH,0.0,151106.72565663984,,False
2015-12-16,151106.72565663984,CASH,0.0,151106.72565663984,,False
2015-12-17,151106.72565663984,CASH,0.0,151106.72565663984,,False
2015-12-18,151106.72565663984,CASH,0.0,151106.72565663984,,False
2015-12-21,151106.72565663984,CASH,0.0,151106.72565663984,,False
2015-12-22,151106.72565663984,CASH,0.0,151106.72565663984,,False
2015-12-23,151106.72565663984,CASH,0.0,151106.72565663984,,False
2015-12-24,151106.72565663984,CASH,0.0,151106.72565663984,,False
2015-12-28,151106.72565663984,CASH,0.0,151106.72565663984,,False
2015-12-29,151106.72565663984,CASH,0.0,151106.72565663984,,False
2015-12-30,151106.72565663984,CASH,0.0,151106.72565663984,,False
2015-12-31,151106.72565663984,CASH,0.0,151106.72565663984,,False
2016-01-04,151106.72565663984,TECL,47654.248612285,0.0,3.1708972454071045,False
2016-01-05,149677.92896272198,TECL,47654.248612285,0.0,3.1708972454071045,False
2016-01-06,144612.18593383822,TECL,47654.248612285,0.0,3.1708972454071045,False
2016-01-07,135996.05309097588,CASH,0.0,135996.05309097588,,False
2016-01-08,135996.05309097588,CASH,0.0,135996.05309097588,,False
2016-01-11,135996.05309097588,CASH,0.0,135996.05309097588,,False
2016-01-12,135996.05309097588,CASH,0.0,135996.05309097588,,False
2016-01-13,135996.05309097588,CASH,0.0,135996.05309097588,,False
2016-01-14,135996.05309097588,CASH,0.0,135996.05309097588,,False
2016-01-15,135996.05309097588,CASH,0.0,135996.05309097588,,False
2016-01-19,135996.05309097588,CASH,0.0,135996.05309097588,,False
2016-01-20,135996.05309097588,CASH,0.0,135996.05309097588,,False
2016-01-21,135996.05309097588,CASH,0.0,135996.05309097588,,False
2016-01-22,135996.05309097588,CASH,0.0,135996.05309097588,,False
2016-01-25,135996.05309097588,CASH,0.0,135996.05309097588,,False
2016-01-26,135996.05309097588,CASH,0.0,135996.05309097588,,False
2016-01-27,135996.05309097588,CASH,0.0,135996.05309097588,,False
2016-01-28,135996.05309097588,CASH,0.0,135996.05309097588,,False
2016-01-29,135996.05309097588,CASH,0.0,135996.05309097588,,False
2016-02-01,135996.05309097588,SHY,1962.4403236484861,0.0,69.29945917445161,False
2016-02-02,136172.46663069632,SHY,1962.4403236484861,0.0,69.29945917445161,False
2016-02-03,136204.55692104952,SHY,1962.4403236484861,0.0,69.29945917445161,False
2016-02-04,136236.64721140265,SHY,1962.4403236484861,0.0,69.29945917445161,False
2016-02-05,136204.55692104952,SHY,1962.4403236484861,0.0,69.29945917445161,False
2016-02-08,136364.8271570582,SHY,1962.4403236484861,0.0,69.29945917445161,False
2016-02-09,136316.72947481117,SHY,1962.4403236484861,0.0,69.29945917445161,False
2016-02-10,136316.72947481117,SHY,1962.4403236484861,0.0,69.29945917445161,False
2016-02-11,136444.96982571905,SHY,1962.4403236484861,0.0,69.29945917445161,False
2016-02-12,136284.66938708417,SHY,1962.4403236484861,0.0,69.29945917445161,False
2016-02-16,136204.55692104952,SHY,1962.4403236484861,0.0,69.29945917445161,False
2016-02-17,136236.64721140265,SHY,1962.4403236484861,0.0,69.29945917445161,False
2016-02-18,136348.81976516437,SHY,1962.4403236484861,0.0,69.29945917445161,False
2016-02-19,136220.5341103171,SHY,1962.4403236484861,0.0,69.29945917445161,False
2016-02-22,136236.64721140265,SHY,1962.4403236484861,0.0,69.29945917445161,False
2016-02-23,136252.6546032965,SHY,1962.4403236484861,0.0,69.29945917445161,False
2016-02-24,136284.66938708417,SHY,1962.4403236484861,0.0,69.29945917445161,False
2016-02-25,136316.72947481117,SHY,1962.4403236484861,0.0,69.29945917445161,False
2016-02-26,136140.2857324645,SHY,1962.4403236484861,0.0,69.29945917445161,False
2016-02-29,136220.5341103171,SHY,1962.4403236484861,0.0,69.29945917445161,False
2016-03-01,136039.24284646296,GLD,1155.126489973218,0.0,117.7699966430664,False
2016-03-02,137090.41218253813,GLD,1155.126489973218,0.0,117.7699966430664,False
2016-03-03,139458.42501214953,GLD,1155.126489973218,0.0,117.7699966430664,False
2016-03-04,139238.9481589216,GLD,1155.126489973218,0.0,117.7699966430664,False
2016-03-07,139932.02229032238,GLD,1155.126489973218,0.0,117.7699966430664,False
2016-03-08,139285.1542760704,GLD,1155.126489973218,0.0,117.7699966430664,False
2016-03-09,138130.02778609717,GLD,1155.126489973218,0.0,117.7699966430664,False
2016-03-10,140347.86853174597,GLD,1155.126489973218,0.0,117.7699966430664,False
2016-03-11,137933.6583979015,GLD,1155.126489973218,0.0,117.7699966430664,False
2016-03-14,136154.76254579285,GLD,1155.126489973218,0.0,117.7699966430664,False
2016-03-15,136258.7196996909,GLD,1155.126489973218,0.0,117.7699966430664,False
2016-03-16,139296.6991956708,GLD,1155.126489973218,0.0,117.7699966430664,False
2016-03-17,138765.34206783303,GLD,1155.126489973218,0.0,117.7699966430664,False
2016-03-18,138384.1570239578,GLD,1155.126489973218,0.0,117.7699966430664,False
2016-03-21,137413.84618966412,GLD,1155.126489973218,0.0,117.7699966430664,False
2016-03-22,137818.1386985716,GLD,1155.126489973218,0.0,117.7699966430664,False
2016-03-23,134699.3007008102,GLD,1155.126489973218,0.0,117.7699966430664,False
2016-03-24,134375.86669368422,GLD,1155.126489973218,0.0,117.7699966430664,False
2016-03-28,134687.7469682941,GLD,1155.126489973218,0.0,117.7699966430664,False
2016-03-29,137182.82441683576,GLD,1155.126489973218,0.0,117.7699966430664,False
2016-03-30,135265.31021328067,GLD,1155.126489973218,0.0,117.7699966430664,False
2016-03-31,135889.0795754161,GLD,1155.126489973218,0.0,117.7699966430664,False
2016-04-01,135068.940825085,TQQQ,64432.37034865681,0.0,2.096290111541748,False
2016-04-04,133396.60111550128,TQQQ,64432.37034865681,0.0,2.096290111541748,False
2016-04-05,129809.66494041003,TQQQ,64432.37034865681,0.0,2.096290111541748,False
2016-04-06,136026.30818627262,TQQQ,64432.37034865681,0.0,2.096290111541748,False
2016-04-07,130154.32394966221,TQQQ,64432.37034865681,0.0,2.096290111541748,False
2016-04-08,129847.9620927574,TQQQ,64432.37034865681,0.0,2.096290111541748,False
2016-04-11,128456.4988908028,TQQQ,64432.37034865681,0.0,2.096290111541748,False
2016-04-12,131456.31959635363,TQQQ,64432.37034865681,0.0,2.096290111541748,False
2016-04-13,136587.9843921599,TQQQ,64432.37034865681,0.0,2.096290111541748,False
2016-04-14,136677.3444143038,TQQQ,64432.37034865681,0.0,2.096290111541748,False
2016-04-15,135630.61703097232,TQQQ,64432.37034865681,0.0,2.096290111541748,False
2016-04-18,137634.7117754914,TQQQ,64432.37034865681,0.0,2.096290111541748,False
2016-04-19,135260.4112249477,TQQQ,64432.37034865681,0.0,2.096290111541748,False
2016-04-20,135592.33524049912,TQQQ,64432.37034865681,0.0,2.096290111541748,False
2016-04-21,135630.61703097232,TQQQ,64432.37034865681,0.0,2.096290111541748,False
2016-04-22,129490.52200418191,TQQQ,64432.37034865681,0.0,2.096290111541748,False
2016-04-25,129388.4116264631,TQQQ,64432.37034865681,0.0,2.096290111541748,False
2016-04-26,127613.99226290894,TQQQ,64432.37034865681,0.0,2.096290111541748,False
2016-04-27,121562.04674257651,CASH,0.0,121562.04674257651,,False
2016-04-28,121562.04674257651,CASH,0.0,121562.04674257651,,False
2016-04-29,121562.04674257651,CASH,0.0,121562.04674257651,,False
2016-05-02,121562.04674257651,GLD,986.3846871934561,0.0,123.23999786376953,False
2016-05-03,121285.8602342452,GLD,986.3846871934561,0.0,123.23999786376953,False
2016-05-04,120546.07171885011,GLD,986.3846871934561,0.0,123.23999786376953,False
2016-05-05,120407.97846468446,GLD,986.3846871934561,0.0,123.23999786376953,False
2016-05-06,121502.86606951064,GLD,986.3846871934561,0.0,123.23999786376953,False
2016-05-09,119007.31401499406,GLD,986.3846871934561,0.0,123.23999786376953,False
2016-05-10,119332.82276789221,GLD,986.3846871934561,0.0,123.23999786376953,False
2016-05-11,120457.30070925131,GLD,986.3846871934561,0.0,123.23999786376953,False
2016-05-12,119510.37231260775,GLD,986.3846871934561,0.0,123.23999786376953,False
2016-05-13,120052.8793752534,GLD,986.3846871934561,0.0,123.23999786376953,False
2016-05-16,120141.65791037012,GLD,986.3846871934561,0.0,123.23999786376953,False
2016-05-17,120555.93767286708,GLD,986.3846871934561,0.0,123.23999786376953,False
2016-05-18,118464.79942683049,GLD,986.3846871934561,0.0,123.23999786376953,False
2016-05-19,118237.93516306604,GLD,986.3846871934561,0.0,123.23999786376953,False
2016-05-20,118080.11000086648,GLD,986.3846871934561,0.0,123.23999786376953,False
2016-05-23,117744.7428194693,GLD,986.3846871934561,0.0,123.23999786376953,False
2016-05-24,115702.92681799957,GLD,986.3846871934561,0.0,123.23999786376953,False
2016-05-25,115387.2840191184,GLD,986.3846871934561,0.0,123.23999786376953,False
2016-05-26,114992.72863913742,GLD,986.3846871934561,0.0,123.23999786376953,False
2016-05-27,114045.80024249385,GLD,986.3846871934561,0.0,123.23999786376953,False
2016-05-31,114479.80438750678,GLD,986.3846871934561,0.0,123.23999786376953,False
2016-06-01,114361.44304137504,GLD,986.3846871934561,0.0,116.05999755859375,False
2016-06-02,114095.11496154276,GLD,986.3846871934561,0.0,116.05999755859375,False
2016-06-03,117261.40890437161,GLD,986.3846871934561,0.0,116.05999755859375,False
2016-06-06,117300.8651949215,GLD,986.3846871934561,0.0,116.05999755859375,False
2016-06-07,117202.22823130574,GLD,986.3846871934561,0.0,116.05999755859375,False
2016-06-08,118938.26738791124,GLD,986.3846871934561,0.0,116.05999755859375,False
2016-06-09,119599.14332220655,GLD,986.3846871934561,0.0,116.05999755859375,False
2016-06-10,120082.46971178633,GLD,986.3846871934561,0.0,116.05999755859375,False
2016-06-13,120970.21743536401,GLD,986.3846871934561,0.0,116.05999755859375,False
2016-06-14,121098.44473551272,GLD,986.3846871934561,0.0,116.05999755859375,False
2016-06-15,121996.05841310737,GLD,986.3846871934561,0.0,116.05999755859375,False
2016-06-16,120713.7553095487,GLD,986.3846871934561,0.0,116.05999755859375,False
2016-06-17,122262.37896742171,GLD,986.3846871934561,0.0,116.05999755859375,False
2016-06-20,121532.45640604358,GLD,986.3846871934561,0.0,116.05999755859375,False
2016-06-21,119194.72198820862,GLD,986.3846871934561,0.0,116.05999755859375,False
2016-06-22,119253.91018679243,GLD,986.3846871934561,0.0,116.05999755859375,False
2016-06-23,118474.66538084745,GLD,986.3846871934561,0.0,116.05999755859375,False
2016-06-24,124284.47058637546,GLD,986.3846871934561,0.0,116.05999755859375,False
2016-06-27,124955.21247468774,GLD,986.3846871934561,0.0,116.05999755859375,False
2016-06-28,123613.7286980632,GLD,986.3846871934561,0.0,116.05999755859375,False
2016-06-29,124126.6454241759,GLD,986.3846871934561,0.0,116.05999755859375,False
2016-06-30,124748.07259343927,GLD,986.3846871934561,0.0,116.05999755859375,False
2016-07-01,126661.66129476031,SHY,1812.1638771440269,0.0,69.89525775912678,False
2016-07-05,126721.01083262466,SHY,1812.1638771440269,0.0,69.89525775912678,False
2016-07-06,126661.66129476031,SHY,1812.1638771440269,0.0,69.89525775912678,False
2016-07-07,126602.25597725512,SHY,1812.1638771440269,0.0,69.89525775912678,False
2016-07-08,126602.25597725512,SHY,1812.1638771440269,0.0,69.89525775912678,False
2016-07-11,126468.59401286842,SHY,1812.1638771440269,0.0,69.89525775912678,False
2016-07-12,126424.06791455991,SHY,1812.1638771440269,0.0,69.89525775912678,False
2016-07-13,126453.79846313295,SHY,1812.1638771440269,0.0,69.89525775912678,False
2016-07-14,126379.4999815208,SHY,1812.1638771440269,0.0,69.89525775912678,False
2016-07-15,126320.10860892583,SHY,1812.1638771440269,0.0,69.89525775912678,False
2016-07-18,126394.35131089711,SHY,1812.1638771440269,0.0,69.89525775912678,False
2016-07-19,126409.18869536322,SHY,1812.1638771440269,0.0,69.89525775912678,False
2016-07-20,126349.79732276822,SHY,1812.1638771440269,0.0,69.89525775912678,False
2016-07-21,126438.86346429538,SHY,1812.1638771440269,0.0,69.89525775912678,False
2016-07-22,126394.35131089711,SHY,1812.1638771440269,0.0,69.89525775912678,False
2016-07-25,126305.18755499845,SHY,1812.1638771440269,0.0,69.89525775912678,False
2016-07-26,126320.10860892583,SHY,1812.1638771440269,0.0,69.89525775912678,False
2016-07-27,126409.18869536322,SHY,1812.1638771440269,0.0,69.89525775912678,False
2016-07-28,126394.35131089711,SHY,1812.1638771440269,0.0,69.89525775912678,False
2016-07-29,126557.64620948533,SHY,1812.1638771440269,0.0,69.89525775912678,False
2016-08-01,126514.54249201855,TQQQ,53277.22866602858,0.0,2.374645709991455,False
2016-08-02,123664.62058478527,TQQQ,53277.22866602858,0.0,2.374645709991455,False
2016-08-03,124836.29170099027,TQQQ,53277.22866602858,0.0,2.374645709991455,False
2016-08-04,125955.10862530091,TQQQ,53277.22866602858,0.0,2.374645709991455,False
2016-08-05,129596.71290792685,TQQQ,53277.22866602858,0.0,2.374645709991455,False
2016-08-08,129185.04467790887,TQQQ,53277.22866602858,0.0,2.374645709991455,False
2016-08-09,130039.98441346349,TQQQ,53277.22866602858,0.0,2.374645709991455,False
2016-08-10,129037.24093436573,TQQQ,53277.22866602858,0.0,2.374645709991455,False
2016-08-11,130704.99964115831,TQQQ,53277.22866602858,0.0,2.374645709991455,False
2016-08-12,130947.70212722555,TQQQ,53277.22866602858,0.0,2.374645709991455,False
2016-08-15,132594.32423817285,TQQQ,53277.22866602858,0.0,2.374645709991455,False
2016-08-16,130504.4052171266,TQQQ,53277.22866602858,0.0,2.374645709991455,False
2016-08-17,131116.6297643328,TQQQ,53277.22866602858,0.0,2.374645709991455,False
2016-08-18,131243.29691203067,TQQQ,53277.22866602858,0.0,2.374645709991455,False
2016-08-19,131063.85178612538,TQQQ,53277.22866602858,0.0,2.374645709991455,False
2016-08-22,131190.49352926092,TQQQ,53277.22866602858,0.0,2.374645709991455,False
2016-08-23,131971.62030901207,TQQQ,53277.22866602858,0.0,2.374645709991455,False
2016-08-24,129427.75986625727,TQQQ,53277.22866602858,0.0,2.374645709991455,False
2016-08-25,128815.58612817568,TQQQ,53277.22866602858,0.0,2.374645709991455,False
2016-08-26,129438.35356874223,TQQQ,53277.22866602858,0.0,2.374645709991455,False
2016-08-29,129797.21841599046,TQQQ,53277.22866602858,0.0,2.374645709991455,False
2016-08-30,128625.54729978545,TQQQ,53277.22866602858,0.0,2.374645709991455,False
2016-08-31,128287.79364382019,TQQQ,53277.22866602858,0.0,2.374645709991455,False
2016-09-01,128857.79580846048,TECL,30559.22994605597,0.0,4.2166571617126465,False
2016-09-02,130468.21024514333,TECL,30559.22994605597,0.0,4.2166571617126465,False
2016-09-06,132439.52386704212,TECL,30559.22994605597,0.0,4.2166571617126465,False
2016-09-07,133244.65822650172,TECL,30559.22994605597,0.0,4.2166571617126465,False
2016-09-08,130218.31885227104,TECL,30559.22994605597,0.0,4.2166571617126465,False
2016-09-09,120722.63535621666,TECL,30559.22994605597,0.0,4.2166571617126465,False
2016-09-12,126914.29970764124,TECL,30559.22994605597,0.0,4.2166571617126465,False
2016-09-13,123887.82918742327,TECL,30559.22994605597,0.0,4.2166571617126465,False
2016-09-14,125886.93118684889,TECL,30559.22994605597,0.0,4.2166571617126465,False
2016-09-15,132134.0994344453,TECL,30559.22994605597,0.0,4.2166571617126465,False
2016-09-16,130440.43643939287,TECL,30559.22994605597,0.0,4.2166571617126465,False
2016-09-19,129440.91458323279,TECL,30559.22994605597,0.0,4.2166571617126465,False
2016-09-20,129329.80478845461,TECL,30559.22994605597,0.0,4.2166571617126465,False
2016-09-21,133605.64484237586,TECL,30559.22994605597,0.0,4.2166571617126465,False
2016-09-22,136048.98201604513,TECL,30559.22994605597,0.0,4.2166571617126465,False
2016-09-23,132800.42305225806,TECL,30559.22994605597,0.0,4.2166571617126465,False
2016-09-26,130134.9828632433,TECL,30559.22994605597,0.0,4.2166571617126465,False
2016-09-27,134383.09282674317,TECL,30559.22994605597,0.0,4.2166571617126465,False
2016-09-28,135271.56317523052,TECL,30559.22994605597,0.0,4.2166571617126465,False
2016-09-29,132994.8251207349,TECL,30559.22994605597,0.0,4.2166571617126465,False
2016-09-30,134716.21820620866,TECL,30559.22994605597,0.0,4.2166571617126465,False
2016-10-03,133494.59333470312,TECL,30559.22994605597,0.0,4.408364295959473,False
2016-10-04,132217.3625645912,TECL,30559.22994605597,0.0,4.408364295959473,False
2016-10-05,133577.88560840176,TECL,30559.22994605597,0.0,4.408364295959473,False
2016-10-06,134494.1151908632,TECL,30559.22994605597,0.0,4.408364295959473,False
2016-10-07,133411.25734567537,TECL,30559.22994605597,0.0,4.408364295959473,False
2016-10-10,136104.50048399332,TECL,30559.22994605597,0.0,4.408364295959473,False
2016-10-11,131745.32444104433,TECL,30559.22994605597,0.0,4.408364295959473,False
2016-10-12,132161.87324019574,TECL,30559.22994605597,0.0,4.408364295959473,False
2016-10-13,129829.58757419919,TECL,30559.22994605597,0.0,4.408364295959473,False
2016-10-14,131301.14755390614,TECL,30559.22994605597,0.0,4.408364295959473,False
2016-10-17,130384.88882789196,TECL,30559.22994605597,0.0,4.408364295959473,False
2016-10-18,132744.91915608622,TECL,30559.22994605597,0.0,4.408364295959473,False
2016-10-19,132967.0658867608,TECL,30559.22994605597,0.0,4.408364295959473,False
2016-10-20,131356.68059363068,TECL,30559.22994605597,0.0,4.408364295959473,False
2016-10-21,132161.87324019574,TECL,30559.22994605597,0.0,4.408364295959473,False
2016-10-24,136160.04809549422,TECL,30559.22994605597,0.0,4.408364295959473,False
2016-10-25,134827.31342921048,TECL,30559.22994605597,0.0,4.408364295959473,False
2016-10-26,132717.1744938885,TECL,30559.22994605597,0.0,4.408364295959473,False
2016-10-27,131745.32444104433,TECL,30559.22994605597,0.0,4.408364295959473,False
2016-10-28,131301.14755390614,TECL,30559.22994605597,0.0,4.408364295959473,False
2016-10-31,131356.68059363068,TECL,30559.22994605597,0.0,4.408364295959473,False
2016-11-01,127941.55165422268,TQQQ,53752.579506076254,0.0,2.3801937103271484,False
2016-11-02,124608.26181180487,TQQQ,53752.579506076254,0.0,2.3801937103271484,False
2016-11-03,121019.44144924077,TQQQ,53752.579506076254,0.0,2.3801937103271484,False
2016-11-04,119645.65893067907,TQQQ,53752.579506076254,0.0,2.3801937103271484,False
2016-11-07,128218.36890860654,TQQQ,53752.579506076254,0.0,2.3801937103271484,False
2016-11-08,130731.66452859394,TQQQ,53752.579506076254,0.0,2.3801937103271484,False
2016-11-09,132563.32329088834,TQQQ,53752.579506076254,0.0,2.3801937103271484,False
2016-11-10,126258.92566281855,TQQQ,53752.579506076254,0.0,2.3801937103271484,False
2016-11-11,126152.42791356254,TQQQ,53752.579506076254,0.0,2.3801937103271484,False
2016-11-14,121892.67173068556,TQQQ,53752.579506076254,0.0,2.3801937103271484,False
2016-11-15,127536.86020704983,TQQQ,53752.579506076254,0.0,2.3801937103271484,False
2016-11-16,129613.47660824668,TQQQ,53752.579506076254,0.0,2.3801937103271484,False
2016-11-17,132616.58498112997,TQQQ,53752.579506076254,0.0,2.3801937103271484,False
2016-11-18,131125.64212277305,TQQQ,53752.579506076254,0.0,2.3801937103271484,False
2016-11-21,135065.99476717738,TQQQ,53752.579506076254,0.0,2.3801937103271484,False
2016-11-22,136280.0050306278,TQQQ,53752.579506076254,0.0,2.3801937103271484,False
2016-11-23,134639.95250769882,TQQQ,53752.579506076254,0.0,2.3801937103271484,False
2016-11-25,135939.22504862217,TQQQ,53752.579506076254,0.0,2.3801937103271484,False
2016-11-28,135183.07821329086,TQQQ,53752.579506076254,0.0,2.3801937103271484,False
2016-11-29,136482.35075421422,TQQQ,53752.579506076254,0.0,2.3801937103271484,False
2016-11-30,132062.86076306686,TQQQ,53752.579506076254,0.0,2.3801937103271484,False
2016-12-01,124810.62035100492,TECL,31093.457797008847,0.0,4.014047622680664,False
2016-12-02,126110.14965667757,TECL,31093.457797008847,0.0,4.014047622680664,False
2016-12-05,129754.43317032646,TECL,31093.457797008847,0.0,4.014047622680664,False
2016-12-06,130940.96959714676,TECL,31093.457797008847,0.0,4.014047622680664,False
2016-12-07,138286.09978319297,TECL,31093.457797008847,0.0,4.014047622680664,False
2016-12-08,139783.34068045416,TECL,31093.457797008847,0.0,4.014047622680664,False
2016-12-09,142382.4289448316,TECL,31093.457797008847,0.0,4.014047622680664,False
2016-12-12,141365.37442303184,TECL,31093.457797008847,0.0,4.014047622680664,False
2016-12-13,146393.98008766983,TECL,31093.457797008847,0.0,4.014047622680664,False
2016-12-14,145122.7101215973,TECL,31093.457797008847,0.0,4.014047622680664,False
2016-12-15,146732.973550743,TECL,31093.457797008847,0.0,4.014047622680664,False
2016-12-16,143964.46268740925,TECL,31093.457797008847,0.0,4.014047622680664,False
2016-12-19,146874.1961161634,TECL,31093.457797008847,0.0,4.014047622680664,False
2016-12-20,148371.48149297276,TECL,31093.457797008847,0.0,4.014047622680664,False
2016-12-21,147580.51651449013,TECL,31093.457797008847,0.0,4.014047622680664,False
2016-12-22,146535.23230612234,TECL,31093.457797008847,0.0,4.014047622680664,False
2016-12-23,146732.973550743,TECL,31093.457797008847,0.0,4.014047622680664,False
2016-12-27,148654.01558290987,TECL,31093.457797008847,0.0,4.014047622680664,False
2016-12-28,144953.19856354466,TECL,31093.457797008847,0.0,4.014047622680664,False
2016-12-29,144811.9611716082,TECL,31093.457797008847,0.0,4.014047622680664,False
2016-12-30,141082.86998612684,TECL,31093.457797008847,0.0,4.014047622680664,False
2017-01-03,145150.93980816533,TQQQ,56223.45266495817,0.0,2.581679582595825,False
2017-01-04,147623.80154572026,TQQQ,56223.45266495817,0.0,2.581679582595825,False
2017-01-05,150241.42080808233,TQQQ,56223.45266495817,0.0,2.581679582595825,False
2017-01-06,154050.89355717297,TQQQ,56223.45266495817,0.0,2.581679582595825,False
2017-01-09,155610.37137187974,TQQQ,56223.45266495817,0.0,2.581679582595825,False
2017-01-10,156501.44984780878,TQQQ,56223.45266495817,0.0,2.581679582595825,False
2017-01-11,157704.46946271256,TQQQ,56223.45266495817,0.0,2.581679582595825,False
2017-01-12,156902.43851315576,TQQQ,56223.45266495817,0.0,2.581679582595825,False
2017-01-13,158706.95453079575,TQQQ,56223.45266495817,0.0,2.581679582595825,False
2017-01-17,157214.3528426991,TQQQ,56223.45266495817,0.0,2.581679582595825,False
2017-01-18,158283.68722796105,TQQQ,56223.45266495817,0.0,2.581679582595825,False
2017-01-19,157860.40652041067,TQQQ,56223.45266495817,0.0,2.581679582595825,False
2017-01-20,158885.21044012863,TQQQ,56223.45266495817,0.0,2.581679582595825,False
2017-01-23,159241.61502106886,TQQQ,56223.45266495817,0.0,2.581679582595825,False
2017-01-24,162561.0113642931,TQQQ,56223.45266495817,0.0,2.581679582595825,False
2017-01-25,167306.18688786664,TQQQ,56223.45266495817,0.0,2.581679582595825,False
2017-01-26,167996.8112452693,TQQQ,56223.45266495817,0.0,2.581679582595825,False
2017-01-27,168798.78857596326,TQQQ,56223.45266495817,0.0,2.581679582595825,False
2017-01-30,164967.05059410067,TQQQ,56223.45266495817,0.0,2.581679582595825,False
2017-01-31,164053.63986182114,TQQQ,56223.45266495817,0.0,2.581679582595825,False
2017-02-01,167172.5552770876,TECL,32623.39390434651,0.0,5.12431526184082,False
2017-02-02,166609.3797278098,TECL,32623.39390434651,0.0,5.12431526184082,False
2017-02-03,169692.02811460337,TECL,32623.39390434651,0.0,5.12431526184082,False
2017-02-06,169988.38635533734,TECL,32623.39390434651,0.0,5.12431526184082,False
2017-02-07,172063.26738558963,TECL,32623.39390434651,0.0,5.12431526184082,False
2017-02-08,173071.03474213093,TECL,32623.39390434651,0.0,5.12431526184082,False
2017-02-09,174908.7327323081,TECL,32623.39390434651,0.0,5.12431526184082,False
2017-02-10,175975.79973787977,TECL,32623.39390434651,0.0,5.12431526184082,False
2017-02-13,178406.2919897571,TECL,32623.39390434651,0.0,5.12431526184082,False
2017-02-14,180332.95500952628,TECL,32623.39390434651,0.0,5.12431526184082,False
2017-02-15,182200.30282421867,TECL,32623.39390434651,0.0,5.12431526184082,False
2017-02-16,183652.69310011633,TECL,32623.39390434651,0.0,5.12431526184082,False
2017-02-17,184927.19998496925,TECL,32623.39390434651,0.0,5.12431526184082,False
2017-02-21,188158.06638224592,TECL,32623.39390434651,0.0,5.12431526184082,False
2017-02-22,188958.34719136663,TECL,32623.39390434651,0.0,5.12431526184082,False
2017-02-23,188543.42076466477,TECL,32623.39390434651,0.0,5.12431526184082,False
2017-02-24,189966.11454790793,TECL,32623.39390434651,0.0,5.12431526184082,False
2017-02-27,189462.28531579982,TECL,32623.39390434651,0.0,5.12431526184082,False
2017-02-28,187061.3651082055,TECL,32623.39390434651,0.0,5.12431526184082,False
2017-03-01,194767.90829495722,TECL,32623.39390434651,0.0,5.733963966369629,False
2017-03-02,191181.36845186978,TECL,32623.39390434651,0.0,5.733963966369629,False
2017-03-03,191685.29102025653,TECL,32623.39390434651,0.0,5.733963966369629,False
2017-03-06,191092.48120250998,TECL,32623.39390434651,0.0,5.733963966369629,False
2017-03-07,191270.3334814618,TECL,32623.39390434651,0.0,5.733963966369629,False
2017-03-08,191744.52844510117,TECL,32623.39390434651,0.0,5.733963966369629,False
2017-03-09,191537.07300977345,TECL,32623.39390434651,0.0,5.733963966369629,False
2017-03-10,194590.04045995895,TECL,32623.39390434651,0.0,5.733963966369629,False
2017-03-13,195479.2551865788,TECL,32623.39390434651,0.0,5.733963966369629,False
2017-03-14,193700.84128938557,TECL,32623.39390434651,0.0,5.733963966369629,False
2017-03-15,197583.7549292534,TECL,32623.39390434651,0.0,5.733963966369629,False
2017-03-16,198828.65865773047,TECL,32623.39390434651,0.0,5.733963966369629,False
2017-03-17,199184.31654749482,TECL,32623.39390434651,0.0,5.733963966369629,False
2017-03-20,199688.19244774224,TECL,32623.39390434651,0.0,5.733963966369629,False
2017-03-21,191448.15464832075,TECL,32623.39390434651,0.0,5.733963966369629,False
2017-03-22,194945.74501786262,TECL,32623.39390434651,0.0,5.733963966369629,False
2017-03-23,193226.58410156044,TECL,32623.39390434651,0.0,5.733963966369629,False
2017-03-24,193463.7204734962,TECL,32623.39390434651,0.0,5.733963966369629,False
2017-03-27,193463.7204734962,TECL,32623.39390434651,0.0,5.733963966369629,False
2017-03-28,197168.79739045867,TECL,32623.39390434651,0.0,5.733963966369629,False
2017-03-29,198443.35094345093,TECL,32623.39390434651,0.0,5.733963966369629,False
2017-03-30,199362.15327040022,TECL,32623.39390434651,0.0,5.733963966369629,False
2017-03-31,198443.35094345093,TECL,32623.39390434651,0.0,5.733963966369629,False
2017-04-03,197850.54112570436,TECL,32623.39390434651,0.0,6.082854270935059,False
2017-04-04,198087.61527345437,TECL,32623.39390434651,0.0,6.082854270935059,False
2017-04-05,196220.29857085488,TECL,32623.39390434651,0.0,6.082854270935059,False
2017-04-06,195805.3254760137,TECL,32623.39390434651,0.0,6.082854270935059,False
2017-04-07,195627.4887531083,TECL,32623.39390434651,0.0,6.082854270935059,False
2017-04-10,194560.45285962953,TECL,32623.39390434651,0.0,6.082854270935059,False
2017-04-11,192337.38493098703,TECL,32623.39390434651,0.0,6.082854270935059,False
2017-04-12,190321.80354976514,TECL,32623.39390434651,0.0,6.082854270935059,False
2017-04-13,188098.81340135486,TECL,32623.39390434651,0.0,6.082854270935059,False
2017-04-17,192930.1947487336,TECL,32623.39390434651,0.0,6.082854270935059,False
2017-04-18,192722.72375735946,TECL,32623.39390434651,0.0,6.082854270935059,False
2017-04-19,192218.84785711204,TECL,32623.39390434651,0.0,6.082854270935059,False
2017-04-20,197198.416102881,TECL,32623.39390434651,0.0,6.082854270935059,False
2017-04-21,196368.46991319864,TECL,32623.39390434651,0.0,6.082854270935059,False
2017-04-24,203215.4326417993,TECL,32623.39390434651,0.0,6.082854270935059,False
2017-04-25,206505.53646392058,TECL,32623.39390434651,0.0,6.082854270935059,False
2017-04-26,205853.4581092365,TECL,32623.39390434651,0.0,6.082854270935059,False
2017-04-27,208698.923455955,TECL,32623.39390434651,0.0,6.082854270935059,False
2017-04-28,209736.37174910435,TECL,32623.39390434651,0.0,6.082854270935059,False
2017-05-01,214330.6478366402,TECL,32623.39390434651,0.0,6.429017543792725,False
2017-05-02,215634.82010205477,TECL,32623.39390434651,0.0,6.429017543792725,False
2017-05-03,214300.998012125,TECL,32623.39390434651,0.0,6.429017543792725,False
2017-05-04,214123.17684526605,TECL,32623.39390434651,0.0,6.429017543792725,False
2017-05-05,216612.96874617375,TECL,32623.39390434651,0.0,6.429017543792725,False
2017-05-08,219280.5818139404,TECL,32623.39390434651,0.0,6.429017543792725,False
2017-05-09,220021.62519821647,TECL,32623.39390434651,0.0,6.429017543792725,False
2017-05-10,222600.36657266974,TECL,32623.39390434651,0.0,6.429017543792725,False
2017-05-11,221859.35430048654,TECL,32623.39390434651,0.0,6.429017543792725,False
2017-05-12,223667.418022195,TECL,32623.39390434651,0.0,6.429017543792725,False
2017-05-15,226809.28827778675,TECL,32623.39390434651,0.0,6.429017543792725,False
2017-05-16,230158.6917489384,TECL,32623.39390434651,0.0,6.429017543792725,False
2017-05-17,211129.4934880645,TECL,32623.39390434651,0.0,6.429017543792725,False
2017-05-18,215545.91729664852,TECL,32623.39390434651,0.0,6.429017543792725,False
2017-05-19,218835.9900066769,TECL,32623.39390434651,0.0,6.429017543792725,False
2017-05-22,224289.81544027096,TECL,32623.39390434651,0.0,6.429017543792725,False
2017-05-23,224971.605843656,TECL,32623.39390434651,0.0,6.429017543792725,False
2017-05-24,227491.03201303244,TECL,32623.39390434651,0.0,6.429017543792725,False
2017-05-25,233033.8535883114,TECL,32623.39390434651,0.0,6.429017543792725,False
2017-05-26,232826.30481670506,TECL,32623.39390434651,0.0,6.429017543792725,False
2017-05-30,235434.71157171996,TECL,32623.39390434651,0.0,6.429017543792725,False
2017-05-31,234011.92445219817,TECL,32623.39390434651,0.0,6.429017543792725,False
2017-06-01,235582.86735801728,TECL,32623.39390434651,0.0,7.173132419586182,False
2017-06-02,242074.18775290003,TECL,32623.39390434651,0.0,7.173132419586182,False
2017-06-05,242933.73709895823,TECL,32623.39390434651,0.0,7.173132419586182,False
2017-06-06,241718.48319499634,TECL,32623.39390434651,0.0,7.173132419586182,False
2017-06-07,243526.56247275122,TECL,32623.39390434651,0.0,7.173132419586182,False
2017-06-08,245542.08162978737,TECL,32623.39390434651,0.0,7.173132419586182,False
2017-06-09,226898.25330737876,TECL,32623.39390434651,0.0,7.173132419586182,False
2017-06-12,222837.47183251265,TECL,32623.39390434651,0.0,7.173132419586182,False
2017-06-13,227579.95037448514,TECL,32623.39390434651,0.0,7.173132419586182,False
2017-06-14,224497.37976792376,TECL,32623.39390434651,0.0,7.173132419586182,False
2017-06-15,221385.08155661498,TECL,32623.39390434651,0.0,7.173132419586182,False
2017-06-16,219754.90122595127,TECL,32623.39390434651,0.0,7.173132419586182,False
2017-06-19,229802.98719103474,TECL,32623.39390434651,0.0,7.173132419586182,False
2017-06-20,224645.56666631397,TECL,32623.39390434651,0.0,7.173132419586182,False
2017-06-21,228024.58884988795,TECL,32623.39390434651,0.0,7.173132419586182,False
2017-06-22,228320.9470906219,TECL,32623.39390434651,0.0,7.173132419586182,False
2017-06-23,232203.8918425826,TECL,32623.39390434651,0.0,7.173132419586182,False
2017-06-26,228587.70217498,TECL,32623.39390434651,0.0,7.173132419586182,False
2017-06-27,217531.81774126235,TECL,32623.39390434651,0.0,7.173132419586182,False
2017-06-28,225475.46618785698,TECL,32623.39390434651,0.0,7.173132419586182,False
2017-06-29,210610.73200697836,CASH,0.0,210610.73200697836,,False
2017-06-30,210610.73200697836,CASH,0.0,210610.73200697836,,False
2017-07-03,210610.73200697836,TQQQ,55950.29284478958,0.0,3.764247179031372,False
2017-07-05,216618.73630139095,TQQQ,55950.29284478958,0.0,3.764247179031372,False
2017-07-06,210898.93383424496,TQQQ,55950.29284478958,0.0,3.764247179031372,False
2017-07-07,217217.25699501735,TQQQ,55950.29284478958,0.0,3.764247179031372,False
2017-07-10,221762.02839728913,TQQQ,55950.29284478958,0.0,3.764247179031372,False
2017-07-11,223579.96096945863,TQQQ,55950.29284478958,0.0,3.764247179031372,False
2017-07-12,231538.8268436182,TQQQ,55950.29284478958,0.0,3.764247179031372,False
2017-07-13,233068.55758852107,TQQQ,55950.29284478958,0.0,3.764247179031372,False
2017-07-14,238544.37896699746,TQQQ,55950.29284478958,0.0,3.764247179031372,False
2017-07-17,238677.40135170022,TQQQ,55950.29284478958,0.0,3.764247179031372,False
2017-07-18,243421.67965184746,TQQQ,55950.29284478958,0.0,3.764247179031372,False
2017-07-19,247877.7694643174,TQQQ,55950.29284478958,0.0,3.764247179031372,False
2017-07-20,248808.89947805795,TQQQ,55950.29284478958,0.0,3.764247179031372,False
2017-07-21,248432.00272140017,TQQQ,55950.29284478958,0.0,3.764247179031372,False
2017-07-24,251668.74735327365,TQQQ,55950.29284478958,0.0,3.764247179031372,False
2017-07-25,249983.79714703895,TQQQ,55950.29284478958,0.0,3.764247179031372,False
2017-07-26,252223.00728953507,TQQQ,55950.29284478958,0.0,3.764247179031372,False
2017-07-27,247722.55000298558,TQQQ,55950.29284478958,0.0,3.764247179031372,False
2017-07-28,246924.4690531264,TQQQ,55950.29284478958,0.0,3.764247179031372,False
2017-07-31,243709.94817706067,TQQQ,55950.29284478958,0.0,3.764247179031372,False
2017-08-01,245306.05671842172,TQQQ,55950.29284478958,0.0,4.35582971572876,False
2017-08-02,247101.8589119087,TQQQ,55950.29284478958,0.0,4.35582971572876,False
2017-08-03,244530.09280765572,TQQQ,55950.29284478958,0.0,4.35582971572876,False
2017-08-04,245483.4999355613,TQQQ,55950.29284478958,0.0,4.35582971572876,False
2017-08-07,249828.68440242167,TQQQ,55950.29284478958,0.0,4.35582971572876,False
2017-08-08,248897.63442621706,TQQQ,55950.29284478958,0.0,4.35582971572876,False
2017-08-09,247922.08358003967,TQQQ,55950.29284478958,0.0,4.35582971572876,False
2017-08-10,231827.0153312955,TQQQ,55950.29284478958,0.0,4.35582971572876,False
2017-08-11,237125.52688852552,TQQQ,55950.29284478958,0.0,4.35582971572876,False
2017-08-14,246348.03871941453,TQQQ,55950.29284478958,0.0,4.35582971572876,False
2017-08-15,246791.4733476023,TQQQ,55950.29284478958,0.0,4.35582971572876,False
2017-08-16,248077.32972055016,TQQQ,55950.29284478958,0.0,4.35582971572876,False
2017-08-17,232824.60317903012,TQQQ,55950.29284478958,0.0,4.35582971572876,False
2017-08-18,232004.32515254186,TQQQ,55950.29284478958,0.0,4.35582971572876,False
2017-08-21,231583.11428016183,TQQQ,55950.29284478958,0.0,4.35582971572876,False
2017-08-22,241892.00226530185,TQQQ,55950.29284478958,0.0,4.35582971572876,False
2017-08-23,239187.373851418,TQQQ,55950.29284478958,0.0,4.35582971572876,False
2017-08-24,237192.0380808769,TQQQ,55950.29284478958,0.0,4.35582971572876,False
2017-08-25,235595.9028603372,TQQQ,55950.29284478958,0.0,4.35582971572876,False
2017-08-28,237657.61642733647,TQQQ,55950.29284478958,0.0,4.35582971572876,False
2017-08-29,240583.97549490357,TQQQ,55950.29284478958,0.0,4.35582971572876,False
2017-08-30,248919.75146531023,TQQQ,55950.29284478958,0.0,4.35582971572876,False
2017-08-31,255991.8414602195,TQQQ,55950.29284478958,0.0,4.35582971572876,False
2017-09-01,255814.4516014372,TECL,32068.148941186588,0.0,7.977212905883789,False
2017-09-05,248821.83871409716,TECL,32068.148941186588,0.0,7.977212905883789,False
2017-09-06,249346.29920736843,TECL,32068.148941186588,0.0,7.977212905883789,False
2017-09-07,251618.96644197224,TECL,32068.148941186588,0.0,7.977212905883789,False
2017-09-08,245471.1817601469,TECL,32068.148941186588,0.0,7.977212905883789,False
2017-09-11,255639.7180876285,TECL,32068.148941186588,0.0,7.977212905883789,False
2017-09-12,257795.77398274644,TECL,32068.148941186588,0.0,7.977212905883789,False
2017-09-13,256368.08786650747,TECL,32068.148941186588,0.0,7.977212905883789,False
2017-09-14,253862.381448352,TECL,32068.148941186588,0.0,7.977212905883789,False
2017-09-15,256834.25798132078,TECL,32068.148941186588,0.0,7.977212905883789,False
2017-09-18,257183.87792178828,TECL,32068.148941186588,0.0,7.977212905883789,False
2017-09-19,261437.7910812763,TECL,32068.148941186588,0.0,7.977212905883789,False
2017-09-20,257970.5839529802,TECL,32068.148941186588,0.0,7.977212905883789,False
2017-09-21,253600.1512017164,TECL,32068.148941186588,0.0,7.977212905883789,False
2017-09-22,254241.17716061848,TECL,32068.148941186588,0.0,7.977212905883789,False
2017-09-25,245121.63827610447,TECL,32068.148941186588,0.0,7.977212905883789,False
2017-09-26,247131.93764250755,TECL,32068.148941186588,0.0,7.977212905883789,False
2017-09-27,254590.87355751105,TECL,32068.148941186588,0.0,7.977212905883789,False
2017-09-28,256018.45263475497,TECL,32068.148941186588,0.0,7.977212905883789,False
2017-09-29,261000.7355731219,TECL,32068.148941186588,0.0,7.977212905883789,False
2017-10-02,261903.96119608963,TECL,32068.148941186588,0.0,8.13893985748291,False
2017-10-03,264001.7114214646,TECL,32068.148941186588,0.0,8.13893985748291,False
2017-10-04,263069.31002669793,TECL,32068.148941186588,0.0,8.13893985748291,False
2017-10-05,270528.15419399133,TECL,32068.148941186588,0.0,8.13893985748291,False
2017-10-06,272101.56625637517,TECL,32068.148941186588,0.0,8.13893985748291,False
2017-10-09,273937.16269153956,TECL,32068.148941186588,0.0,8.13893985748291,False
2017-10-10,274578.1733591567,TECL,32068.148941186588,0.0,8.13893985748291,False
2017-10-11,277666.52361004625,TECL,32068.148941186588,0.0,8.13893985748291,False
2017-10-12,275772.69796156394,TECL,32068.148941186588,0.0,8.13893985748291,False
2017-10-13,279472.9748559817,TECL,32068.148941186588,0.0,8.13893985748291,False
2017-10-16,282444.8666802355,TECL,32068.148941186588,0.0,8.13893985748291,False
2017-10-17,282095.246739768,TECL,32068.148941186588,0.0,8.13893985748291,False
2017-10-18,284309.54713948886,TECL,32068.148941186588,0.0,8.13893985748291,False
2017-10-19,281716.4204449315,TECL,32068.148941186588,0.0,8.13893985748291,False
2017-10-20,286960.872464794,TECL,32068.148941186588,0.0,8.13893985748291,False
2017-10-23,283464.611894979,TECL,32068.148941186588,0.0,8.13893985748291,False
2017-10-24,285591.507309583,TECL,32068.148941186588,0.0,8.13893985748291,False
2017-10-25,281745.6267993005,TECL,32068.148941186588,0.0,8.13893985748291,False
2017-10-26,284542.6474881805,TECL,32068.148941186588,0.0,8.13893985748291,False
2017-10-27,306977.37862080865,TECL,32068.148941186588,0.0,8.13893985748291,False
2017-10-30,310211.5465655531,TECL,32068.148941186588,0.0,8.13893985748291,False
2017-10-31,313882.70885331195,TECL,32068.148941186588,0.0,8.13893985748291,False
2017-11-01,313591.25696102227,TQQQ,60982.004099320424,0.0,5.142357349395752,False
2017-11-02,311996.5346572432,TQQQ,60982.004099320424,0.0,5.142357349395752,False
2017-11-03,320695.3926838983,TQQQ,60982.004099320424,0.0,5.142357349395752,False
2017-11-06,323957.35903438384,TQQQ,60982.004099320424,0.0,5.142357349395752,False
2017-11-07,324488.9719069576,TQQQ,60982.004099320424,0.0,5.142357349395752,False
2017-11-08,328548.473880246,TQQQ,60982.004099320424,0.0,5.142357349395752,False
2017-11-09,323280.7899114119,TQQQ,60982.004099320424,0.0,5.142357349395752,False
2017-11-10,323184.16210397496,TQQQ,60982.004099320424,0.0,5.142357349395752,False
2017-11-13,324150.6437277433,TQQQ,60982.004099320424,0.0,5.142357349395752,False
2017-11-14,320888.61922028667,TQQQ,60982.004099320424,0.0,5.142357349395752,False
2017-11-15,316176.79958096356,TQQQ,60982.004099320424,0.0,5.142357349395752,False
2017-11-16,328016.7737722156,TQQQ,60982.004099320424,0.0,5.142357349395752,False
2017-11-17,324343.9574995883,TQQQ,60982.004099320424,0.0,5.142357349395752,False
2017-11-20,323546.6254261843,TQQQ,60982.004099320424,0.0,5.142357349395752,False
2017-11-21,333743.4907137249,TQQQ,60982.004099320424,0.0,5.142357349395752,False
2017-11-22,335072.46473818825,TQQQ,60982.004099320424,0.0,5.142357349395752,False
2017-11-24,338841.99605370907,TQQQ,60982.004099320424,0.0,5.142357349395752,False
2017-11-27,338286.24803814024,TQQQ,60982.004099320424,0.0,5.142357349395752,False
2017-11-28,340775.0465367025,TQQQ,60982.004099320424,0.0,5.142357349395752,False
2017-11-29,323256.6256899313,TQQQ,60982.004099320424,0.0,5.142357349395752,False
2017-11-30,331278.85643664334,TQQQ,60982.004099320424,0.0,5.142357349395752,False
2017-12-01,326856.94929811667,TQQQ,60982.004099320424,0.0,5.432403564453125,False
2017-12-04,315572.72312243347,TQQQ,60982.004099320424,0.0,5.432403564453125,False
2017-12-05,316031.7851735943,TQQQ,60982.004099320424,0.0,5.432403564453125,False
2017-12-06,320212.0500973147,TQQQ,60982.004099320424,0.0,5.432403564453125,False
2017-12-07,323377.4758758199,TQQQ,60982.004099320424,0.0,5.432403564453125,False
2017-12-08,327654.36860697734,TQQQ,60982.004099320424,0.0,5.432403564453125,False
2017-12-11,335169.0925456252,TQQQ,60982.004099320424,0.0,5.432403564453125,False
2017-12-12,333912.7274995459,TQQQ,60982.004099320424,0.0,5.432403564453125,False
2017-12-13,335579.97154625243,TQQQ,60982.004099320424,0.0,5.432403564453125,False
2017-12-14,335096.62895966886,TQQQ,60982.004099320424,0.0,5.432403564453125,False
2017-12-15,345994.2566701476,TQQQ,60982.004099320424,0.0,5.432403564453125,False
2017-12-18,354886.37031167664,TQQQ,60982.004099320424,0.0,5.432403564453125,False
2017-12-19,349111.3540056916,TQQQ,60982.004099320424,0.0,5.432403564453125,False
2017-12-20,347661.5007168541,TQQQ,60982.004099320424,0.0,5.432403564453125,False
2017-12-21,347492.4674804319,TQQQ,60982.004099320424,0.0,5.432403564453125,False
2017-12-22,346332.5266923908,TQQQ,60982.004099320424,0.0,5.432403564453125,False
2017-12-26,340726.7180937412,TQQQ,60982.004099320424,0.0,5.432403564453125,False
2017-12-27,340726.7180937412,TQQQ,60982.004099320424,0.0,5.432403564453125,False
2017-12-28,341644.87127454835,TQQQ,60982.004099320424,0.0,5.432403564453125,False
2017-12-29,335193.3149240769,TQQQ,60982.004099320424,0.0,5.432403564453125,False
2018-01-02,352397.5718131144,TQQQ,60982.004099320424,0.0,5.496593952178955,False
2018-01-03,362715.2872865437,TQQQ,60982.004099320424,0.0,5.496593952178955,False
2018-01-04,364841.70969835314,TQQQ,60982.004099320424,0.0,5.496593952178955,False
2018-01-05,375860.158516235,TQQQ,60982.004099320424,0.0,5.496593952178955,False
2018-01-08,380040.33620449883,TQQQ,60982.004099320424,0.0,5.496593952178955,False
2018-01-09,380330.39409772295,TQQQ,60982.004099320424,0.0,5.496593952178955,False
2018-01-10,377624.14668432064,TQQQ,60982.004099320424,0.0,5.496593952178955,False
2018-01-11,385187.19906592974,TQQQ,60982.004099320424,0.0,5.496593952178955,False
2018-01-12,393354.38606304006,TQQQ,60982.004099320424,0.0,5.496593952178955,False
2018-01-16,390309.7813919379,TQQQ,60982.004099320424,0.0,5.496593952178955,False
2018-01-17,402608.9339482929,TQQQ,60982.004099320424,0.0,5.496593952178955,False
2018-01-18,402995.5324134974,TQQQ,60982.004099320424,0.0,5.496593952178955,False
2018-01-19,406861.60430099856,TQQQ,60982.004099320424,0.0,5.496593952178955,False
2018-01-22,419571.5486225242,TQQQ,60982.004099320424,0.0,5.496593952178955,False
2018-01-23,430203.36989671603,TQQQ,60982.004099320424,0.0,5.496593952178955,False
2018-01-24,421480.5221194936,TQQQ,60982.004099320424,0.0,5.496593952178955,False
2018-01-25,420948.8801684343,TQQQ,60982.004099320424,0.0,5.496593952178955,False
2018-01-26,439747.91751822195,TQQQ,60982.004099320424,0.0,5.496593952178955,False
2018-01-29,433924.54369079013,TQQQ,60982.004099320424,0.0,5.496593952178955,False
2018-01-30,422833.6022084664,TQQQ,60982.004099320424,0.0,5.496593952178955,False
2018-01-31,428052.8704988826,TQQQ,60982.004099320424,0.0,5.496593952178955,False
2018-02-01,417348.6147172199,TQQQ,60982.004099320424,0.0,7.019330978393555,False
2018-02-02,391856.2334097268,TQQQ,60982.004099320424,0.0,7.019330978393555,False
2018-02-05,381176.10274679004,CASH,0.0,381176.10274679004,,False
2018-02-06,381176.10274679004,CASH,0.0,381176.10274679004,,False
2018-02-07,381176.10274679004,CASH,0.0,381176.10274679004,,False
2018-02-08,381176.10274679004,CASH,0.0,381176.10274679004,,False
2018-02-09,381176.10274679004,CASH,0.0,381176.10274679004,,False
2018-02-12,381176.10274679004,CASH,0.0,381176.10274679004,,False
2018-02-13,381176.10274679004,CASH,0.0,381176.10274679004,,False
2018-02-14,381176.10274679004,CASH,0.0,381176.10274679004,,False
2018-02-15,381176.10274679004,CASH,0.0,381176.10274679004,,False
2018-02-16,381176.10274679004,CASH,0.0,381176.10274679004,,False
2018-02-20,381176.10274679004,CASH,0.0,381176.10274679004,,False
2018-02-21,381176.10274679004,CASH,0.0,381176.10274679004,,False
2018-02-22,381176.10274679004,CASH,0.0,381176.10274679004,,False
2018-02-23,381176.10274679004,CASH,0.0,381176.10274679004,,False
2018-02-26,381176.10274679004,CASH,0.0,381176.10274679004,,False
2018-02-27,381176.10274679004,CASH,0.0,381176.10274679004,,False
2018-02-28,381176.10274679004,CASH,0.0,381176.10274679004,,False
2018-03-01,381176.10274679,TECL,33593.09986582818,0.0,11.346857070922852,False
2018-03-02,391929.76091411716,TECL,33593.09986582818,0.0,11.346857070922852,False
2018-03-05,403538.867759096,TECL,33593.09986582818,0.0,11.346857070922852,False
2018-03-06,406318.93179551966,TECL,33593.09986582818,0.0,11.346857070922852,False
2018-03-07,413101.13856126275,TECL,33593.09986582818,0.0,11.346857070922852,False
2018-03-08,418111.35364812054,TECL,33593.09986582818,0.0,11.346857070922852,False
2018-03-09,441696.19735332235,TECL,33593.09986582818,0.0,11.346857070922852,False
2018-03-12,445912.1541967399,TECL,33593.09986582818,0.0,11.346857070922852,False
2018-03-13,431003.6014727005,TECL,33593.09986582818,0.0,11.346857070922852,False
2018-03-14,429720.49252997595,TECL,33593.09986582818,0.0,11.346857070922852,False
2018-03-15,430453.68848671095,TECL,33593.09986582818,0.0,11.346857070922852,False
2018-03-16,428467.850656851,TECL,33593.09986582818,0.0,11.346857070922852,False
2018-03-19,402958.4556666304,TECL,33593.09986582818,0.0,11.346857070922852,False
2018-03-20,402714.01429855,TECL,33593.09986582818,0.0,11.346857070922852,False
2018-03-21,395320.8642969887,TECL,33593.09986582818,0.0,11.346857070922852,False
2018-03-22,363945.67739475233,TECL,33593.09986582818,0.0,11.346857070922852,False
2018-03-23,343058.492472111,CASH,0.0,343058.492472111,,False
2018-03-26,343058.492472111,CASH,0.0,343058.492472111,,False
2018-03-27,343058.492472111,CASH,0.0,343058.492472111,,False
2018-03-28,343058.492472111,CASH,0.0,343058.492472111,,False
2018-03-29,343058.492472111,CASH,0.0,343058.492472111,,False
2018-04-02,343058.492472111,TQQQ,66020.44077124589,0.0,5.19624662399292,False
2018-04-03,354568.79582535784,TQQQ,66020.44077124589,0.0,5.19624662399292,False
2018-04-04,371337.11865382397,TQQQ,66020.44077124589,0.0,5.19624662399292,False
2018-04-05,377170.73672135384,TQQQ,66020.44077124589,0.0,5.19624662399292,False
2018-04-06,349022.9455729839,TQQQ,66020.44077124589,0.0,5.19624662399292,False
2018-04-09,356007.54045813956,TQQQ,66020.44077124589,0.0,5.19624662399292,False
2018-04-10,379525.10622054094,TQQQ,66020.44077124589,0.0,5.19624662399292,False
2018-04-11,373142.17619516654,TQQQ,66020.44077124589,0.0,5.19624662399292,False
2018-04-12,386221.9962525394,TQQQ,66020.44077124589,0.0,5.19624662399292,False
2018-04-13,380493.08398888307,TQQQ,66020.44077124589,0.0,5.19624662399292,False
2018-04-16,388890.3257583505,TQQQ,66020.44077124589,0.0,5.19624662399292,False
2018-04-17,413768.2484651255,TQQQ,66020.44077124589,0.0,5.19624662399292,False
2018-04-18,416645.7692116883,TQQQ,66020.44077124589,0.0,5.19624662399292,False
2018-04-19,405318.59083172254,TQQQ,66020.44077124589,0.0,5.19624662399292,False
2018-04-20,385881.90701644594,TQQQ,66020.44077124589,0.0,5.19624662399292,False
2018-04-23,382847.4220070708,TQQQ,66020.44077124589,0.0,5.19624662399292,False
2018-04-24,358440.3920887328,TQQQ,66020.44077124589,0.0,5.19624662399292,False
2018-04-25,359853.1019350433,TQQQ,66020.44077124589,0.0,5.19624662399292,False
2018-04-26,382167.18057288526,TQQQ,66020.44077124589,0.0,5.19624662399292,False
2018-04-27,383056.73917181994,TQQQ,66020.44077124589,0.0,5.19624662399292,False
2018-04-30,374894.8808345723,TQQQ,66020.44077124589,0.0,5.19624662399292,False
2018-05-01,387085.3311790066,TQQQ,66020.44077124589,0.0,5.678466796875,False
2018-05-02,380336.1197260707,TQQQ,66020.44077124589,0.0,5.678466796875,False
2018-05-03,380362.1859935414,TQQQ,66020.44077124589,0.0,5.678466796875,False
2018-05-04,401760.92309397226,TQQQ,66020.44077124589,0.0,5.678466796875,False
2018-05-07,411309.2046430642,TQQQ,66020.44077124589,0.0,5.678466796875,False
2018-05-08,409948.8162176912,TQQQ,66020.44077124589,0.0,5.678466796875,False
2018-05-09,423682.6855177815,TQQQ,66020.44077124589,0.0,5.678466796875,False
2018-05-10,436867.2743410266,TQQQ,66020.44077124589,0.0,5.678466796875,False
2018-05-11,435559.2073365911,TQQQ,66020.44077124589,0.0,5.678466796875,False
2018-05-14,437494.9739872792,TQQQ,66020.44077124589,0.0,5.678466796875,False
2018-05-15,423342.69072468614,TQQQ,66020.44077124589,0.0,5.678466796875,False
2018-05-16,431138.17319137417,TQQQ,66020.44077124589,0.0,5.678466796875,False
2018-05-17,426272.50141118706,TQQQ,66020.44077124589,0.0,5.678466796875,False
2018-05-18,419444.7763458456,TQQQ,66020.44077124589,0.0,5.678466796875,False
2018-05-21,426769.58639109216,TQQQ,66020.44077124589,0.0,5.678466796875,False
2018-05-22,424545.89452025126,TQQQ,66020.44077124589,0.0,5.678466796875,False
2018-05-23,435219.21254349576,TQQQ,66020.44077124589,0.0,5.678466796875,False
2018-05-24,434852.86815393553,TQQQ,66020.44077124589,0.0,5.678466796875,False
2018-05-25,435951.5550316232,TQQQ,66020.44077124589,0.0,5.678466796875,False
2018-05-29,430379.6385117786,TQQQ,66020.44077124589,0.0,5.678466796875,False
2018-05-30,439561.70159530774,TQQQ,66020.44077124589,0.0,5.678466796875,False
2018-05-31,438619.9160184337,TQQQ,66020.44077124589,0.0,5.678466796875,False
2018-06-01,459024.5146400537,TQQQ,66020.44077124589,0.0,6.643698692321777,False
2018-06-04,470796.42509798775,TQQQ,66020.44077124589,0.0,6.643698692321777,False
2018-06-05,475662.1598401736,TQQQ,66020.44077124589,0.0,6.643698692321777,False
2018-06-06,483509.93224679976,TQQQ,66020.44077124589,0.0,6.643698692321777,False
2018-06-07,472287.4596707076,TQQQ,66020.44077124589,0.0,6.643698692321777,False
2018-06-08,471973.5311450829,TQQQ,66020.44077124589,0.0,6.643698692321777,False
2018-06-11,475662.1598401736,TQQQ,66020.44077124589,0.0,6.643698692321777,False
2018-06-12,483196.0666831738,TQQQ,66020.44077124589,0.0,6.643698692321777,False
2018-06-13,482646.7547253293,TQQQ,66020.44077124589,0.0,6.643698692321777,False
2018-06-14,497322.31515929557,TQQQ,66020.44077124589,0.0,6.643698692321777,False
2018-06-15,492378.19272870163,TQQQ,66020.44077124589,0.0,6.643698692321777,False
2018-06-18,491279.4743700146,TQQQ,66020.44077124589,0.0,6.643698692321777,False
2018-06-19,486884.6009352664,TQQQ,66020.44077124589,0.0,6.643698692321777,False
2018-06-20,497086.9317270758,TQQQ,66020.44077124589,0.0,6.643698692321777,False
2018-06-21,484216.2714294553,TQQQ,66020.44077124589,0.0,6.643698692321777,False
2018-06-22,479350.56816826883,TQQQ,66020.44077124589,0.0,6.643698692321777,False
2018-06-25,448743.7017168382,TQQQ,66020.44077124589,0.0,6.643698692321777,False
2018-06-26,453687.8871094308,TQQQ,66020.44077124589,0.0,6.643698692321777,False
2018-06-27,435480.819648183,TQQQ,66020.44077124589,0.0,6.643698692321777,False
2018-06-28,446153.98026643065,TQQQ,66020.44077124589,0.0,6.643698692321777,False
2018-06-29,448194.3582779943,TQQQ,66020.44077124589,0.0,6.643698692321777,False
2018-07-02,458239.7248069913,TECL,36637.816733073545,0.0,12.507287979125977,False
2018-07-03,441415.0138994591,TECL,36637.816733073545,0.0,12.507287979125977,False
2018-07-05,459575.0825492099,TECL,36637.816733073545,0.0,12.507287979125977,False
2018-07-06,476199.5142537907,TECL,36637.816733073545,0.0,12.507287979125977,False
2018-07-09,486948.6234645325,TECL,36637.816733073545,0.0,12.507287979125977,False
2018-07-10,490353.6144985202,TECL,36637.816733073545,0.0,12.507287979125977,False
2018-07-11,482742.4107971046,TECL,36637.816733073545,0.0,12.507287979125977,False
2018-07-12,506844.5034407702,TECL,36637.816733073545,0.0,12.507287979125977,False
2018-07-13,505442.44419847586,TECL,36637.816733073545,0.0,12.507287979125977,False
2018-07-16,502004.11988472263,TECL,36637.816733073545,0.0,12.507287979125977,False
2018-07-17,512486.14357080276,TECL,36637.816733073545,0.0,12.507287979125977,False
2018-07-18,510216.1262544477,TECL,36637.816733073545,0.0,12.507287979125977,False
2018-07-19,505075.28895342816,TECL,36637.816733073545,0.0,12.507287979125977,False
2018-07-20,504307.47048084316,TECL,36637.816733073545,0.0,12.507287979125977,False
2018-07-23,511851.79797945893,TECL,36637.816733073545,0.0,12.507287979125977,False
2018-07-24,520798.2895420035,TECL,36637.816733073545,0.0,12.507287979125977,False
2018-07-25,539459.0561991328,TECL,36637.816733073545,0.0,12.507287979125977,False
2018-07-26,515423.7349366326,TECL,36637.816733073545,0.0,12.507287979125977,False
2018-07-27,487683.0737168072,TECL,36637.816733073545,0.0,12.507287979125977,False
2018-07-30,465684.0874068555,TECL,36637.816733073545,0.0,12.507287979125977,False
2018-07-31,469589.70656713215,TECL,36637.816733073545,0.0,12.507287979125977,False
2018-08-01,481206.84373302426,TECL,36637.816733073545,0.0,12.817076683044434,False
2018-08-02,500134.6609742704,TECL,36637.816733073545,0.0,12.817076683044434,False
2018-08-03,505409.1458592552,TECL,36637.816733073545,0.0,12.817076683044434,False
2018-08-06,513888.2028130971,TECL,36637.816733073545,0.0,12.817076683044434,False
2018-08-07,519129.21465613716,TECL,36637.816733073545,0.0,12.817076683044434,False
2018-08-08,522968.2021974277,TECL,36637.816733073545,0.0,12.817076683044434,False
2018-08-09,523602.47790768184,TECL,36637.816733073545,0.0,12.817076683044434,False
2018-08-10,511284.32859091496,TECL,36637.816733073545,0.0,12.817076683044434,False
2018-08-13,509314.86984116636,TECL,36637.816733073545,0.0,12.817076683044434,False
2018-08-14,518528.34210673807,TECL,36637.816733073545,0.0,12.817076683044434,False
2018-08-15,504841.53670853196,TECL,36637.816733073545,0.0,12.817076683044434,False
2018-08-16,510583.38632112986,TECL,36637.816733073545,0.0,12.817076683044434,False
2018-08-17,513020.17485794675,TECL,36637.816733073545,0.0,12.817076683044434,False
2018-08-20,510316.2658559234,TECL,36637.816733073545,0.0,12.817076683044434,False
2018-08-21,512385.86420714774,TECL,36637.816733073545,0.0,12.817076683044434,False
2018-08-22,516859.26722087176,TECL,36637.816733073545,0.0,12.817076683044434,False
2018-08-23,519763.4903663913,TECL,36637.816733073545,0.0,12.817076683044434,False
2018-08-24,535553.3322172217,TECL,36637.816733073545,0.0,12.817076683044434,False
2018-08-27,550441.9525953156,TECL,36637.816733073545,0.0,12.817076683044434,False
2018-08-28,552177.8338028921,TECL,36637.816733073545,0.0,12.817076683044434,False
2018-08-29,567600.4155870404,TECL,36637.816733073545,0.0,12.817076683044434,False
2018-08-30,562793.2954296686,TECL,36637.816733073545,0.0,12.817076683044434,False
2018-08-31,564128.6182313424,TECL,36637.816733073545,0.0,12.817076683044434,False
2018-09-04,557619.0899083389,TECL,36637.816733073545,0.0,15.397440910339355,False
2018-09-05,535119.3706504637,TECL,36637.816733073545,0.0,15.397440910339355,False
2018-09-06,524270.1218382463,TECL,36637.816733073545,0.0,15.397440910339355,False
2018-09-07,518962.33861404087,TECL,36637.816733073545,0.0,15.397440910339355,False
2018-09-10,523468.93514535105,TECL,36637.816733073545,0.0,15.397440910339355,False
2018-09-11,536821.9535188198,TECL,36637.816733073545,0.0,15.397440910339355,False
2018-09-12,530913.1929235808,TECL,36637.816733073545,0.0,15.397440910339355,False
2018-09-13,548004.9544152297,TECL,36637.816733073545,0.0,15.397440910339355,False
2018-09-14,547237.1708831895,TECL,36637.816733073545,0.0,15.397440910339355,False
2018-09-17,526306.4567907949,TECL,36637.816733073545,0.0,15.397440910339355,False
2018-09-18,535686.8749795526,TECL,36637.816733073545,0.0,15.397440910339355,False
2018-09-19,532548.8995891368,TECL,36637.816733073545,0.0,15.397440910339355,False
2018-09-20,550642.1968577221,TECL,36637.816733073545,0.0,15.397440910339355,False
2018-09-21,545167.4677103307,TECL,36637.816733073545,0.0,15.397440910339355,False
2018-09-24,550975.9489419147,TECL,36637.816733073545,0.0,15.397440910339355,False
2018-09-25,549960.4020065026,TECL,36637.816733073545,0.0,15.397440910339355,False
2018-09-26,542110.135097377,TECL,36637.816733073545,0.0,15.397440910339355,False
2018-09-27,552165.2202662094,TECL,36637.816733073545,0.0,15.397440910339355,False
2018-09-28,558579.0813774753,TECL,36637.816733073545,0.0,15.397440910339355,False
2018-10-01,566763.4497762416,TQQQ,66637.15652761642,0.0,8.505216598510742,False
2018-10-02,563515.7831815577,TQQQ,66637.15652761642,0.0,8.505216598510742,False
2018-10-03,565179.2082190469,TQQQ,66637.15652761642,0.0,8.505216598510742,False
2018-10-04,532939.965612802,TQQQ,66637.15652761642,0.0,8.505216598510742,False
2018-10-05,510087.1047986175,CASH,0.0,510087.1047986175,,False
2018-10-08,510087.1047986175,CASH,0.0,510087.1047986175,,False
2018-10-09,510087.1047986175,CASH,0.0,510087.1047986175,,False
2018-10-10,510087.1047986175,CASH,0.0,510087.1047986175,,False
2018-10-11,510087.1047986175,CASH,0.0,510087.1047986175,,False
2018-10-12,510087.1047986175,CASH,0.0,510087.1047986175,,False
2018-10-15,510087.1047986175,CASH,0.0,510087.1047986175,,False
2018-10-16,510087.1047986175,CASH,0.0,510087.1047986175,,False
2018-10-17,510087.1047986175,CASH,0.0,510087.1047986175,,False
2018-10-18,510087.1047986175,CASH,0.0,510087.1047986175,,False
2018-10-19,510087.1047986175,CASH,0.0,510087.1047986175,,False
2018-10-22,510087.1047986175,CASH,0.0,510087.1047986175,,False
2018-10-23,510087.1047986175,CASH,0.0,510087.1047986175,,False
2018-10-24,510087.1047986175,CASH,0.0,510087.1047986175,,False
2018-10-25,510087.1047986175,CASH,0.0,510087.1047986175,,False
2018-10-26,510087.1047986175,CASH,0.0,510087.1047986175,,False
2018-10-29,510087.1047986175,CASH,0.0,510087.1047986175,,False
2018-10-30,510087.1047986175,CASH,0.0,510087.1047986175,,False
2018-10-31,510087.1047986175,CASH,0.0,510087.1047986175,,False
2018-11-01,510087.1047986175,SHY,7297.916348143771,0.0,69.89489608610798,False
2018-11-02,509472.5038608923,SHY,7297.916348143771,0.0,69.89489608610798,False
2018-11-05,509656.9852278905,SHY,7297.916348143771,0.0,69.89489608610798,False
2018-11-06,509533.8853324689,SHY,7297.916348143771,0.0,69.89489608610798,False
2018-11-07,509349.7409177393,SHY,7297.916348143771,0.0,69.89489608610798,False
2018-11-08,509287.7417003373,SHY,7297.916348143771,0.0,69.89489608610798,False
2018-11-09,509533.8853324689,SHY,7297.916348143771,0.0,69.89489608610798,False
2018-11-12,509902.8480664651,SHY,7297.916348143771,0.0,69.89489608610798,False
2018-11-13,509964.56649031,SHY,7297.916348143771,0.0,69.89489608610798,False
2018-11-14,510333.13611332636,SHY,7297.916348143771,0.0,69.89489608610798,False
2018-11-15,510579.1674280352,SHY,7297.916348143771,0.0,69.89489608610798,False
2018-11-16,510947.8493684743,SHY,7297.916348143771,0.0,69.89489608610798,False
2018-11-19,511378.19357404707,SHY,7297.916348143771,0.0,69.89489608610798,False
2018-11-20,511255.37447218265,SHY,7297.916348143771,0.0,69.89489608610798,False
2018-11-21,511255.37447218265,SHY,7297.916348143771,0.0,69.89489608610798,False
2018-11-23,511132.3868941837,SHY,7297.916348143771,0.0,69.89489608610798,False
2018-11-26,511193.82452447177,SHY,7297.916348143771,0.0,69.89489608610798,False
2018-11-27,511255.37447218265,SHY,7297.916348143771,0.0,69.89489608610798,False
2018-11-28,511439.51888691215,SHY,7297.916348143771,0.0,69.89489608610798,False
2018-11-29,511562.67494104523,SHY,7297.916348143771,0.0,69.89489608610798,False
2018-11-30,511746.98783190886,SHY,7297.916348143771,0.0,69.89489608610798,False
2018-12-03,511328.3246383106,GLD,4392.4775238603,0.0,116.41000366210938,False
2018-12-04,514446.97965881816,GLD,4392.4775238603,0.0,116.41000366210938,False
2018-12-06,514534.81446404,GLD,4392.4775238603,0.0,116.41000366210938,False
2018-12-07,518707.6547069297,GLD,4392.4775238603,0.0,116.41000366210938,False
2018-12-10,516906.7563483578,GLD,4392.4775238603,0.0,116.41000366210938,False
2018-12-11,516291.8121759729,GLD,4392.4775238603,0.0,116.41000366210938,False
2018-12-12,517389.931556938,GLD,4392.4775238603,0.0,116.41000366210938,False
2018-12-13,516247.87801739,GLD,4392.4775238603,0.0,116.41000366210938,False
2018-12-14,514183.4082192646,GLD,4392.4775238603,0.0,116.41000366210938,False
2018-12-17,517741.3378017134,GLD,4392.4775238603,0.0,116.41000366210938,False
2018-12-18,518971.2261464832,GLD,4392.4775238603,0.0,116.41000366210938,False
2018-12-19,515808.63696739275,GLD,4392.4775238603,0.0,116.41000366210938,False
2018-12-20,523759.01056175784,GLD,4392.4775238603,0.0,116.41000366210938,False
2018-12-21,521474.9369946058,GLD,4392.4775238603,0.0,116.41000366210938,False
2018-12-24,527185.1376684578,GLD,4392.4775238603,0.0,116.41000366210938,False
2018-12-26,525603.8765908566,GLD,4392.4775238603,0.0,116.41000366210938,False
2018-12-27,529601.0137113585,GLD,4392.4775238603,0.0,116.41000366210938,False
2018-12-28,531753.3183147059,GLD,4392.4775238603,0.0,116.41000366210938,False
2018-12-31,532587.8997680614,GLD,4392.4775238603,0.0,116.41000366210938,False
2019-01-02,532939.3060128368,GLD,4392.4775238603,0.0,121.25,False
2019-01-03,537771.0245866942,GLD,4392.4775238603,0.0,121.25,False
2019-01-04,533422.4812214168,GLD,4392.4775238603,0.0,121.25,False
2019-01-07,535267.3137385716,GLD,4392.4775238603,0.0,121.25,False
2019-01-08,533817.7881128312,GLD,4392.4775238603,0.0,121.25,False
2019-01-09,537243.9152195312,GLD,4392.4775238603,0.0,121.25,False
2019-01-10,534081.3260404407,GLD,4392.4775238603,0.0,121.25,False
2019-01-11,535003.7758109621,GLD,4392.4775238603,0.0,121.25,False
2019-01-14,536277.5648023708,GLD,4392.4775238603,0.0,121.25,False
2019-01-15,535355.1485437935,GLD,4392.4775238603,0.0,121.25,False
2019-01-16,537068.2120971435,GLD,4392.4775238603,0.0,121.25,False
2019-01-17,536365.4331195367,GLD,4392.4775238603,0.0,121.25,False
2019-01-18,531577.6151923181,GLD,4392.4775238603,0.0,121.25,False
2019-01-22,533466.3818680558,GLD,4392.4775238603,0.0,121.25,False
2019-01-23,532719.668731866,GLD,4392.4775238603,0.0,121.25,False
2019-01-24,531885.0872785106,GLD,4392.4775238603,0.0,121.25,False
2019-01-25,539659.7912624319,GLD,4392.4775238603,0.0,121.25,False
2019-01-28,541548.5579381696,GLD,4392.4775238603,0.0,121.25,False
2019-01-29,544579.3781534553,GLD,4392.4775238603,0.0,121.25,False
2019-01-30,547698.0331739628,GLD,4392.4775238603,0.0,121.25,False
2019-01-31,547961.5711015724,GLD,4392.4775238603,0.0,121.25,False
2019-02-01,546863.4517206074,GLD,4392.4775238603,0.0,124.75,False
2019-02-04,544491.5098362894,GLD,4392.4775238603,0.0,124.75,False
2019-02-05,545897.101303447,GLD,4392.4775238603,0.0,124.75,False
2019-02-06,542207.4362691374,GLD,4392.4775238603,0.0,124.75,False
2019-02-07,543525.1594191291,GLD,4392.4775238603,0.0,124.75,False
2019-02-08,545589.6292172546,GLD,4392.4775238603,0.0,124.75,False
2019-02-11,542910.2152467442,GLD,4392.4775238603,0.0,124.75,False
2019-02-12,544052.2687862923,GLD,4392.4775238603,0.0,124.75,False
2019-02-13,541899.964182945,GLD,4392.4775238603,0.0,124.75,False
2019-02-14,544930.7508862867,GLD,4392.4775238603,0.0,124.75,False
2019-02-15,548181.2083825431,GLD,4392.4775238603,0.0,124.75,False
2019-02-19,556526.8888683224,GLD,4392.4775238603,0.0,124.75,False
2019-02-20,555560.571963106,GLD,4392.4775238603,0.0,124.75,False
2019-02-21,549279.3277635081,GLD,4392.4775238603,0.0,124.75,False
2019-02-22,551255.9292444676,GLD,4392.4775238603,0.0,124.75,False
2019-02-25,550684.9192306657,GLD,4392.4775238603,0.0,124.75,False
2019-02-26,551607.335489243,GLD,4392.4775238603,0.0,124.75,False
2019-02-27,547698.0331739628,GLD,4392.4775238603,0.0,124.75,False
2019-02-28,544623.2788000943,GLD,4392.4775238603,0.0,124.75,False
2019-03-01,535355.1485437935,GLD,4392.4775238603,0.0,123.98999786376953,False
2019-03-04,533949.557076636,GLD,4392.4775238603,0.0,123.98999786376953,False
2019-03-05,534652.3695661867,GLD,4392.4775238603,0.0,123.98999786376953,False
2019-03-06,534169.1943576066,GLD,4392.4775238603,0.0,123.98999786376953,False
2019-03-07,533729.9533076093,GLD,4392.4775238603,0.0,123.98999786376953,False
2019-03-08,539571.9229452661,GLD,4392.4775238603,0.0,123.98999786376953,False
2019-03-11,536936.4431333387,GLD,4392.4775238603,0.0,123.98999786376953,False
2019-03-12,540186.900629595,GLD,4392.4775238603,0.0,123.98999786376953,False
2019-03-13,543964.4004691264,GLD,4392.4775238603,0.0,123.98999786376953,False
2019-03-14,537683.1897814724,GLD,4392.4775238603,0.0,123.98999786376953,False
2019-03-15,540142.9664710121,GLD,4392.4775238603,0.0,123.98999786376953,False
2019-03-18,540450.4385572046,GLD,4392.4775238603,0.0,123.98999786376953,False
2019-03-19,541943.8648295839,GLD,4392.4775238603,0.0,123.98999786376953,False
2019-03-20,545457.8602534498,GLD,4392.4775238603,0.0,123.98999786376953,False
2019-03-21,543261.6214915196,GLD,4392.4775238603,0.0,123.98999786376953,False
2019-03-22,544535.4439948724,GLD,4392.4775238603,0.0,123.98999786376953,False
2019-03-25,548708.2842377621,GLD,4392.4775238603,0.0,123.98999786376953,False
2019-03-26,545984.9696206128,GLD,4392.4775238603,0.0,123.98999786376953,False
2019-03-27,543129.8525277148,GLD,4392.4775238603,0.0,123.98999786376953,False
2019-03-28,535443.0168609594,GLD,4392.4775238603,0.0,123.98999786376953,False
2019-03-29,535926.1920695395,GLD,4392.4775238603,0.0,123.98999786376953,False
2019-04-01,533817.7881128312,GLD,4392.4775238603,0.0,122.01000213623047,False
2019-04-02,535794.4231057347,GLD,4392.4775238603,0.0,122.01000213623047,False
2019-04-03,535003.7758109621,GLD,4392.4775238603,0.0,122.01000213623047,False
2019-04-04,536365.4331195367,GLD,4392.4775238603,0.0,122.01000213623047,False
2019-04-05,535794.4231057347,GLD,4392.4775238603,0.0,122.01000213623047,False
2019-04-08,538122.4308314696,GLD,4392.4775238603,0.0,122.01000213623047,False
2019-04-09,540933.6137657847,GLD,4392.4775238603,0.0,122.01000213623047,False
2019-04-10,542602.7431605518,GLD,4392.4775238603,0.0,122.01000213623047,False
2019-04-11,535662.6206299859,GLD,4392.4775238603,0.0,122.01000213623047,False
2019-04-12,535135.5447747669,GLD,4392.4775238603,0.0,122.01000213623047,False
2019-04-15,534125.2601990236,GLD,4392.4775238603,0.0,122.01000213623047,False
2019-04-16,529337.475783749,GLD,4392.4775238603,0.0,122.01000213623047,False
2019-04-17,528327.1912080058,GLD,4392.4775238603,0.0,122.01000213623047,False
2019-04-18,528722.5316113641,GLD,4392.4775238603,0.0,122.01000213623047,False
2019-04-22,528722.5316113641,GLD,4392.4775238603,0.0,122.01000213623047,False
2019-04-23,527624.4122303991,GLD,4392.4775238603,0.0,122.01000213623047,False
2019-04-24,529161.7726613614,GLD,4392.4775238603,0.0,122.01000213623047,False
2019-04-25,529601.0137113585,GLD,4392.4775238603,0.0,122.01000213623047,False
2019-04-26,533115.0091352244,GLD,4392.4775238603,0.0,122.01000213623047,False
2019-04-29,530743.0672509066,GLD,4392.4775238603,0.0,122.01000213623047,False
2019-04-30,532368.2624870908,GLD,4392.4775238603,0.0,122.01000213623047,False
2019-05-01,528854.3005751689,TQQQ,67984.07534268963,0.0,7.779090881347656,False
2019-05-02,522378.25748659717,TQQQ,67984.07534268963,0.0,7.779090881347656,False
2019-05-03,546987.3249586364,TQQQ,67984.07534268963,0.0,7.779090881347656,False
2019-05-06,537192.265618555,TQQQ,67984.07534268963,0.0,7.779090881347656,False
2019-05-07,505945.1656434965,TQQQ,67984.07534268963,0.0,7.779090881347656,False
2019-05-08,501492.9042548534,TQQQ,67984.07534268963,0.0,7.779090881347656,False
2019-05-09,475968.870517652,CASH,0.0,475968.870517652,,False
2019-05-10,475968.870517652,CASH,0.0,475968.870517652,,False
2019-05-13,475968.870517652,CASH,0.0,475968.870517652,,False
2019-05-14,475968.870517652,CASH,0.0,475968.870517652,,False
2019-05-15,475968.870517652,CASH,0.0,475968.870517652,,False
2019-05-16,475968.870517652,CASH,0.0,475968.870517652,,False
2019-05-17,475968.870517652,CASH,0.0,475968.870517652,,False
2019-05-20,475968.870517652,CASH,0.0,475968.870517652,,False
2019-05-21,475968.870517652,CASH,0.0,475968.870517652,,False
2019-05-22,475968.870517652,CASH,0.0,475968.870517652,,False
2019-05-23,475968.870517652,CASH,0.0,475968.870517652,,False
2019-05-24,475968.870517652,CASH,0.0,475968.870517652,,False
2019-05-28,475968.870517652,CASH,0.0,475968.870517652,,False
2019-05-29,475968.870517652,CASH,0.0,475968.870517652,,False
2019-05-30,475968.870517652,CASH,0.0,475968.870517652,,False
2019-05-31,475968.870517652,CASH,0.0,475968.870517652,,False
2019-06-03,475968.870517652,TECL,44357.35933635497,0.0,10.730324745178223,False
2019-06-04,523358.8519371597,TECL,44357.35933635497,0.0,10.730324745178223,False
2019-06-05,545349.7086192557,TECL,44357.35933635497,0.0,10.730324745178223,False
2019-06-06,563404.95460088,TECL,44357.35933635497,0.0,10.730324745178223,False
2019-06-07,594200.2675703933,TECL,44357.35933635497,0.0,10.730324745178223,False
2019-06-10,611809.2224477022,TECL,44357.35933635497,0.0,10.730324745178223,False
2019-06-11,612823.5934799655,TECL,44357.35933635497,0.0,10.730324745178223,False
2019-06-12,602071.531273811,TECL,44357.35933635497,0.0,10.730324745178223,False
2019-06-13,607224.480278442,TECL,44357.35933635497,0.0,10.730324745178223,False
2019-06-14,590670.4222038166,TECL,44357.35933635497,0.0,10.730324745178223,False
2019-06-17,593835.1549143415,TECL,44357.35933635497,0.0,10.730324745178223,False
2019-06-18,624711.6463321184,TECL,44357.35933635497,0.0,10.730324745178223,False
2019-06-19,631974.3889421166,TECL,44357.35933635497,0.0,10.730324745178223,False
2019-06-20,658671.6920121567,TECL,44357.35933635497,0.0,10.730324745178223,False
2019-06-21,649420.9869228983,TECL,44357.35933635497,0.0,10.730324745178223,False
2019-06-24,653032.053040213,TECL,44357.35933635497,0.0,10.730324745178223,False
2019-06-25,616840.3403262264,TECL,44357.35933635497,0.0,10.730324745178223,False
2019-06-26,636559.2157163254,TECL,44357.35933635497,0.0,10.730324745178223,False
2019-06-27,641265.7044067439,TECL,44357.35933635497,0.0,10.730324745178223,False
2019-06-28,643416.1083874799,TECL,44357.35933635497,0.0,10.730324745178223,False
2019-07-01,672507.4353879956,TECL,44357.35933635497,0.0,14.505284309387207,False
2019-07-02,677579.205944363,TECL,44357.35933635497,0.0,14.505284309387207,False
2019-07-03,691211.770535934,TECL,44357.35933635497,0.0,14.505284309387207,False
2019-07-05,688777.3900449355,TECL,44357.35933635497,0.0,14.505284309387207,False
2019-07-08,672142.1535220464,TECL,44357.35933635497,0.0,14.505284309387207,False
2019-07-09,678715.3234977846,TECL,44357.35933635497,0.0,14.505284309387207,False
2019-07-10,694335.9351735642,TECL,44357.35933635497,0.0,14.505284309387207,False
2019-07-11,702491.0907822957,TECL,44357.35933635497,0.0,14.505284309387207,False
2019-07-12,718315.0504522407,TECL,44357.35933635497,0.0,14.505284309387207,False
2019-07-15,723995.4267069765,TECL,44357.35933635497,0.0,14.505284309387207,False
2019-07-16,704032.9736696122,TECL,44357.35933635497,0.0,14.505284309387207,False
2019-07-17,698920.7619477732,TECL,44357.35933635497,0.0,14.505284309387207,False
2019-07-18,714947.3504698196,TECL,44357.35933635497,0.0,14.505284309387207,False
2019-07-19,702815.9737852475,TECL,44357.35933635497,0.0,14.505284309387207,False
2019-07-22,729188.5630622332,TECL,44357.35933635497,0.0,14.505284309387207,False
2019-07-23,740062.3294870716,TECL,44357.35933635497,0.0,14.505284309387207,False
2019-07-24,759132.0311059078,TECL,44357.35933635497,0.0,14.505284309387207,False
2019-07-25,740752.1982386521,TECL,44357.35933635497,0.0,14.505284309387207,False
2019-07-26,754060.1336421173,TECL,44357.35933635497,0.0,14.505284309387207,False
2019-07-29,753086.499892646,TECL,44357.35933635497,0.0,14.505284309387207,False
2019-07-30,737506.1601724405,TECL,44357.35933635497,0.0,14.505284309387207,False
2019-07-31,703505.715629405,TECL,44357.35933635497,0.0,14.505284309387207,False
2019-08-01,693686.7614023014,TECL,44357.35933635497,0.0,15.859954833984375,False
2019-08-02,656805.3068441574,TECL,44357.35933635497,0.0,15.859954833984375,False
2019-08-05,604303.1265422207,CASH,0.0,604303.1265422207,,False
2019-08-06,604303.1265422207,CASH,0.0,604303.1265422207,,False
2019-08-07,604303.1265422207,CASH,0.0,604303.1265422207,,False
2019-08-08,604303.1265422207,CASH,0.0,604303.1265422207,,False
2019-08-09,604303.1265422207,CASH,0.0,604303.1265422207,,False
2019-08-12,604303.1265422207,CASH,0.0,604303.1265422207,,False
2019-08-13,604303.1265422207,CASH,0.0,604303.1265422207,,False
2019-08-14,604303.1265422207,CASH,0.0,604303.1265422207,,False
2019-08-15,604303.1265422207,CASH,0.0,604303.1265422207,,False
2019-08-16,604303.1265422207,CASH,0.0,604303.1265422207,,False
2019-08-19,604303.1265422207,CASH,0.0,604303.1265422207,,False
2019-08-20,604303.1265422207,CASH,0.0,604303.1265422207,,False
2019-08-21,604303.1265422207,CASH,0.0,604303.1265422207,,False
2019-08-22,604303.1265422207,CASH,0.0,604303.1265422207,,False
2019-08-23,604303.1265422207,CASH,0.0,604303.1265422207,,False
2019-08-26,604303.1265422207,CASH,0.0,604303.1265422207,,False
2019-08-27,604303.1265422207,CASH,0.0,604303.1265422207,,False
2019-08-28,604303.1265422207,CASH,0.0,604303.1265422207,,False
2019-08-29,604303.1265422207,CASH,0.0,604303.1265422207,,False
2019-08-30,604303.1265422207,CASH,0.0,604303.1265422207,,False
2019-09-03,604303.1265422207,TQQQ,86412.91711956954,0.0,6.993203639984131,False
2019-09-04,629718.3025901899,TQQQ,86412.91711956954,0.0,6.993203639984131,False
2019-09-05,664496.8365985423,TQQQ,86412.91711956954,0.0,6.993203639984131,False
2019-09-06,662644.7180055134,TQQQ,86412.91711956954,0.0,6.993203639984131,False
2019-09-09,658426.0789748015,TQQQ,86412.91711956954,0.0,6.993203639984131,False
2019-09-10,652972.6118056239,TQQQ,86412.91711956954,0.0,6.993203639984131,False
2019-09-11,670567.6766320628,TQQQ,86412.91711956954,0.0,6.993203639984131,False
2019-09-12,678902.1484933576,TQQQ,86412.91711956954,0.0,6.993203639984131,False
2019-09-13,671699.4925459499,TQQQ,86412.91711956954,0.0,6.993203639984131,False
2019-09-16,662438.8995808059,TQQQ,86412.91711956954,0.0,6.993203639984131,False
2019-09-17,671185.1319061853,TQQQ,86412.91711956954,0.0,6.993203639984131,False
2019-09-18,670773.4538518804,TQQQ,86412.91711956954,0.0,6.993203639984131,False
2019-09-19,673757.4707685761,TQQQ,86412.91711956954,0.0,6.993203639984131,False
2019-09-20,652561.0161610986,TQQQ,86412.91711956954,0.0,6.993203639984131,False
2019-09-23,653178.3478205517,TQQQ,86412.91711956954,0.0,6.993203639984131,False
2019-09-24,627351.699742727,TQQQ,86412.91711956954,0.0,6.993203639984131,False
2019-09-25,647416.2148216476,TQQQ,86412.91711956954,0.0,6.993203639984131,False
2019-09-26,640933.8203484918,TQQQ,86412.91711956954,0.0,6.993203639984131,False
2019-09-27,617679.5111330576,TQQQ,86412.91711956954,0.0,6.993203639984131,False
2019-09-30,634142.6776358297,TQQQ,86412.91711956954,0.0,6.993203639984131,False
2019-10-01,618811.4094567245,TQQQ,86412.91711956954,0.0,7.338517189025879,False
2019-10-02,587119.657360307,TQQQ,86412.91711956954,0.0,7.338517189025879,False
2019-10-03,570728.4098722468,CASH,0.0,570728.4098722468,,False
2019-10-04,570728.4098722468,CASH,0.0,570728.4098722468,,False
2019-10-07,570728.4098722468,CASH,0.0,570728.4098722468,,False
2019-10-08,570728.4098722468,CASH,0.0,570728.4098722468,,False
2019-10-09,570728.4098722468,CASH,0.0,570728.4098722468,,False
2019-10-10,570728.4098722468,CASH,0.0,570728.4098722468,,False
2019-10-11,570728.4098722468,CASH,0.0,570728.4098722468,,False
2019-10-14,570728.4098722468,CASH,0.0,570728.4098722468,,False
2019-10-15,570728.4098722468,CASH,0.0,570728.4098722468,,False
2019-10-16,570728.4098722468,CASH,0.0,570728.4098722468,,False
2019-10-17,570728.4098722468,CASH,0.0,570728.4098722468,,False
2019-10-18,570728.4098722468,CASH,0.0,570728.4098722468,,False
2019-10-21,570728.4098722468,CASH,0.0,570728.4098722468,,False
2019-10-22,570728.4098722468,CASH,0.0,570728.4098722468,,False
2019-10-23,570728.4098722468,CASH,0.0,570728.4098722468,,False
2019-10-24,570728.4098722468,CASH,0.0,570728.4098722468,,False
2019-10-25,570728.4098722468,CASH,0.0,570728.4098722468,,False
2019-10-28,570728.4098722468,CASH,0.0,570728.4098722468,,False
2019-10-29,570728.4098722468,CASH,0.0,570728.4098722468,,False
2019-10-30,570728.4098722468,CASH,0.0,570728.4098722468,,False
2019-10-31,570728.4098722468,CASH,0.0,570728.4098722468,,False
2019-11-01,570728.4098722468,TECL,32655.534255106188,0.0,17.47723388671875,False
2019-11-04,579693.1602486381,TECL,32655.534255106188,0.0,17.47723388671875,False
2019-11-05,577272.8084465385,TECL,32655.534255106188,0.0,17.47723388671875,False
2019-11-06,577810.5190697539,TECL,32655.534255106188,0.0,17.47723388671875,False
2019-11-07,590211.8089950023,TECL,32655.534255106188,0.0,17.47723388671875,False
2019-11-08,600073.2835509873,TECL,32655.534255106188,0.0,17.47723388671875,False
2019-11-11,601149.016224861,TECL,32655.534255106188,0.0,17.47723388671875,False
2019-11-12,606288.8147453904,TECL,32655.534255106188,0.0,17.47723388671875,False
2019-11-13,611518.2420840373,TECL,32655.534255106188,0.0,17.47723388671875,False
2019-11-14,608948.3428237726,TECL,32655.534255106188,0.0,17.47723388671875,False
2019-11-15,623351.6752095806,TECL,32655.534255106188,0.0,17.47723388671875,False
2019-11-18,629029.4334952799,TECL,32655.534255106188,0.0,17.47723388671875,False
2019-11-19,632884.282385677,TECL,32655.534255106188,0.0,17.47723388671875,False
2019-11-20,620333.6318587293,TECL,32655.534255106188,0.0,17.47723388671875,False
2019-11-21,612085.9120272766,TECL,32655.534255106188,0.0,17.47723388671875,False
2019-11-22,609695.519545201,TECL,32655.534255106188,0.0,17.47723388671875,False
2019-11-25,635244.9646896832,TECL,32655.534255106188,0.0,17.47723388671875,False
2019-11-26,635842.7185239237,TECL,32655.534255106188,0.0,17.47723388671875,False
2019-11-27,646958.9965335511,TECL,32655.534255106188,0.0,17.47723388671875,False
2019-11-29,640384.8877811899,TECL,32655.534255106188,0.0,17.47723388671875,False
2019-12-02,614775.4617111712,TQQQ,68620.13954823639,0.0,8.959111213684082,False
2019-12-03,600966.7658932869,TQQQ,68620.13954823639,0.0,8.959111213684082,False
2019-12-04,609873.2565743396,TQQQ,68620.13954823639,0.0,8.959111213684082,False
2019-12-05,613059.7226339125,TQQQ,68620.13954823639,0.0,8.959111213684082,False
2019-12-06,632016.028331161,TQQQ,68620.13954823639,0.0,8.959111213684082,False
2019-12-09,624253.8436042218,TQQQ,68620.13954823639,0.0,8.959111213684082,False
2019-12-10,622864.7218789578,TQQQ,68620.13954823639,0.0,8.959111213684082,False
2019-12-11,632261.3676324289,TQQQ,68620.13954823639,0.0,8.959111213684082,False
2019-12-12,646723.5599193614,TQQQ,68620.13954823639,0.0,8.959111213684082,False
2019-12-13,652524.9934740972,TQQQ,68620.13954823639,0.0,8.959111213684082,False
2019-12-16,671236.0907526072,TQQQ,68620.13954823639,0.0,8.959111213684082,False
2019-12-17,672134.991964188,TQQQ,68620.13954823639,0.0,8.959111213684082,False
2019-12-18,673687.4550860818,TQQQ,68620.13954823639,0.0,8.959111213684082,False
2019-12-19,687414.4802056511,TQQQ,68620.13954823639,0.0,8.959111213684082,False
2019-12-20,695585.2147479586,TQQQ,68620.13954823639,0.0,8.959111213684082,False
2019-12-23,700733.0209511169,TQQQ,68620.13954823639,0.0,8.959111213684082,False
2019-12-24,701640.2332033115,TQQQ,68620.13954823639,0.0,8.959111213684082,False
2019-12-26,719867.9158596646,TQQQ,68620.13954823639,0.0,8.959111213684082,False
2019-12-27,717742.7762305967,TQQQ,68620.13954823639,0.0,8.959111213684082,False
2019-12-30,703438.4937153258,TQQQ,68620.13954823639,0.0,8.959111213684082,False
2019-12-31,707443.8263197816,TQQQ,68620.13954823639,0.0,8.959111213684082,False
2020-01-02,742509.4154945769,TQQQ,68620.13954823639,0.0,10.309565544128418,False
2020-01-03,722320.1963708445,TQQQ,68620.13954823639,0.0,10.309565544128418,False
2020-01-06,736052.1950265293,TQQQ,68620.13954823639,0.0,10.309565544128418,False
2020-01-07,735152.966608625,TQQQ,68620.13954823639,0.0,10.309565544128418,False
2020-01-08,752072.7401491762,TQQQ,68620.13954823639,0.0,10.309565544128418,False
2020-01-09,771035.9826204804,TQQQ,68620.13954823639,0.0,10.309565544128418,False
2020-01-10,764742.2998728564,TQQQ,68620.13954823639,0.0,10.309565544128418,False
2020-01-13,791470.6719280101,TQQQ,68620.13954823639,0.0,10.309565544128418,False
2020-01-14,782234.1609491996,TQQQ,68620.13954823639,0.0,10.309565544128418,False
2020-01-15,782724.6432279415,TQQQ,68620.13954823639,0.0,10.309565544128418,False
2020-01-16,804548.7160257938,TQQQ,68620.13954823639,0.0,10.309565544128418,False
2020-01-17,816564.1903090437,TQQQ,68620.13954823639,0.0,10.309565544128418,False
2020-01-21,816155.5096111461,TQQQ,68620.13954823639,0.0,10.309565544128418,False
2020-01-22,821713.7634263483,TQQQ,68620.13954823639,0.0,10.309565544128418,False
2020-01-23,829315.3552897741,TQQQ,68620.13954823639,0.0,10.309565544128418,False
2020-01-24,807818.1616089751,TQQQ,68620.13954823639,0.0,10.309565544128418,False
2020-01-27,757876.006059323,TQQQ,68620.13954823639,0.0,10.309565544128418,False
2020-01-28,793105.329278336,TQQQ,68620.13954823639,0.0,10.309565544128418,False
2020-01-29,795966.225046149,TQQQ,68620.13954823639,0.0,10.309565544128418,False
2020-01-30,804957.3312824268,TQQQ,68620.13954823639,0.0,10.309565544128418,False
2020-01-31,765396.0581069633,TQQQ,68620.13954823639,0.0,10.309565544128418,False
2020-02-03,800543.4488626028,TECL,31366.978131600506,0.0,25.521854400634766,False
2020-02-04,864811.9274152658,TECL,31366.978131600506,0.0,25.521854400634766,False
2020-02-05,879830.969346801,TECL,31366.978131600506,0.0,25.521854400634766,False
2020-02-06,902632.167359433,TECL,31366.978131600506,0.0,25.521854400634766,False
2020-02-07,878797.0857769077,TECL,31366.978131600506,0.0,25.521854400634766,False
2020-02-10,913286.1757130843,TECL,31366.978131600506,0.0,25.521854400634766,False
2020-02-11,904326.6092590058,TECL,31366.978131600506,0.0,25.521854400634766,False
2020-02-12,932670.1913947405,TECL,31366.978131600506,0.0,25.521854400634766,False
2020-02-13,925749.3756154638,TECL,31366.978131600506,0.0,25.521854400634766,False
2020-02-14,937667.0061483707,TECL,31366.978131600506,0.0,25.521854400634766,False
2020-02-18,928247.8428200418,TECL,31366.978131600506,0.0,25.521854400634766,False
2020-02-19,958572.8008060008,TECL,31366.978131600506,0.0,25.521854400634766,False
2020-02-20,929941.8659252746,TECL,31366.978131600506,0.0,25.521854400634766,False
2020-02-21,866908.232397934,TECL,31366.978131600506,0.0,25.521854400634766,False
2020-02-24,720489.1039763426,CASH,0.0,720489.1039763426,,False
2020-02-25,720489.1039763426,CASH,0.0,720489.1039763426,,False
2020-02-26,720489.1039763426,CASH,0.0,720489.1039763426,,False
2020-02-27,720489.1039763426,CASH,0.0,720489.1039763426,,False
2020-02-28,720489.1039763426,CASH,0.0,720489.1039763426,,False
2020-03-02,720489.1039763426,TQQQ,69118.85259273583,0.0,10.42391586303711,False
2020-03-03,648440.1935787085,CASH,0.0,648440.1935787085,,False
2020-03-04,648440.1935787085,CASH,0.0,648440.1935787085,,False
2020-03-05,648440.1935787085,CASH,0.0,648440.1935787085,,False
2020-03-06,648440.1935787085,CASH,0.0,648440.1935787085,,False
2020-03-09,648440.1935787085,CASH,0.0,648440.1935787085,,False
2020-03-10,648440.1935787085,CASH,0.0,648440.1935787085,,False
2020-03-11,648440.1935787085,CASH,0.0,648440.1935787085,,False
2020-03-12,648440.1935787085,CASH,0.0,648440.1935787085,,False
2020-03-13,648440.1935787085,CASH,0.0,648440.1935787085,,False
2020-03-16,648440.1935787085,CASH,0.0,648440.1935787085,,False
2020-03-17,648440.1935787085,CASH,0.0,648440.1935787085,,False
2020-03-18,648440.1935787085,CASH,0.0,648440.1935787085,,False
2020-03-19,648440.1935787085,CASH,0.0,648440.1935787085,,False
2020-03-20,648440.1935787085,CASH,0.0,648440.1935787085,,False
2020-03-23,648440.1935787085,CASH,0.0,648440.1935787085,,False
2020-03-24,648440.1935787085,CASH,0.0,648440.1935787085,,False
2020-03-25,648440.1935787085,CASH,0.0,648440.1935787085,,False
2020-03-26,648440.1935787085,CASH,0.0,648440.1935787085,,False
2020-03-27,648440.1935787085,CASH,0.0,648440.1935787085,,False
2020-03-30,648440.1935787085,CASH,0.0,648440.1935787085,,False
2020-03-31,648440.1935787085,CASH,0.0,648440.1935787085,,False
2020-04-01,648440.1935787085,IEF,6233.410318268675,0.0,104.02655375954976,False
2020-04-02,648546.6885279175,IEF,6233.410318268675,0.0,104.02655375954976,False
2020-04-03,649025.6768071024,IEF,6233.410318268675,0.0,104.02655375954976,False
2020-04-06,646098.5474558395,IEF,6233.410318268675,0.0,104.02655375954976,False
2020-04-07,643224.1397962181,IEF,6233.410318268675,0.0,104.02655375954976,False
2020-04-08,642425.5232740525,IEF,6233.410318268675,0.0,104.02655375954976,False
2020-04-09,643809.6708230634,IEF,6233.410318268675,0.0,104.02655375954976,False
2020-04-13,642425.5232740525,IEF,6233.410318268675,0.0,104.02655375954976,False
2020-04-14,643277.4828677251,IEF,6233.410318268675,0.0,104.02655375954976,False
2020-04-15,649025.6768071024,IEF,6233.410318268675,0.0,104.02655375954976,False
2020-04-16,649717.511589352,IEF,6233.410318268675,0.0,104.02655375954976,False
2020-04-17,648014.5961694815,IEF,6233.410318268675,0.0,104.02655375954976,False
2020-04-20,649717.511589352,IEF,6233.410318268675,0.0,104.02655375954976,False
2020-04-21,651527.2565475897,IEF,6233.410318268675,0.0,104.02655375954976,False
2020-04-22,649504.6172878362,IEF,6233.410318268675,0.0,104.02655375954976,False
2020-04-23,649930.5492862213,IEF,6233.410318268675,0.0,104.02655375954976,False
2020-04-24,650090.1961131325,IEF,6233.410318268675,0.0,104.02655375954976,False
2020-04-27,646630.7354111777,IEF,6233.410318268675,0.0,104.02655375954976,False
2020-04-28,649451.3220147805,IEF,6233.410318268675,0.0,104.02655375954976,False
2020-04-29,649132.0761594091,IEF,6233.410318268675,0.0,104.02655375954976,False
2020-04-30,647588.8553649011,IEF,6233.410318268675,0.0,104.02655375954976,False
2020-05-01,648483.8335646276,TECL,48016.86109797299,0.0,13.505335807800293,False
2020-05-04,673996.5917960419,TECL,48016.86109797299,0.0,13.505335807800293,False
2020-05-05,706251.2346489538,TECL,48016.86109797299,0.0,13.505335807800293,False
2020-05-06,720086.9188485544,TECL,48016.86109797299,0.0,13.505335807800293,False
2020-05-07,754809.179302848,TECL,48016.86109797299,0.0,13.505335807800293,False
2020-05-08,786534.9193907893,TECL,48016.86109797299,0.0,13.505335807800293,False
2020-05-11,803102.9015364929,TECL,48016.86109797299,0.0,13.505335807800293,False
2020-05-12,750975.4814170855,TECL,48016.86109797299,0.0,13.505335807800293,False
2020-05-13,711670.9539429195,TECL,48016.86109797299,0.0,13.505335807800293,False
2020-05-14,740973.2203485642,TECL,48016.86109797299,0.0,13.505335807800293,False
2020-05-15,749433.4207581783,TECL,48016.86109797299,0.0,13.505335807800293,False
2020-05-18,805967.219107826,TECL,48016.86109797299,0.0,13.505335807800293,False
2020-05-19,796493.586049592,TECL,48016.86109797299,0.0,13.505335807800293,False
2020-05-20,847166.5006691072,TECL,48016.86109797299,0.0,13.505335807800293,False
2020-05-21,815661.1138370131,TECL,48016.86109797299,0.0,13.505335807800293,False
2020-05-22,822490.9657495503,TECL,48016.86109797299,0.0,13.505335807800293,False
2020-05-26,822579.0704179314,TECL,48016.86109797299,0.0,13.505335807800293,False
2020-05-27,834476.4061206982,TECL,48016.86109797299,0.0,13.505335807800293,False
2020-05-28,828131.0382993635,TECL,48016.86109797299,0.0,13.505335807800293,False
2020-05-29,857697.8476723876,TECL,48016.86109797299,0.0,13.505335807800293,False
2020-06-01,858887.3522804284,TECL,48016.86109797299,0.0,17.862430572509766,False
2020-06-02,883474.8741164985,TECL,48016.86109797299,0.0,17.862430572509766,False
2020-06-03,903788.1289324529,TECL,48016.86109797299,0.0,17.862430572509766,False
2020-06-04,881271.7994824962,TECL,48016.86109797299,0.0,17.862430572509766,False
2020-06-05,949482.1223545915,TECL,48016.86109797299,0.0,17.862430572509766,False
2020-06-08,966182.3530877612,TECL,48016.86109797299,0.0,17.862430572509766,False
2020-06-09,978387.8719600735,TECL,48016.86109797299,0.0,17.862430572509766,False
2020-06-10,1030118.5921095294,TECL,48016.86109797299,0.0,17.862430572509766,False
2020-06-11,851661.0293601758,TECL,48016.86109797299,0.0,17.862430572509766,False
2020-06-12,881448.1004041531,TECL,48016.86109797299,0.0,17.862430572509766,False
2020-06-15,907225.3100180527,TECL,48016.86109797299,0.0,17.862430572509766,False
2020-06-16,969046.4874893056,TECL,48016.86109797299,0.0,17.862430572509766,False
2020-06-17,967416.0931997813,TECL,48016.86109797299,0.0,17.862430572509766,False
2020-06-18,981472.3596174653,TECL,48016.86109797299,0.0,17.862430572509766,False
2020-06-19,960365.9796162911,TECL,48016.86109797299,0.0,17.862430572509766,False
2020-06-22,1014343.8267339399,TECL,48016.86109797299,0.0,17.862430572509766,False
2020-06-23,1036419.6328419904,TECL,48016.86109797299,0.0,17.862430572509766,False
2020-06-24,965345.1755683509,TECL,48016.86109797299,0.0,17.862430572509766,False
2020-06-25,1002182.1770260294,TECL,48016.86109797299,0.0,17.862430572509766,False
2020-06-26,944635.0834051035,TECL,48016.86109797299,0.0,17.862430572509766,False
2020-06-29,971557.928462642,TECL,48016.86109797299,0.0,17.862430572509766,False
2020-06-30,1026196.9269327273,TECL,48016.86109797299,0.0,17.862430572509766,False
2020-07-01,1029193.1267519492,TECL,48016.86109797299,0.0,21.37159538269043,False
2020-07-02,1047787.9741948924,TECL,48016.86109797299,0.0,21.37159538269043,False
2020-07-06,1103396.3071869598,TECL,48016.86109797299,0.0,21.37159538269043,False
2020-07-07,1070480.7877362946,TECL,48016.86109797299,0.0,21.37159538269043,False
2020-07-08,1118686.4968864527,TECL,48016.86109797299,0.0,21.37159538269043,False
2020-07-09,1132830.7763876235,TECL,48016.86109797299,0.0,21.37159538269043,False
2020-07-10,1131288.4867664804,TECL,48016.86109797299,0.0,21.37159538269043,False
2020-07-13,1062769.4312154735,TECL,48016.86109797299,0.0,21.37159538269043,False
2020-07-14,1095332.6235775084,TECL,48016.86109797299,0.0,21.37159538269043,False
2020-07-15,1116923.762424568,TECL,48016.86109797299,0.0,21.37159538269043,False
2020-07-16,1075151.4341792313,TECL,48016.86109797299,0.0,21.37159538269043,False
2020-07-17,1087885.7642316197,TECL,48016.86109797299,0.0,21.37159538269043,False
2020-07-20,1170372.9815319292,TECL,48016.86109797299,0.0,21.37159538269043,False
2020-07-21,1137942.2209271495,TECL,48016.86109797299,0.0,21.37159538269043,False
2020-07-22,1165702.3350889925,TECL,48016.86109797299,0.0,21.37159538269043,False
2020-07-23,1074622.8977538384,TECL,48016.86109797299,0.0,21.37159538269043,False
2020-07-24,1035582.5469074745,TECL,48016.86109797299,0.0,21.37159538269043,False
2020-07-27,1081893.364593176,TECL,48016.86109797299,0.0,21.37159538269043,False
2020-07-28,1046157.6714902625,TECL,48016.86109797299,0.0,21.37159538269043,False
2020-07-29,1089868.7603644575,TECL,48016.86109797299,0.0,21.37159538269043,False
2020-07-30,1107494.1817005244,TECL,48016.86109797299,0.0,21.37159538269043,False
2020-07-31,1193814.959509255,TECL,48016.86109797299,0.0,21.37159538269043,False
2020-08-03,1278196.7019344438,TQQQ,86655.98600763557,0.0,14.75024127960205,False
2020-08-04,1294815.429475623,TQQQ,86655.98600763557,0.0,14.75024127960205,False
2020-08-05,1305137.6117688585,TQQQ,86655.98600763557,0.0,14.75024127960205,False
2020-08-06,1355097.096377669,TQQQ,86655.98600763557,0.0,14.75024127960205,False
2020-08-07,1310814.7583131057,TQQQ,86655.98600763557,0.0,14.75024127960205,False
2020-08-10,1293163.7546934912,TQQQ,86655.98600763557,0.0,14.75024127960205,False
2020-08-11,1219773.3137850757,TQQQ,86655.98600763557,0.0,14.75024127960205,False
2020-08-12,1311021.3622836515,TQQQ,86655.98600763557,0.0,14.75024127960205,False
2020-08-13,1320208.2144379434,TQQQ,86655.98600763557,0.0,14.75024127960205,False
2020-08-14,1316388.8507968446,TQQQ,86655.98600763557,0.0,14.75024127960205,False
2020-08-17,1359845.2688287536,TQQQ,86655.98600763557,0.0,14.75024127960205,False
2020-08-18,1399792.1465337945,TQQQ,86655.98600763557,0.0,14.75024127960205,False
2020-08-19,1372438.5246078174,TQQQ,86655.98600763557,0.0,14.75024127960205,False
2020-08-20,1428900.8278687645,TQQQ,86655.98600763557,0.0,14.75024127960205,False
2020-08-21,1458732.292534292,TQQQ,86655.98600763557,0.0,14.75024127960205,False
2020-08-24,1485775.7605796857,TQQQ,86655.98600763557,0.0,14.75024127960205,False
2020-08-25,1520458.6170399827,TQQQ,86655.98600763557,0.0,14.75024127960205,False
2020-08-26,1617796.6894575446,TQQQ,86655.98600763557,0.0,14.75024127960205,False
2020-08-27,1603139.0468047867,TQQQ,86655.98600763557,0.0,14.75024127960205,False
2020-08-28,1627912.3504218226,TQQQ,86655.98600763557,0.0,14.75024127960205,False
2020-08-31,1665588.485207388,TQQQ,86655.98600763557,0.0,14.75024127960205,False
2020-09-01,1752088.2786132907,TECL,48046.73811187513,0.0,36.466331481933594,False
2020-09-02,1796929.0171865423,TECL,48046.73811187513,0.0,36.466331481933594,False
2020-09-03,1576879.4507519617,CASH,0.0,1576879.4507519617,,False
2020-09-04,1576879.4507519617,CASH,0.0,1576879.4507519617,,False
2020-09-08,1576879.4507519617,CASH,0.0,1576879.4507519617,,False
2020-09-09,1576879.4507519617,CASH,0.0,1576879.4507519617,,False
2020-09-10,1576879.4507519617,CASH,0.0,1576879.4507519617,,False
2020-09-11,1576879.4507519617,CASH,0.0,1576879.4507519617,,False
2020-09-14,1576879.4507519617,CASH,0.0,1576879.4507519617,,False
2020-09-15,1576879.4507519617,CASH,0.0,1576879.4507519617,,False
2020-09-16,1576879.4507519617,CASH,0.0,1576879.4507519617,,False
2020-09-17,1576879.4507519617,CASH,0.0,1576879.4507519617,,False
2020-09-18,1576879.4507519617,CASH,0.0,1576879.4507519617,,False
2020-09-21,1576879.4507519617,CASH,0.0,1576879.4507519617,,False
2020-09-22,1576879.4507519617,CASH,0.0,1576879.4507519617,,False
2020-09-23,1576879.4507519617,CASH,0.0,1576879.4507519617,,False
2020-09-24,1576879.4507519617,CASH,0.0,1576879.4507519617,,False
2020-09-25,1576879.4507519617,CASH,0.0,1576879.4507519617,,False
2020-09-28,1576879.4507519617,CASH,0.0,1576879.4507519617,,False
2020-09-29,1576879.4507519617,CASH,0.0,1576879.4507519617,,False
2020-09-30,1576879.4507519617,CASH,0.0,1576879.4507519617,,False
2020-10-01,1576879.4507519617,TQQQ,96607.2183207174,0.0,16.32258415222168,False
2020-10-02,1446844.135263192,TQQQ,96607.2183207174,0.0,16.32258415222168,False
2020-10-05,1538099.0474648261,TQQQ,96607.2183207174,0.0,16.32258415222168,False
2020-10-06,1455474.8601680612,TQQQ,96607.2183207174,0.0,16.32258415222168,False
2020-10-07,1532000.1971848498,TQQQ,96607.2183207174,0.0,16.32258415222168,False
2020-10-08,1554554.8044833748,TQQQ,96607.2183207174,0.0,16.32258415222168,False
2020-10-09,1623715.0314463605,TQQQ,96607.2183207174,0.0,16.32258415222168,False
2020-10-12,1775154.1356339122,TQQQ,96607.2183207174,0.0,16.32258415222168,False
2020-10-13,1775384.8337184335,TQQQ,96607.2183207174,0.0,16.32258415222168,False
2020-10-14,1731540.957576981,TQQQ,96607.2183207174,0.0,16.32258415222168,False
2020-10-15,1695752.350974615,TQQQ,96607.2183207174,0.0,16.32258415222168,False
2020-10-16,1669745.195745038,TQQQ,96607.2183207174,0.0,16.32258415222168,False
2020-10-19,1586775.6983760742,TQQQ,96607.2183207174,0.0,16.32258415222168,False
2020-10-20,1597017.993126969,TQQQ,96607.2183207174,0.0,16.32258415222168,False
2020-10-21,1592875.0093151652,TQQQ,96607.2183207174,0.0,16.32258415222168,False
2020-10-22,1593680.2414472406,TQQQ,96607.2183207174,0.0,16.32258415222168,False
2020-10-23,1603001.4022328618,TQQQ,96607.2183207174,0.0,16.32258415222168,False
2020-10-26,1529928.705278948,TQQQ,96607.2183207174,0.0,16.32258415222168,False
2020-10-27,1566062.2534262214,TQQQ,96607.2183207174,0.0,16.32258415222168,False
2020-10-28,1419191.5056767655,CASH,0.0,1419191.5056767655,,False
2020-10-29,1419191.5056767655,CASH,0.0,1419191.5056767655,,False
2020-10-30,1419191.5056767655,CASH,0.0,1419191.5056767655,,False
2020-11-02,1419191.5056767655,TQQQ,101406.75614234192,0.0,13.995038986206055,False
2020-11-03,1490580.0724972896,TQQQ,101406.75614234192,0.0,13.995038986206055,False
2020-11-04,1692062.1917195616,TQQQ,101406.75614234192,0.0,13.995038986206055,False
2020-11-05,1822638.5155433738,TQQQ,101406.75614234192,0.0,13.995038986206055,False
2020-11-06,1828798.8800436745,TQQQ,101406.75614234192,0.0,13.995038986206055,False
2020-11-09,1717187.1948149789,TQQQ,101406.75614234192,0.0,13.995038986206055,False
2020-11-10,1624538.600837099,TQQQ,101406.75614234192,0.0,13.995038986206055,False
2020-11-11,1733735.461865284,TQQQ,101406.75614234192,0.0,13.995038986206055,False
2020-11-12,1708369.2664768721,TQQQ,101406.75614234192,0.0,13.995038986206055,False
2020-11-13,1753182.6784644276,TQQQ,101406.75614234192,0.0,13.995038986206055,False
2020-11-16,1793527.5535273224,TQQQ,101406.75614234192,0.0,13.995038986206055,False
2020-11-17,1776979.0930589796,TQQQ,101406.75614234192,0.0,13.995038986206055,False
2020-11-18,1735788.5943353213,TQQQ,101406.75614234192,0.0,13.995038986206055,False
2020-11-19,1778791.0332360223,TQQQ,101406.75614234192,0.0,13.995038986206055,False
2020-11-20,1742674.2764769446,TQQQ,101406.75614234192,0.0,13.995038986206055,False
2020-11-23,1743036.1616254554,TQQQ,101406.75614234192,0.0,13.995038986206055,False
2020-11-24,1814303.7454634067,TQQQ,101406.75614234192,0.0,13.995038986206055,False
2020-11-25,1848488.256026001,TQQQ,101406.75614234192,0.0,13.995038986206055,False
2020-11-27,1898979.647927868,TQQQ,101406.75614234192,0.0,13.995038986206055,False
2020-11-30,1908764.086200292,TQQQ,101406.75614234192,0.0,13.995038986206055,False
2020-12-01,1983775.8564117698,TQQQ,101406.75614234192,0.0,18.82284927368164,False
2020-12-02,1991748.5479251887,TQQQ,101406.75614234192,0.0,18.82284927368164,False
2020-12-03,1999841.3520400105,TQQQ,101406.75614234192,0.0,18.82284927368164,False
2020-12-04,2024362.1171856967,TQQQ,101406.75614234192,0.0,18.82284927368164,False
2020-12-07,2058667.320603807,TQQQ,101406.75614234192,0.0,18.82284927368164,False
2020-12-08,2077511.2663434078,TQQQ,101406.75614234192,0.0,18.82284927368164,False
2020-12-09,1938357.8196384078,TQQQ,101406.75614234192,0.0,18.82284927368164,False
2020-12-10,1962154.0408149222,TQQQ,101406.75614234192,0.0,18.82284927368164,False
2020-12-11,1948383.643621864,TQQQ,101406.75614234192,0.0,18.82284927368164,False
2020-12-14,1989936.414330108,TQQQ,101406.75614234192,0.0,18.82284927368164,False
2020-12-15,2051782.2187162968,TQQQ,101406.75614234192,0.0,18.82284927368164,False
2020-12-16,2086207.7281538479,TQQQ,101406.75614234192,0.0,18.82284927368164,False
2020-12-17,2128968.781343517,TQQQ,101406.75614234192,0.0,18.82284927368164,False
2020-12-18,2105776.411280658,TQQQ,101406.75614234192,0.0,18.82284927368164,False
2020-12-21,2097924.7994588306,TQQQ,101406.75614234192,0.0,18.82284927368164,False
2020-12-22,2114473.646763249,TQQQ,101406.75614234192,0.0,18.82284927368164,False
2020-12-23,2082584.2346358374,TQQQ,101406.75614234192,0.0,18.82284927368164,False
2020-12-24,2109642.0641818517,TQQQ,101406.75614234192,0.0,18.82284927368164,False
2020-12-28,2172936.956506384,TQQQ,101406.75614234192,0.0,18.82284927368164,False
2020-12-29,2179339.4803898674,TQQQ,101406.75614234192,0.0,18.82284927368164,False
2020-12-30,2178976.6281511686,TQQQ,101406.75614234192,0.0,18.82284927368164,False
2020-12-31,2196008.6337137264,TQQQ,101406.75614234192,0.0,18.82284927368164,False
2021-01-04,2099978.5121829812,TECL,58956.49361104865,0.0,35.61912155151367,False
2021-01-05,2142242.8405878376,TECL,58956.49361104865,0.0,35.61912155151367,False
2021-01-06,2024698.0165891645,TECL,58956.49361104865,0.0,35.61912155151367,False
2021-01-07,2186954.768479881,TECL,58956.49361104865,0.0,35.61912155151367,False
2021-01-08,2231068.0094441567,TECL,58956.49361104865,0.0,35.61912155151367,False
2021-01-11,2172757.8818099685,TECL,58956.49361104865,0.0,35.61912155151367,False
2021-01-12,2145669.659790839,TECL,58956.49361104865,0.0,35.61912155151367,False
2021-01-13,2186628.436875001,TECL,58956.49361104865,0.0,35.61912155151367,False
2021-01-14,2128209.007269778,TECL,58956.49361104865,0.0,35.61912155151367,False
2021-01-15,2063970.7095645845,TECL,58956.49361104865,0.0,35.61912155151367,False
2021-01-19,2144092.652751957,TECL,58956.49361104865,0.0,35.61912155151367,False
2021-01-20,2270830.312277484,TECL,58956.49361104865,0.0,35.61912155151367,False
2021-01-21,2356391.9401838295,TECL,58956.49361104865,0.0,35.61912155151367,False
2021-01-22,2328813.433603267,TECL,58956.49361104865,0.0,35.61912155151367,False
2021-01-25,2391475.6238742787,TECL,58956.49361104865,0.0,35.61912155151367,False
2021-01-26,2395011.07034479,TECL,58956.49361104865,0.0,35.61912155151367,False
2021-01-27,2259298.2796297786,TECL,58956.49361104865,0.0,35.61912155151367,False
2021-01-28,2288780.3497552774,TECL,58956.49361104865,0.0,35.61912155151367,False
2021-01-29,2125543.9283463964,TECL,58956.49361104865,0.0,35.61912155151367,False
2021-02-01,2285135.601313731,TECL,58956.49361104865,0.0,36.05275344848633,False
2021-02-02,2375266.09658957,TECL,58956.49361104865,0.0,36.05275344848633,False
2021-02-03,2354378.849766683,TECL,58956.49361104865,0.0,36.05275344848633,False
2021-02-04,2459195.391767991,TECL,58956.49361104865,0.0,36.05275344848633,False
2021-02-05,2447718.4599081525,TECL,58956.49361104865,0.0,36.05275344848633,False
2021-02-08,2523162.6835573465,TECL,58956.49361104865,0.0,36.05275344848633,False
2021-02-09,2512229.787639758,TECL,58956.49361104865,0.0,36.05275344848633,False
2021-02-10,2500371.4233871726,TECL,58956.49361104865,0.0,36.05275344848633,False
2021-02-11,2584029.037946231,TECL,58956.49361104865,0.0,36.05275344848633,False
2021-02-12,2625749.105507663,TECL,58956.49361104865,0.0,36.05275344848633,False
2021-02-16,2604100.568207506,TECL,58956.49361104865,0.0,36.05275344848633,False
2021-02-17,2528112.308616062,TECL,58956.49361104865,0.0,36.05275344848633,False
2021-02-18,2495150.1177090947,TECL,58956.49361104865,0.0,36.05275344848633,False
2021-02-19,2479538.602648628,TECL,58956.49361104865,0.0,36.05275344848633,False
2021-02-22,2319566.6217944208,TECL,58956.49361104865,0.0,36.05275344848633,False
2021-02-23,2299005.7065764135,TECL,58956.49361104865,0.0,36.05275344848633,False
2021-02-24,2404638.414941684,TECL,58956.49361104865,0.0,36.05275344848633,False
2021-02-25,2154047.003657256,TECL,58956.49361104865,0.0,36.05275344848633,False
2021-02-26,2188749.929658483,TECL,58956.49361104865,0.0,36.05275344848633,False
2021-03-01,2388646.81689552,TQQQ,103365.80598325402,0.0,23.108675003051758,False
2021-03-02,2274139.2113793152,TQQQ,103365.80598325402,0.0,23.108675003051758,False
2021-03-03,2149782.135205968,CASH,0.0,2149782.135205968,,False
2021-03-04,2149782.135205968,CASH,0.0,2149782.135205968,,False
2021-03-05,2149782.135205968,CASH,0.0,2149782.135205968,,False
2021-03-08,2149782.135205968,CASH,0.0,2149782.135205968,,False
2021-03-09,2149782.135205968,CASH,0.0,2149782.135205968,,False
2021-03-10,2149782.135205968,CASH,0.0,2149782.135205968,,False
2021-03-11,2149782.135205968,CASH,0.0,2149782.135205968,,False
2021-03-12,2149782.135205968,CASH,0.0,2149782.135205968,,False
2021-03-15,2149782.135205968,CASH,0.0,2149782.135205968,,False
2021-03-16,2149782.135205968,CASH,0.0,2149782.135205968,,False
2021-03-17,2149782.135205968,CASH,0.0,2149782.135205968,,False
2021-03-18,2149782.135205968,CASH,0.0,2149782.135205968,,False
2021-03-19,2149782.135205968,CASH,0.0,2149782.135205968,,False
2021-03-22,2149782.135205968,CASH,0.0,2149782.135205968,,False
2021-03-23,2149782.135205968,CASH,0.0,2149782.135205968,,False
2021-03-24,2149782.135205968,CASH,0.0,2149782.135205968,,False
2021-03-25,2149782.135205968,CASH,0.0,2149782.135205968,,False
2021-03-26,2149782.135205968,CASH,0.0,2149782.135205968,,False
2021-03-29,2149782.135205968,CASH,0.0,2149782.135205968,,False
2021-03-30,2149782.135205968,CASH,0.0,2149782.135205968,,False
2021-03-31,2149782.135205968,CASH,0.0,2149782.135205968,,False
2021-04-01,2149782.135205968,TECL,53223.25202705824,0.0,40.39178466796875,False
2021-04-05,2282854.6804457856,TECL,53223.25202705824,0.0,40.39178466796875,False
2021-04-06,2258302.393746948,TECL,53223.25202705824,0.0,40.39178466796875,False
2021-04-07,2295130.722279907,TECL,53223.25202705824,0.0,40.39178466796875,False
2021-04-08,2394321.115935941,TECL,53223.25202705824,0.0,40.39178466796875,False
2021-04-09,2460612.229113625,TECL,53223.25202705824,0.0,40.39178466796875,False
2021-04-12,2429676.051448422,TECL,53223.25202705824,0.0,40.39178466796875,False
2021-04-13,2496948.6145173823,TECL,53223.25202705824,0.0,40.39178466796875,False
2021-04-14,2413962.9046888924,TECL,53223.25202705824,0.0,40.39178466796875,False
2021-04-15,2540651.9650235334,TECL,53223.25202705824,0.0,40.39178466796875,False
2021-04-16,2538196.106958808,TECL,53223.25202705824,0.0,40.39178466796875,False
2021-04-19,2472397.1399409203,TECL,53223.25202705824,0.0,40.39178466796875,False
2021-04-20,2408561.2757361797,TECL,53223.25202705824,0.0,40.39178466796875,False
2021-04-21,2480253.408774794,TECL,53223.25202705824,0.0,40.39178466796875,False
2021-04-22,2394812.449973361,TECL,53223.25202705824,0.0,40.39178466796875,False
2021-04-23,2495967.1646261057,TECL,53223.25202705824,0.0,40.39178466796875,False
2021-04-26,2540160.427955519,TECL,53223.25202705824,0.0,40.39178466796875,False
2021-04-27,2519536.7832501032,TECL,53223.25202705824,0.0,40.39178466796875,False
2021-04-28,2449318.0432319674,TECL,53223.25202705824,0.0,40.39178466796875,False
2021-04-29,2443916.617309849,TECL,53223.25202705824,0.0,40.39178466796875,False
2021-04-30,2344725.8175926274,TECL,53223.25202705824,0.0,40.39178466796875,False
2021-05-03,2324102.172887211,TECL,53223.25202705824,0.0,44.05453872680664,False
2021-05-04,2195940.3286238736,TECL,53223.25202705824,0.0,44.05453872680664,False
2021-05-05,2181699.762762447,TECL,53223.25202705824,0.0,44.05453872680664,False
2021-05-06,2247990.063817755,TECL,53223.25202705824,0.0,44.05453872680664,False
2021-05-07,2301023.2792088524,TECL,53223.25202705824,0.0,44.05453872680664,False
2021-05-10,2131122.6084666685,TECL,53223.25202705824,0.0,44.05453872680664,False
2021-05-11,2008361.9734492558,CASH,0.0,2008361.9734492558,,False
2021-05-12,2008361.9734492558,CASH,0.0,2008361.9734492558,,False
2021-05-13,2008361.9734492558,CASH,0.0,2008361.9734492558,,False
2021-05-14,2008361.9734492558,CASH,0.0,2008361.9734492558,,False
2021-05-17,2008361.9734492558,CASH,0.0,2008361.9734492558,,False
2021-05-18,2008361.9734492558,CASH,0.0,2008361.9734492558,,False
2021-05-19,2008361.9734492558,CASH,0.0,2008361.9734492558,,False
2021-05-20,2008361.9734492558,CASH,0.0,2008361.9734492558,,False
2021-05-21,2008361.9734492558,CASH,0.0,2008361.9734492558,,False
2021-05-24,2008361.9734492558,CASH,0.0,2008361.9734492558,,False
2021-05-25,2008361.9734492558,CASH,0.0,2008361.9734492558,,False
2021-05-26,2008361.9734492558,CASH,0.0,2008361.9734492558,,False
2021-05-27,2008361.9734492558,CASH,0.0,2008361.9734492558,,False
2021-05-28,2008361.9734492558,CASH,0.0,2008361.9734492558,,False
2021-06-01,2008361.9734492558,TECL,48234.675969597876,0.0,41.637306213378906,False
2021-06-02,2047078.293904681,TECL,48234.675969597876,0.0,41.637306213378906,False
2021-06-03,1991006.6606944173,TECL,48234.675969597876,0.0,41.637306213378906,False
2021-06-04,2104040.858439121,TECL,48234.675969597876,0.0,41.637306213378906,False
2021-06-07,2104040.858439121,TECL,48234.675969597876,0.0,41.637306213378906,False
2021-06-08,2106265.794740636,TECL,48234.675969597876,0.0,41.637306213378906,False
2021-06-09,2109825.6560229226,TECL,48234.675969597876,0.0,41.637306213378906,False
2021-06-10,2157443.009689214,TECL,48234.675969597876,0.0,41.637306213378906,False
2021-06-11,2193044.0145210074,TECL,48234.675969597876,0.0,41.637306213378906,False
2021-06-14,2262466.3695444814,TECL,48234.675969597876,0.0,41.637306213378906,False
2021-06-15,2219745.274146741,TECL,48234.675969597876,0.0,41.637306213378906,False
2021-06-16,2182808.6083314293,TECL,48234.675969597876,0.0,41.637306213378906,False
2021-06-17,2260686.7149043675,TECL,48234.675969597876,0.0,41.637306213378906,False
2021-06-18,2194824.4051638674,TECL,48234.675969597876,0.0,41.637306213378906,False
2021-06-21,2267361.7078095996,TECL,48234.675969597876,0.0,41.637306213378906,False
2021-06-22,2327884.133626326,TECL,48234.675969597876,0.0,41.637306213378906,False
2021-06-23,2317649.279438807,TECL,48234.675969597876,0.0,41.637306213378906,False
2021-06-24,2364375.517780236,TECL,48234.675969597876,0.0,41.637306213378906,False
2021-06-25,2357699.9728729445,TECL,48234.675969597876,0.0,41.637306213378906,False
2021-06-28,2430682.9251814513,TECL,48234.675969597876,0.0,41.637306213378906,False
2021-06-29,2482305.421791431,TECL,48234.675969597876,0.0,41.637306213378906,False
2021-06-30,2475185.1472247974,TECL,48234.675969597876,0.0,41.637306213378906,False
2021-07-01,2482305.421791431,TQQQ,85016.50496361936,0.0,29.19792366027832,False
2021-07-02,2566561.414578004,TQQQ,85016.50496361936,0.0,29.19792366027832,False
2021-07-06,2600992.833152242,TQQQ,85016.50496361936,0.0,29.19792366027832,False
2021-07-07,2617601.024556353,TQQQ,85016.50496361936,0.0,29.19792366027832,False
2021-07-08,2572232.3382146074,TQQQ,85016.50496361936,0.0,29.19792366027832,False
2021-07-09,2615778.0655170446,TQQQ,85016.50496361936,0.0,29.19792366027832,False
2021-07-12,2648589.058038996,TQQQ,85016.50496361936,0.0,29.19792366027832,False
2021-07-13,2647171.975754303,TQQQ,85016.50496361936,0.0,29.19792366027832,False
2021-07-14,2661551.8178328336,TQQQ,85016.50496361936,0.0,29.19792366027832,False
2021-07-15,2606461.0616457094,TQQQ,85016.50496361936,0.0,29.19792366027832,False
2021-07-16,2542459.34049798,TQQQ,85016.50496361936,0.0,29.19792366027832,False
2021-07-19,2481495.614155574,TQQQ,85016.50496361936,0.0,29.19792366027832,False
2021-07-20,2563320.724629544,TQQQ,85016.50496361936,0.0,29.19792366027832,False
2021-07-21,2621854.2172838063,TQQQ,85016.50496361936,0.0,29.19792366027832,False
2021-07-22,2676944.487002587,TQQQ,85016.50496361936,0.0,29.19792366027832,False
2021-07-23,2765858.9006467704,TQQQ,85016.50496361936,0.0,29.19792366027832,False
2021-07-26,2777403.767375343,TQQQ,85016.50496361936,0.0,29.19792366027832,False
2021-07-27,2686666.070379622,TQQQ,85016.50496361936,0.0,29.19792366027832,False
2021-07-28,2716034.812902779,TQQQ,85016.50496361936,0.0,29.19792366027832,False
2021-07-29,2729401.990046202,TQQQ,85016.50496361936,0.0,29.19792366027832,False
2021-07-30,2688489.6780433888,TQQQ,85016.50496361936,0.0,29.19792366027832,False
2021-08-02,2687678.5731586153,TQQQ,85016.50496361936,0.0,31.623149871826172,False
2021-08-03,2734465.1525656264,TQQQ,85016.50496361936,0.0,31.623149871826172,False
2021-08-04,2748035.673476644,TQQQ,85016.50496361936,0.0,31.623149871826172,False
2021-08-05,2799682.395947715,TQQQ,85016.50496361936,0.0,31.623149871826172,False
2021-08-06,2763225.4853471466,TQQQ,85016.50496361936,0.0,31.623149871826172,False
2021-08-09,2778011.204180293,TQQQ,85016.50496361936,0.0,31.623149871826172,False
2021-08-10,2736490.1581236133,TQQQ,85016.50496361936,0.0,31.623149871826172,False
2021-08-11,2721705.736539383,TQQQ,85016.50496361936,0.0,31.623149871826172,False
2021-08-12,2750061.3276590887,TQQQ,85016.50496361936,0.0,31.623149871826172,False
2021-08-13,2777605.813894021,TQQQ,85016.50496361936,0.0,31.623149871826172,False
2021-08-16,2782467.2542069964,TQQQ,85016.50496361936,0.0,31.623149871826172,False
2021-08-17,2709351.2243310674,TQQQ,85016.50496361936,0.0,31.623149871826172,False
2021-08-18,2630563.7843501912,TQQQ,85016.50496361936,0.0,31.623149871826172,False
2021-08-19,2668033.0355736385,TQQQ,85016.50496361936,0.0,31.623149871826172,False
2021-08-20,2750465.4206964443,TQQQ,85016.50496361936,0.0,31.623149871826172,False
2021-08-23,2873001.607435123,TQQQ,85016.50496361936,0.0,31.623149871826172,False
2021-08-24,2901355.9013059125,TQQQ,85016.50496361936,0.0,31.623149871826172,False
2021-08-25,2904597.0777227157,TQQQ,85016.50496361936,0.0,31.623149871826172,False
2021-08-26,2855380.1024714457,TQQQ,85016.50496361936,0.0,31.623149871826172,False
2021-08-27,2938825.963309932,TQQQ,85016.50496361936,0.0,31.623149871826172,False
2021-08-30,3036246.438096792,TQQQ,85016.50496361936,0.0,31.623149871826172,False
2021-08-31,3027740.3769541155,TQQQ,85016.50496361936,0.0,31.623149871826172,False
2021-09-01,3044349.0548265707,TECL,48192.20403441305,0.0,63.17098617553711,False
2021-09-02,3039013.1374601657,TECL,48192.20403441305,0.0,63.17098617553711,False
2021-09-03,3074583.5300001684,TECL,48192.20403441305,0.0,63.17098617553711,False
2021-09-07,3075472.9414805705,TECL,48192.20403441305,0.0,63.17098617553711,False
2021-09-08,3037235.049854038,TECL,48192.20403441305,0.0,63.17098617553711,False
2021-09-09,2999886.569707907,TECL,48192.20403441305,0.0,63.17098617553711,False
2021-09-10,2914073.252781303,TECL,48192.20403441305,0.0,63.17098617553711,False
2021-09-13,2914962.4804230365,TECL,48192.20403441305,0.0,63.17098617553711,False
2021-09-14,2905181.344041311,TECL,48192.20403441305,0.0,63.17098617553711,False
2021-09-15,2978099.849050107,TECL,48192.20403441305,0.0,63.17098617553711,False
2021-09-16,2986102.897825704,TECL,48192.20403441305,0.0,63.17098617553711,False
2021-09-17,2848713.8261625795,TECL,48192.20403441305,0.0,63.17098617553711,False
2021-09-20,2718883.7762810774,CASH,0.0,2718883.7762810774,,False
2021-09-21,2718883.7762810774,CASH,0.0,2718883.7762810774,,False
2021-09-22,2718883.7762810774,CASH,0.0,2718883.7762810774,,False
2021-09-23,2718883.7762810774,CASH,0.0,2718883.7762810774,,False
2021-09-24,2718883.7762810774,CASH,0.0,2718883.7762810774,,False
2021-09-27,2718883.7762810774,CASH,0.0,2718883.7762810774,,False
2021-09-28,2718883.7762810774,CASH,0.0,2718883.7762810774,,False
2021-09-29,2718883.7762810774,CASH,0.0,2718883.7762810774,,False
2021-09-30,2718883.7762810774,CASH,0.0,2718883.7762810774,,False
2021-10-01,2718883.7762810774,TECL,49846.99264333314,0.0,54.54458999633789,False
2021-10-04,2528948.60149283,TECL,49846.99264333314,0.0,54.54458999633789,False
2021-10-05,2637482.715441562,TECL,49846.99264333314,0.0,54.54458999633789,False
2021-10-06,2691290.5573004433,TECL,49846.99264333314,0.0,54.54458999633789,False
2021-10-07,2765333.337674569,TECL,49846.99264333314,0.0,54.54458999633789,False
2021-10-08,2735900.0256618247,TECL,49846.99264333314,0.0,54.54458999633789,False
2021-10-11,2688990.868850475,TECL,49846.99264333314,0.0,54.54458999633789,False
2021-10-12,2648520.421366426,TECL,49846.99264333314,0.0,54.54458999633789,False
2021-10-13,2694969.412306358,TECL,49846.99264333314,0.0,54.54458999633789,False
2021-10-14,2875707.354504225,TECL,49846.99264333314,0.0,54.54458999633789,False
2021-10-15,2946990.280556965,TECL,49846.99264333314,0.0,54.54458999633789,False
2021-10-18,3021034.3919893964,TECL,49846.99264333314,0.0,54.54458999633789,False
2021-10-19,3107492.903937214,TECL,49846.99264333314,0.0,54.54458999633789,False
2021-10-20,3083119.32484701,TECL,49846.99264333314,0.0,54.54458999633789,False
2021-10-21,3118071.0144442203,TECL,49846.99264333314,0.0,54.54458999633789,False
2021-10-22,3085878.228412463,TECL,49846.99264333314,0.0,54.54458999633789,False
2021-10-25,3118990.585582309,TECL,49846.99264333314,0.0,54.54458999633789,False
2021-10-26,3144285.257020094,TECL,49846.99264333314,0.0,54.54458999633789,False
2021-10-27,3131407.4580631196,TECL,49846.99264333314,0.0,54.54458999633789,False
2021-10-28,3223385.8688048953,TECL,49846.99264333314,0.0,54.54458999633789,False
2021-10-29,3267995.3371662763,TECL,49846.99264333314,0.0,54.54458999633789,False
2021-11-01,3266615.9804591434,TECL,49846.99264333314,0.0,65.56053161621094,False
2021-11-02,3344337.235536811,TECL,49846.99264333314,0.0,65.56053161621094,False
2021-11-03,3402743.6936908825,TECL,49846.99264333314,0.0,65.56053161621094,False
2021-11-04,3559567.8423675895,TECL,49846.99264333314,0.0,65.56053161621094,False
2021-11-05,3608316.1414551167,TECL,49846.99264333314,0.0,65.56053161621094,False
2021-11-08,3671321.5962067517,TECL,49846.99264333314,0.0,65.56053161621094,False
2021-11-09,3628091.864854877,TECL,49846.99264333314,0.0,65.56053161621094,False
2021-11-10,3442754.5457570734,TECL,49846.99264333314,0.0,65.56053161621094,False
2021-11-11,3497940.9837183417,TECL,49846.99264333314,0.0,65.56053161621094,False
2021-11-12,3622112.750945434,TECL,49846.99264333314,0.0,65.56053161621094,False
2021-11-15,3611075.2351717562,TECL,49846.99264333314,0.0,65.56053161621094,False
2021-11-16,3723288.774579963,TECL,49846.99264333314,0.0,65.56053161621094,False
2021-11-17,3688796.870551797,TECL,49846.99264333314,0.0,65.56053161621094,False
2021-11-18,3795491.8422243516,TECL,49846.99264333314,0.0,65.56053161621094,False
2021-11-19,3885171.325120905,TECL,49846.99264333314,0.0,65.56053161621094,False
2021-11-22,3755481.750762907,TECL,49846.99264333314,0.0,65.56053161621094,False
2021-11-23,3729267.508187033,TECL,49846.99264333314,0.0,65.56053161621094,False
2021-11-24,3806989.5238694465,TECL,49846.99264333314,0.0,65.56053161621094,False
2021-11-26,3524155.986898962,TECL,49846.99264333314,0.0,65.56053161621094,False
2021-11-29,3783074.969743541,TECL,49846.99264333314,0.0,65.56053161621094,False
2021-11-30,3689257.0364232147,TECL,49846.99264333314,0.0,65.56053161621094,False
2021-12-01,3535193.1223702664,TQQQ,95674.92029106783,0.0,36.950050354003906,False
2021-12-02,3601749.20782055,TQQQ,95674.92029106783,0.0,36.950050354003906,False
2021-12-03,3420772.568931044,TQQQ,95674.92029106783,0.0,36.950050354003906,False
2021-12-06,3500776.370571836,TQQQ,95674.92029106783,0.0,36.950050354003906,False
2021-12-07,3816459.008093656,TQQQ,95674.92029106783,0.0,36.950050354003906,False
2021-12-08,3869565.917470004,TQQQ,95674.92029106783,0.0,36.950050354003906,False
2021-12-09,3702493.573312892,TQQQ,95674.92029106783,0.0,36.950050354003906,False
2021-12-10,3817142.598508486,TQQQ,95674.92029106783,0.0,36.950050354003906,False
2021-12-13,3653033.4527379223,TQQQ,95674.92029106783,0.0,36.950050354003906,False
2021-12-14,3544310.824315424,TQQQ,95674.92029106783,0.0,36.950050354003906,False
2021-12-15,3778849.4912397363,TQQQ,95674.92029106783,0.0,36.950050354003906,False
2021-12-16,3490519.229611676,TQQQ,95674.92029106783,0.0,36.950050354003906,False
2021-12-17,3437183.1185372435,TQQQ,95674.92029106783,0.0,36.950050354003906,False
2021-12-20,3334387.2518586977,TQQQ,95674.92029106783,0.0,36.950050354003906,False
2021-12-21,3557303.0568766175,TQQQ,95674.92029106783,0.0,36.950050354003906,False
2021-12-22,3684259.264335147,TQQQ,95674.92029106783,0.0,36.950050354003906,False
2021-12-23,3771784.3853933522,TQQQ,95674.92029106783,0.0,36.950050354003906,False
2021-12-27,3952076.338955458,TQQQ,95674.92029106783,0.0,36.950050354003906,False
2021-12-28,3905579.7817378924,TQQQ,95674.92029106783,0.0,36.950050354003906,False
2021-12-29,3899424.9132084255,TQQQ,95674.92029106783,0.0,36.950050354003906,False
2021-12-30,3862955.930282078,TQQQ,95674.92029106783,0.0,36.950050354003906,False
2021-12-31,3791158.4983569565,TQQQ,95674.92029106783,0.0,36.950050354003906,False
2022-01-03,3900565.447135998,TQQQ,95674.92029106783,0.0,39.62541580200195,False
2022-01-04,3748991.955384742,TQQQ,95674.92029106783,0.0,39.62541580200195,False
2022-01-05,3412042.648521261,CASH,0.0,3412042.648521261,,False
2022-01-06,3412042.648521261,CASH,0.0,3412042.648521261,,False
2022-01-07,3412042.648521261,CASH,0.0,3412042.648521261,,False
2022-01-10,3412042.648521261,CASH,0.0,3412042.648521261,,False
2022-01-11,3412042.648521261,CASH,0.0,3412042.648521261,,False
2022-01-12,3412042.648521261,CASH,0.0,3412042.648521261,,False
2022-01-13,3412042.648521261,CASH,0.0,3412042.648521261,,False
2022-01-14,3412042.648521261,CASH,0.0,3412042.648521261,,False
2022-01-18,3412042.648521261,CASH,0.0,3412042.648521261,,False
2022-01-19,3412042.648521261,CASH,0.0,3412042.648521261,,False
2022-01-20,3412042.648521261,CASH,0.0,3412042.648521261,,False
2022-01-21,3412042.648521261,CASH,0.0,3412042.648521261,,False
2022-01-24,3412042.648521261,CASH,0.0,3412042.648521261,,False
2022-01-25,3412042.648521261,CASH,0.0,3412042.648521261,,False
2022-01-26,3412042.648521261,CASH,0.0,3412042.648521261,,False
2022-01-27,3412042.648521261,CASH,0.0,3412042.648521261,,False
2022-01-28,3412042.648521261,CASH,0.0,3412042.648521261,,False
2022-01-31,3412042.648521261,CASH,0.0,3412042.648521261,,False
2022-02-01,3412042.648521261,GLD,20282.011146498015,0.0,168.22999572753906,False
2022-02-02,3424414.6876997817,GLD,20282.011146498015,0.0,168.22999572753906,False
2022-02-03,3419547.203091137,GLD,20282.011146498015,0.0,168.22999572753906,False
2022-02-04,3424820.4145768117,GLD,20282.011146498015,0.0,168.22999572753906,False
2022-02-07,3450172.9285099343,GLD,20282.011146498015,0.0,168.22999572753906,False
2022-02-08,3460719.6609602137,GLD,20282.011146498015,0.0,168.22999572753906,False
2022-02-09,3472483.2645626543,GLD,20282.011146498015,0.0,168.22999572753906,False
2022-02-10,3459299.7716300725,GLD,20282.011146498015,0.0,168.22999572753906,False
2022-02-11,3525216.307856191,GLD,20282.011146498015,0.0,168.22999572753906,False
2022-02-14,3544078.739151478,GLD,20282.011146498015,0.0,168.22999572753906,False
2022-02-15,3510410.5263733477,GLD,20282.011146498015,0.0,168.22999572753906,False
2022-02-16,3546512.4814558,GLD,20282.011146498015,0.0,168.22999572753906,False
2022-02-17,3594986.475716773,GLD,20282.011146498015,0.0,168.22999572753906,False
2022-02-18,3592349.715234471,GLD,20282.011146498015,0.0,168.22999572753906,False
2022-02-22,3599854.2698043473,GLD,20282.011146498015,0.0,168.22999572753906,False
2022-02-23,3616079.631138402,GLD,20282.011146498015,0.0,168.22999572753906,False
2022-02-24,3592755.442111501,GLD,20282.011146498015,0.0,168.22999572753906,False
2022-02-25,3580789.1298100105,GLD,20282.011146498015,0.0,168.22999572753906,False
2022-02-28,3617905.2473455733,GLD,20282.011146498015,0.0,168.22999572753906,False
2022-03-01,3683618.7653937116,GLD,20282.011146498015,0.0,178.3800048828125,False
2022-03-02,3645285.7767059878,GLD,20282.011146498015,0.0,178.3800048828125,False
2022-03-03,3666987.677182627,GLD,20282.011146498015,0.0,178.3800048828125,False
2022-03-04,3725399.658838869,GLD,20282.011146498015,0.0,178.3800048828125,False
2022-03-07,3780769.772093638,GLD,20282.011146498015,0.0,178.3800048828125,False
2022-03-08,3884207.84325342,GLD,20282.011146498015,0.0,178.3800048828125,False
2022-03-09,3768803.4597921474,GLD,20282.011146498015,0.0,178.3800048828125,False
2022-03-10,3780566.7539156578,GLD,20282.011146498015,0.0,178.3800048828125,False
2022-03-11,3753997.3688303744,GLD,20282.011146498015,0.0,178.3800048828125,False
2022-03-14,3697410.6939023742,GLD,20282.011146498015,0.0,178.3800048828125,False
2022-03-15,3628248.9616178726,GLD,20282.011146498015,0.0,178.3800048828125,False
2022-03-16,3650964.715068693,GLD,20282.011146498015,0.0,178.3800048828125,False
2022-03-17,3668812.983910869,GLD,20282.011146498015,0.0,178.3800048828125,False
2022-03-18,3636564.66046288,GLD,20282.011146498015,0.0,178.3800048828125,False
2022-03-21,3664350.9167003245,GLD,20282.011146498015,0.0,178.3800048828125,False
2022-03-22,3637781.531615041,GLD,20282.011146498015,0.0,178.3800048828125,False
2022-03-23,3687472.397028175,GLD,20282.011146498015,0.0,178.3800048828125,False
2022-03-24,3714244.800291439,GLD,20282.011146498015,0.0,178.3800048828125,False
2022-03-25,3699033.2919315654,GLD,20282.011146498015,0.0,178.3800048828125,False
2022-03-28,3631696.8663753057,GLD,20282.011146498015,0.0,178.3800048828125,False
2022-03-29,3633319.4644044973,GLD,20282.011146498015,0.0,178.3800048828125,False
2022-03-30,3662525.609972083,GLD,20282.011146498015,0.0,178.3800048828125,False
2022-03-31,3663945.1898232945,GLD,20282.011146498015,0.0,178.3800048828125,False
2022-04-01,3640621.0007963935,GLD,20282.011146498015,0.0,180.64999389648438,False
2022-04-04,3658266.2514605895,GLD,20282.011146498015,0.0,180.64999389648438,False
2022-04-05,3635347.789310719,GLD,20282.011146498015,0.0,180.64999389648438,False
2022-04-06,3643866.1968547762,GLD,20282.011146498015,0.0,180.64999389648438,False
2022-04-07,3657657.8158845087,GLD,20282.011146498015,0.0,180.64999389648438,False
2022-04-08,3680576.587513309,GLD,20282.011146498015,0.0,180.64999389648438,False
2022-04-11,3698830.2737535853,GLD,20282.011146498015,0.0,180.64999389648438,False
2022-04-12,3727225.2750460403,GLD,20282.011146498015,0.0,180.64999389648438,False
2022-04-13,3745073.2344092866,GLD,20282.011146498015,0.0,180.64999389648438,False
2022-04-14,3732701.1952307653,GLD,20282.011146498015,0.0,180.64999389648438,False
2022-04-18,3744262.0901341555,GLD,20282.011146498015,0.0,180.64999389648438,False
2022-04-19,3687675.4152061553,GLD,20282.011146498015,0.0,180.64999389648438,False
2022-04-20,3705726.3927473812,GLD,20282.011146498015,0.0,180.64999389648438,False
2022-04-21,3692542.8998148,GLD,20282.011146498015,0.0,180.64999389648438,False
2022-04-22,3656643.653431398,GLD,20282.011146498015,0.0,180.64999389648438,False
2022-04-25,3590930.1353832595,GLD,20282.011146498015,0.0,180.64999389648438,False
2022-04-26,3596406.365046914,GLD,20282.011146498015,0.0,180.64999389648438,False
2022-04-27,3569228.2349066203,GLD,20282.011146498015,0.0,180.64999389648438,False
2022-04-28,3588496.0836000075,GLD,20282.011146498015,0.0,180.64999389648438,False
2022-04-29,3588090.6662019067,GLD,20282.011146498015,0.0,180.64999389648438,False
2022-05-02,3521565.694399708,GLD,20282.011146498015,0.0,176.91000366210938,False
2022-05-03,3530895.246218896,GLD,20282.011146498015,0.0,176.91000366210938,False
2022-05-04,3565577.621450137,GLD,20282.011146498015,0.0,176.91000366210938,False
2022-05-05,3551988.711119455,GLD,20282.011146498015,0.0,176.91000366210938,False
2022-05-06,3557870.3581812102,GLD,20282.011146498015,0.0,176.91000366210938,False
2022-05-09,3506354.1860398343,GLD,20282.011146498015,0.0,176.91000366210938,False
2022-05-10,3476742.313595218,GLD,20282.011146498015,0.0,176.91000366210938,False
2022-05-11,3505137.314887673,GLD,20282.011146498015,0.0,176.91000366210938,False
2022-05-12,3451389.7996620955,GLD,20282.011146498015,0.0,176.91000366210938,False
2022-05-13,3423400.525246671,GLD,20282.011146498015,0.0,176.91000366210938,False
2022-05-16,3456054.5755716898,GLD,20282.011146498015,0.0,176.91000366210938,False
2022-05-17,3434352.9845739803,GLD,20282.011146498015,0.0,176.91000366210938,False
2022-05-18,3436178.291302222,GLD,20282.011146498015,0.0,176.91000366210938,False
2022-05-19,3486680.6104694167,GLD,20282.011146498015,0.0,176.91000366210938,False
2022-05-20,3489114.352773739,GLD,20282.011146498015,0.0,176.91000366210938,False
2022-05-23,3505340.0235867235,GLD,20282.011146498015,0.0,176.91000366210938,False
2022-05-24,3531706.699972957,GLD,20282.011146498015,0.0,176.91000366210938,False
2022-05-25,3510410.5263733477,GLD,20282.011146498015,0.0,176.91000366210938,False
2022-05-26,3503920.1342565822,GLD,20282.011146498015,0.0,176.91000366210938,False
2022-05-27,3505745.750463754,GLD,20282.011146498015,0.0,176.91000366210938,False
2022-05-31,3471063.375232513,GLD,20282.011146498015,0.0,176.91000366210938,False
2022-06-01,3493170.6931072525,SHY,48089.12653561908,0.0,72.63951218826776,False
2022-06-02,3494010.1534601264,SHY,48089.12653561908,0.0,72.63951218826776,False
2022-06-03,3492747.8237258,SHY,48089.12653561908,0.0,72.63951218826776,False
2022-06-06,3488126.5446252674,SHY,48089.12653561908,0.0,72.63951218826776,False
2022-06-07,3488546.090142586,SHY,48089.12653561908,0.0,72.63951218826776,False
2022-06-08,3486025.493174542,SHY,48089.12653561908,0.0,72.63951218826776,False
2022-06-09,3483505.2655247347,SHY,48089.12653561908,0.0,72.63951218826776,False
2022-06-10,3468797.166733181,SHY,48089.12653561908,0.0,72.63951218826776,False
2022-06-13,3451148.9254562645,SHY,48089.12653561908,0.0,72.63951218826776,False
2022-06-14,3444425.8562685326,SHY,48089.12653561908,0.0,72.63951218826776,False
2022-06-15,3457873.4719169457,SHY,48089.12653561908,0.0,72.63951218826776,False
2022-06-16,3462495.120335715,SHY,48089.12653561908,0.0,72.63951218826776,False
2022-06-17,3461654.921346367,SHY,48089.12653561908,0.0,72.63951218826776,False
2022-06-21,3460392.9609302785,SHY,48089.12653561908,0.0,72.63951218826776,False
2022-06-22,3470479.041984825,SHY,48089.12653561908,0.0,72.63951218826776,False
2022-06-23,3473419.9231066615,SHY,48089.12653561908,0.0,72.63951218826776,False
2022-06-24,3472580.093435551,SHY,48089.12653561908,0.0,72.63951218826776,False
2022-06-27,3468797.166733181,SHY,48089.12653561908,0.0,72.63951218826776,False
2022-06-28,3467956.598425596,SHY,48089.12653561908,0.0,72.63951218826776,False
2022-06-29,3472158.3320088102,SHY,48089.12653561908,0.0,72.63951218826776,False
2022-06-30,3478882.8784694914,SHY,48089.12653561908,0.0,72.63951218826776,False
2022-07-01,3489356.374354731,SHY,48089.12653561908,0.0,72.34240106009665,False
2022-07-05,3488934.9822462266,SHY,48089.12653561908,0.0,72.34240106009665,False
2022-07-06,3479259.5830713087,SHY,48089.12653561908,0.0,72.34240106009665,False
2022-07-07,3476736.7701938422,SHY,48089.12653561908,0.0,72.34240106009665,False
2022-07-08,3472530.235473546,SHY,48089.12653561908,0.0,72.34240106009665,False
2022-07-11,3473792.1958896345,SHY,48089.12653561908,0.0,72.34240106009665,False
2022-07-12,3475475.5484142276,SHY,48089.12653561908,0.0,72.34240106009665,False
2022-07-13,3471690.775120672,SHY,48089.12653561908,0.0,72.34240106009665,False
2022-07-14,3470427.7067498723,SHY,48089.12653561908,0.0,72.34240106009665,False
2022-07-15,3472952.735536761,SHY,48089.12653561908,0.0,72.34240106009665,False
2022-07-18,3470847.621585427,SHY,48089.12653561908,0.0,72.34240106009665,False
2022-07-19,3467064.6948830574,SHY,48089.12653561908,0.0,72.34240106009665,False
2022-07-20,3466642.5641380795,SHY,48089.12653561908,0.0,72.34240106009665,False
2022-07-21,3476318.332631234,SHY,48089.12653561908,0.0,72.34240106009665,False
2022-07-22,3485149.839634435,SHY,48089.12653561908,0.0,72.34240106009665,False
2022-07-25,3482205.2653302266,SHY,48089.12653561908,0.0,72.34240106009665,False
2022-07-26,3480522.651442109,SHY,48089.12653561908,0.0,72.34240106009665,False
2022-07-27,3485990.4079420194,SHY,48089.12653561908,0.0,72.34240106009665,False
2022-07-28,3493560.693165604,SHY,48089.12653561908,0.0,72.34240106009665,False
2022-07-29,3493141.516966523,SHY,48089.12653561908,0.0,72.34240106009665,False
2022-08-01,3493057.6817267067,SHY,48089.12653561908,0.0,72.6389054785429,False
2022-08-02,3480846.1742177866,SHY,48089.12653561908,0.0,72.6389054785429,False
2022-08-03,3482108.8732703505,SHY,48089.12653561908,0.0,72.6389054785429,False
2022-08-04,3486740.123963284,SHY,48089.12653561908,0.0,72.6389054785429,False
2022-08-05,3472425.3490942162,SHY,48089.12653561908,0.0,72.6389054785429,False
2022-08-08,3475793.9007345866,SHY,48089.12653561908,0.0,72.6389054785429,False
2022-08-09,3472425.3490942162,SHY,48089.12653561908,0.0,72.6389054785429,False
2022-08-10,3475793.9007345866,SHY,48089.12653561908,0.0,72.6389054785429,False
2022-08-11,3474530.4630455496,SHY,48089.12653561908,0.0,72.6389054785429,False
2022-08-12,3475372.139307846,SHY,48089.12653561908,0.0,72.6389054785429,False
2022-08-15,3478320.7761126617,SHY,48089.12653561908,0.0,72.6389054785429,False
2022-08-16,3475372.139307846,SHY,48089.12653561908,0.0,72.6389054785429,False
2022-08-17,3472425.3490942162,SHY,48089.12653561908,0.0,72.6389054785429,False
2022-08-18,3477477.6225774162,SHY,48089.12653561908,0.0,72.6389054785429,False
2022-08-19,3474952.2244722904,SHY,48089.12653561908,0.0,72.6389054785429,False
2022-08-22,3470319.8658246454,SHY,48089.12653561908,0.0,72.6389054785429,False
2022-08-23,3472005.803576898,SHY,48089.12653561908,0.0,72.6389054785429,False
2022-08-24,3468214.751873312,SHY,48089.12653561908,0.0,72.6389054785429,False
2022-08-25,3470319.8658246454,SHY,48089.12653561908,0.0,72.6389054785429,False
2022-08-26,3469478.5588805866,SHY,48089.12653561908,0.0,72.6389054785429,False
2022-08-29,3466952.052820749,SHY,48089.12653561908,0.0,72.6389054785429,False
2022-08-30,3465268.330977919,SHY,48089.12653561908,0.0,72.6389054785429,False
2022-08-31,3464846.9388694153,SHY,48089.12653561908,0.0,72.6389054785429,False
2022-09-01,3462315.631672496,IEF,39529.90619767575,0.0,87.58724633341201,False
2022-09-02,3481711.6429798244,IEF,39529.90619767575,0.0,87.58724633341201,False
2022-09-06,3442918.4078871217,IEF,39529.90619767575,0.0,87.58724633341201,False
2022-09-07,3465433.5189686646,IEF,39529.90619767575,0.0,87.58724633341201,False
2022-09-08,3452617.3228993206,IEF,39529.90619767575,0.0,87.58724633341201,False
2022-09-09,3452964.091620575,IEF,39529.90619767575,0.0,87.58724633341201,False
2022-09-12,3444650.432776321,IEF,39529.90619767575,0.0,87.58724633341201,False
2022-09-13,3425254.118349481,IEF,39529.90619767575,0.0,87.58724633341201,False
2022-09-14,3426984.930760634,IEF,39529.90619767575,0.0,87.58724633341201,False
2022-09-15,3415209.343974563,IEF,39529.90619767575,0.0,87.58724633341201,False
2022-09-16,3417979.8563104537,IEF,39529.90619767575,0.0,87.58724633341201,False
2022-09-19,3408281.2444177666,IEF,39529.90619767575,0.0,87.58724633341201,False
2022-09-20,3387153.2082212386,IEF,39529.90619767575,0.0,87.58724633341201,False
2022-09-21,3400661.729255044,IEF,39529.90619767575,0.0,87.58724633341201,False
2022-09-22,3349398.763694739,IEF,39529.90619767575,0.0,87.58724633341201,False
2022-09-23,3353555.4415571103,IEF,39529.90619767575,0.0,87.58724633341201,False
2022-09-26,3297789.3325326927,IEF,39529.90619767575,0.0,87.58724633341201,False
2022-09-27,3275274.8276901734,IEF,39529.90619767575,0.0,87.58724633341201,False
2022-09-28,3349053.5105710435,IEF,39529.90619767575,0.0,87.58724633341201,False
2022-09-29,3333465.892807274,IEF,39529.90619767575,0.0,87.58724633341201,False
2022-09-30,3324805.465241767,IEF,39529.90619767575,0.0,87.58724633341201,False
2022-10-03,3364265.5632599574,SHY,47153.12716264012,0.0,71.34766590677994,False
2022-10-04,3365506.582371165,SHY,47153.12716264012,0.0,71.34766590677994,False
2022-10-05,3362197.439494532,SHY,47153.12716264012,0.0,71.34766590677994,False
2022-10-06,3358056.8464050787,SHY,47153.12716264012,0.0,71.34766590677994,False
2022-10-07,3353917.70183516,SHY,47153.12716264012,0.0,71.34766590677994,False
2022-10-10,3352675.5963343014,SHY,47153.12716264012,0.0,71.34766590677994,False
2022-10-11,3354332.34055192,SHY,47153.12716264012,0.0,71.34766590677994,False
2022-10-12,3357642.9319480867,SHY,47153.12716264012,0.0,71.34766590677994,False
2022-10-13,3347708.622850398,SHY,47153.12716264012,0.0,71.34766590677994,False
2022-10-14,3346052.602892548,SHY,47153.12716264012,0.0,71.34766590677994,False
2022-10-17,3349778.919395125,SHY,47153.12716264012,0.0,71.34766590677994,False
2022-10-18,3351434.939352976,SHY,47153.12716264012,0.0,71.34766590677994,False
2022-10-19,3345225.498238331,SHY,47153.12716264012,0.0,71.34766590677994,False
2022-10-20,3341499.5438656365,SHY,47153.12716264012,0.0,71.34766590677994,False
2022-10-21,3350193.1959820003,SHY,47153.12716264012,0.0,71.34766590677994,False
2022-10-24,3349363.9185484825,SHY,47153.12716264012,0.0,71.34766590677994,False
2022-10-25,3352675.5963343014,SHY,47153.12716264012,0.0,71.34766590677994,False
2022-10-26,3355572.2732734764,SHY,47153.12716264012,0.0,71.34766590677994,False
2022-10-27,3362609.5433021057,SHY,47153.12716264012,0.0,71.34766590677994,False
2022-10-28,3357642.9319480867,SHY,47153.12716264012,0.0,71.34766590677994,False
2022-10-31,3352675.5963343014,SHY,47153.12716264012,0.0,71.34766590677994,False
2022-11-01,3349401.2179264966,SHY,47153.12716264012,0.0,71.10187166951376,False
2022-11-02,3347741.576669809,SHY,47153.12716264012,0.0,71.10187166951376,False
2022-11-03,3341521.6337885386,SHY,47153.12716264012,0.0,71.10187166951376,False
2022-11-04,3345253.3822393706,SHY,47153.12716264012,0.0,71.10187166951376,False
2022-11-07,3342351.635481824,SHY,47153.12716264012,0.0,71.10187166951376,False
2022-11-08,3345668.745215897,SHY,47153.12716264012,0.0,71.10187166951376,False
2022-11-09,3351059.4106636494,SHY,47153.12716264012,0.0,71.10187166951376,False
2022-11-10,3369303.152071168,SHY,47153.12716264012,0.0,71.10187166951376,False
2022-11-11,3368473.150377882,SHY,47153.12716264012,0.0,71.10187166951376,False
2022-11-14,3365570.317230685,SHY,47153.12716264012,0.0,71.10187166951376,False
2022-11-15,3368888.513354408,SHY,47153.12716264012,0.0,71.10187166951376,False
2022-11-16,3369303.152071168,SHY,47153.12716264012,0.0,71.10187166951376,False
2022-11-17,3365157.1270334604,SHY,47153.12716264012,0.0,71.10187166951376,False
2022-11-18,3361425.016452744,SHY,47153.12716264012,0.0,71.10187166951376,False
2022-11-21,3360595.739019226,SHY,47153.12716264012,0.0,71.10187166951376,False
2022-11-22,3363083.5713197803,SHY,47153.12716264012,0.0,71.10187166951376,False
2022-11-23,3365984.9559474434,SHY,47153.12716264012,0.0,71.10187166951376,False
2022-11-25,3366401.043183737,SHY,47153.12716264012,0.0,71.10187166951376,False
2022-11-28,3367229.596357489,SHY,47153.12716264012,0.0,71.10187166951376,False
2022-11-29,3365984.9559474434,SHY,47153.12716264012,0.0,71.10187166951376,False
2022-11-30,3375936.2851496637,SHY,47153.12716264012,0.0,71.10187166951376,False
2022-12-01,3383208.2153428863,SHY,47153.12716264012,0.0,71.59517275504159,False
2022-12-02,3382376.7651300654,SHY,47153.12716264012,0.0,71.59517275504159,False
2022-12-05,3372819.7953711227,SHY,47153.12716264012,0.0,71.59517275504159,False
2022-12-06,3376560.959198929,SHY,47153.12716264012,0.0,71.59517275504159,False
2022-12-07,3383623.2161895293,SHY,47153.12716264012,0.0,71.59517275504159,False
2022-12-08,3380299.2259876668,SHY,47153.12716264012,0.0,71.59517275504159,False
2022-12-09,3378637.411951678,SHY,47153.12716264012,0.0,71.59517275504159,False
2022-12-12,3376560.959198929,SHY,47153.12716264012,0.0,71.59517275504159,False
2022-12-13,3386530.7570252144,SHY,47153.12716264012,0.0,71.59517275504159,False
2022-12-14,3386948.2927810415,SHY,47153.12716264012,0.0,71.59517275504159,False
2022-12-15,3387404.576434419,SHY,47153.12716264012,0.0,71.59517275504159,False
2022-12-16,3390736.1713638376,SHY,47153.12716264012,0.0,71.59517275504159,False
2022-12-19,3386572.401961832,SHY,47153.12716264012,0.0,71.59517275504159,False
2022-12-20,3386572.401961832,SHY,47153.12716264012,0.0,71.59517275504159,False
2022-12-21,3389903.272631483,SHY,47153.12716264012,0.0,71.59517275504159,False
2022-12-22,3387820.301540829,SHY,47153.12716264012,0.0,71.59517275504159,False
2022-12-23,3386155.952595654,SHY,47153.12716264012,0.0,71.59517275504159,False
2022-12-27,3381575.7338274717,SHY,47153.12716264012,0.0,71.59517275504159,False
2022-12-28,3381575.7338274717,SHY,47153.12716264012,0.0,71.59517275504159,False
2022-12-29,3384075.1542843026,SHY,47153.12716264012,0.0,71.59517275504159,False
2022-12-30,3379909.5742328786,SHY,47153.12716264012,0.0,71.59517275504159,False
2023-01-03,3382824.3576662354,GLD,19775.660037101927,0.0,171.05999755859375,False
2023-01-04,3414663.1823960748,GLD,19775.660037101927,0.0,171.05999755859375,False
2023-01-05,3372145.6340173557,GLD,19775.660037101927,0.0,171.05999755859375,False
2023-01-06,3435230.0378161306,GLD,19775.660037101927,0.0,171.05999755859375,False
2023-01-09,3442942.5331604956,GLD,19775.660037101927,0.0,171.05999755859375,False
2023-01-10,3455598.9435141357,GLD,19775.660037101927,0.0,171.05999755859375,False
2023-01-11,3453225.6591178984,GLD,19775.660037101927,0.0,171.05999755859375,False
2023-01-12,3493172.576883579,GLD,19775.660037101927,0.0,171.05999755859375,False
2023-01-13,3535096.879601395,GLD,19775.660037101927,0.0,171.05999755859375,False
2023-01-17,3511959.393568301,GLD,19775.660037101927,0.0,171.05999755859375,False
2023-01-18,3501873.9155803244,GLD,19775.660037101927,0.0,171.05999755859375,False
2023-01-19,3557443.4720041608,GLD,19775.660037101927,0.0,171.05999755859375,False
2023-01-20,3545577.9552808492,GLD,19775.660037101927,0.0,171.05999755859375,False
2023-01-23,3552301.909025459,GLD,19775.660037101927,0.0,171.05999755859375,False
2023-01-24,3565155.9673485253,GLD,19775.660037101927,0.0,171.05999755859375,False
2023-01-25,3581569.801389635,GLD,19775.660037101927,0.0,171.05999755859375,False
2023-01-26,3549137.730998893,GLD,19775.660037101927,0.0,171.05999755859375,False
2023-01-27,3544193.8159896173,GLD,19775.660037101927,0.0,171.05999755859375,False
2023-01-30,3535096.879601395,GLD,19775.660037101927,0.0,171.05999755859375,False
2023-01-31,3547951.2396770865,GLD,19775.660037101927,0.0,171.05999755859375,False
2023-02-01,3592644.122729992,GLD,19775.660037101927,0.0,179.41000366210938,False
2023-02-02,3518089.7998993825,GLD,19775.660037101927,0.0,179.41000366210938,False
2023-02-03,3430286.122806855,GLD,19775.660037101927,0.0,179.41000366210938,False
2023-02-06,3437405.372490317,GLD,19775.660037101927,0.0,179.41000366210938,False
2023-02-07,3440569.2487642583,GLD,19775.660037101927,0.0,179.41000366210938,False
2023-02-08,3449072.939491577,GLD,19775.660037101927,0.0,179.41000366210938,False
2023-02-09,3421782.4320795364,GLD,19775.660037101927,0.0,179.41000366210938,False
2023-02-10,3428308.436102095,GLD,19775.660037101927,0.0,179.41000366210938,False
2023-02-13,3410905.758708605,GLD,19775.660037101927,0.0,179.41000366210938,False
2023-02-14,3413476.6910742684,GLD,19775.660037101927,0.0,179.41000366210938,False
2023-02-15,3379462.5316702435,GLD,19775.660037101927,0.0,179.41000366210938,False
2023-02-16,3376693.951335154,GLD,19775.660037101927,0.0,179.41000366210938,False
2023-02-17,3386779.4293231308,GLD,19775.660037101927,0.0,179.41000366210938,False
2023-02-21,3374123.0189694907,GLD,19775.660037101927,0.0,179.41000366210938,False
2023-02-22,3355138.554315343,GLD,19775.660037101927,0.0,179.41000366210938,False
2023-02-23,3353358.817332634,GLD,19775.660037101927,0.0,179.41000366210938,False
2023-02-24,3329232.4879471594,GLD,19775.660037101927,0.0,179.41000366210938,False
2023-02-27,3342284.194239652,GLD,19775.660037101927,0.0,179.41000366210938,False
2023-02-28,3357511.536958955,GLD,19775.660037101927,0.0,179.41000366210938,False
2023-03-01,3376891.59930458,GLD,19775.660037101927,0.0,169.77999877929688,False
2023-03-02,3374914.2143524447,GLD,19775.660037101927,0.0,169.77999877929688,False
2023-03-03,3411103.708430656,GLD,19775.660037101927,0.0,169.77999877929688,False
2023-03-06,3393898.679006593,GLD,19775.660037101927,0.0,169.77999877929688,False
2023-03-07,3334571.698895287,GLD,19775.660037101927,0.0,169.77999877929688,False
2023-03-08,3332989.6098820036,GLD,19775.660037101927,0.0,169.77999877929688,False
2023-03-09,3365817.2779642227,GLD,19775.660037101927,0.0,169.77999877929688,False
2023-03-10,3438393.914090072,GLD,19775.660037101927,0.0,169.77999877929688,False
2023-03-13,3517298.9062690535,GLD,19775.660037101927,0.0,169.77999877929688,False
2023-03-14,3496930.000571049,GLD,19775.660037101927,0.0,169.77999877929688,False
2023-03-15,3524220.5079830894,GLD,19775.660037101927,0.0,169.77999877929688,False
2023-03-16,3531339.757666551,GLD,19775.660037101927,0.0,169.77999877929688,False
2023-03-17,3634173.129508956,GLD,19775.660037101927,0.0,169.77999877929688,False
2023-03-20,3635557.2688001883,GLD,19775.660037101927,0.0,169.77999877929688,False
2023-03-21,3566935.7043312346,GLD,19775.660037101927,0.0,169.77999877929688,False
2023-03-22,3627647.1254863977,GLD,19775.660037101927,0.0,169.77999877929688,False
2023-03-23,3673131.203922257,GLD,19775.660037101927,0.0,169.77999877929688,False
2023-03-24,3631799.8451127186,GLD,19775.660037101927,0.0,169.77999877929688,False
2023-03-27,3598181.2834001705,GLD,19775.660037101927,0.0,169.77999877929688,False
2023-03-28,3627647.1254863977,GLD,19775.660037101927,0.0,169.77999877929688,False
2023-03-29,3609651.2024320047,GLD,19775.660037101927,0.0,169.77999877929688,False
2023-03-30,3642280.9207921727,GLD,19775.660037101927,0.0,169.77999877929688,False
2023-03-31,3623296.456138025,GLD,19775.660037101927,0.0,169.77999877929688,False
2023-04-03,3649400.1704756347,TECL,106108.04815061927,0.0,34.393245697021484,False
2023-04-04,3591191.804187076,TECL,106108.04815061927,0.0,34.393245697021484,False
2023-04-05,3465894.4160297257,TECL,106108.04815061927,0.0,34.393245697021484,False
2023-04-06,3519169.849339419,TECL,106108.04815061927,0.0,34.393245697021484,False
2023-04-10,3511277.2375272512,TECL,106108.04815061927,0.0,34.393245697021484,False
2023-04-11,3413605.0026376913,TECL,106108.04815061927,0.0,34.393245697021484,False
2023-04-12,3357369.8904946945,TECL,106108.04815061927,0.0,34.393245697021484,False
2023-04-13,3538901.9860249604,TECL,106108.04815061927,0.0,34.393245697021484,False
2023-04-14,3475760.2819874557,TECL,106108.04815061927,0.0,34.393245697021484,False
2023-04-17,3513251.3012129758,TECL,106108.04815061927,0.0,34.393245697021484,False
2023-04-18,3544821.7484616474,TECL,106108.04815061927,0.0,34.393245697021484,False
2023-04-19,3513251.3012129758,TECL,106108.04815061927,0.0,34.393245697021484,False
2023-04-20,3443203.0052809627,TECL,106108.04815061927,0.0,34.393245697021484,False
2023-04-21,3404725.9661377827,TECL,106108.04815061927,0.0,34.393245697021484,False
2023-04-24,3284460.153428071,CASH,0.0,3284460.153428071,,False
2023-04-25,3284460.153428071,CASH,0.0,3284460.153428071,,False
2023-04-26,3284460.153428071,CASH,0.0,3284460.153428071,,False
2023-04-27,3284460.153428071,CASH,0.0,3284460.153428071,,False
2023-04-28,3284460.153428071,CASH,0.0,3284460.153428071,,False
2023-05-01,3284460.153428071,TQQQ,242031.1075370977,0.0,13.570405006408691,False
2023-05-02,3197014.431715549,TQQQ,242031.1075370977,0.0,13.570405006408691,False
2023-05-03,3134052.81962598,TQQQ,242031.1075370977,0.0,13.570405006408691,False
2023-05-04,3099074.992578673,TQQQ,242031.1075370977,0.0,13.570405006408691,False
2023-05-05,3289123.3866754198,TQQQ,242031.1075370977,0.0,13.570405006408691,False
2023-05-08,3315940.382425728,TQQQ,242031.1075370977,0.0,13.570405006408691,False
2023-05-09,3251813.5967761623,TQQQ,242031.1075370977,0.0,13.570405006408691,False
2023-05-10,3356748.2320123375,TQQQ,242031.1075370977,0.0,13.570405006408691,False
2023-05-11,3384731.0937791956,TQQQ,242031.1075370977,0.0,13.570405006408691,False
2023-05-12,3349752.5742753358,TQQQ,242031.1075370977,0.0,13.570405006408691,False
2023-05-15,3401054.141286299,TQQQ,242031.1075370977,0.0,13.570405006408691,False
2023-05-16,3413879.5907437527,TQQQ,242031.1075370977,0.0,13.570405006408691,False
2023-05-17,3536303.1395035814,TQQQ,242031.1075370977,0.0,13.570405006408691,False
2023-05-18,3726351.764419179,TQQQ,242031.1075370977,0.0,13.570405006408691,False
2023-05-19,3700701.0963231227,TQQQ,242031.1075370977,0.0,13.570405006408691,False
2023-05-22,3739177.2138766325,TQQQ,242031.1075370977,0.0,13.570405006408691,False
2023-05-23,3594600.5950703975,TQQQ,242031.1075370977,0.0,13.570405006408691,False
2023-05-24,3536303.1395035814,TQQQ,242031.1075370977,0.0,13.570405006408691,False
2023-05-25,3791644.8777229968,TQQQ,242031.1075370977,0.0,13.570405006408691,False
2023-05-26,4078466.1524835154,TQQQ,242031.1075370977,0.0,13.570405006408691,False
2023-05-30,4135597.972852633,TQQQ,242031.1075370977,0.0,13.570405006408691,False
2023-05-31,4051650.0800086115,TQQQ,242031.1075370977,0.0,13.570405006408691,False
2023-06-01,4198559.35412335,TECL,95104.42420187283,0.0,44.14683532714844,False
2023-06-02,4273723.499442595,TECL,95104.42420187283,0.0,44.14683532714844,False
2023-06-05,4196790.730511961,TECL,95104.42420187283,0.0,44.14683532714844,False
2023-06-06,4191485.5852669654,TECL,95104.42420187283,0.0,44.14683532714844,False
2023-06-07,4002249.0263562505,TECL,95104.42420187283,0.0,44.14683532714844,False
2023-06-08,4128701.079638274,TECL,95104.42420187283,0.0,44.14683532714844,False
2023-06-09,4187063.1192520238,TECL,95104.42420187283,0.0,44.14683532714844,False
2023-06-12,4457653.824724554,TECL,95104.42420187283,0.0,44.14683532714844,False
2023-06-13,4538123.115288795,TECL,95104.42420187283,0.0,44.14683532714844,False
2023-06-14,4674301.6914469935,TECL,95104.42420187283,0.0,44.14683532714844,False
2023-06-15,4854694.769506174,TECL,95104.42420187283,0.0,44.14683532714844,False
2023-06-16,4730895.833038528,TECL,95104.42420187283,0.0,44.14683532714844,False
2023-06-20,4631856.901541164,TECL,95104.42420187283,0.0,44.14683532714844,False
2023-06-21,4423892.1604628265,TECL,95104.42420187283,0.0,44.14683532714844,False
2023-06-22,4537166.063168416,TECL,95104.42420187283,0.0,44.14683532714844,False
2023-06-23,4379644.644254434,TECL,95104.42420187283,0.0,44.14683532714844,False
2023-06-26,4279643.944307061,TECL,95104.42420187283,0.0,44.14683532714844,False
2023-06-27,4537166.063168416,TECL,95104.42420187283,0.0,44.14683532714844,False
2023-06-28,4541591.068745466,TECL,95104.42420187283,0.0,44.14683532714844,False
2023-06-29,4569024.869821582,TECL,95104.42420187283,0.0,44.14683532714844,False
2023-06-30,4780529.03489022,TECL,95104.42420187283,0.0,44.14683532714844,False
2023-07-03,4746016.023038915,TQQQ,237909.74696979037,0.0,19.948808670043945,False
2023-07-05,4742566.411572576,TQQQ,237909.74696979037,0.0,19.948808670043945,False
2023-07-06,4631045.310126825,TQQQ,237909.74696979037,0.0,19.948808670043945,False
2023-07-07,4583906.519185646,TQQQ,237909.74696979037,0.0,19.948808670043945,False
2023-07-10,4587355.676875155,TQQQ,237909.74696979037,0.0,19.948808670043945,False
2023-07-11,4652890.12675266,TQQQ,237909.74696979037,0.0,19.948808670043945,False
2023-07-12,4825346.649897626,TQQQ,237909.74696979037,0.0,19.948808670043945,False
2023-07-13,5065636.456343995,TQQQ,237909.74696979037,0.0,19.948808670043945,False
2023-07-14,5061038.3357193675,TQQQ,237909.74696979037,0.0,19.948808670043945,False
2023-07-17,5201303.022946802,TQQQ,237909.74696979037,0.0,19.948808670043945,False
2023-07-18,5325471.338438639,TQQQ,237909.74696979037,0.0,19.948808670043945,False
2023-07-19,5325471.338438639,TQQQ,237909.74696979037,0.0,19.948808670043945,False
2023-07-20,4951814.252590193,TQQQ,237909.74696979037,0.0,19.948808670043945,False
2023-07-21,4908125.980669015,TQQQ,237909.74696979037,0.0,19.948808670043945,False
2023-07-24,4927671.510094121,TQQQ,237909.74696979037,0.0,19.948808670043945,False
2023-07-25,5026546.305047445,TQQQ,237909.74696979037,0.0,19.948808670043945,False
2023-07-26,4974809.847258469,TQQQ,237909.74696979037,0.0,19.948808670043945,False
2023-07-27,4932270.084495579,TQQQ,237909.74696979037,0.0,19.948808670043945,False
2023-07-28,5199003.281969242,TQQQ,237909.74696979037,0.0,19.948808670043945,False
2023-07-31,5209349.847484108,TQQQ,237909.74696979037,0.0,19.948808670043945,False
2023-08-01,5169111.1870292695,TQQQ,237909.74696979037,0.0,21.89632797241211,False
2023-08-02,4831095.548564695,TQQQ,237909.74696979037,0.0,21.89632797241211,False
2023-08-03,4796603.517892773,TQQQ,237909.74696979037,0.0,21.89632797241211,False
2023-08-04,4729921.012633811,TQQQ,237909.74696979037,0.0,21.89632797241211,False
2023-08-07,4847191.01274663,TQQQ,237909.74696979037,0.0,21.89632797241211,False
2023-08-08,4688414.862735698,CASH,0.0,4688414.862735698,,False
2023-08-09,4688414.862735698,CASH,0.0,4688414.862735698,,False
2023-08-10,4688414.862735698,CASH,0.0,4688414.862735698,,False
2023-08-11,4688414.862735698,CASH,0.0,4688414.862735698,,False
2023-08-14,4688414.862735698,CASH,0.0,4688414.862735698,,False
2023-08-15,4688414.862735698,CASH,0.0,4688414.862735698,,False
2023-08-16,4688414.862735698,CASH,0.0,4688414.862735698,,False
2023-08-17,4688414.862735698,CASH,0.0,4688414.862735698,,False
2023-08-18,4688414.862735698,CASH,0.0,4688414.862735698,,False
2023-08-21,4688414.862735698,CASH,0.0,4688414.862735698,,False
2023-08-22,4688414.862735698,CASH,0.0,4688414.862735698,,False
2023-08-23,4688414.862735698,CASH,0.0,4688414.862735698,,False
2023-08-24,4688414.862735698,CASH,0.0,4688414.862735698,,False
2023-08-25,4688414.862735698,CASH,0.0,4688414.862735698,,False
2023-08-28,4688414.862735698,CASH,0.0,4688414.862735698,,False
2023-08-29,4688414.862735698,CASH,0.0,4688414.862735698,,False
2023-08-30,4688414.862735698,CASH,0.0,4688414.862735698,,False
2023-08-31,4688414.862735698,CASH,0.0,4688414.862735698,,False
2023-09-01,4688414.862735698,TQQQ,229409.3275999012,0.0,20.43689727783203,False
2023-09-05,4700610.634484936,TQQQ,229409.3275999012,0.0,20.43689727783203,False
2023-09-06,4576442.783413861,TQQQ,229409.3275999012,0.0,20.43689727783203,False
2023-09-07,4476666.038277695,TQQQ,229409.3275999012,0.0,20.43689727783203,False
2023-09-08,4489969.283415901,TQQQ,229409.3275999012,0.0,20.43689727783203,False
2023-09-11,4642961.634486295,TQQQ,229409.3275999012,0.0,20.43689727783203,False
2023-09-12,4494403.990171014,TQQQ,229409.3275999012,0.0,20.43689727783203,False
2023-09-13,4538748.432340747,TQQQ,229409.3275999012,0.0,20.43689727783203,False
2023-09-14,4645178.769082068,TQQQ,229409.3275999012,0.0,20.43689727783203,False
2023-09-15,4406821.704093385,TQQQ,229409.3275999012,0.0,20.43689727783203,False
2023-09-18,4416800.341246849,TQQQ,229409.3275999012,0.0,20.43689727783203,False
2023-09-19,4390192.975843302,TQQQ,229409.3275999012,0.0,20.43689727783203,False
2023-09-20,4219573.376462128,CASH,0.0,4219573.376462128,,False
2023-09-21,4219573.376462128,CASH,0.0,4219573.376462128,,False
2023-09-22,4219573.376462128,CASH,0.0,4219573.376462128,,False
2023-09-25,4219573.376462128,CASH,0.0,4219573.376462128,,False
2023-09-26,4219573.376462128,CASH,0.0,4219573.376462128,,False
2023-09-27,4219573.376462128,CASH,0.0,4219573.376462128,,False
2023-09-28,4219573.376462128,CASH,0.0,4219573.376462128,,False
2023-09-29,4219573.376462128,CASH,0.0,4219573.376462128,,False
2023-10-02,4219573.376462128,TQQQ,238576.88532111407,0.0,17.686429977416992,False
2023-10-03,3996272.9510583016,TQQQ,238576.88532111407,0.0,17.686429977416992,False
2023-10-04,4158252.2984759496,TQQQ,238576.88532111407,0.0,17.686429977416992,False
2023-10-05,4114287.2556899525,TQQQ,238576.88532111407,0.0,17.686429977416992,False
2023-10-06,4321388.836253422,TQQQ,238576.88532111407,0.0,17.686429977416992,False
2023-10-09,4385023.384860656,TQQQ,238576.88532111407,0.0,17.686429977416992,False
2023-10-10,4456757.8109373655,TQQQ,238576.88532111407,0.0,17.686429977416992,False
2023-10-11,4551631.948766898,TQQQ,238576.88532111407,0.0,17.686429977416992,False
2023-10-12,4498410.293200898,TQQQ,238576.88532111407,0.0,17.686429977416992,False
2023-10-13,4328331.068313776,TQQQ,238576.88532111407,0.0,17.686429977416992,False
2023-10-16,4474112.936038955,TQQQ,238576.88532111407,0.0,17.686429977416992,False
2023-10-17,4431303.718464894,TQQQ,238576.88532111407,0.0,17.686429977416992,False
2023-10-18,4243870.278574775,TQQQ,238576.88532111407,0.0,17.686429977416992,False
2023-10-19,4130485.1904317173,TQQQ,238576.88532111407,0.0,17.686429977416992,False
2023-10-20,3944208.0308028306,TQQQ,238576.88532111407,0.0,17.686429977416992,False
2023-10-23,3978916.9158581207,TQQQ,238576.88532111407,0.0,17.686429977416992,False
2023-10-24,4091147.088887834,TQQQ,238576.88532111407,0.0,17.686429977416992,False
2023-10-25,3797616.038815915,CASH,0.0,3797616.038815915,,False
2023-10-26,3797616.038815915,CASH,0.0,3797616.038815915,,False
2023-10-27,3797616.038815915,CASH,0.0,3797616.038815915,,False
2023-10-30,3797616.038815915,CASH,0.0,3797616.038815915,,False
2023-10-31,3797616.038815915,CASH,0.0,3797616.038815915,,False
2023-11-01,3797616.038815915,TQQQ,227177.52868080337,0.0,16.71651268005371,False
2023-11-02,3999230.2025483456,TQQQ,227177.52868080337,0.0,16.71651268005371,False
2023-11-03,4140249.883924168,TQQQ,227177.52868080337,0.0,16.71651268005371,False
2023-11-06,4187623.74407012,TQQQ,227177.52868080337,0.0,16.71651268005371,False
2023-11-07,4305507.011597235,TQQQ,227177.52868080337,0.0,16.71651268005371,False
2023-11-08,4313219.871724719,TQQQ,227177.52868080337,0.0,16.71651268005371,False
2023-11-09,4210758.857998583,TQQQ,227177.52868080337,0.0,16.71651268005371,False
2023-11-10,4491697.188301693,TQQQ,227177.52868080337,0.0,16.71651268005371,False
2023-11-13,4450934.289221191,TQQQ,227177.52868080337,0.0,16.71651268005371,False
2023-11-14,4730769.85384877,TQQQ,227177.52868080337,0.0,16.71651268005371,False
2023-11-15,4743990.042752677,TQQQ,227177.52868080337,0.0,16.71651268005371,False
2023-11-16,4751702.036266663,TQQQ,227177.52868080337,0.0,16.71651268005371,False
2023-11-17,4755007.733452763,TQQQ,227177.52868080337,0.0,16.71651268005371,False
2023-11-20,4924672.024067214,TQQQ,227177.52868080337,0.0,16.71651268005371,False
2023-11-21,4835432.9324719785,TQQQ,227177.52868080337,0.0,16.71651268005371,False
2023-11-22,4891620.68519395,TQQQ,227177.52868080337,0.0,16.71651268005371,False
2023-11-24,4867382.805589958,TQQQ,227177.52868080337,0.0,16.71651268005371,False
2023-11-27,4853059.851010521,TQQQ,227177.52868080337,0.0,16.71651268005371,False
2023-11-28,4891620.68519395,TQQQ,227177.52868080337,0.0,16.71651268005371,False
2023-11-29,4873993.766655409,TQQQ,227177.52868080337,0.0,16.71651268005371,False
2023-11-30,4833229.134347912,TQQQ,227177.52868080337,0.0,16.71651268005371,False
2023-12-01,4873993.766655409,TQQQ,227177.52868080337,0.0,21.27511978149414,False
2023-12-04,4735177.016790154,TQQQ,227177.52868080337,0.0,21.27511978149414,False
2023-12-05,4769329.821418703,TQQQ,227177.52868080337,0.0,21.27511978149414,False
2023-12-06,4684497.892764851,TQQQ,227177.52868080337,0.0,21.27511978149414,False
2023-12-07,4880602.9944938645,TQQQ,227177.52868080337,0.0,21.27511978149414,False
2023-12-08,4938994.112033154,TQQQ,227177.52868080337,0.0,21.27511978149414,False
2023-12-11,5064590.672994501,TQQQ,227177.52868080337,0.0,21.27511978149414,False
2023-12-12,5186881.103463001,TQQQ,227177.52868080337,0.0,21.27511978149414,False
2023-12-13,5369765.582981358,TQQQ,227177.52868080337,0.0,21.27511978149414,False
2023-12-14,5360951.690405338,TQQQ,227177.52868080337,0.0,21.27511978149414,False
2023-12-15,5424851.436641296,TQQQ,227177.52868080337,0.0,21.27511978149414,False
2023-12-18,5538327.107920278,TQQQ,227177.52868080337,0.0,21.27511978149414,False
2023-12-19,5620956.971677057,TQQQ,227177.52868080337,0.0,21.27511978149414,False
2023-12-20,5371207.1945344,TQQQ,227177.52868080337,0.0,21.27511978149414,False
2023-12-21,5549362.130890314,TQQQ,227177.52868080337,0.0,21.27511978149414,False
2023-12-22,5571493.273081956,TQQQ,227177.52868080337,0.0,21.27511978149414,False
2023-12-26,5673296.960470262,TQQQ,227177.52868080337,0.0,21.27511978149414,False
2023-12-27,5703172.594182047,TQQQ,227177.52868080337,0.0,21.27511978149414,False
2023-12-28,5688788.110044289,TQQQ,227177.52868080337,0.0,21.27511978149414,False
2023-12-29,5610222.6635906445,TQQQ,227177.52868080337,0.0,21.27511978149414,False
2024-01-02,5325838.678021593,TQQQ,227177.52868080337,0.0,24.695323944091797,False
2024-01-03,5155429.533106066,TQQQ,227177.52868080337,0.0,24.695323944091797,False
2024-01-04,5069118.295212034,TQQQ,227177.52868080337,0.0,24.695323944091797,False
2024-01-05,5049200.397231581,CASH,0.0,5049200.397231581,,False
2024-01-08,5049200.397231581,CASH,0.0,5049200.397231581,,False
2024-01-09,5049200.397231581,CASH,0.0,5049200.397231581,,False
2024-01-10,5049200.397231581,CASH,0.0,5049200.397231581,,False
2024-01-11,5049200.397231581,CASH,0.0,5049200.397231581,,False
2024-01-12,5049200.397231581,CASH,0.0,5049200.397231581,,False
2024-01-16,5049200.397231581,CASH,0.0,5049200.397231581,,False
2024-01-17,5049200.397231581,CASH,0.0,5049200.397231581,,False
2024-01-18,5049200.397231581,CASH,0.0,5049200.397231581,,False
2024-01-19,5049200.397231581,CASH,0.0,5049200.397231581,,False
2024-01-22,5049200.397231581,CASH,0.0,5049200.397231581,,False
2024-01-23,5049200.397231581,CASH,0.0,5049200.397231581,,False
2024-01-24,5049200.397231581,CASH,0.0,5049200.397231581,,False
2024-01-25,5049200.397231581,CASH,0.0,5049200.397231581,,False
2024-01-26,5049200.397231581,CASH,0.0,5049200.397231581,,False
2024-01-29,5049200.397231581,CASH,0.0,5049200.397231581,,False
2024-01-30,5049200.397231581,CASH,0.0,5049200.397231581,,False
2024-01-31,5049200.397231581,CASH,0.0,5049200.397231581,,False
2024-02-01,5049200.397231581,TECL,73755.33063702425,0.0,68.45878601074219,False
2024-02-02,5192796.295358337,TECL,73755.33063702425,0.0,68.45878601074219,False
2024-02-05,5230584.423056082,TECL,73755.33063702425,0.0,68.45878601074219,False
2024-02-06,5152259.336558894,TECL,73755.33063702425,0.0,68.45878601074219,False
2024-02-07,5359751.9121186305,TECL,73755.33063702425,0.0,68.45878601074219,False
2024-02-08,5406472.474802734,TECL,73755.33063702425,0.0,68.45878601074219,False
2024-02-09,5623582.864321576,TECL,73755.33063702425,0.0,68.45878601074219,False
2024-02-12,5488232.334082883,TECL,73755.33063702425,0.0,68.45878601074219,False
2024-02-13,5209973.535524244,TECL,73755.33063702425,0.0,68.45878601074219,False
2024-02-14,5367310.212908398,TECL,73755.33063702425,0.0,68.45878601074219,False
2024-02-15,5325399.1199123645,TECL,73755.33063702425,0.0,68.45878601074219,False
2024-02-16,5179055.516100941,TECL,73755.33063702425,0.0,68.45878601074219,False
2024-02-20,5019657.074713384,TECL,73755.33063702425,0.0,68.45878601074219,False
2024-02-21,4918659.336680957,TECL,73755.33063702425,0.0,68.45878601074219,False
2024-02-22,5397540.602524891,TECL,73755.33063702425,0.0,68.45878601074219,False
2024-02-23,5355629.509528857,TECL,73755.33063702425,0.0,68.45878601074219,False
2024-02-26,5375553.892670914,TECL,73755.33063702425,0.0,68.45878601074219,False
2024-02-27,5388608.730247048,TECL,73755.33063702425,0.0,68.45878601074219,False
2024-02-28,5309597.1393600805,TECL,73755.33063702425,0.0,68.45878601074219,False
2024-02-29,5487545.266984588,TECL,73755.33063702425,0.0,68.45878601074219,False
2024-03-01,5778170.710604032,TQQQ,187909.08621037618,0.0,30.749820709228516,False
2024-03-04,5709524.79980334,TQQQ,187909.08621037618,0.0,30.749820709228516,False
2024-03-05,5403820.936327437,TQQQ,187909.08621037618,0.0,30.749820709228516,False
2024-03-06,5503586.350584986,TQQQ,187909.08621037618,0.0,30.749820709228516,False
2024-03-07,5748881.955919535,TQQQ,187909.08621037618,0.0,30.749820709228516,False
2024-03-08,5497179.446698006,TQQQ,187909.08621037618,0.0,30.749820709228516,False
2024-03-11,5433110.049420073,TQQQ,187909.08621037618,0.0,30.749820709228516,False
2024-03-12,5663760.381392026,TQQQ,187909.08621037618,0.0,30.749820709228516,False
2024-03-13,5531959.372475165,TQQQ,187909.08621037618,0.0,30.749820709228516,False
2024-03-14,5487111.045266308,TQQQ,187909.08621037618,0.0,30.749820709228516,False
2024-03-15,5286664.842365031,TQQQ,187909.08621037618,0.0,30.749820709228516,False
2024-03-18,5435855.455762334,TQQQ,187909.08621037618,0.0,30.749820709228516,False
2024-03-19,5473382.579922447,TQQQ,187909.08621037618,0.0,30.749820709228516,False
2024-03-20,5667662.729205935,TQQQ,187909.08621037618,0.0,30.749820709228516,False
2024-03-21,5741148.9419194525,TQQQ,187909.08621037618,0.0,30.749820709228516,False
2024-03-22,5753090.384283873,TQQQ,187909.08621037618,0.0,30.749820709228516,False
2024-03-25,5694301.414113059,TQQQ,187909.08621037618,0.0,30.749820709228516,False
2024-03-26,5641022.9690743955,TQQQ,187909.08621037618,0.0,30.749820709228516,False
2024-03-27,5690626.297059071,TQQQ,187909.08621037618,0.0,30.749820709228516,False
2024-03-28,5654802.328373948,TQQQ,187909.08621037618,0.0,30.749820709228516,False
2024-04-01,5689708.413815921,TQQQ,187909.08621037618,0.0,30.09328842163086,False
2024-04-02,5537222.954399766,TQQQ,187909.08621037618,0.0,30.09328842163086,False
2024-04-03,5573966.598368733,TQQQ,187909.08621037618,0.0,30.09328842163086,False
2024-04-04,5311251.282270094,TQQQ,187909.08621037618,0.0,30.09328842163086,False
2024-04-05,5498642.110311944,TQQQ,187909.08621037618,0.0,30.09328842163086,False
2024-04-08,5502317.227365932,TQQQ,187909.08621037618,0.0,30.09328842163086,False
2024-04-09,5559268.9974178905,TQQQ,187909.08621037618,0.0,30.09328842163086,False
2024-04-10,5413214.813642145,TQQQ,187909.08621037618,0.0,30.09328842163086,False
2024-04-11,5667662.729205935,TQQQ,187909.08621037618,0.0,30.09328842163086,False
2024-04-12,5393924.570802304,TQQQ,187909.08621037618,0.0,30.09328842163086,False
2024-04-15,5122942.212576956,TQQQ,187909.08621037618,0.0,30.09328842163086,False
2024-04-16,5089322.095536553,CASH,0.0,5089322.095536553,,False
2024-04-17,5089322.095536553,CASH,0.0,5089322.095536553,,False
2024-04-18,5089322.095536553,CASH,0.0,5089322.095536553,,False
2024-04-19,5089322.095536553,CASH,0.0,5089322.095536553,,False
2024-04-22,5089322.095536553,CASH,0.0,5089322.095536553,,False
2024-04-23,5089322.095536553,CASH,0.0,5089322.095536553,,False
2024-04-24,5089322.095536553,CASH,0.0,5089322.095536553,,False
2024-04-25,5089322.095536553,CASH,0.0,5089322.095536553,,False
2024-04-26,5089322.095536553,CASH,0.0,5089322.095536553,,False
2024-04-29,5089322.095536553,CASH,0.0,5089322.095536553,,False
2024-04-30,5089322.095536553,CASH,0.0,5089322.095536553,,False
2024-05-01,5089322.095536553,TECL,85725.06552498543,0.0,59.367958068847656,False
2024-05-02,5299643.866177069,TECL,85725.06552498543,0.0,59.367958068847656,False
2024-05-03,5735482.494489214,TECL,85725.06552498543,0.0,59.367958068847656,False
2024-05-06,5935409.760839047,TECL,85725.06552498543,0.0,59.367958068847656,False
2024-05-07,5876231.787062559,TECL,85725.06552498543,0.0,59.367958068847656,False
2024-05-08,5929012.690023771,TECL,85725.06552498543,0.0,59.367958068847656,False
2024-05-09,5915416.70718889,TECL,85725.06552498543,0.0,59.367958068847656,False
2024-05-10,5973796.763943126,TECL,85725.06552498543,0.0,59.367958068847656,False
2024-05-13,6060164.087267989,TECL,85725.06552498543,0.0,59.367958068847656,False
2024-05-14,6222503.575596685,TECL,85725.06552498543,0.0,59.367958068847656,False
2024-05-15,6636751.354123133,TECL,85725.06552498543,0.0,59.367958068847656,False
2024-05-16,6565577.155738344,TECL,85725.06552498543,0.0,59.367958068847656,False
2024-05-17,6512796.906807479,TECL,85725.06552498543,0.0,59.367958068847656,False
2024-05-20,6739113.643592399,TECL,85725.06552498543,0.0,59.367958068847656,False
2024-05-21,6773499.289038993,TECL,85725.06552498543,0.0,59.367958068847656,False
2024-05-22,6819083.242071639,TECL,85725.06552498543,0.0,59.367958068847656,False
2024-05-23,6653544.891320133,TECL,85725.06552498543,0.0,59.367958068847656,False
2024-05-24,6803088.929957583,TECL,85725.06552498543,0.0,59.367958068847656,False
2024-05-28,6888658.336260195,TECL,85725.06552498543,0.0,59.367958068847656,False
2024-05-29,6754307.422562819,TECL,85725.06552498543,0.0,59.367958068847656,False
2024-05-30,6291278.790671951,TECL,85725.06552498543,0.0,59.367958068847656,False
2024-05-31,6321667.6566734845,TECL,85725.06552498543,0.0,59.367958068847656,False
2024-06-03,6368850.059872016,TQQQ,206340.96659323422,0.0,30.865659713745117,False
2024-06-04,6416259.192212996,TQQQ,206340.96659323422,0.0,30.865659713745117,False
2024-06-05,6803594.0192050245,TQQQ,206340.96659323422,0.0,30.865659713745117,False
2024-06-06,6795525.953914266,TQQQ,206340.96659323422,0.0,30.865659713745117,False
2024-06-07,6770307.936764478,TQQQ,206340.96659323422,0.0,30.865659713745117,False
2024-06-10,6841924.807055178,TQQQ,206340.96659323422,0.0,30.865659713745117,False
2024-06-11,6983143.499134692,TQQQ,206340.96659323422,0.0,30.865659713745117,False
2024-06-12,7258512.470970695,TQQQ,206340.96659323422,0.0,30.865659713745117,False
2024-06-13,7374511.571643779,TQQQ,206340.96659323422,0.0,30.865659713745117,False
2024-06-14,7481431.147133555,TQQQ,206340.96659323422,0.0,30.865659713745117,False
2024-06-17,7752770.021965784,TQQQ,206340.96659323422,0.0,30.865659713745117,False
2024-06-18,7756804.054611163,TQQQ,206340.96659323422,0.0,30.865659713745117,False
2024-06-20,7574230.427672023,TQQQ,206340.96659323422,0.0,30.865659713745117,False
2024-06-21,7504631.754396494,TQQQ,206340.96659323422,0.0,30.865659713745117,False
2024-06-24,7250443.618551616,TQQQ,206340.96659323422,0.0,30.865659713745117,False
2024-06-25,7492528.869332034,TQQQ,206340.96659323422,0.0,30.865659713745117,False
2024-06-26,7539408.657877108,TQQQ,206340.96659323422,0.0,30.865659713745117,False
2024-06-27,7594087.313827142,TQQQ,206340.96659323422,0.0,30.865659713745117,False
2024-06-28,7474606.744590055,TQQQ,206340.96659323422,0.0,30.865659713745117,False
2024-07-01,7597123.26776143,TQQQ,206340.96659323422,0.0,36.22454071044922,False
2024-07-02,7830010.136982063,TQQQ,206340.96659323422,0.0,36.22454071044922,False
2024-07-03,8022393.744186445,TQQQ,206340.96659323422,0.0,36.22454071044922,False
2024-07-05,8265403.083615776,TQQQ,206340.96659323422,0.0,36.22454071044922,False
2024-07-08,8320080.165309168,TQQQ,206340.96659323422,0.0,36.22454071044922,False
2024-07-09,8338306.908711393,TQQQ,206340.96659323422,0.0,36.22454071044922,False
2024-07-10,8599542.204414628,TQQQ,206340.96659323422,0.0,36.22454071044922,False
2024-07-11,8034543.069821847,TQQQ,206340.96659323422,0.0,36.22454071044922,False
2024-07-12,8165162.2919301065,TQQQ,206340.96659323422,0.0,36.22454071044922,False
2024-07-15,8225912.855748717,TQQQ,206340.96659323422,0.0,36.22454071044922,False
2024-07-16,8231990.273515541,TQQQ,206340.96659323422,0.0,36.22454071044922,False
2024-07-17,7508019.554690291,TQQQ,206340.96659323422,0.0,36.22454071044922,False
2024-07-18,7395627.075984256,TQQQ,206340.96659323422,0.0,36.22454071044922,False
2024-07-19,7195143.131227952,TQQQ,206340.96659323422,0.0,36.22454071044922,False
2024-07-22,7509032.588839482,TQQQ,206340.96659323422,0.0,36.22454071044922,False
2024-07-23,7428029.213320265,TQQQ,206340.96659323422,0.0,36.22454071044922,False
2024-07-24,6727146.0701310495,CASH,0.0,6727146.0701310495,,False
2024-07-25,6727146.0701310495,CASH,0.0,6727146.0701310495,,False
2024-07-26,6727146.0701310495,CASH,0.0,6727146.0701310495,,False
2024-07-29,6727146.0701310495,CASH,0.0,6727146.0701310495,,False
2024-07-30,6727146.0701310495,CASH,0.0,6727146.0701310495,,False
2024-07-31,6727146.0701310495,CASH,0.0,6727146.0701310495,,False
2024-08-01,6727146.0701310495,TQQQ,216364.91964885,0.0,31.09166717529297,False
2024-08-02,6054431.463117945,CASH,0.0,6054431.463117945,,False
2024-08-05,6054431.463117945,CASH,0.0,6054431.463117945,,False
2024-08-06,6054431.463117945,CASH,0.0,6054431.463117945,,False
2024-08-07,6054431.463117945,CASH,0.0,6054431.463117945,,False
2024-08-08,6054431.463117945,CASH,0.0,6054431.463117945,,False
2024-08-09,6054431.463117945,CASH,0.0,6054431.463117945,,False
2024-08-12,6054431.463117945,CASH,0.0,6054431.463117945,,False
2024-08-13,6054431.463117945,CASH,0.0,6054431.463117945,,False
2024-08-14,6054431.463117945,CASH,0.0,6054431.463117945,,False
2024-08-15,6054431.463117945,CASH,0.0,6054431.463117945,,False
2024-08-16,6054431.463117945,CASH,0.0,6054431.463117945,,False
2024-08-19,6054431.463117945,CASH,0.0,6054431.463117945,,False
2024-08-20,6054431.463117945,CASH,0.0,6054431.463117945,,False
2024-08-21,6054431.463117945,CASH,0.0,6054431.463117945,,False
2024-08-22,6054431.463117945,CASH,0.0,6054431.463117945,,False
2024-08-23,6054431.463117945,CASH,0.0,6054431.463117945,,False
2024-08-26,6054431.463117945,CASH,0.0,6054431.463117945,,False
2024-08-27,6054431.463117945,CASH,0.0,6054431.463117945,,False
2024-08-28,6054431.463117945,CASH,0.0,6054431.463117945,,False
2024-08-29,6054431.463117945,CASH,0.0,6054431.463117945,,False
2024-08-30,6054431.463117945,CASH,0.0,6054431.463117945,,False
2024-09-03,6054431.463117945,TQQQ,197882.84103147933,0.0,30.596040725708008,False
2024-09-04,6002966.781895321,TQQQ,197882.84103147933,0.0,30.596040725708008,False
2024-09-05,6022387.523139207,TQQQ,197882.84103147933,0.0,30.596040725708008,False
2024-09-06,5533954.842918654,TQQQ,197882.84103147933,0.0,30.596040725708008,False
2024-09-09,5739815.077535418,TQQQ,197882.84103147933,0.0,30.596040725708008,False
2024-09-10,5894209.876066424,TQQQ,197882.84103147933,0.0,30.596040725708008,False
2024-09-11,6270002.634504002,TQQQ,197882.84103147933,0.0,30.596040725708008,False
2024-09-12,6455470.996456792,TQQQ,197882.84103147933,0.0,30.596040725708008,False
2024-09-13,6539951.503941373,TQQQ,197882.84103147933,0.0,30.596040725708008,False
2024-09-16,6452557.979628101,TQQQ,197882.84103147933,0.0,30.596040725708008,False
2024-09-17,6456441.750445312,TQQQ,197882.84103147933,0.0,30.596040725708008,False
2024-09-18,6371962.752686996,TQQQ,197882.84103147933,0.0,30.596040725708008,False
2024-09-19,6853598.645261646,TQQQ,197882.84103147933,0.0,30.596040725708008,False
2024-09-20,6809900.373378745,TQQQ,197882.84103147933,0.0,30.596040725708008,False
2024-09-23,6860394.678044416,TQQQ,197882.84103147933,0.0,30.596040725708008,False
2024-09-24,6957498.006832282,TQQQ,197882.84103147933,0.0,30.596040725708008,False
2024-09-25,6981852.910942389,TQQQ,197882.84103147933,0.0,30.596040725708008,False
2024-09-26,7129926.108169462,TQQQ,197882.84103147933,0.0,30.596040725708008,False
2024-09-27,7007181.588493545,TQQQ,197882.84103147933,0.0,30.596040725708008,False
2024-09-30,7061734.792223189,TQQQ,197882.84103147933,0.0,30.596040725708008,False
2024-10-01,6762664.812856494,TQQQ,197882.84103147933,0.0,35.68644332885742,False
2024-10-02,6787993.49040765,TQQQ,197882.84103147933,0.0,35.68644332885742,False
2024-10-03,6772406.321582657,TQQQ,197882.84103147933,0.0,35.68644332885742,False
2024-10-04,7011078.19198401,TQQQ,197882.84103147933,0.0,35.68644332885742,False
2024-10-07,6780200.283426721,TQQQ,197882.84103147933,0.0,35.68644332885742,False
2024-10-08,7074399.130998767,TQQQ,197882.84103147933,0.0,35.68644332885742,False
2024-10-09,7244878.175727582,TQQQ,197882.84103147933,0.0,35.68644332885742,False
2024-10-10,7219549.498176426,TQQQ,197882.84103147933,0.0,35.68644332885742,False
2024-10-11,7238059.497050834,TQQQ,197882.84103147933,0.0,35.68644332885742,False
2024-10-14,7423149.672574194,TQQQ,197882.84103147933,0.0,35.68644332885742,False
2024-10-15,7127003.2781200465,TQQQ,197882.84103147933,0.0,35.68644332885742,False
2024-10-16,7123107.429492714,TQQQ,197882.84103147933,0.0,35.68644332885742,False
2024-10-17,7144538.748690273,TQQQ,197882.84103147933,0.0,35.68644332885742,False
2024-10-18,7271180.626719788,TQQQ,197882.84103147933,0.0,35.68644332885742,False
2024-10-21,7311120.435065489,TQQQ,197882.84103147933,0.0,35.68644332885742,False
2024-10-22,7332552.50912618,TQQQ,197882.84103147933,0.0,35.68644332885742,False
2024-10-23,6993542.721413784,TQQQ,197882.84103147933,0.0,35.68644332885742,False
2024-10-24,7160125.162652133,TQQQ,197882.84103147933,0.0,35.68644332885742,False
2024-10-25,7280922.890309083,TQQQ,197882.84103147933,0.0,35.68644332885742,False
2024-10-28,7287740.814122698,TQQQ,197882.84103147933,0.0,35.68644332885742,False
2024-10-29,7489394.196501499,TQQQ,197882.84103147933,0.0,35.68644332885742,False
2024-10-30,7322811.000400017,TQQQ,197882.84103147933,0.0,35.68644332885742,False
2024-10-31,6765586.133179644,TQQQ,197882.84103147933,0.0,35.68644332885742,False
2024-11-01,6909764.236642519,TECL,88517.38668516437,0.0,78.06109619140625,False
2024-11-04,6889924.947788682,TECL,88517.38668516437,0.0,78.06109619140625,False
2024-11-05,7178416.855394542,TECL,88517.38668516437,0.0,78.06109619140625,False
2024-11-06,7771108.265644944,TECL,88517.38668516437,0.0,78.06109619140625,False
2024-11-07,8193514.191179586,TECL,88517.38668516437,0.0,78.06109619140625,False
2024-11-08,8154662.897702635,TECL,88517.38668516437,0.0,78.06109619140625,False
2024-11-11,8026535.81738452,TECL,88517.38668516437,0.0,78.06109619140625,False
2024-11-12,8043067.319983596,TECL,88517.38668516437,0.0,78.06109619140625,False
2024-11-13,7995949.937540075,TECL,88517.38668516437,0.0,78.06109619140625,False
2024-11-14,7881876.559133261,TECL,88517.38668516437,0.0,78.06109619140625,False
2024-11-15,7312332.2239914555,TECL,88517.38668516437,0.0,78.06109619140625,False
2024-11-18,7357795.037973531,TECL,88517.38668516437,0.0,78.06109619140625,False
2024-11-19,7540479.656139148,TECL,88517.38668516437,0.0,78.06109619140625,False
2024-11-20,7502454.29622479,TECL,88517.38668516437,0.0,78.06109619140625,False
2024-11-21,7738042.559110528,TECL,88517.38668516437,0.0,78.06109619140625,False
2024-11-22,7738870.518675317,TECL,88517.38668516437,0.0,78.06109619140625,False
2024-11-25,7731430.363271337,TECL,88517.38668516437,0.0,78.06109619140625,False
2024-11-26,7852117.2881854735,TECL,88517.38668516437,0.0,78.06109619140625,False
2024-11-27,7528907.806920014,TECL,88517.38668516437,0.0,78.06109619140625,False
2024-11-29,7729776.470143957,TECL,88517.38668516437,0.0,78.06109619140625,False
2024-12-02,7947179.337303239,TQQQ,195721.78812929426,0.0,40.604469299316406,False
2024-12-03,8017516.108292834,TQQQ,195721.78812929426,0.0,40.604469299316406,False
2024-12-04,8310429.819531255,TQQQ,195721.78812929426,0.0,40.604469299316406,False
2024-12-05,8242018.579896891,TQQQ,195721.78812929426,0.0,40.604469299316406,False
2024-12-06,8453994.271711087,TQQQ,195721.78812929426,0.0,40.604469299316406,False
2024-12-09,8256470.891041982,TQQQ,195721.78812929426,0.0,40.604469299316406,False
2024-12-10,8166863.127493315,TQQQ,195721.78812929426,0.0,40.604469299316406,False
2024-12-11,8603342.037530936,TQQQ,195721.78812929426,0.0,40.604469299316406,False
2024-12-12,8432796.254558045,TQQQ,195721.78812929426,0.0,40.604469299316406,False
2024-12-13,8613940.299488088,TQQQ,195721.78812929426,0.0,40.604469299316406,False
2024-12-16,8988753.675899295,TQQQ,195721.78812929426,0.0,40.604469299316406,False
2024-12-17,8868311.278988997,TQQQ,195721.78812929426,0.0,40.604469299316406,False
2024-12-18,7909600.491172397,TQQQ,195721.78812929426,0.0,40.604469299316406,False
2024-12-19,7797830.824864018,TQQQ,195721.78812929426,0.0,40.604469299316406,False
2024-12-20,8000172.886947103,TQQQ,195721.78812929426,0.0,40.604469299316406,False
2024-12-23,8223004.424401099,TQQQ,195721.78812929426,0.0,40.604469299316406,False
2024-12-24,8549757.911965404,TQQQ,195721.78812929426,0.0,40.604469299316406,False
2024-12-26,8531391.075463401,TQQQ,195721.78812929426,0.0,40.604469299316406,False
2024-12-27,8184335.513990057,TQQQ,195721.78812929426,0.0,40.604469299316406,False
2024-12-30,7855647.535638083,TQQQ,195721.78812929426,0.0,40.604469299316406,False
2024-12-31,7649733.646488917,TQQQ,195721.78812929426,0.0,40.604469299316406,False
2025-01-02,7601396.761855744,TECL,90406.16535976178,0.0,84.08051300048828,False
2025-01-03,7954478.940094866,TECL,90406.16535976178,0.0,84.08051300048828,False
2025-01-06,8259413.517222093,TECL,90406.16535976178,0.0,84.08051300048828,False
2025-01-07,7766112.529762456,TECL,90406.16535976178,0.0,84.08051300048828,False
2025-01-08,7761043.598875395,TECL,90406.16535976178,0.0,84.08051300048828,False
2025-01-10,7243247.0322181685,TECL,90406.16535976178,0.0,84.08051300048828,False
2025-01-13,6841257.085670169,CASH,0.0,6841257.085670169,,False
2025-01-14,6841257.085670169,CASH,0.0,6841257.085670169,,False
2025-01-15,6841257.085670169,CASH,0.0,6841257.085670169,,False
2025-01-16,6841257.085670169,CASH,0.0,6841257.085670169,,False
2025-01-17,6841257.085670169,CASH,0.0,6841257.085670169,,False
2025-01-21,6841257.085670169,CASH,0.0,6841257.085670169,,False
2025-01-22,6841257.085670169,CASH,0.0,6841257.085670169,,False
2025-01-23,6841257.085670169,CASH,0.0,6841257.085670169,,False
2025-01-24,6841257.085670169,CASH,0.0,6841257.085670169,,False
2025-01-27,6841257.085670169,CASH,0.0,6841257.085670169,,False
2025-01-28,6841257.085670169,CASH,0.0,6841257.085670169,,False
2025-01-29,6841257.085670169,CASH,0.0,6841257.085670169,,False
2025-01-30,6841257.085670169,CASH,0.0,6841257.085670169,,False
2025-01-31,6841257.085670169,CASH,0.0,6841257.085670169,,False
2025-02-03,6841257.085670169,TECL,88741.79628048911,0.0,77.09171295166016,False
2025-02-04,7131457.356622907,TECL,88741.79628048911,0.0,77.09171295166016,False
2025-02-05,7440727.310147332,TECL,88741.79628048911,0.0,77.09171295166016,False
2025-02-06,7487987.841363483,TECL,88741.79628048911,0.0,77.09171295166016,False
2025-02-07,7284018.879473461,TECL,88741.79628048911,0.0,77.09171295166016,False
2025-02-10,7604897.466718476,TECL,88741.79628048911,0.0,77.09171295166016,False
2025-02-11,7610701.783578772,TECL,88741.79628048911,0.0,77.09171295166016,False
2025-02-12,7565099.338445773,TECL,88741.79628048911,0.0,77.09171295166016,False
2025-02-13,7883489.780996799,TECL,88741.79628048911,0.0,77.09171295166016,False
2025-02-14,7946505.176710683,TECL,88741.79628048911,0.0,77.09171295166016,False
2025-02-18,8166226.294913738,TECL,88741.79628048911,0.0,77.09171295166016,False
2025-02-19,8165397.590395249,TECL,88741.79628048911,0.0,77.09171295166016,False
2025-02-20,8088288.1244514845,TECL,88741.79628048911,0.0,77.09171295166016,False
2025-02-21,7420827.568964805,TECL,88741.79628048911,0.0,77.09171295166016,False
2025-02-24,7097462.191118149,TECL,88741.79628048911,0.0,77.09171295166016,False
2025-02-25,6822186.726052307,TECL,88741.79628048911,0.0,77.09171295166016,False
2025-02-26,7040251.789310736,TECL,88741.79628048911,0.0,77.09171295166016,False
2025-02-27,6284902.515724365,TECL,88741.79628048911,0.0,77.09171295166016,False
2025-02-28,6157131.377103153,CASH,0.0,6157131.377103153,,False
2025-03-03,6157131.377103153,TECL,92088.83723489867,0.0,66.86077880859375,False
2025-03-04,6120994.068271541,TECL,92088.83723489867,0.0,66.86077880859375,False
2025-03-05,6376537.921786514,TECL,92088.83723489867,0.0,66.86077880859375,False
2025-03-06,5850823.861198553,TECL,92088.83723489867,0.0,66.86077880859375,False
2025-03-07,6088298.709006684,TECL,92088.83723489867,0.0,66.86077880859375,False
2025-03-10,5541418.2393928375,CASH,0.0,5541418.2393928375,,False
2025-03-11,5541418.2393928375,CASH,0.0,5541418.2393928375,,False
2025-03-12,5541418.2393928375,CASH,0.0,5541418.2393928375,,False
2025-03-13,5541418.2393928375,CASH,0.0,5541418.2393928375,,False
2025-03-14,5541418.2393928375,CASH,0.0,5541418.2393928375,,False
2025-03-17,5541418.2393928375,CASH,0.0,5541418.2393928375,,False
2025-03-18,5541418.2393928375,CASH,0.0,5541418.2393928375,,False
2025-03-19,5541418.2393928375,CASH,0.0,5541418.2393928375,,False
2025-03-20,5541418.2393928375,CASH,0.0,5541418.2393928375,,False
2025-03-21,5541418.2393928375,CASH,0.0,5541418.2393928375,,False
2025-03-24,5541418.2393928375,CASH,0.0,5541418.2393928375,,False
2025-03-25,5541418.2393928375,CASH,0.0,5541418.2393928375,,False
2025-03-26,5541418.2393928375,CASH,0.0,5541418.2393928375,,False
2025-03-27,5541418.2393928375,CASH,0.0,5541418.2393928375,,False
2025-03-28,5541418.2393928375,CASH,0.0,5541418.2393928375,,False
2025-03-31,5541418.2393928375,CASH,0.0,5541418.2393928375,,False
2025-04-01,5541418.2393928375,GLD,19269.805954225278,0.0,287.57000732421875,False
2025-04-02,5552787.354337693,GLD,19269.805954225278,0.0,287.57000732421875,False
2025-04-03,5519258.08015904,GLD,19269.805954225278,0.0,287.57000732421875,False
2025-04-04,5390150.145038607,GLD,19269.805954225278,0.0,287.57000732421875,False
2025-04-07,5274338.423072014,GLD,19269.805954225278,0.0,287.57000732421875,False
2025-04-08,5303050.83382992,GLD,19269.805954225278,0.0,287.57000732421875,False
2025-04-09,5499217.317307659,GLD,19269.805954225278,0.0,287.57000732421875,False
2025-04-10,5633527.888331322,GLD,19269.805954225278,0.0,287.57000732421875,False
2025-04-11,5741053.146806063,GLD,19269.805954225278,0.0,287.57000732421875,False
2025-04-14,5708294.8295245655,GLD,19269.805954225278,0.0,287.57000732421875,False
2025-04-15,5738162.793526491,GLD,19269.805954225278,0.0,287.57000732421875,False
2025-04-16,5924887.2602683585,GLD,19269.805954225278,0.0,287.57000732421875,False
2025-04-17,5898872.904616592,GLD,19269.805954225278,0.0,287.57000732421875,False
2025-04-21,6081357.990525818,GLD,19269.805954225278,0.0,287.57000732421875,False
2025-04-22,5995029.048146478,GLD,19269.805954225278,0.0,287.57000732421875,False
2025-04-23,5851276.460386944,GLD,19269.805954225278,0.0,287.57000732421875,False
2025-04-24,5936449.261454456,GLD,19269.805954225278,0.0,287.57000732421875,False
2025-04-25,5872088.18013548,GLD,19269.805954225278,0.0,287.57000732421875,False
2025-04-28,5955719.067408681,GLD,19269.805954225278,0.0,287.57000732421875,False
2025-04-29,5897716.7633047635,GLD,19269.805954225278,0.0,287.57000732421875,False
2025-04-30,5853588.743010601,GLD,19269.805954225278,0.0,287.57000732421875,False
2025-05-01,5731996.3144848645,GLD,19269.805954225278,0.0,303.7699890136719,False
2025-05-02,5742016.989944459,GLD,19269.805954225278,0.0,303.7699890136719,False
2025-05-05,5913518.145323503,GLD,19269.805954225278,0.0,303.7699890136719,False
2025-05-06,6079238.594143402,GLD,19269.805954225278,0.0,303.7699890136719,False
2025-05-07,5988092.200275505,GLD,19269.805954225278,0.0,303.7699890136719,False
2025-05-08,5870161.081926496,GLD,19269.805954225278,0.0,303.7699890136719,False
2025-05-09,5912747.188426347,GLD,19269.805954225278,0.0,303.7699890136719,False
2025-05-12,5746063.48453586,GLD,19269.805954225278,0.0,303.7699890136719,False
2025-05-13,5770535.926393315,GLD,19269.805954225278,0.0,303.7699890136719,False
2025-05-14,5649136.384108819,GLD,19269.805954225278,0.0,303.7699890136719,False
2025-05-15,5739318.934838319,GLD,19269.805954225278,0.0,303.7699890136719,False
2025-05-16,5669947.515789547,GLD,19269.805954225278,0.0,303.7699890136719,False
2025-05-19,5742980.2450150475,GLD,19269.805954225278,0.0,303.7699890136719,False
2025-05-20,5849927.432833874,GLD,19269.805954225278,0.0,303.7699890136719,False
2025-05-21,5893092.1980574485,GLD,19269.805954225278,0.0,303.7699890136719,False
2025-05-22,5840870.600512676,GLD,19269.805954225278,0.0,303.7699890136719,False
2025-05-23,5968822.39432128,GLD,19269.805954225278,0.0,303.7699890136719,False
2025-05-27,5867655.913061597,GLD,19269.805954225278,0.0,303.7699890136719,False
2025-05-28,5854359.699907757,GLD,19269.805954225278,0.0,303.7699890136719,False
2025-05-29,5889045.115398239,GLD,19269.805954225278,0.0,303.7699890136719,False
2025-05-30,5850313.205316356,GLD,19269.805954225278,0.0,303.7699890136719,False
2025-06-02,6005820.680503229,TECL,87142.71651622154,0.0,68.91936492919922,False
2025-06-03,6274506.2907871455,TECL,87142.71651622154,0.0,68.91936492919922,False
2025-06-04,6305539.980068946,TECL,87142.71651622154,0.0,68.91936492919922,False
2025-06-05,6241021.978541792,TECL,87142.71651622154,0.0,68.91936492919922,False
2025-06-06,6418240.712853452,TECL,87142.71651622154,0.0,68.91936492919922,False
2025-06-09,6512158.2117892625,TECL,87142.71651622154,0.0,68.91936492919922,False
2025-06-10,6616691.974285033,TECL,87142.71651622154,0.0,68.91936492919922,False
2025-06-11,6574225.590352864,TECL,87142.71651622154,0.0,68.91936492919922,False
2025-06-12,6753077.18684534,TECL,87142.71651622154,0.0,68.91936492919922,False
2025-06-13,6459073.569758641,TECL,87142.71651622154,0.0,68.91936492919922,False
2025-06-16,6779210.2950462,TECL,87142.71651622154,0.0,68.91936492919922,False
2025-06-17,6619959.028338993,TECL,87142.71651622154,0.0,68.91936492919922,False
2025-06-18,6654259.771674754,TECL,87142.71651622154,0.0,68.91936492919922,False
2025-06-20,6552991.733540615,TECL,87142.71651622154,0.0,68.91936492919922,False
2025-06-23,6782477.34910016,TECL,87142.71651622154,0.0,68.91936492919922,False
2025-06-24,7145956.060718966,TECL,87142.71651622154,0.0,68.91936492919922,False
2025-06-25,7326876.658476383,TECL,87142.71651622154,0.0,68.91936492919922,False
2025-06-26,7483238.503751252,TECL,87142.71651622154,0.0,68.91936492919922,False
2025-06-27,7443942.771179144,TECL,87142.71651622154,0.0,68.91936492919922,False
2025-06-30,7660884.069300731,TECL,87142.71651622154,0.0,68.91936492919922,False
2025-07-01,7459497.51205144,TQQQ,185633.10939844727,0.0,40.18408966064453,False
2025-07-02,7607967.743103518,TQQQ,185633.10939844727,0.0,40.18408966064453,False
2025-07-03,7820991.480063656,TQQQ,185633.10939844727,0.0,40.18408966064453,False
2025-07-07,7646699.138514239,TQQQ,185633.10939844727,0.0,40.18408966064453,False
2025-07-08,7656843.159709204,TQQQ,185633.10939844727,0.0,40.18408966064453,False
2025-07-09,7815458.828224476,TQQQ,185633.10939844727,0.0,40.18408966064453,False
2025-07-10,7779493.404666288,TQQQ,185633.10939844727,0.0,40.18408966064453,False
2025-07-11,7720474.674999753,TQQQ,185633.10939844727,0.0,40.18408966064453,False
2025-07-14,7802548.127042864,TQQQ,185633.10939844727,0.0,40.18408966064453,False
2025-07-15,7822836.169432794,TQQQ,185633.10939844727,0.0,40.18408966064453,False
2025-07-16,7844967.484923629,TQQQ,185633.10939844727,0.0,40.18408966064453,False
2025-07-17,8027559.866432989,TQQQ,185633.10939844727,0.0,40.18408966064453,False
2025-07-18,7999893.774700629,TQQQ,185633.10939844727,0.0,40.18408966064453,False
2025-07-21,8121621.320906087,TQQQ,185633.10939844727,0.0,40.18408966064453,False
2025-07-22,7995282.405344845,TQQQ,185633.10939844727,0.0,40.18408966064453,False
2025-07-23,8100409.871630417,TQQQ,185633.10939844727,0.0,40.18408966064453,False
2025-07-24,8153897.3657260025,TQQQ,185633.10939844727,0.0,40.18408966064453,False
2025-07-25,8200006.10234504,TQQQ,185633.10939844727,0.0,40.18408966064453,False
2025-07-28,8280236.2812872445,TQQQ,185633.10939844727,0.0,40.18408966064453,False
2025-07-29,8242425.460225805,TQQQ,185633.10939844727,0.0,40.18408966064453,False
2025-07-30,8271014.250709791,TQQQ,185633.10939844727,0.0,40.18408966064453,False
2025-07-31,8134532.022087699,TQQQ,185633.10939844727,0.0,40.18408966064453,False
2025-08-01,7646699.138514239,TECL,84270.79687270311,0.0,90.73960876464844,False
2025-08-04,8090823.314391149,TECL,84270.79687270311,0.0,90.73960876464844,False
2025-08-05,7924574.427414909,TECL,84270.79687270311,0.0,90.73960876464844,False
2025-08-06,8173949.043749584,TECL,84270.79687270311,0.0,90.73960876464844,False
2025-08-07,8183449.05362653,TECL,84270.79687270311,0.0,90.73960876464844,False
2025-08-08,8413031.554094128,TECL,84270.79687270311,0.0,90.73960876464844,False
2025-08-11,8257864.940415731,TECL,84270.79687270311,0.0,90.73960876464844,False
2025-08-12,8620448.22209573,TECL,84270.79687270311,0.0,90.73960876464844,False
2025-08-13,8634698.23691115,TECL,84270.79687270311,0.0,90.73960876464844,False
2025-08-14,8581656.72940992,TECL,84270.79687270311,0.0,90.73960876464844,False
2025-08-15,8375823.610699528,TECL,84270.79687270311,0.0,90.73960876464844,False
2025-08-18,8418573.012210628,TECL,84270.79687270311,0.0,90.73960876464844,False
2025-08-19,7979199.484207348,TECL,84270.79687270311,0.0,90.73960876464844,False
2025-08-20,7815324.31383003,TECL,84270.79687270311,0.0,90.73960876464844,False
2025-08-21,7727449.865403437,TECL,84270.79687270311,0.0,90.73960876464844,False
2025-08-22,8038573.903003103,TECL,84270.79687270311,0.0,90.73960876464844,False
2025-08-25,7980782.390563401,TECL,84270.79687270311,0.0,90.73960876464844,False
2025-08-26,8089240.408035097,TECL,84270.79687270311,0.0,90.73960876464844,False
2025-08-27,8205615.529027685,TECL,84270.79687270311,0.0,90.73960876464844,False
2025-08-28,8400365.08856992,TECL,84270.79687270311,0.0,90.73960876464844,False
2025-08-29,8015615.331488765,TECL,84270.79687270311,0.0,90.73960876464844,False
2025-09-02,7771782.8162057465,TECL,84270.79687270311,0.0,95.11735534667969,False
2025-09-03,7896865.850962098,TECL,84270.79687270311,0.0,95.11735534667969,False
2025-09-04,8010865.326550292,TECL,84270.79687270311,0.0,95.11735534667969,False
2025-09-05,8027490.986770105,TECL,84270.79687270311,0.0,95.11735534667969,False
2025-09-08,8204824.075849658,TECL,84270.79687270311,0.0,95.11735534667969,False
2025-09-09,8255490.580881651,TECL,84270.79687270311,0.0,95.11735534667969,False
2025-09-10,8694864.751820087,TECL,84270.79687270311,0.0,95.11735534667969,False
2025-09-11,8756615.458955394,TECL,84270.79687270311,0.0,95.11735534667969,False
2025-09-12,8758989.175554316,TECL,84270.79687270311,0.0,95.11735534667969,False
2025-09-15,8988572.961892229,TECL,84270.79687270311,0.0,95.11735534667969,False
2025-09-16,8894364.316300796,TECL,84270.79687270311,0.0,95.11735534667969,False
2025-09-17,8823906.338336885,TECL,84270.79687270311,0.0,95.11735534667969,False
2025-09-18,9245072.585634613,TECL,84270.79687270311,0.0,95.11735534667969,False
2025-09-19,9517405.13054847,TECL,84270.79687270311,0.0,95.11735534667969,False
2025-09-22,9948072.030658301,TECL,84270.79687270311,0.0,95.11735534667969,False
2025-09-23,9678905.941391708,TECL,84270.79687270311,0.0,95.11735534667969,False
2025-09-24,9521363.682308916,TECL,84270.79687270311,0.0,95.11735534667969,False
2025-09-25,9451697.157523032,TECL,84270.79687270311,0.0,95.11735534667969,False
2025-09-26,9527696.593603441,TECL,84270.79687270311,0.0,95.11735534667969,False
2025-09-29,9665446.73681916,TECL,84270.79687270311,0.0,95.11735534667969,False
2025-09-30,9845946.924481131,TECL,84270.79687270311,0.0,95.11735534667969,False
2025-10-01,10121446.567977408,TQQQ,194114.73620053302,0.0,52.14156723022461,False
2025-10-02,10244997.149852479,TQQQ,194114.73620053302,0.0,52.14156723022461,False
2025-10-03,10106002.93036526,TQQQ,194114.73620053302,0.0,52.14156723022461,False
2025-10-06,10331869.092398705,TQQQ,194114.73620053302,0.0,52.14156723022461,False
2025-10-07,10164882.909494998,TQQQ,194114.73620053302,0.0,52.14156723022461,False
2025-10-08,10509471.665427335,TQQQ,194114.73620053302,0.0,52.14156723022461,False
2025-10-09,10467966.519100217,TQQQ,194114.73620053302,0.0,52.14156723022461,False
2025-10-10,9369529.648557868,TQQQ,194114.73620053302,0.0,52.14156723022461,False
2025-10-13,9964114.139559196,TQQQ,194114.73620053302,0.0,52.14156723022461,False
2025-10-14,9761414.914921878,TQQQ,194114.73620053302,0.0,52.14156723022461,False
2025-10-15,9961218.087262442,TQQQ,194114.73620053302,0.0,52.14156723022461,False
2025-10-16,9850216.571680669,TQQQ,194114.73620053302,0.0,52.14156723022461,False
2025-10-17,10037471.418216888,TQQQ,194114.73620053302,0.0,52.14156723022461,False
2025-10-20,10413913.046968753,TQQQ,194114.73620053302,0.0,52.14156723022461,False
2025-10-21,10402330.318759644,TQQQ,194114.73620053302,0.0,52.14156723022461,False
2025-10-22,10096352.137835577,TQQQ,194114.73620053302,0.0,52.14156723022461,False
2025-10-23,10349243.184712369,TQQQ,194114.73620053302,0.0,52.14156723022461,False
2025-10-24,10671630.600843817,TQQQ,194114.73620053302,0.0,52.14156723022461,False
2025-10-27,11238223.868917609,TQQQ,194114.73620053302,0.0,52.14156723022461,False
2025-10-28,11494975.825197438,TQQQ,194114.73620053302,0.0,52.14156723022461,False
2025-10-29,11641691.863490729,TQQQ,194114.73620053302,0.0,52.14156723022461,False
2025-10-30,11108881.18244903,TQQQ,194114.73620053302,0.0,52.14156723022461,False
2025-10-31,11266215.091845147,TQQQ,194114.73620053302,0.0,52.14156723022461,False
2025-11-03,11420652.94894451,TECL,81459.35087556727,0.0,140.2006378173828,False
2025-11-04,10526836.19423614,TECL,81459.35087556727,0.0,140.2006378173828,False
2025-11-05,10637797.463035164,TECL,81459.35087556727,0.0,140.2006378173828,False
2025-11-06,10278587.654050061,CASH,0.0,10278587.654050061,,False
2025-11-07,10278587.654050061,CASH,0.0,10278587.654050061,,False
2025-11-10,10278587.654050061,CASH,0.0,10278587.654050061,,False
2025-11-11,10278587.654050061,CASH,0.0,10278587.654050061,,False
2025-11-12,10278587.654050061,CASH,0.0,10278587.654050061,,False
2025-11-13,10278587.654050061,CASH,0.0,10278587.654050061,,False
2025-11-14,10278587.654050061,CASH,0.0,10278587.654050061,,False
2025-11-17,10278587.654050061,CASH,0.0,10278587.654050061,,False
2025-11-18,10278587.654050061,CASH,0.0,10278587.654050061,,False
2025-11-19,10278587.654050061,CASH,0.0,10278587.654050061,,False
2025-11-20,10278587.654050061,CASH,0.0,10278587.654050061,,False
2025-11-21,10278587.654050061,CASH,0.0,10278587.654050061,,False
2025-11-24,10278587.654050061,CASH,0.0,10278587.654050061,,False
2025-11-25,10278587.654050061,CASH,0.0,10278587.654050061,,False
2025-11-26,10278587.654050061,CASH,0.0,10278587.654050061,,False
2025-11-28,10278587.654050061,CASH,0.0,10278587.654050061,,False
2025-12-01,10278587.654050061,TQQQ,191220.07869194925,0.0,53.75265884399414,False
2025-12-02,10516297.55999449,TQQQ,191220.07869194925,0.0,53.75265884399414,False
2025-12-03,10590463.324921116,TQQQ,191220.07869194925,0.0,53.75265884399414,False
2025-12-04,10556233.30854577,TQQQ,191220.07869194925,0.0,53.75265884399414,False
2025-12-05,10677941.492329309,TQQQ,191220.07869194925,0.0,53.75265884399414,False
2025-12-08,10611382.397708315,TQQQ,191220.07869194925,0.0,53.75265884399414,False
2025-12-09,10651316.687366173,TQQQ,191220.07869194925,0.0,53.75265884399414,False
2025-12-10,10773025.600596422,TQQQ,191220.07869194925,0.0,53.75265884399414,False
2025-12-11,10670334.092576966,TQQQ,191220.07869194925,0.0,53.75265884399414,False
2025-12-12,10044680.353811737,TQQQ,191220.07869194925,0.0,53.75265884399414,False
2025-12-15,9892546.218252381,TQQQ,191220.07869194925,0.0,53.75265884399414,False
2025-12-16,9951499.372014454,TQQQ,191220.07869194925,0.0,53.75265884399414,False
2025-12-17,9394306.395446628,TQQQ,191220.07869194925,0.0,53.75265884399414,False
2025-12-18,9795560.44240886,TQQQ,191220.07869194925,0.0,53.75265884399414,False
2025-12-19,10177799.272500435,TQQQ,191220.07869194925,0.0,53.75265884399414,False
2025-12-22,10316621.735024935,TQQQ,191220.07869194925,0.0,53.75265884399414,False
2025-12-23,10461149.200278657,TQQQ,191220.07869194925,0.0,53.75265884399414,False
2025-12-24,10544193.061128743,TQQQ,191220.07869194925,0.0,53.75265884399414,False
2025-12-26,10534669.404865766,TQQQ,191220.07869194925,0.0,53.75265884399414,False
2025-12-29,10378487.569505302,TQQQ,191220.07869194925,0.0,53.75265884399414,False
2025-12-30,10304205.822551576,TQQQ,191220.07869194925,0.0,53.75265884399414,False
2025-12-31,10041362.830168659,TQQQ,191220.07869194925,0.0,53.75265884399414,False
2026-01-02,9970889.52449473,TECL,84548.94637351806,0.0,117.93038177490234,False
2026-01-05,10041772.287565412,TECL,84548.94637351806,0.0,117.93038177490234,False
2026-01-06,10458632.807024408,TECL,84548.94637351806,0.0,117.93038177490234,False
2026-01-07,10424878.250247724,TECL,84548.94637351806,0.0,117.93038177490234,False
2026-01-08,9942198.667280365,TECL,84548.94637351806,0.0,117.93038177490234,False
2026-01-09,10329523.949559763,TECL,84548.94637351806,0.0,117.93038177490234,False
2026-01-12,10461164.011748297,TECL,84548.94637351806,0.0,117.93038177490234,False
2026-01-13,10396187.39303336,TECL,84548.94637351806,0.0,117.93038177490234,False
2026-01-14,10001267.206467753,TECL,84548.94637351806,0.0,117.93038177490234,False
2026-01-15,10156535.071365606,TECL,84548.94637351806,0.0,117.93038177490234,False
2026-01-16,10185225.928579971,TECL,84548.94637351806,0.0,117.93038177490234,False
2026-01-20,9384415.711530698,TECL,84548.94637351806,0.0,117.93038177490234,False
2026-01-21,9777648.428280378,TECL,84548.94637351806,0.0,117.93038177490234,False
2026-01-22,9991986.122480158,TECL,84548.94637351806,0.0,117.93038177490234,False
2026-01-23,10029114.973831424,TECL,84548.94637351806,0.0,117.93038177490234,False
2026-01-26,10229950.329274716,TECL,84548.94637351806,0.0,117.93038177490234,False
2026-01-27,10642590.884079358,TECL,84548.94637351806,0.0,117.93038177490234,False
2026-01-28,10885618.790436232,TECL,84548.94637351806,0.0,117.93038177490234,False
2026-01-29,10355683.60205024,TECL,84548.94637351806,0.0,117.93038177490234,False
2026-01-30,9740519.576929111,TECL,84548.94637351806,0.0,117.93038177490234,False
2026-02-02,10002111.586432986,TECL,84548.94637351806,0.0,115.2056884765625,False
2026-02-03,9358256.704097493,TECL,84548.94637351806,0.0,115.2056884765625,False
2026-02-04,8766467.6192362,CASH,0.0,8766467.6192362,,False
2026-02-05,8766467.6192362,CASH,0.0,8766467.6192362,,False
2026-02-06,8766467.6192362,CASH,0.0,8766467.6192362,,False
2026-02-09,8766467.6192362,CASH,0.0,8766467.6192362,,False
2026-02-10,8766467.6192362,CASH,0.0,8766467.6192362,,False
2026-02-11,8766467.6192362,CASH,0.0,8766467.6192362,,False
2026-02-12,8766467.6192362,CASH,0.0,8766467.6192362,,False
2026-02-13,8766467.6192362,CASH,0.0,8766467.6192362,,False
2026-02-17,8766467.6192362,CASH,0.0,8766467.6192362,,False
2026-02-18,8766467.6192362,CASH,0.0,8766467.6192362,,False
2026-02-19,8766467.6192362,CASH,0.0,8766467.6192362,,False
2026-02-20,8766467.6192362,CASH,0.0,8766467.6192362,,False
2026-02-23,8766467.6192362,CASH,0.0,8766467.6192362,,False
2026-02-24,8766467.6192362,CASH,0.0,8766467.6192362,,False
2026-02-25,8766467.6192362,CASH,0.0,8766467.6192362,,False
2026-02-26,8766467.6192362,CASH,0.0,8766467.6192362,,False
2026-02-27,8766467.6192362,CASH,0.0,8766467.6192362,,False
2026-03-02,8766467.6192362,TECL,85642.90843339222,0.0,102.3606948852539,False
2026-03-03,8388661.199756853,TECL,85642.90843339222,0.0,102.3606948852539,False
2026-03-04,8807496.134146703,TECL,85642.90843339222,0.0,102.3606948852539,False
2026-03-05,8855362.517074445,TECL,85642.90843339222,0.0,102.3606948852539,False
2026-03-06,8313442.69135662,TECL,85642.90843339222,0.0,102.3606948852539,False
2026-03-09,8757064.488931749,TECL,85642.90843339222,0.0,102.3606948852539,False
2026-03-10,8746808.01360766,TECL,85642.90843339222,0.0,102.3606948852539,False
2026-03-11,8879296.035240086,TECL,85642.90843339222,0.0,102.3606948852539,False
2026-03-12,8383533.288796577,TECL,85642.90843339222,0.0,102.3606948852539,False
2026-03-13,8186936.579107646,TECL,85642.90843339222,0.0,102.3606948852539,False
2026-03-16,8544228.741131742,TECL,85642.90843339222,0.0,102.3606948852539,False
2026-03-17,8674153.460687567,TECL,85642.90843339222,0.0,102.3606948852539,False
2026-03-18,8388661.199756853,TECL,85642.90843339222,0.0,102.3606948852539,False
2026-03-19,8467299.62227101,TECL,85642.90843339222,0.0,102.3606948852539,False
2026-03-20,7889820.85731258,CASH,0.0,7889820.85731258,,False
2026-03-23,7889820.85731258,CASH,0.0,7889820.85731258,,False
2026-03-24,7889820.85731258,CASH,0.0,7889820.85731258,,False
2026-03-25,7889820.85731258,CASH,0.0,7889820.85731258,,False
2026-03-26,7889820.85731258,CASH,0.0,7889820.85731258,,False
2026-03-27,7889820.85731258,CASH,0.0,7889820.85731258,,False
2026-03-30,7889820.85731258,CASH,0.0,7889820.85731258,,False
2026-03-31,7889820.85731258,CASH,0.0,7889820.85731258,,False
2026-04-01,7889820.85731258,GLD,18020.69509233262,0.0,437.82000732421875,False
2026-04-02,7738266.745592306,GLD,18020.69509233262,0.0,437.82000732421875,False
2026-04-06,7706550.14624645,GLD,18020.69509233262,0.0,437.82000732421875,False
2026-04-07,7781516.30382431,GLD,18020.69509233262,0.0,437.82000732421875,False
2026-04-08,7830532.616473374,GLD,18020.69509233262,0.0,437.82000732421875,False
2026-04-09,7891442.6538771335,GLD,18020.69509233262,0.0,437.82000732421875,False
2026-04-10,7877386.533703033,GLD,18020.69509233262,0.0,437.82000732421875,False
2026-04-13,7845489.551422903,GLD,18020.69509233262,0.0,437.82000732421875,False
2026-04-14,8020831.112652569,GLD,18020.69509233262,0.0,437.82000732421875,False
2026-04-15,7937395.206383393,GLD,18020.69509233262,0.0,437.82000732421875,False
2026-04-16,7930547.254256632,GLD,18020.69509233262,0.0,437.82000732421875,False
2026-04-17,8035968.430536372,GLD,18020.69509233262,0.0,437.82000732421875,False
2026-04-20,7966769.0273755705,GLD,18020.69509233262,0.0,437.82000732421875,False
2026-04-21,7741150.122800835,GLD,18020.69509233262,0.0,437.82000732421875,False
2026-04-22,7843687.921872046,GLD,18020.69509233262,0.0,437.82000732421875,False
2026-04-23,7767640.566584484,GLD,18020.69509233262,0.0,437.82000732421875,False
2026-04-24,7807466.148753107,GLD,18020.69509233262,0.0,437.82000732421875,False
2026-04-27,7746916.877217895,GLD,18020.69509233262,0.0,437.82000732421875,False
2026-04-28,7603111.532399812,GLD,18020.69509233262,0.0,437.82000732421875,False
2026-04-29,7522018.404484315,GLD,18020.69509233262,0.0,437.82000732421875,False
2026-04-30,7634647.748811394,GLD,18020.69509233262,0.0,437.82000732421875,False
2026-05-01,7625997.617185805,TECL,49997.69206289119,0.0,152.52699279785156,False
2026-05-04,7650474.63671928,TECL,49997.69206289119,0.0,152.52699279785156,False
2026-05-05,8149017.2973830085,TECL,49997.69206289119,0.0,152.52699279785156,False
2026-05-06,8793424.959410088,TECL,49997.69206289119,0.0,152.52699279785156,False
2026-05-07,8733979.461278673,TECL,49997.69206289119,0.0,152.52699279785156,False
2026-05-08,9645642.395211691,TECL,49997.69206289119,0.0,152.52699279785156,False
2026-05-11,10025793.761887692,TECL,49997.69206289119,0.0,152.52699279785156,False
2026-05-12,9575207.261549179,TECL,49997.69206289119,0.0,152.52699279785156,False
2026-05-13,9848455.909139415,TECL,49997.69206289119,0.0,152.52699279785156,False
2026-05-14,10278561.482336808,TECL,49997.69206289119,0.0,152.52699279785156,False
2026-05-15,9743552.7620583,TECL,49997.69206289119,0.0,152.52699279785156,False
2026-05-18,9396371.827784065,TECL,49997.69206289119,0.0,152.52699279785156,False
2026-05-19,9213539.538722357,TECL,49997.69206289119,0.0,152.52699279785156,False
2026-05-20,9835967.929687245,TECL,49997.69206289119,0.0,152.52699279785156,False
2026-05-21,10071751.113112494,TECL,49997.69206289119,0.0,152.52699279785156,False
2026-05-22,10382965.690047055,TECL,49997.69206289119,0.0,152.52699279785156,False
2026-05-26,11192722.16474111,TECL,49997.69206289119,0.0,152.52699279785156,False
2026-05-27,11043360.01035627,TECL,49997.69206289119,0.0,152.52699279785156,False
2026-05-28,11501937.932575257,TECL,49997.69206289119,0.0,152.52699279785156,False
2026-05-29,12258243.810630666,TECL,49997.69206289119,0.0,152.52699279785156,False
2026-06-01,13171405.851388995,TQQQ,153437.14687606087,0.0,85.84235382080078,False
2026-06-02,13352046.156980157,TQQQ,153437.14687606087,0.0,85.84235382080078,False
2026-06-03,13251008.863379138,TQQQ,153437.14687606087,0.0,85.84235382080078,False
2026-06-04,13045876.584010655,TQQQ,153437.14687606087,0.0,85.84235382080078,False
2026-06-05,11854265.266250094,CASH,0.0,11854265.266250094,,False
2026-06-08,11854265.266250094,CASH,0.0,11854265.266250094,,False
2026-06-09,11854265.266250094,CASH,0.0,11854265.266250094,,False
2026-06-10,11854265.266250094,CASH,0.0,11854265.266250094,,False
2026-06-11,11854265.266250094,CASH,0.0,11854265.266250094,,False
2026-06-12,11854265.266250094,CASH,0.0,11854265.266250094,,False
2026-06-15,11854265.266250094,CASH,0.0,11854265.266250094,,False
2026-06-16,11854265.266250094,CASH,0.0,11854265.266250094,,False
2026-06-17,11854265.266250094,CASH,0.0,11854265.266250094,,False
2026-06-18,11854265.266250094,CASH,0.0,11854265.266250094,,False
2026-06-22,11854265.266250094,CASH,0.0,11854265.266250094,,False
2026-06-23,11854265.266250094,CASH,0.0,11854265.266250094,,False
2026-06-24,11854265.266250094,CASH,0.0,11854265.266250094,,False
2026-06-25,11854265.266250094,CASH,0.0,11854265.266250094,,False
2026-06-26,11854265.266250094,CASH,0.0,11854265.266250094,,False
2026-06-29,11854265.266250094,CASH,0.0,11854265.266250094,,False
2026-06-30,11854265.266250094,CASH,0.0,11854265.266250094,,False
2026-07-01,11854265.266250094,TQQQ,153037.2502757537,0.0,77.45999908447266,False
2026-07-02,11225282.074210221,TQQQ,153037.2502757537,0.0,77.45999908447266,False
2026-07-06,11695106.385853523,TQQQ,153037.2502757537,0.0,77.45999908447266,False
2026-07-07,11053881.101153577,TQQQ,153037.2502757537,0.0,77.45999908447266,False
2026-07-08,10668838.739625085,CASH,0.0,10668838.739625085,,False
2026-07-09,10668838.739625085,CASH,0.0,10668838.739625085,,False
2026-07-10,10668838.739625085,CASH,0.0,10668838.739625085,,False
2026-07-13,10668838.739625085,CASH,0.0,10668838.739625085,,False
2026-07-14,10668838.739625085,CASH,0.0,10668838.739625085,,False
2026-07-15,10668838.739625085,CASH,0.0,10668838.739625085,,False
2026-07-16,10668838.739625085,CASH,0.0,10668838.739625085,,False
2026-07-17,10668838.739625085,CASH,0.0,10668838.739625085,,False
2026-07-20,10668838.739625085,CASH,0.0,10668838.739625085,,False
2026-07-21,10668838.739625085,CASH,0.0,10668838.739625085,,False
2026-07-22,10668838.739625085,CASH,0.0,10668838.739625085,,False
2026-07-23,10668838.739625085,CASH,0.0,10668838.739625085,,False
2026-07-24,10668838.739625085,CASH,0.0,10668838.739625085,,False
2026-07-27,10668838.739625085,CASH,0.0,10668838.739625085,,False
2026-07-28,10668838.739625085,CASH,0.0,10668838.739625085,,False
2026-07-29,10668838.739625085,CASH,0.0,10668838.739625085,,False
2026-07-30,10668838.739625085,CASH,0.0,10668838.739625085,,False
2026-07-31,10668838.739625085,CASH,0.0,10668838.739625085,,False
2026-08-03,10668838.739625085,TECL,58865.80454792299,0.0,181.24000549316406,False
2026-08-04,12267044.973812837,TECL,58865.80454792299,0.0,181.24000549316406,False
2026-08-05,12066901.597638257,TECL,58865.80454792299,0.0,181.24000549316406,False
2026-08-06,11974481.853351988,TECL,58865.80454792299,0.0,181.24000549316406,False
2026-08-07,12458358.838593585,TECL,58865.80454792299,0.0,181.24000549316406,False
2026-08-10,12125178.169279328,TECL,58865.80454792299,0.0,181.24000549316406,False
2026-08-11,12064546.462452639,TECL,58865.80454792299,0.0,181.24000549316406,False
2026-08-12,12600225.643127095,TECL,58865.80454792299,0.0,181.24000549316406,False
2026-08-13,12984619.274967361,TECL,58865.80454792299,0.0,181.24000549316406,False
2026-08-14,12813319.56815989,TECL,58865.80454792299,0.0,181.24000549316406,False
2026-08-17,12885724.256251985,TECL,58865.80454792299,0.0,181.24000549316406,False
2026-08-18,11896779.458423594,TECL,58865.80454792299,0.0,181.24000549316406,False
2026-08-19,11501789.514689837,TECL,58865.80454792299,0.0,181.24000549316406,False
2026-08-20,11427618.924318977,TECL,58865.80454792299,0.0,181.24000549316406,False
2026-08-21,11467647.240265535,TECL,58865.80454792299,0.0,181.24000549316406,False
2026-08-24,10843670.250990087,TECL,58865.80454792299,0.0,181.24000549316406,False
2026-08-25,11150948.924367024,TECL,58865.80454792299,0.0,181.24000549316406,False
2026-08-26,11343440.35674058,TECL,58865.80454792299,0.0,181.24000549316406,False
2026-08-27,12400670.601638472,TECL,58865.80454792299,0.0,181.24000549316406,False
2026-08-28,11802593.811858559,TECL,58865.80454792299,0.0,181.24000549316406,False
2026-08-31,11975070.188037945,TECL,58865.80454792299,0.0,181.24000549316406,False
2026-09-01,11422909.552168636,TQQQ,165190.30079693766,0.0,69.1500015258789,False
2026-09-02,11468105.241384326,TQQQ,165190.30079693766,0.0,69.1500015258789,False
