date,equity,holding,shares,cash,stop_reference,entered_at_open
2010-02-11,100000.0,CASH,0.0,100000.0,,False
2010-02-12,100000.0,CASH,0.0,100000.0,,False
2010-02-16,100000.0,CASH,0.0,100000.0,,False
2010-02-17,100000.0,CASH,0.0,100000.0,,False
2010-02-18,100000.0,CASH,0.0,100000.0,,False
2010-02-19,100000.0,CASH,0.0,100000.0,,False
2010-02-22,100000.0,CASH,0.0,100000.0,,False
2010-02-23,100000.0,CASH,0.0,100000.0,,False
2010-02-24,100000.0,CASH,0.0,100000.0,,False
2010-02-25,100000.0,CASH,0.0,100000.0,,False
2010-02-26,100000.0,CASH,0.0,100000.0,,False
2010-03-01,100000.0,TECL,134152.71222954508,0.0,0.7454191446304321,False
2010-03-02,99451.16198885372,TECL,134152.71222954508,0.0,0.7454191446304321,False
2010-03-03,99714.91416399957,TECL,134152.71222954508,0.0,0.7454191446304321,False
2010-03-04,100983.52334524597,TECL,134152.71222954508,0.0,0.7454191446304321,False
2010-03-05,104946.17888386574,TECL,134152.71222954508,0.0,0.7454191446304321,False
2010-03-08,105751.50059275274,TECL,134152.71222954508,0.0,0.7454191446304321,False
2010-03-09,106906.06904269915,TECL,134152.71222954508,0.0,0.7454191446304321,False
2010-03-10,109471.8255744536,TECL,134152.71222954508,0.0,0.7454191446304321,False
2010-03-11,110462.5374358571,TECL,134152.71222954508,0.0,0.7454191446304321,False
2010-03-12,110590.84325372553,TECL,134152.71222954508,0.0,0.7454191446304321,False
2010-03-15,109086.96409372163,TECL,134152.71222954508,0.0,0.7454191446304321,False
2010-03-16,112230.0408330107,TECL,134152.71222954508,0.0,0.7454191446304321,False
2010-03-17,113498.68199875613,TECL,134152.71222954508,0.0,0.7454191446304321,False
2010-03-18,113883.53548336335,TECL,134152.71222954508,0.0,0.7454191446304321,False
2010-03-19,111025.5285878252,TECL,134152.71222954508,0.0,0.7454191446304321,False
2010-03-22,113741.00455955027,TECL,134152.71222954508,0.0,0.7454191446304321,False
2010-03-23,117223.48481032153,TECL,134152.71222954508,0.0,0.7454191446304321,False
2010-03-24,115523.0609037636,TECL,134152.71222954508,0.0,0.7454191446304321,False
2010-03-25,116023.61031749574,TECL,134152.71222954508,0.0,0.7454191446304321,False
2010-03-26,115324.3572035249,TECL,134152.71222954508,0.0,0.7454191446304321,False
2010-03-29,115442.13212508691,TECL,134152.71222954508,0.0,0.7454191446304321,False
2010-03-30,116980.514563422,TECL,134152.71222954508,0.0,0.7454191446304321,False
2010-03-31,115000.49016244768,TECL,134152.71222954508,0.0,0.7454191446304321,False
2010-04-01,114499.94074871555,TECL,134152.71222954508,0.0,0.8572356700897217,False
2010-04-05,118982.72021447527,TECL,134152.71222954508,0.0,0.8572356700897217,False
2010-04-06,119328.72052888288,TECL,134152.71222954508,0.0,0.8572356700897217,False
2010-04-07,118599.92973005564,TECL,134152.71222954508,0.0,0.8572356700897217,False
2010-04-08,118658.86116952282,TECL,134152.71222954508,0.0,0.8572356700897217,False
2010-04-09,121831.43561304451,TECL,134152.71222954508,0.0,0.8572356700897217,False
2010-04-12,122655.90804072715,TECL,134152.71222954508,0.0,0.8572356700897217,False
2010-04-13,124231.12062969804,TECL,134152.71222954508,0.0,0.8572356700897217,False
2010-04-14,130598.35481332328,TECL,134152.71222954508,0.0,0.8572356700897217,False
2010-04-15,132961.25765608955,TECL,134152.71222954508,0.0,0.8572356700897217,False
2010-04-16,127374.22135736138,TECL,134152.71222954508,0.0,0.8572356700897217,False
2010-04-19,127411.09148862096,TECL,134152.71222954508,0.0,0.8572356700897217,False
2010-04-20,129420.55762095458,TECL,134152.71222954508,0.0,0.8572356700897217,False
2010-04-21,130657.20629154287,TECL,134152.71222954508,0.0,0.8572356700897217,False
2010-04-22,132180.97980994493,TECL,134152.71222954508,0.0,0.8572356700897217,False
2010-04-23,133550.10827552536,TECL,134152.71222954508,0.0,0.8572356700897217,False
2010-04-26,132718.28740919003,TECL,134152.71222954508,0.0,0.8572356700897217,False
2010-04-27,125003.98606819192,TECL,134152.71222954508,0.0,0.8572356700897217,False
2010-04-28,125659.19652699516,TECL,134152.71222954508,0.0,0.8572356700897217,False
2010-04-29,129413.28114742473,TECL,134152.71222954508,0.0,0.8572356700897217,False
2010-04-30,120911.28955263122,TECL,134152.71222954508,0.0,0.8572356700897217,False
2010-05-03,125865.26465813609,TECL,134152.71222954508,0.0,0.9012959003448486,False
2010-05-04,114941.59070747954,TECL,134152.71222954508,0.0,0.9012959003448486,False
2010-05-05,113358.93372635887,TECL,134152.71222954508,0.0,0.9012959003448486,False
2010-05-06,108820.1605973681,CASH,0.0,108820.1605973681,,False
2010-05-07,108820.1605973681,CASH,0.0,108820.1605973681,,False
2010-05-10,108820.1605973681,CASH,0.0,108820.1605973681,,False
2010-05-11,108820.1605973681,CASH,0.0,108820.1605973681,,False
2010-05-12,108820.1605973681,CASH,0.0,108820.1605973681,,False
2010-05-13,108820.1605973681,CASH,0.0,108820.1605973681,,False
2010-05-14,108820.1605973681,CASH,0.0,108820.1605973681,,False
2010-05-17,108820.1605973681,CASH,0.0,108820.1605973681,,False
2010-05-18,108820.1605973681,CASH,0.0,108820.1605973681,,False
2010-05-19,108820.1605973681,CASH,0.0,108820.1605973681,,False
2010-05-20,108820.1605973681,CASH,0.0,108820.1605973681,,False
2010-05-21,108820.1605973681,CASH,0.0,108820.1605973681,,False
2010-05-24,108820.1605973681,CASH,0.0,108820.1605973681,,False
2010-05-25,108820.1605973681,CASH,0.0,108820.1605973681,,False
2010-05-26,108820.1605973681,CASH,0.0,108820.1605973681,,False
2010-05-27,108820.1605973681,CASH,0.0,108820.1605973681,,False
2010-05-28,108820.1605973681,CASH,0.0,108820.1605973681,,False
2010-06-01,108820.1605973681,TQQQ,496561.733589579,0.0,0.21914729475975037,False
2010-06-02,116478.03279737235,TQQQ,496561.733589579,0.0,0.21914729475975037,False
2010-06-03,119501.70912388235,TQQQ,496561.733589579,0.0,0.21914729475975037,False
2010-06-04,107701.49780595195,TQQQ,496561.733589579,0.0,0.21914729475975037,False
2010-06-07,101457.30773907035,TQQQ,496561.733589579,0.0,0.21914729475975037,False
2010-06-08,97938.14453763129,CASH,0.0,97938.14453763129,,False
2010-06-09,97938.14453763129,CASH,0.0,97938.14453763129,,False
2010-06-10,97938.14453763129,CASH,0.0,97938.14453763129,,False
2010-06-11,97938.14453763129,CASH,0.0,97938.14453763129,,False
2010-06-14,97938.14453763129,CASH,0.0,97938.14453763129,,False
2010-06-15,97938.14453763129,CASH,0.0,97938.14453763129,,False
2010-06-16,97938.14453763129,CASH,0.0,97938.14453763129,,False
2010-06-17,97938.14453763129,CASH,0.0,97938.14453763129,,False
2010-06-18,97938.14453763129,CASH,0.0,97938.14453763129,,False
2010-06-21,97938.14453763129,CASH,0.0,97938.14453763129,,False
2010-06-22,97938.14453763129,CASH,0.0,97938.14453763129,,False
2010-06-23,97938.14453763129,CASH,0.0,97938.14453763129,,False
2010-06-24,97938.14453763129,CASH,0.0,97938.14453763129,,False
2010-06-25,97938.14453763129,CASH,0.0,97938.14453763129,,False
2010-06-28,97938.14453763129,CASH,0.0,97938.14453763129,,False
2010-06-29,97938.14453763129,CASH,0.0,97938.14453763129,,False
2010-06-30,97938.14453763129,CASH,0.0,97938.14453763129,,False
2010-07-01,97938.14453763129,GLD,836.7920691346999,0.0,117.04000091552734,False
2010-07-02,99151.49048418988,GLD,836.7920691346999,0.0,117.04000091552734,False
2010-07-06,97494.6457624646,GLD,836.7920691346999,0.0,117.04000091552734,False
2010-07-07,98515.53310828362,GLD,836.7920691346999,0.0,117.04000091552734,False
2010-07-08,98080.39765717216,GLD,836.7920691346999,0.0,117.04000091552734,False
2010-07-09,99042.70981352043,GLD,836.7920691346999,0.0,117.04000091552734,False
2010-07-12,98189.1783278416,GLD,836.7920691346999,0.0,117.04000091552734,False
2010-07-13,99042.70981352043,GLD,836.7920691346999,0.0,117.04000091552734,False
2010-07-14,98992.50433232173,GLD,836.7920691346999,0.0,117.04000091552734,False
2010-07-15,98933.92914285098,GLD,836.7920691346999,0.0,117.04000091552734,False
2010-07-16,97628.52917373339,GLD,836.7920691346999,0.0,117.04000091552734,False
2010-07-19,96841.94897001423,GLD,836.7920691346999,0.0,117.04000091552734,False
2010-07-20,97611.79614140611,GLD,836.7920691346999,0.0,117.04000091552734,False
2010-07-21,96942.35993241161,GLD,836.7920691346999,0.0,117.04000091552734,False
2010-07-22,97787.52170981838,GLD,836.7920691346999,0.0,117.04000091552734,False
2010-07-23,97143.18824142322,GLD,836.7920691346999,0.0,117.04000091552734,False
2010-07-26,96666.21701738512,GLD,836.7920691346999,0.0,117.04000091552734,False
2010-07-27,94984.2695550605,GLD,836.7920691346999,0.0,117.04000091552734,False
2010-07-28,95210.20060467145,GLD,836.7920691346999,0.0,117.04000091552734,False
2010-07-29,95636.96634751087,GLD,836.7920691346999,0.0,117.04000091552734,False
2010-07-30,96641.11427678578,GLD,836.7920691346999,0.0,117.04000091552734,False
2010-08-02,96682.95643392924,TECL,134085.361494765,0.0,0.721055269241333,False
2010-08-03,95517.37906961815,TECL,134085.361494765,0.0,0.721055269241333,False
2010-08-04,97878.40830669679,TECL,134085.361494765,0.0,0.721055269241333,False
2010-08-05,96503.66143052859,TECL,134085.361494765,0.0,0.721055269241333,False
2010-08-06,95427.72357580748,TECL,134085.361494765,0.0,0.721055269241333,False
2010-08-09,96413.9819603869,TECL,134085.361494765,0.0,0.721055269241333,False
2010-08-10,92439.07391361278,TECL,134085.361494765,0.0,0.721055269241333,False
2010-08-11,87014.66079053632,CASH,0.0,87014.66079053632,,False
2010-08-12,87014.66079053632,CASH,0.0,87014.66079053632,,False
2010-08-13,87014.66079053632,CASH,0.0,87014.66079053632,,False
2010-08-16,87014.66079053632,CASH,0.0,87014.66079053632,,False
2010-08-17,87014.66079053632,CASH,0.0,87014.66079053632,,False
2010-08-18,87014.66079053632,CASH,0.0,87014.66079053632,,False
2010-08-19,87014.66079053632,CASH,0.0,87014.66079053632,,False
2010-08-20,87014.66079053632,CASH,0.0,87014.66079053632,,False
2010-08-23,87014.66079053632,CASH,0.0,87014.66079053632,,False
2010-08-24,87014.66079053632,CASH,0.0,87014.66079053632,,False
2010-08-25,87014.66079053632,CASH,0.0,87014.66079053632,,False
2010-08-26,87014.66079053632,CASH,0.0,87014.66079053632,,False
2010-08-27,87014.66079053632,CASH,0.0,87014.66079053632,,False
2010-08-30,87014.66079053632,CASH,0.0,87014.66079053632,,False
2010-08-31,87014.66079053632,CASH,0.0,87014.66079053632,,False
2010-09-01,87014.66079053632,IEF,1255.5310137300771,0.0,69.30506681155018,False
2010-09-02,86651.79658443127,IEF,1255.5310137300771,0.0,69.30506681155018,False
2010-09-03,86156.07185056045,IEF,1255.5310137300771,0.0,69.30506681155018,False
2010-09-07,86837.7066437534,IEF,1255.5310137300771,0.0,69.30506681155018,False
2010-09-08,86598.66976344638,IEF,1255.5310137300771,0.0,69.30506681155018,False
2010-09-09,85917.05429261058,IEF,1255.5310137300771,0.0,69.30506681155018,False
2010-09-10,85669.21607862158,IEF,1255.5310137300771,0.0,69.30506681155018,False
2010-09-13,86076.42509438668,IEF,1255.5310137300771,0.0,69.30506681155018,False
2010-09-14,86510.10573944775,IEF,1255.5310137300771,0.0,69.30506681155018,False
2010-09-15,86209.19867154532,IEF,1255.5310137300771,0.0,69.30506681155018,False
2010-09-16,85908.20465303572,IEF,1255.5310137300771,0.0,69.30506681155018,False
2010-09-17,86102.95469075411,IEF,1255.5310137300771,0.0,69.30506681155018,False
2010-09-20,86368.47286153567,IEF,1255.5310137300771,0.0,69.30506681155018,False
2010-09-21,87174.06057584814,IEF,1255.5310137300771,0.0,69.30506681155018,False
2010-09-22,87306.80516947103,IEF,1255.5310137300771,0.0,69.30506681155018,False
2010-09-23,87430.72910705484,IEF,1255.5310137300771,0.0,69.30506681155018,False
2010-09-24,86997.04846199375,IEF,1255.5310137300771,0.0,69.30506681155018,False
2010-09-27,87669.67903675466,IEF,1255.5310137300771,0.0,69.30506681155018,False
2010-09-28,87961.89104393942,IEF,1255.5310137300771,0.0,69.30506681155018,False
2010-09-29,87749.46104942844,IEF,1255.5310137300771,0.0,69.30506681155018,False
2010-09-30,87643.23639099443,IEF,1255.5310137300771,0.0,69.30506681155018,False
2010-10-01,87690.23802476264,TECL,117159.14380323165,0.0,0.7484711408615112,False
2010-10-04,84739.35583313442,TECL,117159.14380323165,0.0,0.7484711408615112,False
2010-10-05,90301.60259841604,TECL,117159.14380323165,0.0,0.7484711408615112,False
2010-10-06,88316.947924702,TECL,117159.14380323165,0.0,0.7484711408615112,False
2010-10-07,89048.15486562073,TECL,117159.14380323165,0.0,0.7484711408615112,False
2010-10-08,90797.76801265184,TECL,117159.14380323165,0.0,0.7484711408615112,False
2010-10-11,91006.68527908991,TECL,117159.14380323165,0.0,0.7484711408615112,False
2010-10-12,93435.27779623751,TECL,117159.14380323165,0.0,0.7484711408615112,False
2010-10-13,95785.53244879634,TECL,117159.14380323165,0.0,0.7484711408615112,False
2010-10-14,95681.07032396272,TECL,117159.14380323165,0.0,0.7484711408615112,False
2010-10-15,101452.19943953668,TECL,117159.14380323165,0.0,0.7484711408615112,False
2010-10-18,102705.68208847773,TECL,117159.14380323165,0.0,0.7484711408615112,False
2010-10-19,97274.00075858712,TECL,117159.14380323165,0.0,0.7484711408615112,False
2010-10-20,99154.18632423838,TECL,117159.14380323165,0.0,0.7484711408615112,False
2010-10-21,99180.32455094153,TECL,117159.14380323165,0.0,0.7484711408615112,False
2010-10-22,101112.72372093673,TECL,117159.14380323165,0.0,0.7484711408615112,False
2010-10-25,102131.15785996572,TECL,117159.14380323165,0.0,0.7484711408615112,False
2010-10-26,102705.68208847773,TECL,117159.14380323165,0.0,0.7484711408615112,False
2010-10-27,104376.95737092006,TECL,117159.14380323165,0.0,0.7484711408615112,False
2010-10-28,104873.10183546842,TECL,117159.14380323165,0.0,0.7484711408615112,False
2010-10-29,105082.04703482309,TECL,117159.14380323165,0.0,0.7484711408615112,False
2010-11-01,106178.80507198256,TQQQ,327506.60751516744,0.0,0.3242035508155823,False
2010-11-02,109397.13048433296,TQQQ,327506.60751516744,0.0,0.3242035508155823,False
2010-11-03,110977.96346261073,TQQQ,327506.60751516744,0.0,0.3242035508155823,False
2010-11-04,114910.12969477383,TQQQ,327506.60751516744,0.0,0.3242035508155823,False
2010-11-05,115047.7619059992,TQQQ,327506.60751516744,0.0,0.3242035508155823,False
2010-11-08,115339.77527352211,TQQQ,327506.60751516744,0.0,0.3242035508155823,False
2010-11-09,113475.00082607497,TQQQ,327506.60751516744,0.0,0.3242035508155823,False
2010-11-10,115209.96118875526,TQQQ,327506.60751516744,0.0,0.3242035508155823,False
2010-11-11,113272.33468651866,TQQQ,327506.60751516744,0.0,0.3242035508155823,False
2010-11-12,107508.38435326269,TQQQ,327506.60751516744,0.0,0.3242035508155823,False
2010-11-15,106357.1286305307,TQQQ,327506.60751516744,0.0,0.3242035508155823,False
2010-11-16,101079.46381090289,TQQQ,327506.60751516744,0.0,0.3242035508155823,False
2010-11-17,102035.81295779208,TQQQ,327506.60751516744,0.0,0.3242035508155823,False
2010-11-18,106778.65350863794,TQQQ,327506.60751516744,0.0,0.3242035508155823,False
2010-11-19,107029.88768472057,TQQQ,327506.60751516744,0.0,0.3242035508155823,False
2010-11-22,109851.33337415443,TQQQ,327506.60751516744,0.0,0.3242035508155823,False
2010-11-23,104662.68392693817,TQQQ,327506.60751516744,0.0,0.3242035508155823,False
2010-11-24,110775.29732305442,TQQQ,327506.60751516744,0.0,0.3242035508155823,False
2010-11-26,110078.2640110589,TQQQ,327506.60751516744,0.0,0.3242035508155823,False
2010-11-29,108545.99906930744,TQQQ,327506.60751516744,0.0,0.3242035508155823,False
2010-11-30,104419.55093058161,TQQQ,327506.60751516744,0.0,0.3242035508155823,False
2010-12-01,111059.20951085127,TECL,121616.9976698804,0.0,0.9131882190704346,False
2010-12-02,115477.719896764,TECL,121616.9976698804,0.0,0.9131882190704346,False
2010-12-03,116562.05227923133,TECL,121616.9976698804,0.0,0.9131882190704346,False
2010-12-06,116724.64595733237,TECL,121616.9976698804,0.0,0.9131882190704346,False
2010-12-07,117077.0675733929,TECL,121616.9976698804,0.0,0.9131882190704346,False
2010-12-08,119625.1852439841,TECL,121616.9976698804,0.0,0.9131882190704346,False
2010-12-09,119570.9486902814,TECL,121616.9976698804,0.0,0.9131882190704346,False
2010-12-10,121360.0300686765,TECL,121616.9976698804,0.0,0.9131882190704346,False
2010-12-13,119787.81516677486,TECL,121616.9976698804,0.0,0.9131882190704346,False
2010-12-14,119679.33481043148,TECL,121616.9976698804,0.0,0.9131882190704346,False
2010-12-15,118540.86011045471,TECL,121616.9976698804,0.0,0.9131882190704346,False
2010-12-16,120275.7049351471,TECL,121616.9976698804,0.0,0.9131882190704346,False
2010-12-17,121387.11934977608,TECL,121616.9976698804,0.0,0.9131882190704346,False
2010-12-20,121441.31240985113,TECL,121616.9976698804,0.0,0.9131882190704346,False
2010-12-21,124206.30380587376,TECL,121616.9976698804,0.0,0.9131882190704346,False
2010-12-22,123826.79290871364,TECL,121616.9976698804,0.0,0.9131882190704346,False
2010-12-23,123203.35524971227,TECL,121616.9976698804,0.0,0.9131882190704346,False
2010-12-27,124016.54110835576,TECL,121616.9976698804,0.0,0.9131882190704346,False
2010-12-28,123881.02946241637,TECL,121616.9976698804,0.0,0.9131882190704346,False
2010-12-29,124206.30380587376,TECL,121616.9976698804,0.0,0.9131882190704346,False
2010-12-30,123664.18473273673,TECL,121616.9976698804,0.0,0.9131882190704346,False
2010-12-31,123338.89589140344,TECL,121616.9976698804,0.0,0.9131882190704346,False
2011-01-03,126727.32494642744,TECL,121616.9976698804,0.0,1.0141583681106567,False
2011-01-04,127811.59208845328,TECL,121616.9976698804,0.0,1.0141583681106567,False
2011-01-05,129980.22785763616,TECL,121616.9976698804,0.0,1.0141583681106567,False
2011-01-06,133504.19755435133,TECL,121616.9976698804,0.0,1.0141583681106567,False
2011-01-07,132474.09447664878,TECL,121616.9976698804,0.0,1.0141583681106567,False
2011-01-10,133639.69470241485,TECL,121616.9976698804,0.0,1.0141583681106567,False
2011-01-11,134046.31662748836,TECL,121616.9976698804,0.0,1.0141583681106567,False
2011-01-12,137597.38285424106,TECL,121616.9976698804,0.0,1.0141583681106567,False
2011-01-13,137461.85671042578,TECL,121616.9976698804,0.0,1.0141583681106567,False
2011-01-14,140931.60435131413,TECL,121616.9976698804,0.0,1.0141583681106567,False
2011-01-18,142286.9672745982,TECL,121616.9976698804,0.0,1.0141583681106567,False
2011-01-19,139088.3154149681,TECL,121616.9976698804,0.0,1.0141583681106567,False
2011-01-20,135374.56852285902,TECL,121616.9976698804,0.0,1.0141583681106567,False
2011-01-21,132853.5763780571,TECL,121616.9976698804,0.0,1.0141583681106567,False
2011-01-24,138383.5011785988,TECL,121616.9976698804,0.0,1.0141583681106567,False
2011-01-25,139820.211683499,TECL,121616.9976698804,0.0,1.0141583681106567,False
2011-01-26,142395.38239050008,TECL,121616.9976698804,0.0,1.0141583681106567,False
2011-01-27,144889.27800526447,TECL,121616.9976698804,0.0,1.0141583681106567,False
2011-01-28,135076.37621156327,TECL,121616.9976698804,0.0,1.0141583681106567,False
2011-01-31,137434.76018038826,TECL,121616.9976698804,0.0,1.0141583681106567,False
2011-02-01,144509.79610385612,TQQQ,346274.5228566103,0.0,0.41732725501060486,False
2011-02-02,143858.40095709186,TQQQ,346274.5228566103,0.0,0.41732725501060486,False
2011-02-03,144415.66934519203,TQQQ,346274.5228566103,0.0,0.41732725501060486,False
2011-02-04,147021.5595257981,TQQQ,346274.5228566103,0.0,0.41732725501060486,False
2011-02-07,149155.78393458715,TQQQ,346274.5228566103,0.0,0.41732725501060486,False
2011-02-08,152336.04238698012,TQQQ,346274.5228566103,0.0,0.41732725501060486,False
2011-02-09,151410.17191950657,TQQQ,346274.5228566103,0.0,0.41732725501060486,False
2011-02-10,152147.46895631799,TQQQ,346274.5228566103,0.0,0.41732725501060486,False
2011-02-11,155267.49082387128,TQQQ,346274.5228566103,0.0,0.41732725501060486,False
2011-02-14,156244.77446003957,TQQQ,346274.5228566103,0.0,0.41732725501060486,False
2011-02-15,155841.85909565818,TQQQ,346274.5228566103,0.0,0.41732725501060486,False
2011-02-16,158721.92532320952,TQQQ,346274.5228566103,0.0,0.41732725501060486,False
2011-02-17,158584.68250296242,TQQQ,346274.5228566103,0.0,0.41732725501060486,False
2011-02-18,157684.78693424532,TQQQ,346274.5228566103,0.0,0.41732725501060486,False
2011-02-22,143798.4946053711,TQQQ,346274.5228566103,0.0,0.41732725501060486,False
2011-02-23,140249.9127077988,TQQQ,346274.5228566103,0.0,0.41732725501060486,False
2011-02-24,142246.89429634076,TQQQ,346274.5228566103,0.0,0.41732725501060486,False
2011-02-25,148341.47034258328,TQQQ,346274.5228566103,0.0,0.41732725501060486,False
2011-02-28,149421.42551936654,TQQQ,346274.5228566103,0.0,0.41732725501060486,False
2011-03-01,142238.33919460492,TQQQ,346274.5228566103,0.0,0.43151146173477173,False
2011-03-02,144244.21643778653,TQQQ,346274.5228566103,0.0,0.43151146173477173,False
2011-03-03,152850.19471349727,TQQQ,346274.5228566103,0.0,0.43151146173477173,False
2011-03-04,150587.28258619693,TQQQ,346274.5228566103,0.0,0.43151146173477173,False
2011-03-07,144587.1841713073,TQQQ,346274.5228566103,0.0,0.43151146173477173,False
2011-03-08,146095.66841875462,TQQQ,346274.5228566103,0.0,0.43151146173477173,False
2011-03-09,143147.1304179617,TQQQ,346274.5228566103,0.0,0.43151146173477173,False
2011-03-10,136598.28775735284,TQQQ,346274.5228566103,0.0,0.43151146173477173,False
2011-03-11,134318.252910606,CASH,0.0,134318.252910606,,False
2011-03-14,134318.252910606,CASH,0.0,134318.252910606,,False
2011-03-15,134318.252910606,CASH,0.0,134318.252910606,,False
2011-03-16,134318.252910606,CASH,0.0,134318.252910606,,False
2011-03-17,134318.252910606,CASH,0.0,134318.252910606,,False
2011-03-18,134318.252910606,CASH,0.0,134318.252910606,,False
2011-03-21,134318.252910606,CASH,0.0,134318.252910606,,False
2011-03-22,134318.252910606,CASH,0.0,134318.252910606,,False
2011-03-23,134318.252910606,CASH,0.0,134318.252910606,,False
2011-03-24,134318.252910606,CASH,0.0,134318.252910606,,False
2011-03-25,134318.252910606,CASH,0.0,134318.252910606,,False
2011-03-28,134318.252910606,CASH,0.0,134318.252910606,,False
2011-03-29,134318.252910606,CASH,0.0,134318.252910606,,False
2011-03-30,134318.252910606,CASH,0.0,134318.252910606,,False
2011-03-31,134318.252910606,CASH,0.0,134318.252910606,,False
2011-04-01,134318.252910606,TECL,125710.31314045096,0.0,1.0684744119644165,False
2011-04-04,131776.9246803461,TECL,125710.31314045096,0.0,1.0684744119644165,False
2011-04-05,131548.48057930896,TECL,125710.31314045096,0.0,1.0684744119644165,False
2011-04-06,134346.78594447995,TECL,125710.31314045096,0.0,1.0684744119644165,False
2011-04-07,134518.1040344207,TECL,125710.31314045096,0.0,1.0684744119644165,False
2011-04-08,132233.76792490904,TECL,125710.31314045096,0.0,1.0684744119644165,False
2011-04-11,131320.06644994605,TECL,125710.31314045096,0.0,1.0684744119644165,False
2011-04-12,127779.37769975279,TECL,125710.31314045096,0.0,1.0684744119644165,False
2011-04-13,130263.57991891628,TECL,125710.31314045096,0.0,1.0684744119644165,False
2011-04-14,129235.61143592335,TECL,125710.31314045096,0.0,1.0684744119644165,False
2011-04-15,127665.18562090845,TECL,125710.31314045096,0.0,1.0684744119644165,False
2011-04-18,120886.4276195454,CASH,0.0,120886.4276195454,,False
2011-04-19,120886.4276195454,CASH,0.0,120886.4276195454,,False
2011-04-20,120886.4276195454,CASH,0.0,120886.4276195454,,False
2011-04-21,120886.4276195454,CASH,0.0,120886.4276195454,,False
2011-04-25,120886.4276195454,CASH,0.0,120886.4276195454,,False
2011-04-26,120886.4276195454,CASH,0.0,120886.4276195454,,False
2011-04-27,120886.4276195454,CASH,0.0,120886.4276195454,,False
2011-04-28,120886.4276195454,CASH,0.0,120886.4276195454,,False
2011-04-29,120886.4276195454,CASH,0.0,120886.4276195454,,False
2011-05-02,120886.42761954541,TQQQ,265668.02196295024,0.0,0.45502814650535583,False
2011-05-03,119071.2481409225,TQQQ,265668.02196295024,0.0,0.45502814650535583,False
2011-05-04,118374.22891218073,TQQQ,265668.02196295024,0.0,0.45502814650535583,False
2011-05-05,116598.70039394333,TQQQ,265668.02196295024,0.0,0.45502814650535583,False
2011-05-06,117611.32004838937,TQQQ,265668.02196295024,0.0,0.45502814650535583,False
2011-05-09,118887.11028435582,TQQQ,265668.02196295024,0.0,0.45502814650535583,False
2011-05-10,121938.72990447313,TQQQ,265668.02196295024,0.0,0.45502814650535583,False
2011-05-11,119308.0929550144,TQQQ,265668.02196295024,0.0,0.45502814650535583,False
2011-05-12,121412.45999914869,TQQQ,265668.02196295024,0.0,0.45502814650535583,False
2011-05-13,117111.57384859439,TQQQ,265668.02196295024,0.0,0.45502814650535583,False
2011-05-16,111021.77064665334,TQQQ,265668.02196295024,0.0,0.45502814650535583,False
2011-05-17,108797.78485759087,CASH,0.0,108797.78485759087,,False
2011-05-18,108797.78485759087,CASH,0.0,108797.78485759087,,False
2011-05-19,108797.78485759087,CASH,0.0,108797.78485759087,,False
2011-05-20,108797.78485759087,CASH,0.0,108797.78485759087,,False
2011-05-23,108797.78485759087,CASH,0.0,108797.78485759087,,False
2011-05-24,108797.78485759087,CASH,0.0,108797.78485759087,,False
2011-05-25,108797.78485759087,CASH,0.0,108797.78485759087,,False
2011-05-26,108797.78485759087,CASH,0.0,108797.78485759087,,False
2011-05-27,108797.78485759087,CASH,0.0,108797.78485759087,,False
2011-05-31,108797.78485759087,CASH,0.0,108797.78485759087,,False
2011-06-01,108797.78485759087,TECL,105271.73841122509,0.0,1.0334947109222412,False
2011-06-02,109180.36492536905,TECL,105271.73841122509,0.0,1.0334947109222412,False
2011-06-03,104350.2194107969,TECL,105271.73841122509,0.0,1.0334947109222412,False
2011-06-06,102246.0039392786,TECL,105271.73841122509,0.0,1.0334947109222412,False
2011-06-07,100954.74915039293,TECL,105271.73841122509,0.0,1.0334947109222412,False
2011-06-08,97918.00637183178,CASH,0.0,97918.00637183178,,False
2011-06-09,97918.00637183178,CASH,0.0,97918.00637183178,,False
2011-06-10,97918.00637183178,CASH,0.0,97918.00637183178,,False
2011-06-13,97918.00637183178,CASH,0.0,97918.00637183178,,False
2011-06-14,97918.00637183178,CASH,0.0,97918.00637183178,,False
2011-06-15,97918.00637183178,CASH,0.0,97918.00637183178,,False
2011-06-16,97918.00637183178,CASH,0.0,97918.00637183178,,False
2011-06-17,97918.00637183178,CASH,0.0,97918.00637183178,,False
2011-06-20,97918.00637183178,CASH,0.0,97918.00637183178,,False
2011-06-21,97918.00637183178,CASH,0.0,97918.00637183178,,False
2011-06-22,97918.00637183178,CASH,0.0,97918.00637183178,,False
2011-06-23,97918.00637183178,CASH,0.0,97918.00637183178,,False
2011-06-24,97918.00637183178,CASH,0.0,97918.00637183178,,False
2011-06-27,97918.00637183178,CASH,0.0,97918.00637183178,,False
2011-06-28,97918.00637183178,CASH,0.0,97918.00637183178,,False
2011-06-29,97918.00637183178,CASH,0.0,97918.00637183178,,False
2011-06-30,97918.00637183178,CASH,0.0,97918.00637183178,,False
2011-07-01,97918.00637183178,TECL,93633.33067290486,0.0,1.045760154724121,False
2011-07-05,98832.5283102383,TECL,93633.33067290486,0.0,1.045760154724121,False
2011-07-06,100236.21210760991,TECL,93633.33067290486,0.0,1.045760154724121,False
2011-07-07,104128.28808799495,TECL,93633.33067290486,0.0,1.045760154724121,False
2011-07-08,102682.05488832382,TECL,93633.33067290486,0.0,1.045760154724121,False
2011-07-11,97343.75687023046,TECL,93633.33067290486,0.0,1.045760154724121,False
2011-07-12,94281.15983346698,TECL,93633.33067290486,0.0,1.045760154724121,False
2011-07-13,95089.38639986447,TECL,93633.33067290486,0.0,1.045760154724121,False
2011-07-14,92345.78709875642,TECL,93633.33067290486,0.0,1.045760154724121,False
2011-07-15,96280.37899555251,TECL,93633.33067290486,0.0,1.045760154724121,False
2011-07-18,95302.04411565952,TECL,93633.33067290486,0.0,1.045760154724121,False
2011-07-19,103043.61318824161,TECL,93633.33067290486,0.0,1.045760154724121,False
2011-07-20,101448.51289033622,TECL,93633.33067290486,0.0,1.045760154724121,False
2011-07-21,102745.85666784746,TECL,93633.33067290486,0.0,1.045760154724121,False
2011-07-22,106829.30450091498,TECL,93633.33067290486,0.0,1.045760154724121,False
2011-07-25,106148.74846534178,TECL,93633.33067290486,0.0,1.045760154724121,False
2011-07-26,107382.29046332937,TECL,93633.33067290486,0.0,1.045760154724121,False
2011-07-27,97556.45923387683,TECL,93633.33067290486,0.0,1.045760154724121,False
2011-07-28,98173.21348992638,TECL,93633.33067290486,0.0,1.045760154724121,False
2011-07-29,95940.0953967845,TECL,93633.33067290486,0.0,1.045760154724121,False
2011-08-01,95450.90005193093,TECL,93633.33067290486,0.0,1.024636149406433,False
2011-08-02,88857.79649666304,TECL,93633.33067290486,0.0,1.024636149406433,False
2011-08-03,86346.08585710605,CASH,0.0,86346.08585710605,,False
2011-08-04,86346.08585710605,CASH,0.0,86346.08585710605,,False
2011-08-05,86346.08585710605,CASH,0.0,86346.08585710605,,False
2011-08-08,86346.08585710605,CASH,0.0,86346.08585710605,,False
2011-08-09,86346.08585710605,CASH,0.0,86346.08585710605,,False
2011-08-10,86346.08585710605,CASH,0.0,86346.08585710605,,False
2011-08-11,86346.08585710605,CASH,0.0,86346.08585710605,,False
2011-08-12,86346.08585710605,CASH,0.0,86346.08585710605,,False
2011-08-15,86346.08585710605,CASH,0.0,86346.08585710605,,False
2011-08-16,86346.08585710605,CASH,0.0,86346.08585710605,,False
2011-08-17,86346.08585710605,CASH,0.0,86346.08585710605,,False
2011-08-18,86346.08585710605,CASH,0.0,86346.08585710605,,False
2011-08-19,86346.08585710605,CASH,0.0,86346.08585710605,,False
2011-08-22,86346.08585710605,CASH,0.0,86346.08585710605,,False
2011-08-23,86346.08585710605,CASH,0.0,86346.08585710605,,False
2011-08-24,86346.08585710605,CASH,0.0,86346.08585710605,,False
2011-08-25,86346.08585710605,CASH,0.0,86346.08585710605,,False
2011-08-26,86346.08585710605,CASH,0.0,86346.08585710605,,False
2011-08-29,86346.08585710605,CASH,0.0,86346.08585710605,,False
2011-08-30,86346.08585710605,CASH,0.0,86346.08585710605,,False
2011-08-31,86346.08585710605,CASH,0.0,86346.08585710605,,False
2011-09-01,86346.08585710605,GLD,485.44492172621904,0.0,177.8699951171875,False
2011-09-02,88952.93012374097,GLD,485.44492172621904,0.0,177.8699951171875,False
2011-09-06,88787.8732208048,GLD,485.44492172621904,0.0,177.8699951171875,False
2011-09-07,85962.58762815506,GLD,485.44492172621904,0.0,177.8699951171875,False
2011-09-08,88258.74003387561,GLD,485.44492172621904,0.0,177.8699951171875,False
2011-09-09,87719.89587446745,GLD,485.44492172621904,0.0,177.8699951171875,False
2011-09-12,85763.55343249491,GLD,485.44492172621904,0.0,177.8699951171875,False
2011-09-13,86671.33306578641,GLD,485.44492172621904,0.0,177.8699951171875,False
2011-09-14,86025.697838316,GLD,485.44492172621904,0.0,177.8699951171875,False
2011-09-15,84661.59138613194,GLD,485.44492172621904,0.0,177.8699951171875,False
2011-09-16,85452.86897888221,GLD,485.44492172621904,0.0,177.8699951171875,False
2011-09-19,84132.45819920275,GLD,485.44492172621904,0.0,177.8699951171875,False
2011-09-20,85331.50774845065,GLD,485.44492172621904,0.0,177.8699951171875,False
2011-09-21,84268.38218470196,GLD,485.44492172621904,0.0,177.8699951171875,False
2011-09-22,82064.46549927766,GLD,485.44492172621904,0.0,177.8699951171875,False
2011-09-23,77711.47727139544,CASH,0.0,77711.47727139544,,False
2011-09-26,77711.47727139544,CASH,0.0,77711.47727139544,,False
2011-09-27,77711.47727139544,CASH,0.0,77711.47727139544,,False
2011-09-28,77711.47727139544,CASH,0.0,77711.47727139544,,False
2011-09-29,77711.47727139544,CASH,0.0,77711.47727139544,,False
2011-09-30,77711.47727139544,CASH,0.0,77711.47727139544,,False
2011-10-03,77711.47727139544,GLD,482.7999132078836,0.0,160.9600067138672,False
2011-10-04,76108.5780234131,GLD,482.7999132078836,0.0,160.9600067138672,False
2011-10-05,76987.27740158362,GLD,482.7999132078836,0.0,160.9600067138672,False
2011-10-06,77484.56072283238,GLD,482.7999132078836,0.0,160.9600067138672,False
2011-10-07,76852.08664829873,GLD,482.7999132078836,0.0,160.9600067138672,False
2011-10-10,78826.74389219492,GLD,482.7999132078836,0.0,160.9600067138672,False
2011-10-11,78261.86887777474,GLD,482.7999132078836,0.0,160.9600067138672,False
2011-10-12,78821.91117821995,GLD,482.7999132078836,0.0,160.9600067138672,False
2011-10-13,78358.42738702791,GLD,482.7999132078836,0.0,160.9600067138672,False
2011-10-14,78889.50287139136,GLD,482.7999132078836,0.0,160.9600067138672,False
2011-10-17,78512.91952844457,GLD,482.7999132078836,0.0,160.9600067138672,False
2011-10-18,78136.3361854978,GLD,482.7999132078836,0.0,160.9600067138672,False
2011-10-19,77185.21976712291,GLD,482.7999132078836,0.0,160.9600067138672,False
2011-10-20,76171.34436955156,GLD,482.7999132078836,0.0,160.9600067138672,False
2011-10-21,77016.24421766536,GLD,482.7999132078836,0.0,160.9600067138672,False
2011-10-24,77740.44408747718,GLD,482.7999132078836,0.0,160.9600067138672,False
2011-10-25,79946.83586002736,GLD,482.7999132078836,0.0,160.9600067138672,False
2011-10-26,80820.7025242229,GLD,482.7999132078836,0.0,160.9600067138672,False
2011-10-27,81858.72675778507,GLD,482.7999132078836,0.0,160.9600067138672,False
2011-10-28,81892.51892089976,GLD,482.7999132078836,0.0,160.9600067138672,False
2011-10-31,80791.73570814116,GLD,482.7999132078836,0.0,160.9600067138672,False
2011-11-01,80811.05183015701,IEF,1060.295992232261,0.0,76.21555907235299,False
2011-11-02,80617.74382512142,IEF,1060.295992232261,0.0,76.21555907235299,False
2011-11-03,80239.06639137657,IEF,1060.295992232261,0.0,76.21555907235299,False
2011-11-04,80478.67595926097,IEF,1060.295992232261,0.0,76.21555907235299,False
2011-11-07,80571.46673886971,IEF,1060.295992232261,0.0,76.21555907235299,False
2011-11-08,80208.08717831278,IEF,1060.295992232261,0.0,76.21555907235299,False
2011-11-09,80919.26286593915,IEF,1060.295992232261,0.0,76.21555907235299,False
2011-11-10,80525.02647530398,IEF,1060.295992232261,0.0,76.21555907235299,False
2011-11-11,80153.95310439175,IEF,1060.295992232261,0.0,76.21555907235299,False
2011-11-14,80656.43316627192,IEF,1060.295992232261,0.0,76.21555907235299,False
2011-11-15,80548.23028935543,IEF,1060.295992232261,0.0,76.21555907235299,False
2011-11-16,80842.02288435506,IEF,1060.295992232261,0.0,76.21555907235299,False
2011-11-17,81004.26192880418,IEF,1060.295992232261,0.0,76.21555907235299,False
2011-11-18,80702.8244766434,IEF,1060.295992232261,0.0,76.21555907235299,False
2011-11-21,80926.98931175728,IEF,1060.295992232261,0.0,76.21555907235299,False
2011-11-22,81174.37427865401,IEF,1060.295992232261,0.0,76.21555907235299,False
2011-11-23,81452.69766428601,IEF,1060.295992232261,0.0,76.21555907235299,False
2011-11-25,80934.7320753068,IEF,1060.295992232261,0.0,76.21555907235299,False
2011-11-28,80942.46667999063,IEF,1060.295992232261,0.0,76.21555907235299,False
2011-11-29,80787.88881043404,IEF,1060.295992232261,0.0,76.21555907235299,False
2011-11-30,80316.39612048336,IEF,1060.295992232261,0.0,76.21555907235299,False
2011-12-01,80293.08624117779,IEF,1060.295992232261,0.0,75.7490330142546,False
2011-12-02,80649.326794247,IEF,1060.295992232261,0.0,75.7490330142546,False
2011-12-05,80602.8375774871,IEF,1060.295992232261,0.0,75.7490330142546,False
2011-12-06,80393.79112051574,IEF,1060.295992232261,0.0,75.7490330142546,False
2011-12-07,80757.79075486588,IEF,1060.295992232261,0.0,75.7490330142546,False
2011-12-08,81168.26328824455,IEF,1060.295992232261,0.0,75.7490330142546,False
2011-12-09,80610.7353594849,IEF,1060.295992232261,0.0,75.7490330142546,False
2011-12-12,80889.46668840192,IEF,1060.295992232261,0.0,75.7490330142546,False
2011-12-13,81261.26619836147,IEF,1060.295992232261,0.0,75.7490330142546,False
2011-12-14,81602.04570092875,IEF,1060.295992232261,0.0,75.7490330142546,False
2011-12-15,81532.29555805746,IEF,1060.295992232261,0.0,75.7490330142546,False
2011-12-16,81927.34783526266,IEF,1060.295992232261,0.0,75.7490330142546,False
2011-12-19,82206.15259397097,IEF,1060.295992232261,0.0,75.7490330142546,False
2011-12-20,81462.61884497746,IEF,1060.295992232261,0.0,75.7490330142546,False
2011-12-21,81199.30777223391,IEF,1060.295992232261,0.0,75.7490330142546,False
2011-12-22,81299.95553951197,IEF,1060.295992232261,0.0,75.7490330142546,False
2011-12-23,80966.8861650314,IEF,1060.295992232261,0.0,75.7490330142546,False
2011-12-27,81012.70635480392,IEF,1060.295992232261,0.0,75.7490330142546,False
2011-12-28,81524.78940161326,IEF,1060.295992232261,0.0,75.7490330142546,False
2011-12-29,81625.6737759966,IEF,1060.295992232261,0.0,75.7490330142546,False
2011-12-30,81912.75978339065,IEF,1060.295992232261,0.0,75.7490330142546,False
2012-01-03,81392.87686097191,GLD,522.0169177579107,0.0,155.9199981689453,False
2012-01-04,81805.27468659445,GLD,522.0169177579107,0.0,155.9199981689453,False
2012-01-05,82363.82864661547,GLD,522.0169177579107,0.0,155.9199981689453,False
2012-01-06,82061.05787847436,GLD,522.0169177579107,0.0,155.9199981689453,False
2012-01-09,81695.64762911302,GLD,522.0169177579107,0.0,155.9199981689453,False
2012-01-10,82812.76351450112,GLD,522.0169177579107,0.0,155.9199981689453,False
2012-01-11,83350.44030256408,GLD,522.0169177579107,0.0,155.9199981689453,False
2012-01-12,83721.07581892445,GLD,522.0169177579107,0.0,155.9199981689453,False
2012-01-13,83136.4114546003,GLD,522.0169177579107,0.0,155.9199981689453,False
2012-01-17,83783.71530014467,GLD,522.0169177579107,0.0,155.9199981689453,False
2012-01-18,84357.93709581679,GLD,522.0169177579107,0.0,155.9199981689453,False
2012-01-19,84159.56811815804,GLD,522.0169177579107,0.0,155.9199981689453,False
2012-01-20,84603.28568439069,GLD,522.0169177579107,0.0,155.9199981689453,False
2012-01-23,85172.28221306377,GLD,522.0169177579107,0.0,155.9199981689453,False
2012-01-24,84571.95797843454,GLD,522.0169177579107,0.0,155.9199981689453,False
2012-01-25,86874.05449742998,GLD,522.0169177579107,0.0,155.9199981689453,False
2012-01-26,87317.77206366262,GLD,522.0169177579107,0.0,155.9199981689453,False
2012-01-27,88205.19923078186,GLD,522.0169177579107,0.0,155.9199981689453,False
2012-01-30,87714.50205363406,GLD,522.0169177579107,0.0,155.9199981689453,False
2012-01-31,88382.6830711365,GLD,522.0169177579107,0.0,155.9199981689453,False
2012-02-01,88513.18730057598,TECL,81728.76870703312,0.0,1.0830113887786865,False
2012-02-02,88958.72684575114,TECL,81728.76870703312,0.0,1.0830113887786865,False
2012-02-03,92634.41347920345,TECL,81728.76870703312,0.0,1.0830113887786865,False
2012-02-06,92745.7740084261,TECL,81728.76870703312,0.0,1.0830113887786865,False
2012-02-07,93822.48320929952,TECL,81728.76870703312,0.0,1.0830113887786865,False
2012-02-08,95938.8009202957,TECL,81728.76870703312,0.0,1.0830113887786865,False
2012-02-09,98630.55930823657,TECL,81728.76870703312,0.0,1.0830113887786865,False
2012-02-10,96087.31085441128,TECL,81728.76870703312,0.0,1.0830113887786865,False
2012-02-13,98129.32975562164,TECL,81728.76870703312,0.0,1.0830113887786865,False
2012-02-14,98834.78847827727,TECL,81728.76870703312,0.0,1.0830113887786865,False
2012-02-15,96959.80062807244,TECL,81728.76870703312,0.0,1.0830113887786865,False
2012-02-16,101897.83631574974,TECL,81728.76870703312,0.0,1.0830113887786865,False
2012-02-17,101229.51725515856,TECL,81728.76870703312,0.0,1.0830113887786865,False
2012-02-21,102399.07561119311,TECL,81728.76870703312,0.0,1.0830113887786865,False
2012-02-22,100672.59769510385,TECL,81728.76870703312,0.0,1.0830113887786865,False
2012-02-23,102083.48591192976,TECL,81728.76870703312,0.0,1.0830113887786865,False
2012-02-24,103550.04465053855,TECL,81728.76870703312,0.0,1.0830113887786865,False
2012-02-27,103976.99487902455,TECL,81728.76870703312,0.0,1.0830113887786865,False
2012-02-28,106538.83264953899,TECL,81728.76870703312,0.0,1.0830113887786865,False
2012-02-29,105035.1634773511,TECL,81728.76870703312,0.0,1.0830113887786865,False
2012-03-01,106891.56201086681,TECL,81728.76870703312,0.0,1.2851675748825073,False
2012-03-02,106427.46237748789,TECL,81728.76870703312,0.0,1.2851675748825073,False
2012-03-05,102788.91540610003,TECL,81728.76870703312,0.0,1.2851675748825073,False
2012-03-06,99317.42871420307,TECL,81728.76870703312,0.0,1.2851675748825073,False
2012-03-07,101805.0066462455,TECL,81728.76870703312,0.0,1.2851675748825073,False
2012-03-08,105072.28365375866,TECL,81728.76870703312,0.0,1.2851675748825073,False
2012-03-09,106446.0322085201,TECL,81728.76870703312,0.0,1.2851675748825073,False
2012-03-12,106984.37219471413,TECL,81728.76870703312,0.0,1.2851675748825073,False
2012-03-13,113556.05612897646,TECL,81728.76870703312,0.0,1.2851675748825073,False
2012-03-14,115542.38502274705,TECL,81728.76870703312,0.0,1.2851675748825073,False
2012-03-15,116749.03432670381,TECL,81728.76870703312,0.0,1.2851675748825073,False
2012-03-16,116730.48398132848,TECL,81728.76870703312,0.0,1.2851675748825073,False
2012-03-19,119366.5426190011,TECL,81728.76870703312,0.0,1.2851675748825073,False
2012-03-20,119329.45167107892,TECL,81728.76870703312,0.0,1.2851675748825073,False
2012-03-21,119106.67215566289,TECL,81728.76870703312,0.0,1.2851675748825073,False
2012-03-22,117900.00336604923,TECL,81728.76870703312,0.0,1.2851675748825073,False
2012-03-23,117844.3231014379,TECL,81728.76870703312,0.0,1.2851675748825073,False
2012-03-26,123599.14881250812,TECL,81728.76870703312,0.0,1.2851675748825073,False
2012-03-27,124193.21777745575,TECL,81728.76870703312,0.0,1.2851675748825073,False
2012-03-28,123153.61901016143,TECL,81728.76870703312,0.0,1.2851675748825073,False
2012-03-29,122522.45909729162,TECL,81728.76870703312,0.0,1.2851675748825073,False
2012-03-30,121594.24034487686,TECL,81728.76870703312,0.0,1.2851675748825073,False
2012-04-02,125288.50655218985,TQQQ,205261.8246908713,0.0,0.6103838682174683,False
2012-04-03,125298.84475382377,TQQQ,205261.8246908713,0.0,0.6103838682174683,False
2012-04-04,120187.30753294502,TQQQ,205261.8246908713,0.0,0.6103838682174683,False
2012-04-05,122382.29737547696,TQQQ,205261.8246908713,0.0,0.6103838682174683,False
2012-04-09,119567.4191753288,TQQQ,205261.8246908713,0.0,0.6103838682174683,False
2012-04-10,112759.65589697087,CASH,0.0,112759.65589697087,,False
2012-04-11,112759.65589697087,CASH,0.0,112759.65589697087,,False
2012-04-12,112759.65589697087,CASH,0.0,112759.65589697087,,False
2012-04-13,112759.65589697087,CASH,0.0,112759.65589697087,,False
2012-04-16,112759.65589697087,CASH,0.0,112759.65589697087,,False
2012-04-17,112759.65589697087,CASH,0.0,112759.65589697087,,False
2012-04-18,112759.65589697087,CASH,0.0,112759.65589697087,,False
2012-04-19,112759.65589697087,CASH,0.0,112759.65589697087,,False
2012-04-20,112759.65589697087,CASH,0.0,112759.65589697087,,False
2012-04-23,112759.65589697087,CASH,0.0,112759.65589697087,,False
2012-04-24,112759.65589697087,CASH,0.0,112759.65589697087,,False
2012-04-25,112759.65589697087,CASH,0.0,112759.65589697087,,False
2012-04-26,112759.65589697087,CASH,0.0,112759.65589697087,,False
2012-04-27,112759.65589697087,CASH,0.0,112759.65589697087,,False
2012-04-30,112759.65589697087,CASH,0.0,112759.65589697087,,False
2012-05-01,112759.65589697087,TQQQ,197811.59052466208,0.0,0.5700356364250183,False
2012-05-02,113503.87159961884,TQQQ,197811.59052466208,0.0,0.5700356364250183,False
2012-05-03,109978.29119419913,TQQQ,197811.59052466208,0.0,0.5700356364250183,False
2012-05-04,101908.57356903222,TQQQ,197811.59052466208,0.0,0.5700356364250183,False
2012-05-07,99969.63284720642,CASH,0.0,99969.63284720642,,False
2012-05-08,99969.63284720642,CASH,0.0,99969.63284720642,,False
2012-05-09,99969.63284720642,CASH,0.0,99969.63284720642,,False
2012-05-10,99969.63284720642,CASH,0.0,99969.63284720642,,False
2012-05-11,99969.63284720642,CASH,0.0,99969.63284720642,,False
2012-05-14,99969.63284720642,CASH,0.0,99969.63284720642,,False
2012-05-15,99969.63284720642,CASH,0.0,99969.63284720642,,False
2012-05-16,99969.63284720642,CASH,0.0,99969.63284720642,,False
2012-05-17,99969.63284720642,CASH,0.0,99969.63284720642,,False
2012-05-18,99969.63284720642,CASH,0.0,99969.63284720642,,False
2012-05-21,99969.63284720642,CASH,0.0,99969.63284720642,,False
2012-05-22,99969.63284720642,CASH,0.0,99969.63284720642,,False
2012-05-23,99969.63284720642,CASH,0.0,99969.63284720642,,False
2012-05-24,99969.63284720642,CASH,0.0,99969.63284720642,,False
2012-05-25,99969.63284720642,CASH,0.0,99969.63284720642,,False
2012-05-29,99969.63284720642,CASH,0.0,99969.63284720642,,False
2012-05-30,99969.63284720642,CASH,0.0,99969.63284720642,,False
2012-05-31,99969.63284720642,CASH,0.0,99969.63284720642,,False
2012-06-01,99969.63284720642,TECL,103484.6165058422,0.0,0.9660337567329407,False
2012-06-04,100604.25054860694,TECL,103484.6165058422,0.0,0.9660337567329407,False
2012-06-05,102931.33221239483,TECL,103484.6165058422,0.0,0.9660337567329407,False
2012-06-06,110805.72115478283,TECL,103484.6165058422,0.0,0.9660337567329407,False
2012-06-07,109089.78732911157,TECL,103484.6165058422,0.0,0.9660337567329407,False
2012-06-08,112357.10070642302,TECL,103484.6165058422,0.0,0.9660337567329407,False
2012-06-11,106245.60998892933,TECL,103484.6165058422,0.0,0.9660337567329407,False
2012-06-12,109888.99631352603,TECL,103484.6165058422,0.0,0.9660337567329407,False
2012-06-13,107702.9743878301,TECL,103484.6165058422,0.0,0.9660337567329407,False
2012-06-14,108055.5466310124,TECL,103484.6165058422,0.0,0.9660337567329407,False
2012-06-15,112427.57814607663,TECL,103484.6165058422,0.0,0.9660337567329407,False
2012-06-18,114613.61240810018,TECL,103484.6165058422,0.0,0.9660337567329407,False
2012-06-19,117716.38384770814,TECL,103484.6165058422,0.0,0.9660337567329407,False
2012-06-20,118586.08260810384,TECL,103484.6165058422,0.0,0.9660337567329407,False
2012-06-21,109136.82574630031,TECL,103484.6165058422,0.0,0.9660337567329407,False
2012-06-22,112662.67154139942,TECL,103484.6165058422,0.0,0.9660337567329407,False
2012-06-25,105023.3019763685,TECL,103484.6165058422,0.0,0.9660337567329407,False
2012-06-26,105940.07616293577,TECL,103484.6165058422,0.0,0.9660337567329407,False
2012-06-27,108220.08856871587,TECL,103484.6165058422,0.0,0.9660337567329407,False
2012-06-28,104811.75863045912,TECL,103484.6165058422,0.0,0.9660337567329407,False
2012-06-29,113673.38686274042,TECL,103484.6165058422,0.0,0.9660337567329407,False
2012-07-02,115201.25337395002,TECL,103484.6165058422,0.0,1.098456859588623,False
2012-07-03,117739.89688813871,TECL,103484.6165058422,0.0,1.098456859588623,False
2012-07-05,118115.95749909634,TECL,103484.6165058422,0.0,1.098456859588623,False
2012-07-06,112662.67154139942,TECL,103484.6165058422,0.0,1.098456859588623,False
2012-07-09,112004.49145425788,TECL,103484.6165058422,0.0,1.098456859588623,False
2012-07-10,108478.64565915876,TECL,103484.6165058422,0.0,1.098456859588623,False
2012-07-11,106833.26329110679,TECL,103484.6165058422,0.0,1.098456859588623,False
2012-07-12,102306.04817646639,CASH,0.0,102306.04817646639,,False
2012-07-13,102306.04817646639,CASH,0.0,102306.04817646639,,False
2012-07-16,102306.04817646639,CASH,0.0,102306.04817646639,,False
2012-07-17,102306.04817646639,CASH,0.0,102306.04817646639,,False
2012-07-18,102306.04817646639,CASH,0.0,102306.04817646639,,False
2012-07-19,102306.04817646639,CASH,0.0,102306.04817646639,,False
2012-07-20,102306.04817646639,CASH,0.0,102306.04817646639,,False
2012-07-23,102306.04817646639,CASH,0.0,102306.04817646639,,False
2012-07-24,102306.04817646639,CASH,0.0,102306.04817646639,,False
2012-07-25,102306.04817646639,CASH,0.0,102306.04817646639,,False
2012-07-26,102306.04817646639,CASH,0.0,102306.04817646639,,False
2012-07-27,102306.04817646639,CASH,0.0,102306.04817646639,,False
2012-07-30,102306.04817646639,CASH,0.0,102306.04817646639,,False
2012-07-31,102306.04817646639,CASH,0.0,102306.04817646639,,False
2012-08-01,102306.04817646639,TECL,89901.45723694285,0.0,1.1379798650741577,False
2012-08-02,100570.30846683931,TECL,89901.45723694285,0.0,1.1379798650741577,False
2012-08-03,106083.81127787309,TECL,89901.45723694285,0.0,1.1379798650741577,False
2012-08-06,108187.08283241217,TECL,89901.45723694285,0.0,1.1379798650741577,False
2012-08-07,110351.66685224377,TECL,89901.45723694285,0.0,1.1379798650741577,False
2012-08-08,110719.23084842233,TECL,89901.45723694285,0.0,1.1379798650741577,False
2012-08-09,111883.17099971745,TECL,89901.45723694285,0.0,1.1379798650741577,False
2012-08-10,112495.79194946685,TECL,89901.45723694285,0.0,1.1379798650741577,False
2012-08-13,113455.55012405281,TECL,89901.45723694285,0.0,1.1379798650741577,False
2012-08-14,112679.57930610055,TECL,89901.45723694285,0.0,1.1379798650741577,False
2012-08-15,113006.28975959512,TECL,89901.45723694285,0.0,1.1379798650741577,False
2012-08-16,117539.62905887864,TECL,89901.45723694285,0.0,1.1379798650741577,False
2012-08-17,119459.12397387286,TECL,89901.45723694285,0.0,1.1379798650741577,False
2012-08-20,119867.5415127354,TECL,89901.45723694285,0.0,1.1379798650741577,False
2012-08-21,117478.3594619415,TECL,89901.45723694285,0.0,1.1379798650741577,False
2012-08-22,118172.64462870348,TECL,89901.45723694285,0.0,1.1379798650741577,False
2012-08-23,115252.52727935046,TECL,89901.45723694285,0.0,1.1379798650741577,False
2012-08-24,117192.47039986437,TECL,89901.45723694285,0.0,1.1379798650741577,False
2012-08-27,117478.3594619415,TECL,89901.45723694285,0.0,1.1379798650741577,False
2012-08-28,116886.19743480063,TECL,89901.45723694285,0.0,1.1379798650741577,False
2012-08-29,117764.26995819632,TECL,89901.45723694285,0.0,1.1379798650741577,False
2012-08-30,113700.58564344594,TECL,89901.45723694285,0.0,1.1379798650741577,False
2012-08-31,116028.50881439156,TECL,89901.45723694285,0.0,1.1379798650741577,False
2012-09-04,116253.12827953156,TQQQ,198593.50013037352,0.0,0.585382342338562,False
2012-09-05,115722.30559000748,TQQQ,198593.50013037352,0.0,0.585382342338562,False
2012-09-06,123371.57844351602,TQQQ,198593.50013037352,0.0,0.585382342338562,False
2012-09-07,122840.57819756649,TQQQ,198593.50013037352,0.0,0.585382342338562,False
2012-09-10,118317.93195108481,TQQQ,198593.50013037352,0.0,0.585382342338562,False
2012-09-11,117806.71149093036,TQQQ,198593.50013037352,0.0,0.585382342338562,False
2012-09-12,118829.14057414423,TQQQ,198593.50013037352,0.0,0.585382342338562,False
2012-09-13,123568.12156939368,TQQQ,198593.50013037352,0.0,0.585382342338562,False
2012-09-14,126734.035494825,TQQQ,198593.50013037352,0.0,0.585382342338562,False
2012-09-17,126969.99614715247,TQQQ,198593.50013037352,0.0,0.585382342338562,False
2012-09-18,127205.98047367,TQQQ,198593.50013037352,0.0,0.585382342338562,False
2012-09-19,128051.48049747088,TQQQ,198593.50013037352,0.0,0.585382342338562,False
2012-09-20,127756.6302973693,TQQQ,198593.50013037352,0.0,0.585382342338562,False
2012-09-21,127756.6302973693,TQQQ,198593.50013037352,0.0,0.585382342338562,False
2012-09-24,125396.95275152441,TQQQ,198593.50013037352,0.0,0.585382342338562,False
2012-09-25,120362.92032555788,TQQQ,198593.50013037352,0.0,0.585382342338562,False
2012-09-26,117196.98272593648,TQQQ,198593.50013037352,0.0,0.585382342338562,False
2012-09-27,122172.11376703388,TQQQ,198593.50013037352,0.0,0.585382342338562,False
2012-09-28,119242.17233102505,TQQQ,198593.50013037352,0.0,0.585382342338562,False
2012-10-01,118730.78615154019,TECL,88806.79992840959,0.0,1.3369560241699219,False
2012-10-02,119275.38179862696,TECL,88806.79992840959,0.0,1.3369560241699219,False
2012-10-03,121272.40541900537,TECL,88806.79992840959,0.0,1.3369560241699219,False
2012-10-04,122139.77577710705,TECL,88806.79992840959,0.0,1.3369560241699219,False
2012-10-05,120082.2603498888,TECL,88806.79992840959,0.0,1.3369560241699219,False
2012-10-08,116572.38046895208,TECL,88806.79992840959,0.0,1.3369560241699219,False
2012-10-09,111932.87908552517,TECL,88806.79992840959,0.0,1.3369560241699219,False
2012-10-10,110682.26338275983,TECL,88806.79992840959,0.0,1.3369560241699219,False
2012-10-11,109532.47441579122,TECL,88806.79992840959,0.0,1.3369560241699219,False
2012-10-12,109129.019260267,TECL,88806.79992840959,0.0,1.3369560241699219,False
2012-10-15,110641.89669401637,TECL,88806.79992840959,0.0,1.3369560241699219,False
2012-10-16,115120.01601523357,TECL,88806.79992840959,0.0,1.3369560241699219,False
2012-10-17,113385.24353924366,TECL,88806.79992840959,0.0,1.3369560241699219,False
2012-10-18,109391.23864486892,TECL,88806.79992840959,0.0,1.3369560241699219,False
2012-10-19,106857.70753638617,CASH,0.0,106857.70753638617,,False
2012-10-22,106857.70753638617,CASH,0.0,106857.70753638617,,False
2012-10-23,106857.70753638617,CASH,0.0,106857.70753638617,,False
2012-10-24,106857.70753638617,CASH,0.0,106857.70753638617,,False
2012-10-25,106857.70753638617,CASH,0.0,106857.70753638617,,False
2012-10-26,106857.70753638617,CASH,0.0,106857.70753638617,,False
2012-10-31,106857.70753638617,CASH,0.0,106857.70753638617,,False
2012-11-01,106857.70753638617,GLD,643.4497671079624,0.0,166.07000732421875,False
2012-11-02,104624.9360590604,GLD,643.4497671079624,0.0,166.07000732421875,False
2012-11-05,105030.30273591871,GLD,643.4497671079624,0.0,166.07000732421875,False
2012-11-06,107005.69823370701,GLD,643.4497671079624,0.0,166.07000732421875,False
2012-11-07,107127.95526037981,GLD,643.4497671079624,0.0,166.07000732421875,False
2012-11-08,108093.12991104175,GLD,643.4497671079624,0.0,166.07000732421875,False
2012-11-09,107983.74462882511,GLD,643.4497671079624,0.0,166.07000732421875,False
2012-11-12,107745.66153857546,GLD,643.4497671079624,0.0,166.07000732421875,False
2012-11-13,107520.46001104623,GLD,643.4497671079624,0.0,166.07000732421875,False
2012-11-14,107546.19368169428,GLD,643.4497671079624,0.0,166.07000732421875,False
2012-11-15,106870.56946257806,GLD,643.4497671079624,0.0,166.07000732421875,False
2012-11-16,106735.45050971338,GLD,643.4497671079624,0.0,166.07000732421875,False
2012-11-19,108015.90926256908,GLD,643.4497671079624,0.0,166.07000732421875,False
2012-11-20,107707.05612347127,GLD,643.4497671079624,0.0,166.07000732421875,False
2012-11-21,107816.4414056879,GLD,643.4497671079624,0.0,166.07000732421875,False
2012-11-23,109135.51539191208,GLD,643.4497671079624,0.0,166.07000732421875,False
2012-11-26,109019.68932833523,GLD,643.4497671079624,0.0,166.07000732421875,False
2012-11-27,108556.41452882062,GLD,643.4497671079624,0.0,166.07000732421875,False
2012-11-28,107166.560675484,GLD,643.4497671079624,0.0,166.07000732421875,False
2012-11-29,107571.9273523423,GLD,643.4497671079624,0.0,166.07000732421875,False
2012-11-30,106844.83579193002,GLD,643.4497671079624,0.0,166.07000732421875,False
2012-12-03,106896.31295149038,TECL,96220.64456778414,0.0,1.1109498739242554,False
2012-12-04,106153.2149026032,TECL,96220.64456778414,0.0,1.1109498739242554,False
2012-12-05,103005.97948096185,TECL,96220.64456778414,0.0,1.1109498739242554,False
2012-12-06,104973.00305328703,TECL,96220.64456778414,0.0,1.1109498739242554,False
2012-12-07,103377.55144619479,TECL,96220.64456778414,0.0,1.1109498739242554,False
2012-12-10,104251.7790470528,TECL,96220.64456778414,0.0,1.1109498739242554,False
2012-12-11,108448.02794367142,TECL,96220.64456778414,0.0,1.1109498739242554,False
2012-12-12,107726.81540783186,TECL,96220.64456778414,0.0,1.1109498739242554,False
2012-12-13,105519.40677421796,TECL,96220.64456778414,0.0,1.1109498739242554,False
2012-12-14,102415.83914511972,TECL,96220.64456778414,0.0,1.1109498739242554,False
2012-12-17,106153.2149026032,TECL,96220.64456778414,0.0,1.1109498739242554,False
2012-12-18,110699.1846625912,TECL,96220.64456778414,0.0,1.1109498739242554,False
2012-12-19,109169.27489069501,TECL,96220.64456778414,0.0,1.1109498739242554,False
2012-12-20,109737.5411838842,TECL,96220.64456778414,0.0,1.1109498739242554,False
2012-12-21,106961.84331629175,TECL,96220.64456778414,0.0,1.1109498739242554,False
2012-12-24,105759.84918748008,TECL,96220.64456778414,0.0,1.1109498739242554,False
2012-12-26,104142.47765615619,TECL,96220.64456778414,0.0,1.1109498739242554,False
2012-12-27,103727.1920168014,TECL,96220.64456778414,0.0,1.1109498739242554,False
2012-12-28,100361.45704691895,TECL,96220.64456778414,0.0,1.1109498739242554,False
2012-12-31,106502.91282518322,TECL,96220.64456778414,0.0,1.1109498739242554,False
2013-01-02,116053.85165863582,TECL,96220.64456778414,0.0,1.1068613529205322,False
2013-01-03,113911.98486021797,TECL,96220.64456778414,0.0,1.1068613529205322,False
2013-01-04,112469.53684774949,TECL,96220.64456778414,0.0,1.1068613529205322,False
2013-01-07,112185.39223076022,TECL,96220.64456778414,0.0,1.1068613529205322,False
2013-01-08,110699.1846625912,TECL,96220.64456778414,0.0,1.1068613529205322,False
2013-01-09,111114.43589076195,TECL,96220.64456778414,0.0,1.1068613529205322,False
2013-01-10,112884.78807592024,TECL,96220.64456778414,0.0,1.1068613529205322,False
2013-01-11,113540.45877656374,TECL,96220.64456778414,0.0,1.1068613529205322,False
2013-01-14,111070.75662782414,TECL,96220.64456778414,0.0,1.1068613529205322,False
2013-01-15,108907.0501979374,TECL,96220.64456778414,0.0,1.1068613529205322,False
2013-01-16,110415.09739757531,TECL,96220.64456778414,0.0,1.1068613529205322,False
2013-01-17,111595.28630610213,TECL,96220.64456778414,0.0,1.1068613529205322,False
2013-01-18,111048.8825851712,TECL,96220.64456778414,0.0,1.1068613529205322,False
2013-01-22,111835.68283778553,TECL,96220.64456778414,0.0,1.1068613529205322,False
2013-01-23,115485.59683584131,TECL,96220.64456778414,0.0,1.1068613529205322,False
2013-01-24,109497.15612259548,TECL,96220.64456778414,0.0,1.1068613529205322,False
2013-01-25,110087.22763606953,TECL,96220.64456778414,0.0,1.1068613529205322,False
2013-01-28,110742.90980710772,TECL,96220.64456778414,0.0,1.1068613529205322,False
2013-01-29,111201.87470940029,TECL,96220.64456778414,0.0,1.1068613529205322,False
2013-01-30,110568.07805140973,TECL,96220.64456778414,0.0,1.1068613529205322,False
2013-01-31,110742.90980710772,TECL,96220.64456778414,0.0,1.1068613529205322,False
2013-02-01,114742.49878695414,TECL,96220.64456778414,0.0,1.1509267091751099,False
2013-02-04,109999.84616940457,TECL,96220.64456778414,0.0,1.1509267091751099,False
2013-02-05,114196.10653641788,TECL,96220.64456778414,0.0,1.1509267091751099,False
2013-02-06,113780.85530824713,TECL,96220.64456778414,0.0,1.1509267091751099,False
2013-02-07,113824.59192315832,TECL,96220.64456778414,0.0,1.1509267091751099,False
2013-02-08,116687.69419820509,TECL,96220.64456778414,0.0,1.1509267091751099,False
2013-02-11,117059.19734106996,TECL,96220.64456778414,0.0,1.1509267091751099,False
2013-02-12,116119.40496422655,TECL,96220.64456778414,0.0,1.1509267091751099,False
2013-02-13,116010.1265141193,TECL,96220.64456778414,0.0,1.1509267091751099,False
2013-02-14,115201.46368924671,TECL,96220.64456778414,0.0,1.1509267091751099,False
2013-02-15,114895.51385197257,TECL,96220.64456778414,0.0,1.1509267091751099,False
2013-02-19,117102.92248558647,TECL,96220.64456778414,0.0,1.1509267091751099,False
2013-02-20,112272.81957900389,TECL,96220.64456778414,0.0,1.1509267091751099,False
2013-02-21,109628.28567456632,TECL,96220.64456778414,0.0,1.1509267091751099,False
2013-02-22,113606.01208215447,TECL,96220.64456778414,0.0,1.1509267091751099,False
2013-02-25,108732.17256066069,TECL,96220.64456778414,0.0,1.1509267091751099,False
2013-02-26,110742.90980710772,TECL,96220.64456778414,0.0,1.1509267091751099,False
2013-02-27,113584.14950989622,TECL,96220.64456778414,0.0,1.1509267091751099,False
2013-02-28,112775.48668502363,TECL,96220.64456778414,0.0,1.1509267091751099,False
2013-03-01,113256.32562996914,SHY,1660.5381709985295,0.0,68.20459029970075,False
2013-03-04,113242.85748670984,SHY,1660.5381709985295,0.0,68.20459029970075,False
2013-03-05,113229.52990282039,SHY,1660.5381709985295,0.0,68.20459029970075,False
2013-03-06,113216.04898143654,SHY,1660.5381709985295,0.0,68.20459029970075,False
2013-03-07,113189.25325428779,SHY,1660.5381709985295,0.0,68.20459029970075,False
2013-03-08,113202.72139754708,SHY,1660.5381709985295,0.0,68.20459029970075,False
2013-03-11,113189.25325428779,SHY,1660.5381709985295,0.0,68.20459029970075,False
2013-03-12,113216.04898143654,SHY,1660.5381709985295,0.0,68.20459029970075,False
2013-03-13,113189.25325428779,SHY,1660.5381709985295,0.0,68.20459029970075,False
2013-03-14,113189.25325428779,SHY,1660.5381709985295,0.0,68.20459029970075,False
2013-03-15,113229.52990282039,SHY,1660.5381709985295,0.0,68.20459029970075,False
2013-03-18,113256.32562996914,SHY,1660.5381709985295,0.0,68.20459029970075,False
2013-03-19,113242.85748670984,SHY,1660.5381709985295,0.0,68.20459029970075,False
2013-03-20,113229.52990282039,SHY,1660.5381709985295,0.0,68.20459029970075,False
2013-03-21,113242.85748670984,SHY,1660.5381709985295,0.0,68.20459029970075,False
2013-03-22,113216.04898143654,SHY,1660.5381709985295,0.0,68.20459029970075,False
2013-03-25,113216.04898143654,SHY,1660.5381709985295,0.0,68.20459029970075,False
2013-03-26,113229.52990282039,SHY,1660.5381709985295,0.0,68.20459029970075,False
2013-03-27,113256.32562996914,SHY,1660.5381709985295,0.0,68.20459029970075,False
2013-03-28,113269.76821697936,SHY,1660.5381709985295,0.0,68.20459029970075,False
2013-04-01,113280.41239471658,SHY,1660.5381709985295,0.0,68.21268561918512,False
2013-04-02,113280.41239471658,SHY,1660.5381709985295,0.0,68.21268561918512,False
2013-04-03,113267.04647645353,SHY,1660.5381709985295,0.0,68.21268561918512,False
2013-04-04,113307.29756873705,SHY,1660.5381709985295,0.0,68.21268561918512,False
2013-04-05,113307.29756873705,SHY,1660.5381709985295,0.0,68.21268561918512,False
2013-04-08,113280.41239471658,SHY,1660.5381709985295,0.0,68.21268561918512,False
2013-04-09,113280.41239471658,SHY,1660.5381709985295,0.0,68.21268561918512,False
2013-04-10,113280.41239471658,SHY,1660.5381709985295,0.0,68.21268561918512,False
2013-04-11,113280.41239471658,SHY,1660.5381709985295,0.0,68.21268561918512,False
2013-04-12,113293.86775985133,SHY,1660.5381709985295,0.0,68.21268561918512,False
2013-04-15,113307.29756873705,SHY,1660.5381709985295,0.0,68.21268561918512,False
2013-04-16,113307.29756873705,SHY,1660.5381709985295,0.0,68.21268561918512,False
2013-04-17,113307.29756873705,SHY,1660.5381709985295,0.0,68.21268561918512,False
2013-04-18,113307.29756873705,SHY,1660.5381709985295,0.0,68.21268561918512,False
2013-04-19,113307.29756873705,SHY,1660.5381709985295,0.0,68.21268561918512,False
2013-04-22,113320.74015574732,SHY,1660.5381709985295,0.0,68.21268561918512,False
2013-04-23,113307.29756873705,SHY,1660.5381709985295,0.0,68.21268561918512,False
2013-04-24,113320.74015574732,SHY,1660.5381709985295,0.0,68.21268561918512,False
2013-04-25,113307.29756873705,SHY,1660.5381709985295,0.0,68.21268561918512,False
2013-04-26,113334.09329588579,SHY,1660.5381709985295,0.0,68.21268561918512,False
2013-04-29,113360.85068866097,SHY,1660.5381709985295,0.0,68.21268561918512,False
2013-04-30,113347.40810165073,SHY,1660.5381709985295,0.0,68.21268561918512,False
2013-05-01,113370.24261019377,TQQQ,177900.61425431535,0.0,0.6372672915458679,False
2013-05-02,117474.56488013096,TQQQ,177900.61425431535,0.0,0.6372672915458679,False
2013-05-03,121578.72809452438,TQQQ,177900.61425431535,0.0,0.6372672915458679,False
2013-05-06,123146.5279857553,TQQQ,177900.61425431535,0.0,0.6372672915458679,False
2013-05-07,122847.0051894319,TQQQ,177900.61425431535,0.0,0.6372672915458679,False
2013-05-08,124767.17673232929,TQQQ,177900.61425431535,0.0,0.6372672915458679,False
2013-05-09,124326.6671020088,TQQQ,177900.61425431535,0.0,0.6372672915458679,False
2013-05-10,126440.46226018798,TQQQ,177900.61425431535,0.0,0.6372672915458679,False
2013-05-13,126933.76772733696,TQQQ,177900.61425431535,0.0,0.6372672915458679,False
2013-05-14,128800.9843778621,TQQQ,177900.61425431535,0.0,0.6372672915458679,False
2013-05-15,129752.23196292868,TQQQ,177900.61425431535,0.0,0.6372672915458679,False
2013-05-16,129276.53924632641,TQQQ,177900.61425431535,0.0,0.6372672915458679,False
2013-05-17,132922.89819094018,TQQQ,177900.61425431535,0.0,0.6372672915458679,False
2013-05-20,132323.95863532255,TQQQ,177900.61425431535,0.0,0.6372672915458679,False
2013-05-21,132817.23229136277,TQQQ,177900.61425431535,0.0,0.6372672915458679,False
2013-05-22,129576.00902413523,TQQQ,177900.61425431535,0.0,0.6372672915458679,False
2013-05-23,128166.86173596271,TQQQ,177900.61425431535,0.0,0.6372672915458679,False
2013-05-24,128096.34711155832,TQQQ,177900.61425431535,0.0,0.6372672915458679,False
2013-05-28,130738.59901205951,TQQQ,177900.61425431535,0.0,0.6372672915458679,False
2013-05-29,128765.66344344239,TQQQ,177900.61425431535,0.0,0.6372672915458679,False
2013-05-30,130861.88826588655,TQQQ,177900.61425431535,0.0,0.6372672915458679,False
2013-05-31,127127.5291907567,TQQQ,177900.61425431535,0.0,0.6372672915458679,False
2013-06-03,127867.38135445099,TECL,88484.94247637868,0.0,1.4450750350952148,False
2013-06-04,126279.58836947162,TECL,88484.94247637868,0.0,1.4450750350952148,False
2013-06-05,122601.56924492573,TECL,88484.94247637868,0.0,1.4450750350952148,False
2013-06-06,123907.97772302388,TECL,88484.94247637868,0.0,1.4450750350952148,False
2013-06-07,126942.85034308776,TECL,88484.94247637868,0.0,1.4450750350952148,False
2013-06-10,127525.72427775722,TECL,88484.94247637868,0.0,1.4450750350952148,False
2013-06-11,123807.43202203454,TECL,88484.94247637868,0.0,1.4450750350952148,False
2013-06-12,120973.54532167807,TECL,88484.94247637868,0.0,1.4450750350952148,False
2013-06-13,125154.08198662811,TECL,88484.94247637868,0.0,1.4450750350952148,False
2013-06-14,122681.9467356453,TECL,88484.94247637868,0.0,1.4450750350952148,False
2013-06-17,125958.03621368487,TECL,88484.94247637868,0.0,1.4450750350952148,False
2013-06-18,128791.92291404134,TECL,88484.94247637868,0.0,1.4450750350952148,False
2013-06-19,124350.13830779848,TECL,88484.94247637868,0.0,1.4450750350952148,False
2013-06-20,116029.30646439381,TECL,88484.94247637868,0.0,1.4450750350952148,False
2013-06-21,115080.6432190059,CASH,0.0,115080.6432190059,,False
2013-06-24,115080.6432190059,CASH,0.0,115080.6432190059,,False
2013-06-25,115080.6432190059,CASH,0.0,115080.6432190059,,False
2013-06-26,115080.6432190059,CASH,0.0,115080.6432190059,,False
2013-06-27,115080.6432190059,CASH,0.0,115080.6432190059,,False
2013-06-28,115080.6432190059,CASH,0.0,115080.6432190059,,False
2013-07-01,115080.6432190059,TECL,87443.40907032743,0.0,1.3160585165023804,False
2013-07-02,116093.6227459104,TECL,87443.40907032743,0.0,1.3160585165023804,False
2013-07-03,117781.88373584008,TECL,87443.40907032743,0.0,1.3160585165023804,False
2013-07-05,120145.46788506165,TECL,87443.40907032743,0.0,1.3160585165023804,False
2013-07-08,119728.38012941471,TECL,87443.40907032743,0.0,1.3160585165023804,False
2013-07-09,121158.45783603282,TECL,87443.40907032743,0.0,1.3160585165023804,False
2013-07-10,122191.28478587921,TECL,87443.40907032743,0.0,1.3160585165023804,False
2013-07-11,128566.9879561682,TECL,87443.40907032743,0.0,1.3160585165023804,False
2013-07-12,128606.72449831871,TECL,87443.40907032743,0.0,1.3160585165023804,False
2013-07-15,129440.93128181259,TECL,87443.40907032743,0.0,1.3160585165023804,False
2013-07-16,129957.30827250244,TECL,87443.40907032743,0.0,1.3160585165023804,False
2013-07-17,130334.71160633223,TECL,87443.40907032743,0.0,1.3160585165023804,False
2013-07-18,129242.30069139341,TECL,87443.40907032743,0.0,1.3160585165023804,False
2013-07-19,122807.00313194533,TECL,87443.40907032743,0.0,1.3160585165023804,False
2013-07-22,124018.58197706898,TECL,87443.40907032743,0.0,1.3160585165023804,False
2013-07-23,122429.63107031556,TECL,87443.40907032743,0.0,1.3160585165023804,False
2013-07-24,124733.62083037804,TECL,87443.40907032743,0.0,1.3160585165023804,False
2013-07-25,124793.18394733712,TECL,87443.40907032743,0.0,1.3160585165023804,False
2013-07-26,125428.79141261183,TECL,87443.40907032743,0.0,1.3160585165023804,False
2013-07-29,125250.03951733458,TECL,87443.40907032743,0.0,1.3160585165023804,False
2013-07-30,127017.74231936526,TECL,87443.40907032743,0.0,1.3160585165023804,False
2013-07-31,125984.94664171888,TECL,87443.40907032743,0.0,1.3160585165023804,False
2013-08-01,129937.46084956054,TECL,87443.40907032743,0.0,1.4407597780227661,False
2013-08-02,131446.9907923463,TECL,87443.40907032743,0.0,1.4407597780227661,False
2013-08-05,132499.66516513462,TECL,87443.40907032743,0.0,1.4407597780227661,False
2013-08-06,130533.34219675142,TECL,87443.40907032743,0.0,1.4407597780227661,False
2013-08-07,129361.47904564493,TECL,87443.40907032743,0.0,1.4407597780227661,False
2013-08-08,130771.66763305443,TECL,87443.40907032743,0.0,1.4407597780227661,False
2013-08-09,128646.44019233587,TECL,87443.40907032743,0.0,1.4407597780227661,False
2013-08-12,131149.05011875086,TECL,87443.40907032743,0.0,1.4407597780227661,False
2013-08-13,133731.13312946688,TECL,87443.40907032743,0.0,1.4407597780227661,False
2013-08-14,133651.64962109918,TECL,87443.40907032743,0.0,1.4407597780227661,False
2013-08-15,126978.04747348143,TECL,87443.40907032743,0.0,1.4407597780227661,False
2013-08-16,126660.23852881075,TECL,87443.40907032743,0.0,1.4407597780227661,False
2013-08-19,125607.56415602243,TECL,87443.40907032743,0.0,1.4407597780227661,False
2013-08-20,126143.80941778753,TECL,87443.40907032743,0.0,1.4407597780227661,False
2013-08-21,124932.23057266387,TECL,87443.40907032743,0.0,1.4407597780227661,False
2013-08-22,126819.13257707942,TECL,87443.40907032743,0.0,1.4407597780227661,False
2013-08-23,129619.68317708986,TECL,87443.40907032743,0.0,1.4407597780227661,False
2013-08-26,127871.8173739344,TECL,87443.40907032743,0.0,1.4407597780227661,False
2013-08-27,120999.56378776413,TECL,87443.40907032743,0.0,1.4407597780227661,False
2013-08-28,121317.34146023482,TECL,87443.40907032743,0.0,1.4407597780227661,False
2013-08-29,123184.38561764178,TECL,87443.40907032743,0.0,1.4407597780227661,False
2013-08-30,121515.95120252065,TECL,87443.40907032743,0.0,1.4407597780227661,False
2013-09-03,121714.59221700652,TECL,87443.40907032743,0.0,1.3896524906158447,False
2013-09-04,125150.71901009165,TECL,87443.40907032743,0.0,1.3896524906158447,False
2013-09-05,125210.30297518407,TECL,87443.40907032743,0.0,1.3896524906158447,False
2013-09-06,125726.71123807393,TECL,87443.40907032743,0.0,1.3896524906158447,False
2013-09-09,129997.04481465295,TECL,87443.40907032743,0.0,1.3896524906158447,False
2013-09-10,132598.99609644423,TECL,87443.40907032743,0.0,1.3896524906158447,False
2013-09-11,130930.57210538977,TECL,87443.40907032743,0.0,1.3896524906158447,False
2013-09-12,131347.68070917006,TECL,87443.40907032743,0.0,1.3896524906158447,False
2013-09-13,131466.82779122156,TECL,87443.40907032743,0.0,1.3896524906158447,False
2013-09-16,130573.06831483525,TECL,87443.40907032743,0.0,1.3896524906158447,False
2013-09-17,132896.89507377296,TECL,87443.40907032743,0.0,1.3896524906158447,False
2013-09-18,137703.53645651712,TECL,87443.40907032743,0.0,1.3896524906158447,False
2013-09-19,138339.13349772518,TECL,87443.40907032743,0.0,1.3896524906158447,False
2013-09-20,135260.51049519455,TECL,87443.40907032743,0.0,1.3896524906158447,False
2013-09-23,136094.70685462176,TECL,87443.40907032743,0.0,1.3896524906158447,False
2013-09-24,135141.33214094304,TECL,87443.40907032743,0.0,1.3896524906158447,False
2013-09-25,133830.42236450978,TECL,87443.40907032743,0.0,1.3896524906158447,False
2013-09-26,135379.6784253794,TECL,87443.40907032743,0.0,1.3896524906158447,False
2013-09-27,132618.84351938614,TECL,87443.40907032743,0.0,1.3896524906158447,False
2013-09-30,130672.35754987817,TECL,87443.40907032743,0.0,1.3896524906158447,False
2013-10-01,133989.3059887118,TQQQ,145835.50440401115,0.0,0.9187701344490051,False
2013-10-02,133743.7783840487,TQQQ,145835.50440401115,0.0,0.9187701344490051,False
2013-10-03,129094.04395622278,TQQQ,145835.50440401115,0.0,0.9187701344490051,False
2013-10-04,132415.21205167187,TQQQ,145835.50440401115,0.0,0.9187701344490051,False
2013-10-07,129137.42809114007,TQQQ,145835.50440401115,0.0,0.9187701344490051,False
2013-10-08,121830.68269318865,TQQQ,145835.50440401115,0.0,0.9187701344490051,False
2013-10-09,120590.37538984063,CASH,0.0,120590.37538984063,,False
2013-10-10,120590.37538984063,CASH,0.0,120590.37538984063,,False
2013-10-11,120590.37538984063,CASH,0.0,120590.37538984063,,False
2013-10-14,120590.37538984063,CASH,0.0,120590.37538984063,,False
2013-10-15,120590.37538984063,CASH,0.0,120590.37538984063,,False
2013-10-16,120590.37538984063,CASH,0.0,120590.37538984063,,False
2013-10-17,120590.37538984063,CASH,0.0,120590.37538984063,,False
2013-10-18,120590.37538984063,CASH,0.0,120590.37538984063,,False
2013-10-21,120590.37538984063,CASH,0.0,120590.37538984063,,False
2013-10-22,120590.37538984063,CASH,0.0,120590.37538984063,,False
2013-10-23,120590.37538984063,CASH,0.0,120590.37538984063,,False
2013-10-24,120590.37538984063,CASH,0.0,120590.37538984063,,False
2013-10-25,120590.37538984063,CASH,0.0,120590.37538984063,,False
2013-10-28,120590.37538984063,CASH,0.0,120590.37538984063,,False
2013-10-29,120590.37538984063,CASH,0.0,120590.37538984063,,False
2013-10-30,120590.37538984063,CASH,0.0,120590.37538984063,,False
2013-10-31,120590.37538984063,CASH,0.0,120590.37538984063,,False
2013-11-01,120590.37538984063,TECL,69947.80168213342,0.0,1.7240052223205566,False
2013-11-04,121686.65350064937,TECL,69947.80168213342,0.0,1.7240052223205566,False
2013-11-05,120781.04187863873,TECL,69947.80168213342,0.0,1.7240052223205566,False
2013-11-06,124196.95384988605,TECL,69947.80168213342,0.0,1.7240052223205566,False
2013-11-07,119382.88766820794,TECL,69947.80168213342,0.0,1.7240052223205566,False
2013-11-08,122751.13718646961,TECL,69947.80168213342,0.0,1.7240052223205566,False
2013-11-11,122925.91063198734,TECL,69947.80168213342,0.0,1.7240052223205566,False
2013-11-12,124085.74423906211,TECL,69947.80168213342,0.0,1.7240052223205566,False
2013-11-13,127247.4925942395,TECL,69947.80168213342,0.0,1.7240052223205566,False
2013-11-14,126151.20614500302,TECL,69947.80168213342,0.0,1.7240052223205566,False
2013-11-15,127390.47161476873,TECL,69947.80168213342,0.0,1.7240052223205566,False
2013-11-18,125309.12500397518,TECL,69947.80168213342,0.0,1.7240052223205566,False
2013-11-19,124355.85092897888,TECL,69947.80168213342,0.0,1.7240052223205566,False
2013-11-20,122830.59406444377,TECL,69947.80168213342,0.0,1.7240052223205566,False
2013-11-21,126055.85622374849,TECL,69947.80168213342,0.0,1.7240052223205566,False
2013-11-22,125436.21098122401,TECL,69947.80168213342,0.0,1.7240052223205566,False
2013-11-25,125102.59882560768,TECL,69947.80168213342,0.0,1.7240052223205566,False
2013-11-26,126723.17225768635,TECL,69947.80168213342,0.0,1.7240052223205566,False
2013-11-27,129630.66527408863,TECL,69947.80168213342,0.0,1.7240052223205566,False
2013-11-29,131473.68294309842,TECL,69947.80168213342,0.0,1.7240052223205566,False
2013-12-02,129440.03213900152,TQQQ,115380.7610325453,0.0,1.1218510866165161,False
2013-12-03,129063.06369350747,TQQQ,115380.7610325453,0.0,1.1218510866165161,False
2013-12-04,129394.38109107236,TQQQ,115380.7610325453,0.0,1.1218510866165161,False
2013-12-05,128994.51147209169,TQQQ,115380.7610325453,0.0,1.1218510866165161,False
2013-12-06,131656.46685320768,TQQQ,115380.7610325453,0.0,1.1218510866165161,False
2013-12-09,133233.04415564373,TQQQ,115380.7610325453,0.0,1.1218510866165161,False
2013-12-10,132993.07011731283,TQQQ,115380.7610325453,0.0,1.1218510866165161,False
2013-12-11,128023.46045288365,TQQQ,115380.7610325453,0.0,1.1218510866165161,False
2013-12-12,126983.85721225984,TQQQ,115380.7610325453,0.0,1.1218510866165161,False
2013-12-13,126378.31717457327,TQQQ,115380.7610325453,0.0,1.1218510866165161,False
2013-12-16,128548.9220328891,TQQQ,115380.7610325453,0.0,1.1218510866165161,False
2013-12-17,127737.87662999924,TQQQ,115380.7610325453,0.0,1.1218510866165161,False
2013-12-18,132147.70734033943,TQQQ,115380.7610325453,0.0,1.1218510866165161,False
2013-12-19,130959.59721074568,TQQQ,115380.7610325453,0.0,1.1218510866165161,False
2013-12-20,134900.96481731377,TQQQ,115380.7610325453,0.0,1.1218510866165161,False
2013-12-23,139265.22700647608,TQQQ,115380.7610325453,0.0,1.1218510866165161,False
2013-12-24,139459.4399612094,TQQQ,115380.7610325453,0.0,1.1218510866165161,False
2013-12-26,140818.90313542553,TQQQ,115380.7610325453,0.0,1.1218510866165161,False
2013-12-27,139790.64732310586,TQQQ,115380.7610325453,0.0,1.1218510866165161,False
2013-12-30,139059.57034222872,TQQQ,115380.7610325453,0.0,1.1218510866165161,False
2013-12-31,141790.0504358434,TQQQ,115380.7610325453,0.0,1.1218510866165161,False
2014-01-02,138476.86270573604,TECL,68886.96740106598,0.0,2.0102040767669678,False
2014-01-03,136771.30297121726,TECL,68886.96740106598,0.0,2.0102040767669678,False
2014-01-06,136145.4443726825,TECL,68886.96740106598,0.0,2.0102040767669678,False
2014-01-07,139587.84322190218,TECL,68886.96740106598,0.0,2.0102040767669678,False
2014-01-08,139775.5359269277,TECL,68886.96740106598,0.0,2.0102040767669678,False
2014-01-09,137037.3214121779,TECL,68886.96740106598,0.0,2.0102040767669678,False
2014-01-10,137694.45939089477,TECL,68886.96740106598,0.0,2.0102040767669678,False
2014-01-13,133109.87455302483,TECL,68886.96740106598,0.0,2.0102040767669678,False
2014-01-14,140088.49396807764,TECL,68886.96740106598,0.0,2.0102040767669678,False
2014-01-15,145220.7266360774,TECL,68886.96740106598,0.0,2.0102040767669678,False
2014-01-16,145205.0910519696,TECL,68886.96740106598,0.0,2.0102040767669678,False
2014-01-17,142685.9225301254,TECL,68886.96740106598,0.0,2.0102040767669678,False
2014-01-21,144094.11053580343,TECL,68886.96740106598,0.0,2.0102040767669678,False
2014-01-22,144172.35415207414,TECL,68886.96740106598,0.0,2.0102040767669678,False
2014-01-23,142951.8916992874,TECL,68886.96740106598,0.0,2.0102040767669678,False
2014-01-24,134971.8804602528,TECL,68886.96740106598,0.0,2.0102040767669678,False
2014-01-27,131263.49601793825,TECL,68886.96740106598,0.0,2.0102040767669678,False
2014-01-28,129041.64174116972,TECL,68886.96740106598,0.0,2.0102040767669678,False
2014-01-29,124629.17643516243,CASH,0.0,124629.17643516243,,False
2014-01-30,124629.17643516243,CASH,0.0,124629.17643516243,,False
2014-01-31,124629.17643516243,CASH,0.0,124629.17643516243,,False
2014-02-03,124629.17643516243,TQQQ,115985.68879673253,0.0,1.0745220184326172,False
2014-02-04,127063.8282882199,TQQQ,115985.68879673253,0.0,1.0745220184326172,False
2014-02-05,125892.45497226922,TQQQ,115985.68879673253,0.0,1.0745220184326172,False
2014-02-06,130715.88211394967,TQQQ,115985.68879673253,0.0,1.0745220184326172,False
2014-02-07,137652.50714650037,TQQQ,115985.68879673253,0.0,1.0745220184326172,False
2014-02-10,140179.0503941424,TQQQ,115985.68879673253,0.0,1.0745220184326172,False
2014-02-11,144979.58073332027,TQQQ,115985.68879673253,0.0,1.0745220184326172,False
2014-02-12,145668.6141004172,TQQQ,115985.68879673253,0.0,1.0745220184326172,False
2014-02-13,149412.55932073153,TQQQ,115985.68879673253,0.0,1.0745220184326172,False
2014-02-14,149848.99505200767,TQQQ,115985.68879673253,0.0,1.0745220184326172,False
2014-02-18,152191.8522964815,TQQQ,115985.68879673253,0.0,1.0745220184326172,False
2014-02-19,148861.28008608206,TQQQ,115985.68879673253,0.0,1.0745220184326172,False
2014-02-20,151020.39602110148,TQQQ,115985.68879673253,0.0,1.0745220184326172,False
2014-02-21,150239.41595313375,TQQQ,115985.68879673253,0.0,1.0745220184326172,False
2014-02-24,152880.91331672156,TQQQ,115985.68879673253,0.0,1.0745220184326172,False
2014-02-25,152329.64790864364,TQQQ,115985.68879673253,0.0,1.0745220184326172,False
2014-02-26,151824.2175852855,TQQQ,115985.68879673253,0.0,1.0745220184326172,False
2014-02-27,154810.28693870807,TQQQ,115985.68879673253,0.0,1.0745220184326172,False
2014-02-28,154029.25156445408,TQQQ,115985.68879673253,0.0,1.0745220184326172,False
2014-03-03,150652.85809590638,TECL,72336.69455381953,0.0,2.0826616287231445,False
2014-03-04,157093.7203426019,TECL,72336.69455381953,0.0,2.0826616287231445,False
2014-03-05,157783.78377684212,TECL,72336.69455381953,0.0,2.0826616287231445,False
2014-03-06,157833.07402214498,TECL,72336.69455381953,0.0,2.0826616287231445,False
2014-03-07,156797.9271315489,TECL,72336.69455381953,0.0,2.0826616287231445,False
2014-03-10,155828.55805606305,TECL,72336.69455381953,0.0,2.0826616287231445,False
2014-03-11,154842.71865718174,TECL,72336.69455381953,0.0,2.0826616287231445,False
2014-03-12,155762.81473377664,TECL,72336.69455381953,0.0,2.0826616287231445,False
2014-03-13,149190.53482815606,TECL,72336.69455381953,0.0,2.0826616287231445,False
2014-03-14,146610.92000977547,TECL,72336.69455381953,0.0,2.0826616287231445,False
2014-03-17,151540.09975777002,TECL,72336.69455381953,0.0,2.0826616287231445,False
2014-03-18,157718.05770096765,TECL,72336.69455381953,0.0,2.0826616287231445,False
2014-03-19,155417.76577024462,TECL,72336.69455381953,0.0,2.0826616287231445,False
2014-03-20,159377.57644275334,TECL,72336.69455381953,0.0,2.0826616287231445,False
2014-03-21,157142.97609508093,TECL,72336.69455381953,0.0,2.0826616287231445,False
2014-03-24,156370.75075439466,TECL,72336.69455381953,0.0,2.0826616287231445,False
2014-03-25,159246.1760302402,TECL,72336.69455381953,0.0,2.0826616287231445,False
2014-03-26,153906.1522571914,TECL,72336.69455381953,0.0,2.0826616287231445,False
2014-03-27,151638.71474119963,TECL,72336.69455381953,0.0,2.0826616287231445,False
2014-03-28,153150.3455006648,TECL,72336.69455381953,0.0,2.0826616287231445,False
2014-03-31,157011.52394333197,TECL,72336.69455381953,0.0,2.0826616287231445,False
2014-04-01,162482.94812889394,TECL,72336.69455381953,0.0,2.170565366744995,False
2014-04-02,162893.7059218885,TECL,72336.69455381953,0.0,2.170565366744995,False
2014-04-03,160593.4312375774,TECL,72336.69455381953,0.0,2.170565366744995,False
2014-04-04,151277.17820786018,TECL,72336.69455381953,0.0,2.170565366744995,False
2014-04-07,148270.43875156116,TECL,72336.69455381953,0.0,2.170565366744995,False
2014-04-08,151753.6965695531,TECL,72336.69455381953,0.0,2.170565366744995,False
2014-04-09,157323.71849213273,TECL,72336.69455381953,0.0,2.170565366744995,False
2014-04-10,147038.11363334162,TECL,72336.69455381953,0.0,2.170565366744995,False
2014-04-11,142404.6753571643,TECL,72336.69455381953,0.0,2.170565366744995,False
2014-04-14,146315.1785379582,TECL,72336.69455381953,0.0,2.170565366744995,False
2014-04-15,141310.37154899878,CASH,0.0,141310.37154899878,,False
2014-04-16,141310.37154899878,CASH,0.0,141310.37154899878,,False
2014-04-17,141310.37154899878,CASH,0.0,141310.37154899878,,False
2014-04-21,141310.37154899878,CASH,0.0,141310.37154899878,,False
2014-04-22,141310.37154899878,CASH,0.0,141310.37154899878,,False
2014-04-23,141310.37154899878,CASH,0.0,141310.37154899878,,False
2014-04-24,141310.37154899878,CASH,0.0,141310.37154899878,,False
2014-04-25,141310.37154899878,CASH,0.0,141310.37154899878,,False
2014-04-28,141310.37154899878,CASH,0.0,141310.37154899878,,False
2014-04-29,141310.37154899878,CASH,0.0,141310.37154899878,,False
2014-04-30,141310.37154899878,CASH,0.0,141310.37154899878,,False
2014-05-01,141310.37154899878,TECL,65000.98994631367,0.0,2.1739726066589355,False
2014-05-02,140601.7044451682,TECL,65000.98994631367,0.0,2.1739726066589355,False
2014-05-05,142314.3579392752,TECL,65000.98994631367,0.0,2.1739726066589355,False
2014-05-06,137737.38942011818,TECL,65000.98994631367,0.0,2.1739726066589355,False
2014-05-07,138224.66004377636,TECL,65000.98994631367,0.0,2.1739726066589355,False
2014-05-08,138844.72826218445,TECL,65000.98994631367,0.0,2.1739726066589355,False
2014-05-09,139553.42636090238,TECL,65000.98994631367,0.0,2.1739726066589355,False
2014-05-12,145252.47179104938,TECL,65000.98994631367,0.0,2.1739726066589355,False
2014-05-13,145090.07407890275,TECL,65000.98994631367,0.0,2.1739726066589355,False
2014-05-14,143466.01947021822,TECL,65000.98994631367,0.0,2.1739726066589355,False
2014-05-15,140306.4161536097,TECL,65000.98994631367,0.0,2.1739726066589355,False
2014-05-16,143598.8480598555,TECL,65000.98994631367,0.0,2.1739726066589355,False
2014-05-19,146463.19407979283,TECL,65000.98994631367,0.0,2.1739726066589355,False
2014-05-20,143672.67788146692,TECL,65000.98994631367,0.0,2.1739726066589355,False
2014-05-21,146640.3453583068,TECL,65000.98994631367,0.0,2.1739726066589355,False
2014-05-22,147585.28648822647,TECL,65000.98994631367,0.0,2.1739726066589355,False
2014-05-23,151217.31387746384,TECL,65000.98994631367,0.0,2.1739726066589355,False
2014-05-27,155041.30810135722,TECL,65000.98994631367,0.0,2.1739726066589355,False
2014-05-28,154125.90509905963,TECL,65000.98994631367,0.0,2.1739726066589355,False
2014-05-29,156340.53629086117,TECL,65000.98994631367,0.0,2.1739726066589355,False
2014-05-30,156857.29854981042,TECL,65000.98994631367,0.0,2.1739726066589355,False
2014-06-02,156266.78395646805,TQQQ,115771.52152929838,0.0,1.3497860431671143,False
2014-06-03,156037.59007137566,TQQQ,115771.52152929838,0.0,1.3497860431671143,False
2014-06-04,157688.27736109443,TQQQ,115771.52152929838,0.0,1.3497860431671143,False
2014-06-05,161792.0306534474,TQQQ,115771.52152929838,0.0,1.3497860431671143,False
2014-06-06,164405.64416407698,TQQQ,115771.52152929838,0.0,1.3497860431671143,False
2014-06-09,164107.65209043847,TQQQ,115771.52152929838,0.0,1.3497860431671143,False
2014-06-10,165047.66858356862,TQQQ,115771.52152929838,0.0,1.3497860431671143,False
2014-06-11,164795.4407613281,TQQQ,115771.52152929838,0.0,1.3497860431671143,False
2014-06-12,160485.25150021428,TQQQ,115771.52152929838,0.0,1.3497860431671143,False
2014-06-13,161585.70509301318,TQQQ,115771.52152929838,0.0,1.3497860431671143,False
2014-06-16,162181.82725069852,TQQQ,115771.52152929838,0.0,1.3497860431671143,False
2014-06-17,162411.03493683174,TQQQ,115771.52152929838,0.0,1.3497860431671143,False
2014-06-18,165368.59798706946,TQQQ,115771.52152929838,0.0,1.3497860431671143,False
2014-06-19,164726.6563738228,TQQQ,115771.52152929838,0.0,1.3497860431671143,False
2014-06-20,165322.80613358982,TQQQ,115771.52152929838,0.0,1.3497860431671143,False
2014-06-23,165506.12535895756,TQQQ,115771.52152929838,0.0,1.3497860431671143,False
2014-06-24,165047.66858356862,TQQQ,115771.52152929838,0.0,1.3497860431671143,False
2014-06-25,168078.9981970519,TQQQ,115771.52152929838,0.0,1.3497860431671143,False
2014-06-26,168537.63438597164,TQQQ,115771.52152929838,0.0,1.3497860431671143,False
2014-06-27,170211.50742428773,TQQQ,115771.52152929838,0.0,1.3497860431671143,False
2014-06-30,171472.7155406945,TQQQ,115771.52152929838,0.0,1.3497860431671143,False
2014-07-01,177228.20500186947,TQQQ,115771.52152929838,0.0,1.4811303615570068,False
2014-07-02,177916.0902800449,TQQQ,115771.52152929838,0.0,1.4811303615570068,False
2014-07-03,181332.7725556315,TQQQ,115771.52152929838,0.0,1.4811303615570068,False
2014-07-07,179590.07372668764,TQQQ,115771.52152929838,0.0,1.4811303615570068,False
2014-07-08,173330.10101894996,TQQQ,115771.52152929838,0.0,1.4811303615570068,False
2014-07-09,177251.16993381345,TQQQ,115771.52152929838,0.0,1.4811303615570068,False
2014-07-10,175577.21408925237,TQQQ,115771.52152929838,0.0,1.4811303615570068,False
2014-07-11,178626.99569432766,TQQQ,115771.52152929838,0.0,1.4811303615570068,False
2014-07-14,182043.49855638345,TQQQ,115771.52152929838,0.0,1.4811303615570068,False
2014-07-15,180140.37642881167,TQQQ,115771.52152929838,0.0,1.4811303615570068,False
2014-07-16,182181.1087345165,TQQQ,115771.52152929838,0.0,1.4811303615570068,False
2014-07-17,174912.2937430209,TQQQ,115771.52152929838,0.0,1.4811303615570068,False
2014-07-18,183190.0890286828,TQQQ,115771.52152929838,0.0,1.4811303615570068,False
2014-07-21,182525.0720751655,TQQQ,115771.52152929838,0.0,1.4811303615570068,False
2014-07-22,186148.10751326798,TQQQ,115771.52152929838,0.0,1.4811303615570068,False
2014-07-23,189633.53277323736,TQQQ,115771.52152929838,0.0,1.4811303615570068,False
2014-07-24,188968.54342180173,TQQQ,115771.52152929838,0.0,1.4811303615570068,False
2014-07-25,186652.53555566736,TQQQ,115771.52152929838,0.0,1.4811303615570068,False
2014-07-28,186881.85365012722,TQQQ,115771.52152929838,0.0,1.4811303615570068,False
2014-07-29,185941.75435075207,TQQQ,115771.52152929838,0.0,1.4811303615570068,False
2014-07-30,188165.95769327384,TQQQ,115771.52152929838,0.0,1.4811303615570068,False
2014-07-31,176700.83962960774,TQQQ,115771.52152929838,0.0,1.4811303615570068,False
2014-08-01,174660.01071661705,TQQQ,115771.52152929838,0.0,1.5262893438339233,False
2014-08-04,178237.14389291324,TQQQ,115771.52152929838,0.0,1.5262893438339233,False
2014-08-05,174063.77815060507,TQQQ,115771.52152929838,0.0,1.5262893438339233,False
2014-08-06,173765.77227592573,TQQQ,115771.52152929838,0.0,1.5262893438339233,False
2014-08-07,172091.85783448716,TQQQ,115771.52152929838,0.0,1.5262893438339233,False
2014-08-08,175760.67132502844,TQQQ,115771.52152929838,0.0,1.5262893438339233,False
2014-08-11,178947.95269991018,TQQQ,115771.52152929838,0.0,1.5262893438339233,False
2014-08-12,178535.21877279674,TQQQ,115771.52152929838,0.0,1.5262893438339233,False
2014-08-13,184336.65189890048,TQQQ,115771.52152929838,0.0,1.5262893438339233,False
2014-08-14,187179.9561320924,TQQQ,115771.52152929838,0.0,1.5262893438339233,False
2014-08-15,189725.24068956415,TQQQ,115771.52152929838,0.0,1.5262893438339233,False
2014-08-18,194311.31275690408,TQQQ,115771.52152929838,0.0,1.5262893438339233,False
2014-08-19,197659.07263457705,TQQQ,115771.52152929838,0.0,1.5262893438339233,False
2014-08-20,197659.07263457705,TQQQ,115771.52152929838,0.0,1.5262893438339233,False
2014-08-21,198782.72577701407,TQQQ,115771.52152929838,0.0,1.5262893438339233,False
2014-08-22,199562.3189715163,TQQQ,115771.52152929838,0.0,1.5262893438339233,False
2014-08-25,201786.54991611972,TQQQ,115771.52152929838,0.0,1.5262893438339233,False
2014-08-26,202474.46279637684,TQQQ,115771.52152929838,0.0,1.5262893438339233,False
2014-08-27,202497.42772832082,TQQQ,115771.52152929838,0.0,1.5262893438339233,False
2014-08-28,201671.95987409397,TQQQ,115771.52152929838,0.0,1.5262893438339233,False
2014-08-29,204033.73199162632,TQQQ,115771.52152929838,0.0,1.5262893438339233,False
2014-09-02,205730.5837629272,TECL,70070.94826278184,0.0,2.93603253364563,False
2014-09-03,202404.17569844285,TECL,70070.94826278184,0.0,2.93603253364563,False
2014-09-04,201433.27725397152,TECL,70070.94826278184,0.0,2.93603253364563,False
2014-09-05,205141.70635792395,TECL,70070.94826278184,0.0,2.93603253364563,False
2014-09-08,205619.20342138116,TECL,70070.94826278184,0.0,2.93603253364563,False
2014-09-09,201417.33952398278,TECL,70070.94826278184,0.0,2.93603253364563,False
2014-09-10,205682.90422268835,TECL,70070.94826278184,0.0,2.93603253364563,False
2014-09-11,206606.00618340936,TECL,70070.94826278184,0.0,2.93603253364563,False
2014-09-12,203438.67470692584,TECL,70070.94826278184,0.0,2.93603253364563,False
2014-09-15,200064.52027733892,TECL,70070.94826278184,0.0,2.93603253364563,False
2014-09-16,204505.0491753863,TECL,70070.94826278184,0.0,2.93603253364563,False
2014-09-17,205794.30127045032,TECL,70070.94826278184,0.0,2.93603253364563,False
2014-09-18,209948.35197788247,TECL,70070.94826278184,0.0,2.93603253364563,False
2014-09-19,208579.56158881803,TECL,70070.94826278184,0.0,2.93603253364563,False
2014-09-22,203963.9348417015,TECL,70070.94826278184,0.0,2.93603253364563,False
2014-09-23,202611.04877019397,TECL,70070.94826278184,0.0,2.93603253364563,False
2014-09-24,206319.51128657823,TECL,70070.94826278184,0.0,2.93603253364563,False
2014-09-25,193523.06778370033,TECL,70070.94826278184,0.0,2.93603253364563,False
2014-09-26,199364.21241214185,TECL,70070.94826278184,0.0,2.93603253364563,False
2014-09-29,198966.33717376465,TECL,70070.94826278184,0.0,2.93603253364563,False
2014-09-30,200828.49553141138,TECL,70070.94826278184,0.0,2.93603253364563,False
2014-10-01,191485.7614583367,TECL,70070.94826278184,0.0,2.8660736083984375,False
2014-10-02,191485.7614583367,TECL,70070.94826278184,0.0,2.8660736083984375,False
2014-10-03,195846.7854748155,TECL,70070.94826278184,0.0,2.8660736083984375,False
2014-10-06,196069.57957033944,TECL,70070.94826278184,0.0,2.8660736083984375,False
2014-10-07,187013.34039409593,TECL,70070.94826278184,0.0,2.8660736083984375,False
2014-10-08,197231.446769005,TECL,70070.94826278184,0.0,2.8660736083984375,False
2014-10-09,187713.66496550894,TECL,70070.94826278184,0.0,2.8660736083984375,False
2014-10-10,180745.64597827021,CASH,0.0,180745.64597827021,,False
2014-10-13,180745.64597827021,CASH,0.0,180745.64597827021,,False
2014-10-14,180745.64597827021,CASH,0.0,180745.64597827021,,False
2014-10-15,180745.64597827021,CASH,0.0,180745.64597827021,,False
2014-10-16,180745.64597827021,CASH,0.0,180745.64597827021,,False
2014-10-17,180745.64597827021,CASH,0.0,180745.64597827021,,False
2014-10-20,180745.64597827021,CASH,0.0,180745.64597827021,,False
2014-10-21,180745.64597827021,CASH,0.0,180745.64597827021,,False
2014-10-22,180745.64597827021,CASH,0.0,180745.64597827021,,False
2014-10-23,180745.64597827021,CASH,0.0,180745.64597827021,,False
2014-10-24,180745.64597827021,CASH,0.0,180745.64597827021,,False
2014-10-27,180745.64597827021,CASH,0.0,180745.64597827021,,False
2014-10-28,180745.64597827021,CASH,0.0,180745.64597827021,,False
2014-10-29,180745.64597827021,CASH,0.0,180745.64597827021,,False
2014-10-30,180745.64597827021,CASH,0.0,180745.64597827021,,False
2014-10-31,180745.64597827021,CASH,0.0,180745.64597827021,,False
2014-11-03,180745.64597827021,TQQQ,97966.4032043415,0.0,1.8449758291244507,False
2014-11-04,178824.70702975025,TQQQ,97966.4032043415,0.0,1.8449758291244507,False
2014-11-05,178805.32071090938,TQQQ,97966.4032043415,0.0,1.8449758291244507,False
2014-11-06,180338.15957044117,TQQQ,97966.4032043415,0.0,1.8449758291244507,False
2014-11-07,179891.85381090906,TQQQ,97966.4032043415,0.0,1.8449758291244507,False
2014-11-10,181735.22412705483,TQQQ,97966.4032043415,0.0,1.8449758291244507,False
2014-11-11,183462.18310211267,TQQQ,97966.4032043415,0.0,1.8449758291244507,False
2014-11-12,184471.19428375948,TQQQ,97966.4032043415,0.0,1.8449758291244507,False
2014-11-13,186838.42731330622,TQQQ,97966.4032043415,0.0,1.8449758291244507,False
2014-11-14,188565.30453882678,TQQQ,97966.4032043415,0.0,1.8449758291244507,False
2014-11-17,186799.59628309784,TQQQ,97966.4032043415,0.0,1.8449758291244507,False
2014-11-18,190990.82498845478,TQQQ,97966.4032043415,0.0,1.8449758291244507,False
2014-11-19,188565.30453882678,TQQQ,97966.4032043415,0.0,1.8449758291244507,False
2014-11-20,191068.34690680765,TQQQ,97966.4032043415,0.0,1.8449758291244507,False
2014-11-21,192446.09521561238,TQQQ,97966.4032043415,0.0,1.8449758291244507,False
2014-11-24,196792.57797077097,TQQQ,97966.4032043415,0.0,1.8449758291244507,False
2014-11-25,197432.88706077586,TQQQ,97966.4032043415,0.0,1.8449758291244507,False
2014-11-26,201468.7916452992,TQQQ,97966.4032043415,0.0,1.8449758291244507,False
2014-11-28,204476.42719289343,TQQQ,97966.4032043415,0.0,1.8449758291244507,False
2014-12-01,196928.3756306998,TECL,59643.97738415948,0.0,3.3017311096191406,False
2014-12-02,196549.07937349772,TECL,59643.97738415948,0.0,3.3017311096191406,False
2014-12-03,198608.2969984059,TECL,59643.97738415948,0.0,3.3017311096191406,False
2014-12-04,198879.22086494562,TECL,59643.97738415948,0.0,3.3017311096191406,False
2014-12-05,198161.18445317485,TECL,59643.97738415948,0.0,3.3017311096191406,False
2014-12-08,192254.46966522245,TECL,59643.97738415948,0.0,3.3017311096191406,False
2014-12-09,192525.36509129748,TECL,59643.97738415948,0.0,3.3017311096191406,False
2014-12-10,183489.13267114226,TECL,59643.97738415948,0.0,3.3017311096191406,False
2014-12-11,185616.08126268533,TECL,59643.97738415948,0.0,3.3017311096191406,False
2014-12-12,177235.53806762982,CASH,0.0,177235.53806762982,,False
2014-12-15,177235.53806762982,CASH,0.0,177235.53806762982,,False
2014-12-16,177235.53806762982,CASH,0.0,177235.53806762982,,False
2014-12-17,177235.53806762982,CASH,0.0,177235.53806762982,,False
2014-12-18,177235.53806762982,CASH,0.0,177235.53806762982,,False
2014-12-19,177235.53806762982,CASH,0.0,177235.53806762982,,False
2014-12-22,177235.53806762982,CASH,0.0,177235.53806762982,,False
2014-12-23,177235.53806762982,CASH,0.0,177235.53806762982,,False
2014-12-24,177235.53806762982,CASH,0.0,177235.53806762982,,False
2014-12-26,177235.53806762982,CASH,0.0,177235.53806762982,,False
2014-12-29,177235.53806762982,CASH,0.0,177235.53806762982,,False
2014-12-30,177235.53806762982,CASH,0.0,177235.53806762982,,False
2014-12-31,177235.53806762982,CASH,0.0,177235.53806762982,,False
2015-01-02,177235.53806762982,TQQQ,92569.45217652632,0.0,1.9146223068237305,False
2015-01-05,169258.58947783505,TQQQ,92569.45217652632,0.0,1.9146223068237305,False
2015-01-06,162546.9298831346,TQQQ,92569.45217652632,0.0,1.9146223068237305,False
2015-01-07,168800.07946783878,TQQQ,92569.45217652632,0.0,1.9146223068237305,False
2015-01-08,178427.46546112478,TQQQ,92569.45217652632,0.0,1.9146223068237305,False
2015-01-09,174814.9693744243,TQQQ,92569.45217652632,0.0,1.9146223068237305,False
2015-01-12,169441.9383061404,TQQQ,92569.45217652632,0.0,1.9146223068237305,False
2015-01-13,169295.20406780296,TQQQ,92569.45217652632,0.0,1.9146223068237305,False
2015-01-14,166691.2424057376,TQQQ,92569.45217652632,0.0,1.9146223068237305,False
2015-01-15,159511.98426086686,CASH,0.0,159511.98426086686,,False
2015-01-16,159511.98426086686,CASH,0.0,159511.98426086686,,False
2015-01-20,159511.98426086686,CASH,0.0,159511.98426086686,,False
2015-01-21,159511.98426086686,CASH,0.0,159511.98426086686,,False
2015-01-22,159511.98426086686,CASH,0.0,159511.98426086686,,False
2015-01-23,159511.98426086686,CASH,0.0,159511.98426086686,,False
2015-01-26,159511.98426086686,CASH,0.0,159511.98426086686,,False
2015-01-27,159511.98426086686,CASH,0.0,159511.98426086686,,False
2015-01-28,159511.98426086686,CASH,0.0,159511.98426086686,,False
2015-01-29,159511.98426086686,CASH,0.0,159511.98426086686,,False
2015-01-30,159511.98426086686,CASH,0.0,159511.98426086686,,False
2015-02-02,159511.98426086686,TQQQ,86526.47110015692,0.0,1.8435050249099731,False
2015-02-03,163865.74094930256,TQQQ,86526.47110015692,0.0,1.8435050249099731,False
2015-02-04,163437.17302149613,TQQQ,86526.47110015692,0.0,1.8435050249099731,False
2015-02-05,167773.8484687841,TQQQ,86526.47110015692,0.0,1.8435050249099731,False
2015-02-06,164722.7220835282,TQQQ,86526.47110015692,0.0,1.8435050249099731,False
2015-02-09,162905.87009258373,TQQQ,86526.47110015692,0.0,1.8435050249099731,False
2015-02-10,170704.91105756673,TQQQ,86526.47110015692,0.0,1.8435050249099731,False
2015-02-11,172624.60119720866,TQQQ,86526.47110015692,0.0,1.8435050249099731,False
2015-02-12,178658.2092455959,TQQQ,86526.47110015692,0.0,1.8435050249099731,False
2015-02-13,183166.19221280032,TQQQ,86526.47110015692,0.0,1.8435050249099731,False
2015-02-17,183663.36360369468,TQQQ,86526.47110015692,0.0,1.8435050249099731,False
2015-02-18,184451.782533869,TQQQ,86526.47110015692,0.0,1.8435050249099731,False
2015-02-19,187228.57758484632,TQQQ,86526.47110015692,0.0,1.8435050249099731,False
2015-02-20,190828.1190844398,TQQQ,86526.47110015692,0.0,1.8435050249099731,False
2015-02-23,191582.39616183692,TQQQ,86526.47110015692,0.0,1.8435050249099731,False
2015-02-24,191976.58499740576,TQQQ,86526.47110015692,0.0,1.8435050249099731,False
2015-02-25,190433.86836031606,TQQQ,86526.47110015692,0.0,1.8435050249099731,False
2015-02-26,193330.72720776664,TQQQ,86526.47110015692,0.0,1.8435050249099731,False
2015-02-27,190776.7515838868,TQQQ,86526.47110015692,0.0,1.8435050249099731,False
2015-03-02,195918.9478320151,TECL,54145.70017984434,0.0,3.61836576461792,False
2015-03-03,191725.1160720793,TECL,54145.70017984434,0.0,3.61836576461792,False
2015-03-04,189044.01378830321,TECL,54145.70017984434,0.0,3.61836576461792,False
2015-03-05,188552.01298787142,TECL,54145.70017984434,0.0,3.61836576461792,False
2015-03-06,181677.05312547772,TECL,54145.70017984434,0.0,3.61836576461792,False
2015-03-09,184149.06281467486,TECL,54145.70017984434,0.0,3.61836576461792,False
2015-03-10,176327.0530488136,CASH,0.0,176327.0530488136,,False
2015-03-11,176327.0530488136,CASH,0.0,176327.0530488136,,False
2015-03-12,176327.0530488136,CASH,0.0,176327.0530488136,,False
2015-03-13,176327.0530488136,CASH,0.0,176327.0530488136,,False
2015-03-16,176327.0530488136,CASH,0.0,176327.0530488136,,False
2015-03-17,176327.0530488136,CASH,0.0,176327.0530488136,,False
2015-03-18,176327.0530488136,CASH,0.0,176327.0530488136,,False
2015-03-19,176327.0530488136,CASH,0.0,176327.0530488136,,False
2015-03-20,176327.0530488136,CASH,0.0,176327.0530488136,,False
2015-03-23,176327.0530488136,CASH,0.0,176327.0530488136,,False
2015-03-24,176327.0530488136,CASH,0.0,176327.0530488136,,False
2015-03-25,176327.0530488136,CASH,0.0,176327.0530488136,,False
2015-03-26,176327.0530488136,CASH,0.0,176327.0530488136,,False
2015-03-27,176327.0530488136,CASH,0.0,176327.0530488136,,False
2015-03-30,176327.0530488136,CASH,0.0,176327.0530488136,,False
2015-03-31,176327.0530488136,CASH,0.0,176327.0530488136,,False
2015-04-01,176327.0530488136,TECL,56358.85223665019,0.0,3.1286487579345703,False
2015-04-02,177363.9995805754,TECL,56358.85223665019,0.0,3.1286487579345703,False
2015-04-06,181204.42782749239,TECL,56358.85223665019,0.0,3.1286487579345703,False
2015-04-07,180321.14679879817,TECL,56358.85223665019,0.0,3.1286487579345703,False
2015-04-08,181793.3311156126,TECL,56358.85223665019,0.0,3.1286487579345703,False
2015-04-09,183918.31164351729,TECL,56358.85223665019,0.0,3.1286487579345703,False
2015-04-10,185672.14886430153,TECL,56358.85223665019,0.0,3.1286487579345703,False
2015-04-13,184161.5750457152,TECL,56358.85223665019,0.0,3.1286487579345703,False
2015-04-14,182151.72271213395,TECL,56358.85223665019,0.0,3.1286487579345703,False
2015-04-15,186798.63954720378,TECL,56358.85223665019,0.0,3.1286487579345703,False
2015-04-16,185096.03759777284,TECL,56358.85223665019,0.0,3.1286487579345703,False
2015-04-17,177133.5953849563,TECL,56358.85223665019,0.0,3.1286487579345703,False
2015-04-20,186299.40134320126,TECL,56358.85223665019,0.0,3.1286487579345703,False
2015-04-21,185710.53836607348,TECL,56358.85223665019,0.0,3.1286487579345703,False
2015-04-22,191445.58325626855,TECL,56358.85223665019,0.0,3.1286487579345703,False
2015-04-23,194121.06413352402,TECL,56358.85223665019,0.0,3.1286487579345703,False
2015-04-24,198652.79902628053,TECL,56358.85223665019,0.0,3.1286487579345703,False
2015-04-27,200854.62574271648,TECL,56358.85223665019,0.0,3.1286487579345703,False
2015-04-28,202634.02013268878,TECL,56358.85223665019,0.0,3.1286487579345703,False
2015-04-29,199920.12287966642,TECL,56358.85223665019,0.0,3.1286487579345703,False
2015-04-30,191663.19543029612,TECL,56358.85223665019,0.0,3.1286487579345703,False
2015-05-01,198281.52134918538,TQQQ,88819.98673989829,0.0,2.2323975563049316,False
2015-05-04,198985.29566771683,TQQQ,88819.98673989829,0.0,2.2323975563049316,False
2015-05-05,189553.46192509422,TQQQ,88819.98673989829,0.0,2.2323975563049316,False
2015-05-06,185506.15606798985,TQQQ,88819.98673989829,0.0,2.2323975563049316,False
2015-05-07,188691.1403861606,TQQQ,88819.98673989829,0.0,2.2323975563049316,False
2015-05-08,195606.674941992,TQQQ,88819.98673989829,0.0,2.2323975563049316,False
2015-05-11,193459.92397788516,TQQQ,88819.98673989829,0.0,2.2323975563049316,False
2015-05-12,190961.13762016734,TQQQ,88819.98673989829,0.0,2.2323975563049316,False
2015-05-13,191946.57837099064,TQQQ,88819.98673989829,0.0,2.2323975563049316,False
2015-05-14,200445.86984770576,TQQQ,88819.98673989829,0.0,2.2323975563049316,False
2015-05-15,200428.27231329223,TQQQ,88819.98673989829,0.0,2.2323975563049316,False
2015-05-18,202891.84242584792,TQQQ,88819.98673989829,0.0,2.2323975563049316,False
2015-05-19,202311.08143753096,TQQQ,88819.98673989829,0.0,2.2323975563049316,False
2015-05-20,202645.5192967284,TQQQ,88819.98673989829,0.0,2.2323975563049316,False
2015-05-21,205830.5247912342,TQQQ,88819.98673989829,0.0,2.2323975563049316,False
2015-05-22,205267.38251366583,TQQQ,88819.98673989829,0.0,2.2323975563049316,False
2015-05-26,198158.31743195554,TQQQ,88819.98673989829,0.0,2.2323975563049316,False
2015-05-27,207695.75755739445,TQQQ,88819.98673989829,0.0,2.2323975563049316,False
2015-05-28,206164.8144160864,TQQQ,88819.98673989829,0.0,2.2323975563049316,False
2015-05-29,202680.65083655037,TQQQ,88819.98673989829,0.0,2.2323975563049316,False
2015-06-01,204457.95945964803,TQQQ,88819.98673989829,0.0,2.281926155090332,False
2015-06-02,202592.70551715273,TQQQ,88819.98673989829,0.0,2.281926155090332,False
2015-06-03,204369.97178758032,TQQQ,88819.98673989829,0.0,2.281926155090332,False
2015-06-04,199917.96499163454,TQQQ,88819.98673989829,0.0,2.281926155090332,False
2015-06-05,198404.64056107507,TQQQ,88819.98673989829,0.0,2.281926155090332,False
2015-06-08,192333.7453044236,TQQQ,88819.98673989829,0.0,2.281926155090332,False
2015-06-09,191383.45726975732,TQQQ,88819.98673989829,0.0,2.281926155090332,False
2015-06-10,198967.7616623084,TQQQ,88819.98673989829,0.0,2.281926155090332,False
2015-06-11,200058.808795948,TQQQ,88819.98673989829,0.0,2.281926155090332,False
2015-06-12,194973.24840844463,TQQQ,88819.98673989829,0.0,2.281926155090332,False
2015-06-15,192280.9103485129,TQQQ,88819.98673989829,0.0,2.281926155090332,False
2015-06-16,195219.59271389918,TQQQ,88819.98673989829,0.0,2.281926155090332,False
2015-06-17,196856.14223802355,TQQQ,88819.98673989829,0.0,2.281926155090332,False
2015-06-18,205179.47954693827,TQQQ,88819.98673989829,0.0,2.281926155090332,False
2015-06-19,202047.18195033295,TQQQ,88819.98673989829,0.0,2.281926155090332,False
2015-06-22,206921.52957220373,TQQQ,88819.98673989829,0.0,2.281926155090332,False
2015-06-23,207431.81571752636,TQQQ,88819.98673989829,0.0,2.281926155090332,False
2015-06-24,204246.85257569063,TQQQ,88819.98673989829,0.0,2.281926155090332,False
2015-06-25,202909.46113659648,TQQQ,88819.98673989829,0.0,2.281926155090332,False
2015-06-26,199143.67347743872,TQQQ,88819.98673989829,0.0,2.281926155090332,False
2015-06-29,185066.26006032137,TQQQ,88819.98673989829,0.0,2.281926155090332,False
2015-06-30,187177.87948460624,TQQQ,88819.98673989829,0.0,2.281926155090332,False
2015-07-01,191013.8878707379,TQQQ,88819.98673989829,0.0,2.10738468170166,False
2015-07-02,191735.45031069822,TQQQ,88819.98673989829,0.0,2.10738468170166,False
2015-07-06,190116.5406736575,TQQQ,88819.98673989829,0.0,2.10738468170166,False
2015-07-07,191084.40506640228,TQQQ,88819.98673989829,0.0,2.10738468170166,False
2015-07-08,181511.62163779105,TQQQ,88819.98673989829,0.0,2.10738468170166,False
2015-07-09,180983.67442904977,TQQQ,88819.98673989829,0.0,2.10738468170166,False
2015-07-10,189395.0629390373,TQQQ,88819.98673989829,0.0,2.10738468170166,False
2015-07-13,199073.34686878964,TQQQ,88819.98673989829,0.0,2.10738468170166,False
2015-07-14,203067.8601226534,TQQQ,88819.98673989829,0.0,2.10738468170166,False
2015-07-15,204035.66098639308,TQQQ,88819.98673989829,0.0,2.10738468170166,False
2015-07-16,212007.0052543669,TQQQ,88819.98673989829,0.0,2.10738468170166,False
2015-07-17,221702.9502475379,TQQQ,88819.98673989829,0.0,2.10738468170166,False
2015-07-20,224184.0967181721,TQQQ,88819.98673989829,0.0,2.10738468170166,False
2015-07-21,223568.14066102807,TQQQ,88819.98673989829,0.0,2.10738468170166,False
2015-07-22,216230.20175026657,TQQQ,88819.98673989829,0.0,2.10738468170166,False
2015-07-23,213643.49124948616,TQQQ,88819.98673989829,0.0,2.10738468170166,False
2015-07-24,207572.5959928347,TQQQ,88819.98673989829,0.0,2.10738468170166,False
2015-07-27,202240.77600521693,TQQQ,88819.98673989829,0.0,2.10738468170166,False
2015-07-28,207572.5959928347,TQQQ,88819.98673989829,0.0,2.10738468170166,False
2015-07-29,209895.40700641708,TQQQ,88819.98673989829,0.0,2.10738468170166,False
2015-07-30,212816.44948471975,TQQQ,88819.98673989829,0.0,2.10738468170166,False
2015-07-31,212165.3830640888,TQQQ,88819.98673989829,0.0,2.10738468170166,False
2015-08-03,210212.12027319075,TECL,63266.818869101095,0.0,3.3226282596588135,False
2015-08-04,206303.3318049146,TECL,63266.818869101095,0.0,3.3226282596588135,False
2015-08-05,211706.67168081124,TECL,63266.818869101095,0.0,3.3226282596588135,False
2015-08-06,206130.87660373453,TECL,63266.818869101095,0.0,3.3226282596588135,False
2015-08-07,206130.87660373453,TECL,63266.818869101095,0.0,3.3226282596588135,False
2015-08-10,216017.75003061217,TECL,63266.818869101095,0.0,3.3226282596588135,False
2015-08-11,206418.2868550496,TECL,63266.818869101095,0.0,3.3226282596588135,False
2015-08-12,208890.02406675034,TECL,63266.818869101095,0.0,3.3226282596588135,False
2015-08-13,207625.42801135502,TECL,63266.818869101095,0.0,3.3226282596588135,False
2015-08-14,210212.12027319075,TECL,63266.818869101095,0.0,3.3226282596588135,False
2015-08-17,213890.93830525666,TECL,63266.818869101095,0.0,3.3226282596588135,False
2015-08-18,210844.42584288094,TECL,63266.818869101095,0.0,3.3226282596588135,False
2015-08-19,206475.80209007976,TECL,63266.818869101095,0.0,3.3226282596588135,False
2015-08-20,191875.3341721005,TECL,63266.818869101095,0.0,3.3226282596588135,False
2015-08-21,186242.0304188596,CASH,0.0,186242.0304188596,,False
2015-08-24,186242.0304188596,CASH,0.0,186242.0304188596,,False
2015-08-25,186242.0304188596,CASH,0.0,186242.0304188596,,False
2015-08-26,186242.0304188596,CASH,0.0,186242.0304188596,,False
2015-08-27,186242.0304188596,CASH,0.0,186242.0304188596,,False
2015-08-28,186242.0304188596,CASH,0.0,186242.0304188596,,False
2015-08-31,186242.0304188596,CASH,0.0,186242.0304188596,,False
2015-09-01,186242.0304188596,IEF,2227.753668996444,0.0,83.60081862316389,False
2015-09-02,185735.7660091963,IEF,2227.753668996444,0.0,83.60081862316389,False
2015-09-03,186189.72917232584,IEF,2227.753668996444,0.0,83.60081862316389,False
2015-09-04,186765.96856997703,IEF,2227.753668996444,0.0,83.60081862316389,False
2015-09-08,185945.33098424572,IEF,2227.753668996444,0.0,83.60081862316389,False
2015-09-09,186015.1688335996,IEF,2227.753668996444,0.0,83.60081862316389,False
2015-09-10,185596.05602583004,IEF,2227.753668996444,0.0,83.60081862316389,False
2015-09-11,186084.903828978,IEF,2227.753668996444,0.0,83.60081862316389,False
2015-09-14,186259.515594692,IEF,2227.753668996444,0.0,83.60081862316389,False
2015-09-15,184793.02361223576,IEF,2227.753668996444,0.0,83.60081862316389,False
2015-09-16,184740.56808473874,IEF,2227.753668996444,0.0,83.60081862316389,False
2015-09-17,186277.00077052435,IEF,2227.753668996444,0.0,83.60081862316389,False
2015-09-18,187150.00817210643,IEF,2227.753668996444,0.0,83.60081862316389,False
2015-09-21,186084.903828978,IEF,2227.753668996444,0.0,83.60081862316389,False
2015-09-22,187010.29818874018,IEF,2227.753668996444,0.0,83.60081862316389,False
2015-09-23,186800.80178300774,IEF,2227.753668996444,0.0,83.60081862316389,False
2015-09-24,187080.1188957648,IEF,2227.753668996444,0.0,83.60081862316389,False
2015-09-25,186591.32251960455,IEF,2227.753668996444,0.0,83.60081862316389,False
2015-09-28,187656.35829341607,IEF,2227.753668996444,0.0,83.60081862316389,False
2015-09-29,188302.3669711042,IEF,2227.753668996444,0.0,83.60081862316389,False
2015-09-30,188337.2858957811,IEF,2227.753668996444,0.0,83.60081862316389,False
2015-10-01,188484.07566112658,IEF,2227.753668996444,0.0,84.54134248182972,False
2015-10-02,189393.3905160547,IEF,2227.753668996444,0.0,84.54134248182972,False
2015-10-05,188344.27996611403,IEF,2227.753668996444,0.0,84.54134248182972,False
2015-10-06,188728.97097675488,IEF,2227.753668996444,0.0,84.54134248182972,False
2015-10-07,188256.75123297682,IEF,2227.753668996444,0.0,84.54134248182972,False
2015-10-08,187767.3034483052,IEF,2227.753668996444,0.0,84.54134248182972,False
2015-10-09,187872.14593398228,IEF,2227.753668996444,0.0,84.54134248182972,False
2015-10-12,188501.68083326364,IEF,2227.753668996444,0.0,84.54134248182972,False
2015-10-13,188676.4640222701,IEF,2227.753668996444,0.0,84.54134248182972,False
2015-10-14,189708.1922503539,IEF,2227.753668996444,0.0,84.54134248182972,False
2015-10-15,189061.12074825238,IEF,2227.753668996444,0.0,84.54134248182972,False
2015-10-16,188903.77130809057,IEF,2227.753668996444,0.0,84.54134248182972,False
2015-10-19,188816.37971358732,IEF,2227.753668996444,0.0,84.54134248182972,False
2015-10-20,188169.29106915658,IEF,2227.753668996444,0.0,84.54134248182972,False
2015-10-21,188816.37971358732,IEF,2227.753668996444,0.0,84.54134248182972,False
2015-10-22,189008.6823630846,IEF,2227.753668996444,0.0,84.54134248182972,False
2015-10-23,187942.06949498237,IEF,2227.753668996444,0.0,84.54134248182972,False
2015-10-26,188431.72298760503,IEF,2227.753668996444,0.0,84.54134248182972,False
2015-10-27,188903.77130809057,IEF,2227.753668996444,0.0,84.54134248182972,False
2015-10-28,187924.58431915005,IEF,2227.753668996444,0.0,84.54134248182972,False
2015-10-29,186770.45986023985,IEF,2227.753668996444,0.0,84.54134248182972,False
2015-10-30,187137.7342643653,IEF,2227.753668996444,0.0,84.54134248182972,False
2015-11-02,186600.04796519148,TECL,51876.358751876665,0.0,3.597015142440796,False
2015-11-03,189380.92141294663,TECL,51876.358751876665,0.0,3.597015142440796,False
2015-11-04,189663.72231218082,TECL,51876.358751876665,0.0,3.597015142440796,False
2015-11-05,188579.64189154323,TECL,51876.358751876665,0.0,3.597015142440796,False
2015-11-06,190135.04065318752,TECL,51876.358751876665,0.0,3.597015142440796,False
2015-11-09,184903.26730636167,TECL,51876.358751876665,0.0,3.597015142440796,False
2015-11-10,181651.07551759982,TECL,51876.358751876665,0.0,3.597015142440796,False
2015-11-11,181226.86798460464,TECL,51876.358751876665,0.0,3.597015142440796,False
2015-11-12,176466.40061049775,TECL,51876.358751876665,0.0,3.597015142440796,False
2015-11-13,167940.04316867233,CASH,0.0,167940.04316867233,,False
2015-11-16,167940.04316867233,CASH,0.0,167940.04316867233,,False
2015-11-17,167940.04316867233,CASH,0.0,167940.04316867233,,False
2015-11-18,167940.04316867233,CASH,0.0,167940.04316867233,,False
2015-11-19,167940.04316867233,CASH,0.0,167940.04316867233,,False
2015-11-20,167940.04316867233,CASH,0.0,167940.04316867233,,False
2015-11-23,167940.04316867233,CASH,0.0,167940.04316867233,,False
2015-11-24,167940.04316867233,CASH,0.0,167940.04316867233,,False
2015-11-25,167940.04316867233,CASH,0.0,167940.04316867233,,False
2015-11-27,167940.04316867233,CASH,0.0,167940.04316867233,,False
2015-11-30,167940.04316867233,CASH,0.0,167940.04316867233,,False
2015-12-01,167940.04316867233,TQQQ,67911.83415648669,0.0,2.4729127883911133,False
2015-12-02,164885.8350834281,TQQQ,67911.83415648669,0.0,2.4729127883911133,False
2015-12-03,156476.71201076187,TQQQ,67911.83415648669,0.0,2.4729127883911133,False
2015-12-04,167226.92344445726,TQQQ,67911.83415648669,0.0,2.4729127883911133,False
2015-12-07,165181.78227865102,TQQQ,67911.83415648669,0.0,2.4729127883911133,False
2015-12-08,165195.35070788817,TQQQ,67911.83415648669,0.0,2.4729127883911133,False
2015-12-09,157499.314976551,TQQQ,67911.83415648669,0.0,2.4729127883911133,False
2015-12-10,159732.7140501621,TQQQ,67911.83415648669,0.0,2.4729127883911133,False
2015-12-11,151146.03885180512,CASH,0.0,151146.03885180512,,False
2015-12-14,151146.03885180512,CASH,0.0,151146.03885180512,,False
2015-12-15,151146.03885180512,CASH,0.0,151146.03885180512,,False
2015-12-16,151146.03885180512,CASH,0.0,151146.03885180512,,False
2015-12-17,151146.03885180512,CASH,0.0,151146.03885180512,,False
2015-12-18,151146.03885180512,CASH,0.0,151146.03885180512,,False
2015-12-21,151146.03885180512,CASH,0.0,151146.03885180512,,False
2015-12-22,151146.03885180512,CASH,0.0,151146.03885180512,,False
2015-12-23,151146.03885180512,CASH,0.0,151146.03885180512,,False
2015-12-24,151146.03885180512,CASH,0.0,151146.03885180512,,False
2015-12-28,151146.03885180512,CASH,0.0,151146.03885180512,,False
2015-12-29,151146.03885180512,CASH,0.0,151146.03885180512,,False
2015-12-30,151146.03885180512,CASH,0.0,151146.03885180512,,False
2015-12-31,151146.03885180512,CASH,0.0,151146.03885180512,,False
2016-01-04,151146.03885180512,TECL,47666.64674193812,0.0,3.1708972454071045,False
2016-01-05,149716.8704301363,TECL,47666.64674193812,0.0,3.1708972454071045,False
2016-01-06,144649.80945498985,TECL,47666.64674193812,0.0,3.1708972454071045,False
2016-01-07,136031.43496662463,CASH,0.0,136031.43496662463,,False
2016-01-08,136031.43496662463,CASH,0.0,136031.43496662463,,False
2016-01-11,136031.43496662463,CASH,0.0,136031.43496662463,,False
2016-01-12,136031.43496662463,CASH,0.0,136031.43496662463,,False
2016-01-13,136031.43496662463,CASH,0.0,136031.43496662463,,False
2016-01-14,136031.43496662463,CASH,0.0,136031.43496662463,,False
2016-01-15,136031.43496662463,CASH,0.0,136031.43496662463,,False
2016-01-19,136031.43496662463,CASH,0.0,136031.43496662463,,False
2016-01-20,136031.43496662463,CASH,0.0,136031.43496662463,,False
2016-01-21,136031.43496662463,CASH,0.0,136031.43496662463,,False
2016-01-22,136031.43496662463,CASH,0.0,136031.43496662463,,False
2016-01-25,136031.43496662463,CASH,0.0,136031.43496662463,,False
2016-01-26,136031.43496662463,CASH,0.0,136031.43496662463,,False
2016-01-27,136031.43496662463,CASH,0.0,136031.43496662463,,False
2016-01-28,136031.43496662463,CASH,0.0,136031.43496662463,,False
2016-01-29,136031.43496662463,CASH,0.0,136031.43496662463,,False
2016-02-01,136031.43496662463,SHY,1962.9508886091692,0.0,69.29945917445161,False
2016-02-02,136207.8944035736,SHY,1962.9508886091692,0.0,69.29945917445161,False
2016-02-03,136239.9930428063,SHY,1962.9508886091692,0.0,69.29945917445161,False
2016-02-04,136272.091682039,SHY,1962.9508886091692,0.0,69.29945917445161,False
2016-02-05,136239.9930428063,SHY,1962.9508886091692,0.0,69.29945917445161,False
2016-02-08,136400.304976066,SHY,1962.9508886091692,0.0,69.29945917445161,False
2016-02-09,136352.19478032188,SHY,1962.9508886091692,0.0,69.29945917445161,False
2016-02-10,136352.19478032188,SHY,1962.9508886091692,0.0,69.29945917445161,False
2016-02-11,136480.4684953168,SHY,1962.9508886091692,0.0,69.29945917445161,False
2016-02-12,136320.12635157313,SHY,1962.9508886091692,0.0,69.29945917445161,False
2016-02-16,136239.9930428063,SHY,1962.9508886091692,0.0,69.29945917445161,False
2016-02-17,136272.091682039,SHY,1962.9508886091692,0.0,69.29945917445161,False
2016-02-18,136384.2934195546,SHY,1962.9508886091692,0.0,69.29945917445161,False
2016-02-19,136255.97438883368,SHY,1962.9508886091692,0.0,69.29945917445161,False
2016-02-22,136272.091682039,SHY,1962.9508886091692,0.0,69.29945917445161,False
2016-02-23,136288.10323855036,SHY,1962.9508886091692,0.0,69.29945917445161,False
2016-02-24,136320.12635157313,SHY,1962.9508886091692,0.0,69.29945917445161,False
2016-02-25,136352.19478032188,SHY,1962.9508886091692,0.0,69.29945917445161,False
2016-02-26,136175.70513288892,SHY,1962.9508886091692,0.0,69.29945917445161,False
2016-02-29,136255.97438883368,SHY,1962.9508886091692,0.0,69.29945917445161,False
2016-03-01,136074.63595872134,GLD,1155.4270173848442,0.0,117.7699966430664,False
2016-03-02,137126.07877584166,GLD,1155.4270173848442,0.0,117.7699966430664,False
2016-03-03,139494.70768756402,GLD,1155.4270173848442,0.0,117.7699966430664,False
2016-03-04,139275.17373339416,GLD,1155.4270173848442,0.0,117.7699966430664,False
2016-03-07,139968.42818078335,GLD,1155.4270173848442,0.0,117.7699966430664,False
2016-03-08,139321.3918719146,GLD,1155.4270173848442,0.0,117.7699966430664,False
2016-03-09,138165.96485452974,GLD,1155.4270173848442,0.0,117.7699966430664,False
2016-03-10,140384.38261225857,GLD,1155.4270173848442,0.0,117.7699966430664,False
2016-03-11,137969.54437722437,GLD,1155.4270173848442,0.0,117.7699966430664,False
2016-03-14,136190.18571262667,GLD,1155.4270173848442,0.0,117.7699966430664,False
2016-03-15,136294.1699128912,GLD,1155.4270173848442,0.0,117.7699966430664,False
2016-03-16,139332.93979513826,GLD,1155.4270173848442,0.0,117.7699966430664,False
2016-03-17,138801.44442496626,GLD,1155.4270173848442,0.0,117.7699966430664,False
2016-03-18,138420.16020878777,GLD,1155.4270173848442,0.0,117.7699966430664,False
2016-03-21,137449.59693027605,GLD,1155.4270173848442,0.0,117.7699966430664,False
2016-03-22,137853.994623319,GLD,1155.4270173848442,0.0,117.7699966430664,False
2016-03-23,134734.34520246336,GLD,1155.4270173848442,0.0,117.7699966430664,False
2016-03-24,134410.827048029,GLD,1155.4270173848442,0.0,117.7699966430664,False
2016-03-28,134722.78846403112,GLD,1155.4270173848442,0.0,117.7699966430664,False
2016-03-29,137218.5150528825,GLD,1155.4270173848442,0.0,117.7699966430664,False
2016-03-30,135300.50197272355,GLD,1155.4270173848442,0.0,117.7699966430664,False
2016-03-31,135924.4336199364,GLD,1155.4270173848442,0.0,117.7699966430664,False
2016-04-01,135104.08149541818,TECL,36925.81789679562,0.0,3.658797264099121,False
2016-04-04,133527.25910342147,TECL,36925.81789679562,0.0,3.658797264099121,False
2016-04-05,129601.96115870003,TECL,36925.81789679562,0.0,3.658797264099121,False
2016-04-06,133057.57631819797,TECL,36925.81789679562,0.0,3.658797264099121,False
2016-04-07,127622.54094536742,TECL,36925.81789679562,0.0,3.658797264099121,False
2016-04-08,127555.4735890819,TECL,36925.81789679562,0.0,3.658797264099121,False
2016-04-11,126817.36291029768,TECL,36925.81789679562,0.0,3.658797264099121,False
2016-04-12,128897.41056946169,TECL,36925.81789679562,0.0,3.658797264099121,False
2016-04-13,133191.79026497834,TECL,36925.81789679562,0.0,3.658797264099121,False
2016-04-14,133024.0162286521,TECL,36925.81789679562,0.0,3.658797264099121,False
2016-04-15,131447.17622905332,TECL,36925.81789679562,0.0,3.658797264099121,False
2016-04-18,132990.45613910625,TECL,36925.81789679562,0.0,3.658797264099121,False
2016-04-19,130876.87480179947,TECL,36925.81789679562,0.0,3.658797264099121,False
2016-04-20,131581.39897963472,TECL,36925.81789679562,0.0,3.658797264099121,False
2016-04-21,130306.5205517394,TECL,36925.81789679562,0.0,3.658797264099121,False
2016-04-22,121593.67334587636,CASH,0.0,121593.67334587636,,False
2016-04-25,121593.67334587636,CASH,0.0,121593.67334587636,,False
2016-04-26,121593.67334587636,CASH,0.0,121593.67334587636,,False
2016-04-27,121593.67334587636,CASH,0.0,121593.67334587636,,False
2016-04-28,121593.67334587636,CASH,0.0,121593.67334587636,,False
2016-04-29,121593.67334587636,CASH,0.0,121593.67334587636,,False
2016-05-02,121593.67334587636,GLD,986.6413133201038,0.0,123.23999786376953,False
2016-05-03,121317.41498254286,GLD,986.6413133201038,0.0,123.23999786376953,False
2016-05-04,120577.43399755278,GLD,986.6413133201038,0.0,123.23999786376953,False
2016-05-05,120439.30481588603,GLD,986.6413133201038,0.0,123.23999786376953,False
2016-05-06,121534.47727586942,GLD,986.6413133201038,0.0,123.23999786376953,False
2016-05-09,119038.2759575657,GLD,986.6413133201038,0.0,123.23999786376953,False
2016-05-10,119363.86939755552,GLD,986.6413133201038,0.0,123.23999786376953,False
2016-05-11,120488.63989254237,GLD,986.6413133201038,0.0,123.23999786376953,False
2016-05-12,119541.46513505217,GLD,986.6413133201038,0.0,123.23999786376953,False
2016-05-13,120084.11334089273,GLD,986.6413133201038,0.0,123.23999786376953,False
2016-05-16,120172.91497337898,GLD,986.6413133201038,0.0,123.23999786376953,False
2016-05-17,120587.30251837922,GLD,986.6413133201038,0.0,123.23999786376953,False
2016-05-18,118495.6202242493,GLD,986.6413133201038,0.0,123.23999786376953,False
2016-05-19,118268.69693757214,GLD,986.6413133201038,0.0,123.23999786376953,False
2016-05-20,118110.83071425253,GLD,986.6413133201038,0.0,123.23999786376953,False
2016-05-23,117775.3762809121,GLD,986.6413133201038,0.0,123.23999786376953,False
2016-05-24,115733.02906343852,GLD,986.6413133201038,0.0,123.23999786376953,False
2016-05-25,115417.30414427511,GLD,986.6413133201038,0.0,123.23999786376953,False
2016-05-26,115022.6461134519,GLD,986.6413133201038,0.0,123.23999786376953,False
2016-05-27,114075.47135596171,GLD,986.6413133201038,0.0,123.23999786376953,False
2016-05-31,114509.58841513898,GLD,986.6413133201038,0.0,123.23999786376953,False
2016-06-01,114391.1962751251,GLD,986.6413133201038,0.0,116.05999755859375,False
2016-06-02,114124.7989051422,GLD,986.6413133201038,0.0,116.05999755859375,False
2016-06-03,117291.91661760263,GLD,986.6413133201038,0.0,116.05999755859375,False
2016-06-06,117331.38317343254,GLD,986.6413133201038,0.0,116.05999755859375,False
2016-06-07,117232.7205475957,GLD,986.6413133201038,0.0,116.05999755859375,False
2016-06-08,118969.21136673231,GLD,986.6413133201038,0.0,116.05999755859375,False
2016-06-09,119630.25924006259,GLD,986.6413133201038,0.0,116.05999755859375,False
2016-06-10,120113.7113758962,GLD,986.6413133201038,0.0,116.05999755859375,False
2016-06-13,121001.69006337946,GLD,986.6413133201038,0.0,116.05999755859375,False
2016-06-14,121129.95072421977,GLD,986.6413133201038,0.0,116.05999755859375,False
2016-06-15,122027.79793252947,GLD,986.6413133201038,0.0,116.05999755859375,False
2016-06-16,120745.161214223,GLD,986.6413133201038,0.0,116.05999755859375,False
2016-06-17,122294.18777503652,GLD,986.6413133201038,0.0,116.05999755859375,False
2016-06-20,121564.07531087288,GLD,986.6413133201038,0.0,116.05999755859375,False
2016-06-21,119225.73268841294,GLD,986.6413133201038,0.0,116.05999755859375,False
2016-06-22,119284.93628589572,GLD,986.6413133201038,0.0,116.05999755859375,False
2016-06-23,118505.48874507574,GLD,986.6413133201038,0.0,116.05999755859375,False
2016-06-24,124316.80547833307,GLD,986.6413133201038,0.0,116.05999755859375,False
2016-06-27,124987.72187248978,GLD,986.6413133201038,0.0,116.05999755859375,False
2016-06-28,123645.88908417638,GLD,986.6413133201038,0.0,116.05999755859375,False
2016-06-29,124158.93925501345,GLD,986.6413133201038,0.0,116.05999755859375,False
2016-06-30,124780.52809998966,GLD,986.6413133201038,0.0,116.05999755859375,False
2016-07-01,126694.61465662293,SHY,1812.6353449219437,0.0,69.89525775912678,False
2016-07-05,126753.97963536163,SHY,1812.6353449219437,0.0,69.89525775912678,False
2016-07-06,126694.61465662293,SHY,1812.6353449219437,0.0,69.89525775912678,False
2016-07-07,126635.19388373128,SHY,1812.6353449219437,0.0,69.89525775912678,False
2016-07-08,126635.19388373128,SHY,1812.6353449219437,0.0,69.89525775912678,False
2016-07-11,126501.49714472506,SHY,1812.6353449219437,0.0,69.89525775912678,False
2016-07-12,126456.95946213276,SHY,1812.6353449219437,0.0,69.89525775912678,False
2016-07-13,126486.69774565507,SHY,1812.6353449219437,0.0,69.89525775912678,False
2016-07-14,126412.37993392578,SHY,1812.6353449219437,0.0,69.89525775912678,False
2016-07-15,126352.9731095724,SHY,1812.6353449219437,0.0,69.89525775912678,False
2016-07-18,126427.2351271487,SHY,1812.6353449219437,0.0,69.89525775912678,False
2016-07-19,126442.0763718334,SHY,1812.6353449219437,0.0,69.89525775912678,False
2016-07-20,126382.66954747999,SHY,1812.6353449219437,0.0,69.89525775912678,False
2016-07-21,126471.75886120275,SHY,1812.6353449219437,0.0,69.89525775912678,False
2016-07-22,126427.2351271487,SHY,1812.6353449219437,0.0,69.89525775912678,False
2016-07-25,126338.04817365827,SHY,1812.6353449219437,0.0,69.89525775912678,False
2016-07-26,126352.9731095724,SHY,1812.6353449219437,0.0,69.89525775912678,False
2016-07-27,126442.0763718334,SHY,1812.6353449219437,0.0,69.89525775912678,False
2016-07-28,126427.2351271487,SHY,1812.6353449219437,0.0,69.89525775912678,False
2016-07-29,126590.57250990956,SHY,1812.6353449219437,0.0,69.89525775912678,False
2016-08-01,126547.45757821752,TQQQ,53291.089717410054,0.0,2.374645709991455,False
2016-08-02,123696.79421135921,TQQQ,53291.089717410054,0.0,2.374645709991455,False
2016-08-03,124868.77015936481,TQQQ,53291.089717410054,0.0,2.374645709991455,False
2016-08-04,125987.87816448543,TQQQ,53291.089717410054,0.0,2.374645709991455,False
2016-08-05,129630.42987747394,TQQQ,53291.089717410054,0.0,2.374645709991455,False
2016-08-08,129218.6545443909,TQQQ,53291.089717410054,0.0,2.374645709991455,False
2016-08-09,130073.81670824932,TQQQ,53291.089717410054,0.0,2.374645709991455,False
2016-08-10,129070.81234698418,TQQQ,53291.089717410054,0.0,2.374645709991455,False
2016-08-11,130739.00495189244,TQQQ,53291.089717410054,0.0,2.374645709991455,False
2016-08-12,130981.77058147735,TQQQ,53291.089717410054,0.0,2.374645709991455,False
2016-08-15,132628.82109146597,TQQQ,53291.089717410054,0.0,2.374645709991455,False
2016-08-16,130538.3583395302,TQQQ,53291.089717410054,0.0,2.374645709991455,False
2016-08-17,131150.7421682178,TQQQ,53291.089717410054,0.0,2.374645709991455,False
2016-08-18,131277.4422707049,TQQQ,53291.089717410054,0.0,2.374645709991455,False
2016-08-19,131097.95045884818,TQQQ,53291.089717410054,0.0,2.374645709991455,False
2016-08-22,131224.6251501635,TQQQ,53291.089717410054,0.0,2.374645709991455,False
2016-08-23,132005.9551544198,TQQQ,53291.089717410054,0.0,2.374645709991455,False
2016-08-24,129461.43287956172,TQQQ,53291.089717410054,0.0,2.374645709991455,False
2016-08-25,128849.09987321767,TQQQ,53291.089717410054,0.0,2.374645709991455,False
2016-08-26,129472.0293381933,TQQQ,53291.089717410054,0.0,2.374645709991455,False
2016-08-29,129830.98755073495,TQQQ,53291.089717410054,0.0,2.374645709991455,False
2016-08-30,128659.01160272937,TQQQ,53291.089717410054,0.0,2.374645709991455,False
2016-08-31,128321.17007393557,TQQQ,53291.089717410054,0.0,2.374645709991455,False
2016-09-01,128891.32053512748,TECL,30567.18049204093,0.0,4.2166571617126465,False
2016-09-02,130502.15395075896,TECL,30567.18049204093,0.0,4.2166571617126465,False
2016-09-06,132473.98044617026,TECL,30567.18049204093,0.0,4.2166571617126465,False
2016-09-07,133279.3242761486,TECL,30567.18049204093,0.0,4.2166571617126465,False
2016-09-08,130252.19754404262,TECL,30567.18049204093,0.0,4.2166571617126465,False
2016-09-09,120754.0435711985,TECL,30567.18049204093,0.0,4.2166571617126465,False
2016-09-12,126947.31879803572,TECL,30567.18049204093,0.0,4.2166571617126465,False
2016-09-13,123920.06088582242,TECL,30567.18049204093,0.0,4.2166571617126465,False
2016-09-14,125919.68298841827,TECL,30567.18049204093,0.0,4.2166571617126465,False
2016-09-15,132168.47655178723,TECL,30567.18049204093,0.0,4.2166571617126465,False
2016-09-16,130474.37291914188,TECL,30567.18049204093,0.0,4.2166571617126465,False
2016-09-19,129474.59101897891,TECL,30567.18049204093,0.0,4.2166571617126465,False
2016-09-20,129363.4523169431,TECL,30567.18049204093,0.0,4.2166571617126465,False
2016-09-21,133640.4048093333,TECL,30567.18049204093,0.0,4.2166571617126465,False
2016-09-22,136084.37766212766,TECL,30567.18049204093,0.0,4.2166571617126465,False
2016-09-23,132834.97352595007,TECL,30567.18049204093,0.0,4.2166571617126465,False
2016-09-26,130168.83987362389,TECL,30567.18049204093,0.0,4.2166571617126465,False
2016-09-27,134418.0550610994,TECL,30567.18049204093,0.0,4.2166571617126465,False
2016-09-28,135306.7565614965,TECL,30567.18049204093,0.0,4.2166571617126465,False
2016-09-29,133029.42617170216,TECL,30567.18049204093,0.0,4.2166571617126465,False
2016-09-30,134751.26710926215,TECL,30567.18049204093,0.0,4.2166571617126465,False
2016-10-03,133529.3244095674,TQQQ,52532.17888213004,0.0,2.5418577194213867,False
2016-10-04,132769.5417215394,TQQQ,52532.17888213004,0.0,2.5418577194213867,False
2016-10-05,134153.79080658683,TQQQ,52532.17888213004,0.0,2.5418577194213867,False
2016-10-06,133945.64369067864,TQQQ,52532.17888213004,0.0,2.5418577194213867,False
2016-10-07,133071.3857249925,TQQQ,52532.17888213004,0.0,2.5418577194213867,False
2016-10-10,135454.70088752732,TQQQ,52532.17888213004,0.0,2.5418577194213867,False
2016-10-11,129855.43200023516,TQQQ,52532.17888213004,0.0,2.5418577194213867,False
2016-10-12,129584.81194286542,TQQQ,52532.17888213004,0.0,2.5418577194213867,False
2016-10-13,128065.33423934151,TQQQ,52532.17888213004,0.0,2.5418577194213867,False
2016-10-14,128356.75773611937,TQQQ,52532.17888213004,0.0,2.5418577194213867,False
2016-10-17,127472.12936234777,TQQQ,52532.17888213004,0.0,2.5418577194213867,False
2016-10-18,130740.07289865421,TQQQ,52532.17888213004,0.0,2.5418577194213867,False
2016-10-19,130792.11280879311,TQQQ,52532.17888213004,0.0,2.5418577194213867,False
2016-10-20,130240.50228596816,TQQQ,52532.17888213004,0.0,2.5418577194213867,False
2016-10-21,131655.95026780406,TQQQ,52532.17888213004,0.0,2.5418577194213867,False
2016-10-24,136453.8170636045,TQQQ,52532.17888213004,0.0,2.5418577194213867,False
2016-10-25,135090.45909049732,TQQQ,52532.17888213004,0.0,2.5418577194213867,False
2016-10-26,132498.9717627594,TQQQ,52532.17888213004,0.0,2.5418577194213867,False
2016-10-27,130646.38853575673,TQQQ,52532.17888213004,0.0,2.5418577194213867,False
2016-10-28,128387.98168220272,TQQQ,52532.17888213004,0.0,2.5418577194213867,False
2016-10-31,127659.48556349527,TQQQ,52532.17888213004,0.0,2.5418577194213867,False
2016-11-01,125036.76176502657,TQQQ,52532.17888213004,0.0,2.430119752883911,False
2016-11-02,121779.15106286324,TQQQ,52532.17888213004,0.0,2.430119752883911,False
2016-11-03,118271.8114152704,TQQQ,52532.17888213004,0.0,2.430119752883911,False
2016-11-04,116929.21930762898,TQQQ,52532.17888213004,0.0,2.430119752883911,False
2016-11-07,125307.29414986422,TQQQ,52532.17888213004,0.0,2.430119752883911,False
2016-11-08,127763.52780983075,TQQQ,52532.17888213004,0.0,2.430119752883911,False
2016-11-09,129553.60052142951,TQQQ,52532.17888213004,0.0,2.430119752883911,False
2016-11-10,123392.33817857952,TQQQ,52532.17888213004,0.0,2.430119752883911,False
2016-11-11,123288.25835830171,TQQQ,52532.17888213004,0.0,2.430119752883911,False
2016-11-14,119125.21584295866,TQQQ,52532.17888213004,0.0,2.430119752883911,False
2016-11-15,124641.2584479709,TQQQ,52532.17888213004,0.0,2.430119752883911,False
2016-11-16,126670.72727085608,TQQQ,52532.17888213004,0.0,2.430119752883911,False
2016-11-17,129605.65295621587,TQQQ,52532.17888213004,0.0,2.430119752883911,False
2016-11-18,128148.56052162142,TQQQ,52532.17888213004,0.0,2.430119752883911,False
2016-11-21,131999.45124866316,TQQQ,52532.17888213004,0.0,2.430119752883911,False
2016-11-22,133185.89857659297,TQQQ,52532.17888213004,0.0,2.430119752883911,False
2016-11-23,131583.08186896212,TQQQ,52532.17888213004,0.0,2.430119752883911,False
2016-11-25,132852.85567635144,TQQQ,52532.17888213004,0.0,2.430119752883911,False
2016-11-28,132113.87642773153,TQQQ,52532.17888213004,0.0,2.430119752883911,False
2016-11-29,133383.65023512082,TQQQ,52532.17888213004,0.0,2.430119752883911,False
2016-11-30,129064.50051400848,TQQQ,52532.17888213004,0.0,2.430119752883911,False
2016-12-01,121976.91524603852,TECL,30387.510740238755,0.0,4.014047622680664,False
2016-12-02,123246.9399885804,TECL,30387.510740238755,0.0,4.014047622680664,False
2016-12-05,126808.48354975144,TECL,30387.510740238755,0.0,4.014047622680664,False
2016-12-06,127968.0808080903,TECL,30387.510740238755,0.0,4.014047622680664,False
2016-12-07,135146.4468770581,TECL,30387.510740238755,0.0,4.014047622680664,False
2016-12-08,136609.69435964033,TECL,30387.510740238755,0.0,4.014047622680664,False
2016-12-09,139149.77282451262,TECL,30387.510740238755,0.0,4.014047622680664,False
2016-12-12,138155.8095475312,TECL,30387.510740238755,0.0,4.014047622680664,False
2016-12-13,143070.24555655275,TECL,30387.510740238755,0.0,4.014047622680664,False
2016-12-14,141827.83855248234,TECL,30387.510740238755,0.0,4.014047622680664,False
2016-12-15,143401.54249905612,TECL,30387.510740238755,0.0,4.014047622680664,False
2016-12-16,140695.88801240348,TECL,30387.510740238755,0.0,4.014047622680664,False
2016-12-19,143539.55874194208,TECL,30387.510740238755,0.0,4.014047622680664,False
2016-12-20,145002.8496942071,TECL,30387.510740238755,0.0,4.014047622680664,False
2016-12-21,144229.8428148916,TECL,30387.510740238755,0.0,4.014047622680664,False
2016-12-22,143208.29077922725,TECL,30387.510740238755,0.0,4.014047622680664,False
2016-12-23,143401.54249905612,TECL,30387.510740238755,0.0,4.014047622680664,False
2016-12-27,145278.9691193446,TECL,30387.510740238755,0.0,4.014047622680664,False
2016-12-28,141662.1755913364,TECL,30387.510740238755,0.0,4.014047622680664,False
2016-12-29,141524.14485855616,TECL,30387.510740238755,0.0,4.014047622680664,False
2016-12-30,137879.7191021822,TECL,30387.510740238755,0.0,4.014047622680664,False
2017-01-03,141855.42731116526,TECL,30387.510740238755,0.0,4.537381172180176,False
2017-01-04,143125.4665436014,TECL,30387.510740238755,0.0,4.537381172180176,False
2017-01-05,143898.50240270543,TECL,30387.510740238755,0.0,4.537381172180176,False
2017-01-06,146769.84883029255,TECL,30387.510740238755,0.0,4.537381172180176,False
2017-01-09,147211.57325699896,TECL,30387.510740238755,0.0,4.537381172180176,False
2017-01-10,146907.90854286132,TECL,30387.510740238755,0.0,4.537381172180176,False
2017-01-11,148923.3803858243,TECL,30387.510740238755,0.0,4.537381172180176,False
2017-01-12,148426.40599228072,TECL,30387.510740238755,0.0,4.537381172180176,False
2017-01-13,149144.23535423036,TECL,30387.510740238755,0.0,4.537381172180176,False
2017-01-17,147791.4443356397,TECL,30387.510740238755,0.0,4.537381172180176,False
2017-01-18,148895.73366756432,TECL,30387.510740238755,0.0,4.537381172180176,False
2017-01-19,147901.84284005422,TECL,30387.510740238755,0.0,4.537381172180176,False
2017-01-20,150524.673091081,TECL,30387.510740238755,0.0,4.537381172180176,False
2017-01-23,150938.88120857583,TECL,30387.510740238755,0.0,4.537381172180176,False
2017-01-24,154113.86337051206,TECL,30387.510740238755,0.0,4.537381172180176,False
2017-01-25,158310.47001758398,TECL,30387.510740238755,0.0,4.537381172180176,False
2017-01-26,157482.15521185423,TECL,30387.510740238755,0.0,4.537381172180176,False
2017-01-27,159083.4624070052,TECL,30387.510740238755,0.0,4.537381172180176,False
2017-01-30,155245.87187016796,TECL,30387.510740238755,0.0,4.537381172180176,False
2017-01-31,152871.4708563359,TECL,30387.510740238755,0.0,4.537381172180176,False
2017-02-01,155715.1850555573,TQQQ,52370.111359937146,0.0,2.9733598232269287,False
2017-02-02,155320.91439553534,TQQQ,52370.111359937146,0.0,2.9733598232269287,False
2017-02-03,156669.690387794,TQQQ,52370.111359937146,0.0,2.9733598232269287,False
2017-02-06,157250.7392345743,TQQQ,52370.111359937146,0.0,2.9733598232269287,False
2017-02-07,158869.3003917028,TQQQ,52370.111359937146,0.0,2.9733598232269287,False
2017-02-08,159761.61292039359,TQQQ,52370.111359937146,0.0,2.9733598232269287,False
2017-02-09,161421.66508057027,TQQQ,52370.111359937146,0.0,2.9733598232269287,False
2017-02-10,163019.47449317088,TQQQ,52370.111359937146,0.0,2.9733598232269287,False
2017-02-13,165883.11534995638,TQQQ,52370.111359937146,0.0,2.9733598232269287,False
2017-02-14,167439.40878749374,TQQQ,52370.111359937146,0.0,2.9733598232269287,False
2017-02-15,170323.83884682972,TQQQ,52370.111359937146,0.0,2.9733598232269287,False
2017-02-16,170178.57663513464,TQQQ,52370.111359937146,0.0,2.9733598232269287,False
2017-02-17,172315.93140545985,TQQQ,52370.111359937146,0.0,2.9733598232269287,False
2017-02-21,175055.0243370555,TQQQ,52370.111359937146,0.0,2.9733598232269287,False
2017-02-22,175075.83851162108,TQQQ,52370.111359937146,0.0,2.9733598232269287,False
2017-02-23,173187.45473160016,TQQQ,52370.111359937146,0.0,2.9733598232269287,False
2017-02-24,174121.2457773316,TQQQ,52370.111359937146,0.0,2.9733598232269287,False
2017-02-27,174640.0643625434,TQQQ,52370.111359937146,0.0,2.9733598232269287,False
2017-02-28,173270.5116537418,TQQQ,52370.111359937146,0.0,2.9733598232269287,False
2017-03-01,178873.2204701079,TQQQ,52370.111359937146,0.0,3.3085763454437256,False
2017-03-02,176051.1080743932,TQQQ,52370.111359937146,0.0,3.3085763454437256,False
2017-03-03,176964.10991757415,TQQQ,52370.111359937146,0.0,3.3085763454437256,False
2017-03-06,175739.84439248272,TQQQ,52370.111359937146,0.0,3.3085763454437256,False
2017-03-07,174868.2836083198,TQQQ,52370.111359937146,0.0,3.3085763454437256,False
2017-03-08,175760.59613701058,TQQQ,52370.111359937146,0.0,3.3085763454437256,False
2017-03-09,176300.07906469746,TQQQ,52370.111359937146,0.0,3.3085763454437256,False
2017-03-10,178229.9538477666,TQQQ,52370.111359937146,0.0,3.3085763454437256,False
2017-03-13,179267.4786441223,TQQQ,52370.111359937146,0.0,3.3085763454437256,False
2017-03-14,177939.45439639152,TQQQ,52370.111359937146,0.0,3.3085763454437256,False
2017-03-15,181052.07872948883,TQQQ,52370.111359937146,0.0,3.3085763454437256,False
2017-03-16,180948.28254882686,TQQQ,52370.111359937146,0.0,3.3085763454437256,False
2017-03-17,180512.5458577718,TQQQ,52370.111359937146,0.0,3.3085763454437256,False
2017-03-20,181052.07872948883,TQQQ,52370.111359937146,0.0,3.3085763454437256,False
2017-03-21,172979.949772329,TQQQ,52370.111359937146,0.0,3.3085763454437256,False
2017-03-22,176383.12350083154,TQQQ,52370.111359937146,0.0,3.3085763454437256,False
2017-03-23,174972.01735894405,TQQQ,52370.111359937146,0.0,3.3085763454437256,False
2017-03-24,175926.61009323352,TQQQ,52370.111359937146,0.0,3.3085763454437256,False
2017-03-27,176860.3387089273,TQQQ,52370.111359937146,0.0,3.3085763454437256,False
2017-03-28,180180.56788935605,TQQQ,52370.111359937146,0.0,3.3085763454437256,False
2017-03-29,182566.88116397796,TQQQ,52370.111359937146,0.0,3.3085763454437256,False
2017-03-30,183479.9704092117,TQQQ,52370.111359937146,0.0,3.3085763454437256,False
2017-03-31,183044.20874614155,TQQQ,52370.111359937146,0.0,3.3085763454437256,False
2017-04-03,182649.9131141045,TECL,30116.976320677644,0.0,6.064682960510254,False
2017-04-04,182868.77312955743,TECL,30116.976320677644,0.0,6.064682960510254,False
2017-04-05,181144.92020731742,TECL,30116.976320677644,0.0,6.064682960510254,False
2017-04-06,180761.82901491437,TECL,30116.976320677644,0.0,6.064682960510254,False
2017-04-07,180597.65528153788,TECL,30116.976320677644,0.0,6.064682960510254,False
2017-04-10,179612.5985203855,TECL,30116.976320677644,0.0,6.064682960510254,False
2017-04-11,177560.32632692548,TECL,30116.976320677644,0.0,6.064682960510254,False
2017-04-12,175699.59972966695,TECL,30116.976320677644,0.0,6.064682960510254,False
2017-04-13,173647.39934067396,TECL,30116.976320677644,0.0,6.064682960510254,False
2017-04-17,178107.591252705,TECL,30116.976320677644,0.0,6.064682960510254,False
2017-04-18,177916.0600173969,TECL,30116.976320677644,0.0,6.064682960510254,False
2017-04-19,177450.896319199,TECL,30116.976320677644,0.0,6.064682960510254,False
2017-04-20,182047.89010178155,TECL,30116.976320677644,0.0,6.064682960510254,False
2017-04-21,181281.70771697548,TECL,30116.976320677644,0.0,6.064682960510254,False
2017-04-24,187602.62622626504,TECL,30116.976320677644,0.0,6.064682960510254,False
2017-04-25,190639.95518087747,TECL,30116.976320677644,0.0,6.064682960510254,False
2017-04-26,190037.9752512347,TECL,30116.976320677644,0.0,6.064682960510254,False
2017-04-27,192664.82678972566,TECL,30116.976320677644,0.0,6.064682960510254,False
2017-04-28,193622.56913162663,TECL,30116.976320677644,0.0,6.064682960510254,False
2017-05-01,197863.87230641796,TECL,30116.976320677644,0.0,6.429017543792725,False
2017-05-02,199067.84652659687,TECL,30116.976320677644,0.0,6.429017543792725,False
2017-05-03,197836.50044359293,TECL,30116.976320677644,0.0,6.429017543792725,False
2017-05-04,197672.34107110984,TECL,30116.976320677644,0.0,6.429017543792725,False
2017-05-05,199970.8451428478,TECL,30116.976320677644,0.0,6.429017543792725,False
2017-05-08,202433.50858706888,TECL,30116.976320677644,0.0,6.429017543792725,False
2017-05-09,203117.61846608008,TECL,30116.976320677644,0.0,6.429017543792725,False
2017-05-10,205498.23812629312,TECL,30116.976320677644,0.0,6.429017543792725,False
2017-05-11,204814.1569690687,TECL,30116.976320677644,0.0,6.429017543792725,False
2017-05-12,206483.3092483389,TECL,30116.976320677644,0.0,6.429017543792725,False
2017-05-15,209383.7932497196,TECL,30116.976320677644,0.0,6.429017543792725,False
2017-05-16,212475.86592998204,TECL,30116.976320677644,0.0,6.429017543792725,False
2017-05-17,194908.6589402806,TECL,30116.976320677644,0.0,6.429017543792725,False
2017-05-18,198985.77402080203,TECL,30116.976320677644,0.0,6.429017543792725,False
2017-05-19,202023.07425362762,TECL,30116.976320677644,0.0,6.429017543792725,False
2017-05-22,207057.88859336983,TECL,30116.976320677644,0.0,6.429017543792725,False
2017-05-23,207687.2978294112,TECL,30116.976320677644,0.0,6.429017543792725,False
2017-05-24,210013.1594030808,TECL,30116.976320677644,0.0,6.429017543792725,False
2017-05-25,215130.13241397825,TECL,30116.976320677644,0.0,6.429017543792725,False
2017-05-26,214938.52937420312,TECL,30116.976320677644,0.0,6.429017543792725,False
2017-05-30,217346.53525813457,TECL,30116.976320677644,0.0,6.429017543792725,False
2017-05-31,216033.05922576218,TECL,30116.976320677644,0.0,6.429017543792725,False
2017-06-01,217483.30840689922,TECL,30116.976320677644,0.0,7.173132419586182,False
2017-06-02,223475.9081712226,TECL,30116.976320677644,0.0,7.173132419586182,False
2017-06-05,224269.41933617348,TECL,30116.976320677644,0.0,7.173132419586182,False
2017-06-06,223147.53198268282,TECL,30116.976320677644,0.0,7.173132419586182,False
2017-06-07,224816.6986228464,TECL,30116.976320677644,0.0,7.173132419586182,False
2017-06-08,226677.3677765313,TECL,30116.976320677644,0.0,7.173132419586182,False
2017-06-09,209465.92319908808,TECL,30116.976320677644,0.0,7.173132419586182,False
2017-06-12,205717.12686353285,TECL,30116.976320677644,0.0,7.173132419586182,False
2017-06-13,210095.24626976904,TECL,30116.976320677644,0.0,7.173132419586182,False
2017-06-14,207249.50599403837,TECL,30116.976320677644,0.0,7.173132419586182,False
2017-06-15,204376.32205101562,TECL,30116.976320677644,0.0,7.173132419586182,False
2017-06-16,202871.38658780215,TECL,30116.976320677644,0.0,7.173132419586182,False
2017-06-19,212147.48974144226,TECL,30116.976320677644,0.0,7.173132419586182,False
2017-06-20,207386.30786458982,TECL,30116.976320677644,0.0,7.173132419586182,False
2017-06-21,210505.7236858905,TECL,30116.976320677644,0.0,7.173132419586182,False
2017-06-22,210779.31306610003,TECL,30116.976320677644,0.0,7.173132419586182,False
2017-06-23,214363.93566827878,TECL,30116.976320677644,0.0,7.173132419586182,False
2017-06-26,211025.5736661648,TECL,30116.976320677644,0.0,7.173132419586182,False
2017-06-27,200819.10003344872,TECL,30116.976320677644,0.0,7.173132419586182,False
2017-06-28,208152.4471667157,TECL,30116.976320677644,0.0,7.173132419586182,False
2017-06-29,194429.75330318595,CASH,0.0,194429.75330318595,,False
2017-06-30,194429.75330318595,CASH,0.0,194429.75330318595,,False
2017-07-03,194429.75330318595,TQQQ,51651.6966224352,0.0,3.764247179031372,False
2017-07-05,199976.16958347513,TQQQ,51651.6966224352,0.0,3.764247179031372,False
2017-07-06,194695.8129177317,TQQQ,51651.6966224352,0.0,3.764247179031372,False
2017-07-07,200528.70662515247,TQQQ,51651.6966224352,0.0,3.764247179031372,False
2017-07-10,204724.30850233408,TQQQ,51651.6966224352,0.0,3.764247179031372,False
2017-07-11,206402.57141971015,TQQQ,51651.6966224352,0.0,3.764247179031372,False
2017-07-12,213749.96684320035,TQQQ,51651.6966224352,0.0,3.764247179031372,False
2017-07-13,215162.17014603066,TQQQ,51651.6966224352,0.0,3.764247179031372,False
2017-07-14,220217.29050767585,TQQQ,51651.6966224352,0.0,3.764247179031372,False
2017-07-17,220340.09293656965,TQQQ,51651.6966224352,0.0,3.764247179031372,False
2017-07-18,224719.87382764372,TQQQ,51651.6966224352,0.0,3.764247179031372,False
2017-07-19,228833.60741889616,TQQQ,51651.6966224352,0.0,3.764247179031372,False
2017-07-20,229693.19979170442,TQQQ,51651.6966224352,0.0,3.764247179031372,False
2017-07-21,229345.25957650537,TQQQ,51651.6966224352,0.0,3.764247179031372,False
2017-07-24,232333.32886567968,TQQQ,51651.6966224352,0.0,3.764247179031372,False
2017-07-25,230777.83143302504,TQQQ,51651.6966224352,0.0,3.764247179031372,False
2017-07-26,232845.0056527371,TQQQ,51651.6966224352,0.0,3.764247179031372,False
2017-07-27,228690.31328907184,TQQQ,51651.6966224352,0.0,3.764247179031372,False
2017-07-28,227953.54797460558,TQQQ,51651.6966224352,0.0,3.764247179031372,False
2017-07-31,224985.99501581007,TQQQ,51651.6966224352,0.0,3.764247179031372,False
2017-08-01,226459.4763858461,TECL,30186.407624575033,0.0,7.502034664154053,False
2017-08-02,228845.584297115,TECL,30186.407624575033,0.0,7.502034664154053,False
2017-08-03,226514.33192300185,TECL,30186.407624575033,0.0,7.502034664154053,False
2017-08-04,228379.2906402899,TECL,30186.407624575033,0.0,7.502034664154053,False
2017-08-07,232109.29443887094,TECL,30186.407624575033,0.0,7.502034664154053,False
2017-08-08,230984.8207001818,TECL,30186.407624575033,0.0,7.502034664154053,False
2017-08-09,231204.228454804,TECL,30186.407624575033,0.0,7.502034664154053,False
2017-08-10,217491.0350779062,TECL,30186.407624575033,0.0,7.502034664154053,False
2017-08-11,221879.21895835132,TECL,30186.407624575033,0.0,7.502034664154053,False
2017-08-14,232136.72940444926,TECL,30186.407624575033,0.0,7.502034664154053,False
2017-08-15,233837.16469227252,TECL,30186.407624575033,0.0,7.502034664154053,False
2017-08-16,235290.786047897,TECL,30186.407624575033,0.0,7.502034664154053,False
2017-08-17,221604.9988485759,TECL,30186.407624575033,0.0,7.502034664154053,False
2017-08-18,220782.20897324212,TECL,30186.407624575033,0.0,7.502034664154053,False
2017-08-21,220754.77400766383,TECL,30186.407624575033,0.0,7.502034664154053,False
2017-08-22,230189.42260842383,TECL,30186.407624575033,0.0,7.502034664154053,False
2017-08-23,229037.54269215805,TECL,30186.407624575033,0.0,7.502034664154053,False
2017-08-24,227885.63398789061,TECL,30186.407624575033,0.0,7.502034664154053,False
2017-08-25,227529.05140537702,TECL,30186.407624575033,0.0,7.502034664154053,False
2017-08-28,229531.27131456148,TECL,30186.407624575033,0.0,7.502034664154053,False
2017-08-29,232081.85947329266,TECL,30186.407624575033,0.0,7.502034664154053,False
2017-08-30,236662.03053678246,TECL,30186.407624575033,0.0,7.502034664154053,False
2017-08-31,241105.1707123891,TECL,30186.407624575033,0.0,7.502034664154053,False
2017-09-01,240803.4004850288,TQQQ,52667.160478289465,0.0,4.572173595428467,False
2017-09-05,234354.991343083,TQQQ,52667.160478289465,0.0,4.572173595428467,False
2017-09-06,236379.2276101879,TQQQ,52667.160478289465,0.0,4.572173595428467,False
2017-09-07,237840.06404830093,TQQQ,52667.160478289465,0.0,4.572173595428467,False
2017-09-08,231975.94929974573,TQQQ,52667.160478289465,0.0,4.572173595428467,False
2017-09-11,239363.50883863276,TQQQ,52667.160478289465,0.0,4.572173595428467,False
2017-09-12,241387.74510573765,TQQQ,52667.160478289465,0.0,4.572173595428467,False
2017-09-13,242389.40340026116,TQQQ,52667.160478289465,0.0,4.572173595428467,False
2017-09-14,238299.1417372539,TQQQ,52667.160478289465,0.0,4.572173595428467,False
2017-09-15,240219.08097797906,TQQQ,52667.160478289465,0.0,4.572173595428467,False
2017-09-18,239634.7363572702,TQQQ,52667.160478289465,0.0,4.572173595428467,False
2017-09-19,240657.31432985156,TQQQ,52667.160478289465,0.0,4.572173595428467,False
2017-09-20,238653.9726271454,TQQQ,52667.160478289465,0.0,4.572173595428467,False
2017-09-21,234062.86926004683,TQQQ,52667.160478289465,0.0,4.572173595428467,False
2017-09-22,233478.52463933796,TQQQ,52667.160478289465,0.0,4.572173595428467,False
2017-09-25,226153.64879364712,TQQQ,52667.160478289465,0.0,4.572173595428467,False
2017-09-26,227697.9128074003,TQQQ,52667.160478289465,0.0,4.572173595428467,False
2017-09-27,233874.99397607215,TQQQ,52667.160478289465,0.0,4.572173595428467,False
2017-09-28,233478.52463933796,TQQQ,52667.160478289465,0.0,4.572173595428467,False
2017-09-29,238424.35844169153,TQQQ,52667.160478289465,0.0,4.572173595428467,False
2017-10-02,239092.1808653588,TECL,29275.01986471644,0.0,8.167105674743652,False
2017-10-03,241007.2174841451,TECL,29275.01986471644,0.0,8.167105674743652,False
2017-10-04,240156.02805616328,TECL,29275.01986471644,0.0,8.167105674743652,False
2017-10-05,246965.20845400324,TECL,29275.01986471644,0.0,8.167105674743652,False
2017-10-06,248401.5766543053,TECL,29275.01986471644,0.0,8.167105674743652,False
2017-10-09,250077.29302326677,TECL,29275.01986471644,0.0,8.167105674743652,False
2017-10-10,250662.471795587,TECL,29275.01986471644,0.0,8.167105674743652,False
2017-10-11,253481.82738451762,TECL,29275.01986471644,0.0,8.167105674743652,False
2017-10-12,251752.95355455912,TECL,29275.01986471644,0.0,8.167105674743652,False
2017-10-13,255130.93710414603,TECL,29275.01986471644,0.0,8.167105674743652,False
2017-10-16,257843.9777710826,TECL,29275.01986471644,0.0,8.167105674743652,False
2017-10-17,257524.80965442397,TECL,29275.01986471644,0.0,8.167105674743652,False
2017-10-18,259546.24495170804,TECL,29275.01986471644,0.0,8.167105674743652,False
2017-10-19,257178.97905076316,TECL,29275.01986471644,0.0,8.167105674743652,False
2017-10-20,261966.6403948154,TECL,29275.01986471644,0.0,8.167105674743652,False
2017-10-23,258774.90339055998,TECL,29275.01986471644,0.0,8.167105674743652,False
2017-10-24,260716.54665867938,TECL,29275.01986471644,0.0,8.167105674743652,False
2017-10-25,257205.64153776533,TECL,29275.01986471644,0.0,8.167105674743652,False
2017-10-26,259759.0423087035,TECL,29275.01986471644,0.0,8.167105674743652,False
2017-10-27,280239.71304438583,TECL,29275.01986471644,0.0,8.167105674743652,False
2017-10-30,283192.18563648546,TECL,29275.01986471644,0.0,8.167105674743652,False
2017-10-31,286543.59045557387,TECL,29275.01986471644,0.0,8.167105674743652,False
2017-11-01,286277.5239622431,TECL,29275.01986471644,0.0,9.787989616394043,False
2017-11-02,286889.2814650619,TECL,29275.01986471644,0.0,9.787989616394043,False
2017-11-03,293432.5349637439,TECL,29275.01986471644,0.0,9.787989616394043,False
2017-11-06,295081.6726022069,TECL,29275.01986471644,0.0,9.787989616394043,False
2017-11-07,295746.58756602264,TECL,29275.01986471644,0.0,9.787989616394043,False
2017-11-08,300587.462208741,TECL,29275.01986471644,0.0,9.787989616394043,False
2017-11-09,293778.22597323195,TECL,29275.01986471644,0.0,9.787989616394043,False
2017-11-10,293219.68176907935,TECL,29275.01986471644,0.0,9.787989616394043,False
2017-11-13,293006.8844120839,TECL,29275.01986471644,0.0,9.787989616394043,False
2017-11-14,291038.66241346597,TECL,29275.01986471644,0.0,9.787989616394043,False
2017-11-15,284442.2514537869,TECL,29275.01986471644,0.0,9.787989616394043,False
2017-11-16,295932.75035485043,TECL,29275.01986471644,0.0,9.787989616394043,False
2017-11-17,290958.8983031359,TECL,29275.01986471644,0.0,9.787989616394043,False
2017-11-20,293884.6804893988,TECL,29275.01986471644,0.0,9.787989616394043,False
2017-11-21,302848.273593519,TECL,29275.01986471644,0.0,9.787989616394043,False
2017-11-22,301731.1851852138,TECL,29275.01986471644,0.0,9.787989616394043,False
2017-11-24,306279.5262794412,TECL,29275.01986471644,0.0,9.787989616394043,False
2017-11-27,306385.8691202698,TECL,29275.01986471644,0.0,9.787989616394043,False
2017-11-28,308886.1124302109,TECL,29275.01986471644,0.0,9.787989616394043,False
2017-11-29,288777.8231098534,TECL,29275.01986471644,0.0,9.787989616394043,False
2017-11-30,296092.3344131798,TECL,29275.01986471644,0.0,9.787989616394043,False
2017-12-01,291809.97605577944,TQQQ,54443.25780519261,0.0,5.359891891479492,False
2017-12-04,281735.6919470735,TQQQ,54443.25780519261,0.0,5.359891891479492,False
2017-12-05,282145.5314393805,TQQQ,54443.25780519261,0.0,5.359891891479492,False
2017-12-06,285877.57082210475,TQQQ,54443.25780519261,0.0,5.359891891479492,False
2017-12-07,288703.5863699323,TQQQ,54443.25780519261,0.0,5.359891891479492,False
2017-12-08,292521.89272123424,TQQQ,54443.25780519261,0.0,5.359891891479492,False
2017-12-11,299230.8564355182,TQQQ,54443.25780519261,0.0,5.359891891479492,False
2017-12-12,298109.2041200298,TQQQ,54443.25780519261,0.0,5.359891891479492,False
2017-12-13,299597.6792660939,TQQQ,54443.25780519261,0.0,5.359891891479492,False
2017-12-14,299166.16269922705,TQQQ,54443.25780519261,0.0,5.359891891479492,False
2017-12-15,308895.30105191714,TQQQ,54443.25780519261,0.0,5.359891891479492,False
2017-12-18,316833.9649671005,TQQQ,54443.25780519261,0.0,5.359891891479492,False
2017-12-19,311678.1701351717,TQQQ,54443.25780519261,0.0,5.359891891479492,False
2017-12-20,310383.7761979812,TQQQ,54443.25780519261,0.0,5.359891891479492,False
2017-12-21,310232.867414249,TQQQ,54443.25780519261,0.0,5.359891891479492,False
2017-12-22,309197.30034335994,TQQQ,54443.25780519261,0.0,5.359891891479492,False
2017-12-26,304192.5700585734,TQQQ,54443.25780519261,0.0,5.359891891479492,False
2017-12-27,304192.5700585734,TQQQ,54443.25780519261,0.0,5.359891891479492,False
2017-12-28,305012.2750037557,TQQQ,54443.25780519261,0.0,5.359891891479492,False
2017-12-29,299252.4815889414,TQQQ,54443.25780519261,0.0,5.359891891479492,False
2018-01-02,314612.02588386345,TECL,29735.88886953718,0.0,10.580212593078613,False
2018-01-03,322346.14291459,TECL,29735.88886953718,0.0,10.580212593078613,False
2018-01-04,327889.91743842594,TECL,29735.88886953718,0.0,10.580212593078613,False
2018-01-05,338382.3664381021,TECL,29735.88886953718,0.0,10.580212593078613,False
2018-01-08,342006.08192216436,TECL,29735.88886953718,0.0,10.580212593078613,False
2018-01-09,339058.4012269595,TECL,29735.88886953718,0.0,10.580212593078613,False
2018-01-10,335299.6149052225,TECL,29735.88886953718,0.0,10.580212593078613,False
2018-01-11,340194.23835930997,TECL,29735.88886953718,0.0,10.580212593078613,False
2018-01-12,345440.4486799713,TECL,29735.88886953718,0.0,10.580212593078613,False
2018-01-16,341465.28812110267,TECL,29735.88886953718,0.0,10.580212593078613,False
2018-01-17,356852.3605748663,TECL,29735.88886953718,0.0,10.580212593078613,False
2018-01-18,358664.2041377207,TECL,29735.88886953718,0.0,10.580212593078613,False
2018-01-19,360043.35594301875,TECL,29735.88886953718,0.0,10.580212593078613,False
2018-01-22,370535.89001775533,TECL,29735.88886953718,0.0,10.580212593078613,False
2018-01-23,376512.3279407942,TECL,29735.88886953718,0.0,10.580212593078613,False
2018-01-24,367750.50417957595,TECL,29735.88886953718,0.0,10.580212593078613,False
2018-01-25,365316.70520797034,TECL,29735.88886953718,0.0,10.580212593078613,False
2018-01-26,381704.4305229958,TECL,29735.88886953718,0.0,10.580212593078613,False
2018-01-29,371887.9879538235,TECL,29735.88886953718,0.0,10.580212593078613,False
2018-01-30,361368.4850849176,TECL,29735.88886953718,0.0,10.580212593078613,False
2018-01-31,370049.14723844634,TECL,29735.88886953718,0.0,10.580212593078613,False
2018-02-01,370535.89001775533,TECL,29735.88886953718,0.0,12.44452953338623,False
2018-02-02,337381.7986519007,TECL,29735.88886953718,0.0,12.44452953338623,False
2018-02-05,326943.39763392514,CASH,0.0,326943.39763392514,,False
2018-02-06,326943.39763392514,CASH,0.0,326943.39763392514,,False
2018-02-07,326943.39763392514,CASH,0.0,326943.39763392514,,False
2018-02-08,326943.39763392514,CASH,0.0,326943.39763392514,,False
2018-02-09,326943.39763392514,CASH,0.0,326943.39763392514,,False
2018-02-12,326943.39763392514,CASH,0.0,326943.39763392514,,False
2018-02-13,326943.39763392514,CASH,0.0,326943.39763392514,,False
2018-02-14,326943.39763392514,CASH,0.0,326943.39763392514,,False
2018-02-15,326943.39763392514,CASH,0.0,326943.39763392514,,False
2018-02-16,326943.39763392514,CASH,0.0,326943.39763392514,,False
2018-02-20,326943.39763392514,CASH,0.0,326943.39763392514,,False
2018-02-21,326943.39763392514,CASH,0.0,326943.39763392514,,False
2018-02-22,326943.39763392514,CASH,0.0,326943.39763392514,,False
2018-02-23,326943.39763392514,CASH,0.0,326943.39763392514,,False
2018-02-26,326943.39763392514,CASH,0.0,326943.39763392514,,False
2018-02-27,326943.39763392514,CASH,0.0,326943.39763392514,,False
2018-02-28,326943.39763392514,CASH,0.0,326943.39763392514,,False
2018-03-01,326943.39763392514,TECL,28813.564460218808,0.0,11.346857070922852,False
2018-03-02,336167.0543975163,TECL,28813.564460218808,0.0,11.346857070922852,False
2018-03-05,346124.4489142286,TECL,28813.564460218808,0.0,11.346857070922852,False
2018-03-06,348508.9729574686,TECL,28813.564460218808,0.0,11.346857070922852,False
2018-03-07,354326.22568519483,TECL,28813.564460218808,0.0,11.346857070922852,False
2018-03-08,358623.60091824346,TECL,28813.564460218808,0.0,11.346857070922852,False
2018-03-09,378852.8568397932,TECL,28813.564460218808,0.0,11.346857070922852,False
2018-03-12,382468.9787444252,TECL,28813.564460218808,0.0,11.346857070922852,False
2018-03-13,369681.5745858811,TECL,28813.564460218808,0.0,11.346857070922852,False
2018-03-14,368581.02291371214,TECL,28813.564460218808,0.0,11.346857070922852,False
2018-03-15,369209.9017324497,TECL,28813.564460218808,0.0,11.346857070922852,False
2018-03-16,367506.60353886994,TECL,28813.564460218808,0.0,11.346857070922852,False
2018-03-19,345626.6162847141,TECL,28813.564460218808,0.0,11.346857070922852,False
2018-03-20,345416.95337345975,TECL,28813.564460218808,0.0,11.346857070922852,False
2018-03-21,339075.6807613794,TECL,28813.564460218808,0.0,11.346857070922852,False
2018-03-22,312164.47060602834,TECL,28813.564460218808,0.0,11.346857070922852,False
2018-03-23,294249.0578705327,CASH,0.0,294249.0578705327,,False
2018-03-26,294249.0578705327,CASH,0.0,294249.0578705327,,False
2018-03-27,294249.0578705327,CASH,0.0,294249.0578705327,,False
2018-03-28,294249.0578705327,CASH,0.0,294249.0578705327,,False
2018-03-29,294249.0578705327,CASH,0.0,294249.0578705327,,False
2018-04-02,294249.0578705327,TECL,30389.419527358597,0.0,9.682615280151367,False
2018-04-03,302650.68138078245,TECL,30389.419527358597,0.0,9.682615280151367,False
2018-04-04,315087.15346282703,TECL,30389.419527358597,0.0,9.682615280151367,False
2018-04-05,319094.4984877818,TECL,30389.419527358597,0.0,9.682615280151367,False
2018-04-06,295769.0273305736,TECL,30389.419527358597,0.0,9.682615280151367,False
2018-04-09,302042.6472261918,TECL,30389.419527358597,0.0,9.682615280151367,False
2018-04-10,323986.18832652,TECL,30389.419527358597,0.0,9.682615280151367,False
2018-04-11,318735.242463935,TECL,30389.419527358597,0.0,9.682615280151367,False
2018-04-12,330093.97545604827,TECL,30389.419527358597,0.0,9.682615280151367,False
2018-04-13,326418.1800368379,TECL,30389.419527358597,0.0,9.682615280151367,False
2018-04-16,334101.320481003,TECL,30389.419527358597,0.0,9.682615280151367,False
2018-04-17,352756.0865672877,TECL,30389.419527358597,0.0,9.682615280151367,False
2018-04-18,350185.88156415557,TECL,30389.419527358597,0.0,9.682615280151367,False
2018-04-19,338219.1144174517,TECL,30389.419527358597,0.0,9.682615280151367,False
2018-04-20,323129.49196762114,TECL,30389.419527358597,0.0,9.682615280151367,False
2018-04-23,320421.04469006584,TECL,30389.419527358597,0.0,9.682615280151367,False
2018-04-24,303700.77201582916,TECL,30389.419527358597,0.0,9.682615280151367,False
2018-04-25,303728.4494523227,TECL,30389.419527358597,0.0,9.682615280151367,False
2018-04-26,320172.3245225398,TECL,30389.419527358597,0.0,9.682615280151367,False
2018-04-27,317906.1076150941,TECL,30389.419527358597,0.0,9.682615280151367,False
2018-04-30,311632.5746643025,TECL,30389.419527358597,0.0,9.682615280151367,False
2018-05-01,323516.3964463525,TECL,30389.419527358597,0.0,10.254640579223633,False
2018-05-02,322355.68301015836,TECL,30389.419527358597,0.0,10.254640579223633,False
2018-05-03,324925.85903168155,TECL,30389.419527358597,0.0,10.254640579223633,False
2018-05-04,343442.5277515876,TECL,30389.419527358597,0.0,10.254640579223633,False
2018-05-07,350655.7314075408,TECL,30389.419527358597,0.0,10.254640579223633,False
2018-05-08,352037.60350120306,TECL,30389.419527358597,0.0,10.254640579223633,False
2018-05-09,365026.8997728957,TECL,30389.419527358597,0.0,10.254640579223633,False
2018-05-10,379397.952211815,TECL,30389.419527358597,0.0,10.254640579223633,False
2018-05-11,377822.656860396,TECL,30389.419527358597,0.0,10.254640579223633,False
2018-05-14,377491.1072546516,TECL,30389.419527358597,0.0,10.254640579223633,False
2018-05-15,366657.4340708662,TECL,30389.419527358597,0.0,10.254640579223633,False
2018-05-16,371687.3661840275,TECL,30389.419527358597,0.0,10.254640579223633,False
2018-05-17,366049.3419530578,TECL,30389.419527358597,0.0,10.254640579223633,False
2018-05-18,361323.5138620185,TECL,30389.419527358597,0.0,10.254640579223633,False
2018-05-21,370416.0009650771,TECL,30389.419527358597,0.0,10.254640579223633,False
2018-05-22,368536.7754811894,TECL,30389.419527358597,0.0,10.254640579223633,False
2018-05-23,376965.9605014971,TECL,30389.419527358597,0.0,10.254640579223633,False
2018-05-24,375445.9620598473,TECL,30389.419527358597,0.0,10.254640579223633,False
2018-05-25,374644.3887210644,TECL,30389.419527358597,0.0,10.254640579223633,False
2018-05-29,367486.48197488044,TECL,30389.419527358597,0.0,10.254640579223633,False
2018-05-30,375584.0884078349,TECL,30389.419527358597,0.0,10.254640579223633,False
2018-05-31,375722.330682258,TECL,30389.419527358597,0.0,10.254640579223633,False
2018-06-01,395482.60023979424,TECL,30389.419527358597,0.0,12.363590240478516,False
2018-06-04,404519.84839630144,TECL,30389.419527358597,0.0,12.363590240478516,False
2018-06-05,409660.25840256567,TECL,30389.419527358597,0.0,12.363590240478516,False
2018-06-06,416679.98083754425,TECL,30389.419527358597,0.0,12.363590240478516,False
2018-06-07,405404.1932100849,TECL,30389.419527358597,0.0,12.363590240478516,False
2018-06-08,404851.5139284813,TECL,30389.419527358597,0.0,12.363590240478516,False
2018-06-11,408278.4732537301,TECL,30389.419527358597,0.0,12.363590240478516,False
2018-06-12,412396.3831166144,TECL,30389.419527358597,0.0,12.363590240478516,False
2018-06-13,405763.50719714945,TECL,30389.419527358597,0.0,12.363590240478516,False
2018-06-14,413722.92931889853,TECL,30389.419527358597,0.0,12.363590240478516,False
2018-06-15,409798.5006769888,TECL,30389.419527358597,0.0,12.363590240478516,False
2018-06-18,410599.95808933617,TECL,30389.419527358597,0.0,12.363590240478516,False
2018-06-19,403791.1927854951,TECL,30389.419527358597,0.0,12.363590240478516,False
2018-06-20,406864.66342706693,TECL,30389.419527358597,0.0,12.363590240478516,False
2018-06-21,397173.47424748156,TECL,30389.419527358597,0.0,12.363590240478516,False
2018-06-22,393103.1811680096,TECL,30389.419527358597,0.0,12.363590240478516,False
2018-06-25,368792.1034555432,TECL,30389.419527358597,0.0,12.363590240478516,False
2018-06-26,372917.7224263933,TECL,30389.419527358597,0.0,12.363590240478516,False
2018-06-27,357854.85000157164,TECL,30389.419527358597,0.0,12.363590240478516,False
2018-06-28,370425.7677672743,TECL,30389.419527358597,0.0,12.363590240478516,False
2018-06-29,369068.993746914,TECL,30389.419527358597,0.0,12.363590240478516,False
2018-07-02,380089.2215471484,TECL,30389.419527358597,0.0,12.144654273986816,False
2018-07-03,366133.88130620087,TECL,30389.419527358597,0.0,12.144654273986816,False
2018-07-05,381196.84067584923,TECL,30389.419527358597,0.0,12.144654273986816,False
2018-07-06,394986.0583346179,TECL,30389.419527358597,0.0,12.144654273986816,False
2018-07-09,403901.96049468697,TECL,30389.419527358597,0.0,12.144654273986816,False
2018-07-10,406726.24726299045,TECL,30389.419527358597,0.0,12.144654273986816,False
2018-07-11,400413.0964528412,TECL,30389.419527358597,0.0,12.144654273986816,False
2018-07-12,420404.69721256726,TECL,30389.419527358597,0.0,12.144654273986816,False
2018-07-13,419241.7521924883,TECL,30389.419527358597,0.0,12.144654273986816,False
2018-07-16,416389.81696930015,TECL,30389.419527358597,0.0,12.144654273986816,False
2018-07-17,425084.1837109855,TECL,30389.419527358597,0.0,12.144654273986816,False
2018-07-18,423201.30654437724,TECL,30389.419527358597,0.0,12.144654273986816,False
2018-07-19,418937.2134462329,TECL,30389.419527358597,0.0,12.144654273986816,False
2018-07-20,418300.34259079304,TECL,30389.419527358597,0.0,12.144654273986816,False
2018-07-23,424558.02260151977,TECL,30389.419527358597,0.0,12.144654273986816,False
2018-07-24,431978.73457715206,TECL,30389.419527358597,0.0,12.144654273986816,False
2018-07-25,447457.0004022477,TECL,30389.419527358597,0.0,12.144654273986816,False
2018-07-26,427520.7834971175,TECL,30389.419527358597,0.0,12.144654273986816,False
2018-07-27,404511.1539136333,TECL,30389.419527358597,0.0,12.144654273986816,False
2018-07-30,386263.98517483013,TECL,30389.419527358597,0.0,12.144654273986816,False
2018-07-31,389503.52043536305,TECL,30389.419527358597,0.0,12.144654273986816,False
2018-08-01,399139.41270517925,TQQQ,53922.49373706653,0.0,7.402094841003418,False
2018-08-02,415035.7533271294,TQQQ,53922.49373706653,0.0,7.402094841003418,False
2018-08-03,418753.4873633092,TQQQ,53922.49373706653,0.0,7.402094841003418,False
2018-08-06,426445.33226722514,TQQQ,53922.49373706653,0.0,7.402094841003418,False
2018-08-07,430611.6679060692,TQQQ,53922.49373706653,0.0,7.402094841003418,False
2018-08-08,431765.42792869493,TQQQ,53922.49373706653,0.0,7.402094841003418,False
2018-08-09,431380.8755374846,TQQQ,53922.49373706653,0.0,7.402094841003418,False
2018-08-10,421317.4356646145,TQQQ,53922.49373706653,0.0,7.402094841003418,False
2018-08-13,420099.49786929146,TQQQ,53922.49373706653,0.0,7.402094841003418,False
2018-08-14,427855.34056016395,TQQQ,53922.49373706653,0.0,7.402094841003418,False
2018-08-15,412279.50311797025,TQQQ,53922.49373706653,0.0,7.402094841003418,False
2018-08-16,416061.36350234994,TQQQ,53922.49373706653,0.0,7.402094841003418,False
2018-08-17,415997.23715415,TQQQ,53922.49373706653,0.0,7.402094841003418,False
2018-08-20,415164.00602352933,TQQQ,53922.49373706653,0.0,7.402094841003418,False
2018-08-21,419458.5943587733,TQQQ,53922.49373706653,0.0,7.402094841003418,False
2018-08-22,424330.01128083275,TQQQ,53922.49373706653,0.0,7.402094841003418,False
2018-08-23,422214.79314343515,TQQQ,53922.49373706653,0.0,7.402094841003418,False
2018-08-24,433944.74670204386,TQQQ,53922.49373706653,0.0,7.402094841003418,False
2018-08-27,447020.8136156296,TQQQ,53922.49373706653,0.0,7.402094841003418,False
2018-08-28,449007.8561933734,TQQQ,53922.49373706653,0.0,7.402094841003418,False
2018-08-29,464711.869195221,TQQQ,53922.49373706653,0.0,7.402094841003418,False
2018-08-30,462083.76883346704,TQQQ,53922.49373706653,0.0,7.402094841003418,False
2018-08-31,463429.90790069266,TQQQ,53922.49373706653,0.0,7.402094841003418,False
2018-09-04,457917.51033136906,TECL,30087.02199407094,0.0,15.219768524169922,False
2018-09-05,439440.712079332,TECL,30087.02199407094,0.0,15.219768524169922,False
2018-09-06,430531.29506874713,TECL,30087.02199407094,0.0,15.219768524169922,False
2018-09-07,426172.53669157915,TECL,30087.02199407094,0.0,15.219768524169922,False
2018-09-10,429873.35953109985,TECL,30087.02199407094,0.0,15.219768524169922,False
2018-09-11,440838.8753099677,TECL,30087.02199407094,0.0,15.219768524169922,False
2018-09-12,435986.5935465139,TECL,30087.02199407094,0.0,15.219768524169922,False
2018-09-13,450022.36995926197,TECL,30087.02199407094,0.0,15.219768524169922,False
2018-09-14,449391.8651400617,TECL,30087.02199407094,0.0,15.219768524169922,False
2018-09-17,432203.5359380923,TECL,30087.02199407094,0.0,15.219768524169922,False
2018-09-18,439906.7473607305,TECL,30087.02199407094,0.0,15.219768524169922,False
2018-09-19,437329.83795381524,TECL,30087.02199407094,0.0,15.219768524169922,False
2018-09-20,452188.07682845264,TECL,30087.02199407094,0.0,15.219768524169922,False
2018-09-21,447692.22224548965,TECL,30087.02199407094,0.0,15.219768524169922,False
2018-09-24,452462.15446716204,TECL,30087.02199407094,0.0,15.219768524169922,False
2018-09-25,451628.1860239994,TECL,30087.02199407094,0.0,15.219768524169922,False
2018-09-26,445181.53679064114,TECL,30087.02199407094,0.0,15.219768524169922,False
2018-09-27,453438.7856008254,TECL,30087.02199407094,0.0,15.219768524169922,False
2018-09-28,458705.8565545203,TECL,30087.02199407094,0.0,15.219768524169922,False
2018-10-01,465426.87035878934,TECL,30087.02199407094,0.0,15.245970726013184,False
2018-10-02,465234.97010254057,TECL,30087.02199407094,0.0,15.245970726013184,False
2018-10-03,469487.01839403436,TECL,30087.02199407094,0.0,15.245970726013184,False
2018-10-04,445099.2446353,TECL,30087.02199407094,0.0,15.245970726013184,False
2018-10-05,427459.8293196214,TECL,30087.02199407094,0.0,15.245970726013184,False
2018-10-08,412835.2708990683,CASH,0.0,412835.2708990683,,False
2018-10-09,412835.2708990683,CASH,0.0,412835.2708990683,,False
2018-10-10,412835.2708990683,CASH,0.0,412835.2708990683,,False
2018-10-11,412835.2708990683,CASH,0.0,412835.2708990683,,False
2018-10-12,412835.2708990683,CASH,0.0,412835.2708990683,,False
2018-10-15,412835.2708990683,CASH,0.0,412835.2708990683,,False
2018-10-16,412835.2708990683,CASH,0.0,412835.2708990683,,False
2018-10-17,412835.2708990683,CASH,0.0,412835.2708990683,,False
2018-10-18,412835.2708990683,CASH,0.0,412835.2708990683,,False
2018-10-19,412835.2708990683,CASH,0.0,412835.2708990683,,False
2018-10-22,412835.2708990683,CASH,0.0,412835.2708990683,,False
2018-10-23,412835.2708990683,CASH,0.0,412835.2708990683,,False
2018-10-24,412835.2708990683,CASH,0.0,412835.2708990683,,False
2018-10-25,412835.2708990683,CASH,0.0,412835.2708990683,,False
2018-10-26,412835.2708990683,CASH,0.0,412835.2708990683,,False
2018-10-29,412835.2708990683,CASH,0.0,412835.2708990683,,False
2018-10-30,412835.2708990683,CASH,0.0,412835.2708990683,,False
2018-10-31,412835.2708990683,CASH,0.0,412835.2708990683,,False
2018-11-01,412835.2708990683,SHY,5906.515268160213,0.0,69.89489608610798,False
2018-11-02,412337.84812120616,SHY,5906.515268160213,0.0,69.89489608610798,False
2018-11-05,412487.1567675217,SHY,5906.515268160213,0.0,69.89489608610798,False
2018-11-06,412387.5267666926,SHY,5906.515268160213,0.0,69.89489608610798,False
2018-11-07,412238.4908302333,SHY,5906.515268160213,0.0,69.89489608610798,False
2018-11-08,412188.3122166772,SHY,5906.515268160213,0.0,69.89489608610798,False
2018-11-09,412387.5267666926,SHY,5906.515268160213,0.0,69.89489608610798,False
2018-11-12,412686.14405932365,SHY,5906.515268160213,0.0,69.89489608610798,False
2018-11-13,412736.0954146663,SHY,5906.515268160213,0.0,69.89489608610798,False
2018-11-14,413034.39454579836,SHY,5906.515268160213,0.0,69.89489608610798,False
2018-11-15,413233.5181925284,SHY,5906.515268160213,0.0,69.89489608610798,False
2018-11-16,413531.9082269459,SHY,5906.515268160213,0.0,69.89489608610798,False
2018-11-19,413880.2041650634,SHY,5906.515268160213,0.0,69.89489608610798,False
2018-11-20,413780.8014224479,SHY,5906.515268160213,0.0,69.89489608610798,False
2018-11-21,413780.8014224479,SHY,5906.515268160213,0.0,69.89489608610798,False
2018-11-23,413681.2623249041,SHY,5906.515268160213,0.0,69.89489608610798,False
2018-11-26,413730.98642203334,SHY,5906.515268160213,0.0,69.89489608610798,False
2018-11-27,413780.8014224479,SHY,5906.515268160213,0.0,69.89489608610798,False
2018-11-28,413929.8373589071,SHY,5906.515268160213,0.0,69.89489608610798,False
2018-11-29,414029.512811379,SHY,5906.515268160213,0.0,69.89489608610798,False
2018-11-30,414178.6851027662,SHY,5906.515268160213,0.0,69.89489608610798,False
2018-12-03,413839.8431063334,GLD,3555.019586697559,0.0,116.41000366210938,False
2018-12-04,416363.903758171,GLD,3555.019586697559,0.0,116.41000366210938,False
2018-12-06,416434.9922159403,GLD,3555.019586697559,0.0,116.41000366210938,False
2018-12-07,419812.2499742442,GLD,3555.019586697559,0.0,116.41000366210938,False
2018-12-10,418354.70604747464,GLD,3555.019586697559,0.0,116.41000366210938,False
2018-12-11,417857.00547514873,GLD,3555.019586697559,0.0,116.41000366210938,False
2018-12-12,418745.76037182315,GLD,3555.019586697559,0.0,116.41000366210938,False
2018-12-13,417821.4476849406,GLD,3555.019586697559,0.0,116.41000366210938,False
2018-12-14,416150.58413956926,GLD,3555.019586697559,0.0,116.41000366210938,False
2018-12-17,419030.1684481942,GLD,3555.019586697559,0.0,116.41000366210938,False
2018-12-18,420025.56959284603,GLD,3555.019586697559,0.0,116.41000366210938,False
2018-12-19,417465.9511508003,GLD,3555.019586697559,0.0,116.41000366210938,False
2018-12-20,423900.5279234758,GLD,3555.019586697559,0.0,116.41000366210938,False
2018-12-21,422051.92967235774,GLD,3555.019586697559,0.0,116.41000366210938,False
2018-12-24,426673.4388614764,GLD,3555.019586697559,0.0,116.41000366210938,False
2018-12-26,425393.6567631005,GLD,3555.019586697559,0.0,116.41000366210938,False
2018-12-27,428628.71048321883,GLD,3555.019586697559,0.0,116.41000366210938,False
2018-12-28,430370.6624863595,GLD,3555.019586697559,0.0,116.41000366210938,False
2018-12-31,431046.12488707906,GLD,3555.019586697559,0.0,116.41000366210938,False
2019-01-02,431330.5329634501,GLD,3555.019586697559,0.0,121.25,False
2019-01-03,435241.04908428807,GLD,3555.019586697559,0.0,121.25,False
2019-01-04,431721.58728779864,GLD,3555.019586697559,0.0,121.25,False
2019-01-07,433214.6890047763,GLD,3555.019586697559,0.0,121.25,False
2019-01-08,432041.5260317309,GLD,3555.019586697559,0.0,121.25,False
2019-01-09,434814.4369697314,GLD,3555.019586697559,0.0,121.25,False
2019-01-10,432254.81852768565,GLD,3555.019586697559,0.0,121.25,False
2019-01-11,433001.3965088215,GLD,3555.019586697559,0.0,121.25,False
2019-01-14,434032.32832103444,GLD,3555.019586697559,0.0,121.25,False
2019-01-15,433285.7774625456,GLD,3555.019586697559,0.0,121.25,False
2019-01-16,434672.2329315459,GLD,3555.019586697559,0.0,121.25,False
2019-01-17,434103.4439014507,GLD,3555.019586697559,0.0,121.25,False
2019-01-18,430228.45844817394,GLD,3555.019586697559,0.0,121.25,False
2019-01-22,431757.11795535975,GLD,3555.019586697559,0.0,121.25,False
2019-01-23,431152.77113505645,GLD,3555.019586697559,0.0,121.25,False
2019-01-24,430477.30873433687,GLD,3555.019586697559,0.0,121.25,False
2019-01-25,436769.7085914739,GLD,3555.019586697559,0.0,121.25,False
2019-01-28,438298.36809865973,GLD,3555.019586697559,0.0,121.25,False
2019-01-29,440751.34029272804,GLD,3555.019586697559,0.0,121.25,False
2019-01-30,443275.4009445657,GLD,3555.019586697559,0.0,121.25,False
2019-01-31,443488.6934405205,GLD,3555.019586697559,0.0,121.25,False
2019-02-01,442599.93854384613,GLD,3555.019586697559,0.0,124.75,False
2019-02-04,440680.2247123118,GLD,3555.019586697559,0.0,124.75,False
2019-02-05,441817.8298951491,GLD,3555.019586697559,0.0,124.75,False
2019-02-06,438831.6264611937,GLD,3555.019586697559,0.0,124.75,False
2019-02-07,439898.1160636148,GLD,3555.019586697559,0.0,124.75,False
2019-02-08,441568.9796089862,GLD,3555.019586697559,0.0,124.75,False
2019-02-11,439400.41549128894,GLD,3555.019586697559,0.0,124.75,False
2019-02-12,440324.72817817144,GLD,3555.019586697559,0.0,124.75,False
2019-02-13,438582.7761750308,GLD,3555.019586697559,0.0,124.75,False
2019-02-14,441035.7212464521,GLD,3555.019586697559,0.0,124.75,False
2019-02-15,443666.4552689142,GLD,3555.019586697559,0.0,124.75,False
2019-02-19,450420.97078552196,GLD,3555.019586697559,0.0,124.75,False
2019-02-20,449638.88925947197,GLD,3555.019586697559,0.0,124.75,False
2019-02-21,444555.2101655886,GLD,3555.019586697559,0.0,124.75,False
2019-02-22,446154.95813054364,GLD,3555.019586697559,0.0,124.75,False
2019-02-25,445692.8153484259,GLD,3555.019586697559,0.0,124.75,False
2019-02-26,446439.36620691477,GLD,3555.019586697559,0.0,124.75,False
2019-02-27,443275.4009445657,GLD,3555.019586697559,0.0,124.75,False
2019-02-28,440786.8709602892,GLD,3555.019586697559,0.0,124.75,False
2019-03-01,433285.7774625456,GLD,3555.019586697559,0.0,123.98999786376953,False
2019-03-04,432148.17227970826,GLD,3555.019586697559,0.0,123.98999786376953,False
2019-03-05,432716.9884324504,GLD,3555.019586697559,0.0,123.98999786376953,False
2019-03-06,432325.93410810194,GLD,3555.019586697559,0.0,123.98999786376953,False
2019-03-07,431970.43757396156,GLD,3555.019586697559,0.0,123.98999786376953,False
2019-03-08,436698.5930110576,GLD,3555.019586697559,0.0,123.98999786376953,False
2019-03-11,434565.5866835685,GLD,3555.019586697559,0.0,123.98999786376953,False
2019-03-12,437196.32070603047,GLD,3555.019586697559,0.0,123.98999786376953,False
2019-03-13,440253.61259775516,GLD,3555.019586697559,0.0,123.98999786376953,False
2019-03-14,435169.96062651876,GLD,3555.019586697559,0.0,123.98999786376953,False
2019-03-15,437160.7629158224,GLD,3555.019586697559,0.0,123.98999786376953,False
2019-03-18,437409.6132019853,GLD,3555.019586697559,0.0,123.98999786376953,False
2019-03-19,438618.3068425919,GLD,3555.019586697559,0.0,123.98999786376953,False
2019-03-20,441462.3333610088,GLD,3555.019586697559,0.0,123.98999786376953,False
2019-03-21,439684.82356766,GLD,3555.019586697559,0.0,123.98999786376953,False
2019-03-22,440715.7825025199,GLD,3555.019586697559,0.0,123.98999786376953,False
2019-03-25,444093.0402608238,GLD,3555.019586697559,0.0,123.98999786376953,False
2019-03-26,441888.9454755654,GLD,3555.019586697559,0.0,123.98999786376953,False
2019-03-27,439578.1773196826,GLD,3555.019586697559,0.0,123.98999786376953,False
2019-03-28,433356.89304296183,GLD,3555.019586697559,0.0,123.98999786376953,False
2019-03-29,433747.94736731035,GLD,3555.019586697559,0.0,123.98999786376953,False
2019-04-01,432041.5260317309,GLD,3555.019586697559,0.0,122.01000213623047,False
2019-04-02,433641.30111933296,GLD,3555.019586697559,0.0,122.01000213623047,False
2019-04-03,433001.3965088215,GLD,3555.019586697559,0.0,122.01000213623047,False
2019-04-04,434103.4439014507,GLD,3555.019586697559,0.0,122.01000213623047,False
2019-04-05,433641.30111933296,GLD,3555.019586697559,0.0,122.01000213623047,False
2019-04-08,435525.45716065913,GLD,3555.019586697559,0.0,122.01000213623047,False
2019-04-09,437800.6675263338,GLD,3555.019586697559,0.0,122.01000213623047,False
2019-04-10,439151.56520512595,GLD,3555.019586697559,0.0,122.01000213623047,False
2019-04-11,433534.62774870853,GLD,3555.019586697559,0.0,122.01000213623047,False
2019-04-12,433108.0427567989,GLD,3555.019586697559,0.0,122.01000213623047,False
2019-04-15,432290.3763178938,GLD,3555.019586697559,0.0,122.01000213623047,False
2019-04-16,428415.417987264,GLD,3555.019586697559,0.0,122.01000213623047,False
2019-04-17,427597.7515483589,GLD,3555.019586697559,0.0,122.01000213623047,False
2019-04-18,427917.7174149381,GLD,3555.019586697559,0.0,122.01000213623047,False
2019-04-22,427917.7174149381,GLD,3555.019586697559,0.0,122.01000213623047,False
2019-04-23,427028.9625182637,GLD,3555.019586697559,0.0,122.01000213623047,False
2019-04-24,428273.21394907846,GLD,3555.019586697559,0.0,122.01000213623047,False
2019-04-25,428628.71048321883,GLD,3555.019586697559,0.0,122.01000213623047,False
2019-04-26,431472.73700163566,GLD,3555.019586697559,0.0,122.01000213623047,False
2019-04-29,429553.02317010134,GLD,3555.019586697559,0.0,122.01000213623047,False
2019-04-30,430868.3630586854,GLD,3555.019586697559,0.0,122.01000213623047,False
2019-05-01,428024.36366291554,TECL,28434.127913654407,0.0,15.053191184997559,False
2019-05-02,420793.77852885146,TECL,28434.127913654407,0.0,15.053191184997559,False
2019-05-03,432679.81974272674,TECL,28434.127913654407,0.0,15.053191184997559,False
2019-05-06,422978.55984358233,TECL,28434.127913654407,0.0,15.053191184997559,False
2019-05-07,385221.927296624,CASH,0.0,385221.927296624,,False
2019-05-08,385221.927296624,CASH,0.0,385221.927296624,,False
2019-05-09,385221.927296624,CASH,0.0,385221.927296624,,False
2019-05-10,385221.927296624,CASH,0.0,385221.927296624,,False
2019-05-13,385221.927296624,CASH,0.0,385221.927296624,,False
2019-05-14,385221.927296624,CASH,0.0,385221.927296624,,False
2019-05-15,385221.927296624,CASH,0.0,385221.927296624,,False
2019-05-16,385221.927296624,CASH,0.0,385221.927296624,,False
2019-05-17,385221.927296624,CASH,0.0,385221.927296624,,False
2019-05-20,385221.927296624,CASH,0.0,385221.927296624,,False
2019-05-21,385221.927296624,CASH,0.0,385221.927296624,,False
2019-05-22,385221.927296624,CASH,0.0,385221.927296624,,False
2019-05-23,385221.927296624,CASH,0.0,385221.927296624,,False
2019-05-24,385221.927296624,CASH,0.0,385221.927296624,,False
2019-05-28,385221.927296624,CASH,0.0,385221.927296624,,False
2019-05-29,385221.927296624,CASH,0.0,385221.927296624,,False
2019-05-30,385221.927296624,CASH,0.0,385221.927296624,,False
2019-05-31,385221.927296624,CASH,0.0,385221.927296624,,False
2019-06-03,385221.927296624,TECL,35900.30464546073,0.0,10.730324745178223,False
2019-06-04,423576.6624647444,TECL,35900.30464546073,0.0,10.730324745178223,False
2019-06-05,441374.8016261724,TECL,35900.30464546073,0.0,10.730324745178223,False
2019-06-06,455987.6830259403,TECL,35900.30464546073,0.0,10.730324745178223,False
2019-06-07,480911.64454661007,TECL,35900.30464546073,0.0,10.730324745178223,False
2019-06-10,495163.3235022923,TECL,35900.30464546073,0.0,10.730324745178223,False
2019-06-11,495984.2972849208,TECL,35900.30464546073,0.0,10.730324745178223,False
2019-06-12,487282.19430712867,TECL,35900.30464546073,0.0,10.730324745178223,False
2019-06-13,491452.6959297796,TECL,35900.30464546073,0.0,10.730324745178223,False
2019-06-14,478054.7899928809,TECL,35900.30464546073,0.0,10.730324745178223,False
2019-06-17,480616.14328642964,TECL,35900.30464546073,0.0,10.730324745178223,False
2019-06-18,505605.8059910047,TECL,35900.30464546073,0.0,10.730324745178223,False
2019-06-19,511483.85365122254,TECL,35900.30464546073,0.0,10.730324745178223,False
2019-06-20,533091.1208052232,TECL,35900.30464546073,0.0,10.730324745178223,False
2019-06-21,525604.1302390943,TECL,35900.30464546073,0.0,10.730324745178223,False
2019-06-24,528526.7202139272,TECL,35900.30464546073,0.0,10.730324745178223,False
2019-06-25,499235.2219932876,TECL,35900.30464546073,0.0,10.730324745178223,False
2019-06-26,515194.5496981322,TECL,35900.30464546073,0.0,10.730324745178223,False
2019-06-27,519003.71192790347,TECL,35900.30464546073,0.0,10.730324745178223,False
2019-06-28,520744.1256760222,TECL,35900.30464546073,0.0,10.730324745178223,False
2019-07-01,544288.9786042544,TECL,35900.30464546073,0.0,14.505284309387207,False
2019-07-02,548393.7790430002,TECL,35900.30464546073,0.0,14.505284309387207,False
2019-07-03,559427.1955776765,TECL,35900.30464546073,0.0,14.505284309387207,False
2019-07-05,557456.9475160841,TECL,35900.30464546073,0.0,14.505284309387207,False
2019-07-08,543993.34039528,TECL,35900.30464546073,0.0,14.505284309387207,False
2019-07-09,549313.2874828874,TECL,35900.30464546073,0.0,14.505284309387207,False
2019-07-10,561955.7153978719,TECL,35900.30464546073,0.0,14.505284309387207,False
2019-07-11,568556.0309974671,TECL,35900.30464546073,0.0,14.505284309387207,False
2019-07-12,581363.0371256005,TECL,35900.30464546073,0.0,14.505284309387207,False
2019-07-15,585960.408139044,TECL,35900.30464546073,0.0,14.505284309387207,False
2019-07-16,569803.9426452852,TECL,35900.30464546073,0.0,14.505284309387207,False
2019-07-17,565666.4114447816,TECL,35900.30464546073,0.0,14.505284309387207,False
2019-07-18,578637.4137536894,TECL,35900.30464546073,0.0,14.505284309387207,False
2019-07-19,568818.9726818822,TECL,35900.30464546073,0.0,14.505284309387207,False
2019-07-22,590163.4351002619,TECL,35900.30464546073,0.0,14.505284309387207,False
2019-07-23,598964.0384981142,TECL,35900.30464546073,0.0,14.505284309387207,False
2019-07-24,614397.9621549076,TECL,35900.30464546073,0.0,14.505284309387207,False
2019-07-25,599522.3787311142,TECL,35900.30464546073,0.0,14.505284309387207,False
2019-07-26,610293.0590045664,TECL,35900.30464546073,0.0,14.505284309387207,False
2019-07-29,609505.0556440853,TECL,35900.30464546073,0.0,14.505284309387207,False
2019-07-30,596895.2215420647,TECL,35900.30464546073,0.0,14.505284309387207,False
2019-07-31,569377.2102032866,TECL,35900.30464546073,0.0,14.505284309387207,False
2019-08-01,561430.3113498208,TQQQ,72896.99451286685,0.0,7.701693534851074,False
2019-08-02,535737.1476844613,TQQQ,72896.99451286685,0.0,7.701693534851074,False
2019-08-05,502926.2504087691,CASH,0.0,502926.2504087691,,False
2019-08-06,502926.2504087691,CASH,0.0,502926.2504087691,,False
2019-08-07,502926.2504087691,CASH,0.0,502926.2504087691,,False
2019-08-08,502926.2504087691,CASH,0.0,502926.2504087691,,False
2019-08-09,502926.2504087691,CASH,0.0,502926.2504087691,,False
2019-08-12,502926.2504087691,CASH,0.0,502926.2504087691,,False
2019-08-13,502926.2504087691,CASH,0.0,502926.2504087691,,False
2019-08-14,502926.2504087691,CASH,0.0,502926.2504087691,,False
2019-08-15,502926.2504087691,CASH,0.0,502926.2504087691,,False
2019-08-16,502926.2504087691,CASH,0.0,502926.2504087691,,False
2019-08-19,502926.2504087691,CASH,0.0,502926.2504087691,,False
2019-08-20,502926.2504087691,CASH,0.0,502926.2504087691,,False
2019-08-21,502926.2504087691,CASH,0.0,502926.2504087691,,False
2019-08-22,502926.2504087691,CASH,0.0,502926.2504087691,,False
2019-08-23,502926.2504087691,CASH,0.0,502926.2504087691,,False
2019-08-26,502926.2504087691,CASH,0.0,502926.2504087691,,False
2019-08-27,502926.2504087691,CASH,0.0,502926.2504087691,,False
2019-08-28,502926.2504087691,CASH,0.0,502926.2504087691,,False
2019-08-29,502926.2504087691,CASH,0.0,502926.2504087691,,False
2019-08-30,502926.2504087691,CASH,0.0,502926.2504087691,,False
2019-09-03,502926.25040876906,TQQQ,71916.43148116738,0.0,6.993203639984131,False
2019-09-04,524077.81926862476,TQQQ,71916.43148116738,0.0,6.993203639984131,False
2019-09-05,553021.9649056282,TQQQ,71916.43148116738,0.0,6.993203639984131,False
2019-09-06,551480.5546126943,TQQQ,71916.43148116738,0.0,6.993203639984131,False
2019-09-09,547969.6273704605,TQQQ,71916.43148116738,0.0,6.993203639984131,False
2019-09-10,543431.0246814173,TQQQ,71916.43148116738,0.0,6.993203639984131,False
2019-09-11,558074.3710256495,TQQQ,71916.43148116738,0.0,6.993203639984131,False
2019-09-12,565010.6659052119,TQQQ,71916.43148116738,0.0,6.993203639984131,False
2019-09-13,559016.31540542,TQQQ,71916.43148116738,0.0,6.993203639984131,False
2019-09-16,551309.2639407504,TQQQ,71916.43148116738,0.0,6.993203639984131,False
2019-09-17,558588.2430414811,TQQQ,71916.43148116738,0.0,6.993203639984131,False
2019-09-18,558245.6274051665,TQQQ,71916.43148116738,0.0,6.993203639984131,False
2019-09-19,560729.0506627247,TQQQ,71916.43148116738,0.0,6.993203639984131,False
2019-09-20,543088.4776299563,TQQQ,71916.43148116738,0.0,6.993203639984131,False
2019-09-23,543602.2467685075,TQQQ,71916.43148116738,0.0,6.993203639984131,False
2019-09-24,522108.2337344714,TQQQ,71916.43148116738,0.0,6.993203639984131,False
2019-09-25,538806.7595101886,TQQQ,71916.43148116738,0.0,6.993203639984131,False
2019-09-26,533411.8406311333,TQQQ,71916.43148116738,0.0,6.993203639984131,False
2019-09-27,514058.6352183407,TQQQ,71916.43148116738,0.0,6.993203639984131,False
2019-09-30,527759.9685979487,TQQQ,71916.43148116738,0.0,6.993203639984131,False
2019-10-01,515000.648182965,TQQQ,71916.43148116738,0.0,7.338517189025879,False
2019-10-02,488625.4511159978,TQQQ,71916.43148116738,0.0,7.338517189025879,False
2019-10-03,474983.97173815384,CASH,0.0,474983.97173815384,,False
2019-10-04,474983.97173815384,CASH,0.0,474983.97173815384,,False
2019-10-07,474983.97173815384,CASH,0.0,474983.97173815384,,False
2019-10-08,474983.97173815384,CASH,0.0,474983.97173815384,,False
2019-10-09,474983.97173815384,CASH,0.0,474983.97173815384,,False
2019-10-10,474983.97173815384,CASH,0.0,474983.97173815384,,False
2019-10-11,474983.97173815384,CASH,0.0,474983.97173815384,,False
2019-10-14,474983.97173815384,CASH,0.0,474983.97173815384,,False
2019-10-15,474983.97173815384,CASH,0.0,474983.97173815384,,False
2019-10-16,474983.97173815384,CASH,0.0,474983.97173815384,,False
2019-10-17,474983.97173815384,CASH,0.0,474983.97173815384,,False
2019-10-18,474983.97173815384,CASH,0.0,474983.97173815384,,False
2019-10-21,474983.97173815384,CASH,0.0,474983.97173815384,,False
2019-10-22,474983.97173815384,CASH,0.0,474983.97173815384,,False
2019-10-23,474983.97173815384,CASH,0.0,474983.97173815384,,False
2019-10-24,474983.97173815384,CASH,0.0,474983.97173815384,,False
2019-10-25,474983.97173815384,CASH,0.0,474983.97173815384,,False
2019-10-28,474983.97173815384,CASH,0.0,474983.97173815384,,False
2019-10-29,474983.97173815384,CASH,0.0,474983.97173815384,,False
2019-10-30,474983.97173815384,CASH,0.0,474983.97173815384,,False
2019-10-31,474983.97173815384,CASH,0.0,474983.97173815384,,False
2019-11-01,474983.97173815384,TQQQ,56048.72229666721,0.0,8.474483489990234,False
2019-11-04,483459.7844566768,TQQQ,56048.72229666721,0.0,8.474483489990234,False
2019-11-05,484060.53403504996,TQQQ,56048.72229666721,0.0,8.474483489990234,False
2019-11-06,480990.4519295742,TQQQ,56048.72229666721,0.0,8.474483489990234,False
2019-11-07,485862.462056808,TQQQ,56048.72229666721,0.0,8.474483489990234,False
2019-11-08,491602.10873143515,TQQQ,56048.72229666721,0.0,8.474483489990234,False
2019-11-11,489533.07993174926,TQQQ,56048.72229666721,0.0,8.474483489990234,False
2019-11-12,493537.4535115898,TQQQ,56048.72229666721,0.0,8.474483489990234,False
2019-11-13,492803.3406270469,TQQQ,56048.72229666721,0.0,8.474483489990234,False
2019-11-14,492669.87041642336,TQQQ,56048.72229666721,0.0,8.474483489990234,False
2019-11-15,501946.7182075952,TQQQ,56048.72229666721,0.0,8.474483489990234,False
2019-11-18,504549.4674930944,TQQQ,56048.72229666721,0.0,8.474483489990234,False
2019-11-19,506618.49629278027,TQQQ,56048.72229666721,0.0,8.474483489990234,False
2019-11-20,497742.11258570594,TQQQ,56048.72229666721,0.0,8.474483489990234,False
2019-11-21,493871.209216489,TQQQ,56048.72229666721,0.0,8.474483489990234,False
2019-11-22,495206.01822717814,TQQQ,56048.72229666721,0.0,8.474483489990234,False
2019-11-25,512358.0360629535,TQQQ,56048.72229666721,0.0,8.474483489990234,False
2019-11-26,515428.01126397547,TQQQ,56048.72229666721,0.0,8.474483489990234,False
2019-11-27,525839.3825715608,TQQQ,56048.72229666721,0.0,8.474483489990234,False
2019-11-29,518831.58181321586,TQQQ,56048.72229666721,0.0,8.474483489990234,False
2019-12-02,502146.7364407363,TQQQ,56048.72229666721,0.0,9.256795883178711,False
2019-12-03,490867.8354902115,TQQQ,56048.72229666721,0.0,9.256795883178711,False
2019-12-04,498142.6301220304,TQQQ,56048.72229666721,0.0,9.256795883178711,False
2019-12-05,500745.3259553027,TQQQ,56048.72229666721,0.0,9.256795883178711,False
2019-12-06,516228.7790754897,TQQQ,56048.72229666721,0.0,9.256795883178711,False
2019-12-09,509888.650083624,TQQQ,56048.72229666721,0.0,9.256795883178711,False
2019-12-10,508754.0196627567,TQQQ,56048.72229666721,0.0,9.256795883178711,False
2019-12-11,516429.17147421924,TQQQ,56048.72229666721,0.0,9.256795883178711,False
2019-12-12,528241.8463627843,TQQQ,56048.72229666721,0.0,9.256795883178711,False
2019-12-13,532980.4397316215,TQQQ,56048.72229666721,0.0,9.256795883178711,False
2019-12-16,548263.607357533,TQQQ,56048.72229666721,0.0,9.256795883178711,False
2019-12-17,548997.8271465297,TQQQ,56048.72229666721,0.0,9.256795883178711,False
2019-12-18,550265.8743257936,TQQQ,56048.72229666721,0.0,9.256795883178711,False
2019-12-19,561478.06689712,TQQQ,56048.72229666721,0.0,9.256795883178711,False
2019-12-20,568151.898141658,TQQQ,56048.72229666721,0.0,9.256795883178711,False
2019-12-23,572356.6106680011,TQQQ,56048.72229666721,0.0,9.256795883178711,False
2019-12-24,573097.6188898169,TQQQ,56048.72229666721,0.0,9.256795883178711,False
2019-12-26,587985.9349154575,TQQQ,56048.72229666721,0.0,9.256795883178711,False
2019-12-27,586250.1272984017,TQQQ,56048.72229666721,0.0,9.256795883178711,False
2019-12-30,574566.4326333988,TQQQ,56048.72229666721,0.0,9.256795883178711,False
2019-12-31,577837.9761821425,TQQQ,56048.72229666721,0.0,9.256795883178711,False
2020-01-02,606479.4432902874,TQQQ,56048.72229666721,0.0,10.309565544128418,False
2020-01-03,589988.9502148951,TQQQ,56048.72229666721,0.0,10.309565544128418,False
2020-01-06,601205.2051554676,TQQQ,56048.72229666721,0.0,10.309565544128418,False
2020-01-07,600470.7181053363,TQQQ,56048.72229666721,0.0,10.309565544128418,False
2020-01-08,614290.7379237195,TQQQ,56048.72229666721,0.0,10.309565544128418,False
2020-01-09,629779.8569799603,TQQQ,56048.72229666721,0.0,10.309565544128418,False
2020-01-10,624639.195960218,TQQQ,56048.72229666721,0.0,10.309565544128418,False
2020-01-13,646470.849358536,TQQQ,56048.72229666721,0.0,10.309565544128418,False
2020-01-14,638926.4951463508,TQQQ,56048.72229666721,0.0,10.309565544128418,False
2020-01-15,639327.1195871291,TQQQ,56048.72229666721,0.0,10.309565544128418,False
2020-01-16,657152.9561954797,TQQQ,56048.72229666721,0.0,10.309565544128418,False
2020-01-17,666967.1592238955,TQQQ,56048.72229666721,0.0,10.309565544128418,False
2020-01-21,666633.3500667694,TQQQ,56048.72229666721,0.0,10.309565544128418,False
2020-01-22,671173.3149603655,TQQQ,56048.72229666721,0.0,10.309565544128418,False
2020-01-23,677382.2721873653,TQQQ,56048.72229666721,0.0,10.309565544128418,False
2020-01-24,659823.4294524887,TQQQ,56048.72229666721,0.0,10.309565544128418,False
2020-01-27,619030.8279549105,TQQQ,56048.72229666721,0.0,10.309565544128418,False
2020-01-28,647806.0325348135,TQQQ,56048.72229666721,0.0,10.309565544128418,False
2020-01-29,650142.8035391503,TQQQ,56048.72229666721,0.0,10.309565544128418,False
2020-01-30,657486.7119003789,TQQQ,56048.72229666721,0.0,10.309565544128418,False
2020-01-31,625173.1837071659,TQQQ,56048.72229666721,0.0,10.309565544128418,False
2020-02-03,653881.4660989628,TECL,25620.452802312822,0.0,25.521854400634766,False
2020-02-04,706375.764865222,TECL,25620.452802312822,0.0,25.521854400634766,False
2020-02-05,718643.2728581324,TECL,25620.452802312822,0.0,25.521854400634766,False
2020-02-06,737267.222384539,TECL,25620.452802312822,0.0,25.521854400634766,False
2020-02-07,717798.7998874049,TECL,25620.452802312822,0.0,25.521854400634766,False
2020-02-10,745969.3841622837,TECL,25620.452802312822,0.0,25.521854400634766,False
2020-02-11,738651.2373996968,TECL,25620.452802312822,0.0,25.521854400634766,False
2020-02-12,761802.1895032241,TECL,25620.452802312822,0.0,25.521854400634766,False
2020-02-13,756149.2881213143,TECL,25620.452802312822,0.0,25.521854400634766,False
2020-02-14,765883.5726705848,TECL,25620.452802312822,0.0,25.521854400634766,False
2020-02-18,758190.0285721302,TECL,25620.452802312822,0.0,25.521854400634766,False
2020-02-19,782959.3624732706,TECL,25620.452802312822,0.0,25.521854400634766,False
2020-02-20,759573.7015173387,TECL,25620.452802312822,0.0,25.521854400634766,False
2020-02-21,708088.0204303699,TECL,25620.452802312822,0.0,25.521854400634766,False
2020-02-24,588493.3194890666,CASH,0.0,588493.3194890666,,False
2020-02-25,588493.3194890666,CASH,0.0,588493.3194890666,,False
2020-02-26,588493.3194890666,CASH,0.0,588493.3194890666,,False
2020-02-27,588493.3194890666,CASH,0.0,588493.3194890666,,False
2020-02-28,588493.3194890666,CASH,0.0,588493.3194890666,,False
2020-03-02,588493.3194890666,TQQQ,56456.06960200496,0.0,10.42391586303711,False
2020-03-03,529643.9875401601,CASH,0.0,529643.9875401601,,False
2020-03-04,529643.9875401601,CASH,0.0,529643.9875401601,,False
2020-03-05,529643.9875401601,CASH,0.0,529643.9875401601,,False
2020-03-06,529643.9875401601,CASH,0.0,529643.9875401601,,False
2020-03-09,529643.9875401601,CASH,0.0,529643.9875401601,,False
2020-03-10,529643.9875401601,CASH,0.0,529643.9875401601,,False
2020-03-11,529643.9875401601,CASH,0.0,529643.9875401601,,False
2020-03-12,529643.9875401601,CASH,0.0,529643.9875401601,,False
2020-03-13,529643.9875401601,CASH,0.0,529643.9875401601,,False
2020-03-16,529643.9875401601,CASH,0.0,529643.9875401601,,False
2020-03-17,529643.9875401601,CASH,0.0,529643.9875401601,,False
2020-03-18,529643.9875401601,CASH,0.0,529643.9875401601,,False
2020-03-19,529643.9875401601,CASH,0.0,529643.9875401601,,False
2020-03-20,529643.9875401601,CASH,0.0,529643.9875401601,,False
2020-03-23,529643.9875401601,CASH,0.0,529643.9875401601,,False
2020-03-24,529643.9875401601,CASH,0.0,529643.9875401601,,False
2020-03-25,529643.9875401601,CASH,0.0,529643.9875401601,,False
2020-03-26,529643.9875401601,CASH,0.0,529643.9875401601,,False
2020-03-27,529643.9875401601,CASH,0.0,529643.9875401601,,False
2020-03-30,529643.9875401601,CASH,0.0,529643.9875401601,,False
2020-03-31,529643.9875401601,CASH,0.0,529643.9875401601,,False
2020-04-01,529643.9875401601,IEF,5091.430681866053,0.0,104.02655375954976,False
2020-04-02,529730.9722923555,IEF,5091.430681866053,0.0,104.02655375954976,False
2020-04-03,530122.2084690834,IEF,5091.430681866053,0.0,104.02655375954976,False
2020-04-06,527731.3380742479,IEF,5091.430681866053,0.0,104.02655375954976,False
2020-04-07,525383.5305975773,IEF,5091.430681866053,0.0,104.02655375954976,False
2020-04-08,524731.2230393724,IEF,5091.430681866053,0.0,104.02655375954976,False
2020-04-09,525861.790568131,IEF,5091.430681866053,0.0,104.02655375954976,False
2020-04-13,524731.2230393724,IEF,5091.430681866053,0.0,104.02655375954976,False
2020-04-14,525427.1010569355,IEF,5091.430681866053,0.0,104.02655375954976,False
2020-04-15,530122.2084690834,IEF,5091.430681866053,0.0,104.02655375954976,False
2020-04-16,530687.2970253115,IEF,5091.430681866053,0.0,104.02655375954976,False
2020-04-17,529296.3608644204,IEF,5091.430681866053,0.0,104.02655375954976,False
2020-04-20,530687.2970253115,IEF,5091.430681866053,0.0,104.02655375954976,False
2020-04-21,532165.4912298097,IEF,5091.430681866053,0.0,104.02655375954976,False
2020-04-22,530513.4056041812,IEF,5091.430681866053,0.0,104.02655375954976,False
2020-04-23,530861.3055713326,IEF,5091.430681866053,0.0,104.02655375954976,False
2020-04-24,530991.7046163651,IEF,5091.430681866053,0.0,104.02655375954976,False
2020-04-27,528166.0275854433,IEF,5091.430681866053,0.0,104.02655375954976,False
2020-04-28,530469.8741864533,IEF,5091.430681866053,0.0,104.02655375954976,False
2020-04-29,530209.1151380184,IEF,5091.430681866053,0.0,104.02655375954976,False
2020-04-30,528948.6170637901,IEF,5091.430681866053,0.0,104.02655375954976,False
2020-05-01,529679.6325485776,TECL,39220.02681656016,0.0,13.505335807800293,False
2020-05-04,550518.3762548531,TECL,39220.02681656016,0.0,13.505335807800293,False
2020-05-05,576863.870914919,TECL,39220.02681656016,0.0,13.505335807800293,False
2020-05-06,588164.8158939464,TECL,39220.02681656016,0.0,13.505335807800293,False
2020-05-07,616525.8531423073,TECL,39220.02681656016,0.0,13.505335807800293,False
2020-05-08,642439.3416247271,TECL,39220.02681656016,0.0,13.505335807800293,False
2020-05-11,655972.0192965338,TECL,39220.02681656016,0.0,13.505335807800293,False
2020-05-12,613394.500312321,TECL,39220.02681656016,0.0,13.505335807800293,False
2020-05-13,581290.681230859,TECL,39220.02681656016,0.0,13.505335807800293,False
2020-05-14,605224.6837444862,TECL,39220.02681656016,0.0,13.505335807800293,False
2020-05-15,612134.9498333404,TECL,39220.02681656016,0.0,13.505335807800293,False
2020-05-18,658311.5852196293,TECL,39220.02681656016,0.0,13.505335807800293,False
2020-05-19,650573.550410647,TECL,39220.02681656016,0.0,13.505335807800293,False
2020-05-20,691963.0337047672,TECL,39220.02681656016,0.0,13.505335807800293,False
2020-05-21,666229.5290948004,TECL,39220.02681656016,0.0,13.505335807800293,False
2020-05-22,671808.1314656693,TECL,39220.02681656016,0.0,13.505335807800293,False
2020-05-26,671880.0950921447,TECL,39220.02681656016,0.0,13.505335807800293,False
2020-05-27,681597.8028855813,TECL,39220.02681656016,0.0,13.505335807800293,False
2020-05-28,676414.9256540624,TECL,39220.02681656016,0.0,13.505335807800293,False
2020-05-29,700565.006062777,TECL,39220.02681656016,0.0,13.505335807800293,False
2020-06-01,701536.5898264594,TQQQ,70288.59526028243,0.0,9.980802536010742,False
2020-06-02,715518.7499256338,TQQQ,70288.59526028243,0.0,9.980802536010742,False
2020-06-03,725231.0113913425,TQQQ,70288.59526028243,0.0,9.980802536010742,False
2020-06-04,710495.2057037594,TQQQ,70288.59526028243,0.0,9.980802536010742,False
2020-06-05,752609.0659740883,TQQQ,70288.59526028243,0.0,9.980802536010742,False
2020-06-08,769354.1016596226,TQQQ,70288.59526028243,0.0,9.980802536010742,False
2020-06-09,786518.090020382,TQQQ,70288.59526028243,0.0,9.980802536010742,False
2020-06-10,814901.0277318154,TQQQ,70288.59526028243,0.0,9.980802536010742,False
2020-06-11,694922.2320224347,TQQQ,70288.59526028243,0.0,9.980802536010742,False
2020-06-12,709992.8646880576,TQQQ,70288.59526028243,0.0,9.980802536010742,False
2020-06-15,735026.6611975281,TQQQ,70288.59526028243,0.0,9.980802536010742,False
2020-06-16,773875.4389306512,TQQQ,70288.59526028243,0.0,9.980802536010742,False
2020-06-17,781410.6211986066,TQQQ,70288.59526028243,0.0,9.980802536010742,False
2020-06-18,787438.9815167406,TQQQ,70288.59526028243,0.0,9.980802536010742,False
2020-06-19,786350.57598272,TQQQ,70288.59526028243,0.0,9.980802536010742,False
2020-06-22,814314.9632134966,TQQQ,70288.59526028243,0.0,9.980802536010742,False
2020-06-23,835581.2021052034,TQQQ,70288.59526028243,0.0,9.980802536010742,False
2020-06-24,786350.57598272,TQQQ,70288.59526028243,0.0,9.980802536010742,False
2020-06-25,807198.26439377,TQQQ,70288.59526028243,0.0,9.980802536010742,False
2020-06-26,749176.4693992205,TQQQ,70288.59526028243,0.0,9.980802536010742,False
2020-06-29,773121.9274070985,TQQQ,70288.59526028243,0.0,9.980802536010742,False
2020-06-30,817580.1798155585,TQQQ,70288.59526028243,0.0,9.980802536010742,False
2020-07-01,846800.2855207336,TECL,39507.34865077734,0.0,21.43399429321289,False
2020-07-02,862099.767915833,TECL,39507.34865077734,0.0,21.43399429321289,False
2020-07-06,907853.2334521064,TECL,39507.34865077734,0.0,21.43399429321289,False
2020-07-07,880770.9779022164,TECL,39507.34865077734,0.0,21.43399429321289,False
2020-07-08,920433.7070936849,TECL,39507.34865077734,0.0,21.43399429321289,False
2020-07-09,932071.3478908754,TECL,39507.34865077734,0.0,21.43399429321289,False
2020-07-10,930802.3816904682,TECL,39507.34865077734,0.0,21.43399429321289,False
2020-07-13,874426.2222544678,TECL,39507.34865077734,0.0,21.43399429321289,False
2020-07-14,901218.589860595,TECL,39507.34865077734,0.0,21.43399429321289,False
2020-07-15,918983.3631234214,TECL,39507.34865077734,0.0,21.43399429321289,False
2020-07-16,884613.895852832,TECL,39507.34865077734,0.0,21.43399429321289,False
2020-07-17,895091.4573949589,TECL,39507.34865077734,0.0,21.43399429321289,False
2020-07-20,962960.3513334121,TECL,39507.34865077734,0.0,21.43399429321289,False
2020-07-21,936276.9460269162,TECL,39507.34865077734,0.0,21.43399429321289,False
2020-07-22,959117.4333827966,TECL,39507.34865077734,0.0,21.43399429321289,False
2020-07-23,884179.026260044,TECL,39507.34865077734,0.0,21.43399429321289,False
2020-07-24,852057.3773836438,TECL,39507.34865077734,0.0,21.43399429321289,False
2020-07-27,890161.0263680799,TECL,39507.34865077734,0.0,21.43399429321289,False
2020-07-28,860758.3862452006,TECL,39507.34865077734,0.0,21.43399429321289,False
2020-07-29,896723.0284265039,TECL,39507.34865077734,0.0,21.43399429321289,False
2020-07-30,911224.8856891028,TECL,39507.34865077734,0.0,21.43399429321289,False
2020-07-31,982247.9593910147,TECL,39507.34865077734,0.0,21.43399429321289,False
2020-08-03,1051675.6321193504,TECL,39507.34865077734,0.0,24.862411499023438,False
2020-08-04,1061137.8699925768,TECL,39507.34865077734,0.0,24.862411499023438,False
2020-08-05,1069875.3503292524,TECL,39507.34865077734,0.0,24.862411499023438,False
2020-08-06,1117223.9907762394,TECL,39507.34865077734,0.0,24.862411499023438,False
2020-08-07,1068715.1957199015,TECL,39507.34865077734,0.0,24.862411499023438,False
2020-08-10,1058056.2564079182,TECL,39507.34865077734,0.0,24.862411499023438,False
2020-08-11,999251.1268707345,TECL,39507.34865077734,0.0,24.862411499023438,False
2020-08-12,1070129.1435693337,TECL,39507.34865077734,0.0,24.862411499023438,False
2020-08-13,1070056.4266819588,TECL,39507.34865077734,0.0,24.862411499023438,False
2020-08-14,1067881.3251751445,TECL,39507.34865077734,0.0,24.862411499023438,False
2020-08-17,1090902.964238019,TECL,39507.34865077734,0.0,24.862411499023438,False
2020-08-18,1103954.8543017914,TECL,39507.34865077734,0.0,24.862411499023438,False
2020-08-19,1096486.2648112357,TECL,39507.34865077734,0.0,24.862411499023438,False
2020-08-20,1141188.0859120646,TECL,39507.34865077734,0.0,24.862411499023438,False
2020-08-21,1182156.0267161967,TECL,39507.34865077734,0.0,24.862411499023438,False
2020-08-24,1216525.3432782113,TECL,39507.34865077734,0.0,24.862411499023438,False
2020-08-25,1234399.0034863816,TECL,39507.34865077734,0.0,24.862411499023438,False
2020-08-26,1310206.9990861353,TECL,39507.34865077734,0.0,24.862411499023438,False
2020-08-27,1313651.5942733688,TECL,39507.34865077734,0.0,24.862411499023438,False
2020-08-28,1346027.2624527127,TECL,39507.34865077734,0.0,24.862411499023438,False
2020-08-31,1359224.0588112231,TECL,39507.34865077734,0.0,24.862411499023438,False
2020-09-01,1440688.0718715684,TQQQ,71254.54060812473,0.0,20.218894958496094,False
2020-09-02,1481343.9104482227,TQQQ,71254.54060812473,0.0,20.218894958496094,False
2020-09-03,1296619.2646844115,CASH,0.0,1296619.2646844115,,False
2020-09-04,1296619.2646844115,CASH,0.0,1296619.2646844115,,False
2020-09-08,1296619.2646844115,CASH,0.0,1296619.2646844115,,False
2020-09-09,1296619.2646844115,CASH,0.0,1296619.2646844115,,False
2020-09-10,1296619.2646844115,CASH,0.0,1296619.2646844115,,False
2020-09-11,1296619.2646844115,CASH,0.0,1296619.2646844115,,False
2020-09-14,1296619.2646844115,CASH,0.0,1296619.2646844115,,False
2020-09-15,1296619.2646844115,CASH,0.0,1296619.2646844115,,False
2020-09-16,1296619.2646844115,CASH,0.0,1296619.2646844115,,False
2020-09-17,1296619.2646844115,CASH,0.0,1296619.2646844115,,False
2020-09-18,1296619.2646844115,CASH,0.0,1296619.2646844115,,False
2020-09-21,1296619.2646844115,CASH,0.0,1296619.2646844115,,False
2020-09-22,1296619.2646844115,CASH,0.0,1296619.2646844115,,False
2020-09-23,1296619.2646844115,CASH,0.0,1296619.2646844115,,False
2020-09-24,1296619.2646844115,CASH,0.0,1296619.2646844115,,False
2020-09-25,1296619.2646844115,CASH,0.0,1296619.2646844115,,False
2020-09-28,1296619.2646844115,CASH,0.0,1296619.2646844115,,False
2020-09-29,1296619.2646844115,CASH,0.0,1296619.2646844115,,False
2020-09-30,1296619.2646844115,CASH,0.0,1296619.2646844115,,False
2020-10-01,1296619.2646844115,TECL,44780.16879420354,0.0,28.955211639404297,False
2020-10-02,1196803.581051235,TECL,44780.16879420354,0.0,28.955211639404297,False
2020-10-05,1277716.2712589912,TECL,44780.16879420354,0.0,28.955211639404297,False
2020-10-06,1217391.3142179153,TECL,44780.16879420354,0.0,28.955211639404297,False
2020-10-07,1282483.2519656678,TECL,44780.16879420354,0.0,28.955211639404297,False
2020-10-08,1301878.9837214977,TECL,44780.16879420354,0.0,28.955211639404297,False
2020-10-09,1364094.6073741086,TECL,44780.16879420354,0.0,28.955211639404297,False
2020-10-12,1474060.2393921956,TECL,44780.16879420354,0.0,28.955211639404297,False
2020-10-13,1447226.7126478541,TECL,44780.16879420354,0.0,28.955211639404297,False
2020-10-14,1423269.1583530793,TECL,44780.16879420354,0.0,28.955211639404297,False
2020-10-15,1402845.9275307169,TECL,44780.16879420354,0.0,28.955211639404297,False
2020-10-16,1392407.9719261597,TECL,44780.16879420354,0.0,28.955211639404297,False
2020-10-19,1316015.3380858162,TECL,44780.16879420354,0.0,28.955211639404297,False
2020-10-20,1328096.6943170694,TECL,44780.16879420354,0.0,28.955211639404297,False
2020-10-21,1324069.547102854,TECL,44780.16879420354,0.0,28.955211639404297,False
2020-10-22,1306029.6358110423,TECL,44780.16879420354,0.0,28.955211639404297,False
2020-10-23,1298509.5042389778,TECL,44780.16879420354,0.0,28.955211639404297,False
2020-10-26,1213898.1590372792,TECL,44780.16879420354,0.0,28.955211639404297,False
2020-10-27,1233417.7373140128,TECL,44780.16879420354,0.0,28.955211639404297,False
2020-10-28,1162408.3722227395,CASH,0.0,1162408.3722227395,,False
2020-10-29,1162408.3722227395,CASH,0.0,1162408.3722227395,,False
2020-10-30,1162408.3722227395,CASH,0.0,1162408.3722227395,,False
2020-11-02,1162408.3722227395,TECL,49098.670827200316,0.0,23.674945831298828,False
2020-11-03,1227244.3560086545,TECL,49098.670827200316,0.0,23.674945831298828,False
2020-11-04,1368360.7992613688,TECL,49098.670827200316,0.0,23.674945831298828,False
2020-11-05,1498258.1782495975,TECL,49098.670827200316,0.0,23.674945831298828,False
2020-11-06,1509792.2753370025,TECL,49098.670827200316,0.0,23.674945831298828,False
2020-11-09,1480280.6110727277,TECL,49098.670827200316,0.0,23.674945831298828,False
2020-11-10,1393006.7797026897,TECL,49098.670827200316,0.0,23.674945831298828,False
2020-11-11,1492535.9872332967,TECL,49098.670827200316,0.0,23.674945831298828,False
2020-11-12,1451580.0345847025,TECL,49098.670827200316,0.0,23.674945831298828,False
2020-11-13,1490598.778857878,TECL,49098.670827200316,0.0,23.674945831298828,False
2020-11-16,1535564.750970623,TECL,49098.670827200316,0.0,23.674945831298828,False
2020-11-17,1509386.778273019,TECL,49098.670827200316,0.0,23.674945831298828,False
2020-11-18,1458968.977736056,TECL,49098.670827200316,0.0,23.674945831298828,False
2020-11-19,1495825.102217414,TECL,49098.670827200316,0.0,23.674945831298828,False
2020-11-20,1449236.9545521697,TECL,49098.670827200316,0.0,23.674945831298828,False
2020-11-23,1449777.398791488,TECL,49098.670827200316,0.0,23.674945831298828,False
2020-11-24,1505602.544818398,TECL,49098.670827200316,0.0,23.674945831298828,False
2020-11-25,1515604.836946085,TECL,49098.670827200316,0.0,23.674945831298828,False
2020-11-27,1542142.980938858,TECL,49098.670827200316,0.0,23.674945831298828,False
2020-11-30,1573276.7271073493,TECL,49098.670827200316,0.0,23.674945831298828,False
2020-12-01,1636806.4109982282,TQQQ,83670.35420652195,0.0,19.56256103515625,False
2020-12-02,1643384.6504398955,TQQQ,83670.35420652195,0.0,19.56256103515625,False
2020-12-03,1650061.9943622341,TQQQ,83670.35420652195,0.0,19.56256103515625,False
2020-12-04,1670293.9905644855,TQQQ,83670.35420652195,0.0,19.56256103515625,False
2020-12-07,1698599.092022332,TQQQ,83670.35420652195,0.0,19.56256103515625,False
2020-12-08,1714147.1647017077,TQQQ,83670.35420652195,0.0,19.56256103515625,False
2020-12-09,1599332.1502215804,TQQQ,83670.35420652195,0.0,19.56256103515625,False
2020-12-10,1618966.3277690895,TQQQ,83670.35420652195,0.0,19.56256103515625,False
2020-12-11,1607604.4219697323,TQQQ,83670.35420652195,0.0,19.56256103515625,False
2020-12-14,1641889.4654488964,TQQQ,83670.35420652195,0.0,19.56256103515625,False
2020-12-15,1692918.2189169212,TQQQ,83670.35420652195,0.0,19.56256103515625,False
2020-12-16,1721322.5844439748,TQQQ,83670.35420652195,0.0,19.56256103515625,False
2020-12-17,1756604.5775056737,TQQQ,83670.35420652195,0.0,19.56256103515625,False
2020-12-18,1737468.6353666286,TQQQ,83670.35420652195,0.0,19.56256103515625,False
2020-12-21,1730990.2983483113,TQQQ,83670.35420652195,0.0,19.56256103515625,False
2020-12-22,1744644.6934630384,TQQQ,83670.35420652195,0.0,19.56256103515625,False
2020-12-23,1718332.8528161193,TQQQ,83670.35420652195,0.0,19.56256103515625,False
2020-12-24,1740658.171841184,TQQQ,83670.35420652195,0.0,19.56256103515625,False
2020-12-28,1792882.5626186936,TQQQ,83670.35420652195,0.0,19.56256103515625,False
2020-12-29,1798165.262327526,TQQQ,83670.35420652195,0.0,19.56256103515625,False
2020-12-30,1797865.8742345476,TQQQ,83670.35420652195,0.0,19.56256103515625,False
2020-12-31,1811918.92151146,TQQQ,83670.35420652195,0.0,19.56256103515625,False
2021-01-04,1732684.809420403,TQQQ,83670.35420652195,0.0,21.655447006225586,False
2021-01-05,1776139.1718069043,TQQQ,83670.35420652195,0.0,21.655447006225586,False
2021-01-06,1702685.3564790008,TQQQ,83670.35420652195,0.0,21.655447006225586,False
2021-01-07,1825672.5806953944,TQQQ,83670.35420652195,0.0,21.655447006225586,False
2021-01-08,1896434.935368671,TQQQ,83670.35420652195,0.0,21.655447006225586,False
2021-01-11,1812616.1638239454,TQQQ,83670.35420652195,0.0,21.655447006225586,False
2021-01-12,1804743.023003586,TQQQ,83670.35420652195,0.0,21.655447006225586,False
2021-01-13,1839824.892041514,TQQQ,83670.35420652195,0.0,21.655447006225586,False
2021-01-14,1811819.3382651818,TQQQ,83670.35420652195,0.0,21.655447006225586,False
2021-01-15,1767766.678458331,TQQQ,83670.35420652195,0.0,21.655447006225586,False
2021-01-19,1844409.711083718,TQQQ,83670.35420652195,0.0,21.655447006225586,False
2021-01-20,1972978.225159244,TQQQ,83670.35420652195,0.0,21.655447006225586,False
2021-01-21,2022014.1965819485,TQQQ,83670.35420652195,0.0,21.655447006225586,False
2021-01-22,2003675.2395902032,TQQQ,83670.35420652195,0.0,21.655447006225586,False
2021-01-25,2059288.4929233608,TQQQ,83670.35420652195,0.0,21.655447006225586,False
2021-01-26,2061481.0798153807,TQQQ,83670.35420652195,0.0,21.655447006225586,False
2021-01-27,1895239.1384706502,TQQQ,83670.35420652195,0.0,21.655447006225586,False
2021-01-28,1923145.5877663111,TQQQ,83670.35420652195,0.0,21.655447006225586,False
2021-01-29,1803347.740435937,TQQQ,83670.35420652195,0.0,21.655447006225586,False
2021-02-01,1935903.0953103888,TQQQ,83670.35420652195,0.0,21.553007125854492,False
2021-02-02,2029588.1088978653,TQQQ,83670.35420652195,0.0,21.553007125854492,False
2021-02-03,2006266.1594673372,TQQQ,83670.35420652195,0.0,21.553007125854492,False
2021-02-04,2077228.4785758494,TQQQ,83670.35420652195,0.0,21.553007125854492,False
2021-02-05,2098955.3405920286,TQQQ,83670.35420652195,0.0,21.553007125854492,False
2021-02-08,2140017.9495939524,TQQQ,83670.35420652195,0.0,21.553007125854492,False
2021-02-09,2139020.8404228818,TQQQ,83670.35420652195,0.0,21.553007125854492,False
2021-02-10,2123872.058259834,TQQQ,83670.35420652195,0.0,21.553007125854492,False
2021-02-11,2158156.622973391,TQQQ,83670.35420652195,0.0,21.553007125854492,False
2021-02-12,2194833.579425668,TQQQ,83670.35420652195,0.0,21.553007125854492,False
2021-02-16,2176495.260788065,TQQQ,83670.35420652195,0.0,21.553007125854492,False
2021-02-17,2146197.0581078273,TQQQ,83670.35420652195,0.0,21.553007125854492,False
2021-02-18,2117294.1379952384,TQQQ,83670.35420652195,0.0,21.553007125854492,False
2021-02-19,2089387.369522506,TQQQ,83670.35420652195,0.0,21.553007125854492,False
2021-02-22,1927530.7615503513,TQQQ,83670.35420652195,0.0,21.553007125854492,False
2021-02-23,1910388.0802222337,TQQQ,83670.35420652195,0.0,21.553007125854492,False
2021-02-24,1956433.8412514757,TQQQ,83670.35420652195,0.0,21.553007125854492,False
2021-02-25,1752119.5012982837,TQQQ,83670.35420652195,0.0,21.553007125854492,False
2021-02-26,1778431.3419452028,TQQQ,83670.35420652195,0.0,21.553007125854492,False
2021-03-01,1933511.0227487404,TQQQ,83670.35420652195,0.0,21.25521469116211,False
2021-03-02,1840821.841624049,TQQQ,83670.35420652195,0.0,21.25521469116211,False
2021-03-03,1681157.501366843,TQQQ,83670.35420652195,0.0,21.25521469116211,False
2021-03-04,1600588.2077506825,CASH,0.0,1600588.2077506825,,False
2021-03-05,1600588.2077506825,CASH,0.0,1600588.2077506825,,False
2021-03-08,1600588.2077506825,CASH,0.0,1600588.2077506825,,False
2021-03-09,1600588.2077506825,CASH,0.0,1600588.2077506825,,False
2021-03-10,1600588.2077506825,CASH,0.0,1600588.2077506825,,False
2021-03-11,1600588.2077506825,CASH,0.0,1600588.2077506825,,False
2021-03-12,1600588.2077506825,CASH,0.0,1600588.2077506825,,False
2021-03-15,1600588.2077506825,CASH,0.0,1600588.2077506825,,False
2021-03-16,1600588.2077506825,CASH,0.0,1600588.2077506825,,False
2021-03-17,1600588.2077506825,CASH,0.0,1600588.2077506825,,False
2021-03-18,1600588.2077506825,CASH,0.0,1600588.2077506825,,False
2021-03-19,1600588.2077506825,CASH,0.0,1600588.2077506825,,False
2021-03-22,1600588.2077506825,CASH,0.0,1600588.2077506825,,False
2021-03-23,1600588.2077506825,CASH,0.0,1600588.2077506825,,False
2021-03-24,1600588.2077506825,CASH,0.0,1600588.2077506825,,False
2021-03-25,1600588.2077506825,CASH,0.0,1600588.2077506825,,False
2021-03-26,1600588.2077506825,CASH,0.0,1600588.2077506825,,False
2021-03-29,1600588.2077506825,CASH,0.0,1600588.2077506825,,False
2021-03-30,1600588.2077506825,CASH,0.0,1600588.2077506825,,False
2021-03-31,1600588.2077506825,CASH,0.0,1600588.2077506825,,False
2021-04-01,1600588.2077506827,TECL,39626.578050659184,0.0,40.39178466796875,False
2021-04-05,1699665.385478655,TECL,39626.578050659184,0.0,40.39178466796875,False
2021-04-06,1681385.3468087325,TECL,39626.578050659184,0.0,40.39178466796875,False
2021-04-07,1708805.3292319167,TECL,39626.578050659184,0.0,40.39178466796875,False
2021-04-08,1782656.0566186642,TECL,39626.578050659184,0.0,40.39178466796875,False
2021-04-09,1832012.1156784352,TECL,39626.578050659184,0.0,40.39178466796875,False
2021-04-12,1808979.0462557704,TECL,39626.578050659184,0.0,40.39178466796875,False
2021-04-13,1859065.8291859978,TECL,39626.578050659184,0.0,40.39178466796875,False
2021-04-14,1797280.0573219224,TECL,39626.578050659184,0.0,40.39178466796875,False
2021-04-15,1891604.5066239503,TECL,39626.578050659184,0.0,40.39178466796875,False
2021-04-16,1889776.0341504214,TECL,39626.578050659184,0.0,40.39178466796875,False
2021-04-19,1840786.395169671,TECL,39626.578050659184,0.0,40.39178466796875,False
2021-04-20,1793258.3550932321,TECL,39626.578050659184,0.0,40.39178466796875,False
2021-04-21,1846635.6628914967,TECL,39626.578050659184,0.0,40.39178466796875,False
2021-04-22,1783021.872044089,TECL,39626.578050659184,0.0,40.39178466796875,False
2021-04-23,1858335.1053155414,TECL,39626.578050659184,0.0,40.39178466796875,False
2021-04-26,1891238.5400351265,TECL,39626.578050659184,0.0,40.39178466796875,False
2021-04-27,1875883.513134614,TECL,39626.578050659184,0.0,40.39178466796875,False
2021-04-28,1823603.1981224276,TECL,39626.578050659184,0.0,40.39178466796875,False
2021-04-29,1819581.6470571363,TECL,39626.578050659184,0.0,40.39178466796875,False
2021-04-30,1745730.617343591,TECL,39626.578050659184,0.0,40.39178466796875,False
2021-05-03,1730375.5904430787,TECL,39626.578050659184,0.0,44.05453872680664,False
2021-05-04,1634954.6018451694,TECL,39626.578050659184,0.0,44.05453872680664,False
2021-05-05,1624352.0010438038,TECL,39626.578050659184,0.0,44.05453872680664,False
2021-05-06,1673707.455449979,TECL,39626.578050659184,0.0,44.05453872680664,False
2021-05-07,1713192.544559234,TECL,39626.578050659184,0.0,44.05453872680664,False
2021-05-10,1586695.5355714764,TECL,39626.578050659184,0.0,44.05453872680664,False
2021-05-11,1495295.9367158317,CASH,0.0,1495295.9367158317,,False
2021-05-12,1495295.9367158317,CASH,0.0,1495295.9367158317,,False
2021-05-13,1495295.9367158317,CASH,0.0,1495295.9367158317,,False
2021-05-14,1495295.9367158317,CASH,0.0,1495295.9367158317,,False
2021-05-17,1495295.9367158317,CASH,0.0,1495295.9367158317,,False
2021-05-18,1495295.9367158317,CASH,0.0,1495295.9367158317,,False
2021-05-19,1495295.9367158317,CASH,0.0,1495295.9367158317,,False
2021-05-20,1495295.9367158317,CASH,0.0,1495295.9367158317,,False
2021-05-21,1495295.9367158317,CASH,0.0,1495295.9367158317,,False
2021-05-24,1495295.9367158317,CASH,0.0,1495295.9367158317,,False
2021-05-25,1495295.9367158317,CASH,0.0,1495295.9367158317,,False
2021-05-26,1495295.9367158317,CASH,0.0,1495295.9367158317,,False
2021-05-27,1495295.9367158317,CASH,0.0,1495295.9367158317,,False
2021-05-28,1495295.9367158317,CASH,0.0,1495295.9367158317,,False
2021-06-01,1495295.9367158317,TQQQ,61783.564291200404,0.0,24.202163696289062,False
2021-06-02,1503097.1298693607,TQQQ,61783.564291200404,0.0,24.202163696289062,False
2021-06-03,1455849.3567306479,TQQQ,61783.564291200404,0.0,24.202163696289062,False
2021-06-04,1530474.250597982,TQQQ,61783.564291200404,0.0,24.202163696289062,False
2021-06-07,1544015.6842303867,TQQQ,61783.564291200404,0.0,24.202163696289062,False
2021-06-08,1545781.9120700406,TQQQ,61783.564291200404,0.0,24.202163696289062,False
2021-06-09,1547548.2577524916,TQQQ,61783.564291200404,0.0,24.202163696289062,False
2021-06-10,1594943.2165445092,TQQQ,61783.564291200404,0.0,24.202163696289062,False
2021-06-11,1607601.5362570866,TQQQ,61783.564291200404,0.0,24.202163696289062,False
2021-06-14,1652641.5245962322,TQQQ,61783.564291200404,0.0,24.202163696289062,False
2021-06-15,1622026.0838093183,TQQQ,61783.564291200404,0.0,24.202163696289062,False
2021-06-16,1604657.469662606,TQQQ,61783.564291200404,0.0,24.202163696289062,False
2021-06-17,1664563.4446710998,TQQQ,61783.564291200404,0.0,24.202163696289062,False
2021-06-18,1624822.4933793067,TQQQ,61783.564291200404,0.0,24.202163696289062,False
2021-06-21,1654554.8202463938,TQQQ,61783.564291200404,0.0,24.202163696289062,False
2021-06-22,1700772.1759691786,TQQQ,61783.564291200404,0.0,24.202163696289062,False
2021-06-23,1703716.0068780654,TQQQ,61783.564291200404,0.0,24.202163696289062,False
2021-06-24,1735067.0224031112,TQQQ,61783.564291200404,0.0,24.202163696289062,False
2021-06-25,1729621.5067592354,TQQQ,61783.564291200404,0.0,24.202163696289062,False
2021-06-28,1790852.034804673,TQQQ,61783.564291200404,0.0,24.202163696289062,False
2021-06-29,1811017.1763641706,TQQQ,61783.564291200404,0.0,24.202163696289062,False
2021-06-30,1803068.9154001337,TQQQ,61783.564291200404,0.0,24.202163696289062,False
2021-07-01,1803951.793634367,TECL,35053.313531391716,0.0,51.46308898925781,False
2021-07-02,1879951.898101106,TECL,35053.313531391716,0.0,51.46308898925781,False
2021-07-06,1900002.8791040364,TECL,35053.313531391716,0.0,51.46308898925781,False
2021-07-07,1930079.6180439906,TECL,35053.313531391716,0.0,51.46308898925781,False
2021-07-08,1876394.3365833804,TECL,35053.313531391716,0.0,51.46308898925781,False
2021-07-09,1926845.5198343415,TECL,35053.313531391716,0.0,51.46308898925781,False
2021-07-12,1931049.6068148825,TECL,35053.313531391716,0.0,51.46308898925781,False
2021-07-13,1957568.784237111,TECL,35053.313531391716,0.0,51.46308898925781,False
2021-07-14,2001228.5751962562,TECL,35053.313531391716,0.0,51.46308898925781,False
2021-07-15,1949160.4765582497,TECL,35053.313531391716,0.0,51.46308898925781,False
2021-07-16,1890300.7181928686,TECL,35053.313531391716,0.0,51.46308898925781,False
2021-07-19,1814300.2125727916,TECL,35053.313531391716,0.0,51.46308898925781,False
2021-07-20,1891917.6335799138,TECL,35053.313531391716,0.0,51.46308898925781,False
2021-07-21,1947866.6233259432,TECL,35053.313531391716,0.0,51.46308898925781,False
2021-07-22,1990879.6213867143,TECL,35053.313531391716,0.0,51.46308898925781,False
2021-07-23,2048122.1969294916,TECL,35053.313531391716,0.0,51.46308898925781,False
2021-07-26,2046505.1478246672,TECL,35053.313531391716,0.0,51.46308898925781,False
2021-07-27,1987645.389459286,TECL,35053.313531391716,0.0,51.46308898925781,False
2021-07-28,1978266.825573974,TECL,35053.313531391716,0.0,51.46308898925781,False
2021-07-29,2008019.9674880723,TECL,35053.313531391716,0.0,51.46308898925781,False
2021-07-30,2003815.7467897518,TECL,35053.313531391716,0.0,51.46308898925781,False
2021-08-02,1979883.8746787985,TECL,35053.313531391716,0.0,57.16480255126953,False
2021-08-03,2020632.8970185919,TECL,35053.313531391716,0.0,57.16480255126953,False
2021-08-04,2031628.5100087284,TECL,35053.313531391716,0.0,57.16480255126953,False
2021-08-05,2066556.2625453768,TECL,35053.313531391716,0.0,57.16480255126953,False
2021-08-06,2059441.6743810426,TECL,35053.313531391716,0.0,57.16480255126953,False
2021-08-09,2039713.755532851,TECL,35053.313531391716,0.0,57.16480255126953,False
2021-08-10,1995083.975802814,TECL,35053.313531391716,0.0,57.16480255126953,False
2021-08-11,1995730.5012656292,TECL,35053.313531391716,0.0,57.16480255126953,False
2021-08-12,2030334.7904942012,TECL,35053.313531391716,0.0,57.16480255126953,False
2021-08-13,2064938.9460049937,TECL,35053.313531391716,0.0,57.16480255126953,False
2021-08-16,2092105.4511967134,TECL,35053.313531391716,0.0,57.16480255126953,False
2021-08-17,2038096.7064280263,TECL,35053.313531391716,0.0,57.16480255126953,False
2021-08-18,1954658.1493355387,TECL,35053.313531391716,0.0,57.16480255126953,False
2021-08-19,2012547.6514944693,TECL,35053.313531391716,0.0,57.16480255126953,False
2021-08-20,2090164.938783812,TECL,35053.313531391716,0.0,57.16480255126953,False
2021-08-23,2169722.203614939,TECL,35053.313531391716,0.0,57.16480255126953,False
2021-08-24,2163254.007195641,TECL,35053.313531391716,0.0,57.16480255126953,False
2021-08-25,2158079.7977264286,TECL,35053.313531391716,0.0,57.16480255126953,False
2021-08-26,2117654.238694712,TECL,35053.313531391716,0.0,57.16480255126953,False
2021-08-27,2176837.059214832,TECL,35053.313531391716,0.0,57.16480255126953,False
2021-08-30,2247662.4193412415,TECL,35053.313531391716,0.0,57.16480255126953,False
2021-08-31,2214352.384498314,TECL,35053.313531391716,0.0,57.16480255126953,False
2021-09-01,2214352.384498314,TQQQ,61838.014333289975,0.0,35.80891799926758,False
2021-09-02,2211258.4079205724,TQQQ,61838.014333289975,0.0,35.80891799926758,False
2021-09-03,2231146.572396737,TQQQ,61838.014333289975,0.0,35.80891799926758,False
2021-09-07,2240279.889348322,TQQQ,61838.014333289975,0.0,35.80891799926758,False
2021-09-08,2217298.455974329,TQQQ,61838.014333289975,0.0,35.80891799926758,False
2021-09-09,2193579.384238137,TQQQ,61838.014333289975,0.0,35.80891799926758,False
2021-09-10,2144227.9101754767,TQQQ,61838.014333289975,0.0,35.80891799926758,False
2021-09-13,2139367.092749361,TQQQ,61838.014333289975,0.0,35.80891799926758,False
2021-09-14,2120952.0819578557,TQQQ,61838.014333289975,0.0,35.80891799926758,False
2021-09-15,2167946.981911669,TQQQ,61838.014333289975,0.0,35.80891799926758,False
2021-09-16,2172218.301970617,TQQQ,61838.014333289975,0.0,35.80891799926758,False
2021-09-17,2095465.4616933765,TQQQ,61838.014333289975,0.0,35.80891799926758,False
2021-09-20,1992917.1460484827,CASH,0.0,1992917.1460484827,,False
2021-09-21,1992917.1460484827,CASH,0.0,1992917.1460484827,,False
2021-09-22,1992917.1460484827,CASH,0.0,1992917.1460484827,,False
2021-09-23,1992917.1460484827,CASH,0.0,1992917.1460484827,,False
2021-09-24,1992917.1460484827,CASH,0.0,1992917.1460484827,,False
2021-09-27,1992917.1460484827,CASH,0.0,1992917.1460484827,,False
2021-09-28,1992917.1460484827,CASH,0.0,1992917.1460484827,,False
2021-09-29,1992917.1460484827,CASH,0.0,1992917.1460484827,,False
2021-09-30,1992917.1460484827,CASH,0.0,1992917.1460484827,,False
2021-10-01,1992917.1460484827,TQQQ,65952.28180209547,0.0,30.217561721801758,False
2021-10-04,1870363.4790273889,TQQQ,65952.28180209547,0.0,30.217561721801758,False
2021-10-05,1942324.310978023,TQQQ,65952.28180209547,0.0,30.217561721801758,False
2021-10-06,1980662.1693077565,TQQQ,65952.28180209547,0.0,30.217561721801758,False
2021-10-07,2034239.9700743258,TQQQ,65952.28180209547,0.0,30.217561721801758,False
2021-10-08,2002973.3695588876,TQQQ,65952.28180209547,0.0,30.217561721801758,False
2021-10-11,1958507.9599617939,TQQQ,65952.28180209547,0.0,30.217561721801758,False
2021-10-12,1938553.6359921035,TQQQ,65952.28180209547,0.0,30.217561721801758,False
2021-10-13,1983961.6199901814,TQQQ,65952.28180209547,0.0,30.217561721801758,False
2021-10-14,2093474.9783627226,TQQQ,65952.28180209547,0.0,30.217561721801758,False
2021-10-15,2132283.432025978,TQQQ,65952.28180209547,0.0,30.217561721801758,False
2021-10-18,2196231.8154952726,TQQQ,65952.28180209547,0.0,30.217561721801758,False
2021-10-19,2244467.2711083135,TQQQ,65952.28180209547,0.0,30.217561721801758,False
2021-10-20,2237396.89385198,TQQQ,65952.28180209547,0.0,30.217561721801758,False
2021-10-21,2277463.0358725074,TQQQ,65952.28180209547,0.0,30.217561721801758,False
2021-10-22,2219800.075133703,TQQQ,65952.28180209547,0.0,30.217561721801758,False
2021-10-25,2286418.813518798,TQQQ,65952.28180209547,0.0,30.217561721801758,False
2021-10-26,2307787.439368945,TQQQ,65952.28180209547,0.0,30.217561721801758,False
2021-10-27,2326012.7248838744,TQQQ,65952.28180209547,0.0,30.217561721801758,False
2021-10-28,2402373.2017930583,TQQQ,65952.28180209547,0.0,30.217561721801758,False
2021-10-29,2437883.33691984,TQQQ,65952.28180209547,0.0,30.217561721801758,False
2021-11-01,2461922.569273776,TECL,37567.757254954944,0.0,65.5328598022461,False
2021-11-02,2520498.0838529645,TECL,37567.757254954944,0.0,65.5328598022461,False
2021-11-03,2564516.7803820376,TECL,37567.757254954944,0.0,65.5328598022461,False
2021-11-04,2682709.0972457007,TECL,37567.757254954944,0.0,65.5328598022461,False
2021-11-05,2719448.811511233,TECL,37567.757254954944,0.0,65.5328598022461,False
2021-11-08,2766933.594530817,TECL,37567.757254954944,0.0,65.5328598022461,False
2021-11-09,2734353.012082352,TECL,37567.757254954944,0.0,65.5328598022461,False
2021-11-10,2594671.4175683116,TECL,37567.757254954944,0.0,65.5328598022461,False
2021-11-11,2636263.308977469,TECL,37567.757254954944,0.0,65.5328598022461,False
2021-11-12,2729846.784363522,TECL,37567.757254954944,0.0,65.5328598022461,False
2021-11-15,2721528.234110146,TECL,37567.757254954944,0.0,65.5328598022461,False
2021-11-16,2806099.254058541,TECL,37567.757254954944,0.0,65.5328598022461,False
2021-11-17,2780104.035308576,TECL,37567.757254954944,0.0,65.5328598022461,False
2021-11-18,2860515.9234399037,TECL,37567.757254954944,0.0,65.5328598022461,False
2021-11-19,2928103.8934567505,TECL,37567.757254954944,0.0,65.5328598022461,False
2021-11-22,2830361.8594921133,TECL,37567.757254954944,0.0,65.5328598022461,False
2021-11-23,2810605.1951581286,TECL,37567.757254954944,0.0,65.5328598022461,False
2021-11-24,2869181.2829758003,TECL,37567.757254954944,0.0,65.5328598022461,False
2021-11-26,2656020.5465499368,TECL,37567.757254954944,0.0,65.5328598022461,False
2021-11-29,2851157.805196692,TECL,37567.757254954944,0.0,65.5328598022461,False
2021-11-30,2780450.8445910965,TECL,37567.757254954944,0.0,65.5328598022461,False
2021-12-01,2664338.810184072,TECL,37567.757254954944,0.0,74.01162719726562,False
2021-12-02,2738511.8572801775,TECL,37567.757254954944,0.0,74.01162719726562,False
2021-12-03,2502405.760131987,CASH,0.0,2502405.760131987,,False
2021-12-06,2502405.760131987,CASH,0.0,2502405.760131987,,False
2021-12-07,2502405.760131987,CASH,0.0,2502405.760131987,,False
2021-12-08,2502405.760131987,CASH,0.0,2502405.760131987,,False
2021-12-09,2502405.760131987,CASH,0.0,2502405.760131987,,False
2021-12-10,2502405.760131987,CASH,0.0,2502405.760131987,,False
2021-12-13,2502405.760131987,CASH,0.0,2502405.760131987,,False
2021-12-14,2502405.760131987,CASH,0.0,2502405.760131987,,False
2021-12-15,2502405.760131987,CASH,0.0,2502405.760131987,,False
2021-12-16,2502405.760131987,CASH,0.0,2502405.760131987,,False
2021-12-17,2502405.760131987,CASH,0.0,2502405.760131987,,False
2021-12-20,2502405.760131987,CASH,0.0,2502405.760131987,,False
2021-12-21,2502405.760131987,CASH,0.0,2502405.760131987,,False
2021-12-22,2502405.760131987,CASH,0.0,2502405.760131987,,False
2021-12-23,2502405.760131987,CASH,0.0,2502405.760131987,,False
2021-12-27,2502405.760131987,CASH,0.0,2502405.760131987,,False
2021-12-28,2502405.760131987,CASH,0.0,2502405.760131987,,False
2021-12-29,2502405.760131987,CASH,0.0,2502405.760131987,,False
2021-12-30,2502405.760131987,CASH,0.0,2502405.760131987,,False
2021-12-31,2502405.760131987,CASH,0.0,2502405.760131987,,False
2022-01-03,2502405.760131987,TQQQ,61380.195995001144,0.0,40.768943786621094,False
2022-01-04,2405163.8643139936,TQQQ,61380.195995001144,0.0,40.768943786621094,False
2022-01-05,2252165.184118788,CASH,0.0,2252165.184118788,,False
2022-01-06,2252165.184118788,CASH,0.0,2252165.184118788,,False
2022-01-07,2252165.184118788,CASH,0.0,2252165.184118788,,False
2022-01-10,2252165.184118788,CASH,0.0,2252165.184118788,,False
2022-01-11,2252165.184118788,CASH,0.0,2252165.184118788,,False
2022-01-12,2252165.184118788,CASH,0.0,2252165.184118788,,False
2022-01-13,2252165.184118788,CASH,0.0,2252165.184118788,,False
2022-01-14,2252165.184118788,CASH,0.0,2252165.184118788,,False
2022-01-18,2252165.184118788,CASH,0.0,2252165.184118788,,False
2022-01-19,2252165.184118788,CASH,0.0,2252165.184118788,,False
2022-01-20,2252165.184118788,CASH,0.0,2252165.184118788,,False
2022-01-21,2252165.184118788,CASH,0.0,2252165.184118788,,False
2022-01-24,2252165.184118788,CASH,0.0,2252165.184118788,,False
2022-01-25,2252165.184118788,CASH,0.0,2252165.184118788,,False
2022-01-26,2252165.184118788,CASH,0.0,2252165.184118788,,False
2022-01-27,2252165.184118788,CASH,0.0,2252165.184118788,,False
2022-01-28,2252165.184118788,CASH,0.0,2252165.184118788,,False
2022-01-31,2252165.184118788,CASH,0.0,2252165.184118788,,False
2022-02-01,2252165.184118788,GLD,13387.417472008598,0.0,168.22999572753906,False
2022-02-02,2260331.5169477444,GLD,13387.417472008598,0.0,168.22999572753906,False
2022-02-03,2257118.6674909615,GLD,13387.417472008598,0.0,168.22999572753906,False
2022-02-04,2260599.322494403,GLD,13387.417472008598,0.0,168.22999572753906,False
2022-02-07,2277333.5943344138,GLD,13387.417472008598,0.0,168.22999572753906,False
2022-02-08,2284295.108617076,GLD,13387.417472008598,0.0,168.22999572753906,False
2022-02-09,2292059.835263935,GLD,13387.417472008598,0.0,168.22999572753906,False
2022-02-10,2283357.8913416616,GLD,13387.417472008598,0.0,168.22999572753906,False
2022-02-11,2326866.9981256896,GLD,13387.417472008598,0.0,168.22999572753906,False
2022-02-14,2339317.402598063,GLD,13387.417472008598,0.0,168.22999572753906,False
2022-02-15,2317094.2405683417,GLD,13387.417472008598,0.0,168.22999572753906,False
2022-02-16,2340923.8273264547,GLD,13387.417472008598,0.0,168.22999572753906,False
2022-02-17,2372919.746913524,GLD,13387.417472008598,0.0,168.22999572753906,False
2022-02-18,2371179.3172739134,GLD,13387.417472008598,0.0,168.22999572753906,False
2022-02-22,2376132.8006460867,GLD,13387.417472008598,0.0,168.22999572753906,False
2022-02-23,2386842.5712030698,GLD,13387.417472008598,0.0,168.22999572753906,False
2022-02-24,2371447.122820572,GLD,13387.417472008598,0.0,168.22999572753906,False
2022-02-25,2363548.595538274,GLD,13387.417472008598,0.0,168.22999572753906,False
2022-02-28,2388047.594025143,GLD,13387.417472008598,0.0,168.22999572753906,False
2022-03-01,2431422.695897952,GLD,13387.417472008598,0.0,178.3800048828125,False
2022-03-02,2406120.485046887,GLD,13387.417472008598,0.0,178.3800048828125,False
2022-03-03,2420445.11979431,GLD,13387.417472008598,0.0,178.3800048828125,False
2022-03-04,2459000.7432061653,GLD,13387.417472008598,0.0,178.3800048828125,False
2022-03-07,2495548.53998331,GLD,13387.417472008598,0.0,178.3800048828125,False
2022-03-08,2563824.246525086,GLD,13387.417472008598,0.0,178.3800048828125,False
2022-03-09,2487650.0127010117,GLD,13387.417472008598,0.0,178.3800048828125,False
2022-03-10,2495414.535072091,GLD,13387.417472008598,0.0,178.3800048828125,False
2022-03-11,2477877.0508678844,GLD,13387.417472008598,0.0,178.3800048828125,False
2022-03-14,2440526.246002323,GLD,13387.417472008598,0.0,178.3800048828125,False
2022-03-15,2394875.103396587,GLD,13387.417472008598,0.0,178.3800048828125,False
2022-03-16,2409868.945596987,GLD,13387.417472008598,0.0,178.3800048828125,False
2022-03-17,2421649.938340604,GLD,13387.417472008598,0.0,178.3800048828125,False
2022-03-18,2400363.9935862976,GLD,13387.417472008598,0.0,178.3800048828125,False
2022-03-21,2418704.6901546996,GLD,13387.417472008598,0.0,178.3800048828125,False
2022-03-22,2401167.2059504935,GLD,13387.417472008598,0.0,178.3800048828125,False
2022-03-23,2433966.3379017585,GLD,13387.417472008598,0.0,178.3800048828125,False
2022-03-24,2451637.827017184,GLD,13387.417472008598,0.0,178.3800048828125,False
2022-03-25,2441597.2639131774,GLD,13387.417472008598,0.0,178.3800048828125,False
2022-03-28,2397150.939853735,GLD,13387.417472008598,0.0,178.3800048828125,False
2022-03-29,2398221.9577645888,GLD,13387.417472008598,0.0,178.3800048828125,False
2022-03-30,2417499.871608406,GLD,13387.417472008598,0.0,178.3800048828125,False
2022-03-31,2418436.8846080415,GLD,13387.417472008598,0.0,178.3800048828125,False
2022-04-01,2403041.4362255433,GLD,13387.417472008598,0.0,180.64999389648438,False
2022-04-04,2414688.4240579414,GLD,13387.417472008598,0.0,180.64999389648438,False
2022-04-05,2399560.7812221018,GLD,13387.417472008598,0.0,180.64999389648438,False
2022-04-06,2405183.4720472516,GLD,13387.417472008598,0.0,180.64999389648438,False
2022-04-07,2414286.8178758435,GLD,13387.417472008598,0.0,180.64999389648438,False
2022-04-08,2429414.6649874626,GLD,13387.417472008598,0.0,180.64999389648438,False
2022-04-11,2441463.2590019586,GLD,13387.417472008598,0.0,180.64999389648438,False
2022-04-12,2460205.766028238,GLD,13387.417472008598,0.0,180.64999389648438,False
2022-04-13,2471986.554496076,GLD,13387.417472008598,0.0,180.64999389648438,False
2022-04-14,2463820.2216671193,GLD,13387.417472008598,0.0,180.64999389648438,False
2022-04-18,2471451.147678538,GLD,13387.417472008598,0.0,180.64999389648438,False
2022-04-19,2434100.3428129773,GLD,13387.417472008598,0.0,180.64999389648438,False
2022-04-20,2446015.1361920335,GLD,13387.417472008598,0.0,180.64999389648438,False
2022-04-21,2437313.1922697606,GLD,13387.417472008598,0.0,180.64999389648438,False
2022-04-22,2413617.406147087,GLD,13387.417472008598,0.0,180.64999389648438,False
2022-04-25,2370242.304274278,GLD,13387.417472008598,0.0,180.64999389648438,False
2022-04-26,2373856.9641889385,GLD,13387.417472008598,0.0,180.64999389648438,False
2022-04-27,2355917.669526855,GLD,13387.417472008598,0.0,180.64999389648438,False
2022-04-28,2368635.675270107,GLD,13387.417472008598,0.0,180.64999389648438,False
2022-04-29,2368368.073999228,GLD,13387.417472008598,0.0,180.64999389648438,False
2022-05-02,2324457.361033102,GLD,13387.417472008598,0.0,176.91000366210938,False
2022-05-03,2330615.4586757896,GLD,13387.417472008598,0.0,176.91000366210938,False
2022-05-04,2353508.0324342675,GLD,13387.417472008598,0.0,176.91000366210938,False
2022-05-05,2344538.487241115,GLD,13387.417472008598,0.0,176.91000366210938,False
2022-05-06,2348420.748426655,GLD,13387.417472008598,0.0,176.91000366210938,False
2022-05-09,2314416.7979290956,GLD,13387.417472008598,0.0,176.91000366210938,False
2022-05-10,2294871.0785386204,GLD,13387.417472008598,0.0,176.91000366210938,False
2022-05-11,2313613.5855648997,GLD,13387.417472008598,0.0,176.91000366210938,False
2022-05-12,2278136.8066986096,GLD,13387.417472008598,0.0,176.91000366210938,False
2022-05-13,2259662.1052189884,GLD,13387.417472008598,0.0,176.91000366210938,False
2022-05-16,2281215.855519953,GLD,13387.417472008598,0.0,176.91000366210938,False
2022-05-17,2266891.4250483094,GLD,13387.417472008598,0.0,176.91000366210938,False
2022-05-18,2268096.243594603,GLD,13387.417472008598,0.0,176.91000366210938,False
2022-05-19,2301430.986639185,GLD,13387.417472008598,0.0,176.91000366210938,False
2022-05-20,2303037.4113675766,GLD,13387.417472008598,0.0,176.91000366210938,False
2022-05-23,2313747.3862003395,GLD,13387.417472008598,0.0,176.91000366210938,False
2022-05-24,2331151.0697691063,GLD,13387.417472008598,0.0,176.91000366210938,False
2022-05-25,2317094.2405683417,GLD,13387.417472008598,0.0,176.91000366210938,False
2022-05-26,2312810.168924925,GLD,13387.417472008598,0.0,176.91000366210938,False
2022-05-27,2314015.1917469976,GLD,13387.417472008598,0.0,176.91000366210938,False
2022-05-31,2291122.6179885203,GLD,13387.417472008598,0.0,176.91000366210938,False
2022-06-01,2305714.8540068227,SHY,31741.88240734395,0.0,72.63951218826776,False
2022-06-02,2306268.9512368236,SHY,31741.88240734395,0.0,72.63951218826776,False
2022-06-03,2305435.733316831,SHY,31741.88240734395,0.0,72.63951218826776,False
2022-06-06,2302385.39515625,SHY,31741.88240734395,0.0,72.63951218826776,False
2022-06-07,2302662.321884486,SHY,31741.88240734395,0.0,72.63951218826776,False
2022-06-08,2300998.567553313,SHY,31741.88240734395,0.0,72.63951218826776,False
2022-06-09,2299335.056995668,SHY,31741.88240734395,0.0,72.63951218826776,False
2022-06-10,2289626.7762280544,SHY,31741.88240734395,0.0,72.63951218826776,False
2022-06-13,2277977.814401031,SHY,31741.88240734395,0.0,72.63951218826776,False
2022-06-14,2273540.161090457,SHY,31741.88240734395,0.0,72.63951218826776,False
2022-06-15,2282416.4428057196,SHY,31741.88240734395,0.0,72.63951218826776,False
2022-06-16,2285467.0247398294,SHY,31741.88240734395,0.0,72.63951218826776,False
2022-06-17,2284912.4399627717,SHY,31741.88240734395,0.0,72.63951218826776,False
2022-06-21,2284079.465816308,SHY,31741.88240734395,0.0,72.63951218826776,False
2022-06-22,2290736.9208762827,SHY,31741.88240734395,0.0,72.63951218826776,False
2022-06-23,2292678.089482749,SHY,31741.88240734395,0.0,72.63951218826776,False
2022-06-24,2292123.74847922,SHY,31741.88240734395,0.0,72.63951218826776,False
2022-06-27,2289626.7762280544,SHY,31741.88240734395,0.0,72.63951218826776,False
2022-06-28,2289071.9476774684,SHY,31741.88240734395,0.0,72.63951218826776,False
2022-06-29,2291845.3591098133,SHY,31741.88240734395,0.0,72.63951218826776,False
2022-06-30,2296283.987514502,SHY,31741.88240734395,0.0,72.63951218826776,False
2022-07-01,2303197.161005745,SHY,31741.88240734395,0.0,72.34240106009665,False
2022-07-05,2302919.0154098663,SHY,31741.88240734395,0.0,72.34240106009665,False
2022-07-06,2296532.6365134465,SHY,31741.88240734395,0.0,72.34240106009665,False
2022-07-07,2294867.4195411033,SHY,31741.88240734395,0.0,72.34240106009665,False
2022-07-08,2292090.8390528895,SHY,31741.88240734395,0.0,72.34240106009665,False
2022-07-11,2292923.8131993534,SHY,31741.88240734395,0.0,72.34240106009665,False
2022-07-12,2294034.9329416957,SHY,31741.88240734395,0.0,72.34240106009665,False
2022-07-13,2291536.741822888,SHY,31741.88240734395,0.0,72.34240106009665,False
2022-07-14,2290703.036355839,SHY,31741.88240734395,0.0,72.34240106009665,False
2022-07-15,2292369.7159693525,SHY,31741.88240734395,0.0,72.34240106009665,False
2022-07-18,2290980.2068576035,SHY,31741.88240734395,0.0,72.34240106009665,False
2022-07-19,2288483.2346064383,SHY,31741.88240734395,0.0,72.34240106009665,False
2022-07-20,2288204.601463503,SHY,31741.88240734395,0.0,72.34240106009665,False
2022-07-21,2294591.2241334515,SHY,31741.88240734395,0.0,72.34240106009665,False
2022-07-22,2300420.5805175314,SHY,31741.88240734395,0.0,72.34240106009665,False
2022-07-25,2298476.974175781,SHY,31741.88240734395,0.0,72.34240106009665,False
2022-07-26,2297366.341980496,SHY,31741.88240734395,0.0,72.34240106009665,False
2022-07-27,2300975.409068117,SHY,31741.88240734395,0.0,72.34240106009665,False
2022-07-28,2305972.2788527883,SHY,31741.88240734395,0.0,72.34240106009665,False
2022-07-29,2305695.5958980806,SHY,31741.88240734395,0.0,72.34240106009665,False
2022-08-01,2305640.259307139,SHY,31741.88240734395,0.0,72.6389054785429,False
2022-08-02,2297579.8875913536,SHY,31741.88240734395,0.0,72.6389054785429,False
2022-08-03,2298413.3492848747,SHY,31741.88240734395,0.0,72.6389054785429,False
2022-08-04,2301470.2693307223,SHY,31741.88240734395,0.0,72.6389054785429,False
2022-08-05,2292021.60737083,SHY,31741.88240734395,0.0,72.6389054785429,False
2022-08-08,2294245.0657231566,SHY,31741.88240734395,0.0,72.6389054785429,False
2022-08-09,2292021.60737083,SHY,31741.88240734395,0.0,72.6389054785429,False
2022-08-10,2294245.0657231566,SHY,31741.88240734395,0.0,72.6389054785429,False
2022-08-11,2293411.1164825787,SHY,31741.88240734395,0.0,72.6389054785429,False
2022-08-12,2293966.67635375,SHY,31741.88240734395,0.0,72.6389054785429,False
2022-08-15,2295912.9642043123,SHY,31741.88240734395,0.0,72.6389054785429,False
2022-08-16,2293966.67635375,SHY,31741.88240734395,0.0,72.6389054785429,False
2022-08-17,2292021.60737083,SHY,31741.88240734395,0.0,72.6389054785429,False
2022-08-18,2295356.429239027,SHY,31741.88240734395,0.0,72.6389054785429,False
2022-08-19,2293689.5058519854,SHY,31741.88240734395,0.0,72.6389054785429,False
2022-08-22,2290631.8544855528,SHY,31741.88240734395,0.0,72.6389054785429,False
2022-08-23,2291744.680642594,SHY,31741.88240734395,0.0,72.6389054785429,False
2022-08-24,2289242.3453738037,SHY,31741.88240734395,0.0,72.6389054785429,False
2022-08-25,2290631.8544855528,SHY,31741.88240734395,0.0,72.6389054785429,False
2022-08-26,2290076.53838791,SHY,31741.88240734395,0.0,72.6389054785429,False
2022-08-29,2288408.883680283,SHY,31741.88240734395,0.0,72.6389054785429,False
2022-08-30,2287297.520164412,SHY,31741.88240734395,0.0,72.6389054785429,False
2022-08-31,2287019.374568534,SHY,31741.88240734395,0.0,72.6389054785429,False
2022-09-01,2285348.5508050383,IEF,26092.252542174552,0.0,87.58724633341201,False
2022-09-02,2298151.1520257676,IEF,26092.252542174552,0.0,87.58724633341201,False
2022-09-06,2272545.149271674,IEF,26092.252542174552,0.0,87.58724633341201,False
2022-09-07,2287406.5547457216,IEF,26092.252542174552,0.0,87.58724633341201,False
2022-09-08,2278947.0501165153,IEF,26092.252542174552,0.0,87.58724633341201,False
2022-09-09,2279175.939530101,IEF,26092.252542174552,0.0,87.58724633341201,False
2022-09-12,2273688.3958706497,IEF,26092.252542174552,0.0,87.58724633341201,False
2022-09-13,2260885.5945717613,IEF,26092.252542174552,0.0,87.58724633341201,False
2022-09-14,2262028.0408581025,IEF,26092.252542174552,0.0,87.58724633341201,False
2022-09-15,2254255.404547811,IEF,26092.252542174552,0.0,87.58724633341201,False
2022-09-16,2256084.118918591,IEF,26092.252542174552,0.0,87.58724633341201,False
2022-09-19,2249682.418151909,IEF,26092.252542174552,0.0,87.58724633341201,False
2022-09-20,2235736.5703322035,IEF,26092.252542174552,0.0,87.58724633341201,False
2022-09-21,2244653.0534759467,IEF,26092.252542174552,0.0,87.58724633341201,False
2022-09-22,2210816.235428073,IEF,26092.252542174552,0.0,87.58724633341201,False
2022-09-23,2213559.9072187194,IEF,26092.252542174552,0.0,87.58724633341201,False
2022-09-26,2176750.7280447725,IEF,26092.252542174552,0.0,87.58724633341201,False
2022-09-27,2161889.7227270426,IEF,26092.252542174552,0.0,87.58724633341201,False
2022-09-28,2210588.346405281,IEF,26092.252542174552,0.0,87.58724633341201,False
2022-09-29,2200299.5271708183,IEF,26092.252542174552,0.0,87.58724633341201,False
2022-09-30,2194583.094097782,IEF,26092.252542174552,0.0,87.58724633341201,False
2022-10-03,2220629.2688010787,SHY,31124.06328333804,0.0,71.34766590677994,False
2022-10-04,2221448.420354269,SHY,31124.06328333804,0.0,71.34766590677994,False
2022-10-05,2219264.175564932,SHY,31124.06328333804,0.0,71.34766590677994,False
2022-10-06,2216531.1207475457,SHY,31124.06328333804,0.0,71.34766590677994,False
2022-10-07,2213799.0220451904,SHY,31124.06328333804,0.0,71.34766590677994,False
2022-10-10,2212979.1534057264,SHY,31124.06328333804,0.0,71.34766590677994,False
2022-10-11,2214072.7099729422,SHY,31124.06328333804,0.0,71.34766590677994,False
2022-10-12,2216257.9108773097,SHY,31124.06328333804,0.0,71.34766590677994,False
2022-10-13,2209700.6349628996,SHY,31124.06328333804,0.0,71.34766590677994,False
2022-10-14,2208607.5564532005,SHY,31124.06328333804,0.0,71.34766590677994,False
2022-10-17,2211067.162371593,SHY,31124.06328333804,0.0,71.34766590677994,False
2022-10-18,2212160.240881293,SHY,31124.06328333804,0.0,71.34766590677994,False
2022-10-19,2208061.614770245,SHY,31124.06328333804,0.0,71.34766590677994,False
2022-10-20,2205602.2478806092,SHY,31124.06328333804,0.0,71.34766590677994,False
2022-10-21,2211340.6112705865,SHY,31124.06328333804,0.0,71.34766590677994,False
2022-10-24,2210793.2354150843,SHY,31124.06328333804,0.0,71.34766590677994,False
2022-10-25,2212979.1534057264,SHY,31124.06328333804,0.0,71.34766590677994,False
2022-10-26,2214891.144439859,SHY,31124.06328333804,0.0,71.34766590677994,False
2022-10-27,2219536.1902913786,SHY,31124.06328333804,0.0,71.34766590677994,False
2022-10-28,2216257.9108773097,SHY,31124.06328333804,0.0,71.34766590677994,False
2022-10-31,2212979.1534057264,SHY,31124.06328333804,0.0,71.34766590677994,False
2022-11-01,2210817.8553771437,SHY,31124.06328333804,0.0,71.10187166951376,False
2022-11-02,2209722.386579865,SHY,31124.06328333804,0.0,71.10187166951376,False
2022-11-03,2205616.828634839,SHY,31124.06328333804,0.0,71.10187166951376,False
2022-11-04,2208080.0199846,SHY,31124.06328333804,0.0,71.10187166951376,False
2022-11-07,2206164.6825478575,SHY,31124.06328333804,0.0,71.10187166951376,False
2022-11-08,2208354.185969867,SHY,31124.06328333804,0.0,71.10187166951376,False
2022-11-09,2211912.368059391,SHY,31124.06328333804,0.0,71.10187166951376,False
2022-11-10,2223954.397851688,SHY,31124.06328333804,0.0,71.10187166951376,False
2022-11-11,2223406.5439386694,SHY,31124.06328333804,0.0,71.10187166951376,False
2022-11-14,2221490.489415653,SHY,31124.06328333804,0.0,71.10187166951376,False
2022-11-15,2223680.709923936,SHY,31124.06328333804,0.0,71.10187166951376,False
2022-11-16,2223954.397851688,SHY,31124.06328333804,0.0,71.10187166951376,False
2022-11-17,2221217.7576029333,SHY,31124.06328333804,0.0,71.10187166951376,False
2022-11-18,2218754.327224414,SHY,31124.06328333804,0.0,71.10187166951376,False
2022-11-21,2218206.9513689117,SHY,31124.06328333804,0.0,71.10187166951376,False
2022-11-22,2219849.0789354187,SHY,31124.06328333804,0.0,71.10187166951376,False
2022-11-23,2221764.177343404,SHY,31124.06328333804,0.0,71.10187166951376,False
2022-11-25,2222038.8213861864,SHY,31124.06328333804,0.0,71.10187166951376,False
2022-11-28,2222585.7191841737,SHY,31124.06328333804,0.0,71.10187166951376,False
2022-11-29,2221764.177343404,SHY,31124.06328333804,0.0,71.10187166951376,False
2022-11-30,2228332.687609434,SHY,31124.06328333804,0.0,71.10187166951376,False
2022-12-01,2233132.6240960476,SHY,31124.06328333804,0.0,71.59517275504159,False
2022-12-02,2232583.8140679975,SHY,31124.06328333804,0.0,71.59517275504159,False
2022-12-05,2226275.6061192793,SHY,31124.06328333804,0.0,71.59517275504159,False
2022-12-06,2228745.0122167445,SHY,31124.06328333804,0.0,71.59517275504159,False
2022-12-07,2233406.551052557,SHY,31124.06328333804,0.0,71.59517275504159,False
2022-12-08,2231212.5060841474,SHY,31124.06328333804,0.0,71.59517275504159,False
2022-12-09,2230115.603114322,SHY,31124.06328333804,0.0,71.59517275504159,False
2022-12-12,2228745.0122167445,SHY,31124.06328333804,0.0,71.59517275504159,False
2022-12-13,2235325.7129494254,SHY,31124.06328333804,0.0,71.59517275504159,False
2022-12-14,2235601.313107239,SHY,31124.06328333804,0.0,71.59517275504159,False
2022-12-15,2235902.4893421447,SHY,31124.06328333804,0.0,71.59517275504159,False
2022-12-16,2238101.553914469,SHY,31124.06328333804,0.0,71.59517275504159,False
2022-12-19,2235353.2012565797,SHY,31124.06328333804,0.0,71.59517275504159,False
2022-12-20,2235353.2012565797,SHY,31124.06328333804,0.0,71.59517275504159,False
2022-12-21,2237551.787771388,SHY,31124.06328333804,0.0,71.59517275504159,False
2022-12-22,2236176.8943561693,SHY,31124.06328333804,0.0,71.59517275504159,False
2022-12-23,2235078.3181850384,SHY,31124.06328333804,0.0,71.59517275504159,False
2022-12-27,2232055.0824556085,SHY,31124.06328333804,0.0,71.59517275504159,False
2022-12-28,2232055.0824556085,SHY,31124.06328333804,0.0,71.59517275504159,False
2022-12-29,2233704.8589423676,SHY,31124.06328333804,0.0,71.59517275504159,False
2022-12-30,2230955.3111406886,SHY,31124.06328333804,0.0,71.59517275504159,False
2023-01-03,2232879.2536127144,GLD,13053.193531397537,0.0,171.05999755859375,False
2023-01-04,2253894.903165302,GLD,13053.193531397537,0.0,171.05999755859375,False
2023-01-05,2225830.6167431674,GLD,13053.193531397537,0.0,171.05999755859375,False
2023-01-06,2267470.335976474,GLD,13053.193531397537,0.0,171.05999755859375,False
2023-01-09,2272561.073486682,GLD,13053.193531397537,0.0,171.05999755859375,False
2023-01-10,2280915.1093797395,GLD,13053.193531397537,0.0,171.05999755859375,False
2023-01-11,2279348.5907163415,GLD,13053.193531397537,0.0,171.05999755859375,False
2023-01-12,2305716.097419024,GLD,13053.193531397537,0.0,171.05999755859375,False
2023-01-13,2333388.80396929,GLD,13053.193531397537,0.0,171.05999755859375,False
2023-01-17,2318116.5914386665,GLD,13053.193531397537,0.0,171.05999755859375,False
2023-01-18,2311459.5344409873,GLD,13053.193531397537,0.0,171.05999755859375,False
2023-01-19,2348138.976396066,GLD,13053.193531397537,0.0,171.05999755859375,False
2023-01-20,2340306.9806068568,GLD,13053.193531397537,0.0,171.05999755859375,False
2023-01-23,2344745.2177812364,GLD,13053.193531397537,0.0,171.05999755859375,False
2023-01-24,2353229.7139062737,GLD,13053.193531397537,0.0,171.05999755859375,False
2023-01-25,2364063.888438445,GLD,13053.193531397537,0.0,171.05999755859375,False
2023-01-26,2342656.6590139903,GLD,13053.193531397537,0.0,171.05999755859375,False
2023-01-27,2339393.360631141,GLD,13053.193531397537,0.0,171.05999755859375,False
2023-01-30,2333388.80396929,GLD,13053.193531397537,0.0,171.05999755859375,False
2023-01-31,2341873.4992702547,GLD,13053.193531397537,0.0,171.05999755859375,False
2023-02-01,2371373.6449478795,GLD,13053.193531397537,0.0,179.41000366210938,False
2023-02-02,2322163.049565251,GLD,13053.193531397537,0.0,179.41000366210938,False
2023-02-03,2264207.0375936246,GLD,13053.193531397537,0.0,179.41000366210938,False
2023-02-06,2268906.195231965,GLD,13053.193531397537,0.0,179.41000366210938,False
2023-02-07,2270994.554823284,GLD,13053.193531397537,0.0,179.41000366210938,False
2023-02-08,2276607.531613267,GLD,13053.193531397537,0.0,179.41000366210938,False
2023-02-09,2258594.0608036416,GLD,13053.193531397537,0.0,179.41000366210938,False
2023-02-10,2262901.638570114,GLD,13053.193531397537,0.0,179.41000366210938,False
2023-02-13,2251414.764526188,GLD,13053.193531397537,0.0,179.41000366210938,False
2023-02-14,2253111.743421566,GLD,13053.193531397537,0.0,179.41000366210938,False
2023-02-15,2230660.234613488,GLD,13053.193531397537,0.0,179.41000366210938,False
2023-02-16,2228832.7954861294,GLD,13053.193531397537,0.0,179.41000366210938,False
2023-02-17,2235489.8524838085,GLD,13053.193531397537,0.0,179.41000366210938,False
2023-02-21,2227135.816590751,GLD,13053.193531397537,0.0,179.41000366210938,False
2023-02-22,2214604.8623391287,GLD,13053.193531397537,0.0,179.41000366210938,False
2023-02-23,2213430.1227235254,GLD,13053.193531397537,0.0,179.41000366210938,False
2023-02-24,2197505.210681146,GLD,13053.193531397537,0.0,179.41000366210938,False
2023-02-27,2206120.167038164,GLD,13053.193531397537,0.0,179.41000366210938,False
2023-02-28,2216171.1818266,GLD,13053.193531397537,0.0,179.41000366210938,False
2023-03-01,2228963.2557181097,GLD,13053.193531397537,0.0,169.77999877929688,False
2023-03-02,2227658.055870526,GLD,13053.193531397537,0.0,169.77999877929688,False
2023-03-03,2251545.4239340946,GLD,13053.193531397537,0.0,169.77999877929688,False
2023-03-06,2240189.010122149,GLD,13053.193531397537,0.0,169.77999877929688,False
2023-03-07,2201029.429527956,GLD,13053.193531397537,0.0,169.77999877929688,False
2023-03-08,2199985.150144333,GLD,13053.193531397537,0.0,169.77999877929688,False
2023-03-09,2221653.4992086757,GLD,13053.193531397537,0.0,169.77999877929688,False
2023-03-10,2269558.695567793,GLD,13053.193531397537,0.0,169.77999877929688,False
2023-03-13,2321641.009461403,GLD,13053.193531397537,0.0,169.77999877929688,False
2023-03-14,2308196.236058138,GLD,13053.193531397537,0.0,169.77999877929688,False
2023-03-15,2326209.706867763,GLD,13053.193531397537,0.0,169.77999877929688,False
2023-03-16,2330908.864506103,GLD,13053.193531397537,0.0,169.77999877929688,False
2023-03-17,2398785.431034185,GLD,13053.193531397537,0.0,169.77999877929688,False
2023-03-20,2399699.051009901,GLD,13053.193531397537,0.0,169.77999877929688,False
2023-03-21,2354404.453521877,GLD,13053.193531397537,0.0,169.77999877929688,False
2023-03-22,2394477.8532677125,GLD,13053.193531397537,0.0,169.77999877929688,False
2023-03-23,2424500.238225112,GLD,13053.193531397537,0.0,169.77999877929688,False
2023-03-24,2397218.912370787,GLD,13053.193531397537,0.0,169.77999877929688,False
2023-03-27,2375028.5232025967,GLD,13053.193531397537,0.0,169.77999877929688,False
2023-03-28,2394477.8532677125,GLD,13053.193531397537,0.0,169.77999877929688,False
2023-03-29,2382599.399351918,GLD,13053.193531397537,0.0,169.77999877929688,False
2023-03-30,2404137.0890083537,GLD,13053.193531397537,0.0,169.77999877929688,False
2023-03-31,2391606.134756731,GLD,13053.193531397537,0.0,169.77999877929688,False
2023-04-03,2408836.246646694,TQQQ,178202.4831015847,0.0,13.517411231994629,False
2023-04-04,2384799.7741378127,TQQQ,178202.4831015847,0.0,13.517411231994629,False
2023-04-05,2308397.1521814354,TQQQ,178202.4831015847,0.0,13.517411231994629,False
2023-04-06,2354753.4612264032,TQQQ,178202.4831015847,0.0,13.517411231994629,False
2023-04-10,2349602.873519494,TQQQ,178202.4831015847,0.0,13.517411231994629,False
2023-04-11,2304104.797487358,TQQQ,178202.4831015847,0.0,13.517411231994629,False
2023-04-12,2243153.768704577,TQQQ,178202.4831015847,0.0,13.517411231994629,False
2023-04-13,2371922.710055581,TQQQ,178202.4831015847,0.0,13.517411231994629,False
2023-04-14,2358187.073066255,TQQQ,178202.4831015847,0.0,13.517411231994629,False
2023-04-17,2360762.961734669,TQQQ,178202.4831015847,0.0,13.517411231994629,False
2023-04-18,2362479.767654595,TQQQ,178202.4831015847,0.0,13.517411231994629,False
2023-04-19,2357328.8400534233,TQQQ,178202.4831015847,0.0,13.517411231994629,False
2023-04-20,2302387.4817260387,TQQQ,178202.4831015847,0.0,13.517411231994629,False
2023-04-21,2306680.1763143786,TQQQ,178202.4831015847,0.0,13.517411231994629,False
2023-04-24,2292944.3693779213,TQQQ,178202.4831015847,0.0,13.517411231994629,False
2023-04-25,2167952.6219820245,CASH,0.0,2167952.6219820245,,False
2023-04-26,2167952.6219820245,CASH,0.0,2167952.6219820245,,False
2023-04-27,2167952.6219820245,CASH,0.0,2167952.6219820245,,False
2023-04-28,2167952.6219820245,CASH,0.0,2167952.6219820245,,False
2023-05-01,2167952.6219820245,TECL,63775.61975398711,0.0,33.993438720703125,False
2023-05-02,2106874.786069941,TECL,63775.61975398711,0.0,33.993438720703125,False
2023-05-03,2052320.3856287566,TECL,63775.61975398711,0.0,33.993438720703125,False
2023-05-04,2022671.281398187,TECL,63775.61975398711,0.0,33.993438720703125,False
2023-05-05,2171510.4171758196,TECL,63775.61975398711,0.0,33.993438720703125,False
2023-05-08,2167952.6219820245,TECL,63775.61975398711,0.0,33.993438720703125,False
2023-05-09,2117548.4149360093,TECL,63775.61975398711,0.0,33.993438720703125,False
2023-05-10,2192857.918192639,TECL,63775.61975398711,0.0,33.993438720703125,False
2023-05-11,2162022.314566546,TECL,63775.61975398711,0.0,33.993438720703125,False
2023-05-12,2153127.583297375,TECL,63775.61975398711,0.0,33.993438720703125,False
2023-05-15,2204717.316600185,TECL,63775.61975398711,0.0,33.993438720703125,False
2023-05-16,2212426.521612561,TECL,63775.61975398711,0.0,33.993438720703125,False
2023-05-17,2299594.936707372,TECL,63775.61975398711,0.0,33.993438720703125,False
2023-05-18,2440725.597326675,TECL,63775.61975398711,0.0,33.993438720703125,False
2023-05-19,2433609.5203697197,TECL,63775.61975398711,0.0,33.993438720703125,False
2023-05-22,2446062.5334020504,TECL,63775.61975398711,0.0,33.993438720703125,False
2023-05-23,2339324.785033271,TECL,63775.61975398711,0.0,33.993438720703125,False
2023-05-24,2286549.2821889846,TECL,63775.61975398711,0.0,33.993438720703125,False
2023-05-25,2549242.00000767,TECL,63775.61975398711,0.0,33.993438720703125,False
2023-05-26,2762716.280321817,TECL,63775.61975398711,0.0,33.993438720703125,False
2023-05-30,2806004.1671261946,TECL,63775.61975398711,0.0,33.993438720703125,False
2023-05-31,2735438.7151742014,TECL,63775.61975398711,0.0,33.993438720703125,False
2023-06-01,2815491.7831661035,TECL,63775.61975398711,0.0,42.891605377197266,False
2023-06-02,2865895.7469274364,TECL,63775.61975398711,0.0,42.891605377197266,False
2023-06-05,2814305.7703399444,TECL,63775.61975398711,0.0,42.891605377197266,False
2023-06-06,2810748.2184308316,TECL,63775.61975398711,0.0,42.891605377197266,False
2023-06-07,2683848.9818713916,TECL,63775.61975398711,0.0,42.891605377197266,False
2023-06-08,2768645.857883249,TECL,63775.61975398711,0.0,42.891605377197266,False
2023-06-09,2807782.5781537276,TECL,63775.61975398711,0.0,42.891605377197266,False
2023-06-12,2989236.7017237158,TECL,63775.61975398711,0.0,42.891605377197266,False
2023-06-13,3043198.217394162,TECL,63775.61975398711,0.0,42.891605377197266,False
2023-06-14,3134517.555738189,TECL,63775.61975398711,0.0,42.891605377197266,False
2023-06-15,3255486.48488215,TECL,63775.61975398711,0.0,42.891605377197266,False
2023-06-16,3172468.749751873,TECL,63775.61975398711,0.0,42.891605377197266,False
2023-06-20,3106054.707618461,TECL,63775.61975398711,0.0,42.891605377197266,False
2023-06-21,2966596.6291898945,TECL,63775.61975398711,0.0,42.891605377197266,False
2023-06-22,3042556.4324022834,TECL,63775.61975398711,0.0,42.891605377197266,False
2023-06-23,2936924.899483872,TECL,63775.61975398711,0.0,42.891605377197266,False
2023-06-26,2869865.9096577116,TECL,63775.61975398711,0.0,42.891605377197266,False
2023-06-27,3042556.4324022834,TECL,63775.61975398711,0.0,42.891605377197266,False
2023-06-28,3045523.775672163,TECL,63775.61975398711,0.0,42.891605377197266,False
2023-06-29,3063920.476777498,TECL,63775.61975398711,0.0,42.891605377197266,False
2023-06-30,3205752.0405664765,TECL,63775.61975398711,0.0,42.891605377197266,False
2023-07-03,3182608.1254556347,TQQQ,159538.75632858148,0.0,19.948808670043945,False
2023-07-05,3180294.8670449713,TQQQ,159538.75632858148,0.0,19.948808670043945,False
2023-07-06,3105510.466423891,TQQQ,159538.75632858148,0.0,19.948808670043945,False
2023-07-07,3073899.890659866,TQQQ,159538.75632858148,0.0,19.948808670043945,False
2023-07-10,3076212.8447745005,TQQQ,159538.75632858148,0.0,19.948808670043945,False
2023-07-11,3120159.2772485865,TQQQ,159538.75632858148,0.0,19.948808670043945,False
2023-07-12,3235806.0700922306,TQQQ,159538.75632858148,0.0,19.948808670043945,False
2023-07-13,3396940.8590916786,TQQQ,159538.75632858148,0.0,19.948808670043945,False
2023-07-14,3393857.427432214,TQQQ,159538.75632858148,0.0,19.948808670043945,False
2023-07-17,3487916.8514032876,TQQQ,159538.75632858148,0.0,19.948808670043945,False
2023-07-18,3571182.286642047,TQQQ,159538.75632858148,0.0,19.948808670043945,False
2023-07-19,3571182.286642047,TQQQ,159538.75632858148,0.0,19.948808670043945,False
2023-07-20,3320613.373308737,TQQQ,159538.75632858148,0.0,19.948808670043945,False
2023-07-21,3291316.664547432,TQQQ,159538.75632858148,0.0,19.948808670043945,False
2023-07-24,3304423.607394381,TQQQ,159538.75632858148,0.0,19.948808670043945,False
2023-07-25,3370727.581989839,TQQQ,159538.75632858148,0.0,19.948808670043945,False
2023-07-26,3336033.8788623777,TQQQ,159538.75632858148,0.0,19.948808670043945,False
2023-07-27,3307507.3433498745,TQQQ,159538.75632858148,0.0,19.948808670043945,False
2023-07-28,3486374.679129512,TQQQ,159538.75632858148,0.0,19.948808670043945,False
2023-07-31,3493312.932881358,TQQQ,159538.75632858148,0.0,19.948808670043945,False
2023-08-01,3466329.482530717,TECL,64505.57180020313,0.0,53.736900329589844,False
2023-08-02,3207030.3421039246,TECL,64505.57180020313,0.0,53.736900329589844,False
2023-08-03,3168615.4905871362,TECL,64505.57180020313,0.0,53.736900329589844,False
2023-08-04,3119696.5342776454,CASH,0.0,3119696.5342776454,,False
2023-08-07,3119696.5342776454,CASH,0.0,3119696.5342776454,,False
2023-08-08,3119696.5342776454,CASH,0.0,3119696.5342776454,,False
2023-08-09,3119696.5342776454,CASH,0.0,3119696.5342776454,,False
2023-08-10,3119696.5342776454,CASH,0.0,3119696.5342776454,,False
2023-08-11,3119696.5342776454,CASH,0.0,3119696.5342776454,,False
2023-08-14,3119696.5342776454,CASH,0.0,3119696.5342776454,,False
2023-08-15,3119696.5342776454,CASH,0.0,3119696.5342776454,,False
2023-08-16,3119696.5342776454,CASH,0.0,3119696.5342776454,,False
2023-08-17,3119696.5342776454,CASH,0.0,3119696.5342776454,,False
2023-08-18,3119696.5342776454,CASH,0.0,3119696.5342776454,,False
2023-08-21,3119696.5342776454,CASH,0.0,3119696.5342776454,,False
2023-08-22,3119696.5342776454,CASH,0.0,3119696.5342776454,,False
2023-08-23,3119696.5342776454,CASH,0.0,3119696.5342776454,,False
2023-08-24,3119696.5342776454,CASH,0.0,3119696.5342776454,,False
2023-08-25,3119696.5342776454,CASH,0.0,3119696.5342776454,,False
2023-08-28,3119696.5342776454,CASH,0.0,3119696.5342776454,,False
2023-08-29,3119696.5342776454,CASH,0.0,3119696.5342776454,,False
2023-08-30,3119696.5342776454,CASH,0.0,3119696.5342776454,,False
2023-08-31,3119696.5342776454,CASH,0.0,3119696.5342776454,,False
2023-09-01,3119696.5342776454,TQQQ,152650.20378908448,0.0,20.43689727783203,False
2023-09-05,3127811.6665713643,TQQQ,152650.20378908448,0.0,20.43689727783203,False
2023-09-06,3045189.7088316637,TQQQ,152650.20378908448,0.0,20.43689727783203,False
2023-09-07,2978797.7245222433,TQQQ,152650.20378908448,0.0,20.43689727783203,False
2023-09-08,2987649.775581584,TQQQ,152650.20378908448,0.0,20.43689727783203,False
2023-09-11,3089451.7110713115,TQQQ,152650.20378908448,0.0,20.43689727783203,False
2023-09-12,2990600.6533728023,TQQQ,152650.20378908448,0.0,20.43689727783203,False
2023-09-13,3020107.6843420425,TQQQ,152650.20378908448,0.0,20.43689727783203,False
2023-09-14,3090927.0043883417,TQQQ,152650.20378908448,0.0,20.43689727783203,False
2023-09-15,2932322.927885629,TQQQ,152650.20378908448,0.0,20.43689727783203,False
2023-09-18,2938962.766862317,TQQQ,152650.20378908448,0.0,20.43689727783203,False
2023-09-19,2921258.082429321,TQQQ,152650.20378908448,0.0,20.43689727783203,False
2023-09-20,2807726.880849881,CASH,0.0,2807726.880849881,,False
2023-09-21,2807726.880849881,CASH,0.0,2807726.880849881,,False
2023-09-22,2807726.880849881,CASH,0.0,2807726.880849881,,False
2023-09-25,2807726.880849881,CASH,0.0,2807726.880849881,,False
2023-09-26,2807726.880849881,CASH,0.0,2807726.880849881,,False
2023-09-27,2807726.880849881,CASH,0.0,2807726.880849881,,False
2023-09-28,2807726.880849881,CASH,0.0,2807726.880849881,,False
2023-09-29,2807726.880849881,CASH,0.0,2807726.880849881,,False
2023-10-02,2807726.880849881,TQQQ,158750.3461374026,0.0,17.686429977416992,False
2023-10-03,2659141.5735273645,TQQQ,158750.3461374026,0.0,17.686429977416992,False
2023-10-04,2766923.50485341,TQQQ,158750.3461374026,0.0,17.686429977416992,False
2023-10-05,2737668.9282802073,TQQQ,158750.3461374026,0.0,17.686429977416992,False
2023-10-06,2875475.4368856084,TQQQ,158750.3461374026,0.0,17.686429977416992,False
2023-10-09,2917818.2087098737,TQQQ,158750.3461374026,0.0,17.686429977416992,False
2023-10-10,2965550.682684953,TQQQ,158750.3461374026,0.0,17.686429977416992,False
2023-10-11,3028680.445652786,TQQQ,158750.3461374026,0.0,17.686429977416992,False
2023-10-12,2993266.469014873,TQQQ,158750.3461374026,0.0,17.686429977416992,False
2023-10-13,2880094.8355380134,TQQQ,158750.3461374026,0.0,17.686429977416992,False
2023-10-16,2977098.8765237103,TQQQ,158750.3461374026,0.0,17.686429977416992,False
2023-10-17,2948613.3922798936,TQQQ,158750.3461374026,0.0,17.686429977416992,False
2023-10-18,2823894.1705487883,TQQQ,158750.3461374026,0.0,17.686429977416992,False
2023-10-19,2748447.121412812,TQQQ,158750.3461374026,0.0,17.686429977416992,False
2023-10-20,2624497.294803348,TQQQ,158750.3461374026,0.0,17.686429977416992,False
2023-10-23,2647592.7741040955,TQQQ,158750.3461374026,0.0,17.686429977416992,False
2023-10-24,2722271.3364951974,TQQQ,158750.3461374026,0.0,17.686429977416992,False
2023-10-25,2526954.192764893,CASH,0.0,2526954.192764893,,False
2023-10-26,2526954.192764893,CASH,0.0,2526954.192764893,,False
2023-10-27,2526954.192764893,CASH,0.0,2526954.192764893,,False
2023-10-30,2526954.192764893,CASH,0.0,2526954.192764893,,False
2023-10-31,2526954.192764893,CASH,0.0,2526954.192764893,,False
2023-11-01,2526954.192764893,TECL,60617.601872132254,0.0,41.686805725097656,False
2023-11-02,2655558.482723075,TECL,60617.601872132254,0.0,41.686805725097656,False
2023-11-03,2731705.321537219,TECL,60617.601872132254,0.0,41.686805725097656,False
2023-11-06,2785854.045951264,TECL,60617.601872132254,0.0,41.686805725097656,False
2023-11-07,2878923.5606908854,TECL,60617.601872132254,0.0,41.686805725097656,False
2023-11-08,2925175.5142311607,TECL,60617.601872132254,0.0,41.686805725097656,False
2023-11-09,2882307.0321821,TECL,60617.601872132254,0.0,41.686805725097656,False
2023-11-10,3102287.4824696947,TECL,60617.601872132254,0.0,41.686805725097656,False
2023-11-13,3048138.52681785,TECL,60617.601872132254,0.0,41.686805725097656,False
2023-11-14,3232019.519179015,TECL,60617.601872132254,0.0,41.686805725097656,False
2023-11-15,3242172.4772684607,TECL,60617.601872132254,0.0,41.686805725097656,False
2023-11-16,3290117.5539811444,TECL,60617.601872132254,0.0,41.686805725097656,False
2023-11-17,3266990.9991165064,TECL,60617.601872132254,0.0,41.686805725097656,False
2023-11-20,3411388.830822226,TECL,60617.601872132254,0.0,41.686805725097656,False
2023-11-21,3323396.1419840283,TECL,60617.601872132254,0.0,41.686805725097656,False
2023-11-22,3366264.1615574886,TECL,60617.601872132254,0.0,41.686805725097656,False
2023-11-24,3343702.28940072,TECL,60617.601872132254,0.0,41.686805725097656,False
2023-11-27,3340882.113190574,TECL,60617.601872132254,0.0,41.686805725097656,False
2023-11-28,3359495.599910458,TECL,60617.601872132254,0.0,41.686805725097656,False
2023-11-29,3370212.546994373,TECL,60617.601872132254,0.0,41.686805725097656,False
2023-11-30,3374161.1636690577,TECL,60617.601872132254,0.0,41.686805725097656,False
2023-12-01,3398415.234047034,TECL,60617.601872132254,0.0,55.66305923461914,False
2023-12-04,3276016.210454814,TECL,60617.601872132254,0.0,55.66305923461914,False
2023-12-05,3331856.9018522664,TECL,60617.601872132254,0.0,55.66305923461914,False
2023-12-06,3245557.3361864765,TECL,60617.601872132254,0.0,55.66305923461914,False
2023-12-07,3361752.018363935,TECL,60617.601872132254,0.0,55.66305923461914,False
2023-12-08,3446924.0685163867,TECL,60617.601872132254,0.0,55.66305923461914,False
2023-12-11,3533788.3168900465,TECL,60617.601872132254,0.0,55.66305923461914,False
2023-12-12,3604294.5720460983,TECL,60617.601872132254,0.0,55.66305923461914,False
2023-12-13,3698491.602299058,TECL,60617.601872132254,0.0,55.66305923461914,False
2023-12-14,3666340.067333912,TECL,60617.601872132254,0.0,55.66305923461914,False
2023-12-15,3723309.6616715034,TECL,60617.601872132254,0.0,55.66305923461914,False
2023-12-18,3753204.315707572,TECL,60617.601872132254,0.0,55.66305923461914,False
2023-12-19,3793816.610540956,TECL,60617.601872132254,0.0,55.66305923461914,False
2023-12-20,3622907.8275281824,TECL,60617.601872132254,0.0,55.66305923461914,False
2023-12-21,3740416.8653614684,TECL,60617.601872132254,0.0,55.66305923461914,False
2023-12-22,3747758.2030393723,TECL,60617.601872132254,0.0,55.66305923461914,False
2023-12-26,3798579.415509829,TECL,60617.601872132254,0.0,55.66305923461914,False
2023-12-27,3800272.5386822373,TECL,60617.601872132254,0.0,55.66305923461914,False
2023-12-28,3809307.693245949,TECL,60617.601872132254,0.0,55.66305923461914,False
2023-12-29,3766956.4901557355,TECL,60617.601872132254,0.0,55.66305923461914,False
2024-01-02,3477842.874769144,TQQQ,148349.921429406,0.0,23.443510055541992,False
2024-01-03,3366563.456395901,TQQQ,148349.921429406,0.0,23.443510055541992,False
2024-01-04,3310201.0800886685,TQQQ,148349.921429406,0.0,23.443510055541992,False
2024-01-05,3322485.5722739897,TQQQ,148349.921429406,0.0,23.443510055541992,False
2024-01-08,3522643.708966686,TQQQ,148349.921429406,0.0,23.443510055541992,False
2024-01-09,3545766.793186067,TQQQ,148349.921429406,0.0,23.443510055541992,False
2024-01-10,3615858.1470547826,TQQQ,148349.921429406,0.0,23.443510055541992,False
2024-01-11,3633200.4602193185,TQQQ,148349.921429406,0.0,23.443510055541992,False
2024-01-12,3637535.8970329426,TQQQ,148349.921429406,0.0,23.443510055541992,False
2024-01-16,3635368.178626131,TQQQ,148349.921429406,0.0,23.443510055541992,False
2024-01-17,3572502.0811884226,TQQQ,148349.921429406,0.0,23.443510055541992,False
2024-01-18,3725692.7970968443,TQQQ,148349.921429406,0.0,23.443510055541992,False
2024-01-19,3941024.962637225,TQQQ,148349.921429406,0.0,23.443510055541992,False
2024-01-22,3956922.50747058,TQQQ,148349.921429406,0.0,23.443510055541992,False
2024-01-23,4003890.7771199136,TQQQ,148349.921429406,0.0,23.443510055541992,False
2024-01-24,4069647.2600850444,TQQQ,148349.921429406,0.0,23.443510055541992,False
2024-01-25,4081208.5192397153,TQQQ,148349.921429406,0.0,23.443510055541992,False
2024-01-26,4006058.4955267254,TQQQ,148349.921429406,0.0,23.443510055541992,False
2024-01-29,4123841.352075425,TQQQ,148349.921429406,0.0,23.443510055541992,False
2024-01-30,4041466.0719314283,TQQQ,148349.921429406,0.0,23.443510055541992,False
2024-01-31,3803732.0745171774,TQQQ,148349.921429406,0.0,23.443510055541992,False
2024-02-01,3938135.143019842,TQQQ,148349.921429406,0.0,25.640270233154297,False
2024-02-02,4136125.2783507067,TQQQ,148349.921429406,0.0,25.640270233154297,False
2024-02-05,4115169.9125381373,TQQQ,148349.921429406,0.0,25.640270233154297,False
2024-02-06,4091325.293018224,TQQQ,148349.921429406,0.0,25.640270233154297,False
2024-02-07,4213443.586380548,TQQQ,148349.921429406,0.0,25.640270233154297,False
2024-02-08,4230785.333635044,TQQQ,148349.921429406,0.0,25.640270233154297,False
2024-02-09,4355071.6283591995,TQQQ,148349.921429406,0.0,25.640270233154297,False
2024-02-12,4303767.355986202,TQQQ,148349.921429406,0.0,25.640270233154297,False
2024-02-13,4099996.4496004926,TQQQ,148349.921429406,0.0,25.640270233154297,False
2024-02-14,4230062.949469454,TQQQ,148349.921429406,0.0,25.640270233154297,False
2024-02-15,4265469.959964117,TQQQ,148349.921429406,0.0,25.640270233154297,False
2024-02-16,4148410.0534910476,TQQQ,148349.921429406,0.0,25.640270233154297,False
2024-02-20,4052304.6639654883,TQQQ,148349.921429406,0.0,25.640270233154297,False
2024-02-21,4001723.3416681215,TQQQ,148349.921429406,0.0,25.640270233154297,False
2024-02-22,4347845.806018153,TQQQ,148349.921429406,0.0,25.640270233154297,False
2024-02-23,4308103.358709866,TQQQ,148349.921429406,0.0,25.640270233154297,False
2024-02-26,4302322.587655021,TQQQ,148349.921429406,0.0,25.640270233154297,False
2024-02-27,4329057.875657376,TQQQ,148349.921429406,0.0,25.640270233154297,False
2024-02-28,4258966.52178866,TQQQ,148349.921429406,0.0,25.640270233154297,False
2024-02-29,4361575.066534656,TQQQ,148349.921429406,0.0,25.640270233154297,False
2024-03-01,4561733.486182372,TECL,58228.14492723676,0.0,78.34241485595703,False
2024-03-04,4561191.062438505,TECL,58228.14492723676,0.0,78.34241485595703,False
2024-03-05,4223265.51246417,TECL,58228.14492723676,0.0,78.34241485595703,False
2024-03-06,4316561.06367285,TECL,58228.14492723676,0.0,78.34241485595703,False
2024-03-07,4517798.495665604,TECL,58228.14492723676,0.0,78.34241485595703,False
2024-03-08,4313848.500708024,TECL,58228.14492723676,0.0,78.34241485595703,False
2024-03-11,4280760.652332127,TECL,58228.14492723676,0.0,78.34241485595703,False
2024-03-12,4536781.549718993,TECL,58228.14492723676,0.0,78.34241485595703,False
2024-03-13,4387075.70613009,TECL,58228.14492723676,0.0,78.34241485595703,False
2024-03-14,4391957.519824895,TECL,58228.14492723676,0.0,78.34241485595703,False
2024-03-15,4189092.8166005397,TECL,58228.14492723676,0.0,78.34241485595703,False
2024-03-18,4252013.082398149,TECL,58228.14492723676,0.0,78.34241485595703,False
2024-03-19,4309157.7125741225,TECL,58228.14492723676,0.0,78.34241485595703,False
2024-03-20,4457448.6342758695,TECL,58228.14492723676,0.0,78.34241485595703,False
2024-03-21,4463967.936848557,TECL,58228.14492723676,0.0,78.34241485595703,False
2024-03-22,4466684.498022797,TECL,58228.14492723676,0.0,78.34241485595703,False
2024-03-25,4373254.340430504,TECL,58228.14492723676,0.0,78.34241485595703,False
2024-03-26,4322737.408726892,TECL,58228.14492723676,0.0,78.34241485595703,False
2024-03-27,4380315.178256077,TECL,58228.14492723676,0.0,78.34241485595703,False
2024-03-28,4353155.785950539,TECL,58228.14492723676,0.0,78.34241485595703,False
2024-04-01,4385747.856359067,TECL,58228.14492723676,0.0,74.76033782958984,False
2024-04-02,4260813.141318923,TECL,58228.14492723676,0.0,74.76033782958984,False
2024-04-03,4289058.713848667,TECL,58228.14492723676,0.0,74.76033782958984,False
2024-04-04,4085905.2510555047,TECL,58228.14492723676,0.0,74.76033782958984,False
2024-04-05,4220074.052860615,TECL,58228.14492723676,0.0,74.76033782958984,False
2024-04-08,4204864.420003301,TECL,58228.14492723676,0.0,74.76033782958984,False
2024-04-09,4262443.078023467,TECL,58228.14492723676,0.0,74.76033782958984,False
2024-04-10,4111435.150901989,TECL,58228.14492723676,0.0,74.76033782958984,False
2024-04-11,4344465.011420421,TECL,58228.14492723676,0.0,74.76033782958984,False
2024-04-12,4142396.396114993,TECL,58228.14492723676,0.0,74.76033782958984,False
2024-04-15,3917840.207355485,CASH,0.0,3917840.207355485,,False
2024-04-16,3917840.207355485,CASH,0.0,3917840.207355485,,False
2024-04-17,3917840.207355485,CASH,0.0,3917840.207355485,,False
2024-04-18,3917840.207355485,CASH,0.0,3917840.207355485,,False
2024-04-19,3917840.207355485,CASH,0.0,3917840.207355485,,False
2024-04-22,3917840.207355485,CASH,0.0,3917840.207355485,,False
2024-04-23,3917840.207355485,CASH,0.0,3917840.207355485,,False
2024-04-24,3917840.207355485,CASH,0.0,3917840.207355485,,False
2024-04-25,3917840.207355485,CASH,0.0,3917840.207355485,,False
2024-04-26,3917840.207355485,CASH,0.0,3917840.207355485,,False
2024-04-29,3917840.207355485,CASH,0.0,3917840.207355485,,False
2024-04-30,3917840.207355485,CASH,0.0,3917840.207355485,,False
2024-05-01,3917840.207355485,TECL,65992.50394989256,0.0,59.367958068847656,False
2024-05-02,4079749.214887212,TECL,65992.50394989256,0.0,59.367958068847656,False
2024-05-03,4415264.646975415,TECL,65992.50394989256,0.0,59.367958068847656,False
2024-05-06,4569171.801592137,TECL,65992.50394989256,0.0,59.367958068847656,False
2024-05-07,4523615.666472552,TECL,65992.50394989256,0.0,59.367958068847656,False
2024-05-08,4564247.235848622,TECL,65992.50394989256,0.0,59.367958068847656,False
2024-05-09,4553780.83438904,TECL,65992.50394989256,0.0,59.367958068847656,False
2024-05-10,4598722.720433163,TECL,65992.50394989256,0.0,59.367958068847656,False
2024-05-13,4665209.644540518,TECL,65992.50394989256,0.0,59.367958068847656,False
2024-05-14,4790181.136357371,TECL,65992.50394989256,0.0,59.367958068847656,False
2024-05-15,5109075.592643009,TECL,65992.50394989256,0.0,59.367958068847656,False
2024-05-16,5054284.575111857,TECL,65992.50394989256,0.0,59.367958068847656,False
2024-05-17,5013653.509218635,TECL,65992.50394989256,0.0,59.367958068847656,False
2024-05-20,5187875.693299118,TECL,65992.50394989256,0.0,59.367958068847656,False
2024-05-21,5214346.304071561,TECL,65992.50394989256,0.0,59.367958068847656,False
2024-05-22,5249437.54818011,TECL,65992.50394989256,0.0,59.367958068847656,False
2024-05-23,5122003.521750075,TECL,65992.50394989256,0.0,59.367958068847656,False
2024-05-24,5237124.8751142025,TECL,65992.50394989256,0.0,59.367958068847656,False
2024-05-28,5302997.550146095,TECL,65992.50394989256,0.0,59.367958068847656,False
2024-05-29,5199572.10335817,TECL,65992.50394989256,0.0,59.367958068847656,False
2024-05-30,4843125.378799349,TECL,65992.50394989256,0.0,59.367958068847656,False
2024-05-31,4866519.205883148,TECL,65992.50394989256,0.0,59.367958068847656,False
2024-06-03,4902840.962074014,TQQQ,158844.52195559838,0.0,30.865659713745117,False
2024-06-04,4939337.257925328,TQQQ,158844.52195559838,0.0,30.865659713745117,False
2024-06-05,5237513.700762251,TQQQ,158844.52195559838,0.0,30.865659713745117,False
2024-06-06,5231302.777185726,TQQQ,158844.52195559838,0.0,30.865659713745117,False
2024-06-07,5211889.550888677,TQQQ,158844.52195559838,0.0,30.865659713745117,False
2024-06-10,5267021.344216505,TQQQ,158844.52195559838,0.0,30.865659713745117,False
2024-06-11,5375733.714837438,TQQQ,158844.52195559838,0.0,30.865659713745117,False
2024-06-12,5587717.081082504,TQQQ,158844.52195559838,0.0,30.865659713745117,False
2024-06-13,5677015.0135188615,TQQQ,158844.52195559838,0.0,30.865659713745117,False
2024-06-14,5759323.384642514,TQQQ,158844.52195559838,0.0,30.865659713745117,False
2024-06-17,5968204.318818134,TQQQ,158844.52195559838,0.0,30.865659713745117,False
2024-06-18,5971309.780606397,TQQQ,158844.52195559838,0.0,30.865659713745117,False
2024-06-20,5830761.7305916,TQQQ,158844.52195559838,0.0,30.865659713745117,False
2024-06-21,5777183.577073549,TQQQ,158844.52195559838,0.0,30.865659713745117,False
2024-06-24,5581505.551562214,TQQQ,158844.52195559838,0.0,30.865659713745117,False
2024-06-25,5767866.585764997,TQQQ,158844.52195559838,0.0,30.865659713745117,False
2024-06-26,5803955.384435313,TQQQ,158844.52195559838,0.0,30.865659713745117,False
2024-06-27,5846047.873915018,TQQQ,158844.52195559838,0.0,30.865659713745117,False
2024-06-28,5754069.852212418,TQQQ,158844.52195559838,0.0,30.865659713745117,False
2024-07-01,5848384.999011082,TECL,62953.494291541196,0.0,92.90008544921875,False
2024-07-02,5930690.141545577,TECL,62953.494291541196,0.0,92.90008544921875,False
2024-07-03,6168199.912115439,TECL,62953.494291541196,0.0,92.90008544921875,False
2024-07-05,6222874.045944046,TECL,62953.494291541196,0.0,92.90008544921875,False
2024-07-08,6345744.59660819,TECL,62953.494291541196,0.0,92.90008544921875,False
2024-07-09,6322228.292687425,TECL,62953.494291541196,0.0,92.90008544921875,False
2024-07-10,6590897.334056266,TECL,62953.494291541196,0.0,92.90008544921875,False
2024-07-11,6104707.524539328,TECL,62953.494291541196,0.0,92.90008544921875,False
2024-07-12,6255796.487195481,TECL,62953.494291541196,0.0,92.90008544921875,False
2024-07-15,6286954.797400369,TECL,62953.494291541196,0.0,92.90008544921875,False
2024-07-16,6227577.594906426,TECL,62953.494291541196,0.0,92.90008544921875,False
2024-07-17,5503289.650939415,TECL,62953.494291541196,0.0,92.90008544921875,False
2024-07-18,5492120.34315629,TECL,62953.494291541196,0.0,92.90008544921875,False
2024-07-19,5263546.499109974,CASH,0.0,5263546.499109974,,False
2024-07-22,5263546.499109974,CASH,0.0,5263546.499109974,,False
2024-07-23,5263546.499109974,CASH,0.0,5263546.499109974,,False
2024-07-24,5263546.499109974,CASH,0.0,5263546.499109974,,False
2024-07-25,5263546.499109974,CASH,0.0,5263546.499109974,,False
2024-07-26,5263546.499109974,CASH,0.0,5263546.499109974,,False
2024-07-29,5263546.499109974,CASH,0.0,5263546.499109974,,False
2024-07-30,5263546.499109974,CASH,0.0,5263546.499109974,,False
2024-07-31,5263546.499109974,CASH,0.0,5263546.499109974,,False
2024-08-01,5263546.499109974,TECL,74673.4546096568,0.0,70.48751831054688,False
2024-08-02,4737191.8491989765,CASH,0.0,4737191.8491989765,,False
2024-08-05,4737191.8491989765,CASH,0.0,4737191.8491989765,,False
2024-08-06,4737191.8491989765,CASH,0.0,4737191.8491989765,,False
2024-08-07,4737191.8491989765,CASH,0.0,4737191.8491989765,,False
2024-08-08,4737191.8491989765,CASH,0.0,4737191.8491989765,,False
2024-08-09,4737191.8491989765,CASH,0.0,4737191.8491989765,,False
2024-08-12,4737191.8491989765,CASH,0.0,4737191.8491989765,,False
2024-08-13,4737191.8491989765,CASH,0.0,4737191.8491989765,,False
2024-08-14,4737191.8491989765,CASH,0.0,4737191.8491989765,,False
2024-08-15,4737191.8491989765,CASH,0.0,4737191.8491989765,,False
2024-08-16,4737191.8491989765,CASH,0.0,4737191.8491989765,,False
2024-08-19,4737191.8491989765,CASH,0.0,4737191.8491989765,,False
2024-08-20,4737191.8491989765,CASH,0.0,4737191.8491989765,,False
2024-08-21,4737191.8491989765,CASH,0.0,4737191.8491989765,,False
2024-08-22,4737191.8491989765,CASH,0.0,4737191.8491989765,,False
2024-08-23,4737191.8491989765,CASH,0.0,4737191.8491989765,,False
2024-08-26,4737191.8491989765,CASH,0.0,4737191.8491989765,,False
2024-08-27,4737191.8491989765,CASH,0.0,4737191.8491989765,,False
2024-08-28,4737191.8491989765,CASH,0.0,4737191.8491989765,,False
2024-08-29,4737191.8491989765,CASH,0.0,4737191.8491989765,,False
2024-08-30,4737191.8491989765,CASH,0.0,4737191.8491989765,,False
2024-09-03,4737191.8491989765,TQQQ,154830.22433090827,0.0,30.596040725708008,False
2024-09-04,4696924.142826446,TQQQ,154830.22433090827,0.0,30.596040725708008,False
2024-09-05,4712119.587301519,TQQQ,154830.22433090827,0.0,30.596040725708008,False
2024-09-06,4329953.346636596,TQQQ,154830.22433090827,0.0,30.596040725708008,False
2024-09-09,4491025.353387583,TQQQ,154830.22433090827,0.0,30.596040725708008,False
2024-09-10,4611829.063135606,TQQQ,154830.22433090827,0.0,30.596040725708008,False
2024-09-11,4905862.021160324,TQQQ,154830.22433090827,0.0,30.596040725708008,False
2024-09-12,5050978.73738368,TQQQ,154830.22433090827,0.0,30.596040725708008,False
2024-09-13,5117079.142336659,TQQQ,154830.22433090827,0.0,30.596040725708008,False
2024-09-16,5048699.494541224,TQQQ,154830.22433090827,0.0,30.596040725708008,False
2024-09-17,5051738.288121021,TQQQ,154830.22433090827,0.0,30.596040725708008,False
2024-09-18,4985639.06442891,TQQQ,154830.22433090827,0.0,30.596040725708008,False
2024-09-19,5362487.268671579,TQQQ,154830.22433090827,0.0,30.596040725708008,False
2024-09-20,5328296.263512994,TQQQ,154830.22433090827,0.0,30.596040725708008,False
2024-09-23,5367804.7144634,TQQQ,154830.22433090827,0.0,30.596040725708008,False
2024-09-24,5443781.641523546,TQQQ,154830.22433090827,0.0,30.596040725708008,False
2024-09-25,5462837.74182648,TQQQ,154830.22433090827,0.0,30.596040725708008,False
2024-09-26,5578695.217010069,TQQQ,154830.22433090827,0.0,30.596040725708008,False
2024-09-27,5482655.755388489,TQQQ,154830.22433090827,0.0,30.596040725708008,False
2024-09-30,5525340.026179239,TQQQ,154830.22433090827,0.0,30.596040725708008,False
2024-10-01,5291337.5641435385,TQQQ,154830.22433090827,0.0,35.68644332885742,False
2024-10-02,5311155.577705547,TQQQ,154830.22433090827,0.0,35.68644332885742,False
2024-10-03,5298959.649886452,TQQQ,154830.22433090827,0.0,35.68644332885742,False
2024-10-04,5485704.589685655,TQQQ,154830.22433090827,0.0,35.68644332885742,False
2024-10-07,5305057.909111217,TQQQ,154830.22433090827,0.0,35.68644332885742,False
2024-10-08,5535249.032960244,TQQQ,154830.22433090827,0.0,35.68644332885742,False
2024-10-09,5668637.60066775,TQQQ,154830.22433090827,0.0,35.68644332885742,False
2024-10-10,5648819.587105742,TQQQ,154830.22433090827,0.0,35.68644332885742,False
2024-10-11,5663302.4359629275,TQQQ,154830.22433090827,0.0,35.68644332885742,False
2024-10-14,5808123.246339155,TQQQ,154830.22433090827,0.0,35.68644332885742,False
2024-10-15,5576408.295971978,TQQQ,154830.22433090827,0.0,35.68644332885742,False
2024-10-16,5573360.052305246,TQQQ,154830.22433090827,0.0,35.68644332885742,False
2024-10-17,5590128.640939656,TQQQ,154830.22433090827,0.0,35.68644332885742,False
2024-10-18,5689217.527488834,TQQQ,154830.22433090827,0.0,35.68644332885742,False
2024-10-21,5720467.783719564,TQQQ,154830.22433090827,0.0,35.68644332885742,False
2024-10-22,5737236.962984407,TQQQ,154830.22433090827,0.0,35.68644332885742,False
2024-10-23,5471984.244717977,TQQQ,154830.22433090827,0.0,35.68644332885742,False
2024-10-24,5602323.978128318,TQQQ,154830.22433090827,0.0,35.68644332885742,False
2024-10-25,5696840.203862182,TQQQ,154830.22433090827,0.0,35.68644332885742,False
2024-10-28,5702174.777936571,TQQQ,154830.22433090827,0.0,35.68644332885742,False
2024-10-29,5859955.201282268,TQQQ,154830.22433090827,0.0,35.68644332885742,False
2024-10-30,5729614.877241494,TQQQ,154830.22433090827,0.0,35.68644332885742,False
2024-10-31,5293623.303920763,TQQQ,154830.22433090827,0.0,35.68644332885742,False
2024-11-01,5406433.126068052,TQQQ,154830.22433090827,0.0,34.189857482910156,False
2024-11-04,5356126.769534389,TQQQ,154830.22433090827,0.0,34.189857482910156,False
2024-11-05,5559639.707337568,TQQQ,154830.22433090827,0.0,34.189857482910156,False
2024-11-06,6010875.452144127,TQQQ,154830.22433090827,0.0,34.189857482910156,False
2024-11-07,6292134.8457858935,TQQQ,154830.22433090827,0.0,34.189857482910156,False
2024-11-08,6307378.426641287,TQQQ,154830.22433090827,0.0,34.189857482910156,False
2024-11-11,6295945.593342134,TQQQ,154830.22433090827,0.0,34.189857482910156,False
2024-11-12,6261644.730922938,TQQQ,154830.22433090827,0.0,34.189857482910156,False
2024-11-13,6234205.8128788825,TQQQ,154830.22433090827,0.0,34.189857482910156,False
2024-11-14,6102340.481059091,TQQQ,154830.22433090827,0.0,34.189857482910156,False
2024-11-15,5661014.924294404,TQQQ,154830.22433090827,0.0,34.189857482910156,False
2024-11-18,5775347.98232941,TQQQ,154830.22433090827,0.0,34.189857482910156,False
2024-11-19,5891206.048143432,TQQQ,154830.22433090827,0.0,34.189857482910156,False
2024-11-20,5884345.875659592,TQQQ,154830.22433090827,0.0,34.189857482910156,False
2024-11-21,5942274.908566603,TQQQ,154830.22433090827,0.0,34.189857482910156,False
2024-11-22,5964378.661905836,TQQQ,154830.22433090827,0.0,34.189857482910156,False
2024-11-25,5991819.351841193,TQQQ,154830.22433090827,0.0,34.189857482910156,False
2024-11-26,6084810.56979604,TQQQ,154830.22433090827,0.0,34.189857482910156,False
2024-11-27,5937702.247751288,TQQQ,154830.22433090827,0.0,34.189857482910156,False
2024-11-29,6089382.6399809215,TQQQ,154830.22433090827,0.0,34.189857482910156,False
2024-12-02,6286799.090450638,TECL,70023.71564578231,0.0,89.78099822998047,False
2024-12-03,6352191.49207868,TECL,70023.71564578231,0.0,89.78099822998047,False
2024-12-04,6704000.401089934,TECL,70023.71564578231,0.0,89.78099822998047,False
2024-12-05,6594142.790440026,TECL,70023.71564578231,0.0,89.78099822998047,False
2024-12-06,6660188.031580085,TECL,70023.71564578231,0.0,89.78099822998047,False
2024-12-09,6537906.169136824,TECL,70023.71564578231,0.0,89.78099822998047,False
2024-12-10,6259334.420668884,TECL,70023.71564578231,0.0,89.78099822998047,False
2024-12-11,6530711.578540802,TECL,70023.71564578231,0.0,89.78099822998047,False
2024-12-12,6421141.388232518,TECL,70023.71564578231,0.0,89.78099822998047,False
2024-12-13,6495714.6793974005,TECL,70023.71564578231,0.0,89.78099822998047,False
2024-12-16,6686072.957960009,TECL,70023.71564578231,0.0,89.78099822998047,False
2024-12-17,6569634.062573159,TECL,70023.71564578231,0.0,89.78099822998047,False
2024-12-18,5942303.372994216,TECL,70023.71564578231,0.0,89.78099822998047,False
2024-12-19,5948190.147611991,TECL,70023.71564578231,0.0,89.78099822998047,False
2024-12-20,6215737.88353453,TECL,70023.71564578231,0.0,89.78099822998047,False
2024-12-23,6395985.69747772,TECL,70023.71564578231,0.0,89.78099822998047,False
2024-12-24,6585718.916933077,TECL,70023.71564578231,0.0,89.78099822998047,False
2024-12-26,6602075.698716577,TECL,70023.71564578231,0.0,89.78099822998047,False
2024-12-27,6329251.288604025,TECL,70023.71564578231,0.0,89.78099822998047,False
2024-12-30,6085868.230920088,TECL,70023.71564578231,0.0,89.78099822998047,False
2024-12-31,5924268.013676544,TECL,70023.71564578231,0.0,89.78099822998047,False
2025-01-02,5887629.933697694,TQQQ,151595.48890400882,0.0,38.837764739990234,False
2025-01-03,6169918.587033531,TQQQ,151595.48890400882,0.0,38.837764739990234,False
2025-01-06,6380324.525290075,TQQQ,151595.48890400882,0.0,38.837764739990234,False
2025-01-07,6036636.992546717,TQQQ,151595.48890400882,0.0,38.837764739990234,False
2025-01-08,6041129.734525535,TQQQ,151595.48890400882,0.0,38.837764739990234,False
2025-01-10,5752850.565787642,TQQQ,151595.48890400882,0.0,38.837764739990234,False
2025-01-13,5692948.303221565,TQQQ,151595.48890400882,0.0,38.837764739990234,False
2025-01-14,5672731.253462332,TQQQ,151595.48890400882,0.0,38.837764739990234,False
2025-01-15,6056104.577303433,TQQQ,151595.48890400882,0.0,38.837764739990234,False
2025-01-16,5932557.353485874,TQQQ,151595.48890400882,0.0,38.837764739990234,False
2025-01-17,6225328.685911687,TQQQ,151595.48890400882,0.0,38.837764739990234,False
2025-01-21,6328658.859970015,TQQQ,151595.48890400882,0.0,38.837764739990234,False
2025-01-22,6574257.847345483,TQQQ,151595.48890400882,0.0,38.837764739990234,False
2025-01-23,6614692.525154844,TQQQ,151595.48890400882,0.0,38.837764739990234,False
2025-01-24,6495636.886734309,TQQQ,151595.48890400882,0.0,38.837764739990234,False
2025-01-27,5925817.951372198,TQQQ,151595.48890400882,0.0,38.837764739990234,False
2025-01-28,6188638.441660422,TQQQ,151595.48890400882,0.0,38.837764739990234,False
2025-01-29,6150451.0022768155,TQQQ,151595.48890400882,0.0,38.837764739990234,False
2025-01-30,6227575.346046545,TQQQ,151595.48890400882,0.0,38.837764739990234,False
2025-01-31,6193879.492059962,TQQQ,151595.48890400882,0.0,38.837764739990234,False
2025-02-03,6044124.124790218,TECL,78401.73597621504,0.0,77.09171295166016,False
2025-02-04,6300510.697714085,TECL,78401.73597621504,0.0,77.09171295166016,False
2025-02-05,6573744.982548246,TECL,78401.73597621504,0.0,77.09171295166016,False
2025-02-06,6615498.787923031,TECL,78401.73597621504,0.0,77.09171295166016,False
2025-02-07,6435295.981943092,TECL,78401.73597621504,0.0,77.09171295166016,False
2025-02-10,6718786.279999361,TECL,78401.73597621504,0.0,77.09171295166016,False
2025-02-11,6723914.286610416,TECL,78401.73597621504,0.0,77.09171295166016,False
2025-02-12,6683625.369628315,TECL,78401.73597621504,0.0,77.09171295166016,False
2025-02-13,6964917.437858896,TECL,78401.73597621504,0.0,77.09171295166016,False
2025-02-14,7020590.37467416,TECL,78401.73597621504,0.0,77.09171295166016,False
2025-02-18,7214709.919463475,TECL,78401.73597621504,0.0,77.09171295166016,False
2025-02-19,7213977.774346021,TECL,78401.73597621504,0.0,77.09171295166016,False
2025-02-20,7145852.987114063,TECL,78401.73597621504,0.0,77.09171295166016,False
2025-02-21,6556163.929204946,TECL,78401.73597621504,0.0,77.09171295166016,False
2025-02-24,6270476.59763854,TECL,78401.73597621504,0.0,77.09171295166016,False
2025-02-25,6027275.814722148,TECL,78401.73597621504,0.0,77.09171295166016,False
2025-02-26,6219932.265592107,TECL,78401.73597621504,0.0,77.09171295166016,False
2025-02-27,5552595.150504153,TECL,78401.73597621504,0.0,77.09171295166016,False
2025-02-28,5439711.712311195,CASH,0.0,5439711.712311195,,False
2025-03-03,5439711.712311195,TQQQ,157150.52439376197,0.0,34.61465835571289,False
2025-03-04,5379943.389244262,TQQQ,157150.52439376197,0.0,34.61465835571289,False
2025-03-05,5589521.583586055,TQQQ,157150.52439376197,0.0,34.61465835571289,False
2025-03-06,5126121.049309371,TQQQ,157150.52439376197,0.0,34.61465835571289,False
2025-03-07,4895740.541080075,CASH,0.0,4895740.541080075,,False
2025-03-10,4895740.541080075,CASH,0.0,4895740.541080075,,False
2025-03-11,4895740.541080075,CASH,0.0,4895740.541080075,,False
2025-03-12,4895740.541080075,CASH,0.0,4895740.541080075,,False
2025-03-13,4895740.541080075,CASH,0.0,4895740.541080075,,False
2025-03-14,4895740.541080075,CASH,0.0,4895740.541080075,,False
2025-03-17,4895740.541080075,CASH,0.0,4895740.541080075,,False
2025-03-18,4895740.541080075,CASH,0.0,4895740.541080075,,False
2025-03-19,4895740.541080075,CASH,0.0,4895740.541080075,,False
2025-03-20,4895740.541080075,CASH,0.0,4895740.541080075,,False
2025-03-21,4895740.541080075,CASH,0.0,4895740.541080075,,False
2025-03-24,4895740.541080075,CASH,0.0,4895740.541080075,,False
2025-03-25,4895740.541080075,CASH,0.0,4895740.541080075,,False
2025-03-26,4895740.541080075,CASH,0.0,4895740.541080075,,False
2025-03-27,4895740.541080075,CASH,0.0,4895740.541080075,,False
2025-03-28,4895740.541080075,CASH,0.0,4895740.541080075,,False
2025-03-31,4895740.541080075,CASH,0.0,4895740.541080075,,False
2025-04-01,4895740.541080076,GLD,17024.517218029654,0.0,287.57000732421875,False
2025-04-02,4905784.943893069,GLD,17024.517218029654,0.0,287.57000732421875,False
2025-04-03,4876162.450188749,GLD,17024.517218029654,0.0,287.57000732421875,False
2025-04-04,4762097.977009136,GLD,17024.517218029654,0.0,287.57000732421875,False
2025-04-07,4659780.462273727,GLD,17024.517218029654,0.0,287.57000732421875,False
2025-04-08,4685147.346220574,GLD,17024.517218029654,0.0,287.57000732421875,False
2025-04-09,4858456.806808828,GLD,17024.517218029654,0.0,287.57000732421875,False
2025-04-10,4977117.712600376,GLD,17024.517218029654,0.0,287.57000732421875,False
2025-04-11,5072114.2900762865,GLD,17024.517218029654,0.0,287.57000732421875,False
2025-04-14,5043172.922533857,GLD,17024.517218029654,0.0,287.57000732421875,False
2025-04-15,5069560.716402989,GLD,17024.517218029654,0.0,287.57000732421875,False
2025-04-16,5234528.329809459,GLD,17024.517218029654,0.0,287.57000732421875,False
2025-04-17,5211545.127655712,GLD,17024.517218029654,0.0,287.57000732421875,False
2025-04-21,5372767.326492335,GLD,17024.517218029654,0.0,287.57000732421875,False
2025-04-22,5296497.302318629,GLD,17024.517218029654,0.0,287.57000732421875,False
2025-04-23,5169494.549345298,GLD,17024.517218029654,0.0,287.57000732421875,False
2025-04-24,5244743.144049684,GLD,17024.517218029654,0.0,287.57000732421875,False
2025-04-25,5187881.318887109,GLD,17024.517218029654,0.0,287.57000732421875,False
2025-04-28,5261767.661267714,GLD,17024.517218029654,0.0,287.57000732421875,False
2025-04-29,5210523.698186393,GLD,17024.517218029654,0.0,287.57000732421875,False
2025-04-30,5171537.408283936,GLD,17024.517218029654,0.0,287.57000732421875,False
2025-05-01,5064112.7462019315,GLD,17024.517218029654,0.0,303.7699890136719,False
2025-05-02,5072965.827665409,GLD,17024.517218029654,0.0,303.7699890136719,False
2025-05-05,5224483.926996466,GLD,17024.517218029654,0.0,303.7699890136719,False
2025-05-06,5370894.878980927,GLD,17024.517218029654,0.0,303.7699890136719,False
2025-05-07,5290368.725502715,GLD,17024.517218029654,0.0,303.7699890136719,False
2025-05-08,5186178.763255899,GLD,17024.517218029654,0.0,303.7699890136719,False
2025-05-09,5223802.800834575,GLD,17024.517218029654,0.0,303.7699890136719,False
2025-05-12,5076540.830808025,GLD,17024.517218029654,0.0,303.7699890136719,False
2025-05-13,5098161.780637991,GLD,17024.517218029654,0.0,303.7699890136719,False
2025-05-14,4990907.529983218,GLD,17024.517218029654,0.0,303.7699890136719,False
2025-05-15,5070582.145872308,GLD,17024.517218029654,0.0,303.7699890136719,False
2025-05-16,5009293.779977994,GLD,17024.517218029654,0.0,303.7699890136719,False
2025-05-19,5073816.845707497,GLD,17024.517218029654,0.0,303.7699890136719,False
2025-05-20,5168302.708448747,GLD,17024.517218029654,0.0,303.7699890136719,False
2025-05-21,5206437.980309117,GLD,17024.517218029654,0.0,303.7699890136719,False
2025-05-22,5160301.164574392,GLD,17024.517218029654,0.0,303.7699890136719,False
2025-05-23,5273344.208284685,GLD,17024.517218029654,0.0,303.7699890136719,False
2025-05-27,5183965.492890029,GLD,17024.517218029654,0.0,303.7699890136719,False
2025-05-28,5172218.534445827,GLD,17024.517218029654,0.0,303.7699890136719,False
2025-05-29,5202862.457619466,GLD,17024.517218029654,0.0,303.7699890136719,False
2025-05-30,5168643.53130321,GLD,17024.517218029654,0.0,303.7699890136719,False
2025-06-02,5306031.5099439975,TECL,76988.97857510552,0.0,68.91936492919922,False
2025-06-03,5543410.278021959,TECL,76988.97857510552,0.0,68.91936492919922,False
2025-06-04,5570827.968618949,TECL,76988.97857510552,0.0,68.91936492919922,False
2025-06-05,5513827.5073542595,TECL,76988.97857510552,0.0,68.91936492919922,False
2025-06-06,5670396.981941248,TECL,76988.97857510552,0.0,68.91936492919922,False
2025-06-09,5753371.355502929,TECL,76988.97857510552,0.0,68.91936492919922,False
2025-06-10,5845725.001600981,TECL,76988.97857510552,0.0,68.91936492919922,False
2025-06-11,5808206.73669691,TECL,76988.97857510552,0.0,68.91936492919922,False
2025-06-12,5966218.814825315,TECL,76988.97857510552,0.0,68.91936492919922,False
2025-06-13,5706472.055924611,TECL,76988.97857510552,0.0,68.91936492919922,False
2025-06-16,5989306.932660182,TECL,76988.97857510552,0.0,68.91936492919922,False
2025-06-17,5848611.383442396,TECL,76988.97857510552,0.0,68.91936492919922,False
2025-06-18,5878915.455880803,TECL,76988.97857510552,0.0,68.91936492919922,False
2025-06-20,5789447.016865583,TECL,76988.97857510552,0.0,68.91936492919922,False
2025-06-23,5992193.3145015985,TECL,76988.97857510552,0.0,68.91936492919922,False
2025-06-24,6313320.034668946,TECL,76988.97857510552,0.0,68.91936492919922,False
2025-06-25,6473160.037154389,TECL,76988.97857510552,0.0,68.91936492919922,False
2025-06-26,6611302.835968675,TECL,76988.97857510552,0.0,68.91936492919922,False
2025-06-27,6576585.782908665,TECL,76988.97857510552,0.0,68.91936492919922,False
2025-06-30,6768249.408061197,TECL,76988.97857510552,0.0,68.91936492919922,False
2025-07-01,6590328.1088268105,TECL,76988.97857510552,0.0,87.91192626953125,False
2025-07-02,6797903.251623241,TECL,76988.97857510552,0.0,87.91192626953125,False
2025-07-03,7051043.168246321,TECL,76988.97857510552,0.0,87.91192626953125,False
2025-07-07,6878907.555039193,TECL,76988.97857510552,0.0,87.91192626953125,False
2025-07-08,6982333.888172762,TECL,76988.97857510552,0.0,87.91192626953125,False
2025-07-09,7106733.773689611,TECL,76988.97857510552,0.0,87.91192626953125,False
2025-07-10,7032961.871497378,TECL,76988.97857510552,0.0,87.91192626953125,False
2025-07-11,6937491.590875404,TECL,76988.97857510552,0.0,87.91192626953125,False
2025-07-14,6921579.485852214,TECL,76988.97857510552,0.0,87.91192626953125,False
2025-07-15,7091545.907333589,TECL,76988.97857510552,0.0,87.91192626953125,False
2025-07-16,7160978.838695025,TECL,76988.97857510552,0.0,87.91192626953125,False
2025-07-17,7357705.08596623,TECL,76988.97857510552,0.0,87.91192626953125,False
2025-07-18,7335283.643627905,TECL,76988.97857510552,0.0,87.91192626953125,False
2025-07-21,7376509.4466237575,TECL,76988.97857510552,0.0,87.91192626953125,False
2025-07-22,7145066.733671835,TECL,76988.97857510552,0.0,87.91192626953125,False
2025-07-23,7281039.166001784,TECL,76988.97857510552,0.0,87.91192626953125,False
2025-07-24,7364213.835902073,TECL,76988.97857510552,0.0,87.91192626953125,False
2025-07-25,7420627.505253947,TECL,76988.97857510552,0.0,87.91192626953125,False
2025-07-28,7592040.641931783,TECL,76988.97857510552,0.0,87.91192626953125,False
2025-07-29,7585530.129858064,TECL,76988.97857510552,0.0,87.91192626953125,False
2025-07-30,7633989.50883622,TECL,76988.97857510552,0.0,87.91192626953125,False
2025-07-31,7454621.494405373,TECL,76988.97857510552,0.0,87.91192626953125,False
2025-08-01,6985949.795094975,TECL,76988.97857510552,0.0,96.8271255493164,False
2025-08-04,7391697.31297978,TECL,76988.97857510552,0.0,96.8271255493164,False
2025-08-05,7239813.950385224,TECL,76988.97857510552,0.0,96.8271255493164,False
2025-08-06,7467640.169035642,TECL,76988.97857510552,0.0,96.8271255493164,False
2025-08-07,7476319.285455821,TECL,76988.97857510552,0.0,96.8271255493164,False
2025-08-08,7686063.619978004,TECL,76988.97857510552,0.0,96.8271255493164,False
2025-08-11,7544304.914241504,TECL,76988.97857510552,0.0,96.8271255493164,False
2025-08-12,7875557.466025491,TECL,76988.97857510552,0.0,96.8271255493164,False
2025-08-13,7888576.140655761,TECL,76988.97857510552,0.0,96.8271255493164,False
2025-08-14,7840117.936436189,TECL,76988.97857510552,0.0,96.8271255493164,False
2025-08-15,7652070.805585163,TECL,76988.97857510552,0.0,96.8271255493164,False
2025-08-18,7691126.242096678,TECL,76988.97857510552,0.0,96.8271255493164,False
2025-08-19,7289718.869801256,TECL,76988.97857510552,0.0,96.8271255493164,False
2025-08-20,7140004.1115531605,TECL,76988.97857510552,0.0,96.8271255493164,False
2025-08-21,7059722.872045793,TECL,76988.97857510552,0.0,96.8271255493164,False
2025-08-22,7343962.760048085,TECL,76988.97857510552,0.0,96.8271255493164,False
2025-08-25,7291164.997618424,TECL,76988.97857510552,0.0,96.8271255493164,False
2025-08-26,7390251.185162611,TECL,76988.97857510552,0.0,96.8271255493164,False
2025-08-27,7496570.36130981,TECL,76988.97857510552,0.0,96.8271255493164,False
2025-08-28,7674491.660544196,TECL,76988.97857510552,0.0,96.8271255493164,False
2025-08-29,7322988.03290622,TECL,76988.97857510552,0.0,96.8271255493164,False
2025-09-02,7100225.023753768,TQQQ,164132.4388771324,0.0,43.25912094116211,False
2025-09-03,7265744.93472468,TQQQ,164132.4388771324,0.0,43.25912094116211,False
2025-09-04,7462248.800584027,TQQQ,164132.4388771324,0.0,43.25912094116211,False
2025-09-05,7486709.883508113,TQQQ,164132.4388771324,0.0,43.25912094116211,False
2025-09-08,7593523.32068433,TQQQ,164132.4388771324,0.0,43.25912094116211,False
2025-09-09,7655491.230461199,TQQQ,164132.4388771324,0.0,43.25912094116211,False
2025-09-10,7663643.881243285,TQQQ,164132.4388771324,0.0,43.25912094116211,False
2025-09-11,7792472.793943632,TQQQ,164132.4388771324,0.0,43.25912094116211,False
2025-09-12,7889502.549288893,TQQQ,164132.4388771324,0.0,43.25912094116211,False
2025-09-15,8090897.629948152,TQQQ,164132.4388771324,0.0,43.25912094116211,False
2025-09-16,8068882.154424021,TQQQ,164132.4388771324,0.0,43.25912094116211,False
2025-09-17,8017514.3811758915,TQQQ,164132.4388771324,0.0,43.25912094116211,False
2025-09-18,8233587.489043847,TQQQ,164132.4388771324,0.0,43.25912094116211,False
2025-09-19,8396661.166499237,TQQQ,164132.4388771324,0.0,43.25912094116211,False
2025-09-22,8538534.570897149,TQQQ,164132.4388771324,0.0,43.25912094116211,False
2025-09-23,8366491.787961888,TQQQ,164132.4388771324,0.0,43.25912094116211,False
2025-09-24,8276552.791399142,TQQQ,164132.4388771324,0.0,43.25912094116211,False
2025-09-25,8165556.902243482,TQQQ,164132.4388771324,0.0,43.25912094116211,False
2025-09-26,8263493.899043566,TQQQ,164132.4388771324,0.0,43.25912094116211,False
2025-09-29,8373673.9596170075,TQQQ,164132.4388771324,0.0,43.25912094116211,False
2025-09-30,8438965.91693263,TQQQ,164132.4388771324,0.0,43.25912094116211,False
2025-10-01,8558122.596372731,TECL,71254.61820965142,0.0,120.10621643066406,False
2025-10-02,8702041.46433056,TECL,71254.61820965142,0.0,120.10621643066406,False
2025-10-03,8555444.676990248,TECL,71254.61820965142,0.0,120.10621643066406,False
2025-10-06,8812490.145414518,TECL,71254.61820965142,0.0,120.10621643066406,False
2025-10-07,8635770.298613643,TECL,71254.61820965142,0.0,120.10621643066406,False
2025-10-08,9071543.781560853,TECL,71254.61820965142,0.0,120.10621643066406,False
2025-10-09,9043428.889822353,TECL,71254.61820965142,0.0,120.10621643066406,False
2025-10-10,7958350.742765425,TECL,71254.61820965142,0.0,120.10621643066406,False
2025-10-13,8506579.987259468,TECL,71254.61820965142,0.0,120.10621643066406,False
2025-10-14,8183935.279297079,TECL,71254.61820965142,0.0,120.10621643066406,False
2025-10-15,8410857.14463119,TECL,71254.61820965142,0.0,120.10621643066406,False
2025-10-16,8437632.533048853,TECL,71254.61820965142,0.0,120.10621643066406,False
2025-10-17,8467755.048879823,TECL,71254.61820965142,0.0,120.10621643066406,False
2025-10-20,8748228.234678855,TECL,71254.61820965142,0.0,120.10621643066406,False
2025-10-21,8770319.166880757,TECL,71254.61820965142,0.0,120.10621643066406,False
2025-10-22,8501224.692124099,TECL,71254.61820965142,0.0,120.10621643066406,False
2025-10-23,8805126.682557084,TECL,71254.61820965142,0.0,120.10621643066406,False
2025-10-24,9219477.354074027,TECL,71254.61820965142,0.0,120.10621643066406,False
2025-10-27,9730220.619879667,TECL,71254.61820965142,0.0,120.10621643066406,False
2025-10-28,10014710.684752423,TECL,71254.61820965142,0.0,120.10621643066406,False
2025-10-29,10221550.872865887,TECL,71254.61820965142,0.0,120.10621643066406,False
2025-10-30,9863429.441196349,TECL,71254.61820965142,0.0,120.10621643066406,False
2025-10-31,9878155.27965203,TECL,71254.61820965142,0.0,120.10621643066406,False
2025-11-03,9989942.92042723,TECL,71254.61820965142,0.0,138.6317901611328,False
2025-11-04,9208098.099402057,TECL,71254.61820965142,0.0,138.6317901611328,False
2025-11-05,9305158.814462386,TECL,71254.61820965142,0.0,138.6317901611328,False
2025-11-06,8890339.751686826,CASH,0.0,8890339.751686826,,False
2025-11-07,8890339.751686826,CASH,0.0,8890339.751686826,,False
2025-11-10,8890339.751686826,CASH,0.0,8890339.751686826,,False
2025-11-11,8890339.751686826,CASH,0.0,8890339.751686826,,False
2025-11-12,8890339.751686826,CASH,0.0,8890339.751686826,,False
2025-11-13,8890339.751686826,CASH,0.0,8890339.751686826,,False
2025-11-14,8890339.751686826,CASH,0.0,8890339.751686826,,False
2025-11-17,8890339.751686826,CASH,0.0,8890339.751686826,,False
2025-11-18,8890339.751686826,CASH,0.0,8890339.751686826,,False
2025-11-19,8890339.751686826,CASH,0.0,8890339.751686826,,False
2025-11-20,8890339.751686826,CASH,0.0,8890339.751686826,,False
2025-11-21,8890339.751686826,CASH,0.0,8890339.751686826,,False
2025-11-24,8890339.751686826,CASH,0.0,8890339.751686826,,False
2025-11-25,8890339.751686826,CASH,0.0,8890339.751686826,,False
2025-11-26,8890339.751686826,CASH,0.0,8890339.751686826,,False
2025-11-28,8890339.751686826,CASH,0.0,8890339.751686826,,False
2025-12-01,8890339.751686826,TECL,76110.18339819326,0.0,116.80880737304688,False
2025-12-02,9158465.675407624,TECL,76110.18339819326,0.0,116.80880737304688,False
2025-12-03,9217811.201938681,TECL,76110.18339819326,0.0,116.80880737304688,False
2025-12-04,9310047.300125321,TECL,76110.18339819326,0.0,116.80880737304688,False
2025-12-05,9509532.838720892,TECL,76110.18339819326,0.0,116.80880737304688,False
2025-12-08,9710446.83687426,TECL,76110.18339819326,0.0,116.80880737304688,False
2025-12-09,9784093.217872562,TECL,76110.18339819326,0.0,116.80880737304688,False
2025-12-10,9938904.554809961,TECL,76110.18339819326,0.0,116.80880737304688,False
2025-12-11,9774825.650985392,TECL,76110.18339819326,0.0,116.80880737304688,False
2025-12-12,8908856.303873423,TECL,76110.18339819326,0.0,116.80880737304688,False
2025-12-15,8668055.185604353,TECL,76110.18339819326,0.0,116.80880737304688,False
2025-12-16,8703757.964430021,TECL,76110.18339819326,0.0,116.80880737304688,False
2025-12-17,8124925.247324505,TECL,76110.18339819326,0.0,116.80880737304688,False
2025-12-18,8494101.90991786,TECL,76110.18339819326,0.0,116.80880737304688,False
2025-12-19,9034953.281000637,TECL,76110.18339819326,0.0,116.80880737304688,False
2025-12-22,9186117.981343333,TECL,76110.18339819326,0.0,116.80880737304688,False
2025-12-23,9323610.117154371,TECL,76110.18339819326,0.0,116.80880737304688,False
2025-12-24,9397293.080653543,TECL,76110.18339819326,0.0,116.80880737304688,False
2025-12-26,9419322.714272933,TECL,76110.18339819326,0.0,116.80880737304688,False
2025-12-29,9296263.246067198,TECL,76110.18339819326,0.0,116.80880737304688,False
2025-12-30,9205108.944692012,TECL,76110.18339819326,0.0,116.80880737304688,False
2025-12-31,8924808.016276771,TECL,76110.18339819326,0.0,116.80880737304688,False
2026-01-02,8975702.985106764,TECL,76110.18339819326,0.0,117.26168060302734,False
2026-01-05,9039510.996069396,TECL,76110.18339819326,0.0,117.26168060302734,False
2026-01-06,9414764.999204174,TECL,76110.18339819326,0.0,117.26168060302734,False
2026-01-07,9384379.45784629,TECL,76110.18339819326,0.0,117.26168060302734,False
2026-01-08,8949875.739492256,TECL,76110.18339819326,0.0,117.26168060302734,False
2026-01-09,9298542.393938886,TECL,76110.18339819326,0.0,117.26168060302734,False
2026-01-12,9417043.566401245,TECL,76110.18339819326,0.0,117.26168060302734,False
2026-01-13,9358552.21223178,TECL,76110.18339819326,0.0,117.26168060302734,False
2026-01-14,9003048.694844704,TECL,76110.18339819326,0.0,117.26168060302734,False
2026-01-15,9142819.397852812,TECL,76110.18339819326,0.0,117.26168060302734,False
2026-01-16,9168646.64346732,TECL,76110.18339819326,0.0,117.26168060302734,False
2026-01-20,8447764.656156626,TECL,76110.18339819326,0.0,117.26168060302734,False
2026-01-21,8801749.128745655,TECL,76110.18339819326,0.0,117.26168060302734,False
2026-01-22,8994693.948455444,TECL,76110.18339819326,0.0,117.26168060302734,False
2026-01-23,9028116.998734806,TECL,76110.18339819326,0.0,117.26168060302734,False
2026-01-26,9208907.137361746,TECL,76110.18339819326,0.0,117.26168060302734,False
2026-01-27,9580362.367152173,TECL,76110.18339819326,0.0,117.26168060302734,False
2026-01-28,9799133.851801854,TECL,76110.18339819326,0.0,117.26168060302734,False
2026-01-29,9322091.072356323,TECL,76110.18339819326,0.0,117.26168060302734,False
2026-01-30,8768326.07846629,TECL,76110.18339819326,0.0,117.26168060302734,False
2026-02-02,9003808.797918344,TQQQ,164055.55156043285,0.0,54.88268280029297,False
2026-02-03,8582215.494120218,TQQQ,164055.55156043285,0.0,54.88268280029297,False
2026-02-04,8103427.91812651,CASH,0.0,8103427.91812651,,False
2026-02-05,8103427.91812651,CASH,0.0,8103427.91812651,,False
2026-02-06,8103427.91812651,CASH,0.0,8103427.91812651,,False
2026-02-09,8103427.91812651,CASH,0.0,8103427.91812651,,False
2026-02-10,8103427.91812651,CASH,0.0,8103427.91812651,,False
2026-02-11,8103427.91812651,CASH,0.0,8103427.91812651,,False
2026-02-12,8103427.91812651,CASH,0.0,8103427.91812651,,False
2026-02-13,8103427.91812651,CASH,0.0,8103427.91812651,,False
2026-02-17,8103427.91812651,CASH,0.0,8103427.91812651,,False
2026-02-18,8103427.91812651,CASH,0.0,8103427.91812651,,False
2026-02-19,8103427.91812651,CASH,0.0,8103427.91812651,,False
2026-02-20,8103427.91812651,CASH,0.0,8103427.91812651,,False
2026-02-23,8103427.91812651,CASH,0.0,8103427.91812651,,False
2026-02-24,8103427.91812651,CASH,0.0,8103427.91812651,,False
2026-02-25,8103427.91812651,CASH,0.0,8103427.91812651,,False
2026-02-26,8103427.91812651,CASH,0.0,8103427.91812651,,False
2026-02-27,8103427.91812651,CASH,0.0,8103427.91812651,,False
2026-03-02,8103427.918126511,TECL,79165.42504142273,0.0,102.3606948852539,False
2026-03-03,7754196.36669313,TECL,79165.42504142273,0.0,102.3606948852539,False
2026-03-04,8141353.297835381,TECL,79165.42504142273,0.0,102.3606948852539,False
2026-03-05,8185599.372834309,TECL,79165.42504142273,0.0,102.3606948852539,False
2026-03-06,7684666.906549708,TECL,79165.42504142273,0.0,102.3606948852539,False
2026-03-09,8094735.980628258,TECL,79165.42504142273,0.0,102.3606948852539,False
2026-03-10,8085255.239685301,TECL,79165.42504142273,0.0,102.3606948852539,False
2026-03-11,8207722.712325904,TECL,79165.42504142273,0.0,102.3606948852539,False
2026-03-12,7749456.298213782,TECL,79165.42504142273,0.0,102.3606948852539,False
2026-03-13,7567728.909817417,TECL,79165.42504142273,0.0,102.3606948852539,False
2026-03-16,7897997.771396363,TECL,79165.42504142273,0.0,102.3606948852539,False
2026-03-17,8018095.813781553,TECL,79165.42504142273,0.0,102.3606948852539,False
2026-03-18,7754196.36669313,TECL,79165.42504142273,0.0,102.3606948852539,False
2026-03-19,7826887.080457971,TECL,79165.42504142273,0.0,102.3606948852539,False
2026-03-20,7293085.1263138605,CASH,0.0,7293085.1263138605,,False
2026-03-23,7293085.1263138605,CASH,0.0,7293085.1263138605,,False
2026-03-24,7293085.1263138605,CASH,0.0,7293085.1263138605,,False
2026-03-25,7293085.1263138605,CASH,0.0,7293085.1263138605,,False
2026-03-26,7293085.1263138605,CASH,0.0,7293085.1263138605,,False
2026-03-27,7293085.1263138605,CASH,0.0,7293085.1263138605,,False
2026-03-30,7293085.1263138605,CASH,0.0,7293085.1263138605,,False
2026-03-31,7293085.1263138605,CASH,0.0,7293085.1263138605,,False
2026-04-01,7293085.1263138605,GLD,16657.724645537073,0.0,437.82000732421875,False
2026-04-02,7152993.601042484,GLD,16657.724645537073,0.0,437.82000732421875,False
2026-04-06,7123675.842993246,GLD,16657.724645537073,0.0,437.82000732421875,False
2026-04-07,7192972.0385210905,GLD,16657.724645537073,0.0,437.82000732421875,False
2026-04-08,7238281.069891088,GLD,16657.724645537073,0.0,437.82000732421875,False
2026-04-09,7294584.26052955,GLD,16657.724645537073,0.0,437.82000732421875,False
2026-04-10,7281591.255640167,GLD,16657.724645537073,0.0,437.82000732421875,False
2026-04-13,7252106.757671382,GLD,16657.724645537073,0.0,437.82000732421875,False
2026-04-14,7414186.601479687,GLD,16657.724645537073,0.0,437.82000732421875,False
2026-04-15,7337061.255034303,GLD,16657.724645537073,0.0,437.82000732421875,False
2026-04-16,7330731.238332453,GLD,16657.724645537073,0.0,437.82000732421875,False
2026-04-17,7428179.029179527,GLD,16657.724645537073,0.0,437.82000732421875,False
2026-04-20,7364213.427543075,GLD,16657.724645537073,0.0,437.82000732421875,False
2026-04-21,7155658.89798818,GLD,16657.724645537073,0.0,437.82000732421875,False
2026-04-22,7250441.391889559,GLD,16657.724645537073,0.0,437.82000732421875,False
2026-04-23,7180145.773551255,GLD,16657.724645537073,0.0,437.82000732421875,False
2026-04-24,7216959.2026789365,GLD,16657.724645537073,0.0,437.82000732421875,False
2026-04-27,7160989.491879571,GLD,16657.724645537073,0.0,437.82000732421875,False
2026-04-28,7028060.666200956,GLD,16657.724645537073,0.0,437.82000732421875,False
2026-04-29,6953100.90529604,GLD,16657.724645537073,0.0,437.82000732421875,False
2026-04-30,7057211.684330646,GLD,16657.724645537073,0.0,437.82000732421875,False
2026-05-01,7049215.79349356,TECL,46216.18550387399,0.0,152.52699279785156,False
2026-05-04,7071841.527375797,TECL,46216.18550387399,0.0,152.52699279785156,False
2026-05-05,7532677.600725888,TECL,46216.18550387399,0.0,152.52699279785156,False
2026-05-06,8128346.377014581,TECL,46216.18550387399,0.0,152.52699279785156,False
2026-05-07,8073396.957238246,TECL,46216.18550387399,0.0,152.52699279785156,False
2026-05-08,8916107.521130983,TECL,46216.18550387399,0.0,152.52699279785156,False
2026-05-11,9267506.662910353,TECL,46216.18550387399,0.0,152.52699279785156,False
2026-05-12,8850999.65176689,TECL,46216.18550387399,0.0,152.52699279785156,False
2026-05-13,9103581.514342224,TECL,46216.18550387399,0.0,152.52699279785156,False
2026-05-14,9501156.645052994,TECL,46216.18550387399,0.0,152.52699279785156,False
2026-05-15,9006612.57226901,TECL,46216.18550387399,0.0,152.52699279785156,False
2026-05-18,8685690.189658962,TECL,46216.18550387399,0.0,152.52699279785156,False
2026-05-19,8516686.168898467,TECL,46216.18550387399,0.0,152.52699279785156,False
2026-05-20,9092038.046011643,TECL,46216.18550387399,0.0,152.52699279785156,False
2026-05-21,9309988.093189184,TECL,46216.18550387399,0.0,152.52699279785156,False
2026-05-22,9597664.384347284,TECL,46216.18550387399,0.0,152.52699279785156,False
2026-05-26,10346176.043652453,TECL,46216.18550387399,0.0,152.52699279785156,False
2026-05-27,10208110.69004323,TECL,46216.18550387399,0.0,152.52699279785156,False
2026-05-28,10632004.702882756,TECL,46216.18550387399,0.0,152.52699279785156,False
2026-05-29,11331108.427788928,TECL,46216.18550387399,0.0,152.52699279785156,False
2026-06-01,12175204.715627514,TQQQ,141832.13965735052,0.0,85.84235382080078,False
2026-06-02,12342182.540567437,TQQQ,141832.13965735052,0.0,85.84235382080078,False
2026-06-03,12248787.063472208,TQQQ,141832.13965735052,0.0,85.84235382080078,False
2026-06-04,12059169.681449832,TQQQ,141832.13965735052,0.0,85.84235382080078,False
2026-06-05,10957684.244064761,CASH,0.0,10957684.244064761,,False
2026-06-08,10957684.244064761,CASH,0.0,10957684.244064761,,False
2026-06-09,10957684.244064761,CASH,0.0,10957684.244064761,,False
2026-06-10,10957684.244064761,CASH,0.0,10957684.244064761,,False
2026-06-11,10957684.244064761,CASH,0.0,10957684.244064761,,False
2026-06-12,10957684.244064761,CASH,0.0,10957684.244064761,,False
2026-06-15,10957684.244064761,CASH,0.0,10957684.244064761,,False
2026-06-16,10957684.244064761,CASH,0.0,10957684.244064761,,False
2026-06-17,10957684.244064761,CASH,0.0,10957684.244064761,,False
2026-06-18,10957684.244064761,CASH,0.0,10957684.244064761,,False
2026-06-22,10957684.244064761,CASH,0.0,10957684.244064761,,False
2026-06-23,10957684.244064761,CASH,0.0,10957684.244064761,,False
2026-06-24,10957684.244064761,CASH,0.0,10957684.244064761,,False
2026-06-25,10957684.244064761,CASH,0.0,10957684.244064761,,False
2026-06-26,10957684.244064761,CASH,0.0,10957684.244064761,,False
2026-06-29,10957684.244064761,CASH,0.0,10957684.244064761,,False
2026-06-30,10957684.244064761,CASH,0.0,10957684.244064761,,False
2026-07-01,10957684.244064761,TECL,51422.79990792942,0.0,213.08999633789062,False
2026-07-02,9861915.819658285,CASH,0.0,9861915.819658285,,False
2026-07-06,9861915.819658285,CASH,0.0,9861915.819658285,,False
2026-07-07,9861915.819658285,CASH,0.0,9861915.819658285,,False
2026-07-08,9861915.819658285,CASH,0.0,9861915.819658285,,False
2026-07-09,9861915.819658285,CASH,0.0,9861915.819658285,,False
2026-07-10,9861915.819658285,CASH,0.0,9861915.819658285,,False
2026-07-13,9861915.819658285,CASH,0.0,9861915.819658285,,False
2026-07-14,9861915.819658285,CASH,0.0,9861915.819658285,,False
2026-07-15,9861915.819658285,CASH,0.0,9861915.819658285,,False
2026-07-16,9861915.819658285,CASH,0.0,9861915.819658285,,False
2026-07-17,9861915.819658285,CASH,0.0,9861915.819658285,,False
2026-07-20,9861915.819658285,CASH,0.0,9861915.819658285,,False
2026-07-21,9861915.819658285,CASH,0.0,9861915.819658285,,False
2026-07-22,9861915.819658285,CASH,0.0,9861915.819658285,,False
2026-07-23,9861915.819658285,CASH,0.0,9861915.819658285,,False
2026-07-24,9861915.819658285,CASH,0.0,9861915.819658285,,False
2026-07-27,9861915.819658285,CASH,0.0,9861915.819658285,,False
2026-07-28,9861915.819658285,CASH,0.0,9861915.819658285,,False
2026-07-29,9861915.819658285,CASH,0.0,9861915.819658285,,False
2026-07-30,9861915.819658285,CASH,0.0,9861915.819658285,,False
2026-07-31,9861915.819658285,CASH,0.0,9861915.819658285,,False
2026-08-03,9861915.819658285,TECL,54413.570518404405,0.0,181.24000549316406,False
2026-08-04,11339243.927118886,TECL,54413.570518404405,0.0,181.24000549316406,False
2026-08-05,11154238.11947039,TECL,54413.570518404405,0.0,181.24000549316406,False
2026-08-06,11068808.415219601,TECL,54413.570518404405,0.0,181.24000549316406,False
2026-08-07,11516088.0313037,TECL,54413.570518404405,0.0,181.24000549316406,False
2026-08-10,11208107.022901084,TECL,54413.570518404405,0.0,181.24000549316406,False
2026-08-11,11152061.111689944,TECL,54413.570518404405,0.0,181.24000549316406,False
2026-08-12,11647224.935521502,TECL,54413.570518404405,0.0,181.24000549316406,False
2026-08-13,12002545.484583868,TECL,54413.570518404405,0.0,181.24000549316406,False
2026-08-14,11844201.795106864,TECL,54413.570518404405,0.0,181.24000549316406,False
2026-08-17,11911130.254364647,TECL,54413.570518404405,0.0,181.24000549316406,False
2026-08-18,10996982.933883607,TECL,54413.570518404405,0.0,181.24000549316406,False
2026-08-19,10631867.51037963,TECL,54413.570518404405,0.0,181.24000549316406,False
2026-08-20,10563306.71042911,TECL,54413.570518404405,0.0,181.24000549316406,False
2026-08-21,10600307.53984473,TECL,54413.570518404405,0.0,181.24000549316406,False
2026-08-24,10023524.190520762,TECL,54413.570518404405,0.0,181.24000549316406,False
2026-08-25,10307562.264764452,TECL,54413.570518404405,0.0,181.24000549316406,False
2026-08-26,10485494.87283949,TECL,54413.570518404405,0.0,181.24000549316406,False
2026-08-27,11462762.96467552,TECL,54413.570518404405,0.0,181.24000549316406,False
2026-08-28,10909920.888940083,TECL,54413.570518404405,0.0,181.24000549316406,False
2026-08-31,11069352.252022116,TECL,54413.570518404405,0.0,181.24000549316406,False
2026-09-01,10558953.525153413,TECL,54413.570518404405,0.0,203.42999267578125,False
2026-09-02,10516511.006571874,TECL,54413.570518404405,0.0,203.42999267578125,False
