date,qqq_close,cash,qqq_shares,open_spreads,equity
2013-01-02,67.2,32.399999999999636,183,0,12330.0
2013-01-03,66.8521,32.399999999999636,183,0,12266.334299999999
2013-01-04,66.63,35.25999999999962,181,1,12183.289999999999
2013-01-07,66.6504,35.25999999999962,181,1,12178.9824
2013-01-08,66.52,35.25999999999962,181,1,12139.38
2013-01-09,66.77,35.25999999999962,181,1,12192.63
2013-01-10,67.17,35.25999999999962,181,1,12289.03
2013-01-11,67.26,47.37999999999961,179,2,12286.92
2013-01-14,66.96,47.37999999999961,179,2,12161.219999999998
2013-01-15,66.63,47.37999999999961,179,2,12062.149999999998
2013-01-16,66.9,47.37999999999961,179,2,12110.48
2013-01-17,67.22,47.37999999999961,179,2,12207.759999999998
2013-01-18,67.07,6.189999999999543,176,3,12090.509999999998
2013-01-22,67.18,6.189999999999543,176,3,12069.869999999999
2013-01-23,67.59,6.189999999999543,176,3,12278.029999999999
2013-01-24,66.66,6.189999999999543,176,3,11834.349999999999
2013-01-25,67.0,66.98999999999955,172,2,11862.99
2013-01-28,67.15,66.98999999999955,172,2,11912.79
2013-01-29,67.16,66.98999999999955,172,2,11898.509999999998
2013-01-30,67.02,66.98999999999955,172,2,11850.429999999998
2013-01-31,66.87,0.1199999999995498,173,2,11784.63
2013-02-01,67.66,64.01999999999958,168,3,12014.9
2013-02-04,66.48,64.01999999999958,168,3,11416.660000000002
2013-02-05,67.46,64.01999999999958,168,3,11861.3
2013-02-06,67.24,64.01999999999958,168,3,11672.34
2013-02-07,67.3,64.01999999999958,168,3,11698.42
2013-02-08,67.99,65.58999999999955,165,4,12075.939999999999
2013-02-11,68.01,65.58999999999955,165,4,11991.240000000002
2013-02-12,67.73,65.58999999999955,165,4,11721.04
2013-02-13,67.97,65.58999999999955,165,4,11880.64
2013-02-14,67.95,65.58999999999955,165,4,11709.34
2013-02-15,67.75,4.289999999999537,163,4,11463.539999999999
2013-02-19,68.24,4.289999999999537,163,4,11695.409999999998
2013-02-20,67.19,4.289999999999537,163,4,11124.259999999998
2013-02-21,66.47,4.289999999999537,163,4,10894.9
2013-02-22,67.139,47.24599999999947,159,2,10994.346999999998
2013-02-25,66.31,47.24599999999947,159,2,10790.536
2013-02-26,66.56,47.24599999999947,159,2,10830.286
2013-02-27,67.239,47.24599999999947,159,2,11010.247
2013-02-28,67.1,47.24599999999947,159,2,10940.145999999999
2013-03-01,67.38,27.605999999999455,157,3,10942.266
2013-03-04,67.68,27.605999999999455,157,3,11029.366
2013-03-05,68.68,27.605999999999455,157,3,11610.366
2013-03-06,68.51,27.605999999999455,157,3,11471.676000000001
2013-03-07,68.69,27.605999999999455,157,3,11571.936
2013-03-08,68.77,2.745999999999441,155,4,11502.095999999998
2013-03-11,68.97,2.745999999999441,155,4,11629.096
2013-03-12,68.72,2.745999999999441,155,4,11382.346
2013-03-13,68.63,2.745999999999441,155,4,11264.395999999999
2013-03-14,68.86,2.745999999999441,155,4,11332.045999999998
2013-03-15,68.51,34.385999999999456,151,5,11067.395999999999
2013-03-18,68.36,34.385999999999456,151,5,10980.746
2013-03-19,68.23,34.385999999999456,151,5,10889.116
2013-03-20,68.709,34.385999999999456,151,5,11009.445
2013-03-21,67.93,34.385999999999456,151,5,10595.815999999999
2013-03-22,68.59,30.76599999999945,149,5,10882.676
2013-03-25,68.34,30.76599999999945,149,5,10573.426
2013-03-26,68.71,30.76599999999945,149,5,10716.555999999999
2013-03-27,68.801,30.76599999999945,149,5,10754.115
2013-03-28,68.97,14.475999999999402,146,4,10652.095999999998
2013-04-01,68.5,14.475999999999402,146,4,10295.475999999999
2013-04-02,69.04,14.475999999999402,146,4,10590.315999999999
2013-04-03,68.41,14.475999999999402,146,4,10258.335999999998
2013-04-04,68.43,14.475999999999402,146,4,10221.256
2013-04-05,67.861,26.858999999999412,143,3,9946.982
2013-04-08,68.22,26.858999999999412,143,3,10022.318999999998
2013-04-09,68.68,26.858999999999412,143,3,10208.099
2013-04-10,70.015,26.858999999999412,143,3,11151.003999999999
2013-04-11,69.99,26.858999999999412,143,3,11083.428999999998
2013-04-12,69.94,26.2789999999994,140,4,10937.878999999999
2013-04-15,68.56,26.2789999999994,140,4,10040.678999999998
2013-04-16,69.47,26.2789999999994,140,4,10504.078999999998
2013-04-17,68.115,26.2789999999994,140,4,9826.378999999997
2013-04-18,67.169,26.2789999999994,140,4,9453.938999999998
2013-04-19,68.09,53.12899999999951,135,2,9597.278999999999
2013-04-22,68.79,53.12899999999951,135,2,9851.779
2013-04-23,69.45,53.12899999999951,135,2,10196.878999999999
2013-04-24,69.42,53.12899999999951,135,2,10104.829
2013-04-25,69.79,53.12899999999951,135,2,10370.779
2013-04-26,69.57,45.86899999999949,133,3,10090.678999999998
2013-04-29,70.21,45.86899999999949,133,3,10607.798999999997
2013-04-30,70.72,45.86899999999949,133,3,11067.628999999999
2013-05-01,70.39,45.86899999999949,133,3,10671.739
2013-05-02,71.28,45.86899999999949,133,3,11598.108999999999
2013-05-03,72.12,63.74899999999934,144,3,12169.029
2013-05-06,72.4,63.74899999999934,144,3,12329.349
2013-05-07,72.36,63.74899999999934,144,3,12315.589
2013-05-08,72.71,63.74899999999934,144,3,12565.989
2013-05-09,72.6065,63.74899999999934,144,3,12463.085
2013-05-10,73.05,64.49899999999931,141,4,12684.548999999999
2013-05-13,73.14,64.49899999999931,141,4,12777.239
2013-05-14,73.52,64.49899999999931,141,4,13070.819
2013-05-15,73.67,64.49899999999931,141,4,13139.969
2013-05-16,73.59,64.49899999999931,141,4,13056.689
2013-05-17,74.3,58.6989999999993,139,5,13570.398999999998
2013-05-20,74.19,58.6989999999993,139,5,13395.108999999999
2013-05-21,74.27,58.6989999999993,139,5,13510.228999999998
2013-05-22,73.619,58.6989999999993,139,5,13011.739999999998
2013-05-23,73.45,58.6989999999993,139,5,12876.249
2013-05-24,73.41,11.108999999999241,158,5,12777.888999999997
2013-05-28,73.89,11.108999999999241,158,5,13173.729
2013-05-29,73.54,11.108999999999241,158,5,12870.429
2013-05-30,73.93,11.108999999999241,158,5,13140.048999999999
2013-05-31,73.25,59.15899999999931,165,4,12569.409
2013-06-03,73.38,59.15899999999931,165,4,12630.858999999999
2013-06-04,73.0,59.15899999999931,165,4,12368.159
2013-06-05,72.05,59.15899999999931,165,4,12011.409
2013-06-06,72.4,59.15899999999931,165,4,12085.159000000001
2013-06-07,73.39,65.51899999999932,161,3,12241.309000000001
2013-06-10,73.42,65.51899999999932,161,3,12206.139
2013-06-11,72.69,65.51899999999932,161,3,11928.609
2013-06-12,71.85,65.51899999999932,161,3,11705.368999999999
2013-06-13,72.76,65.51899999999932,161,3,11915.879
2013-06-14,72.28,2.8789999999993086,159,2,11727.399
2013-06-17,72.98,2.8789999999993086,159,2,11966.699
2013-06-18,73.58,2.8789999999993086,159,2,12206.098999999998
2013-06-19,72.76,2.8789999999993086,159,2,11811.719
2013-06-20,71.025,2.8789999999993086,159,2,11367.854
2013-06-21,70.43,38.22899999999936,154,2,11164.449
2013-06-24,69.73,38.22899999999936,154,2,10944.649
2013-06-25,70.24,38.22899999999936,154,2,11047.188999999998
2013-06-26,70.87,38.22899999999936,154,2,11192.209
2013-06-27,71.17,38.22899999999936,154,2,11278.409
2013-06-28,71.27,39.23899999999938,151,2,11201.008999999998
2013-07-01,71.71,39.23899999999938,151,2,11371.448999999999
2013-07-02,71.74,39.23899999999938,151,2,11359.979
2013-07-03,72.031,39.23899999999938,151,2,11499.92
2013-07-05,72.58,53.99899999999937,149,3,11676.419
2013-07-08,72.65,53.99899999999937,149,3,11662.849
2013-07-09,73.09,53.99899999999937,149,3,11936.409
2013-07-10,73.51,53.99899999999937,149,3,12222.989000000001
2013-07-11,74.97,53.99899999999937,149,3,13520.529
2013-07-12,75.3,61.598999999999364,147,4,13728.699
2013-07-15,75.47,61.598999999999364,147,4,13859.689
2013-07-16,75.37,61.598999999999364,147,4,13812.989000000001
2013-07-17,75.56,61.598999999999364,147,4,13912.919
2013-07-18,75.37,61.598999999999364,147,4,12830.989000000001
2013-07-19,74.59,22.368999999999346,144,5,13025.329
2013-07-22,74.81,22.368999999999346,144,5,13221.008999999998
2013-07-23,74.26,22.368999999999346,144,5,12525.809
2013-07-24,74.5,22.368999999999346,144,5,12900.368999999999
2013-07-25,74.97,22.368999999999346,144,5,13362.048999999999
2013-07-26,75.37,70.30899999999951,162,5,14044.249
2013-07-29,75.23,70.30899999999951,162,5,13795.569
2013-07-30,75.63,70.30899999999951,162,5,14376.368999999999
2013-07-31,75.77,70.30899999999951,162,5,14587.048999999999
2013-08-01,76.54,70.30899999999951,162,5,15555.789
2013-08-02,76.97,4.318999999999505,189,4,15831.649
2013-08-05,77.02,4.318999999999505,189,4,15801.098999999998
2013-08-06,76.56,4.318999999999505,189,4,15344.159
2013-08-07,76.42,4.318999999999505,189,4,15197.699
2013-08-08,76.8,4.318999999999505,189,4,15459.518999999998
2013-08-09,76.49,43.768999999999494,184,5,15067.929
2013-08-12,76.67,43.768999999999494,184,5,15191.049
2013-08-13,77.1,43.768999999999494,184,5,15610.169
2013-08-14,76.81,43.768999999999494,184,5,15206.809000000001
2013-08-15,75.51,43.768999999999494,184,5,14207.609
2013-08-16,75.485,11.223999999999478,181,4,14064.009
2013-08-19,75.35,11.223999999999478,181,4,13959.573999999999
2013-08-20,75.68,11.223999999999478,181,4,14069.304000000002
2013-08-21,75.42,11.223999999999478,181,4,13882.244
2013-08-22,76.16,11.223999999999478,181,4,14266.184
2013-08-23,76.67,11.903999999999428,177,4,14392.493999999999
2013-08-26,76.71,11.903999999999428,177,4,14359.573999999997
2013-08-27,75.14,11.903999999999428,177,4,13551.684
2013-08-28,75.43,11.903999999999428,177,4,13653.014
2013-08-29,75.96,11.903999999999428,177,4,13866.823999999997
2013-08-30,75.47,0.25399999999945067,172,3,13541.094
2013-09-03,75.9,0.25399999999945067,172,3,13675.054
2013-09-04,76.71,0.25399999999945067,172,3,14154.373999999998
2013-09-05,76.84,0.25399999999945067,172,3,14176.734
2013-09-06,76.93,4.973999999999535,168,4,14099.214000000002
2013-09-09,77.83,4.973999999999535,168,4,15060.414
2013-09-10,78.21,4.973999999999535,168,4,15394.253999999999
2013-09-11,78.06,4.973999999999535,168,4,15019.054
2013-09-12,78.01,4.973999999999535,168,4,14890.654
2013-09-13,78.06,52.2739999999996,163,5,14816.054
2013-09-16,77.85,52.2739999999996,163,5,14401.823999999999
2013-09-17,78.37,52.2739999999996,163,5,15146.584
2013-09-18,79.31,52.2739999999996,163,5,17069.804
2013-09-19,79.5,52.2739999999996,163,5,17550.773999999998
2013-09-20,78.985,34.393999999999664,171,5,16400.828999999998
2013-09-23,78.83,34.393999999999664,171,5,15954.324
2013-09-24,78.83,34.393999999999664,171,5,15894.324
2013-09-25,78.56,34.393999999999664,171,5,15348.154
2013-09-26,79.17,34.393999999999664,171,5,16372.464
2013-09-27,79.07,5.603999999999701,168,5,16029.363999999998
2013-09-30,78.88,5.603999999999701,168,5,15667.444
2013-10-01,79.68,5.603999999999701,168,5,17101.844
2013-10-02,79.65,5.603999999999701,168,5,16936.804
2013-10-03,78.72,5.603999999999701,168,5,14940.563999999998
2013-10-04,79.4,56.80399999999963,185,4,16135.804000000002
2013-10-07,78.74,56.80399999999963,185,4,15663.704
2013-10-08,77.22,56.80399999999963,185,4,14692.503999999999
2013-10-09,76.98,56.80399999999963,185,4,14518.104000000001
2013-10-10,78.61,56.80399999999963,185,4,15169.654
2013-10-11,79.21,50.643999999999664,181,5,15487.653999999999
2013-10-14,79.75,50.643999999999664,181,5,16105.394
2013-10-15,79.47,50.643999999999664,181,5,16044.714
2013-10-16,80.38,50.643999999999664,181,5,16489.424
2013-10-17,80.86,50.643999999999664,181,5,17226.304
2013-10-18,82.14,29.703999999999724,202,5,20251.983999999997
2013-10-21,82.32,29.703999999999724,202,5,20558.343999999997
2013-10-22,82.46,29.703999999999724,202,5,20956.623999999996
2013-10-23,81.95,29.703999999999724,202,5,19893.604
2013-10-24,82.35,29.703999999999724,202,5,20834.403999999995
2013-10-25,82.9,14.403999999999542,219,5,21979.504
2013-10-28,82.85,14.403999999999542,219,5,21918.553999999996
2013-10-29,83.08,14.403999999999542,219,5,22268.924
2013-10-30,82.92,14.403999999999542,219,5,21933.884
2013-10-31,82.74,14.403999999999542,219,5,21664.463999999996
2013-11-01,82.78,52.583999999999605,238,4,21364.224
2013-11-04,82.91,52.583999999999605,238,4,21355.163999999997
2013-11-05,83.03,52.583999999999605,238,4,21503.724
2013-11-06,83.01,52.583999999999605,238,4,21418.964
2013-11-07,81.45,52.583999999999605,238,4,19977.684
2013-11-08,82.56,67.26399999999961,235,5,20758.864
2013-11-11,82.46,67.26399999999961,235,5,20495.363999999998
2013-11-12,82.53,67.26399999999961,235,5,20551.814
2013-11-13,83.52,67.26399999999961,235,5,21924.464
2013-11-14,83.77,67.26399999999961,235,5,22263.214
2013-11-15,83.96,19.983999999999696,253,5,22561.863999999998
2013-11-18,83.14,19.983999999999696,253,5,21664.404000000002
2013-11-19,82.9,19.983999999999696,253,5,21403.684
2013-11-20,82.7,19.983999999999696,253,5,21213.084000000003
2013-11-21,83.54,19.983999999999696,253,5,21725.604000000003
2013-11-22,83.99,19.943999999999676,249,5,22023.453999999998
2013-11-25,84.19,19.943999999999676,249,5,22063.253999999997
2013-11-26,84.63,19.943999999999676,249,5,22642.814
2013-11-27,85.22,19.943999999999676,249,5,23639.724
2013-11-29,85.73,71.02399999999972,253,5,25000.714000000004
2013-12-02,85.48,71.02399999999972,253,5,24407.464000000004
2013-12-03,85.41,71.02399999999972,253,5,24129.754
2013-12-04,85.49,71.02399999999972,253,5,24279.994
2013-12-05,85.38,71.02399999999972,253,5,24022.164
2013-12-06,86.0,68.02399999999966,272,4,25320.024
2013-12-09,86.35,68.02399999999966,272,4,25645.224
2013-12-10,86.29,68.02399999999966,272,4,25578.904000000002
2013-12-11,85.18,68.02399999999966,272,4,24166.984000000004
2013-12-12,84.96,68.02399999999966,272,4,23887.144
2013-12-13,84.85,77.2739999999996,269,5,23700.924
2013-12-16,85.32,77.2739999999996,269,5,24144.354
2013-12-17,85.15,77.2739999999996,269,5,23875.624000000003
2013-12-18,86.14,77.2739999999996,269,5,24941.934
2013-12-19,85.9,77.2739999999996,269,5,24059.374000000003
2013-12-20,86.5,83.47399999999965,270,5,25110.474
2013-12-23,87.41,83.47399999999965,270,5,26660.174
2013-12-24,87.45,83.47399999999965,270,5,26720.974
2013-12-26,87.74,83.47399999999965,270,5,27262.273999999998
2013-12-27,87.52,67.41399999999976,283,5,26613.574
2013-12-30,87.39,67.41399999999976,283,5,26277.784
2013-12-31,87.96,67.41399999999976,283,5,27336.093999999997
2014-01-02,87.27,67.41399999999976,283,5,25915.824
2014-01-03,86.64,12.033999999999764,280,4,25074.234
2014-01-06,86.32,12.033999999999764,280,4,24687.634
2014-01-07,87.12,12.033999999999764,280,4,25252.634000000002
2014-01-08,87.31,12.033999999999764,280,4,25525.834
2014-01-09,87.02,12.033999999999764,280,4,25114.634
2014-01-10,87.3,17.63399999999973,277,5,25145.733999999997
2014-01-13,86.01,17.63399999999973,277,5,24007.404
2014-01-14,87.65,17.63399999999973,277,5,25264.684
2014-01-15,88.37,17.63399999999973,277,5,26289.124
2014-01-16,88.38,17.63399999999973,277,5,26203.893999999997
2014-01-17,87.88,10.67399999999975,274,5,25057.793999999998
2014-01-21,88.55,10.67399999999975,274,5,25648.374
2014-01-22,88.78,10.67399999999975,274,5,25975.394
2014-01-23,88.48,10.67399999999975,274,5,25453.194
2014-01-24,86.74,59.21399999999966,268,4,23888.534
2014-01-27,85.9,59.21399999999966,268,4,23399.414
2014-01-28,85.85,59.21399999999966,268,4,23243.014
2014-01-29,84.93,59.21399999999966,268,4,22886.454
2014-01-30,86.5,59.21399999999966,268,4,23384.214
2014-01-31,86.27,7.663999999999589,263,3,23268.674
2014-02-03,84.29,7.663999999999589,263,3,22351.934
2014-02-04,84.91,7.663999999999589,263,3,22558.994
2014-02-05,84.69,7.663999999999589,263,3,22490.134000000002
2014-02-06,85.77,7.663999999999589,263,3,22895.174
2014-02-07,87.3,53.263999999999555,259,3,23444.964
2014-02-10,87.8,53.263999999999555,259,3,23717.464
2014-02-11,88.8,53.263999999999555,259,3,24559.464
2014-02-12,88.97,53.263999999999555,259,3,24757.494
2014-02-13,89.63,53.263999999999555,259,3,25511.433999999997
2014-02-14,89.81,26.0139999999995,254,4,25543.754
2014-02-18,90.25,26.0139999999995,254,4,26183.514
2014-02-19,89.63,26.0139999999995,254,4,25234.034
2014-02-20,90.05,26.0139999999995,254,4,25813.714
2014-02-21,89.93,17.50399999999945,251,5,25350.934
2014-02-24,90.41,17.50399999999945,251,5,26120.414
2014-02-25,90.31,17.50399999999945,251,5,25787.314000000002
2014-02-26,90.23,17.50399999999945,251,5,25459.234
2014-02-27,90.44,17.50399999999945,251,5,24026.944
2014-02-28,90.34,75.26399999999944,247,5,23852.244
2014-03-03,89.67,75.26399999999944,247,5,23631.754
2014-03-04,90.81,75.26399999999944,247,5,24342.334
2014-03-05,91.06,75.26399999999944,247,5,24481.084
2014-03-06,90.98,75.26399999999944,247,5,24230.324
2014-03-07,90.53,19.603999999999587,249,5,23848.574
2014-03-10,90.61,19.603999999999587,249,5,23846.494
2014-03-11,90.22,19.603999999999587,249,5,23551.384
2014-03-12,90.56,19.603999999999587,249,5,23306.044
2014-03-13,89.28,19.603999999999587,249,5,22525.324
2014-03-14,88.67,46.053999999999576,244,4,22176.534
2014-03-17,89.45,46.053999999999576,244,4,22498.854
2014-03-18,90.53,46.053999999999576,244,4,23158.374
2014-03-19,90.04,46.053999999999576,244,4,22664.814000000002
2014-03-20,90.29,46.053999999999576,244,4,22813.814000000002
2014-03-21,89.0,70.85399999999959,239,2,21891.854
2014-03-24,88.22,70.85399999999959,239,2,21452.433999999997
2014-03-25,88.51,70.85399999999959,239,2,21554.744
2014-03-26,87.37,70.85399999999959,239,2,21117.284
2014-03-27,86.879,70.85399999999959,239,2,20966.935
2014-03-28,87.05,57.1539999999996,235,1,20832.904
2014-03-31,87.67,57.1539999999996,235,1,21044.604
2014-04-01,89.21,57.1539999999996,235,1,21747.503999999997
2014-04-02,89.44,57.1539999999996,235,1,21856.553999999996
2014-04-03,88.73,57.1539999999996,235,1,21502.703999999998
2014-04-04,86.37,23.70399999999961,230,2,20361.804
2014-04-07,85.55,23.70399999999961,230,2,20019.203999999998
2014-04-08,86.34,23.70399999999961,230,2,20332.904
2014-04-09,87.82,23.70399999999961,230,2,21047.303999999996
2014-04-10,85.1,23.70399999999961,230,2,19816.703999999998
2014-04-11,84.11,37.76399999999967,224,2,19439.404
2014-04-14,84.77,37.76399999999967,224,2,19686.244
2014-04-15,85.0501,37.76399999999967,224,2,19847.986399999998
2014-04-16,86.18,37.76399999999967,224,2,20222.084
2014-04-17,86.2,23.663999999999646,218,3,20135.264000000003
2014-04-21,86.84,23.663999999999646,218,3,20527.784
2014-04-22,87.53,23.663999999999646,218,3,20986.204
2014-04-23,86.76,23.663999999999646,218,3,20158.344
2014-04-24,87.59,23.663999999999646,218,3,20922.284
2014-04-25,86.19,41.01399999999961,213,3,19675.484
2014-04-28,86.47,41.01399999999961,213,3,19856.124
2014-04-29,87.16,41.01399999999961,213,3,20377.093999999997
2014-04-30,87.39,41.01399999999961,213,3,20503.084
2014-05-01,87.65,41.01399999999961,213,3,20690.464
2014-05-02,87.49,35.16399999999959,208,4,20290.084
2014-05-05,87.95,35.16399999999959,208,4,20682.764000000003
2014-05-06,86.81,35.16399999999959,208,4,19235.644
2014-05-07,86.56,35.16399999999959,208,4,18963.644
2014-05-08,86.48,35.16399999999959,208,4,18782.004
2014-05-09,86.8,16.063999999999623,204,5,18691.264
2014-05-12,88.23,16.063999999999623,204,5,20467.984
2014-05-13,88.29,16.063999999999623,204,5,20282.224
2014-05-14,87.83,16.063999999999623,204,5,19297.384
2014-05-15,87.135,16.063999999999623,204,5,18451.604
2014-05-16,87.71,82.00399999999956,200,4,18570.004
2014-05-19,88.32,82.00399999999956,200,4,19022.004
2014-05-20,88.0,82.00399999999956,200,4,18617.004
2014-05-21,88.84,82.00399999999956,200,4,19434.004
2014-05-22,89.23,82.00399999999956,200,4,19820.004
2014-05-23,89.88,62.34399999999954,197,5,20617.704
2014-05-27,91.001,62.34399999999954,197,5,23170.541
2014-05-28,90.72,62.34399999999954,197,5,22433.184
2014-05-29,91.3,62.34399999999954,197,5,23955.444
2014-05-30,91.31,54.473999999999705,214,5,23763.814
2014-06-02,91.22,54.473999999999705,214,5,23546.553999999996
2014-06-03,91.18,54.473999999999705,214,5,23427.994
2014-06-04,91.52,54.473999999999705,214,5,24116.753999999997
2014-06-05,92.29,54.473999999999705,214,5,25843.534
2014-06-06,92.82,73.13400000000001,256,4,26860.053999999996
2014-06-09,92.75,73.13400000000001,256,4,26842.134
2014-06-10,92.91,73.13400000000001,256,4,27015.093999999997
2014-06-11,92.89,73.13400000000001,256,4,26932.974000000002
2014-06-12,92.05,73.13400000000001,256,4,25881.934
2014-06-13,92.32,71.79399999999998,253,5,26156.754
2014-06-16,92.4,71.79399999999998,253,5,26264.994000000002
2014-06-17,92.45,71.79399999999998,253,5,26233.644000000004
2014-06-18,92.97,71.79399999999998,253,5,27102.204
2014-06-19,92.91,71.79399999999998,253,5,26911.024
2014-06-20,92.77,51.564000000000306,272,5,26737.004
2014-06-23,92.79,51.564000000000306,272,5,26632.444000000003
2014-06-24,92.7,51.564000000000306,272,5,26453.964
2014-06-25,93.29,51.564000000000306,272,5,27406.444000000003
2014-06-26,93.34,51.564000000000306,272,5,27376.044
2014-06-27,93.75,20.46400000000017,282,5,28008.964
2014-06-30,93.91,20.46400000000017,282,5,28373.084
2014-07-01,94.94,20.46400000000017,282,5,30643.543999999998
2014-07-02,95.1,20.46400000000017,282,5,30985.663999999997
2014-07-03,95.7,55.66399999999953,300,5,32356.664
2014-07-07,95.41,55.66399999999953,300,5,31643.664
2014-07-08,94.26,55.66399999999953,300,5,29852.664
2014-07-09,94.96,55.66399999999953,300,5,30745.663999999997
2014-07-10,94.66,55.66399999999953,300,5,30242.664
2014-07-11,95.27,54.543999999999585,296,5,31051.463999999996
2014-07-14,95.84,54.543999999999585,296,5,32073.183999999997
2014-07-15,95.51,54.543999999999585,296,5,31455.504
2014-07-16,95.89,54.543999999999585,296,5,32105.983999999997
2014-07-17,94.619,54.543999999999585,296,5,29746.767999999996
2014-07-18,96.12,48.50399999999968,303,5,32217.864
2014-07-21,96.0,48.50399999999968,303,5,31995.504
2014-07-22,96.61,48.50399999999968,303,5,32854.334
2014-07-23,97.227,48.50399999999968,303,5,34376.285
2014-07-24,97.12,48.50399999999968,303,5,34229.864
2014-07-25,96.74,48.20399999999972,318,5,33329.524
2014-07-28,96.77,48.20399999999972,318,5,33328.064
2014-07-29,96.6,48.20399999999972,318,5,32936.004
2014-07-30,96.98,48.20399999999972,318,5,33658.844000000005
2014-07-31,95.02,48.20399999999972,318,5,30857.564
2014-08-01,94.67,44.45399999999978,313,4,30300.164
2014-08-04,95.32,44.45399999999978,313,4,30581.613999999998
2014-08-05,94.59,44.45399999999978,313,4,30080.124000000003
2014-08-06,94.52,44.45399999999978,313,4,30019.214
2014-08-07,94.22,44.45399999999978,313,4,29860.314000000002
2014-08-08,94.9,91.25399999999979,307,2,30018.554000000004
2014-08-11,95.46,91.25399999999979,307,2,30255.474
2014-08-12,95.42,91.25399999999979,307,2,30204.194000000003
2014-08-13,96.43,91.25399999999979,307,2,30904.264000000003
2014-08-14,96.93,91.25399999999979,307,2,31291.764000000003
2014-08-15,97.4,93.35399999999981,302,3,31744.154000000002
2014-08-18,98.15,93.35399999999981,302,3,32659.654000000002
2014-08-19,98.7,93.35399999999981,302,3,33449.754
2014-08-20,98.7,93.35399999999981,302,3,33449.754
2014-08-21,98.9,93.35399999999981,302,3,33731.154
2014-08-22,99.05,36.303999999999746,299,4,33830.254
2014-08-25,99.4,36.303999999999746,299,4,34418.904
2014-08-26,99.5,36.303999999999746,299,4,34632.804000000004
2014-08-27,99.52,36.303999999999746,299,4,34637.784
2014-08-28,99.41,36.303999999999746,299,4,34394.894
2014-08-29,99.78,69.00399999999973,294,5,35044.324
2014-09-02,100.07,69.00399999999973,294,5,35693.584
2014-09-03,99.48,69.00399999999973,294,5,34370.124
2014-09-04,99.39,69.00399999999973,294,5,34198.664000000004
2014-09-05,99.89,89.10400000000004,314,5,35559.564
2014-09-08,100.08,89.10400000000004,314,5,35844.224
2014-09-09,99.25,89.10400000000004,314,5,34189.604
2014-09-10,100.07,89.10400000000004,314,5,35904.083999999995
2014-09-11,99.99,89.10400000000004,314,5,35805.96399999999
2014-09-12,99.48,23.804000000000087,329,5,34379.724
2014-09-15,98.52,23.804000000000087,329,5,33187.884
2014-09-16,99.38,23.804000000000087,329,5,33902.82399999999
2014-09-17,99.53,23.804000000000087,329,5,33736.174
2014-09-18,100.28,23.804000000000087,329,5,34826.924
2014-09-19,99.98,83.6640000000001,327,5,34093.124
2014-09-22,99.05,83.6640000000001,327,5,33145.013999999996
2014-09-23,98.78,83.6640000000001,327,5,32958.724
2014-09-24,99.84,83.6640000000001,327,5,33795.344
2014-09-25,97.74,83.6640000000001,327,5,32394.644
2014-09-26,98.78,43.544000000000096,321,3,32717.924000000003
2014-09-29,98.65,43.544000000000096,321,3,32606.194000000003
2014-09-30,98.79,43.544000000000096,321,3,32735.134000000005
2014-10-01,97.21,43.544000000000096,321,3,31639.953999999998
2014-10-02,97.21,43.544000000000096,321,3,31569.953999999998
2014-10-03,98.17,82.36400000000003,315,4,31901.914
2014-10-06,97.96,82.36400000000003,315,4,31667.764
2014-10-07,96.57,82.36400000000003,315,4,30837.914
2014-10-08,98.45,82.36400000000003,315,4,31976.114
2014-10-09,96.86,82.36400000000003,315,4,31027.264000000003
2014-10-10,94.44,22.44399999999996,308,1,29655.964
2014-10-13,92.96,22.44399999999996,308,1,28976.123999999996
2014-10-14,92.97,22.44399999999996,308,1,28965.203999999998
2014-10-15,92.37,22.44399999999996,308,1,28696.404000000002
2014-10-16,91.79,22.44399999999996,308,1,28363.764000000003
2014-10-17,93.0,48.243999999999915,300,2,28788.244
2014-10-20,94.39,48.243999999999915,300,2,29653.244
2014-10-21,96.87,48.243999999999915,300,2,31685.244
2014-10-22,96.37,48.243999999999915,300,2,31283.244
2014-10-23,97.82,48.243999999999915,300,2,32670.243999999995
2014-10-24,98.62,89.7639999999999,294,3,33284.044
2014-10-27,98.69,89.7639999999999,294,3,33346.623999999996
2014-10-28,100.18,89.7639999999999,294,3,35240.684
2014-10-29,99.81,89.7639999999999,294,3,34613.903999999995
2014-10-30,100.02,89.7639999999999,294,3,34899.644
2014-10-31,101.4,71.16399999999999,290,4,36743.164000000004
2014-11-03,101.7,71.16399999999999,290,4,37278.164000000004
2014-11-04,101.36,71.16399999999999,290,4,36689.564
2014-11-05,101.37,71.16399999999999,290,4,36706.46400000001
2014-11-06,101.69,71.16399999999999,290,4,37275.263999999996
2014-11-07,101.6,42.96399999999994,285,5,36992.964
2014-11-10,101.96,42.96399999999994,285,5,37655.564
2014-11-11,102.28,42.96399999999994,285,5,38292.763999999996
2014-11-12,102.46,42.96399999999994,285,5,38820.064
2014-11-13,102.9,42.96399999999994,285,5,39449.464
2014-11-14,103.22,70.96400000000085,355,4,39808.064
2014-11-17,102.91,70.96400000000085,355,4,39236.013999999996
2014-11-18,103.68,70.96400000000085,355,4,40643.364
2014-11-19,103.21,70.96400000000085,355,4,39734.513999999996
2014-11-20,103.67,70.96400000000085,355,4,40541.814
2014-11-21,103.87,68.11400000000083,350,5,40538.614
2014-11-24,104.68,68.11400000000083,350,5,42544.114
2014-11-25,104.84,68.11400000000083,350,5,43104.114
2014-11-26,105.52,68.11400000000083,350,5,44854.114
2014-11-28,106.01,66.86400000000049,375,5,45836.614
2014-12-01,104.81,66.86400000000049,375,5,42832.614
2014-12-02,105.23,66.86400000000049,375,5,43554.114
2014-12-03,105.42,66.86400000000049,375,5,43691.364
2014-12-04,105.37,66.86400000000049,375,5,43586.614
2014-12-05,105.38,27.864000000000487,375,5,42801.364
2014-12-08,104.63,27.864000000000487,375,5,41208.114
2014-12-09,104.96,27.864000000000487,375,5,41687.864
2014-12-10,103.31,27.864000000000487,375,5,39697.114
2014-12-11,103.8,27.864000000000487,375,5,39900.864
2014-12-12,102.67,62.75400000000059,368,4,38879.314
2014-12-15,101.61,62.75400000000059,368,4,37913.234000000004
2014-12-16,99.98,62.75400000000059,368,4,37095.394
2014-12-17,101.8,62.75400000000059,368,4,37845.154
2014-12-18,104.25,62.75400000000059,368,4,39220.754
2014-12-19,104.32,61.794000000000665,361,3,38857.314
2014-12-22,104.58,61.794000000000665,361,3,39015.174
2014-12-23,104.21,61.794000000000665,361,3,38641.604
2014-12-24,104.3,61.794000000000665,361,3,38562.094
2014-12-26,105.04,26.434000000000765,355,3,38867.634000000005
2014-12-29,105.02,26.434000000000765,355,3,38684.534
2014-12-30,104.32,26.434000000000765,355,3,37892.034
2014-12-31,103.25,26.434000000000765,355,3,37192.184
2015-01-02,102.94,25.93400000000088,350,1,36470.934
2015-01-05,101.43,25.93400000000088,350,1,35782.434
2015-01-06,100.07,25.93400000000088,350,1,35178.434
2015-01-07,101.36,25.93400000000088,350,1,35693.934
2015-01-08,103.3,25.93400000000088,350,1,36612.934
2015-01-09,102.62,51.47400000000084,343,2,36034.134000000005
2015-01-12,101.55,51.47400000000084,343,2,35459.124
2015-01-13,101.52,51.47400000000084,343,2,35432.834
2015-01-14,100.96,51.47400000000084,343,2,35176.754
2015-01-15,99.65,51.47400000000084,343,2,34487.424000000006
2015-01-16,100.82,53.23400000000083,335,3,34947.934
2015-01-20,101.62,53.23400000000083,335,3,35343.93400000001
2015-01-21,102.14,53.23400000000083,335,3,35630.134000000005
2015-01-22,104.03,53.23400000000083,335,3,37383.28400000001
2015-01-23,104.26,62.7740000000008,331,4,37225.834
2015-01-26,104.14,62.7740000000008,331,4,36921.114
2015-01-27,101.44,62.7740000000008,331,4,34407.414
2015-01-28,100.92,62.7740000000008,331,4,33931.294
2015-01-29,101.89,62.7740000000008,331,4,34492.364
2015-01-30,101.1,85.57400000000075,317,2,33630.274
2015-02-02,101.98,85.57400000000075,317,2,34371.234
2015-02-03,102.96,85.57400000000075,317,2,34968.894
2015-02-04,102.87,85.57400000000075,317,2,34653.364
2015-02-05,103.76,85.57400000000075,317,2,35755.494
2015-02-06,103.13,9.374000000000478,307,3,34676.284
2015-02-09,102.8,9.374000000000478,307,3,33850.974
2015-02-10,104.4,9.374000000000478,307,3,36318.174
2015-02-11,104.78,9.374000000000478,307,3,37183.834
2015-02-12,106.0,9.374000000000478,307,3,39824.373999999996
2015-02-13,106.91,57.15400000000045,299,4,41905.244
2015-02-17,107.01,57.15400000000045,299,4,42641.144
2015-02-18,107.16,57.15400000000045,299,4,42879.994
2015-02-19,107.69,57.15400000000045,299,4,45128.464
2015-02-20,108.41,38.55400000000054,329,4,46755.444
2015-02-23,108.52,38.55400000000054,329,4,47066.634000000005
2015-02-24,108.6,38.55400000000054,329,4,47467.954000000005
2015-02-25,108.33,38.55400000000054,329,4,46329.124
2015-02-26,108.88,38.55400000000054,329,4,48160.074
2015-02-27,108.4,48.45400000000063,318,5,46319.654
2015-03-02,109.38,48.45400000000063,318,5,49656.293999999994
2015-03-03,108.87,48.45400000000063,318,5,47794.114
2015-03-04,108.45,48.45400000000063,318,5,46660.554
2015-03-05,108.64,48.45400000000063,318,5,47420.973999999995
2015-03-06,107.41,34.28400000000056,355,5,42639.833999999995
2015-03-09,107.72,34.28400000000056,355,5,42749.884
2015-03-10,105.72,34.28400000000056,355,5,38564.884
2015-03-11,105.11,34.28400000000056,355,5,37698.334
2015-03-12,105.8,34.28400000000056,355,5,37868.284
2015-03-13,105.34,42.68400000000065,345,1,37309.984000000004
2015-03-16,106.7,42.68400000000065,345,1,38229.184
2015-03-17,106.87,42.68400000000065,345,1,38437.834
2015-03-18,107.92,42.68400000000065,345,1,39350.084
2015-03-19,108.08,42.68400000000065,345,1,39405.284
2015-03-20,108.53,95.4840000000006,335,2,39703.03400000001
2015-03-23,108.32,95.4840000000006,335,2,39207.684
2015-03-24,107.93,95.4840000000006,335,2,38752.03400000001
2015-03-25,105.46,95.4840000000006,335,2,36199.584
2015-03-26,105.1,95.4840000000006,335,2,35828.984000000004
2015-03-27,105.52,16.204000000000633,324,2,35654.683999999994
2015-03-30,106.73,16.204000000000633,324,2,36721.724
2015-03-31,105.6,16.204000000000633,324,2,35455.604
2015-04-01,105.05,16.204000000000633,324,2,35077.403999999995
2015-04-02,105.12,47.28400000000056,315,2,34485.084
2015-04-06,105.98,47.28400000000056,315,2,35205.984000000004
2015-04-07,105.8,47.28400000000056,315,2,34899.284
2015-04-08,106.64,47.28400000000056,315,2,35863.884
2015-04-09,107.31,47.28400000000056,315,2,36574.934
2015-04-10,107.75,69.03400000000067,308,3,36831.034
2015-04-13,107.48,69.03400000000067,308,3,36522.874
2015-04-14,107.17,69.03400000000067,308,3,35952.394
2015-04-15,107.84,69.03400000000067,308,3,36808.754
2015-04-16,107.69,69.03400000000067,308,3,36362.554
2015-04-17,106.01,102.64400000000046,297,4,33662.614
2015-04-20,107.6,102.64400000000046,297,4,35984.844
2015-04-21,108.06,102.64400000000046,297,4,37296.464
2015-04-22,108.65,102.64400000000046,297,4,38371.694
2015-04-23,109.06,102.64400000000046,297,4,40968.464
2015-04-24,110.54,90.00400000000036,288,5,45050.524000000005
2015-04-27,110.26,90.00400000000036,288,5,44319.884000000005
2015-04-28,110.04,90.00400000000036,288,5,43256.524000000005
2015-04-29,109.35,90.00400000000036,288,5,39232.804000000004
2015-04-30,107.63,90.00400000000036,288,5,33962.444
2015-05-01,109.05,40.50400000000036,278,5,36056.403999999995
2015-05-04,109.23,40.50400000000036,278,5,35981.444
2015-05-05,107.45,40.50400000000036,278,5,31911.604000000003
2015-05-06,106.71,40.50400000000036,278,5,30780.884
2015-05-07,107.35,40.50400000000036,278,5,31358.804
2015-05-08,108.69,5.024000000000342,270,3,31901.324
2015-05-11,108.27,5.024000000000342,270,3,31062.924
2015-05-12,107.78,5.024000000000342,270,3,30505.624
2015-05-13,108.0,5.024000000000342,270,3,30540.024
2015-05-14,109.58,5.024000000000342,270,3,33216.623999999996
2015-05-15,109.58,30.004000000000246,264,4,32534.124
2015-05-18,110.06,30.004000000000246,264,4,33535.844
2015-05-19,109.94,30.004000000000246,264,4,32829.164000000004
2015-05-20,110.01,30.004000000000246,264,4,32697.644000000004
2015-05-21,110.58,30.004000000000246,264,4,34323.123999999996
2015-05-22,110.47,32.954000000000406,279,4,33454.084
2015-05-26,109.2,32.954000000000406,279,4,31549.754
2015-05-27,110.96,32.954000000000406,279,4,34115.793999999994
2015-05-28,110.71,32.954000000000406,279,4,33796.043999999994
2015-05-29,110.05,50.954000000000406,269,5,32129.404000000002
2015-06-01,110.42,50.954000000000406,269,5,32278.934
2015-06-02,110.07,50.954000000000406,269,5,31359.784
2015-06-03,110.4,50.954000000000406,269,5,31998.554000000004
2015-06-04,109.56,50.954000000000406,269,5,30822.594
2015-06-05,109.3,20.354000000000383,261,3,29822.654
2015-06-08,108.19,20.354000000000383,261,3,28832.944
2015-06-09,108.01,20.354000000000383,261,3,28585.964
2015-06-10,109.49,20.354000000000383,261,3,29497.244
2015-06-11,109.65,20.354000000000383,261,3,29414.004
2015-06-12,108.75,67.85400000000061,253,2,28581.604
2015-06-15,108.21,67.85400000000061,253,2,28244.983999999997
2015-06-16,108.8,67.85400000000061,253,2,28619.253999999997
2015-06-17,109.1,67.85400000000061,253,2,28670.154
2015-06-18,110.69,67.85400000000061,253,2,30222.424
2015-06-19,109.89,99.36400000000049,244,3,29237.524
2015-06-22,110.7,99.36400000000049,244,3,29960.164
2015-06-23,110.79,99.36400000000049,244,3,30082.124000000003
2015-06-24,110.22,99.36400000000049,244,3,29193.044
2015-06-25,110.0,99.36400000000049,244,3,28939.364
2015-06-26,109.27,58.52400000000034,236,3,27596.244
2015-06-29,106.69,58.52400000000034,236,3,25812.364
2015-06-30,107.07,58.52400000000034,236,3,25877.043999999998
2015-07-01,107.92,58.52400000000034,236,3,26252.644
2015-07-02,107.95,63.92400000000043,224,3,25669.724
2015-07-06,107.7,63.92400000000043,224,3,25463.724
2015-07-07,107.97,63.92400000000043,224,3,25449.203999999998
2015-07-08,106.09,63.92400000000043,224,3,24378.084
2015-07-09,106.03,63.92400000000043,224,3,24239.644
2015-07-10,107.65,67.9240000000002,214,2,24555.024
2015-07-13,109.54,67.9240000000002,214,2,26409.484
2015-07-14,110.26,67.9240000000002,214,2,27188.564
2015-07-15,110.38,67.9240000000002,214,2,27664.244
2015-07-16,111.94,67.9240000000002,214,2,29998.084
2015-07-17,113.59,59.91399999999999,203,3,32118.684
2015-07-20,113.98,59.91399999999999,203,3,33047.85400000001
2015-07-21,113.91,59.91399999999999,203,3,32633.644
2015-07-22,112.62,59.91399999999999,203,3,30371.774
2015-07-23,112.2,59.91399999999999,203,3,29886.514000000003
2015-07-24,111.1,49.513999999999896,192,4,27280.713999999996
2015-07-27,110.18,49.513999999999896,192,4,25454.074
2015-07-28,111.13,49.513999999999896,192,4,26436.474
2015-07-29,111.55,49.513999999999896,192,4,26667.113999999998
2015-07-30,112.08,49.513999999999896,192,4,28318.874
2015-07-31,111.95,17.06399999999985,183,4,27203.914
2015-08-03,111.6,17.06399999999985,183,4,26039.863999999998
2015-08-04,111.39,17.06399999999985,183,4,24551.433999999997
2015-08-05,112.24,17.06399999999985,183,4,27281.983999999997
2015-08-06,110.45,17.06399999999985,183,4,22404.414
2015-08-07,110.31,55.16399999999976,173,4,21313.794
2015-08-10,111.57,55.16399999999976,173,4,22906.774
2015-08-11,110.14,55.16399999999976,173,4,20584.384000000002
2015-08-12,110.52,55.16399999999976,173,4,20900.124
2015-08-13,110.34,55.16399999999976,173,4,20043.984
2015-08-14,110.51,34.24399999999969,165,2,19768.394
2015-08-17,111.43,34.24399999999969,165,2,20395.194
2015-08-18,110.86,34.24399999999969,165,2,19801.144
2015-08-19,110.13,34.24399999999969,165,2,19155.694
2015-08-20,107.08,34.24399999999969,165,2,17952.444
2015-08-21,102.4,69.24399999999969,165,0,16965.244
2015-08-24,98.46,69.24399999999969,165,0,16315.144
2015-08-25,98.09,69.24399999999969,165,0,16254.094000000001
2015-08-26,103.03,69.24399999999969,165,0,17069.194
2015-08-27,105.64,69.24399999999969,165,0,17499.843999999997
2015-08-28,105.62,76.66399999999976,149,1,17089.044
2015-08-31,104.31,76.66399999999976,149,1,16268.854
2015-09-01,101.05,76.66399999999976,149,1,15383.113999999998
2015-09-02,103.9,76.66399999999976,149,1,16082.764
2015-09-03,103.39,76.66399999999976,149,1,15806.774000000001
2015-09-04,102.16,92.00399999999976,150,0,15416.003999999999
2015-09-08,105.04,92.00399999999976,150,0,15848.004
2015-09-09,103.86,92.00399999999976,150,0,15671.003999999999
2015-09-10,104.99,92.00399999999976,150,0,15840.503999999999
2015-09-11,105.57,54.193999999999505,133,1,15820.003999999999
2015-09-14,105.25,54.193999999999505,133,1,15502.444
2015-09-15,106.49,54.193999999999505,133,1,16117.364
2015-09-16,107.09,54.193999999999505,133,1,16322.164
2015-09-17,107.13,54.193999999999505,133,1,16002.483999999999
2015-09-18,105.35,91.24399999999946,120,2,14958.243999999999
2015-09-21,105.68,91.24399999999946,120,2,14697.844
2015-09-22,104.1,91.24399999999946,120,2,13658.243999999999
2015-09-23,104.18,91.24399999999946,120,2,13392.844
2015-09-24,103.8,91.24399999999946,120,2,13272.243999999999
2015-09-25,102.92,33.36399999999958,109,2,12551.644
2015-09-28,99.98,33.36399999999958,109,2,11431.184
2015-09-29,99.47,33.36399999999958,109,2,11200.594
2015-09-30,101.74,33.36399999999958,109,2,11823.024
2015-10-01,102.22,33.36399999999958,109,2,12000.344
2015-10-02,104.01,86.01399999999944,94,3,12562.954
2015-10-05,105.5,86.01399999999944,94,3,13478.014
2015-10-06,105.0,86.01399999999944,94,3,12581.014
2015-10-07,105.63,86.01399999999944,94,3,13265.233999999999
2015-10-08,106.05,86.01399999999944,94,3,13529.713999999998
2015-10-09,106.53,67.8439999999996,83,3,13359.833999999999
2015-10-12,106.79,67.8439999999996,83,3,13531.413999999999
2015-10-13,106.1,67.8439999999996,83,3,12299.143999999998
2015-10-14,105.93,67.8439999999996,83,3,11635.034
2015-10-15,107.67,67.8439999999996,83,3,14579.454
2015-10-16,108.12,0.30399999999963256,75,4,15334.304
2015-10-19,108.74,0.30399999999963256,75,4,16130.804
2015-10-20,108.18,0.30399999999963256,75,4,14413.804
2015-10-21,107.52,0.30399999999963256,75,4,12939.304
2015-10-22,109.71,0.30399999999963256,75,4,22103.554
2015-10-23,112.78,33.38399999999956,64,5,27401.304
2015-10-26,112.85,33.38399999999956,64,5,28180.784
2015-10-27,113.08,33.38399999999956,64,5,28645.504
2015-10-28,114.02,33.38399999999956,64,5,30005.663999999997
2015-10-29,113.84,33.38399999999956,64,5,31069.144
2015-10-30,113.33,81.8640000000023,108,5,29146.504
2015-11-02,114.61,81.8640000000023,108,5,32984.744000000006
2015-11-03,115.01,81.8640000000023,108,5,33627.944
2015-11-04,115.02,81.8640000000023,108,5,33779.024000000005
2015-11-05,114.71,81.8640000000023,108,5,33245.544
2015-11-06,114.79,21.204000000001543,212,4,31656.684
2015-11-09,113.57,21.204000000001543,212,4,29473.044
2015-11-10,113.28,21.204000000001543,212,4,28386.564000000002
2015-11-11,113.14,21.204000000001543,212,4,28056.884000000002
2015-11-12,112.04,21.204000000001543,212,4,26548.684
2015-11-13,109.84,24.44400000000155,201,2,23952.284000000003
2015-11-16,111.42,24.44400000000155,201,2,25044.864000000005
2015-11-17,111.49,24.44400000000155,201,2,25333.934
2015-11-18,113.63,24.44400000000155,201,2,29089.074
2015-11-19,113.71,24.44400000000155,201,2,29505.154000000002
2015-11-20,114.48,50.04400000000123,231,2,30794.924000000003
2015-11-23,114.15,50.04400000000123,231,2,30093.694000000003
2015-11-24,114.05,50.04400000000123,231,2,29770.594
2015-11-25,114.15,50.04400000000123,231,2,29868.694000000003
2015-11-27,114.31,82.02400000000125,223,3,29798.154000000002
2015-11-30,114.02,82.02400000000125,223,3,29383.484
2015-12-01,115.16,82.02400000000125,223,3,31087.704
2015-12-02,114.45,82.02400000000125,223,3,30029.374000000003
2015-12-03,112.51,82.02400000000125,223,3,27146.754
2015-12-04,115.14,82.02400000000125,223,3,27733.244000000002
2015-12-07,114.62,82.02400000000125,223,3,29642.284000000003
2015-12-08,114.63,82.02400000000125,223,3,29444.514
2015-12-09,112.89,82.02400000000125,223,3,27031.494000000002
2015-12-10,113.4,82.02400000000125,223,3,27495.224000000002
2015-12-11,110.79,71.50400000000127,211,3,25448.194000000003
2015-12-14,111.63,71.50400000000127,211,3,25650.434
2015-12-15,112.31,71.50400000000127,211,3,26168.914
2015-12-16,113.98,71.50400000000127,211,3,27396.284000000003
2015-12-17,112.32,71.50400000000127,211,3,24896.023999999998
2015-12-18,109.83,96.45400000000132,196,2,23373.134000000002
2015-12-21,111.05,96.45400000000132,196,2,24262.254
2015-12-22,111.78,96.45400000000132,196,2,24555.334000000003
2015-12-23,112.61,96.45400000000132,196,2,24943.014000000003
2015-12-24,112.59,52.444000000001324,185,3,24606.594000000005
2015-12-28,112.53,52.444000000001324,185,3,24545.494
2015-12-29,114.3,52.444000000001324,185,3,28047.944000000003
2015-12-30,113.27,52.444000000001324,185,3,25682.394
2015-12-31,111.86,38.54400000000146,175,4,23064.044
2016-01-04,109.5,38.54400000000146,175,4,20501.044
2016-01-05,109.31,38.54400000000146,175,4,19867.794
2016-01-06,108.26,38.54400000000146,175,4,19509.044
2016-01-07,104.87,38.54400000000146,175,4,18465.794
2016-01-08,104.01,-16.45599999999854,175,0,18185.294
2016-01-11,104.33,-16.45599999999854,175,0,18241.294
2016-01-12,105.54,-16.45599999999854,175,0,18453.044
2016-01-13,101.9,-16.45599999999854,175,0,17816.044
2016-01-14,104.07,-16.45599999999854,175,0,18195.794
2016-01-15,100.84,-16.45599999999854,175,0,17630.544
2016-01-19,101.06,-16.45599999999854,175,0,17669.044
2016-01-20,100.75,-16.45599999999854,175,0,17614.794
2016-01-21,100.85,-16.45599999999854,175,0,17632.294
2016-01-22,103.77,32.594000000001415,160,1,17960.794
2016-01-25,102.23,32.594000000001415,160,1,17264.394000000004
2016-01-26,103.15,32.594000000001415,160,1,17586.594
2016-01-27,100.58,32.594000000001415,160,1,16550.394
2016-01-28,102.0,32.594000000001415,160,1,16727.594
2016-01-29,104.13,29.00400000000127,153,2,17535.894
2016-02-01,104.41,29.00400000000127,153,2,17603.734
2016-02-02,102.15,29.00400000000127,153,2,16382.954000000002
2016-02-03,101.66,29.00400000000127,153,2,16107.984
2016-02-04,101.65,29.00400000000127,153,2,15981.454000000002
2016-02-05,98.12,22.66400000000135,135,1,14743.864000000001
2016-02-08,96.62,22.66400000000135,135,1,14141.364000000001
2016-02-09,96.32,22.66400000000135,135,1,14025.864
2016-02-10,96.69,22.66400000000135,135,1,14125.814
2016-02-11,96.55,22.66400000000135,135,1,14081.914
2016-02-12,98.02,56.5040000000015,118,2,14172.864
2016-02-16,100.23,56.5040000000015,118,2,15883.644000000002
2016-02-17,102.5,56.5040000000015,118,2,18901.504
2016-02-18,101.33,56.5040000000015,118,2,17213.444000000003
2016-02-19,101.63,48.454000000001315,103,3,16616.344
2016-02-22,103.28,48.454000000001315,103,3,18811.294
2016-02-23,101.58,48.454000000001315,103,3,16236.194000000001
2016-02-24,102.55,48.454000000001315,103,3,18011.104
2016-02-25,103.56,48.454000000001315,103,3,19340.134000000005
2016-02-26,103.43,7.114000000001397,91,4,18319.244000000002
2016-02-29,102.5,7.114000000001397,91,4,16034.614000000001
2016-03-01,105.79,7.114000000001397,91,4,25109.004
2016-03-02,105.83,7.114000000001397,91,4,24612.644
2016-03-03,105.63,7.114000000001397,91,4,23469.444000000003
2016-03-04,105.67,56.31400000000144,81,5,23165.584000000003
2016-03-07,105.02,56.31400000000144,81,5,20637.934
2016-03-08,104.15,56.31400000000144,81,5,17692.464
2016-03-09,104.82,56.31400000000144,81,5,19196.734000000004
2016-03-10,104.66,56.31400000000144,81,5,16908.774
2016-03-11,106.49,0.22400000000106957,122,5,24692.004
2016-03-14,106.67,0.22400000000106957,122,5,25288.964
2016-03-15,106.63,0.22400000000106957,122,5,24784.084
2016-03-16,107.58,0.22400000000106957,122,5,27974.984
2016-03-17,107.52,0.22400000000106957,122,5,28442.664
2016-03-18,107.37,53.28400000000238,184,5,27659.364000000005
2016-03-21,107.79,53.28400000000238,184,5,28861.644000000004
2016-03-22,108.12,53.28400000000238,184,5,30597.364000000005
2016-03-23,107.23,53.28400000000238,184,5,25908.604000000003
2016-03-24,107.26,101.98400000000231,189,5,24574.124000000003
2016-03-28,107.11,101.98400000000231,189,5,23520.774000000005
2016-03-29,108.83,101.98400000000231,189,5,28395.854000000003
2016-03-30,109.36,101.98400000000231,189,5,30771.024000000005
2016-03-31,109.2,101.98400000000231,189,5,30015.784000000003
2016-04-01,110.36,95.78400000000238,234,5,36570.024000000005
2016-04-04,109.94,95.78400000000238,234,5,33646.744000000006
2016-04-05,108.88,95.78400000000238,234,5,30773.704
2016-04-06,110.67,95.78400000000238,234,5,36742.564
2016-04-07,109.08,95.78400000000238,234,5,30620.504000000004
2016-04-08,109.0,20.784000000002152,224,5,29311.784000000003
2016-04-11,108.6,20.784000000002152,224,5,28097.184
2016-04-12,109.51,20.784000000002152,224,5,29826.024000000005
2016-04-13,110.91,20.784000000002152,224,5,34914.624
2016-04-14,110.92,20.784000000002152,224,5,34566.864
2016-04-15,110.64,13.22400000000215,228,5,32464.144000000004
2016-04-18,111.23,13.22400000000215,228,5,32848.664000000004
2016-04-19,110.55,13.22400000000215,228,5,30468.624
2016-04-20,110.64,13.22400000000215,228,5,30639.144000000004
2016-04-21,110.65,13.22400000000215,228,5,28291.424000000003
2016-04-22,108.98,39.50400000000218,217,4,25738.164
2016-04-25,108.98,39.50400000000218,217,4,25813.164
2016-04-26,108.45,39.50400000000218,217,4,24948.154000000002
2016-04-27,107.58,39.50400000000218,217,4,24034.364
2016-04-28,106.28,39.50400000000218,217,4,23377.264000000003
2016-04-29,105.72,9.204000000001997,207,1,22693.244000000002
2016-05-02,106.72,9.204000000001997,207,1,23150.244000000002
2016-05-03,105.73,9.204000000001997,207,1,22645.314000000002
2016-05-04,105.05,9.204000000001997,207,1,22304.554
2016-05-05,105.02,9.204000000001997,207,1,22173.344
2016-05-06,105.58,88.08400000000165,196,2,22081.764000000003
2016-05-09,105.88,88.08400000000165,196,2,22065.564000000002
2016-05-10,107.33,88.08400000000165,196,2,23249.764000000003
2016-05-11,106.36,88.08400000000165,196,2,22259.644000000004
2016-05-12,105.89,88.08400000000165,196,2,21817.524
2016-05-13,105.5,41.084000000001424,185,3,21308.584000000003
2016-05-16,106.82,41.084000000001424,185,3,22652.784
2016-05-17,105.48,41.084000000001424,185,3,21004.884000000002
2016-05-18,105.86,41.084000000001424,185,3,21200.184
2016-05-19,105.31,41.084000000001424,185,3,20773.434000000005
2016-05-20,106.47,77.84400000000142,177,3,21473.034
2016-05-23,106.33,77.84400000000142,177,3,20873.254
2016-05-24,108.46,77.84400000000142,177,3,24550.264
2016-05-25,109.24,77.84400000000142,177,3,26213.324
2016-05-26,109.56,77.84400000000142,177,3,27044.964
2016-05-27,110.13,46.64400000000137,167,4,28113.354
2016-05-31,110.34,46.64400000000137,167,4,29023.424
2016-06-01,110.35,46.64400000000137,167,4,28850.094
2016-06-02,110.58,46.64400000000137,167,4,29563.504
2016-06-03,110.06,89.74400000000128,157,5,26694.164000000004
2016-06-06,110.46,89.74400000000128,157,5,28381.964
2016-06-07,110.18,89.74400000000128,157,5,26688.004000000004
2016-06-08,110.37,89.74400000000128,157,5,27017.834000000003
2016-06-09,110.19,89.74400000000128,157,5,26114.574
2016-06-10,108.94,90.9640000000013,144,5,20978.324
2016-06-13,108.03,90.9640000000013,144,5,18797.284
2016-06-14,108.03,90.9640000000013,144,5,18347.284
2016-06-15,107.72,90.9640000000013,144,5,17327.644
2016-06-16,108.04,90.9640000000013,144,5,17273.724000000002
2016-06-17,106.49,18.36400000000117,134,2,15613.024000000001
2016-06-20,107.16,18.36400000000117,134,2,15727.804
2016-06-21,107.5,18.36400000000117,134,2,16048.364000000001
2016-06-22,107.24,18.36400000000117,134,2,16263.524000000001
2016-06-23,108.77,18.36400000000117,134,2,17168.544
2016-06-24,104.29,13.42400000000157,120,2,13978.224000000002
2016-06-27,102.22,13.42400000000157,120,2,12729.824
2016-06-28,104.46,13.42400000000157,120,2,13473.624
2016-06-29,106.31,13.42400000000157,120,2,14720.624000000002
2016-06-30,107.54,13.42400000000157,120,2,15668.224000000002
2016-07-01,108.08,102.8840000000016,108,3,15975.524000000001
2016-07-05,107.42,102.8840000000016,108,3,14779.244000000002
2016-07-06,108.3,102.8840000000016,108,3,16049.284000000001
2016-07-07,108.62,102.8840000000016,108,3,16508.844000000005
2016-07-08,110.3,88.08400000000165,99,4,19282.784
2016-07-11,110.93,88.08400000000165,99,4,21670.154000000002
2016-07-12,111.49,88.08400000000165,99,4,23000.594
2016-07-13,111.22,88.08400000000165,99,4,22298.864
2016-07-14,111.98,88.08400000000165,99,4,24449.104000000003
2016-07-15,111.8,24.98400000000163,91,5,23573.784
2016-07-18,112.54,24.98400000000163,91,5,25916.124000000003
2016-07-19,112.13,24.98400000000163,91,5,25228.814000000002
2016-07-20,113.44,24.98400000000163,91,5,29923.024
2016-07-21,113.18,24.98400000000163,91,5,29849.364
2016-07-22,113.65,57.08399999999983,137,5,31527.134000000002
2016-07-25,113.66,57.08399999999983,137,5,31303.504
2016-07-26,113.79,57.08399999999983,137,5,31746.314000000002
2016-07-27,114.58,57.08399999999983,137,5,33054.543999999994
2016-07-28,114.98,57.08399999999983,137,5,34459.344
2016-07-29,115.23,91.5039999999999,183,5,35978.594
2016-08-01,115.84,91.5039999999999,183,5,37540.224
2016-08-02,114.96,91.5039999999999,183,5,35054.184
2016-08-03,115.34,91.5039999999999,183,5,35998.724
2016-08-04,115.67,91.5039999999999,183,5,37309.114
2016-08-05,116.78,25.583999999997104,272,4,40114.744
2016-08-08,116.65,25.583999999997104,272,4,39529.384
2016-08-09,116.92,25.583999999997104,272,4,40602.824
2016-08-10,116.62,25.583999999997104,272,4,39746.223999999995
2016-08-11,117.12,25.583999999997104,272,4,41182.223999999995
2016-08-12,117.2,91.38399999999729,308,4,41288.984
2016-08-15,117.7,91.38399999999729,308,4,42542.984
2016-08-16,117.05,91.38399999999729,308,4,40767.784
2016-08-17,117.26,91.38399999999729,308,4,41032.464
2016-08-18,117.29,91.38399999999729,308,4,40466.704
2016-08-19,117.26,12.443999999997345,302,5,39524.964
2016-08-22,117.35,12.443999999997345,302,5,39527.14399999999
2016-08-23,117.56,12.443999999997345,302,5,40040.564
2016-08-24,116.8,12.443999999997345,302,5,37761.043999999994
2016-08-25,116.61,12.443999999997345,302,5,37178.664
2016-08-26,116.78,99.18399999999735,294,4,35907.50399999999
2016-08-29,116.94,99.18399999999735,294,4,35729.543999999994
2016-08-30,116.56,99.18399999999735,294,4,35092.82399999999
2016-08-31,116.44,99.18399999999735,294,4,35132.543999999994
2016-09-01,116.74,99.18399999999735,294,4,35220.74399999999
2016-09-02,117.12,71.5239999999975,287,3,35009.964
2016-09-06,117.85,71.5239999999975,287,3,35794.473999999995
2016-09-07,117.92,71.5239999999975,287,3,35614.564
2016-09-08,117.23,71.5239999999975,287,3,34716.534
2016-09-09,114.28,27.543999999997595,278,2,32847.384
2016-09-12,116.33,27.543999999997595,278,2,34592.284
2016-09-13,115.29,27.543999999997595,278,2,33878.164000000004
2016-09-14,115.84,27.543999999997595,278,2,34256.064
2016-09-15,117.64,27.543999999997595,278,2,36206.464
2016-09-16,117.29,83.36399999999765,270,3,35876.664000000004
2016-09-19,116.78,83.36399999999765,270,3,34913.96399999999
2016-09-20,117.0,83.36399999999765,270,3,35248.364
2016-09-21,118.15,83.36399999999765,270,3,36883.864
2016-09-22,119.09,83.36399999999765,270,3,38262.664
2016-09-23,118.33,22.50399999999763,262,4,36274.964
2016-09-26,117.34,22.50399999999763,262,4,34515.584
2016-09-27,118.5,22.50399999999763,262,4,36369.504
2016-09-28,118.7,22.50399999999763,262,4,36496.903999999995
2016-09-29,117.84,22.50399999999763,262,4,35321.584
2016-09-30,118.72,108.48399999999765,253,5,35994.644
2016-10-03,118.55,108.48399999999765,253,5,35401.63399999999
2016-10-04,118.37,108.48399999999765,253,5,34731.094
2016-10-05,118.79,108.48399999999765,253,5,35387.354
2016-10-06,118.73,108.48399999999765,253,5,34722.174
2016-10-07,118.47,90.1239999999973,241,5,33116.394
2016-10-10,119.22,90.1239999999973,241,5,35047.144
2016-10-11,117.52,90.1239999999973,241,5,30612.443999999996
2016-10-12,117.42,90.1239999999973,241,5,29738.343999999997
2016-10-13,117.0,90.1239999999973,241,5,29012.123999999996
2016-10-14,117.14,116.16399999999726,230,2,28683.363999999998
2016-10-17,116.82,116.16399999999726,230,2,28384.763999999996
2016-10-18,117.86,116.16399999999726,230,2,28998.963999999996
2016-10-19,117.85,116.16399999999726,230,2,28821.663999999997
2016-10-20,117.71,116.16399999999726,230,2,28764.463999999996
2016-10-21,118.15,72.01399999999717,221,3,28608.163999999997
2016-10-24,119.57,72.01399999999717,221,3,30721.983999999993
2016-10-25,119.19,72.01399999999717,221,3,30013.003999999994
2016-10-26,118.38,72.01399999999717,221,3,28783.993999999995
2016-10-27,117.84,72.01399999999717,221,3,27589.653999999995
2016-10-28,117.1,18.813999999996895,213,3,27236.113999999998
2016-10-31,116.99,18.813999999996895,213,3,27137.683999999997
2016-11-01,116.11,18.813999999996895,213,3,26125.244
2016-11-02,115.18,18.813999999996895,213,3,25177.154
2016-11-03,114.05,18.813999999996895,213,3,24736.463999999996
2016-11-04,113.65,52.61399999999685,201,1,24046.264
2016-11-07,116.35,52.61399999999685,201,1,25688.963999999996
2016-11-08,117.11,52.61399999999685,201,1,26241.724
2016-11-09,117.65,52.61399999999685,201,1,26475.264
2016-11-10,115.75,52.61399999999685,201,1,24843.363999999998
2016-11-11,115.8,3.1139999999968495,191,2,24745.913999999997
2016-11-14,114.63,3.1139999999968495,191,2,23272.443999999996
2016-11-15,116.22,3.1139999999968495,191,2,24751.134
2016-11-16,116.91,3.1139999999968495,191,2,25332.923999999995
2016-11-17,117.76,3.1139999999968495,191,2,26545.273999999998
2016-11-18,117.32,101.49399999999673,182,3,25228.733999999993
2016-11-21,118.54,101.49399999999673,182,3,27225.773999999998
2016-11-22,118.9,101.49399999999673,182,3,28066.293999999994
2016-11-23,118.42,101.49399999999673,182,3,26378.933999999994
2016-11-25,118.8,69.3939999999966,174,4,26765.593999999997
2016-11-28,118.53,69.3939999999966,174,4,26143.613999999998
2016-11-29,118.94,69.3939999999966,174,4,27064.953999999998
2016-11-30,117.5,69.3939999999966,174,4,23364.393999999997
2016-12-01,115.47,69.3939999999966,174,4,20986.173999999995
2016-12-02,115.7,35.393999999996595,169,1,20388.693999999996
2016-12-05,116.6,35.393999999996595,169,1,20740.793999999994
2016-12-06,116.88,35.393999999996595,169,1,20763.113999999994
2016-12-07,118.36,35.393999999996595,169,1,21713.233999999997
2016-12-08,118.57,35.393999999996595,169,1,21948.723999999995
2016-12-09,119.5,8.893999999996595,161,2,22298.393999999997
2016-12-12,118.96,8.893999999996595,161,2,21711.453999999994
2016-12-13,120.46,8.893999999996595,161,2,23702.953999999994
2016-12-14,120.21,8.893999999996595,161,2,23487.703999999994
2016-12-15,120.4,8.893999999996595,161,2,23568.293999999998
2016-12-16,119.6,72.39399999999682,151,3,22506.993999999995
2016-12-19,120.09,72.39399999999682,151,3,23080.983999999997
2016-12-20,120.55,72.39399999999682,151,3,23825.443999999996
2016-12-21,120.46,72.39399999999682,151,3,23436.853999999996
2016-12-22,120.12,72.39399999999682,151,3,22635.513999999996
2016-12-23,120.2,26.49399999999696,143,4,22590.093999999997
2016-12-27,120.82,26.49399999999696,143,4,23703.753999999994
2016-12-28,119.88,26.49399999999696,143,4,21719.333999999995
2016-12-29,119.71,26.49399999999696,143,4,20870.023999999998
2016-12-30,118.48,39.77399999999693,132,4,18354.134
2017-01-03,119.54,39.77399999999693,132,4,19594.053999999996
2017-01-04,120.19,39.77399999999693,132,4,20654.854
2017-01-05,120.87,39.77399999999693,132,4,22794.613999999998
2017-01-06,121.93,97.57399999999598,172,4,26794.534
2017-01-09,122.33,97.57399999999598,172,4,27763.333999999995
2017-01-10,122.6,97.57399999999598,172,4,28034.773999999998
2017-01-11,122.93,97.57399999999598,172,4,28966.534
2017-01-12,122.74,97.57399999999598,172,4,27683.853999999996
2017-01-13,123.16,27.19399999999598,165,5,28998.593999999994
2017-01-17,122.79,27.19399999999598,165,5,26537.543999999998
2017-01-18,123.04,27.19399999999598,165,5,27203.793999999998
2017-01-19,122.98,27.19399999999598,165,5,27018.893999999997
2017-01-20,123.25,56.94399999999598,162,5,26173.443999999996
2017-01-23,123.35,56.94399999999598,162,5,26089.643999999997
2017-01-24,124.18,56.94399999999598,162,5,28774.103999999996
2017-01-25,125.43,56.94399999999598,162,5,34626.60399999999
2017-01-26,125.56,56.94399999999598,162,5,34447.664
2017-01-27,125.8,21.14399999999614,188,5,36171.543999999994
2017-01-30,124.82,21.14399999999614,188,5,32812.304
2017-01-31,124.57,21.14399999999614,188,5,31940.303999999996
2017-02-01,125.43,21.14399999999614,188,5,34926.984
2017-02-02,125.32,21.14399999999614,188,5,33031.304
2017-02-03,125.68,93.74399999999787,243,5,35208.984
2017-02-06,125.83,93.74399999999787,243,5,35045.433999999994
2017-02-07,126.29,93.74399999999787,243,5,36657.214
2017-02-08,126.5,93.74399999999787,243,5,37858.244
2017-02-09,126.96,93.74399999999787,243,5,40045.024
2017-02-10,127.38,82.34399999999823,273,5,42057.083999999995
2017-02-13,128.1,82.34399999999823,273,5,45353.64399999999
2017-02-14,128.53,82.34399999999823,273,5,47146.034
2017-02-15,129.29,82.34399999999823,273,5,51453.513999999996
2017-02-16,129.25,82.34399999999823,273,5,51067.594
2017-02-17,129.81,125.04399999999805,353,4,53947.974
2017-02-21,130.45,125.04399999999805,353,4,55773.894
2017-02-22,130.5,125.04399999999805,353,4,56016.543999999994
2017-02-23,130.01,125.04399999999805,353,4,54493.57399999999
2017-02-24,130.26,34.62399999999775,345,5,55099.32399999999
2017-02-27,130.42,34.62399999999775,345,5,55604.52399999999
2017-02-28,130.02,34.62399999999775,345,5,53841.524
2017-03-01,131.44,34.62399999999775,345,5,60006.42399999999
2017-03-02,130.78,34.62399999999775,345,5,57253.723999999995
2017-03-03,131.02,76.8439999999955,409,4,57839.024000000005
2017-03-06,130.73,76.8439999999955,409,4,56745.41399999999
2017-03-07,130.51,76.8439999999955,409,4,56005.433999999994
2017-03-08,130.74,76.8439999999955,409,4,56549.504
2017-03-09,130.84,76.8439999999955,409,4,56715.404
2017-03-10,131.39,89.07399999999541,402,5,57107.853999999985
2017-03-13,131.61,89.07399999999541,402,5,57821.294
2017-03-14,131.29,89.07399999999541,402,5,56617.65399999999
2017-03-15,132.1,89.07399999999541,402,5,59443.27399999999
2017-03-16,132.01,89.07399999999541,402,5,58307.09399999999
2017-03-17,131.69,102.2439999999956,409,5,56588.454
2017-03-20,131.81,102.2439999999956,409,5,56412.534
2017-03-21,129.81,102.2439999999956,409,5,53744.534
2017-03-22,130.69,102.2439999999956,409,5,54804.454
2017-03-23,130.36,102.2439999999956,409,5,54594.484000000004
2017-03-24,130.63,57.28399999999556,401,5,54314.91399999999
2017-03-27,130.84,57.28399999999556,401,5,53974.123999999996
2017-03-28,131.64,57.28399999999556,401,5,54694.923999999985
2017-03-29,132.25,57.28399999999556,401,5,55689.53399999999
2017-03-30,132.47,57.28399999999556,401,5,55527.75399999999
2017-03-31,132.38,61.44399999999541,394,4,54969.164
2017-04-03,132.3,61.44399999999541,394,4,54637.644
2017-04-04,132.51,61.44399999999541,394,4,54620.38399999999
2017-04-05,131.97,61.44399999999541,394,4,53707.623999999996
2017-04-06,132.04,61.44399999999541,394,4,53435.20399999999
2017-04-07,131.97,8.64399999999523,384,3,52785.12399999999
2017-04-10,132.02,8.64399999999523,384,3,53004.324
2017-04-11,131.45,8.64399999999523,384,3,52285.44399999999
2017-04-12,130.92,8.64399999999523,384,3,51506.92399999999
2017-04-13,130.4,6.4439999999954125,377,3,50742.244
2017-04-17,131.48,6.4439999999954125,377,3,51349.403999999995
2017-04-18,131.28,6.4439999999954125,377,3,51124.00399999999
2017-04-19,131.49,6.4439999999954125,377,3,51353.174
2017-04-20,132.59,6.4439999999954125,377,3,52892.873999999996
2017-04-21,132.56,32.10399999999572,366,4,51574.064
2017-04-24,134.16,32.10399999999572,366,4,54159.66399999999
2017-04-25,135.13,32.10399999999572,366,4,58064.683999999994
2017-04-26,134.94,32.10399999999572,366,4,56845.144
2017-04-27,135.75,32.10399999999572,366,4,61891.60399999999
2017-04-28,135.99,33.29399999999532,385,4,61439.443999999996
2017-05-01,137.2,33.29399999999532,385,4,65380.29399999999
2017-05-02,137.43,33.29399999999532,385,4,66093.844
2017-05-03,136.99,33.29399999999532,385,4,64224.443999999996
2017-05-04,137.04,33.29399999999532,385,4,64943.69399999999
2017-05-05,137.54,79.55399999999645,416,4,66721.19399999999
2017-05-08,137.84,79.55399999999645,416,4,67370.994
2017-05-09,138.32,79.55399999999645,416,4,69145.674
2017-05-10,138.4,79.55399999999645,416,4,69403.954
2017-05-11,138.29,79.55399999999645,416,4,69333.19399999999
2017-05-12,138.6,52.55399999999463,461,4,70672.154
2017-05-15,139.04,52.55399999999463,461,4,71249.99399999999
2017-05-16,139.62,52.55399999999463,461,4,72692.374
2017-05-17,136.07,52.55399999999463,461,4,66105.824
2017-05-18,137.26,52.55399999999463,461,4,67779.41399999999
2017-05-19,137.84,9.933999999994626,454,5,67814.294
2017-05-22,139.0,9.933999999994626,454,5,70965.934
2017-05-23,139.14,9.933999999994626,454,5,71204.49399999999
2017-05-24,139.78,9.933999999994626,454,5,72995.054
2017-05-25,140.97,9.933999999994626,454,5,77835.31399999998
2017-05-26,141.22,51.63399999999365,469,5,78508.81399999998
2017-05-30,141.34,51.63399999999365,469,5,78290.094
2017-05-31,141.29,51.63399999999365,469,5,79216.64399999999
2017-06-01,141.84,51.63399999999365,469,5,81599.594
2017-06-02,143.46,104.8539999999939,537,4,87292.874
2017-06-05,143.43,104.8539999999939,537,4,87456.764
2017-06-06,142.86,104.8539999999939,537,4,86040.674
2017-06-07,143.42,104.8539999999939,537,4,87271.39399999999
2017-06-08,143.57,104.8539999999939,537,4,87481.94399999999
2017-06-09,139.98,56.313999999993484,510,4,76501.11399999999
2017-06-12,139.23,56.313999999993484,510,4,73768.61399999999
2017-06-13,140.36,56.313999999993484,510,4,74954.914
2017-06-14,139.75,56.313999999993484,510,4,73568.814
2017-06-15,139.13,56.313999999993484,510,4,72222.614
2017-06-16,138.15,71.86399999999412,493,2,70579.81399999998
2017-06-19,140.46,71.86399999999412,493,2,73883.644
2017-06-20,139.36,71.86399999999412,493,2,72021.34400000001
2017-06-21,140.74,71.86399999999412,493,2,74801.68400000001
2017-06-22,140.7,71.86399999999412,493,2,74001.96399999998
2017-06-23,141.24,20.143999999993866,471,2,73914.18400000001
2017-06-26,140.58,20.143999999993866,471,2,71898.32400000001
2017-06-27,138.03,20.143999999993866,471,2,67287.27399999999
2017-06-28,140.02,20.143999999993866,471,2,70644.564
2017-06-29,137.59,20.143999999993866,471,2,66200.034
2017-06-30,137.64,127.86399999999367,448,2,65310.58399999999
2017-07-03,136.190002,127.86399999999367,448,2,62735.98489599999
2017-07-05,137.53,127.86399999999367,448,2,64326.304
2017-07-06,136.29,127.86399999999367,448,2,62450.78399999999
2017-07-07,137.76,17.823999999994157,427,2,62966.34399999999
2017-07-10,138.66,17.823999999994157,427,2,64780.64399999999
2017-07-11,139.05,17.823999999994157,427,2,65937.174
2017-07-12,140.7,17.823999999994157,427,2,70161.72399999999
2017-07-13,141.01,17.823999999994157,427,2,70459.09399999998
2017-07-14,142.12,125.84399999999414,406,3,73391.564
2017-07-17,142.19,125.84399999999414,406,3,74629.984
2017-07-18,143.14,125.84399999999414,406,3,78150.684
2017-07-19,143.98,125.84399999999414,406,3,81076.72399999999
2017-07-20,144.17,125.84399999999414,406,3,82968.864
2017-07-21,144.11,63.32399999999461,388,4,81553.004
2017-07-24,144.77,63.32399999999461,388,4,83954.084
2017-07-25,144.4,63.32399999999461,388,4,82490.524
2017-07-26,144.87,63.32399999999461,388,4,84047.88399999999
2017-07-27,143.96,63.32399999999461,388,4,78139.804
2017-07-28,143.84,105.94399999999496,370,5,78681.744
2017-07-31,143.23,105.94399999999496,370,5,73231.044
2017-08-01,143.56,105.94399999999496,370,5,72033.144
2017-08-02,143.95,105.94399999999496,370,5,75587.44399999999
2017-08-03,143.39,105.94399999999496,370,5,69715.24399999999
2017-08-04,143.65,89.39399999999478,387,4,68111.944
2017-08-07,144.56,89.39399999999478,387,4,72699.114
2017-08-08,144.31,89.39399999999478,387,4,70622.364
2017-08-09,144.12,89.39399999999478,387,4,70438.834
2017-08-10,141.03,89.39399999999478,387,4,56098.00399999999
2017-08-11,142.1,51.1939999999945,369,2,56226.094
2017-08-14,143.93,51.1939999999945,369,2,58771.364
2017-08-15,144.03,51.1939999999945,369,2,58313.263999999996
2017-08-16,144.28,51.1939999999945,369,2,58460.513999999996
2017-08-17,141.33,51.1939999999945,369,2,54291.964
2017-08-18,141.23,124.02399999999398,348,2,53067.063999999984
2017-08-21,141.05,124.02399999999398,348,2,52399.424
2017-08-22,143.2,124.02399999999398,348,2,55457.623999999996
2017-08-23,142.69,124.02399999999398,348,2,53905.144
2017-08-24,142.27,124.02399999999398,348,2,53318.984
2017-08-25,141.97,95.86399999999367,326,3,51603.083999999995
2017-08-28,142.41,95.86399999999367,326,3,51691.52399999999
2017-08-29,142.97,95.86399999999367,326,3,52974.083999999995
2017-08-30,144.65,95.86399999999367,326,3,59351.763999999996
2017-08-31,146.2,95.86399999999367,326,3,66072.06399999998
2017-09-01,146.0,88.36399999999321,312,4,63350.363999999994
2017-09-05,144.69,88.36399999999321,312,4,56671.64399999999
2017-09-06,145.13,88.36399999999321,312,4,57963.92399999999
2017-09-07,145.47,88.36399999999321,312,4,59115.00399999999
2017-09-08,144.21,52.723999999992884,296,4,51648.884
2017-09-11,145.87,52.723999999992884,296,4,57805.244
2017-09-12,146.22,52.723999999992884,296,4,59503.844
2017-09-13,146.42,52.723999999992884,296,4,58903.043999999994
2017-09-14,145.56,52.723999999992884,296,4,52433.484
2017-09-15,146.06,122.44399999999268,284,4,53703.484
2017-09-18,145.55,122.44399999999268,284,4,51908.644
2017-09-19,145.8,122.44399999999268,284,4,52419.644
2017-09-20,145.35,122.44399999999268,284,4,48441.844
2017-09-21,144.46,122.44399999999268,284,4,44229.083999999995
2017-09-22,144.32,67.88399999999228,267,4,42781.323999999986
2017-09-25,142.8,67.88399999999228,267,4,39955.484
2017-09-26,143.17,67.88399999999228,267,4,39944.27399999999
2017-09-27,144.46,67.88399999999228,267,4,42323.70399999999
2017-09-28,144.41,67.88399999999228,267,4,41320.35399999999
2017-09-29,145.45,103.43399999999201,248,4,42225.03399999999
2017-10-02,145.58,103.43399999999201,248,4,41102.274
2017-10-03,145.89,103.43399999999201,248,4,41344.15399999999
2017-10-04,146.03,103.43399999999201,248,4,41543.873999999996
2017-10-05,147.46,103.43399999999201,248,4,47673.513999999996
2017-10-06,147.66,26.51399999999194,235,5,46441.61399999999
2017-10-09,147.49,26.51399999999194,235,5,45851.66399999999
2017-10-10,147.6,26.51399999999194,235,5,45052.513999999996
2017-10-11,148.04,26.51399999999194,235,5,46255.91399999999
2017-10-12,147.77,26.51399999999194,235,5,44597.46399999999
2017-10-13,148.34,116.97399999999197,216,5,45853.41399999999
2017-10-16,148.85,116.97399999999197,216,5,49318.57399999999
2017-10-17,149.04,116.97399999999197,216,5,49029.61399999999
2017-10-18,148.86,116.97399999999197,216,5,47065.734
2017-10-19,148.31,116.97399999999197,216,5,43756.933999999994
2017-10-20,148.71,37.20399999999199,203,5,44140.33399999999
2017-10-23,147.74,37.20399999999199,203,5,38113.42399999999
2017-10-24,147.99,37.20399999999199,203,5,38604.17399999999
2017-10-25,147.43,37.20399999999199,203,5,36565.49399999999
2017-10-26,146.96,37.20399999999199,203,5,35920.08399999999
2017-10-27,151.24,46.08399999998983,266,5,65245.92399999999
2017-10-30,151.58,46.08399999998983,266,5,66491.364
2017-10-31,152.15,46.08399999998983,266,5,71647.984
2017-11-01,152.1,46.08399999998983,266,5,69709.68399999998
2017-11-02,151.81,46.08399999998983,266,5,67157.544
2017-11-03,153.27,147.0739999999878,329,5,77137.90399999998
2017-11-06,153.79,147.0739999999878,329,5,81323.98399999998
2017-11-07,153.88,147.0739999999878,329,5,82123.59399999998
2017-11-08,154.5,147.0739999999878,329,5,88432.57399999998
2017-11-09,153.69,147.0739999999878,329,5,81786.08399999999
2017-11-10,153.68,91.31399999998757,361,5,78944.794
2017-11-13,153.87,91.31399999998757,361,5,78023.38399999999
2017-11-14,153.31,91.31399999998757,361,5,73531.22399999999
2017-11-15,152.59,91.31399999998757,361,5,68046.30399999999
2017-11-16,154.54,91.31399999998757,361,5,83105.25399999999
2017-11-17,153.95,82.66399999998794,408,5,74554.264
2017-11-20,153.83,82.66399999998794,408,5,72745.304
2017-11-21,155.5,82.66399999998794,408,5,83271.66399999999
2017-11-22,155.69,82.66399999998794,408,5,84724.18399999998
2017-11-24,156.26,124.2639999999883,448,5,85968.74399999998
2017-11-27,156.19,124.2639999999883,448,5,84562.38399999999
2017-11-28,156.59,124.2639999999883,448,5,86391.584
2017-11-29,153.86,124.2639999999883,448,5,74058.544
2017-11-30,155.15,124.2639999999883,448,5,77276.46399999998
2017-12-01,154.49,101.06399999998894,428,5,75022.78399999999
2017-12-04,152.71,101.06399999998894,428,5,69310.94399999999
2017-12-05,152.81,101.06399999998894,428,5,68638.74399999999
2017-12-06,153.5,101.06399999998894,428,5,69814.06399999998
2017-12-07,154.02,101.06399999998894,428,5,70806.62399999998
2017-12-08,154.7,92.36399999998866,409,5,69249.66399999999
2017-12-11,155.9,92.36399999998866,409,5,72820.46399999999
2017-12-12,155.69,92.36399999998866,409,5,71249.574
2017-12-13,155.99,92.36399999998866,409,5,71812.27399999999
2017-12-14,155.88,92.36399999998866,409,5,70227.28399999999
2017-12-15,157.65,106.7639999999883,393,5,78728.21399999999
2017-12-18,158.64,106.7639999999883,393,5,86432.28399999999
2017-12-19,157.7,106.7639999999883,393,5,77647.86399999999
2017-12-20,157.53,106.7639999999883,393,5,74171.05399999999
2017-12-21,157.55,106.7639999999883,393,5,72583.91399999999
2017-12-22,157.37,92.55399999998826,376,4,68888.674
2017-12-26,156.52,92.55399999998826,376,4,64499.07399999999
2017-12-27,156.54,92.55399999998826,376,4,64341.59399999998
2017-12-28,156.73,92.55399999998826,376,4,63973.033999999985
2017-12-29,155.76,96.7339999999881,358,3,58883.813999999984
2018-01-02,158.49,96.7339999999881,358,3,67946.154
2018-01-03,160.03,96.7339999999881,358,3,76692.47399999999
2018-01-04,160.31,96.7339999999881,358,3,78772.71399999999
2018-01-05,161.92,76.71399999998812,339,4,87802.59399999998
2018-01-08,162.55,76.71399999998812,339,4,92141.16399999999
2018-01-09,162.56,76.71399999998812,339,4,92309.55399999999
2018-01-10,162.18,76.71399999998812,339,4,91520.734
2018-01-11,163.29,76.71399999998812,339,4,99047.02399999998
2018-01-12,164.49,91.65399999999136,433,4,104425.824
2018-01-16,164.02,91.65399999999136,433,4,102187.314
2018-01-17,165.79,91.65399999999136,433,4,110103.72399999999
2018-01-18,165.82,91.65399999999136,433,4,110171.71399999998
2018-01-19,166.34,10.473999999987427,510,4,113223.874
2018-01-22,168.12,10.473999999987427,510,4,122711.674
2018-01-23,169.51,10.473999999987427,510,4,126610.57399999998
2018-01-24,168.41,10.473999999987427,510,4,122694.574
2018-01-25,168.35,10.473999999987427,510,4,122223.97399999999
2018-01-26,170.93,118.30399999999099,579,4,133901.77399999998
2018-01-29,170.1,118.30399999999099,579,4,130231.20399999998
2018-01-30,168.7,118.30399999999099,579,4,124360.60399999998
2018-01-31,169.4,118.30399999999099,579,4,113490.904
2018-02-01,167.96,118.30399999999099,579,4,114252.144
2018-02-02,164.61,74.77399999999125,552,4,100729.49399999999
2018-02-05,158.12,74.77399999999125,552,4,87412.014
2018-02-06,162.31,74.77399999999125,552,4,93189.89399999999
2018-02-07,160.21,74.77399999999125,552,4,88510.69399999999
2018-02-08,153.45,74.77399999999125,552,4,84779.17399999998
2018-02-09,156.1,-211.22600000000875,552,0,85955.97399999999
2018-02-12,158.87,-211.22600000000875,552,0,87485.014
2018-02-13,159.69,-211.22600000000875,552,0,87937.654
2018-02-14,162.68,-211.22600000000875,552,0,89588.13399999999
2018-02-15,165.7,-211.22600000000875,552,0,91255.17399999998
2018-02-16,164.96,101.15399999999136,524,1,89620.194
2018-02-20,165.29,101.15399999999136,524,1,90068.11399999999
2018-02-21,164.82,101.15399999999136,524,1,89271.83399999999
2018-02-22,164.8,101.15399999999136,524,1,89426.354
2018-02-23,168.17,34.883999999991374,505,2,92770.73399999998
2018-02-26,170.4,34.883999999991374,505,2,99946.88399999999
2018-02-27,168.29,34.883999999991374,505,2,94701.33399999999
2018-02-28,167.21,34.883999999991374,505,2,91845.934
2018-03-01,164.48,34.883999999991374,505,2,86892.28399999999
2018-03-02,165.99,157.09399999999187,476,3,85493.334
2018-03-05,167.83,157.09399999999187,476,3,90109.174
2018-03-06,168.54,157.09399999999187,476,3,92702.13399999999
2018-03-07,168.93,157.09399999999187,476,3,93162.774
2018-03-08,169.86,157.09399999999187,476,3,96905.454
2018-03-09,173.16,10.353999999992084,465,4,110394.75399999999
2018-03-12,174.08,10.353999999992084,465,4,117312.554
2018-03-13,171.71,10.353999999992084,465,4,104825.504
2018-03-14,171.68,10.353999999992084,465,4,101621.55399999999
2018-03-15,171.53,10.353999999992084,465,4,100506.80399999999
2018-03-16,171.02,48.77399999999216,444,4,93856.654
2018-03-19,167.1,48.77399999999216,444,4,80236.17399999998
2018-03-20,167.65,48.77399999999216,444,4,79325.374
2018-03-21,166.92,48.77399999999216,444,4,77296.25399999999
2018-03-22,162.8,48.77399999999216,444,4,72991.974
2018-03-23,158.51,30.1839999999911,403,1,68639.71399999999
2018-03-26,164.4,30.1839999999911,403,1,77008.38399999999
2018-03-27,159.08,30.1839999999911,403,1,69199.424
2018-03-28,157.25,30.1839999999911,403,1,65381.933999999994
2018-03-29,160.13,123.10399999999117,369,2,68561.074
2018-04-02,155.51,123.10399999999117,369,2,61301.29399999999
2018-04-03,157.26,123.10399999999117,369,2,62992.04399999999
2018-04-04,159.74,123.10399999999117,369,2,66272.16399999999
2018-04-05,160.65,123.10399999999117,369,2,66387.95399999998
2018-04-06,156.63,8.543999999989865,331,3,59663.073999999986
2018-04-09,157.73,8.543999999989865,331,3,61402.173999999985
2018-04-10,161.21,8.543999999989865,331,3,69704.05399999999
2018-04-11,160.28,8.543999999989865,331,3,65601.22399999999
2018-04-12,162.21,8.543999999989865,331,3,69705.05399999999
2018-04-13,161.37,0.40399999999044667,303,4,64900.51399999999
2018-04-16,162.6,0.40399999999044667,303,4,67803.20399999998
2018-04-17,166.1,0.40399999999044667,303,4,86573.70399999998
2018-04-18,166.44,0.40399999999044667,303,4,88766.72399999999
2018-04-19,164.91,0.40399999999044667,303,4,76973.13399999999
2018-04-20,162.3,133.70399999999063,277,5,63295.804
2018-04-23,161.89,133.70399999999063,277,5,60212.23399999999
2018-04-24,158.46,133.70399999999063,277,5,49032.123999999996
2018-04-25,158.65,133.70399999999063,277,5,48919.75399999999
2018-04-26,161.99,133.70399999999063,277,5,57709.933999999994
2018-04-27,162.09,8.543999999990774,251,4,53398.13399999999
2018-04-30,160.94,8.543999999990774,251,4,47004.484
2018-05-01,162.78,8.543999999990774,251,4,52306.32399999999
2018-05-02,161.82,8.543999999990774,251,4,46895.36399999999
2018-05-03,161.8,8.543999999990774,251,4,47110.344
2018-05-04,164.87,152.7539999999908,218,5,56609.414
2018-05-07,166.24,152.7539999999908,218,5,65158.07399999999
2018-05-08,166.07,152.7539999999908,218,5,61106.013999999996
2018-05-09,167.88,152.7539999999908,218,5,78220.59399999998
2018-05-10,169.62,152.7539999999908,218,5,98839.91399999999
2018-05-11,169.46,49.83399999998801,320,5,93822.03399999999
2018-05-14,169.75,49.83399999998801,320,5,95124.83399999999
2018-05-15,167.87,49.83399999998801,320,5,77418.234
2018-05-16,168.98,49.83399999998801,320,5,84428.43399999998
2018-05-17,168.33,49.83399999998801,320,5,74595.434
2018-05-18,167.46,130.87399999998797,296,5,66089.03399999999
2018-05-21,168.4,130.87399999998797,296,5,70492.27399999999
2018-05-22,168.18,130.87399999998797,296,5,67677.15399999998
2018-05-23,169.6,130.87399999998797,296,5,75577.47399999999
2018-05-24,169.55,130.87399999998797,296,5,72427.674
2018-05-25,169.72,58.67399999998861,281,5,70684.99399999999
2018-05-29,168.97,58.67399999998861,281,5,68384.24399999999
2018-05-30,170.18,58.67399999998861,281,5,72959.25399999999
2018-05-31,170.07,58.67399999998861,281,5,69408.34399999998
2018-06-01,172.74,139.41399999998612,380,5,98945.61399999999
2018-06-04,174.3,139.41399999998612,380,5,113948.41399999999
2018-06-05,174.84,139.41399999998612,380,5,121358.614
2018-06-06,175.86,139.41399999998612,380,5,130051.21399999999
2018-06-07,174.43,139.41399999998612,380,5,119497.814
2018-06-08,174.44,28.053999999989173,499,5,116828.61399999999
2018-06-11,174.91,28.053999999989173,499,5,119428.14399999999
2018-06-12,175.83,28.053999999989173,499,5,124782.224
2018-06-13,175.82,28.053999999989173,499,5,124942.23399999998
2018-06-14,177.6,28.053999999989173,499,5,143650.45399999997
2018-06-15,176.98,156.79399999998986,536,5,134618.074
2018-06-18,176.5,156.79399999998986,536,5,133810.794
2018-06-19,176.0,156.79399999998986,536,5,129032.794
2018-06-20,177.25,156.79399999998986,536,5,141472.794
2018-06-21,175.71,156.79399999998986,536,5,127062.35399999999
2018-06-22,175.32,164.71399999999085,580,5,120880.31399999998
2018-06-25,171.37,164.71399999999085,580,5,103739.314
2018-06-26,172.07,164.71399999999085,580,5,103815.31399999998
2018-06-27,169.73,164.71399999999085,580,5,99818.11399999999
2018-06-28,171.19,164.71399999999085,580,5,101434.91399999999
2018-06-29,171.65,76.81399999999121,556,2,100244.214
2018-07-02,172.8,76.81399999999121,556,2,101708.614
2018-07-03,170.8,76.81399999999121,556,2,97791.614
2018-07-05,172.92,76.81399999999121,556,2,101005.33399999997
2018-07-06,175.61,48.61399999999139,526,3,105124.47399999999
2018-07-09,177.19,48.61399999999139,526,3,110630.55399999999
2018-07-10,177.32,48.61399999999139,526,3,110588.93399999998
2018-07-11,176.42,48.61399999999139,526,3,105385.53399999999
2018-07-12,179.46,48.61399999999139,526,3,119634.574
2018-07-13,179.61,75.09399999999232,508,4,119806.974
2018-07-16,179.18,75.09399999999232,508,4,112383.534
2018-07-17,180.27,75.09399999999232,508,4,122452.254
2018-07-18,179.93,75.09399999999232,508,4,118649.534
2018-07-19,179.03,75.09399999999232,508,4,112142.334
2018-07-20,178.99,77.38399999999228,487,5,109685.514
2018-07-23,179.56,77.38399999999228,487,5,116893.10399999999
2018-07-24,180.3,77.38399999999228,487,5,117088.484
2018-07-25,182.82,77.38399999999228,487,5,129425.72399999999
2018-07-26,180.05,77.38399999999228,487,5,115096.734
2018-07-27,177.62,21.783999999992375,467,5,97380.324
2018-07-30,175.11,21.783999999992375,467,5,86363.15400000001
2018-07-31,176.45,21.783999999992375,467,5,88088.93399999998
2018-08-01,177.12,21.783999999992375,467,5,87521.824
2018-08-02,179.53,21.783999999992375,467,5,96677.294
2018-08-03,180.08,11.323999999991884,479,4,96169.644
2018-08-06,181.14,11.323999999991884,479,4,100417.38399999999
2018-08-07,181.8,11.323999999991884,479,4,103703.524
2018-08-08,182.02,11.323999999991884,479,4,101883.904
2018-08-09,181.91,11.323999999991884,479,4,101226.21399999999
2018-08-10,180.52,53.20399999999199,460,4,93212.40400000001
2018-08-13,180.32,53.20399999999199,460,4,91910.404
2018-08-14,181.45,53.20399999999199,460,4,93915.204
2018-08-15,179.23,53.20399999999199,460,4,87834.00399999999
2018-08-16,179.82,53.20399999999199,460,4,87445.404
2018-08-17,179.86,162.8239999999928,443,4,85780.804
2018-08-20,179.7,162.8239999999928,443,4,84664.92399999998
2018-08-21,180.36,162.8239999999928,443,4,85727.304
2018-08-22,181.06,162.8239999999928,443,4,86752.404
2018-08-23,180.8,162.8239999999928,443,4,85592.224
2018-08-24,182.48,168.4839999999931,426,5,90609.96399999999
2018-08-27,184.34,168.4839999999931,426,5,103062.324
2018-08-28,184.61,168.4839999999931,426,5,104057.344
2018-08-29,186.74,168.4839999999931,426,5,127844.724
2018-08-30,186.41,168.4839999999931,426,5,123744.144
2018-08-31,186.65,96.23399999999492,471,5,127443.384
2018-09-04,185.85,96.23399999999492,471,5,120136.58399999999
2018-09-05,183.45,96.23399999999492,471,5,99811.184
2018-09-06,181.81,96.23399999999492,471,5,91833.74399999999
2018-09-07,181.11,6.323999999995067,452,3,89128.044
2018-09-10,181.72,6.323999999995067,452,3,88743.764
2018-09-11,183.12,6.323999999995067,452,3,91356.564
2018-09-12,182.58,6.323999999995067,452,3,88637.484
2018-09-13,184.53,6.323999999995067,452,3,94028.88399999999
2018-09-14,183.99,147.653999999995,435,4,90358.304
2018-09-17,181.34,147.653999999995,435,4,83430.554
2018-09-18,182.84,147.653999999995,435,4,85128.054
2018-09-19,182.7,147.653999999995,435,4,84022.154
2018-09-20,184.72,147.653999999995,435,4,89300.85399999999
2018-09-21,183.71,177.51399999999512,419,3,84027.004
2018-09-24,183.89,177.51399999999512,419,3,85257.42399999998
2018-09-25,184.14,177.51399999999512,419,3,85252.17399999998
2018-09-26,184.27,177.51399999999512,419,3,84701.644
2018-09-27,185.83,177.51399999999512,419,3,89645.284
2018-09-28,185.79,144.18399999999565,396,4,88677.02399999999
2018-10-01,186.17,144.18399999999565,396,4,89432.50399999999
2018-10-02,185.75,144.18399999999565,396,4,86021.184
2018-10-03,185.95,144.18399999999565,396,4,86980.38399999999
2018-10-04,182.38,144.18399999999565,396,4,76106.66399999999
2018-10-05,180.15,142.0839999999962,370,2,71692.584
2018-10-08,179.05,142.0839999999962,370,2,70020.584
2018-10-09,179.63,142.0839999999962,370,2,70015.184
2018-10-10,171.73,142.0839999999962,370,2,63957.183999999994
2018-10-11,169.6,142.0839999999962,370,2,62894.083999999995
2018-10-12,174.32,42.18399999999565,340,1,63985.98399999999
2018-10-15,172.21,42.18399999999565,340,1,61508.583999999995
2018-10-16,177.22,42.18399999999565,340,1,69426.984
2018-10-17,177.29,42.18399999999565,340,1,67910.78399999999
2018-10-18,173.18,42.18399999999565,340,1,62883.384
2018-10-19,173.02,70.34399999999641,307,2,60887.484000000004
2018-10-22,173.91,70.34399999999641,307,2,62150.71399999999
2018-10-23,173.27,70.34399999999641,307,2,61239.234000000004
2018-10-24,165.34,70.34399999999641,307,2,51874.724
2018-10-25,171.06,70.34399999999641,307,2,55280.763999999996
2018-10-26,166.66,150.44399999999678,272,2,52521.96399999999
2018-10-29,163.23,150.44399999999678,272,2,47519.00399999999
2018-10-30,165.92,150.44399999999678,272,2,49295.683999999994
2018-10-31,169.82,150.44399999999678,272,2,54701.484
2018-11-01,172.06,150.44399999999678,272,2,57730.763999999996
2018-11-02,169.38,104.72399999999652,241,3,51815.304
2018-11-05,168.96,104.72399999999652,241,3,49459.083999999995
2018-11-06,170.24,104.72399999999652,241,3,49767.564
2018-11-07,175.58,104.72399999999652,241,3,65574.504
2018-11-08,174.46,104.72399999999652,241,3,60134.583999999995
2018-11-09,171.52,14.723999999996522,216,3,49108.043999999994
2018-11-12,166.33,14.723999999996522,216,3,39957.004
2018-11-13,166.47,14.723999999996522,216,3,40152.24399999999
2018-11-14,165.2,14.723999999996522,216,3,37897.92399999999
2018-11-15,168.09,14.723999999996522,216,3,41107.164
2018-11-16,167.5,104.22399999999743,189,3,38141.724
2018-11-19,162.06,104.22399999999743,189,3,32823.564
2018-11-20,159.16,104.22399999999743,189,3,31065.463999999996
2018-11-21,160.37,104.22399999999743,189,3,31404.154
2018-11-23,159.21,116.36399999999776,155,1,29633.914
2018-11-26,162.89,116.36399999999776,155,1,33339.314
2018-11-27,163.44,116.36399999999776,155,1,34304.564
2018-11-28,168.7,116.36399999999776,155,1,43149.864
2018-11-29,168.15,116.36399999999776,155,1,42734.614
2018-11-30,169.37,129.7039999999979,123,2,43677.214
2018-12-03,172.33,129.7039999999979,123,2,49156.293999999994
2018-12-04,165.72,129.7039999999979,123,2,33163.263999999996
2018-12-06,166.89,129.7039999999979,123,2,35287.174
2018-12-07,161.38,25.003999999998086,88,2,24181.443999999996
2018-12-10,163.07,25.003999999998086,88,2,27355.163999999997
2018-12-11,163.61,25.003999999998086,88,2,27457.683999999997
2018-12-12,165.05,25.003999999998086,88,2,29619.404
2018-12-13,165.1,25.003999999998086,88,2,27148.803999999996
2018-12-14,161.08,95.22399999999834,54,3,19078.544
2018-12-17,157.43,95.22399999999834,54,3,13876.444
2018-12-18,158.42,95.22399999999834,54,3,13819.903999999997
2018-12-19,154.53,95.22399999999834,54,3,9704.844
2018-12-20,152.29,95.22399999999834,54,3,9308.883999999998
2018-12-21,147.57,-64.27600000000169,54,0,7904.503999999998
2018-12-24,143.5,-64.27600000000169,54,0,7684.723999999998
2018-12-26,152.46,-64.27600000000169,54,0,8168.5639999999985
2018-12-27,153.05,-64.27600000000169,54,0,8200.423999999999
2018-12-28,152.97,-64.27600000000169,54,0,8196.103999999998
2018-12-31,154.26,-64.27600000000169,54,0,8265.763999999997
2019-01-02,154.88,-64.27600000000169,54,0,8299.243999999999
2019-01-03,149.82,-64.27600000000169,54,0,8026.003999999998
2019-01-04,156.23,80.96399999999812,16,1,7475.643999999998
2019-01-07,158.09,80.96399999999812,16,1,8660.403999999999
2019-01-08,159.52,80.96399999999812,16,1,9948.283999999998
2019-01-09,160.82,80.96399999999812,16,1,10739.083999999995
2019-01-10,161.28,80.96399999999812,16,1,11241.443999999996
2019-01-11,160.69,-2864.496000000002,0,2,9785.503999999997
2019-01-14,159.27,-2864.496000000002,0,2,5440.503999999998
2019-01-15,162.38,-2864.496000000002,0,2,10500.504
2019-01-16,162.35,-2864.496000000002,0,2,9675.503999999997
2019-01-17,163.63,-2864.496000000002,0,2,12315.503999999997
2019-01-18,165.25,-7390.996000000002,0,3,16314.003999999997
2019-01-22,161.94,-7390.996000000002,0,3,5479.003999999998
2019-01-23,162.15,-7390.996000000002,0,3,5424.003999999998
2019-01-24,163.2,-7390.996000000002,0,3,4379.003999999998
2019-01-25,165.15,-11917.496000000003,0,4,12227.503999999997
2019-01-28,163.11,-11917.496000000003,0,4,2657.503999999997
2019-01-29,161.57,-11917.496000000003,0,4,-2622.496000000003
2019-01-30,165.68,-11917.496000000003,0,4,14702.503999999997
2019-01-31,168.16,-11917.496000000003,0,4,25317.503999999997
2019-02-01,167.45,-16388.996000000003,0,5,15676.003999999997
2019-02-04,169.53,-16388.996000000003,0,5,26071.003999999997
2019-02-05,171.03,-16388.996000000003,0,5,42901.004
2019-02-06,170.52,-16388.996000000003,0,5,39821.004
2019-02-07,168.23,-16388.996000000003,0,5,15346.003999999997
2019-02-08,168.56,-6961.996000000003,0,5,14158.003999999997
2019-02-11,168.4,-6961.996000000003,0,5,12013.003999999997
2019-02-12,170.89,-6961.996000000003,0,5,29943.003999999997
2019-02-13,171.01,-6961.996000000003,0,5,27688.003999999997
2019-02-14,171.22,-6961.996000000003,0,5,26643.003999999997
2019-02-15,171.94,97.92400000000089,32,5,34530.004
2019-02-19,172.28,97.92400000000089,32,5,31515.884000000002
2019-02-20,172.25,97.92400000000089,32,5,30744.924
2019-02-21,171.62,97.92400000000089,32,5,21649.764000000003
2019-02-22,172.89,57.49400000000105,19,5,26002.404000000002
2019-02-25,173.52,57.49400000000105,19,5,33219.374
2019-02-26,173.7,57.49400000000105,19,5,29867.794
2019-02-27,173.59,57.49400000000105,19,5,27995.704
2019-02-28,173.19,57.49400000000105,19,5,22983.104
2019-03-01,174.39,33.89400000000114,59,5,29792.904
2019-03-04,174.42,33.89400000000114,59,5,28419.674
2019-03-05,174.55,33.89400000000114,59,5,29692.344
2019-03-06,173.56,33.89400000000114,59,5,21603.934
2019-03-07,171.43,33.89400000000114,59,5,14383.264000000003
2019-03-08,171.17,85.12400000000162,40,3,12321.924000000003
2019-03-11,174.73,85.12400000000162,40,3,18459.324
2019-03-12,175.69,85.12400000000162,40,3,21082.724000000002
2019-03-13,177.01,85.12400000000162,40,3,26965.524
2019-03-14,176.71,85.12400000000162,40,3,23323.524
2019-03-15,178.35,170.62400000000162,20,4,30522.624000000003
2019-03-18,178.45,170.62400000000162,20,4,32889.624
2019-03-19,179.05,170.62400000000162,20,4,35211.624
2019-03-20,179.76,170.62400000000162,20,4,39350.824
2019-03-21,182.57,170.62400000000162,20,4,57007.024000000005
2019-03-22,178.56,-1059.6759999999995,0,5,35350.324
2019-03-25,178.22,-1059.6759999999995,0,5,30785.324000000004
2019-03-26,179.05,-1059.6759999999995,0,5,31940.324
2019-03-27,177.9,-1059.6759999999995,0,5,22590.324
2019-03-28,178.31,-1059.6759999999995,0,5,21655.324
2019-03-29,179.66,-102.67599999999948,0,5,29652.324
2019-04-01,182.04,-102.67599999999948,0,5,44942.32399999999
2019-04-02,182.73,-102.67599999999948,0,5,48902.32399999999
2019-04-03,183.78,-102.67599999999948,0,5,61882.324
2019-04-04,183.71,-102.67599999999948,0,5,57977.324
2019-04-05,184.66,64.22400000000198,210,4,67717.824
2019-04-08,185.13,64.22400000000198,210,4,70016.524
2019-04-09,184.48,64.22400000000198,210,4,65865.024
2019-04-10,185.47,64.22400000000198,210,4,71792.924
2019-04-11,185.03,64.22400000000198,210,4,66035.524
2019-04-12,185.83,58.494000000002416,191,5,69982.024
2019-04-15,185.86,58.494000000002416,191,5,67677.754
2019-04-16,186.5,58.494000000002416,191,5,74289.994
2019-04-17,187.15,58.494000000002416,191,5,76449.144
2019-04-18,187.39,126.68400000000292,270,5,81631.984
2019-04-22,187.92,126.68400000000292,270,5,85020.084
2019-04-23,190.31,126.68400000000292,270,5,107610.38399999999
2019-04-24,189.71,126.68400000000292,270,5,109923.384
2019-04-25,190.48,126.68400000000292,270,5,97921.284
2019-04-26,190.65,80.63400000000911,367,5,109649.18400000001
2019-04-29,191.02,80.63400000000911,367,5,104339.974
2019-04-30,189.54,80.63400000000911,367,5,102256.814
2019-05-01,188.93,80.63400000000911,367,5,94332.944
2019-05-02,188.11,80.63400000000911,367,5,87542.00400000002
2019-05-03,191.11,83.28400000001238,452,5,112480.00400000002
2019-05-06,189.94,83.28400000001238,452,5,105571.16400000002
2019-05-07,186.24,83.28400000001238,452,5,94768.76400000002
2019-05-08,185.77,83.28400000001238,452,5,91146.32400000002
2019-05-09,184.77,83.28400000001238,452,5,87779.32400000002
2019-05-10,185.0,164.28400000001238,432,1,83934.28400000001
2019-05-13,178.58,164.28400000001238,432,1,78355.84400000003
2019-05-14,180.54,164.28400000001238,432,1,79422.56400000001
2019-05-15,183.09,164.28400000001238,432,1,81349.16400000002
2019-05-16,184.93,164.28400000001238,432,1,82859.04400000002
2019-05-17,183.04,31.624000000012074,411,2,80431.06400000001
2019-05-20,179.95,31.624000000012074,411,2,76741.07400000001
2019-05-21,181.83,31.624000000012074,411,2,77953.75400000002
2019-05-22,181.02,31.624000000012074,411,2,76795.84400000001
2019-05-23,178.25,31.624000000012074,411,2,74172.37400000001
2019-05-24,178.16,131.58400000001166,380,2,73442.38400000002
2019-05-28,177.49,131.58400000001166,380,2,72582.78400000001
2019-05-29,176.03,131.58400000001166,380,2,70047.98400000001
2019-05-30,176.77,131.58400000001166,380,2,70714.18400000002
2019-05-31,173.95,138.13400000001184,351,2,67299.58400000002
2019-06-03,170.12,138.13400000001184,351,2,62435.254000000015
2019-06-04,174.91,138.13400000001184,351,2,66701.54400000001
2019-06-05,176.21,138.13400000001184,351,2,68257.84400000003
2019-06-06,177.61,138.13400000001184,351,2,70454.24400000002
2019-06-07,181.04,153.6740000000118,325,3,78296.67400000001
2019-06-10,183.15,153.6740000000118,325,3,87507.42400000001
2019-06-11,183.4,153.6740000000118,325,3,87863.67400000001
2019-06-12,182.34,153.6740000000118,325,3,83229.17400000001
2019-06-13,183.42,153.6740000000118,325,3,87540.174
2019-06-14,182.64,28.174000000010892,300,4,81385.174
2019-06-17,183.74,28.174000000010892,300,4,86665.17400000001
2019-06-18,186.41,28.174000000010892,300,4,104406.17400000001
2019-06-19,187.11,28.174000000010892,300,4,108576.17400000003
2019-06-20,188.85,28.174000000010892,300,4,119988.17400000001
2019-06-21,188.57,168.78400000001056,277,5,116367.67400000001
2019-06-24,188.16,168.78400000001056,277,5,117354.104
2019-06-25,184.93,168.78400000001056,277,5,89069.39400000001
2019-06-26,185.79,168.78400000001056,277,5,91397.614
2019-06-27,186.5,168.78400000001056,277,5,97369.28400000001
2019-06-28,186.74,38.60400000001232,284,5,99327.76400000002
2019-07-01,189.26,38.60400000001232,284,5,111978.44400000002
2019-07-02,190.01,38.60400000001232,284,5,117636.44400000002
2019-07-03,191.44,38.60400000001232,284,5,129757.56400000001
2019-07-05,191.05,49.404000000013184,428,5,122243.80400000002
2019-07-08,189.71,49.404000000013184,428,5,109900.28400000001
2019-07-09,190.66,49.404000000013184,428,5,116686.884
2019-07-10,192.56,49.404000000013184,428,5,137300.08400000003
2019-07-11,192.42,49.404000000013184,428,5,135150.164
2019-07-12,193.53,141.33400000001348,547,5,147197.244
2019-07-15,194.15,141.33400000001348,547,5,151001.38400000002
2019-07-16,193.15,141.33400000001348,547,5,141324.38400000002
2019-07-17,192.2,141.33400000001348,547,5,130629.73400000001
2019-07-18,192.42,141.33400000001348,547,5,135535.07400000002
2019-07-19,191.01,152.7940000000135,551,4,116509.304
2019-07-22,192.53,152.7940000000135,551,4,121856.82400000001
2019-07-23,193.79,152.7940000000135,551,4,127116.084
2019-07-24,195.15,152.7940000000135,551,4,132540.44400000002
2019-07-25,193.3,152.7940000000135,551,4,124536.09400000001
2019-07-26,195.29,123.54400000001351,526,5,130786.084
2019-07-29,194.62,123.54400000001351,526,5,126528.664
2019-07-30,193.78,123.54400000001351,526,5,121356.82400000001
2019-07-31,191.1,123.54400000001351,526,5,107352.144
2019-08-01,190.15,123.54400000001351,526,5,105312.44400000002
2019-08-02,187.35,149.49400000001333,499,2,99247.144
2019-08-05,180.73,149.49400000001333,499,2,91763.764
2019-08-06,183.26,149.49400000001333,499,2,93411.234
2019-08-07,184.25,149.49400000001333,499,2,93960.244
2019-08-08,188.26,149.49400000001333,499,2,98546.234
2019-08-09,186.49,149.27400000001398,477,2,95595.00400000003
2019-08-12,184.35,149.27400000001398,477,2,92979.22400000002
2019-08-13,188.39,149.27400000001398,477,2,99141.30400000002
2019-08-14,182.76,149.27400000001398,477,2,90680.79400000001
2019-08-15,182.55,149.27400000001398,477,2,89425.62400000003
2019-08-16,185.48,65.39400000001388,458,2,91010.23400000001
2019-08-19,188.43,65.39400000001388,458,2,95386.33400000002
2019-08-20,186.97,65.39400000001388,458,2,92627.65400000001
2019-08-21,188.63,65.39400000001388,458,2,96192.93400000001
2019-08-22,188.02,65.39400000001388,458,2,94263.55400000002
2019-08-23,182.07,121.56400000001395,427,2,84905.45400000001
2019-08-26,184.82,121.56400000001395,427,2,89214.70400000001
2019-08-27,184.43,121.56400000001395,427,2,88168.17400000001
2019-08-28,185.09,121.56400000001395,427,2,88724.99400000002
2019-08-29,187.92,121.56400000001395,427,2,94278.40400000001
2019-08-30,187.47,94.3440000000137,403,3,92914.75400000002
2019-09-03,185.65,94.3440000000137,403,3,92181.29400000001
2019-09-04,188.33,94.3440000000137,403,3,92601.33400000002
2019-09-05,191.78,94.3440000000137,403,3,105046.68400000001
2019-09-06,191.59,88.05400000001373,384,4,101983.61400000002
2019-09-09,191.19,88.05400000001373,384,4,97870.01400000001
2019-09-10,190.64,88.05400000001373,384,4,94358.81400000001
2019-09-11,192.43,88.05400000001373,384,4,103791.17400000001
2019-09-12,193.23,88.05400000001373,384,4,108003.37400000001
2019-09-13,192.54,44.9740000000138,361,5,102496.91400000002
2019-09-16,191.68,44.9740000000138,361,5,96521.45400000001
2019-09-17,192.6,44.9740000000138,361,5,99438.57400000001
2019-09-18,192.52,44.9740000000138,361,5,97924.69400000002
2019-09-19,192.84,44.9740000000138,361,5,93420.21400000002
2019-09-20,190.8,161.9740000000138,336,5,81485.77400000002
2019-09-23,190.5,161.9740000000138,336,5,77809.97400000002
2019-09-24,187.97,161.9740000000138,336,5,68874.89400000001
2019-09-25,190.08,161.9740000000138,336,5,71948.85400000002
2019-09-26,189.38,161.9740000000138,336,5,68248.65400000001
2019-09-27,187.03,157.25400000001446,310,2,64186.55400000002
2019-09-30,188.81,157.25400000001446,310,2,66113.35400000002
2019-10-01,187.27,157.25400000001446,310,2,63490.95400000002
2019-10-02,184.05,157.25400000001446,310,2,59357.754000000015
2019-10-03,186.07,157.25400000001446,310,2,61248.95400000001
2019-10-04,188.81,13.624000000014348,283,3,63566.85400000002
2019-10-07,188.24,13.624000000014348,283,3,62085.54400000002
2019-10-08,185.42,13.624000000014348,283,3,57492.48400000001
2019-10-09,187.23,13.624000000014348,283,3,59709.71400000001
2019-10-10,188.68,13.624000000014348,283,3,62265.06400000001
2019-10-11,191.11,21.54400000001442,261,4,67116.25400000002
2019-10-14,191.09,21.54400000001442,261,4,63371.034000000014
2019-10-15,193.52,21.54400000001442,261,4,72970.26400000002
2019-10-16,193.04,21.54400000001442,261,4,70919.98400000001
2019-10-17,193.55,21.54400000001442,261,4,70723.09400000001
2019-10-18,191.69,25.724000000014712,239,4,61239.63400000001
2019-10-21,193.39,25.724000000014712,239,4,67090.93400000001
2019-10-22,191.85,25.724000000014712,239,4,56382.87400000002
2019-10-23,192.22,25.724000000014712,239,4,58561.30400000002
2019-10-24,194.09,25.724000000014712,239,4,61208.23400000002
2019-10-25,195.64,175.74400000001424,221,5,74047.18400000001
2019-10-28,197.57,175.74400000001424,221,5,88003.714
2019-10-29,196.04,175.74400000001424,221,5,78370.584
2019-10-30,196.99,175.74400000001424,221,5,84795.53400000001
2019-10-31,197.08,175.74400000001424,221,5,83880.42400000001
2019-11-01,198.87,26.844000000013693,291,5,103108.014
2019-11-04,200.1,26.844000000013693,291,5,113475.94400000002
2019-11-05,200.21,26.844000000013693,291,5,114827.95400000001
2019-11-06,199.76,26.844000000013693,291,5,112277.00400000002
2019-11-07,200.43,26.844000000013693,291,5,118026.97400000002
2019-11-08,201.23,98.62400000002162,405,5,127741.77400000002
2019-11-11,200.96,98.62400000002162,405,5,123617.42400000003
2019-11-12,201.54,98.62400000002162,405,5,128087.32400000002
2019-11-13,201.59,98.62400000002162,405,5,126402.57400000002
2019-11-14,201.43,98.62400000002162,405,5,126447.77400000003
2019-11-15,202.91,95.7340000000222,484,5,138949.17400000003
2019-11-18,203.07,95.7340000000222,484,5,141061.614
2019-11-19,203.37,95.7340000000222,484,5,143406.814
2019-11-20,202.15,95.7340000000222,484,5,130496.33400000003
2019-11-21,201.7,95.7340000000222,484,5,126043.53400000001
2019-11-22,201.83,71.59400000002097,542,5,123818.45400000003
2019-11-25,204.22,71.59400000002097,542,5,139798.83400000003
2019-11-26,204.61,71.59400000002097,542,5,144245.21400000004
2019-11-27,206.04,71.59400000002097,542,5,159925.27400000003
2019-11-29,205.1,116.79400000002715,610,5,149977.79400000002
2019-12-02,203.0,116.79400000002715,610,5,134506.79400000002
2019-12-03,201.41,116.79400000002715,610,5,128696.89400000001
2019-12-04,202.43,116.79400000002715,610,5,129869.09400000003
2019-12-05,202.83,116.79400000002715,610,5,129783.09400000003
2019-12-06,205.0,23.7940000000267,595,5,134208.79400000002
2019-12-09,204.07,23.7940000000267,595,5,130025.44400000002
2019-12-10,203.9,23.7940000000267,595,5,129649.29400000002
2019-12-11,204.98,23.7940000000267,595,5,132161.89400000003
2019-12-12,206.51,23.7940000000267,595,5,138187.244
2019-12-13,207.19,5.8340000000271175,579,5,136028.84400000004
2019-12-16,209.27,5.8340000000271175,579,5,150433.16400000005
2019-12-17,209.39,5.8340000000271175,579,5,149402.64400000003
2019-12-18,209.55,5.8340000000271175,579,5,150870.28400000004
2019-12-19,210.86,5.8340000000271175,579,5,166203.77400000003
2019-12-20,211.71,0.35400000002846355,717,4,178471.42400000003
2019-12-23,211.81,0.35400000002846355,717,4,180523.124
2019-12-24,211.92,0.35400000002846355,717,4,180711.994
2019-12-26,213.79,0.35400000002846355,717,4,194262.784
2019-12-27,213.61,46.61400000002868,701,5,191202.22400000005
2019-12-30,212.21,46.61400000002868,701,5,181530.82400000002
2019-12-31,212.61,46.61400000002868,701,5,184561.22400000005
2020-01-02,216.16,46.61400000002868,701,5,210699.77400000003
2020-01-03,214.18,78.79400000003261,750,5,197123.79400000002
2020-01-06,215.56,78.79400000003261,750,5,206188.79400000002
2020-01-07,215.53,78.79400000003261,750,5,204131.29400000002
2020-01-08,217.15,78.79400000003261,750,5,217116.29400000002
2020-01-09,218.99,78.79400000003261,750,5,228231.29400000002
2020-01-10,218.43,90.3740000000289,894,4,222481.79400000005
2020-01-13,220.95,90.3740000000289,894,4,237659.67400000003
2020-01-14,220.08,90.3740000000289,894,4,232701.89400000006
2020-01-15,220.17,90.3740000000289,894,4,232067.35400000002
2020-01-16,222.28,90.3740000000289,894,4,243963.69400000005
2020-01-17,223.38,77.95400000002883,953,4,250359.094
2020-01-21,223.28,77.95400000002883,953,4,249383.79400000002
2020-01-22,223.87,77.95400000002883,953,4,253576.06400000004
2020-01-23,224.59,77.95400000002883,953,4,260367.22400000002
2020-01-24,222.7,115.45400000002883,933,5,247494.554
2020-01-27,218.1,115.45400000002883,933,5,218947.75400000002
2020-01-28,221.45,115.45400000002883,933,5,238353.304
2020-01-29,221.81,115.45400000002883,933,5,237754.18400000004
2020-01-30,222.6,115.45400000002883,933,5,253011.25400000002
2020-01-31,219.07,116.06400000002941,910,5,216024.76400000002
2020-02-03,222.38,116.06400000002941,910,5,225361.86400000003
2020-02-04,227.47,116.06400000002941,910,5,266568.7640000001
2020-02-05,228.22,116.06400000002941,910,5,274511.2640000001
2020-02-06,230.19,116.06400000002941,910,5,286973.96400000004
2020-02-07,229.2,6.664000000029773,1002,5,281475.064
2020-02-10,231.97,6.664000000029773,1002,5,302345.60400000005
2020-02-11,232.01,6.664000000029773,1002,5,302770.684
2020-02-12,234.27,6.664000000029773,1002,5,317850.204
2020-02-13,233.97,6.664000000029773,1002,5,316889.60400000005
2020-02-14,234.64,133.1440000000348,1070,5,320497.944
2020-02-18,234.73,133.1440000000348,1070,5,322464.244
2020-02-19,236.98,133.1440000000348,1070,5,342251.744
2020-02-20,234.78,133.1440000000348,1070,5,323012.74400000006
2020-02-21,230.27,126.62400000003527,1046,5,277839.04400000005
2020-02-24,221.39,126.62400000003527,1046,5,239730.564
2020-02-25,215.37,126.62400000003527,1046,5,227878.64400000006
2020-02-26,216.48,126.62400000003527,1046,5,229314.70400000003
2020-02-27,205.64,126.62400000003527,1046,5,215941.064
2020-02-28,205.8,-175.87599999996476,1046,0,215090.92400000006
2020-03-02,216.42,-175.87599999996476,1046,0,226199.44400000002
2020-03-03,209.48,-175.87599999996476,1046,0,218940.20400000003
2020-03-04,218.22,-175.87599999996476,1046,0,228082.24400000004
2020-03-05,211.59,-175.87599999996476,1046,0,221147.26400000005
2020-03-06,208.02,-175.87599999996476,1046,0,217413.04400000005
2020-03-09,193.57,-175.87599999996476,1046,0,202298.34400000004
2020-03-10,204.11,-175.87599999996476,1046,0,213323.18400000007
2020-03-11,195.22,-175.87599999996476,1046,0,204024.24400000004
2020-03-12,177.32,-175.87599999996476,1046,0,185300.84400000004
2020-03-13,192.34,-175.87599999996476,1046,0,201011.76400000005
2020-03-16,169.3,-175.87599999996476,1046,0,176911.92400000006
2020-03-17,182.14,-175.87599999996476,1046,0,190342.564
2020-03-18,176.6,-175.87599999996476,1046,0,184547.72400000005
2020-03-19,177.66,-175.87599999996476,1046,0,185656.48400000003
2020-03-20,170.7,-175.87599999996476,1046,0,178376.32400000002
2020-03-23,170.46,-175.87599999996476,1046,0,178125.28400000004
2020-03-24,183.66,-175.87599999996476,1046,0,191932.48400000003
2020-03-25,182.3,-175.87599999996476,1046,0,190509.92400000006
2020-03-26,191.9,-175.87599999996476,1046,0,200551.52400000003
2020-03-27,185.3,-175.87599999996476,1046,0,193647.92400000006
2020-03-30,192.04,-175.87599999996476,1046,0,200697.96400000004
2020-03-31,190.4,-175.87599999996476,1046,0,198982.52400000003
2020-04-01,182.31,-175.87599999996476,1046,0,190520.38400000005
2020-04-02,186.01,-175.87599999996476,1046,0,194390.58400000003
2020-04-03,183.37,-175.87599999996476,1046,0,191629.14400000006
2020-04-06,196.48,-175.87599999996476,1046,0,205342.20400000003
2020-04-07,196.4,-175.87599999996476,1046,0,205258.52400000003
2020-04-08,200.57,-175.87599999996476,1046,0,209620.34400000004
2020-04-09,200.86,-175.87599999996476,1046,0,209923.68400000007
2020-04-13,203.03,-175.87599999996476,1046,0,212193.50400000004
2020-04-14,211.86,-175.87599999996476,1046,0,221429.68400000007
2020-04-15,209.43,-175.87599999996476,1046,0,218887.90400000004
2020-04-16,213.25,-175.87599999996476,1046,0,222883.62400000004
2020-04-17,215.29,-175.87599999996476,1046,0,225017.46400000004
2020-04-20,212.74,-175.87599999996476,1046,0,222350.16400000005
2020-04-21,204.89,-175.87599999996476,1046,0,214139.064
2020-04-22,210.97,-175.87599999996476,1046,0,220498.74400000004
2020-04-23,210.52,-175.87599999996476,1046,0,220028.04400000005
2020-04-24,213.84,-175.87599999996476,1046,0,223500.76400000005
2020-04-27,215.56,-175.87599999996476,1046,0,225299.88400000005
2020-04-28,211.5,-175.87599999996476,1046,0,221053.12400000004
2020-04-29,219.0,-175.87599999996476,1046,0,228898.12400000004
2020-04-30,218.91,-175.87599999996476,1046,0,228803.98400000003
2020-05-01,212.74,-175.87599999996476,1046,0,222350.16400000005
2020-05-04,215.22,-175.87599999996476,1046,0,224944.24400000004
2020-05-05,217.66,-175.87599999996476,1046,0,227496.48400000003
2020-05-06,219.0,-175.87599999996476,1046,0,228898.12400000004
2020-05-07,221.82,-175.87599999996476,1046,0,231847.84400000004
2020-05-08,224.86,-175.87599999996476,1046,0,235027.68400000007
2020-05-11,226.87,-175.87599999996476,1046,0,237130.14400000006
2020-05-12,222.12,-175.87599999996476,1046,0,232161.64400000006
2020-05-13,219.34,-175.87599999996476,1046,0,229253.76400000005
2020-05-14,221.83,-175.87599999996476,1046,0,231858.30400000006
2020-05-15,223.27,-175.87599999996476,1046,0,233364.54400000005
2020-05-18,227.43,-175.87599999996476,1046,0,237715.90400000004
2020-05-19,226.86,-175.87599999996476,1046,0,237119.68400000007
2020-05-20,231.39,-175.87599999996476,1046,0,241858.064
2020-05-21,228.87,-175.87599999996476,1046,0,239222.14400000006
2020-05-22,229.66,-175.87599999996476,1046,0,240048.48400000003
2020-05-26,229.04,-175.87599999996476,1046,0,239399.96400000004
2020-05-27,230.29,-175.87599999996476,1046,0,240707.46400000004
2020-05-28,229.99,-175.87599999996476,1046,0,240393.66400000005
2020-05-29,233.36,-175.87599999996476,1046,0,243918.68400000007
2020-06-01,234.06,-175.87599999996476,1046,0,244650.88400000005
2020-06-02,235.63,-175.87599999996476,1046,0,246293.10400000002
2020-06-03,236.69,-175.87599999996476,1046,0,247401.86400000003
2020-06-04,235.03,-175.87599999996476,1046,0,245665.50400000004
2020-06-05,239.69,233.32400000003418,1016,1,250138.36400000003
2020-06-08,241.55,233.32400000003418,1016,1,253788.12400000004
2020-06-09,243.3,233.32400000003418,1016,1,259141.12400000004
2020-06-10,246.22,233.32400000003418,1016,1,265187.84400000004
2020-06-11,234.02,233.32400000003418,1016,1,244762.64400000003
2020-06-12,235.88,188.94400000003498,1042,0,245975.90400000004
2020-06-15,238.75,188.94400000003498,1042,0,248966.44400000005
2020-06-16,242.85,188.94400000003498,1042,0,253238.64400000003
2020-06-17,243.62,188.94400000003498,1042,0,254040.98400000005
2020-06-18,244.28,188.94400000003498,1042,0,254728.70400000006
2020-06-19,244.24,188.94400000003498,1042,0,254687.02400000006
2020-06-22,246.74,188.94400000003498,1042,0,257292.02400000006
2020-06-23,248.84,188.94400000003498,1042,0,259480.22400000005
2020-06-24,243.71,188.94400000003498,1042,0,254134.76400000005
2020-06-25,246.03,188.94400000003498,1042,0,256552.20400000006
2020-06-26,240.22,188.94400000003498,1042,0,250498.18400000004
2020-06-29,242.84,188.94400000003498,1042,0,253228.22400000005
2020-06-30,247.6,188.94400000003498,1042,0,258188.14400000003
2020-07-01,250.49,188.94400000003498,1042,0,261199.52400000006
2020-07-02,252.19,188.94400000003498,1042,0,262970.924
2020-07-06,258.39,188.94400000003498,1042,0,269431.324
2020-07-07,256.61,188.94400000003498,1042,0,267576.564
2020-07-08,259.99,188.94400000003498,1042,0,271098.52400000003
2020-07-09,262.18,188.94400000003498,1042,0,273380.504
2020-07-10,263.97,188.94400000003498,1042,0,275245.68400000007
2020-07-13,258.54,188.94400000003498,1042,0,269587.624
2020-07-14,260.37,188.94400000003498,1042,0,271494.484
2020-07-15,260.9,188.94400000003498,1042,0,272046.744
2020-07-16,259.12,188.94400000003498,1042,0,270191.984
2020-07-17,259.42,27.72400000003472,1008,1,270103.08400000003
2020-07-20,266.78,27.72400000003472,1008,1,285991.96400000004
2020-07-21,264.0,27.72400000003472,1008,1,279889.72400000005
2020-07-22,264.93,27.72400000003472,1008,1,278902.16400000005
2020-07-23,258.01,27.72400000003472,1008,1,266041.804
2020-07-24,255.56,171.94400000003225,971,2,261740.70400000003
2020-07-27,260.12,171.94400000003225,971,2,272053.46400000004
2020-07-28,256.81,171.94400000003225,971,2,262954.454
2020-07-29,259.77,171.94400000003225,971,2,268248.614
2020-07-30,261.13,171.94400000003225,971,2,271494.174
2020-07-31,265.79,172.30400000003283,937,3,282767.53400000004
2020-08-03,269.38,172.30400000003283,937,3,300486.36400000006
2020-08-04,270.38,172.30400000003283,937,3,304668.36400000006
2020-08-05,271.05,172.30400000003283,937,3,303921.15400000004
2020-08-06,274.64,172.30400000003283,937,3,325929.98400000005
2020-08-07,271.47,49.90400000003319,907,4,304188.1940000001
2020-08-10,270.31,49.90400000003319,907,4,290266.074
2020-08-11,265.19,49.90400000003319,907,4,265327.23400000005
2020-08-12,271.86,49.90400000003319,907,4,296566.92400000006
2020-08-13,272.48,49.90400000003319,907,4,300264.2640000001
2020-08-14,272.16,269.68400000003567,874,5,292257.5240000001
2020-08-17,275.32,269.68400000003567,874,5,311354.36400000006
2020-08-18,277.97,269.68400000003567,874,5,335395.46400000004
2020-08-19,276.1,269.68400000003567,874,5,316766.08400000003
2020-08-20,279.93,269.68400000003567,874,5,355753.5040000001
2020-08-21,281.87,147.73400000003676,959,5,380406.0640000001
2020-08-24,283.63,147.73400000003676,959,5,394908.90400000004
2020-08-25,285.86,147.73400000003676,959,5,415912.47400000005
2020-08-26,291.96,147.73400000003676,959,5,466917.374
2020-08-27,291.05,147.73400000003676,959,5,462579.68400000007
2020-08-28,292.53,226.68400000004476,1144,5,473976.004
2020-08-31,294.88,226.68400000004476,1144,5,495694.40400000004
2020-09-01,299.92,226.68400000004476,1144,5,531545.1640000001
2020-09-02,302.76,226.68400000004476,1144,5,547774.1240000001
2020-09-03,287.41,226.68400000004476,1144,5,447768.7240000001
2020-09-04,283.58,16.584000000046217,1364,0,386819.704
2020-09-08,269.95,16.584000000046217,1364,0,368228.384
2020-09-09,277.88,16.584000000046217,1364,0,379044.90400000004
2020-09-10,272.34,16.584000000046217,1364,0,371488.344
2020-09-11,270.45,239.88400000004367,1320,1,368178.884
2020-09-14,275.16,239.88400000004367,1320,1,377476.08400000003
2020-09-15,279.06,239.88400000004367,1320,1,388509.08400000003
2020-09-16,274.61,239.88400000004367,1320,1,376475.08400000003
2020-09-17,270.32,239.88400000004367,1320,1,366687.284
2020-09-18,266.87,30.664000000046144,1276,2,357386.78400000004
2020-09-21,267.51,30.664000000046144,1276,2,359633.42400000006
2020-09-22,272.48,30.664000000046144,1276,2,370870.1440000001
2020-09-23,264.16,30.664000000046144,1276,2,348483.8240000001
2020-09-24,265.39,30.664000000046144,1276,2,350713.304
2020-09-25,271.56,141.24400000004607,1233,3,363409.72400000005
2020-09-28,277.2,141.24400000004607,1233,3,384773.84400000004
2020-09-29,275.95,141.24400000004607,1233,3,379162.59400000004
2020-09-30,277.84,141.24400000004607,1233,3,380887.96400000004
2020-10-01,282.25,141.24400000004607,1233,3,408325.49400000006
2020-10-02,274.31,141.24400000004607,1233,3,367735.47400000005
2020-10-05,280.16,141.24400000004607,1233,3,387873.5240000001
2020-10-06,275.16,141.24400000004607,1233,3,363063.5240000001
2020-10-07,279.92,141.24400000004607,1233,3,380757.6040000001
2020-10-08,281.41,141.24400000004607,1233,3,383804.7740000001
2020-10-09,285.71,201.72400000004563,1195,4,402125.174
2020-10-12,294.53,201.72400000004563,1195,4,483505.074
2020-10-13,294.52,201.72400000004563,1195,4,480633.124
2020-10-14,292.06,201.72400000004563,1195,4,451293.42400000006
2020-10-15,290.1,201.72400000004563,1195,4,425191.22400000005
2020-10-16,288.51,130.22400000004563,1195,3,403639.67400000006
2020-10-19,283.8,130.22400000004563,1195,3,374196.22400000005
2020-10-20,284.41,130.22400000004563,1195,3,368930.17400000006
2020-10-21,284.19,130.22400000004563,1195,3,365587.27400000003
2020-10-22,284.18,130.22400000004563,1195,3,357270.3240000001
2020-10-23,284.74,58.724000000045635,1195,2,352753.02400000003
2020-10-26,280.47,58.724000000045635,1195,2,341930.37400000007
2020-10-27,282.66,58.724000000045635,1195,2,343447.42400000006
2020-10-28,271.64,58.724000000045635,1195,2,326428.52400000003
2020-10-29,276.39,58.724000000045635,1195,2,332049.77400000003
2020-10-30,269.38,245.72400000004563,1195,0,322154.824
2020-11-02,269.98,245.72400000004563,1195,0,322871.8240000001
2020-11-03,274.65,245.72400000004563,1195,0,328452.47400000005
2020-11-04,286.91,245.72400000004563,1195,0,343103.17400000006
2020-11-05,294.39,245.72400000004563,1195,0,352041.77400000003
2020-11-06,294.61,110.18400000004658,1159,1,351573.17400000006
2020-11-09,288.59,110.18400000004658,1159,1,339865.99400000006
2020-11-10,283.42,110.18400000004658,1159,1,331398.9640000001
2020-11-11,289.76,110.18400000004658,1159,1,340782.02400000003
2020-11-12,288.4,110.18400000004658,1159,1,338325.78400000004
2020-11-13,290.93,250.30400000004556,1125,2,340691.55400000006
2020-11-16,293.2,250.30400000004556,1125,2,342475.30400000006
2020-11-17,292.27,250.30400000004556,1125,2,339339.05400000006
2020-11-18,290.11,250.30400000004556,1125,2,334379.05400000006
2020-11-19,292.38,250.30400000004556,1125,2,337867.80400000006
2020-11-20,290.38,21.044000000047163,1102,2,332834.80400000006
2020-11-23,290.39,21.044000000047163,1102,2,330975.824
2020-11-24,294.47,21.044000000047163,1102,2,342346.98400000005
2020-11-25,296.28,21.044000000047163,1102,2,347256.60400000005
2020-11-27,299.01,64.84400000004644,1072,3,355583.564
2020-11-30,299.62,64.84400000004644,1072,3,357997.48400000005
2020-12-01,303.46,64.84400000004644,1072,3,378173.96400000004
2020-12-02,303.85,64.84400000004644,1072,3,376777.04400000005
2020-12-03,304.28,64.84400000004644,1072,3,377128.004
2020-12-04,305.52,114.46400000004724,1041,4,381245.78400000004
2020-12-07,307.25,114.46400000004724,1041,4,390251.71400000004
2020-12-08,308.29,114.46400000004724,1041,4,394854.35400000005
2020-12-09,301.31,114.46400000004724,1041,4,349143.17400000006
2020-12-10,302.52,114.46400000004724,1041,4,356232.78400000004
2020-12-11,301.85,78.46400000004724,1011,5,348533.8140000001
2020-12-14,304.04,78.46400000004724,1011,5,359877.90400000004
2020-12-15,307.29,78.46400000004724,1011,5,377078.65400000004
2020-12-16,308.98,78.46400000004724,1011,5,388577.24400000006
2020-12-17,311.0,78.46400000004724,1011,5,408659.46400000004
2020-12-18,310.06,274.444000000045,1028,5,396346.124
2020-12-21,308.92,274.444000000045,1028,5,380379.204
2020-12-22,309.76,274.444000000045,1028,5,382342.724
2020-12-23,308.2,274.444000000045,1028,5,357034.044
2020-12-24,309.56,47.12400000004527,1075,5,363459.12400000007
2020-12-28,312.68,47.12400000004527,1075,5,377043.12400000007
2020-12-29,312.96,47.12400000004527,1075,5,376354.12400000007
2020-12-30,312.97,47.12400000004527,1075,5,370149.8740000001
2020-12-31,313.74,253.7640000000447,1039,5,370559.624
2021-01-04,309.31,253.7640000000447,1039,5,346211.85400000005
2021-01-05,311.86,253.7640000000447,1039,5,353976.30400000006
2021-01-06,307.54,253.7640000000447,1039,5,334637.824
2021-01-07,314.98,253.7640000000447,1039,5,362167.98400000005
2021-01-08,319.03,155.69400000004316,1008,5,389772.934
2021-01-11,314.42,155.69400000004316,1008,5,354161.05400000006
2021-01-12,313.92,155.69400000004316,1008,5,343647.05400000006
2021-01-13,316.04,155.69400000004316,1008,5,349634.014
2021-01-14,314.35,155.69400000004316,1008,5,341385.49400000006
2021-01-15,311.86,57.57400000004418,975,4,326836.074
2021-01-19,316.41,57.57400000004418,975,4,340072.324
2021-01-20,323.77,57.57400000004418,975,4,383218.324
2021-01-21,326.36,57.57400000004418,975,4,399988.574
2021-01-22,325.42,178.67400000004636,945,5,387945.5740000001
2021-01-25,328.11,178.67400000004636,945,5,413092.62400000007
2021-01-26,328.59,178.67400000004636,945,5,432631.22400000005
2021-01-27,319.43,178.67400000004636,945,5,361275.0240000001
2021-01-28,321.32,178.67400000004636,945,5,353216.074
2021-01-29,314.56,188.89400000004753,1008,0,317265.374
2021-02-01,322.42,188.89400000004753,1008,0,325188.2540000001
2021-02-02,327.68,188.89400000004753,1008,0,330490.33400000003
2021-02-03,326.38,188.89400000004753,1008,0,329179.934
2021-02-04,330.24,188.89400000004753,1008,0,333070.814
2021-02-05,331.36,156.83400000004804,979,1,333578.27400000003
2021-02-08,333.58,156.83400000004804,979,1,336686.65400000004
2021-02-09,333.51,156.83400000004804,979,1,337058.124
2021-02-10,332.75,156.83400000004804,979,1,335654.08400000003
2021-02-11,334.58,156.83400000004804,979,1,337720.65400000004
2021-02-12,336.45,94.48400000004767,952,2,340359.884
2021-02-16,335.54,94.48400000004767,952,2,337513.5640000001
2021-02-17,333.93,94.48400000004767,952,2,331360.84400000004
2021-02-18,332.47,94.48400000004767,952,2,326560.92400000006
2021-02-19,331.02,107.5640000000476,923,3,321479.02400000003
2021-02-22,322.44,107.5640000000476,923,3,303824.68400000007
2021-02-23,321.48,107.5640000000476,923,3,302498.6040000001
2021-02-24,324.13,107.5640000000476,923,3,306209.55400000006
2021-02-25,312.83,107.5640000000476,923,3,291874.65400000004
2021-02-26,314.14,137.36400000004778,928,0,291659.28400000004
2021-03-01,323.59,137.36400000004778,928,0,300428.884
2021-03-02,318.4,137.36400000004778,928,0,295612.564
2021-03-03,309.16,137.36400000004778,928,0,287037.8440000001
2021-03-04,304.1,137.36400000004778,928,0,282342.1640000001
2021-03-05,308.68,267.02400000004855,891,1,286080.90400000004
2021-03-08,299.94,267.02400000004855,891,1,273068.564
2021-03-09,311.77,267.02400000004855,891,1,291199.09400000004
2021-03-10,310.88,267.02400000004855,891,1,289306.10400000005
2021-03-11,318.04,267.02400000004855,891,1,302835.66400000005
2021-03-12,315.46,86.16400000004978,857,2,296175.384
2021-03-15,318.83,86.16400000004978,857,2,303078.47400000005
2021-03-16,320.58,86.16400000004978,857,2,309253.22400000005
2021-03-17,321.9,86.16400000004978,857,2,309999.46400000004
2021-03-18,312.04,86.16400000004978,857,2,284444.4440000001
2021-03-19,313.14,211.42400000005,823,3,283280.6440000001
2021-03-22,318.61,211.42400000005,823,3,296087.4540000001
2021-03-23,317.22,211.42400000005,823,3,290873.48400000005
2021-03-24,311.87,211.42400000005,823,3,273435.43400000007
2021-03-25,311.33,211.42400000005,823,3,270461.0140000001
2021-03-26,316.0,269.92400000005,793,4,274617.92400000006
2021-03-29,315.91,269.92400000005,793,4,276251.5540000001
2021-03-30,314.32,269.92400000005,793,4,267290.684
2021-03-31,319.13,269.92400000005,793,4,279905.0140000001
2021-04-01,324.57,150.95400000005247,764,5,303232.434
2021-04-05,331.05,150.95400000005247,764,5,362083.1540000001
2021-04-06,330.82,150.95400000005247,764,5,356517.43400000007
2021-04-07,331.62,150.95400000005247,764,5,361033.6340000001
2021-04-08,335.08,150.95400000005247,764,5,410427.074
2021-04-09,337.11,247.64400000005116,885,5,426079.99400000006
2021-04-12,336.67,247.64400000005116,885,5,420465.59400000004
2021-04-13,340.6,247.64400000005116,885,5,466733.64400000003
2021-04-14,336.51,247.64400000005116,885,5,416198.994
2021-04-15,341.61,247.64400000005116,885,5,479012.49400000006
2021-04-16,342.01,82.80400000006193,1119,4,480416.99400000006
2021-04-19,338.88,82.80400000006193,1119,4,453264.52400000003
2021-04-20,336.41,82.80400000006193,1119,4,426025.5940000001
2021-04-21,339.29,82.80400000006193,1119,4,449433.3140000001
2021-04-22,335.2,82.80400000006193,1119,4,414001.60400000005
2021-04-23,339.42,276.7840000000615,1200,4,446960.78400000004
2021-04-26,341.63,276.7840000000615,1200,4,459127.78400000004
2021-04-27,340.15,276.7840000000615,1200,4,445196.78400000004
2021-04-28,339.0,276.7840000000615,1200,4,434026.78400000004
2021-04-29,340.22,276.7840000000615,1200,4,442035.7840000001
2021-04-30,337.99,65.5940000000619,1181,4,424366.78400000004
2021-05-03,336.19,65.5940000000619,1181,4,411955.98400000005
2021-05-04,330.14,65.5940000000619,1181,4,395240.934
2021-05-05,329.03,65.5940000000619,1181,4,392610.02400000003
2021-05-06,331.51,65.5940000000619,1181,4,395868.90400000004
2021-05-07,334.2,91.99400000006062,1159,2,398374.79400000005
2021-05-10,325.76,91.99400000006062,1159,2,382267.83400000003
2021-05-11,325.31,91.99400000006062,1159,2,381911.28400000004
2021-05-12,316.89,91.99400000006062,1159,2,370117.5040000001
2021-05-13,319.34,91.99400000006062,1159,2,372187.05400000006
2021-05-14,326.39,122.9140000000607,1131,2,381040.004
2021-05-17,324.41,122.9140000000607,1131,2,375775.62400000007
2021-05-18,322.22,122.9140000000607,1131,2,371593.73400000005
2021-05-19,322.59,122.9140000000607,1131,2,371792.204
2021-05-20,328.83,122.9140000000607,1131,2,383964.64400000003
2021-05-21,327.01,138.6740000000591,1105,3,378039.72400000005
2021-05-24,332.51,138.6740000000591,1105,3,392642.22400000005
2021-05-25,332.97,138.6740000000591,1105,3,394910.5240000001
2021-05-26,334.13,138.6740000000591,1105,3,396412.3240000001
2021-05-27,332.88,138.6740000000591,1105,3,389861.0740000001
2021-05-28,333.93,243.20400000005975,1084,3,390108.3240000001
2021-06-01,332.82,243.20400000005975,1084,3,383130.0840000001
2021-06-02,333.47,243.20400000005975,1084,3,382349.6840000001
2021-06-03,330.0,243.20400000005975,1084,3,370173.2040000001
2021-06-04,335.6,91.70400000005975,1059,4,388272.1040000001
2021-06-07,336.6,91.70400000005975,1059,4,391476.1040000001
2021-06-08,336.76,91.70400000005975,1059,4,391865.54400000005
2021-06-09,336.84,91.70400000005975,1059,4,392115.2640000001
2021-06-10,340.35,91.70400000005975,1059,4,408262.3540000001
2021-06-11,341.24,267.4840000000604,1037,5,405943.36400000006
2021-06-14,344.51,267.4840000000604,1037,5,441124.35400000005
2021-06-15,342.26,267.4840000000604,1037,5,419816.10400000005
2021-06-16,341.01,267.4840000000604,1037,5,403834.85400000005
2021-06-17,345.34,267.4840000000604,1037,5,449410.064
2021-06-18,342.63,326.56400000006033,1021,5,411696.79400000005
2021-06-21,344.36,326.56400000006033,1021,5,417698.12400000007
2021-06-22,347.57,326.56400000006033,1021,5,450565.53400000004
2021-06-23,347.74,326.56400000006033,1021,5,447329.1040000001
2021-06-24,349.89,326.56400000006033,1021,5,473229.2540000001
2021-06-25,349.46,344.46400000005815,1106,5,463627.224
2021-06-28,353.71,344.46400000005815,1106,5,512107.724
2021-06-29,354.99,344.46400000005815,1106,5,536898.4040000001
2021-06-30,354.43,344.46400000005815,1106,5,526434.044
2021-07-01,354.57,344.46400000005815,1106,5,524333.8840000001
2021-07-02,358.64,109.84400000005553,1389,4,584170.804
2021-07-06,360.19,109.84400000005553,1389,4,598313.754
2021-07-07,360.95,109.84400000005553,1389,4,603714.3940000001
2021-07-08,358.77,109.84400000005553,1389,4,590236.3740000001
2021-07-09,361.01,332.0040000000554,1473,4,603709.734
2021-07-12,362.42,332.0040000000554,1473,4,613706.6640000001
2021-07-13,362.42,332.0040000000554,1473,4,613486.6640000001
2021-07-14,363.07,332.0040000000554,1473,4,617194.1140000001
2021-07-15,360.52,332.0040000000554,1473,4,591602.964
2021-07-16,357.6,290.5040000000554,1448,5,570400.3040000001
2021-07-19,354.67,290.5040000000554,1448,5,547402.6640000001
2021-07-20,358.79,290.5040000000554,1448,5,567503.4240000001
2021-07-21,361.56,290.5040000000554,1448,5,589884.3840000001
2021-07-22,363.95,290.5040000000554,1448,5,619525.104
2021-07-23,368.2,146.7040000000634,1592,5,662441.104
2021-07-26,368.49,146.7040000000634,1592,5,667027.784
2021-07-27,364.43,146.7040000000634,1592,5,624099.2640000001
2021-07-28,365.83,146.7040000000634,1592,5,628583.064
2021-07-29,366.48,146.7040000000634,1592,5,621752.8640000001
2021-07-30,364.57,167.14400000006344,1600,5,612079.1440000001
2021-08-02,364.6,167.14400000006344,1600,5,606517.1440000001
2021-08-03,366.81,167.14400000006344,1600,5,611978.1440000001
2021-08-04,367.34,167.14400000006344,1600,5,614036.1440000001
2021-08-05,369.67,167.14400000006344,1600,5,626729.1440000001
2021-08-06,368.05,32.54400000006444,1582,4,609677.6440000001
2021-08-09,368.73,32.54400000006444,1582,4,610423.4040000001
2021-08-10,366.84,32.54400000006444,1582,4,598963.4240000001
2021-08-11,366.21,32.54400000006444,1582,4,592631.7640000001
2021-08-12,367.53,32.54400000006444,1582,4,596260.0040000001
2021-08-13,368.82,306.8440000000646,1567,4,596892.784
2021-08-16,368.98,306.8440000000646,1567,4,595933.5040000001
2021-08-17,365.73,306.8440000000646,1567,4,583195.7540000001
2021-08-18,362.21,306.8440000000646,1567,4,575369.914
2021-08-19,363.96,306.8440000000646,1567,4,578112.164
2021-08-20,367.73,203.444000000065,1547,4,583986.7540000001
2021-08-23,373.23,203.444000000065,1547,4,608060.2540000001
2021-08-24,374.37,203.444000000065,1547,4,612848.834
2021-08-25,374.8,203.444000000065,1547,4,610819.044
2021-08-26,372.42,203.444000000065,1547,4,599437.184
2021-08-27,376.04,300.66400000006433,1529,5,611015.8240000001
2021-08-30,380.26,300.66400000006433,1529,5,653548.2040000001
2021-08-31,379.95,300.66400000006433,1529,5,650214.214
2021-09-01,380.58,300.66400000006433,1529,5,657722.484
2021-09-02,380.4,300.66400000006433,1529,5,649527.2640000001
2021-09-03,381.57,157.54400000006444,1545,5,658048.1940000001
2021-09-07,382.11,157.54400000006444,1545,5,660477.4940000002
2021-09-08,380.78,157.54400000006444,1545,5,640437.6440000001
2021-09-09,379.47,157.54400000006444,1545,5,625873.6940000001
2021-09-10,376.59,87.70400000006339,1521,5,607586.094
2021-09-13,376.33,87.70400000006339,1521,5,597235.634
2021-09-14,375.26,87.70400000006339,1521,5,588238.164
2021-09-15,378.05,87.70400000006339,1521,5,595286.7540000001
2021-09-16,378.31,87.70400000006339,1521,5,593537.214
2021-09-17,373.83,232.46400000006543,1499,4,575673.634
2021-09-20,365.7,232.46400000006543,1499,4,554301.764
2021-09-21,366.15,232.46400000006543,1499,4,554261.314
2021-09-22,369.57,232.46400000006543,1499,4,560157.894
2021-09-23,372.98,232.46400000006543,1499,4,566589.484
2021-09-24,373.33,133.0740000000651,1482,2,565123.134
2021-09-27,370.35,133.0740000000651,1482,2,555866.7740000001
2021-09-28,359.87,133.0740000000651,1482,2,536155.414
2021-09-29,359.28,133.0740000000651,1482,2,534951.034
2021-09-30,357.96,133.0740000000651,1482,2,532279.794
2021-10-01,360.18,337.7140000000654,1459,1,534640.334
2021-10-04,352.62,337.7140000000654,1459,1,518990.2940000001
2021-10-05,357.38,337.7140000000654,1459,1,527255.1340000001
2021-10-06,359.67,337.7140000000654,1459,1,532026.2440000001
2021-10-07,362.97,337.7140000000654,1459,1,537995.9440000001
2021-10-08,361.16,244.0540000000674,1435,2,532093.6540000001
2021-10-11,358.39,244.0540000000674,1435,2,523553.704
2021-10-12,357.14,244.0540000000674,1435,2,519284.954
2021-10-13,360.0,244.0540000000674,1435,2,525479.054
2021-10-14,366.63,244.0540000000674,1435,2,542748.1040000002
2021-10-15,368.94,126.35400000006757,1415,3,549786.454
2021-10-18,372.65,126.35400000006757,1415,3,569336.104
2021-10-19,375.47,126.35400000006757,1415,3,587296.4040000001
2021-10-20,374.98,126.35400000006757,1415,3,579068.0540000001
2021-10-21,377.27,126.35400000006757,1415,3,594078.404
2021-10-22,374.1,100.95400000006612,1394,4,570986.3540000002
2021-10-25,377.93,100.95400000006612,1394,4,588810.3740000001
2021-10-26,379.12,100.95400000006612,1394,4,609334.234
2021-10-27,380.0,100.95400000006612,1394,4,622605.954
2021-10-28,384.22,100.95400000006612,1394,4,645428.6340000001
2021-10-29,386.11,108.87400000006528,1372,5,673016.7940000001
2021-11-01,387.43,108.87400000006528,1372,5,683572.834
2021-11-02,389.05,108.87400000006528,1372,5,701250.474
2021-11-03,393.18,108.87400000006528,1372,5,737386.834
2021-11-04,398.22,108.87400000006528,1372,5,744301.7140000002
2021-11-05,398.6,82.97400000004563,1841,2,766960.5740000001
2021-11-08,398.06,82.97400000004563,1841,2,763381.434
2021-11-09,395.32,82.97400000004563,1841,2,752507.094
2021-11-10,389.51,82.97400000004563,1841,2,730975.8840000001
2021-11-11,390.59,82.97400000004563,1841,2,733569.164
2021-11-12,394.7,383.37400000004527,1814,3,746179.174
2021-11-15,394.61,383.37400000004527,1814,3,743320.9140000001
2021-11-16,397.42,383.37400000004527,1814,3,755238.2540000001
2021-11-17,397.63,383.37400000004527,1814,3,754409.194
2021-11-18,401.75,383.37400000004527,1814,3,778382.8740000001
2021-11-19,403.99,124.6540000000441,1792,4,791284.7340000002
2021-11-22,399.3,124.6540000000441,1792,4,759945.2540000001
2021-11-23,397.48,124.6540000000441,1792,4,744913.8140000001
2021-11-24,398.76,124.6540000000441,1792,4,750782.574
2021-11-26,391.2,232.85400000004483,1826,0,714564.054
2021-11-29,399.69,232.85400000004483,1826,0,730066.794
2021-11-30,393.82,232.85400000004483,1826,0,719348.174
2021-12-01,387.12,232.85400000004483,1826,0,707113.974
2021-12-02,389.91,232.85400000004483,1826,0,712208.5140000001
2021-12-03,383.13,232.85400000004483,1826,0,699828.234
2021-12-06,386.2,232.85400000004483,1826,0,705434.054
2021-12-07,397.83,232.85400000004483,1826,0,726670.434
2021-12-08,399.61,232.85400000004483,1826,0,729920.714
2021-12-09,393.73,232.85400000004483,1826,0,719183.834
2021-12-10,398.01,198.59400000004462,1802,1,726322.6140000001
2021-12-13,392.26,198.59400000004462,1802,1,712166.1140000001
2021-12-14,388.2,198.59400000004462,1802,1,703309.9940000001
2021-12-15,397.05,198.59400000004462,1802,1,723272.694
2021-12-16,386.84,198.59400000004462,1802,1,699814.274
2021-12-17,384.91,124.30400000004556,1771,2,695659.9140000001
2021-12-20,380.69,124.30400000004556,1771,2,683786.294
2021-12-21,389.21,124.30400000004556,1771,2,703825.2139999999
2021-12-22,393.95,124.30400000004556,1771,2,715574.754
2021-12-23,396.92,142.72400000004382,1745,3,723348.1240000001
2021-12-27,403.48,142.72400000004382,1745,3,754925.324
2021-12-28,401.61,142.72400000004382,1745,3,744952.1740000001
2021-12-29,401.55,142.72400000004382,1745,3,739402.474
2021-12-30,400.35,142.72400000004382,1745,3,730598.474
2021-12-31,397.85,11.024000000046726,1727,3,716247.9740000002
2022-01-03,401.68,11.024000000046726,1727,3,732927.3840000001
2022-01-04,396.47,11.024000000046726,1727,3,704789.7140000002
2022-01-05,384.29,11.024000000046726,1727,3,670224.8540000002
2022-01-06,384.02,11.024000000046726,1727,3,668108.564
2022-01-07,379.86,316.66400000004796,1703,1,657778.2440000002
2022-01-10,380.11,316.66400000004796,1703,1,657048.9940000002
2022-01-11,385.82,316.66400000004796,1703,1,671338.1240000001
2022-01-12,387.35,316.66400000004796,1703,1,675648.7140000002
2022-01-13,377.66,316.66400000004796,1703,1,650786.6440000001
2022-01-14,380.01,220.4340000000484,1676,2,654772.194
2022-01-18,370.55,220.4340000000484,1676,2,630007.234
2022-01-19,366.48,220.4340000000484,1676,2,618895.914
2022-01-20,361.72,220.4340000000484,1676,2,609158.1540000001
2022-01-21,351.69,78.9840000000479,1681,0,591269.8740000001
2022-01-24,353.3,78.9840000000479,1681,0,593976.2840000001
2022-01-25,345.11,78.9840000000479,1681,0,580208.8940000001
2022-01-26,344.57,78.9840000000479,1681,0,579301.1540000001
2022-01-27,341.1,78.9840000000479,1681,0,573468.0840000001
2022-01-28,351.8,78.9840000000479,1681,0,591454.7840000001
2022-01-31,363.05,78.9840000000479,1681,0,610366.0340000001
2022-02-01,365.52,78.9840000000479,1681,0,614518.104
2022-02-02,368.49,78.9840000000479,1681,0,619510.6740000001
2022-02-03,353.55,78.9840000000479,1681,0,594396.5340000001
2022-02-04,358.01,298.80400000004556,1649,1,601327.294
2022-02-07,355.13,298.80400000004556,1649,1,594048.174
2022-02-08,359.12,298.80400000004556,1649,1,601947.684
2022-02-09,366.73,298.80400000004556,1649,1,620766.574
2022-02-10,358.43,298.80400000004556,1649,1,600809.8740000001
2022-02-11,347.06,298.80400000004556,1649,1,576065.7440000001
2022-02-14,347.49,298.80400000004556,1649,1,576279.814
2022-02-15,356.13,298.80400000004556,1649,1,592287.174
2022-02-16,356.04,298.80400000004556,1649,1,591423.7640000001
2022-02-17,345.45,298.80400000004556,1649,1,571430.8539999999
2022-02-18,341.51,82.77400000004559,1652,0,564257.2940000001
2022-02-22,338.08,82.77400000004559,1652,0,558590.934
2022-02-23,329.42,82.77400000004559,1652,0,544284.6140000002
2022-02-24,340.49,82.77400000004559,1652,0,562572.2540000001
2022-02-25,345.77,82.77400000004559,1652,0,571294.814
2022-02-28,346.8,82.77400000004559,1652,0,572996.3740000001
2022-03-01,341.49,82.77400000004559,1652,0,564224.2540000001
2022-03-02,347.22,82.77400000004559,1652,0,573690.2140000002
2022-03-03,342.26,82.77400000004559,1652,0,565496.2940000001
2022-03-04,337.3,82.77400000004559,1652,0,557302.3740000001
2022-03-07,324.86,82.77400000004559,1652,0,536751.4940000001
2022-03-08,323.35,82.77400000004559,1652,0,534256.9740000002
2022-03-09,334.99,82.77400000004559,1652,0,553486.2540000001
2022-03-10,331.27,82.77400000004559,1652,0,547340.814
2022-03-11,324.4,82.77400000004559,1652,0,535991.574
2022-03-14,318.17,82.77400000004559,1652,0,525699.6140000002
2022-03-15,328.15,82.77400000004559,1652,0,542186.574
2022-03-16,340.32,82.77400000004559,1652,0,562291.4140000001
2022-03-17,344.44,82.77400000004559,1652,0,569097.6540000001
2022-03-18,351.49,237.46400000004542,1621,1,580067.7540000001
2022-03-21,350.08,237.46400000004542,1621,1,576682.144
2022-03-22,356.96,237.46400000004542,1621,1,594049.624
2022-03-23,351.83,237.46400000004542,1621,1,580508.894
2022-03-24,359.65,237.46400000004542,1621,1,600940.114
2022-03-25,359.35,140.8140000000476,1590,2,598347.314
2022-03-28,364.91,140.8140000000476,1590,2,618352.714
2022-03-29,371.19,140.8140000000476,1590,2,645717.914
2022-03-30,367.09,140.8140000000476,1590,2,627758.914
2022-03-31,362.54,140.8140000000476,1590,2,606224.414
2022-04-01,361.85,112.96400000004905,1561,3,597740.8140000001
2022-04-04,369.3,112.96400000004905,1561,3,634285.2640000001
2022-04-05,361.1,112.96400000004905,1561,3,594645.0640000001
2022-04-06,353.26,112.96400000004905,1561,3,564091.824
2022-04-07,354.1,112.96400000004905,1561,3,565513.0640000001
2022-04-08,349.15,104.46400000004905,1531,3,550108.1140000001
2022-04-11,340.89,104.46400000004905,1531,3,529377.054
2022-04-12,339.45,104.46400000004905,1531,3,525632.414
2022-04-13,346.35,104.46400000004905,1531,3,537846.314
2022-04-14,338.43,58.154000000049564,1498,2,520336.29400000005
2022-04-18,338.69,58.154000000049564,1498,2,521825.77400000003
2022-04-19,346.26,58.154000000049564,1498,2,536575.6340000001
2022-04-20,341.21,58.154000000049564,1498,2,525545.7339999999
2022-04-21,334.15,58.154000000049564,1498,2,508259.854
2022-04-22,325.4,240.75400000005038,1509,0,491269.35400000005
2022-04-25,329.58,240.75400000005038,1509,0,497576.97400000005
2022-04-26,317.14,240.75400000005038,1509,0,478805.014
2022-04-27,316.76,240.75400000005038,1509,0,478231.59400000004
2022-04-28,328.01,240.75400000005038,1509,0,495207.84400000004
2022-04-29,313.25,240.75400000005038,1509,0,472935.0040000001
2022-05-02,318.48,240.75400000005038,1509,0,480827.0740000001
2022-05-03,318.82,240.75400000005038,1509,0,481340.1340000001
2022-05-04,329.6,240.75400000005038,1509,0,497607.1540000001
2022-05-05,313.0,240.75400000005038,1509,0,472557.7540000001
2022-05-06,309.25,240.75400000005038,1509,0,466899.0040000001
2022-05-09,297.15,240.75400000005038,1509,0,448640.10400000005
2022-05-10,300.76,240.75400000005038,1509,0,454087.59400000004
2022-05-11,291.84,240.75400000005038,1509,0,440627.314
2022-05-12,291.15,240.75400000005038,1509,0,439586.10400000005
2022-05-13,301.94,240.75400000005038,1509,0,455868.2140000001
2022-05-16,298.44,240.75400000005038,1509,0,450586.7140000001
2022-05-17,306.17,240.75400000005038,1509,0,462251.2840000001
2022-05-18,291.14,240.75400000005038,1509,0,439571.014
2022-05-19,289.58,240.75400000005038,1509,0,437216.97400000005
2022-05-20,288.68,240.75400000005038,1509,0,435858.87400000007
2022-05-23,293.48,240.75400000005038,1509,0,443102.0740000001
2022-05-24,287.24,240.75400000005038,1509,0,433685.9140000001
2022-05-25,291.26,240.75400000005038,1509,0,439752.09400000004
2022-05-26,299.33,240.75400000005038,1509,0,451929.72400000005
2022-05-27,309.1,268.2540000000499,1469,1,466106.1540000001
2022-05-31,308.28,268.2540000000499,1469,1,463086.574
2022-06-01,306.0,268.2540000000499,1469,1,457042.2540000001
2022-06-02,314.38,268.2540000000499,1469,1,476227.47400000005
2022-06-03,306.2,93.5540000000492,1430,2,455559.55400000006
2022-06-06,307.22,93.5540000000492,1430,2,457403.1540000001
2022-06-07,309.87,93.5540000000492,1430,2,463282.6540000001
2022-06-08,307.64,93.5540000000492,1430,2,455748.754
2022-06-09,299.4,93.5540000000492,1430,2,436375.554
2022-06-10,288.84,35.53400000004922,1433,1,415923.254
2022-06-13,275.41,35.53400000004922,1433,1,395688.0640000001
2022-06-14,275.91,35.53400000004922,1433,1,396184.5640000001
2022-06-15,282.8,35.53400000004922,1433,1,406222.93400000007
2022-06-16,271.39,35.53400000004922,1433,1,389377.40400000004
2022-06-17,274.69,184.34400000004933,1434,0,394089.80400000006
2022-06-21,281.08,184.34400000004933,1434,0,403253.064
2022-06-22,280.67,184.34400000004933,1434,0,402665.12400000007
2022-06-23,284.85,184.34400000004933,1434,0,408659.24400000006
2022-06-24,294.61,184.34400000004933,1434,0,422655.08400000003
2022-06-27,292.45,184.34400000004933,1434,0,419557.64400000003
2022-06-28,283.54,184.34400000004933,1434,0,406780.7040000001
2022-06-29,283.8,184.34400000004933,1434,0,407153.54400000005
2022-06-30,280.28,184.34400000004933,1434,0,402105.864
2022-07-01,282.13,130.17400000005182,1393,1,404082.264
2022-07-05,286.96,130.17400000005182,1393,1,414880.454
2022-07-06,288.8,130.17400000005182,1393,1,418818.5740000001
2022-07-07,294.98,130.17400000005182,1393,1,434632.3140000001
2022-07-08,295.35,171.97400000005655,1355,2,434416.2240000001
2022-07-11,289.04,171.97400000005655,1355,2,413546.17400000006
2022-07-12,286.24,171.97400000005655,1355,2,404417.17400000006
2022-07-13,285.65,171.97400000005655,1355,2,401967.724
2022-07-14,286.67,171.97400000005655,1355,2,403734.8240000001
2022-07-15,291.87,136.53400000005786,1317,3,415164.324
2022-07-18,289.4,136.53400000005786,1317,3,404981.33400000003
2022-07-19,298.3,136.53400000005786,1317,3,444477.6340000001
2022-07-20,303.03,136.53400000005786,1317,3,470562.044
2022-07-21,307.38,136.53400000005786,1317,3,488335.99400000006
2022-07-22,301.99,16.624000000056185,1276,4,452675.86400000006
2022-07-25,300.27,16.624000000056185,1276,4,439261.14400000003
2022-07-26,294.37,16.624000000056185,1276,4,408137.74400000006
2022-07-27,306.81,16.624000000056185,1276,4,470486.18400000007
2022-07-28,309.81,16.624000000056185,1276,4,511549.18400000007
2022-07-29,315.46,110.7640000000556,1242,5,546737.084
2022-08-01,315.27,110.7640000000556,1242,5,548756.104
2022-08-02,314.33,110.7640000000556,1242,5,533068.6240000001
2022-08-03,322.89,110.7640000000556,1242,5,625485.1440000001
2022-08-04,324.4,110.7640000000556,1242,5,646170.564
2022-08-05,321.75,256.5140000000538,1477,5,619471.2640000001
2022-08-08,320.71,256.5140000000538,1477,5,609355.184
2022-08-09,317.08,256.5140000000538,1477,5,573083.674
2022-08-10,325.93,256.5140000000538,1477,5,657820.1240000001
2022-08-11,324.08,256.5140000000538,1477,5,639962.674
2022-08-12,330.39,322.50400000004447,1886,4,720183.044
2022-08-15,333.06,322.50400000004447,1886,4,740508.6640000001
2022-08-16,332.28,322.50400000004447,1886,4,732657.584
2022-08-17,328.49,322.50400000004447,1886,4,701089.6440000001
2022-08-18,329.28,322.50400000004447,1886,4,701919.584
2022-08-19,322.86,235.3840000000455,1853,5,649259.9640000002
2022-08-22,314.36,235.3840000000455,1853,5,600124.4640000002
2022-08-23,314.1,235.3840000000455,1853,5,596012.6840000001
2022-08-24,315.01,235.3840000000455,1853,5,596653.9140000001
2022-08-25,320.58,235.3840000000455,1853,5,617205.1240000001
2022-08-26,307.44,275.72400000004745,1817,2,572204.204
2022-08-29,304.41,275.72400000004745,1817,2,563123.6940000001
2022-08-30,301.02,275.72400000004745,1817,2,553884.064
2022-08-31,299.27,275.72400000004745,1817,2,549384.314
2022-09-01,299.4,275.72400000004745,1817,2,549400.524
2022-09-02,295.17,109.01400000004833,1780,2,539316.6140000001
2022-09-06,293.05,109.01400000004833,1780,2,531638.014
2022-09-07,298.97,109.01400000004833,1780,2,546300.6140000002
2022-09-08,300.52,109.01400000004833,1780,2,550214.6140000001
2022-09-09,307.09,244.02400000004673,1741,3,568492.714
2022-09-12,310.74,244.02400000004673,1741,3,587992.3640000001
2022-09-13,293.7,244.02400000004673,1741,3,522740.724
2022-09-14,296.03,244.02400000004673,1741,3,528777.254
2022-09-15,291.1,244.02400000004673,1741,3,514639.12400000007
2022-09-16,289.32,107.22400000004563,1706,3,508867.14400000003
2022-09-19,291.05,107.22400000004563,1706,3,513688.5240000001
2022-09-20,288.73,107.22400000004563,1706,3,507365.60400000005
2022-09-21,283.56,107.22400000004563,1706,3,491505.58400000003
2022-09-22,280.07,107.22400000004563,1706,3,482416.64400000003
2022-09-23,275.51,107.62400000004573,1716,0,472882.78400000004
2022-09-26,274.37,107.62400000004573,1716,0,470926.54400000005
2022-09-27,274.48,107.62400000004573,1716,0,471115.3040000001
2022-09-28,279.94,107.62400000004573,1716,0,480484.66400000005
2022-09-29,271.87,107.62400000004573,1716,0,466636.54400000005
2022-09-30,267.26,107.62400000004573,1716,0,458725.78400000004
2022-10-03,273.53,107.62400000004573,1716,0,469485.10400000005
2022-10-04,282.13,107.62400000004573,1716,0,484242.7040000001
2022-10-05,281.98,107.62400000004573,1716,0,483985.3040000001
2022-10-06,279.76,107.62400000004573,1716,0,480175.78400000004
2022-10-07,269.1,107.62400000004573,1716,0,461883.2240000001
2022-10-10,266.41,107.62400000004573,1716,0,457267.1840000001
2022-10-11,262.75,107.62400000004573,1716,0,450986.62400000007
2022-10-12,262.66,107.62400000004573,1716,0,450832.1840000001
2022-10-13,268.82,107.62400000004573,1716,0,461402.74400000006
2022-10-14,260.74,107.62400000004573,1716,0,447537.4640000001
2022-10-17,269.35,107.62400000004573,1716,0,462312.2240000001
2022-10-18,271.48,107.62400000004573,1716,0,465967.3040000001
2022-10-19,270.49,107.62400000004573,1716,0,464268.4640000001
2022-10-20,269.11,107.62400000004573,1716,0,461900.3840000001
2022-10-21,275.42,107.62400000004573,1716,0,472728.3440000001
2022-10-24,278.45,107.62400000004573,1716,0,477927.824
2022-10-25,284.21,107.62400000004573,1716,0,487811.98400000005
2022-10-26,277.93,107.62400000004573,1716,0,477035.5040000001
2022-10-27,272.87,107.62400000004573,1716,0,468352.54400000005
2022-10-28,281.22,9.924000000048181,1676,1,482279.6440000001
2022-10-31,277.95,9.924000000048181,1676,1,473444.124
2022-11-01,275.11,9.924000000048181,1676,1,466704.2840000001
2022-11-02,265.68,9.924000000048181,1676,1,447214.60400000005
2022-11-03,260.49,9.924000000048181,1676,1,437691.16400000005
2022-11-04,264.68,76.36400000005051,1643,1,444570.60400000005
2022-11-07,267.59,76.36400000005051,1643,1,450616.734
2022-11-08,269.54,76.36400000005051,1643,1,455140.5840000001
2022-11-09,263.32,76.36400000005051,1643,1,440466.12400000007
2022-11-10,282.75,76.36400000005051,1643,1,491584.61400000006
2022-11-11,287.96,209.38400000004913,1606,2,506673.144
2022-11-14,285.44,209.38400000004913,1606,2,497071.0240000001
2022-11-15,289.39,209.38400000004913,1606,2,512379.72400000005
2022-11-16,285.44,209.38400000004913,1606,2,495146.0240000001
2022-11-17,284.81,209.38400000004913,1606,2,491439.24400000006
2022-11-18,284.82,171.2240000000511,1569,3,488798.80400000006
2022-11-21,281.89,171.2240000000511,1569,3,471881.634
2022-11-22,285.95,171.2240000000511,1569,3,486501.77400000003
2022-11-23,288.82,171.2240000000511,1569,3,498484.80400000006
2022-11-25,286.92,53.084000000051674,1536,4,484927.204
2022-11-28,282.71,53.084000000051674,1536,4,462510.644
2022-11-29,280.57,53.084000000051674,1536,4,451248.60400000005
2022-11-30,293.36,53.084000000051674,1536,4,526774.044
2022-12-01,293.72,53.084000000051674,1536,4,522597.0040000001
2022-12-02,292.55,140.63400000005277,1505,5,508793.3840000001
2022-12-05,287.64,140.63400000005277,1505,5,467743.83400000003
2022-12-06,281.68,140.63400000005277,1505,5,438149.0340000001
2022-12-07,280.53,140.63400000005277,1505,5,432073.28400000004
2022-12-08,283.85,140.63400000005277,1505,5,441689.88400000014
2022-12-09,282.04,127.87400000005437,1474,3,430924.8340000001
2022-12-12,285.58,127.87400000005437,1474,3,443127.79400000005
2022-12-13,288.65,127.87400000005437,1474,3,448257.97400000005
2022-12-14,286.51,127.87400000005437,1474,3,436468.61400000006
2022-12-15,276.89,127.87400000005437,1474,3,412608.73400000005
2022-12-16,274.25,109.37400000005437,1442,2,406522.87400000007
2022-12-19,269.75,109.37400000005437,1442,2,395908.87400000007
2022-12-20,269.54,109.37400000005437,1442,2,394726.0540000001
2022-12-21,273.45,109.37400000005437,1442,2,402179.27400000003
2022-12-22,266.76,109.37400000005437,1442,2,388572.29400000005
2022-12-23,267.36,91.61400000005415,1408,2,388414.49400000006
2022-12-27,263.58,91.61400000005415,1408,2,378747.254
2022-12-28,260.1,91.61400000005415,1408,2,371427.4140000001
2022-12-29,266.44,91.61400000005415,1408,2,384039.1340000001
2022-12-30,266.28,175.97400000005473,1371,2,382570.854
2023-01-03,264.48,175.97400000005473,1371,2,375043.05400000006
2023-01-04,265.74,175.97400000005473,1371,2,377870.5140000001
2023-01-05,261.58,175.97400000005473,1371,2,366887.15400000004
2023-01-06,268.8,3.6740000000554573,1337,3,383094.2740000001
2023-01-09,270.54,3.6740000000554573,1337,3,389490.6540000001
2023-01-10,272.83,3.6740000000554573,1337,3,398327.384
2023-01-11,277.55,3.6740000000554573,1337,3,421908.0240000001
2023-01-12,279.05,3.6740000000554573,1337,3,420503.5240000001
2023-01-13,280.97,239.18400000005568,1304,4,426244.06400000013
2023-01-17,281.54,239.18400000005568,1304,4,429572.3440000001
2023-01-18,277.88,239.18400000005568,1304,4,401974.7040000001
2023-01-19,275.15,239.18400000005568,1304,4,387359.78400000004
2023-01-20,282.68,84.68400000005568,1279,5,431317.4040000001
2023-01-23,288.96,84.68400000005568,1279,5,491929.52400000003
2023-01-24,288.37,84.68400000005568,1279,5,504539.91400000005
2023-01-25,287.73,84.68400000005568,1279,5,472151.3540000001
2023-01-26,293.34,84.68400000005568,1279,5,538066.544
2023-01-27,296.26,3.704000000056112,1452,5,579278.224
2023-01-30,290.27,3.704000000056112,1452,5,527240.7440000001
2023-01-31,294.62,3.704000000056112,1452,5,562541.944
2023-02-01,300.92,3.704000000056112,1452,5,638349.5440000001
2023-02-02,311.72,3.704000000056112,1452,5,681806.1440000001
2023-02-03,306.18,305.90400000000955,1887,4,676352.564
2023-02-06,303.59,2.314000000009571,1888,4,658100.2339999999
2023-02-07,309.88,2.314000000009571,1888,4,696265.754
2023-02-08,304.37,2.314000000009571,1888,4,663477.8740000001
2023-02-09,301.68,2.314000000009571,1888,4,646794.154
2023-02-10,299.7,80.3140000000094,1853,5,629949.414
2023-02-13,304.5,80.3140000000094,1853,5,665078.814
2023-02-14,306.75,80.3140000000094,1853,5,677663.064
2023-02-15,309.1,80.3140000000094,1853,5,708032.6140000001
2023-02-16,303.3,80.3140000000094,1853,5,642670.214
2023-02-17,301.16,220.5740000000078,1892,4,611320.2940000001
2023-02-21,294.03,220.5740000000078,1892,4,571045.3339999999
2023-02-22,294.25,220.5740000000078,1892,4,567611.574
2023-02-23,296.82,220.5740000000078,1892,4,572749.014
2023-02-24,291.85,181.92400000000816,1861,2,555634.7740000001
2023-02-27,293.94,181.92400000000816,1861,2,561119.264
2023-02-28,293.56,181.92400000000816,1861,2,558047.084
2023-03-01,291.2,181.92400000000816,1861,2,551125.124
2023-03-02,293.61,181.92400000000816,1861,2,557590.1340000001
2023-03-03,299.68,94.22400000000926,1826,3,576074.9040000001
2023-03-06,300.02,94.22400000000926,1826,3,575265.7440000001
2023-03-07,296.34,94.22400000000926,1826,3,560406.064
2023-03-08,297.82,94.22400000000926,1826,3,563878.544
2023-03-09,292.66,94.22400000000926,1826,3,546261.3840000001
2023-03-10,288.55,164.8240000000078,1794,3,532838.524
2023-03-13,290.69,164.8240000000078,1794,3,542837.684
2023-03-14,297.37,164.8240000000078,1794,3,563511.604
2023-03-15,298.93,164.8240000000078,1794,3,573790.2440000001
2023-03-16,306.81,164.8240000000078,1794,3,614986.964
2023-03-17,305.36,74.84400000000642,1762,4,611104.1640000001
2023-03-20,305.97,74.84400000000642,1762,4,609098.984
2023-03-21,310.34,74.84400000000642,1762,4,638083.924
2023-03-22,306.12,74.84400000000642,1762,4,599903.2840000001
2023-03-23,309.75,74.84400000000642,1762,4,628739.344
2023-03-24,310.89,255.04400000000533,1732,5,636671.524
2023-03-27,308.76,255.04400000000533,1732,5,604602.364
2023-03-28,307.12,255.04400000000533,1732,5,582621.884
2023-03-29,312.72,255.04400000000533,1732,5,629006.084
2023-03-30,315.68,255.04400000000533,1732,5,665207.804
2023-03-31,320.93,0.15400000000954606,2055,4,737281.304
2023-04-03,320.15,0.15400000000954606,2055,4,723248.404
2023-04-04,319.07,0.15400000000954606,2055,4,712174.004
2023-04-05,315.92,0.15400000000954606,2055,4,677045.754
2023-04-06,318.05,273.2540000000099,2053,4,688264.904
2023-04-10,317.87,273.2540000000099,2053,4,683935.364
2023-04-11,315.83,273.2540000000099,2053,4,670727.244
2023-04-12,313.04,273.2540000000099,2053,4,654714.374
2023-04-13,319.17,273.2540000000099,2053,4,679564.264
2023-04-14,318.57,255.28400000000875,2024,5,671385.9639999999
2023-04-17,318.84,255.28400000000875,2024,5,667807.4439999999
2023-04-18,318.86,255.28400000000875,2024,5,662512.924
2023-04-19,318.71,255.28400000000875,2024,5,660449.3239999999
2023-04-20,316.28,255.28400000000875,2024,5,649811.004
2023-04-21,316.61,46.3140000000094,2001,3,647827.924
2023-04-24,315.95,46.3140000000094,2001,3,643317.264
2023-04-25,309.99,46.3140000000094,2001,3,627266.304
2023-04-26,311.87,46.3140000000094,2001,3,629323.184
2023-04-27,320.35,46.3140000000094,2001,3,663396.6640000001
2023-04-28,322.56,126.25400000000991,1977,4,666372.374
2023-05-01,322.19,126.25400000000991,1977,4,660525.884
2023-05-02,319.38,126.25400000000991,1977,4,646665.514
2023-05-03,317.29,126.25400000000991,1977,4,638738.584
2023-05-04,316.17,126.25400000000991,1977,4,632949.344
2023-05-05,322.89,171.05400000000918,1957,4,653406.784
2023-05-08,323.69,171.05400000000918,1957,4,653597.384
2023-05-09,321.64,171.05400000000918,1957,4,644745.534
2023-05-10,325.14,171.05400000000918,1957,4,658965.034
2023-05-11,326.2,171.05400000000918,1957,4,660489.454
2023-05-12,325.03,148.65400000000864,1937,4,650961.764
2023-05-15,326.79,148.65400000000864,1937,4,658165.8840000001
2023-05-16,327.16,148.65400000000864,1937,4,660917.574
2023-05-17,331.12,148.65400000000864,1937,4,686353.094
2023-05-18,337.27,148.65400000000864,1937,4,742430.644
2023-05-19,336.51,136.41400000000795,1911,5,730767.024
2023-05-22,337.64,136.41400000000795,1911,5,744971.4539999999
2023-05-23,333.36,136.41400000000795,1911,5,695377.3740000001
2023-05-24,331.65,136.41400000000795,1911,5,678689.5639999999
2023-05-25,339.72,136.41400000000795,1911,5,769846.334
2023-05-26,348.4,272.3140000000276,2155,4,850954.314
2023-05-30,349.98,272.3140000000276,2155,4,859694.214
2023-05-31,347.99,272.3140000000276,2155,4,843195.7640000001
2023-06-01,352.01,272.3140000000276,2155,4,872373.864
2023-06-02,354.65,242.76400000005378,2356,3,888727.164
2023-06-05,354.9,242.76400000005378,2356,3,887704.164
2023-06-06,354.84,242.76400000005378,2356,3,886311.804
2023-06-07,348.82,242.76400000005378,2356,3,849695.6840000001
2023-06-08,353.15,242.76400000005378,2356,3,872700.164
2023-06-09,354.5,254.06400000005306,2331,4,881410.564
2023-06-12,360.49,254.06400000005306,2331,4,926865.2540000001
2023-06-13,363.26,254.06400000005306,2331,4,948587.124
2023-06-14,365.9,254.06400000005306,2331,4,972389.9639999999
2023-06-15,370.26,254.06400000005306,2331,4,1006439.124
2023-06-16,367.93,56.97400000007474,2454,4,987131.194
2023-06-20,366.9,56.97400000007474,2454,4,970589.574
2023-06-21,361.9,56.97400000007474,2454,4,928579.574
2023-06-22,366.17,56.97400000007474,2454,4,956644.1540000001
2023-06-23,362.54,76.13400000007641,2420,5,925189.9340000001
2023-06-26,357.68,76.13400000007641,2420,5,887725.734
2023-06-27,363.83,76.13400000007641,2420,5,922886.734
2023-06-28,364.54,76.13400000007641,2420,5,932357.9340000001
2023-06-29,363.81,76.13400000007641,2420,5,915135.334
2023-06-30,369.42,216.45400000007703,2439,5,962177.834
2023-07-03,370.29,216.45400000007703,2439,5,964311.7640000001
2023-07-05,370.28,216.45400000007703,2439,5,958441.374
2023-07-06,367.46,216.45400000007703,2439,5,931500.394
2023-07-07,366.24,110.87400000007801,2411,4,918187.5140000001
2023-07-10,366.36,110.87400000007801,2411,4,917196.8340000001
2023-07-11,368.17,110.87400000007801,2411,4,925272.7440000001
2023-07-12,372.82,110.87400000007801,2411,4,958307.8940000001
2023-07-13,379.15,110.87400000007801,2411,4,1032769.524
2023-07-14,379.07,378.3140000000785,2499,4,1030618.2440000001
2023-07-17,382.61,378.3140000000785,2499,4,1055976.7040000001
2023-07-18,385.74,378.3140000000785,2499,4,1087990.574
2023-07-19,385.65,378.3140000000785,2499,4,1084053.664
2023-07-20,376.76,1.5540000000785312,2500,4,1000269.5540000001
2023-07-21,375.63,354.51400000007743,2468,5,985201.354
2023-07-24,376.23,354.51400000007743,2468,5,984442.1540000001
2023-07-25,378.78,354.51400000007743,2468,5,1006223.554
2023-07-26,377.52,354.51400000007743,2468,5,986281.8740000001
2023-07-27,376.62,354.51400000007743,2468,5,965948.6740000001
2023-07-28,383.48,170.85400000007758,2495,5,1027442.4540000001
2023-07-31,383.68,170.85400000007758,2495,5,1027494.454
2023-08-01,382.79,170.85400000007758,2495,5,1011428.9040000001
2023-08-02,374.39,170.85400000007758,2495,5,954304.904
2023-08-03,373.79,170.85400000007758,2495,5,952807.9040000001
2023-08-04,372.04,303.7940000000781,2469,3,936169.5540000001
2023-08-07,375.19,303.7940000000781,2469,3,945762.9040000001
2023-08-08,372.0,303.7940000000781,2469,3,931413.7940000001
2023-08-09,367.91,303.7940000000781,2469,3,916584.5840000001
2023-08-10,368.59,303.7940000000781,2469,3,916904.5040000001
2023-08-11,366.24,243.79400000007627,2439,2,907868.1540000001
2023-08-14,370.35,243.79400000007627,2439,2,923287.4440000001
2023-08-15,366.42,243.79400000007627,2439,2,907332.1740000001
2023-08-16,362.54,243.79400000007627,2439,2,893188.8540000002
2023-08-17,358.58,243.79400000007627,2439,2,879825.4140000001
2023-08-18,358.13,125.5640000000767,2410,2,877063.8640000002
2023-08-21,363.9,125.5640000000767,2410,2,898509.5640000001
2023-08-22,363.38,125.5640000000767,2410,2,896606.3640000002
2023-08-23,369.11,125.5640000000767,2410,2,923025.6640000001
2023-08-24,361.22,125.5640000000767,2410,2,885875.7640000002
2023-08-25,364.02,236.66400000007525,2380,3,894099.2640000001
2023-08-28,366.76,236.66400000007525,2380,3,905105.464
2023-08-29,374.77,236.66400000007525,2380,3,954589.2640000001
2023-08-30,376.86,236.66400000007525,2380,3,966843.4640000002
2023-08-31,377.99,236.66400000007525,2380,3,974017.8640000002
2023-09-01,377.59,34.21400000007452,2355,4,965142.664
2023-09-05,378.07,34.21400000007452,2355,4,967035.064
2023-09-06,374.74,34.21400000007452,2355,4,935015.9140000001
2023-09-07,372.06,34.21400000007452,2355,4,912657.5140000001
2023-09-08,372.58,208.49400000007336,2324,4,912923.414
2023-09-11,376.97,208.49400000007336,2324,4,941971.7740000001
2023-09-12,372.79,208.49400000007336,2324,4,907161.4540000001
2023-09-13,374.21,208.49400000007336,2324,4,911658.534
2023-09-14,377.27,208.49400000007336,2324,4,931432.974
2023-09-15,370.81,333.9640000000727,2297,4,879347.534
2023-09-18,370.66,333.9640000000727,2297,4,878713.984
2023-09-19,369.87,333.9640000000727,2297,4,871290.354
2023-09-20,364.54,333.9640000000727,2297,4,846122.344
2023-09-21,357.86,333.9640000000727,2297,4,826020.3840000001
2023-09-22,357.91,82.59400000007008,2264,2,824598.8340000001
2023-09-25,359.61,82.59400000007008,2264,2,829113.6340000001
2023-09-26,354.21,82.59400000007008,2264,2,810968.034
2023-09-27,355.04,82.59400000007008,2264,2,813217.1540000001
2023-09-28,358.01,82.59400000007008,2264,2,821051.234
2023-09-29,358.27,231.37400000007074,2230,2,821225.474
2023-10-02,361.26,231.37400000007074,2230,2,832555.174
2023-10-03,354.92,231.37400000007074,2230,2,808130.9740000002
2023-10-04,359.75,231.37400000007074,2230,2,824599.8740000001
2023-10-05,358.69,231.37400000007074,2230,2,818610.074
2023-10-06,364.7,324.9740000000693,2196,3,844940.174
2023-10-09,366.56,324.9740000000693,2196,3,853316.734
2023-10-10,368.59,324.9740000000693,2196,3,863398.614
2023-10-11,371.22,324.9740000000693,2196,3,881458.0940000002
2023-10-12,369.93,324.9740000000693,2196,3,866859.2540000001
2023-10-13,365.28,364.2940000000672,2162,4,833241.6540000001
2023-10-16,369.41,364.2940000000672,2162,4,859856.7140000002
2023-10-17,368.2,364.2940000000672,2162,4,846732.6940000001
2023-10-18,363.37,0.9240000000671671,2163,4,816976.2340000002
2023-10-19,359.97,0.9240000000671671,2163,4,796006.0340000002
2023-10-20,354.6,267.92400000006637,2127,3,773964.1240000002
2023-10-23,355.67,267.92400000006637,2127,3,776092.0140000002
2023-10-24,359.13,267.92400000006637,2127,3,785079.4340000001
2023-10-25,350.34,267.92400000006637,2127,3,752841.104
2023-10-26,343.66,267.92400000006637,2127,3,735154.7440000002
2023-10-27,345.31,323.7240000000638,2087,2,737709.694
2023-10-30,349.2,323.7240000000638,2087,2,748936.1240000001
2023-10-31,350.87,323.7240000000638,2087,2,752051.4140000001
2023-11-01,356.96,323.7240000000638,2087,2,776823.244
2023-11-02,363.44,323.7240000000638,2087,2,806035.0040000001
2023-11-03,367.71,15.404000000062297,2059,3,831870.2940000001
2023-11-06,369.21,15.404000000062297,2059,3,836882.7940000001
2023-11-07,372.7,15.404000000062297,2059,3,865306.704
2023-11-08,372.94,15.404000000062297,2059,3,865060.8640000001
2023-11-09,370.07,15.404000000062297,2059,3,841169.5340000001
2023-11-10,378.39,286.8540000000612,2024,4,911632.214
2023-11-13,377.21,286.8540000000612,2024,4,897995.894
2023-11-14,385.33,286.8540000000612,2024,4,983990.774
2023-11-15,385.62,286.8540000000612,2024,4,973847.734
2023-11-16,385.95,286.8540000000612,2024,4,986725.654
2023-11-17,386.04,6.854000000050291,2214,4,987603.4140000001
2023-11-20,390.74,6.854000000050291,2214,4,1037821.214
2023-11-21,388.47,6.854000000050291,2214,4,1011409.4340000001
2023-11-22,390.06,6.854000000050291,2214,4,1035205.694
2023-11-24,389.51,379.58400000006077,2431,4,1026288.394
2023-11-27,389.17,379.58400000006077,2431,4,1022169.854
2023-11-28,390.19,379.58400000006077,2431,4,1031349.474
2023-11-29,389.81,379.58400000006077,2431,4,1028115.694
2023-11-30,388.83,379.58400000006077,2431,4,1010755.314
2023-12-01,389.94,42.50400000006084,2403,5,1022502.324
2023-12-04,386.32,42.50400000006084,2403,5,976831.464
2023-12-05,387.29,42.50400000006084,2403,5,987160.3740000001
2023-12-06,385.05,42.50400000006084,2403,5,961695.6540000001
2023-12-07,390.43,42.50400000006084,2403,5,1016237.7940000001
2023-12-08,392.17,166.58400000006077,2499,5,1030019.4140000001
2023-12-11,395.52,166.58400000006077,2499,5,1063999.064
2023-12-12,398.67,166.58400000006077,2499,5,1099904.914
2023-12-13,403.74,166.58400000006077,2499,5,1167864.844
2023-12-14,403.39,166.58400000006077,2499,5,1163688.1940000001
2023-12-15,405.34,131.32400000008056,2648,5,1198403.6439999999
2023-12-18,407.08,131.32400000008056,2648,5,1235441.1639999999
2023-12-19,409.16,131.32400000008056,2648,5,1278547.0040000002
2023-12-20,403.08,131.32400000008056,2648,5,1169437.1639999999
2023-12-21,407.77,131.32400000008056,2648,5,1246804.284
2023-12-22,408.38,356.0840000000826,2726,5,1255637.964
2023-12-26,410.88,356.0840000000826,2726,5,1293886.964
2023-12-27,411.5,356.0840000000826,2726,5,1295577.084
2023-12-28,411.3,356.0840000000826,2726,5,1121559.884
2023-12-29,409.52,191.28400000008696,2776,5,1244736.804
2024-01-02,402.59,191.28400000008696,2776,5,1157639.1239999998
2024-01-03,398.33,191.28400000008696,2776,5,1121087.3639999998
2024-01-04,396.28,191.28400000008696,2776,5,1108376.564
2024-01-05,396.75,117.1840000000866,2750,3,1106857.6840000001
2024-01-08,404.95,117.1840000000866,2750,3,1152261.6840000001
2024-01-09,405.75,117.1840000000866,2750,3,1155085.6840000001
2024-01-10,408.5,117.1840000000866,2750,3,1179652.1840000001
2024-01-11,409.35,117.1840000000866,2750,3,1177075.6840000001
2024-01-12,409.56,226.8640000000869,2742,3,1170118.384
2024-01-16,409.52,226.8640000000869,2742,3,1170164.704
2024-01-17,407.21,226.8640000000869,2742,3,1153690.684
2024-01-18,412.99,226.8640000000869,2742,3,1195747.4440000001
2024-01-19,421.18,134.16400000008616,2712,4,1271416.324
2024-01-22,421.73,134.16400000008616,2712,4,1265326.924
2024-01-23,423.48,134.16400000008616,2712,4,1281325.924
2024-01-24,425.83,134.16400000008616,2712,4,1299561.124
2024-01-25,426.35,134.16400000008616,2712,4,1309782.364
2024-01-26,423.81,325.41400000008616,2677,5,1276896.7840000002
2024-01-29,428.15,325.41400000008616,2677,5,1333247.9640000002
2024-01-30,425.3,325.41400000008616,2677,5,1281377.5140000002
2024-01-31,416.97,325.41400000008616,2677,5,1191272.1040000003
2024-02-01,421.88,325.41400000008616,2677,5,1244496.174
2024-02-02,429.01,93.22400000008929,2886,4,1329672.084
2024-02-05,428.45,93.22400000008929,2886,4,1320553.924
2024-02-06,427.59,93.22400000008929,2886,4,1304429.9640000002
2024-02-07,431.99,93.22400000008929,2886,4,1350869.3640000003
2024-02-08,432.79,93.22400000008929,2886,4,1356505.164
2024-02-09,437.05,305.9240000001082,3018,4,1408855.8240000003
2024-02-12,435.34,305.9240000001082,3018,4,1389286.044
2024-02-13,428.55,305.9240000001082,3018,4,1328346.8240000003
2024-02-14,433.22,305.9240000001082,3018,4,1360812.8840000003
2024-02-15,434.51,305.9240000001082,3018,4,1379131.104
2024-02-16,430.57,375.7140000001091,2981,5,1331943.884
2024-02-20,427.32,375.7140000001091,2981,5,1305764.634
2024-02-21,425.61,375.7140000001091,2981,5,1292285.1240000003
2024-02-22,438.07,375.7140000001091,2981,5,1381581.384
2024-02-23,436.78,70.83400000010988,2947,5,1349974.494
2024-02-26,436.55,70.83400000010988,2947,5,1340961.6840000001
2024-02-27,437.6,70.83400000010988,2947,5,1344796.034
2024-02-28,435.27,70.83400000010988,2947,5,1315471.524
2024-02-29,439.0,70.83400000010988,2947,5,1340156.834
2024-03-01,445.61,442.9640000001127,2974,5,1426424.1040000003
2024-03-04,444.02,442.9640000001127,2974,5,1401129.4440000001
2024-03-05,436.05,6.914000000112708,2975,5,1334383.664
2024-03-06,438.79,6.914000000112708,2975,5,1347813.164
2024-03-07,445.45,6.914000000112708,2975,5,1402570.664
2024-03-08,439.02,409.7740000001104,2937,4,1346595.5140000002
2024-03-11,437.39,409.7740000001104,2937,4,1327248.2040000001
2024-03-12,443.66,409.7740000001104,2937,4,1365865.1940000004
2024-03-13,440.25,409.7740000001104,2937,4,1334010.0240000002
2024-03-14,439.14,409.7740000001104,2937,4,1320648.9540000001
2024-03-15,433.92,254.37400000011257,2902,4,1288974.2140000002
2024-03-18,437.48,254.37400000011257,2902,4,1307677.334
2024-03-19,438.57,254.37400000011257,2902,4,1309020.514
2024-03-20,443.77,254.37400000011257,2902,4,1344039.914
2024-03-21,445.87,254.37400000011257,2902,4,1349588.114
2024-03-22,446.38,325.77400000010675,2867,3,1340885.2340000002
2024-03-25,444.76,325.77400000010675,2867,3,1327686.6940000001
2024-03-26,443.32,325.77400000010675,2867,3,1314094.2140000002
2024-03-27,444.83,325.77400000010675,2867,3,1319697.384
2024-03-28,444.01,277.824000000106,2832,4,1307855.144
2024-04-01,444.95,277.824000000106,2832,4,1310699.224
2024-04-02,441.11,277.824000000106,2832,4,1281260.344
2024-04-03,442.1,277.824000000106,2832,4,1286703.024
2024-04-04,435.34,277.824000000106,2832,4,1249176.704
2024-04-05,440.47,24.374000000108936,2787,4,1269474.2640000002
2024-04-08,440.6,24.374000000108936,2787,4,1264012.574
2024-04-09,442.23,24.374000000108936,2787,4,1274834.384
2024-04-10,438.37,24.374000000108936,2787,4,1242236.564
2024-04-11,445.37,24.374000000108936,2787,4,1287407.564
2024-04-12,438.27,233.46400000011272,2750,3,1241966.9640000002
2024-04-15,431.06,233.46400000011272,2750,3,1204030.4640000002
2024-04-16,431.1,233.46400000011272,2750,3,1201865.4640000002
2024-04-17,425.84,233.46400000011272,2750,3,1179756.4640000002
2024-04-18,423.41,233.46400000011272,2750,3,1169706.9640000002
2024-04-19,414.65,47.814000000111264,2703,1,1140411.764
2024-04-22,418.82,47.814000000111264,2703,1,1153503.274
2024-04-23,425.07,47.814000000111264,2703,1,1181044.024
2024-04-24,426.51,47.814000000111264,2703,1,1181114.344
2024-04-25,424.45,47.814000000111264,2703,1,1175000.1639999999
2024-04-26,431.0,85.51400000011563,2664,2,1205235.5140000002
2024-04-29,432.75,85.51400000011563,2664,2,1215539.5140000002
2024-04-30,424.59,85.51400000011563,2664,2,1165591.2740000002
2024-05-01,421.52,85.51400000011563,2664,2,1148767.7940000002
2024-05-02,426.9,85.51400000011563,2664,2,1174748.114
2024-05-03,435.48,109.33400000011898,2620,3,1223603.9340000001
2024-05-06,440.25,109.33400000011898,2620,3,1258669.334
2024-05-07,440.32,109.33400000011898,2620,3,1257760.734
2024-05-08,440.06,109.33400000011898,2620,3,1247069.534
2024-05-09,441.02,109.33400000011898,2620,3,1259139.734
2024-05-10,442.06,253.61400000012145,2577,4,1261109.2340000002
2024-05-13,443.08,253.61400000012145,2577,4,1272018.774
2024-05-14,445.93,253.61400000012145,2577,4,1306026.2240000002
2024-05-15,452.9,253.61400000012145,2577,4,1391509.914
2024-05-16,451.98,253.61400000012145,2577,4,1375216.074
2024-05-17,451.76,34.87400000012349,2546,5,1367159.834
2024-05-20,454.91,34.87400000012349,2546,5,1414036.7340000002
2024-05-21,455.8,34.87400000012349,2546,5,1436231.674
2024-05-22,455.71,34.87400000012349,2546,5,1432635.534
2024-05-23,453.66,34.87400000012349,2546,5,1396567.2340000002
2024-05-24,457.95,41.624000000127126,2773,5,1459322.974
2024-05-28,459.68,41.624000000127126,2773,5,1496655.2640000002
2024-05-29,456.44,41.624000000127126,2773,5,1423894.744
2024-05-30,451.55,41.624000000127126,2773,5,1320432.7740000002
2024-05-31,450.71,168.164000000128,2739,5,1293559.854
2024-06-03,453.13,168.164000000128,2739,5,1322790.2340000002
2024-06-04,454.37,168.164000000128,2739,5,1333039.594
2024-06-05,463.53,168.164000000128,2739,5,1485173.834
2024-06-06,463.37,168.164000000128,2739,5,1482491.594
2024-06-07,462.96,438.76400000011927,2844,5,1452756.0040000002
2024-06-10,464.83,438.76400000011927,2844,5,1473618.2840000002
2024-06-11,468.02,438.76400000011927,2844,5,1542286.644
2024-06-12,474.15,438.76400000011927,2844,5,1644585.364
2024-06-13,476.72,438.76400000011927,2844,5,1722595.4440000004
2024-06-14,479.19,438.88400000013644,3246,4,1761944.624
2024-06-17,485.06,438.88400000013644,3246,4,1835126.644
2024-06-18,485.21,438.88400000013644,3246,4,1844868.544
2024-06-20,481.47,438.88400000013644,3246,4,1787898.5040000002
2024-06-21,480.18,371.0440000001254,3344,4,1772898.9640000002
2024-06-24,473.96,371.0440000001254,3344,4,1678563.2840000002
2024-06-25,479.38,371.0440000001254,3344,4,1746793.7640000002
2024-06-26,480.37,371.0440000001254,3344,4,1737073.3240000003
2024-06-27,481.61,371.0440000001254,3344,4,1783943.8840000003
2024-06-28,479.11,301.5040000001245,3338,4,1703898.6840000001
2024-07-01,481.92,301.5040000001245,3338,4,1721627.4640000002
2024-07-02,486.98,301.5040000001245,3338,4,1800224.7440000002
2024-07-03,491.04,301.5040000001245,3338,4,1870409.0240000002
2024-07-05,496.16,298.5840000001335,3505,4,1962719.384
2024-07-08,497.34,298.5840000001335,3505,4,1985215.284
2024-07-09,497.77,298.5840000001335,3505,4,1983968.434
2024-07-10,502.96,298.5840000001335,3505,4,2090593.3839999998
2024-07-11,491.93,298.5840000001335,3505,4,1872311.2340000002
2024-07-12,494.82,256.8240000001315,3428,5,1900448.784
2024-07-15,496.15,256.8240000001315,3428,5,1931630.024
2024-07-16,496.34,256.8240000001315,3428,5,1919582.344
2024-07-17,481.77,256.8240000001315,3428,5,1708680.3839999998
2024-07-18,479.49,256.8240000001315,3428,5,1681127.544
2024-07-19,475.24,106.54400000013266,3360,3,1647861.9440000004
2024-07-22,482.32,106.54400000013266,3360,3,1695059.7440000002
2024-07-23,480.62,106.54400000013266,3360,3,1679555.7440000002
2024-07-24,463.38,106.54400000013266,3360,3,1577106.3440000003
2024-07-25,458.27,106.54400000013266,3360,3,1552286.7440000002
2024-07-26,462.97,145.3540000001376,3277,2,1567176.0440000002
2024-07-29,463.9,145.3540000001376,3277,2,1570376.6539999999
2024-07-30,457.53,145.3540000001376,3277,2,1517372.1639999999
2024-07-31,471.07,145.3540000001376,3277,2,1622024.744
2024-08-01,459.66,145.3540000001376,3277,2,1538581.174
2024-08-02,448.75,303.8040000001347,3182,2,1486672.3040000002
2024-08-05,435.37,303.8040000001347,3182,2,1430786.1440000003
2024-08-06,439.53,303.8040000001347,3182,2,1423062.2640000002
2024-08-07,434.77,303.8040000001347,3182,2,1401489.9440000001
2024-08-08,448.07,303.8040000001347,3182,2,1463547.5440000002
2024-08-09,450.41,171.164000000128,3106,2,1462792.624
2024-08-12,451.38,171.164000000128,3106,2,1461980.4440000001
2024-08-13,462.58,171.164000000128,3106,2,1556590.644
2024-08-14,462.73,171.164000000128,3106,2,1545887.5440000002
2024-08-15,474.42,171.164000000128,3106,2,1664510.6840000001
2024-08-16,475.03,120.97400000012567,3049,3,1674162.4440000001
2024-08-19,481.27,120.97400000012567,3049,3,1759590.2040000001
2024-08-20,480.26,120.97400000012567,3049,3,1754368.7140000002
2024-08-21,482.5,120.97400000012567,3049,3,1788585.4740000002
2024-08-22,474.85,120.97400000012567,3049,3,1669329.6240000003
2024-08-23,480.0,159.07400000012058,2994,4,1725378.074
2024-08-26,475.34,159.07400000012058,2994,4,1628194.034
2024-08-27,476.76,159.07400000012058,2994,4,1647133.514
2024-08-28,471.35,159.07400000012058,2994,4,1559331.9740000002
2024-08-29,470.66,159.07400000012058,2994,4,1527890.114
2024-08-30,476.27,48.69400000010501,2918,5,1572945.554
2024-09-03,461.81,48.69400000010501,2918,5,1388155.2740000002
2024-09-04,460.61,48.69400000010501,2918,5,1371495.674
2024-09-05,461.04,48.69400000010501,2918,5,1368313.414
2024-09-06,448.69,81.35400000009395,2844,1,1310121.7140000002
2024-09-09,454.46,81.35400000009395,2844,1,1337088.594
2024-09-10,458.66,81.35400000009395,2844,1,1359284.394
2024-09-11,468.62,81.35400000009395,2844,1,1418822.634
2024-09-12,473.22,81.35400000009395,2844,1,1445675.0340000002
2024-09-13,475.34,32.49400000008973,2788,2,1458849.414
2024-09-16,473.24,32.49400000008973,2788,2,1438306.6140000003
2024-09-17,473.49,32.49400000008973,2788,2,1441145.6140000003
2024-09-18,471.44,32.49400000008973,2788,2,1424414.2140000002
2024-09-19,483.36,32.49400000008973,2788,2,1518694.174
2024-09-20,482.44,180.07400000008784,2721,3,1503996.314
2024-09-23,483.04,180.07400000008784,2721,3,1514808.914
2024-09-24,485.37,180.07400000008784,2721,3,1544251.844
2024-09-25,485.82,180.07400000008784,2721,3,1559093.294
2024-09-26,489.47,180.07400000008784,2721,3,1597941.9440000001
2024-09-27,486.75,74.17400000008274,2657,4,1551479.924
2024-09-30,488.07,74.17400000008274,2657,4,1561107.164
2024-10-01,481.27,74.17400000008274,2657,4,1466692.564
2024-10-02,481.95,74.17400000008274,2657,4,1474619.324
2024-10-03,481.59,74.17400000008274,2657,4,1463564.804
2024-10-04,487.32,129.43400000008478,2594,5,1534129.5140000002
2024-10-07,482.1,129.43400000008478,2594,5,1442099.8340000003
2024-10-08,489.3,129.43400000008478,2594,5,1558543.634
2024-10-09,493.15,129.43400000008478,2594,5,1626976.534
2024-10-10,492.59,129.43400000008478,2594,5,1625064.894
2024-10-11,493.36,116.79400000013993,2988,5,1601725.4740000002
2024-10-14,497.5,116.79400000013993,2988,5,1670093.7940000002
2024-10-15,490.85,116.79400000013993,2988,5,1550926.5940000003
2024-10-16,490.91,116.79400000013993,2988,5,1538712.8740000003
2024-10-17,491.25,116.79400000013993,2988,5,1536056.7940000002
2024-10-18,494.47,270.6040000001376,2925,5,1545892.354
2024-10-21,495.42,270.6040000001376,2925,5,1553108.104
2024-10-22,495.96,270.6040000001376,2925,5,1546272.604
2024-10-23,488.36,270.6040000001376,2925,5,1479060.604
2024-10-24,492.32,270.6040000001376,2925,5,1504566.604
2024-10-25,495.32,345.84400000014284,2853,5,1525336.804
2024-10-28,495.4,345.84400000014284,2853,5,1519139.044
2024-10-29,500.16,345.84400000014284,2853,5,1567756.324
2024-10-30,496.38,345.84400000014284,2853,5,1511071.984
2024-10-31,483.85,345.84400000014284,2853,5,1417642.894
2024-11-01,487.43,73.82400000013877,2777,4,1424505.9340000004
2024-11-04,486.01,73.82400000013877,2777,4,1404344.594
2024-11-05,492.21,73.82400000013877,2777,4,1444970.994
2024-11-06,505.58,73.82400000013877,2777,4,1552173.4840000002
2024-11-07,513.54,73.82400000013877,2777,4,1687651.404
2024-11-08,514.14,252.98400000013498,2698,5,1667392.7040000001
2024-11-11,513.84,252.98400000013498,2698,5,1642715.3040000002
2024-11-12,512.91,252.98400000013498,2698,5,1622611.164
2024-11-13,512.25,252.98400000013498,2698,5,1588241.4840000002
2024-11-14,508.69,252.98400000013498,2698,5,1488519.604
2024-11-15,496.57,450.0140000001338,2639,3,1378983.2440000002
2024-11-18,500.02,450.0140000001338,2639,3,1402469.7940000002
2024-11-19,503.46,450.0140000001338,2639,3,1440923.9540000001
2024-11-20,503.17,450.0140000001338,2639,3,1434956.6440000003
2024-11-21,504.98,450.0140000001338,2639,3,1431012.2340000002
2024-11-22,505.79,211.8240000001315,2580,3,1420206.024
2024-11-25,506.59,211.8240000001315,2580,3,1413549.024
2024-11-26,509.31,211.8240000001315,2580,3,1438620.624
2024-11-27,505.3,211.8240000001315,2580,3,1369063.824
2024-11-29,509.74,206.52400000013222,2540,4,1411991.1240000003
2024-12-02,515.29,206.52400000013222,2540,4,1524008.124
2024-12-03,516.87,206.52400000013222,2540,4,1556173.3240000003
2024-12-04,523.26,206.52400000013222,2540,4,1701994.924
2024-12-05,521.81,206.52400000013222,2540,4,1644608.924
2024-12-06,526.48,88.08400000014808,2783,4,1765467.924
2024-12-09,522.38,88.08400000014808,2783,4,1674191.6240000003
2024-12-10,520.6,88.08400000014808,2783,4,1639708.884
2024-12-11,529.92,88.08400000014808,2783,4,1827214.4440000001
2024-12-12,526.5,88.08400000014808,2783,4,1729262.5840000003
2024-12-13,530.53,518.9240000001446,2725,5,1821828.174
2024-12-16,538.17,518.9240000001446,2725,5,2068016.174
2024-12-17,535.8,518.9240000001446,2725,5,1999133.9239999999
2024-12-18,516.47,2.4540000001445605,2726,5,1535501.674
2024-12-19,514.17,2.4540000001445605,2726,5,1472468.874
2024-12-20,518.66,75.17400000013731,2654,5,1475589.814
2024-12-23,522.87,75.17400000013731,2654,5,1500533.154
2024-12-24,529.96,75.17400000013731,2654,5,1626144.0140000002
2024-12-26,529.6,75.17400000013731,2654,5,1585255.5740000003
2024-12-27,522.56,494.534000000127,2593,5,1447751.614
2024-12-30,515.61,494.534000000127,2593,5,1372967.2640000002
2024-12-31,511.23,494.534000000127,2593,5,1347992.9240000003
2025-01-02,510.23,494.534000000127,2593,5,1342645.9240000003
2025-01-03,518.58,435.8540000001376,2519,3,1371457.874
2025-01-06,524.54,435.8540000001376,2519,3,1426710.114
2025-01-07,515.18,435.8540000001376,2519,3,1349429.274
2025-01-08,515.27,435.8540000001376,2519,3,1341852.984
2025-01-10,507.19,483.744000000137,2458,2,1295657.7640000002
2025-01-13,505.56,483.744000000137,2458,2,1283695.2240000002
2025-01-14,505.08,483.744000000137,2458,2,1279455.384
2025-01-15,516.7,483.744000000137,2458,2,1331732.3440000003
2025-01-16,513.08,483.744000000137,2458,2,1303097.3840000003
2025-01-17,521.74,63.54400000013629,2403,3,1363811.7640000002
2025-01-21,524.8,63.54400000013629,2403,3,1394726.9440000001
2025-01-22,531.51,63.54400000013629,2403,3,1468226.0740000003
2025-01-23,532.64,63.54400000013629,2403,3,1477214.4640000002
2025-01-24,529.63,7.044000000132655,2323,4,1427095.5340000002
2025-01-27,514.21,7.044000000132655,2323,4,1262754.8740000003
2025-01-28,521.81,7.044000000132655,2323,4,1321413.674
2025-01-29,520.83,7.044000000132655,2323,4,1286548.1340000003
2025-01-30,523.05,7.044000000132655,2323,4,1320010.1940000001
2025-01-31,522.29,170.7340000001277,2252,5,1296472.814
2025-02-03,518.11,170.7340000001277,2252,5,1252940.4540000001
2025-02-04,524.47,170.7340000001277,2252,5,1271241.1740000003
2025-02-05,526.85,170.7340000001277,2252,5,1316992.9340000001
2025-02-06,529.6,170.7340000001277,2252,5,1309262.9340000001
2025-02-07,522.92,497.81400000012945,2188,5,1229714.7740000002
2025-02-10,529.25,497.81400000012945,2188,5,1288546.8140000002
2025-02-11,527.99,497.81400000012945,2188,5,1262074.9340000004
2025-02-12,528.3,497.81400000012945,2188,5,1257398.2140000002
2025-02-13,535.9,497.81400000012945,2188,5,1362308.014
2025-02-14,538.15,94.0140000001411,2248,5,1419159.2140000002
2025-02-18,539.37,94.0140000001411,2248,5,1403847.7740000002
2025-02-19,539.52,94.0140000001411,2248,5,1382152.9740000002
2025-02-20,537.23,94.0140000001411,2248,5,1331870.0540000002
2025-02-21,526.08,185.51400000014837,2183,4,1222058.1540000003
2025-02-24,519.87,185.51400000014837,2183,4,1175912.7240000002
2025-02-25,513.32,185.51400000014837,2183,4,1141724.0740000003
2025-02-26,514.56,185.51400000014837,2183,4,1145195.9940000002
2025-02-27,500.27,185.51400000014837,2183,4,1097629.924
2025-02-28,508.17,507.3840000001437,2122,1,1112963.124
2025-03-03,497.05,10.334000000143703,2123,1,1074678.4840000002
2025-03-04,495.55,10.334000000143703,2123,1,1070116.9840000002
2025-03-05,502.01,10.334000000143703,2123,1,1085514.564
2025-03-06,488.2,10.334000000143703,2123,1,1046403.9340000001
2025-03-07,491.79,325.48400000014226,2028,2,1050001.604
2025-03-10,472.73,325.48400000014226,2028,2,977840.9240000002
2025-03-11,471.6,325.48400000014226,2028,2,974172.2840000002
2025-03-12,476.92,325.48400000014226,2028,2,982207.2440000002
2025-03-13,468.34,325.48400000014226,2028,2,959758.0040000001
2025-03-14,479.66,244.80400000014197,1946,2,983847.1640000002
2025-03-17,482.77,244.80400000014197,1946,2,990970.224
2025-03-18,474.54,244.80400000014197,1946,2,953534.6440000002
2025-03-19,480.89,244.80400000014197,1946,2,971246.7440000001
2025-03-20,479.26,244.80400000014197,1946,2,960577.7640000001
2025-03-21,480.84,304.8040000001347,1876,2,962948.6440000001
2025-03-24,490.66,304.8040000001347,1876,2,1024057.9640000002
2025-03-25,493.46,304.8040000001347,1876,2,1047211.7640000001
2025-03-26,484.38,304.8040000001347,1876,2,972037.6840000001
2025-03-27,481.62,304.8040000001347,1876,2,953089.9240000001
2025-03-28,468.94,30.56400000013673,1802,2,894479.4440000001
2025-03-31,468.92,30.56400000013673,1802,2,890006.4040000002
2025-04-01,472.7,30.56400000013673,1802,2,907833.9640000002
2025-04-02,476.15,30.56400000013673,1802,2,941896.8640000001
2025-04-03,450.66,30.56400000013673,1802,2,828337.8840000002
2025-04-04,422.67,76.40400000013642,1810,0,765109.1040000002
2025-04-07,423.69,76.40400000013642,1810,0,766955.3040000001
2025-04-08,416.06,76.40400000013642,1810,0,753145.0040000001
2025-04-09,466.0,76.40400000013642,1810,0,843536.4040000001
2025-04-10,446.18,76.40400000013642,1810,0,807662.2040000001
2025-04-11,454.4,76.40400000013642,1810,0,822540.4040000001
2025-04-14,457.48,76.40400000013642,1810,0,828115.2040000001
2025-04-15,457.99,76.40400000013642,1810,0,829038.3040000001
2025-04-16,444.18,76.40400000013642,1810,0,804042.2040000001
2025-04-17,444.1,76.40400000013642,1810,0,803897.4040000001
2025-04-21,433.11,76.40400000013642,1810,0,784005.5040000001
2025-04-22,444.48,76.40400000013642,1810,0,804585.2040000001
2025-04-23,454.56,76.40400000013642,1810,0,822830.0040000001
2025-04-24,467.35,76.40400000013642,1810,0,845979.9040000001
2025-04-25,472.56,162.50400000013178,1710,1,852304.104
2025-04-28,472.41,162.50400000013178,1710,1,843938.6040000003
2025-04-29,475.53,162.50400000013178,1710,1,853863.804
2025-04-30,475.47,162.50400000013178,1710,1,862788.2040000001
2025-05-01,481.68,162.50400000013178,1710,1,874784.3040000002
2025-05-02,488.83,438.9440000001341,1612,2,913892.9040000001
2025-05-05,485.93,438.9440000001341,1612,2,877853.1040000002
2025-05-06,481.41,438.9440000001341,1612,2,829409.8640000002
2025-05-07,483.3,438.9440000001341,1612,2,857701.5440000001
2025-05-08,488.29,438.9440000001341,1612,2,887624.4240000001
2025-05-09,487.97,275.31400000013673,1521,3,876505.6840000001
2025-05-12,507.85,275.31400000013673,1521,3,1084835.164
2025-05-13,515.59,275.31400000013673,1521,3,1232165.7040000001
2025-05-14,518.68,275.31400000013673,1521,3,1258438.594
2025-05-15,519.25,275.31400000013673,1521,3,1264354.5640000002
2025-05-16,521.51,181.21400000013818,1441,4,1267287.1240000003
2025-05-19,522.01,181.21400000013818,1441,4,1301361.6240000003
2025-05-20,520.27,181.21400000013818,1441,4,1260451.284
2025-05-21,513.04,181.21400000013818,1441,4,1140790.854
2025-05-22,514.0,181.21400000013818,1441,4,1155791.2140000002
2025-05-23,509.24,375.1940000001341,1354,5,1074375.154
2025-05-27,521.22,375.1940000001341,1354,5,1261038.074
2025-05-28,518.91,375.1940000001341,1354,5,1252096.334
2025-05-29,519.93,375.1940000001341,1354,5,1291115.414
2025-05-30,519.11,336.9340000001539,1740,5,1248144.3340000003
2025-06-02,523.21,336.9340000001539,1740,5,1350597.3340000003
2025-06-03,527.3,336.9340000001539,1740,5,1419678.934
2025-06-04,528.77,336.9340000001539,1740,5,1406630.7340000002
2025-06-05,524.79,336.9340000001539,1740,5,1258486.534
2025-06-06,529.92,374.0140000001702,2051,5,1443270.9340000001
2025-06-09,530.7,374.0140000001702,2051,5,1443187.7140000004
2025-06-10,534.21,374.0140000001702,2051,5,1511892.7240000002
2025-06-11,532.41,374.0140000001702,2051,5,1485556.924
2025-06-12,533.66,374.0140000001702,2051,5,1517649.674
2025-06-13,526.96,313.2740000001795,2275,4,1345874.2740000002
2025-06-16,534.29,313.2740000001795,2275,4,1426504.0240000002
2025-06-17,529.08,313.2740000001795,2275,4,1356358.2740000002
2025-06-18,528.99,313.2740000001795,2275,4,1332897.5240000002
2025-06-20,526.83,313.2740000001795,2275,4,1276575.5240000002
2025-06-23,531.65,313.2740000001795,2275,4,1318447.0240000002
2025-06-24,539.78,313.2740000001795,2275,4,1464085.7740000002
2025-06-25,541.16,313.2740000001795,2275,4,1483443.2740000002
2025-06-26,546.22,313.2740000001795,2275,4,1610010.7740000002
2025-06-27,548.09,21.00400000018999,2568,3,1639158.1240000003
2025-06-30,551.64,530.1040000002249,3073,0,1695719.8240000003
