opened,closed,px_open,px_close,long_strike,short_strike,long_delta,short_delta,expiration,dte,days_held,contracts,debit,cost,entry_equity,equity_fraction,value_at_close,gross_pnl,fees,net_pnl,reason,multiple
2013-01-04,2013-01-25,66.63,67.0,69.0,70.0,0.17496,0.09201,2013-02-01,28,21,8,0.15,120.0,12225.689999999999,0.009815396922382296,0.009999999999999998,-111.99999999999999,20.8,-132.79999999999998,SL,0.06666666666666667
2013-01-11,2013-01-25,67.26,67.0,70.0,71.0,0.17373,0.08267,2013-02-16,36,14,8,0.14,112.00000000000001,12313.320000000002,0.00909584092673625,0.02,-96.00000000000001,20.8,-116.80000000000003,SL,0.14285714285714285
2013-01-18,2013-02-15,67.07,67.75,69.0,71.0,0.23352,0.05324,2013-02-22,35,28,8,0.29000000000000004,232.00000000000003,12132.909999999998,0.019121546273729886,0.03,-208.0,20.8,-228.8,SL,0.10344827586206895
2013-01-25,2013-02-22,67.0,67.139,69.0,71.0,0.2051,0.05007,2013-03-01,35,28,8,0.24999999999999997,199.99999999999997,11913.39,0.016787832850263442,0.01,-191.99999999999997,20.8,-212.79999999999998,SL,0.04000000000000001
2013-02-01,2013-02-22,67.66,67.139,69.0,71.0,0.27069,0.04684,2013-03-01,28,21,8,0.32999999999999996,263.99999999999994,12073.3,0.021866432541227332,0.01,-255.99999999999997,20.8,-276.79999999999995,SL,0.030303030303030307
2013-02-08,2013-02-22,67.99,67.139,70.0,72.0,0.21084,0.05465,2013-03-16,36,14,8,0.24,192.0,12102.34,0.015864700545514338,0.03,-168.0,20.8,-188.8,SL,0.125
2013-02-15,2013-03-22,67.75,68.59,69.5,71.0,0.2173,0.07313,2013-03-22,35,35,8,0.25,200.0,11521.939999999999,0.01735818794404415,0.0,-200.0,20.8,-220.8,EXP,0.0
2013-02-22,2013-03-28,67.139,68.97,69.0,71.0,0.2191,0.03888,2013-03-28,34,34,8,0.28,224.00000000000003,11028.747,0.02031055749125445,0.0,-224.00000000000003,20.8,-244.80000000000004,EXP,0.0
2013-03-08,2013-03-28,68.77,68.97,70.5,72.0,0.19618,0.05528,2013-04-05,28,20,8,0.19,152.0,11560.496,0.013148224782050875,0.0,-152.0,20.8,-172.8,SL,0.0
2013-03-01,2013-04-05,67.38,67.861,69.5,70.5,0.19257,0.08024,2013-04-05,35,35,8,0.18,144.0,10992.666,0.013099642980146946,0.0,-144.0,20.8,-164.8,EXP,0.0
2013-03-22,2013-04-05,68.59,67.861,71.0,72.0,0.16595,0.06609,2013-04-26,35,14,8,0.15,120.0,10933.076,0.01097586809055384,0.010000000000000002,-111.99999999999999,20.8,-132.79999999999998,SL,0.06666666666666668
2013-03-15,2013-04-19,68.51,68.09,70.0,72.0,0.25908,0.06428,2013-04-20,36,35,8,0.29000000000000004,232.00000000000003,11093.796,0.020912589342728136,0.0,-232.00000000000003,20.8,-252.80000000000004,EXP,0.0
2013-03-28,2013-04-19,68.97,68.09,71.0,72.5,0.21179,0.06328,2013-05-03,36,22,8,0.24000000000000002,192.00000000000003,10710.496000000001,0.017926340666202575,0.02,-176.00000000000003,20.8,-196.80000000000004,SL,0.08333333333333333
2013-04-12,2013-04-19,69.94,68.09,72.0,74.0,0.21179,0.05749,2013-05-18,36,7,8,0.25,200.0,10964.278999999999,0.018241053515694012,0.030000000000000002,-176.0,20.8,-196.8,SL,0.12000000000000001
2013-04-05,2013-05-03,67.861,72.12,70.0,71.5,0.18495,0.04865,2013-05-03,28,28,8,0.21,168.0,9989.382,0.016817857200775783,1.3900000000000001,944.0000000000001,20.8,923.2000000000002,EXP,6.6190476190476195
2013-04-19,2013-05-24,68.09,73.41,70.0,72.0,0.25684,0.0897,2013-05-24,35,35,8,0.38999999999999996,311.99999999999994,9655.679,0.03231259034191173,1.8900000000000001,1200.0000000000002,20.8,1179.2,EXP,4.846153846153847
2013-04-26,2013-05-31,69.57,73.25,72.0,73.0,0.18804,0.08672,2013-05-31,35,35,8,0.17,136.0,10149.078999999998,0.013400230700736494,0.9199999999999999,599.9999999999999,20.8,579.1999999999999,EXP,5.411764705882352
2013-05-10,2013-05-31,73.05,73.25,75.0,77.0,0.224,0.06222,2013-06-07,28,21,8,0.26,208.0,12742.948999999999,0.01632275229226767,0.039999999999999994,-176.00000000000003,20.8,-196.80000000000004,SL,0.15384615384615383
2013-05-03,2013-06-07,72.12,73.39,74.0,76.0,0.25539,0.06893,2013-06-07,35,35,8,0.35,280.0,12227.429,0.022899335583956366,0.0,-280.0,20.8,-300.79999999999995,EXP,0.0
2013-05-17,2013-06-07,74.3,73.39,77.0,79.0,0.16099,0.05744,2013-06-22,36,21,8,0.18,144.0,13596.798999999999,0.01059072800884973,0.0,-144.0,20.8,-164.8,SL,0.0
2013-05-24,2013-06-14,73.41,72.28,76.0,78.0,0.16454,0.05687,2013-06-28,35,21,8,0.18,144.0,12804.288999999999,0.011246231633790835,0.01,-136.0,20.8,-156.8,SL,0.05555555555555556
2013-05-31,2013-06-14,73.25,72.28,76.0,78.0,0.17034,0.05058,2013-07-05,35,14,8,0.22,176.0,12635.809,0.013928668912295208,0.010000000000000002,-168.0,20.8,-188.8,SL,0.04545454545454546
2013-06-07,2013-06-21,73.39,70.43,75.0,77.0,0.24855,0.06374,2013-07-05,28,14,8,0.32,256.0,12291.708999999999,0.020827046914306223,0.0,-256.0,20.8,-276.79999999999995,SL,0.0
2013-06-14,2013-06-28,72.28,71.27,75.0,77.0,0.1926,0.05191,2013-07-20,36,14,8,0.24,192.0,11753.798999999999,0.016335144067037392,0.030000000000000002,-168.0,20.8,-188.8,SL,0.12500000000000003
2013-06-21,2013-07-26,70.43,75.37,73.0,75.0,0.23006,0.07948,2013-07-26,35,35,8,0.37,296.0,11230.849,0.026355977183915483,1.9600000000000002,1272.0000000000002,20.8,1251.2,EXP,5.297297297297298
2013-06-28,2013-08-02,71.27,76.97,74.0,76.0,0.18462,0.04672,2013-08-02,35,35,8,0.27,216.0,11267.409,0.019170334546300752,1.9600000000000002,1352.0000000000002,20.8,1331.2,EXP,7.2592592592592595
2013-07-05,2013-08-02,72.58,76.97,75.0,76.0,0.17107,0.07208,2013-08-02,28,28,8,0.15,120.0,11734.819,0.010225977920920639,0.96,648.0,20.8,627.2,EXP,6.4
2013-07-12,2013-08-16,75.3,75.485,78.0,79.0,0.16416,0.09041,2013-08-17,36,35,10,0.13,130.0,13761.698999999999,0.009446508022010946,0.0,-130.0,26.0,-156.0,EXP,0.0
2013-08-02,2013-08-16,76.97,75.485,79.0,81.0,0.21183,0.05632,2013-09-06,35,14,10,0.29000000000000004,290.00000000000006,15904.649,0.018233662371297855,0.009999999999999998,-280.00000000000006,26.0,-306.00000000000006,SL,0.03448275862068965
2013-07-19,2013-08-23,74.59,76.67,77.0,79.0,0.18582,0.05156,2013-08-23,35,35,10,0.25,250.0,13088.329000000002,0.019100986841024545,0.0,-250.0,26.0,-276.0,EXP,0.0
2013-07-26,2013-08-30,75.37,75.47,78.0,79.0,0.14455,0.07204,2013-08-30,35,35,10,0.14,140.00000000000003,14097.249,0.009931015618721074,0.0,-140.00000000000003,26.0,-166.00000000000003,EXP,0.0
2013-08-09,2013-08-30,76.49,75.47,78.0,80.0,0.27086,0.07734,2013-09-06,28,21,10,0.33,330.0,15140.928999999998,0.021795228020684863,0.0,-330.0,26.0,-356.0,SL,0.0
2013-08-16,2013-09-20,75.485,78.985,78.0,80.0,0.18194,0.05208,2013-09-21,36,35,10,0.22999999999999998,230.0,14097.009,0.016315517710175257,0.97,740.0,26.0,714.0,EXP,4.217391304347826
2013-08-23,2013-09-27,76.67,79.07,79.0,81.0,0.20039,0.05958,2013-09-27,35,35,10,0.28,280.00000000000006,14465.494,0.019356407738304687,0.09000000000000001,-190.0,26.0,-216.0,EXP,0.32142857142857145
2013-08-30,2013-10-04,75.47,79.4,78.0,80.0,0.23331,0.08008,2013-10-04,35,35,10,0.35,350.0,13614.094,0.02570865163704614,1.36,1010.0000000000002,26.0,984.0000000000002,EXP,3.885714285714286
2013-09-06,2013-10-04,76.93,79.4,79.0,81.0,0.22189,0.06622,2013-10-04,28,28,10,0.29,289.99999999999994,14152.214,0.020491493415800522,0.36,70.00000000000001,26.0,44.000000000000014,EXP,1.2413793103448276
2013-09-13,2013-10-18,78.06,82.14,80.0,82.0,0.24973,0.08463,2013-10-19,36,35,10,0.32999999999999996,329.99999999999994,14849.054,0.02222363795026942,1.9500000000000002,1620.0,26.0,1594.0,EXP,5.90909090909091
2013-09-20,2013-10-25,78.985,82.9,81.0,83.0,0.24074,0.08009,2013-10-25,35,35,10,0.32999999999999996,329.99999999999994,16433.828999999998,0.020080530228226177,1.83,1500.0,26.0,1474.0,EXP,5.545454545454547
2013-09-27,2013-11-01,79.07,82.78,81.5,83.5,0.21798,0.07784,2013-11-01,35,35,10,0.32999999999999996,329.99999999999994,16112.364,0.020481165892230337,1.22,890.0,26.0,864.0,EXP,3.6969696969696972
2013-10-04,2013-11-01,79.4,82.78,82.0,84.0,0.19442,0.06412,2013-11-01,28,28,10,0.28,280.00000000000006,16198.804,0.017285226736492403,0.74,460.0,26.0,434.0,EXP,2.642857142857143
2013-10-11,2013-11-15,79.21,83.96,82.0,84.0,0.20832,0.08169,2013-11-16,36,35,10,0.30999999999999994,309.99999999999994,15520.653999999999,0.019973385142146714,1.84,1530.0000000000002,26.0,1504.0000000000002,EXP,5.935483870967743
2013-10-18,2013-11-22,82.14,83.99,85.0,87.0,0.16781,0.05146,2013-11-22,35,35,10,0.22000000000000003,220.00000000000003,20314.984,0.010829444906281986,0.0,-220.00000000000003,26.0,-246.00000000000003,EXP,0.0
2013-10-25,2013-11-29,82.9,85.73,85.0,88.0,0.26103,0.05975,2013-11-29,35,35,10,0.41000000000000003,410.0,22062.504,0.01858356603584072,0.6799999999999999,269.9999999999999,26.0,243.9999999999999,EXP,1.6585365853658534
2013-11-01,2013-12-06,82.78,86.0,85.0,87.0,0.2295,0.0795,2013-12-06,35,35,10,0.30999999999999994,309.99999999999994,21407.224,0.014481092924519311,0.97,660.0,26.0,634.0,EXP,3.1290322580645165
2013-11-08,2013-12-06,82.56,86.0,85.0,87.0,0.17938,0.048,2013-12-06,28,28,10,0.22,220.0,20811.863999999998,0.01057089360184172,0.97,750.0,26.0,724.0,EXP,4.409090909090909
2013-11-15,2013-12-20,83.96,86.5,86.0,89.0,0.23405,0.05147,2013-12-21,36,35,10,0.35000000000000003,350.0,22604.863999999998,0.015483393308625968,0.45,99.99999999999999,26.0,73.99999999999999,EXP,1.2857142857142856
2013-11-22,2013-12-27,83.99,87.52,86.0,88.0,0.23417,0.05442,2013-12-27,35,35,10,0.31,310.0,22086.453999999998,0.014035752411862947,1.49,1180.0,26.0,1154.0,EXP,4.806451612903226
2013-11-29,2014-01-03,85.73,86.64,88.0,90.0,0.21072,0.06543,2014-01-03,35,35,10,0.26,260.0,25063.714,0.010373562353927276,0.0,-260.0,26.0,-286.0,EXP,0.0
2013-12-06,2014-01-03,86.0,86.64,88.0,90.0,0.21426,0.05683,2014-01-03,28,28,10,0.27,270.0,25383.024,0.010637030481474546,0.0,-270.0,26.0,-296.0,EXP,0.0
2013-12-13,2014-01-17,84.85,87.88,88.0,90.0,0.17654,0.06498,2014-01-18,36,35,11,0.21,231.0,23737.224,0.009731550749152471,0.0,-231.0,28.6,-259.6,EXP,0.0
2013-12-20,2014-01-24,86.5,86.74,89.0,91.0,0.21231,0.0754,2014-01-24,35,35,11,0.3,330.0,25190.774,0.013100034163301215,0.0,-330.0,28.6,-358.6,EXP,0.0
2013-12-27,2014-01-24,87.52,86.74,90.0,92.0,0.21683,0.07865,2014-01-31,35,28,11,0.31,341.0,26693.873999999996,0.012774466531159923,0.03,-308.00000000000006,28.6,-336.6000000000001,SL,0.0967741935483871
2014-01-03,2014-01-31,86.64,86.27,90.0,92.0,0.1817,0.07398,2014-02-07,35,28,11,0.25,275.0,25176.534,0.010922869684921682,0.0,-275.0,28.6,-303.6,SL,0.0
2014-01-10,2014-01-31,87.3,86.27,90.0,92.0,0.16833,0.0478,2014-02-07,28,21,11,0.22000000000000003,242.00000000000003,25204.034,0.009601637579127216,0.0,-242.00000000000003,28.6,-270.6,SL,0.0
2014-01-17,2014-02-07,87.88,87.3,91.0,93.0,0.16643,0.05659,2014-02-22,36,21,11,0.21999999999999997,241.99999999999997,25105.093999999997,0.009639477948180557,0.02,-220.0,28.6,-248.60000000000002,SL,0.09090909090909093
2014-01-24,2014-02-28,86.74,90.34,90.0,93.0,0.20687,0.05884,2014-02-28,35,35,11,0.42,462.0,24056.834,0.019204522091310936,0.21,-231.0,28.6,-259.6,EXP,0.5
2014-01-31,2014-03-07,86.27,90.53,89.5,92.0,0.20777,0.07465,2014-03-07,35,35,11,0.4,440.0,23403.974000000002,0.01880022597871626,0.48000000000000004,88.00000000000001,28.6,59.40000000000002,EXP,1.2
2014-02-07,2014-03-14,87.3,88.67,90.5,92.0,0.19511,0.08606,2014-03-14,35,35,11,0.27,297.0,23547.264,0.0126129303175095,0.0,-297.0,28.6,-325.6,EXP,0.0
2014-02-14,2014-03-14,89.81,88.67,92.0,95.0,0.25368,0.07447,2014-03-22,36,28,11,0.42000000000000004,462.00000000000006,25580.054,0.018060947017547346,0.009999999999999998,-451.0,28.6,-479.6,SL,0.023809523809523805
2014-02-21,2014-03-21,89.93,89.0,93.0,95.0,0.17239,0.07653,2014-03-28,35,28,11,0.24000000000000002,264.00000000000006,25431.234,0.010380935506314797,0.0,-264.00000000000006,28.6,-292.6000000000001,SL,0.0
2014-02-28,2014-03-21,90.34,89.0,92.63,95.63,0.24199,0.05312,2014-04-04,35,21,11,0.46,506.0,23987.543999999998,0.02109428126531003,0.010000000000000002,-495.0,28.6,-523.6,SL,0.02173913043478261
2014-03-07,2014-03-21,90.53,89.0,93.0,95.0,0.22557,0.08618,2014-04-11,35,14,11,0.33999999999999997,374.0,23961.874,0.015608128145569916,0.0,-374.0,28.6,-402.6,SL,0.0
2014-03-14,2014-03-28,88.67,87.05,92.0,94.63,0.19296,0.0609,2014-04-19,36,14,11,0.35,385.0,22256.834000000003,0.017298057756103134,0.030000000000000002,-351.99999999999994,28.6,-380.59999999999997,SL,0.08571428571428573
2014-03-21,2014-03-28,89.0,87.05,92.0,94.0,0.21504,0.09419,2014-04-25,35,7,11,0.34,374.0,22005.154,0.016996018296440915,0.05,-319.00000000000006,28.6,-347.6000000000001,SL,0.14705882352941177
2014-03-28,2014-04-11,87.05,84.11,90.5,93.0,0.21081,0.06903,2014-05-02,35,14,11,0.37,407.0,20935.204,0.01944093785759145,0.019999999999999997,-385.0,28.6,-413.6,SL,0.05405405405405404
2014-04-04,2014-04-25,86.37,86.19,90.0,92.5,0.19691,0.07538,2014-05-09,35,21,11,0.41000000000000003,451.0,20530.104,0.02196774064076831,0.05,-396.00000000000006,28.6,-424.6000000000001,SL,0.12195121951219512
2014-04-11,2014-05-16,84.11,87.71,88.0,91.0,0.22165,0.07524,2014-05-17,36,35,11,0.43999999999999995,483.99999999999994,19475.703999999998,0.02485147648577941,0.0,-483.99999999999994,28.6,-512.5999999999999,EXP,0.0
2014-04-17,2014-05-16,86.2,87.71,89.5,92.5,0.22239,0.07252,2014-05-23,36,29,11,0.4700000000000001,517.0000000000001,20259.564,0.025518811757252038,0.060000000000000005,-451.00000000000006,28.6,-479.6000000000001,SL,0.1276595744680851
2014-04-25,2014-05-30,86.19,91.31,89.5,92.0,0.21823,0.07177,2014-05-30,35,35,11,0.4,440.0,19766.784,0.022259564327712592,1.77,1507.0,28.6,1478.4,EXP,4.425
2014-05-02,2014-06-06,87.49,92.82,90.5,93.0,0.22755,0.07048,2014-06-06,35,35,11,0.39,429.0,20392.384,0.021037265677225383,2.18,1969.0,28.6,1940.4,EXP,5.58974358974359
2014-05-09,2014-06-06,86.8,92.82,90.0,92.0,0.19387,0.08051,2014-06-13,35,28,11,0.31999999999999995,351.99999999999994,18782.564,0.01874078533686881,1.67,1485.0,28.6,1456.4,TP,5.218750000000001
2014-05-16,2014-06-20,87.71,92.77,90.63,92.63,0.20273,0.06358,2014-06-21,36,35,11,0.28,308.00000000000006,18606.304,0.016553529384449487,1.9300000000000002,1815.0,28.6,1786.4,EXP,6.892857142857142
2014-05-23,2014-06-27,89.88,93.75,92.5,94.0,0.18806,0.08212,2014-06-27,35,35,11,0.25,275.0,20720.004,0.013272198210000344,1.15,989.9999999999999,28.6,961.4,EXP,4.6
2014-05-30,2014-07-03,91.31,95.7,93.5,95.5,0.23018,0.07874,2014-07-03,34,34,11,0.33999999999999997,374.0,23844.113999999998,0.015685212711195728,1.9100000000000001,1727.0000000000002,28.6,1698.4000000000003,EXP,5.617647058823531
2014-06-06,2014-07-11,92.82,95.27,95.5,97.5,0.19035,0.0632,2014-07-11,35,35,11,0.25,275.0,26962.354,0.010199406179445609,0.0,-275.0,28.6,-303.6,EXP,0.0
2014-06-13,2014-07-18,92.32,96.12,95.0,97.0,0.19264,0.06498,2014-07-19,36,35,11,0.24,264.0,26193.053999999996,0.01007900796905928,1.06,902.0,28.6,873.4000000000001,EXP,4.416666666666667
2014-06-20,2014-07-25,92.77,96.74,95.0,97.0,0.23326,0.06279,2014-07-25,35,35,11,0.32,352.0,26839.303999999996,0.013115094191712275,1.69,1507.0,28.6,1478.4,EXP,5.28125
2014-06-27,2014-08-01,93.75,94.67,96.0,98.0,0.20998,0.06387,2014-08-01,35,35,11,0.3,330.0,28089.264,0.011748260830187648,0.0,-330.0,28.6,-358.6,EXP,0.0
2014-07-03,2014-08-01,95.7,94.67,98.0,99.5,0.21297,0.07019,2014-08-08,36,29,13,0.24,312.0,32438.564000000002,0.009618181618643784,0.0,-312.0,33.800000000000004,-345.79999999999995,SL,0.0
2014-07-11,2014-08-08,95.27,94.9,98.0,100.0,0.19566,0.06894,2014-08-16,36,28,13,0.26999999999999996,350.99999999999994,31094.363999999998,0.011288219305595058,0.01,-337.99999999999994,33.800000000000004,-371.7999999999999,SL,0.03703703703703704
2014-07-18,2014-08-08,96.12,94.9,98.5,100.5,0.22644,0.06286,2014-08-22,35,21,13,0.36,468.0,32364.764,0.014460170325975496,0.039999999999999994,-416.0,33.800000000000004,-449.79999999999995,SL,0.1111111111111111
2014-07-25,2014-08-08,96.74,94.9,99.5,102.0,0.19322,0.04983,2014-08-29,35,14,13,0.29000000000000004,377.00000000000006,33398.424,0.011287957779085625,0.039999999999999994,-325.0000000000001,33.800000000000004,-358.80000000000007,SL,0.1379310344827586
2014-08-01,2014-09-05,94.67,99.89,98.0,100.0,0.2051,0.07688,2014-09-05,35,35,13,0.33,429.0,30408.064000000002,0.014108099746172593,1.8699999999999999,2001.9999999999995,33.800000000000004,1968.1999999999994,EXP,5.666666666666666
2014-08-08,2014-09-12,94.9,99.48,98.0,100.5,0.22239,0.06758,2014-09-12,35,35,13,0.44000000000000006,572.0000000000001,30139.454,0.018978445993082693,1.48,1352.0,33.800000000000004,1318.1999999999998,EXP,3.3636363636363633
2014-08-15,2014-09-19,97.4,99.98,99.63,101.63,0.24727,0.07506,2014-09-20,36,35,13,0.36,468.0,31800.054000000004,0.014716956141017873,0.35,-13.00000000000001,33.800000000000004,-46.80000000000001,EXP,0.9722222222222222
2014-08-22,2014-09-26,99.05,98.78,101.5,103.0,0.20278,0.08987,2014-09-26,35,35,14,0.24000000000000002,336.00000000000006,33932.454,0.00990202476956132,0.0,-336.00000000000006,36.4,-372.40000000000003,EXP,0.0
2014-08-29,2014-09-26,99.78,98.78,102.0,104.0,0.22723,0.07739,2014-10-03,35,28,14,0.32,448.0,35146.524000000005,0.012746637476866843,0.01,-434.0,36.4,-470.4,SL,0.03125
2014-09-05,2014-09-26,99.89,98.78,102.5,104.5,0.18971,0.06051,2014-10-10,35,21,14,0.27,378.0,35661.763999999996,0.010599587838672255,0.010000000000000002,-364.0,36.4,-400.4,SL,0.03703703703703704
2014-09-12,2014-10-10,99.48,94.44,102.0,104.0,0.22456,0.08707,2014-10-18,36,28,14,0.32999999999999996,461.9999999999999,34425.924,0.013420119093971157,0.0,-461.9999999999999,36.4,-498.39999999999986,SL,0.0
2014-09-19,2014-10-10,99.98,94.44,102.5,105.0,0.22235,0.06399,2014-10-24,35,21,14,0.4,560.0,34223.324,0.01636310955651181,0.0,-560.0,36.4,-596.4000000000001,SL,0.0
2014-09-26,2014-10-10,98.78,94.44,102.0,104.5,0.22287,0.07126,2014-10-31,35,14,14,0.42,588.0,32834.123999999996,0.01790819819039485,0.020000000000000004,-560.0,36.4,-596.4000000000001,SL,0.04761904761904763
2014-10-03,2014-10-10,98.17,94.44,102.0,104.5,0.19814,0.06594,2014-11-07,35,7,14,0.38,532.0,32046.114,0.01660107681074841,0.04,-476.0,36.4,-512.4,SL,0.10526315789473684
2014-10-10,2014-11-14,94.44,103.22,99.0,102.0,0.20809,0.07687,2014-11-14,35,35,14,0.51,714.0,29842.163999999997,0.02392587883371997,2.8,3206.0,36.4,3169.6000000000004,EXP,5.490196078431372
2014-10-17,2014-11-14,93.0,103.22,97.0,100.0,0.22489,0.07982,2014-11-22,36,28,14,0.5,700.0,28848.444,0.0242647402404095,2.8200000000000003,3248.0000000000005,36.4,3211.600000000001,TP,5.640000000000001
2014-10-24,2014-11-28,98.62,106.01,102.5,105.0,0.19614,0.06531,2014-11-28,35,35,14,0.38,532.0,33428.244,0.015914685796836952,2.2399999999999998,2604.0,36.4,2567.6000000000004,EXP,5.894736842105263
2014-10-31,2014-12-05,101.4,105.38,105.0,107.0,0.18371,0.08076,2014-12-05,35,35,14,0.29,405.99999999999994,36859.364,0.0110148400824279,0.39999999999999997,153.99999999999997,36.4,117.59999999999998,EXP,1.379310344827586
2014-11-07,2014-12-12,101.6,102.67,104.5,107.0,0.21522,0.07113,2014-12-12,35,35,14,0.37,518.0,37137.164000000004,0.013948291797402729,0.0,-518.0,36.4,-554.4000000000001,EXP,0.0
2014-11-28,2014-12-12,106.01,102.67,109.0,111.0,0.19587,0.0766,2015-01-02,35,14,16,0.27999999999999997,447.99999999999994,46001.414000000004,0.009738831071584015,0.0,-447.99999999999994,41.6,-489.59999999999997,SL,0.0
2014-11-14,2014-12-19,103.22,104.32,106.0,109.0,0.23194,0.0639,2014-12-20,36,35,14,0.4,560.0,39868.264,0.014046259952527654,0.0,-560.0,36.4,-596.4000000000001,EXP,0.0
2014-11-21,2014-12-19,103.87,104.32,106.5,108.5,0.22139,0.08809,2014-12-26,35,28,14,0.36,504.0,40696.814,0.012384261824525135,0.009999999999999998,-490.0,36.4,-526.4,SL,0.027777777777777776
2014-12-05,2014-12-26,105.38,105.04,108.0,110.5,0.22577,0.07043,2015-01-09,35,21,16,0.35,560.0,42950.164,0.013038366978063229,0.04000000000000001,-495.9999999999999,41.6,-537.5999999999998,SL,0.11428571428571431
2014-12-12,2015-01-02,102.67,102.94,107.0,109.63,0.19985,0.07368,2015-01-17,36,21,16,0.39,624.0,38932.114,0.016027899229926226,0.039999999999999994,-560.0,41.6,-601.5999999999999,SL,0.10256410256410255
2014-12-19,2015-01-02,104.32,102.94,108.0,110.5,0.20469,0.06696,2015-01-23,35,14,16,0.43,688.0,39214.113999999994,0.01754470341979421,0.010000000000000002,-672.0,41.6,-713.5999999999999,SL,0.023255813953488375
2014-12-26,2015-01-02,105.04,102.94,108.5,111.0,0.20206,0.0589,2015-01-30,35,7,16,0.43,688.0,39096.434,0.017597512857566496,0.06,-592.0,41.6,-633.5999999999999,SL,0.13953488372093023
2015-01-02,2015-01-30,102.94,101.1,107.0,109.5,0.19573,0.06828,2015-02-06,35,28,16,0.38,608.0,36683.734,0.01657410338871174,0.0,-608.0,41.6,-649.5999999999999,SL,0.0
2015-01-09,2015-01-30,102.62,101.1,106.5,109.0,0.20577,0.07312,2015-02-13,35,21,16,0.42000000000000004,672.0000000000001,36214.934,0.018555880841864852,0.039999999999999994,-608.0000000000001,41.6,-649.6,SL,0.09523809523809522
2015-01-23,2015-01-30,104.26,101.1,108.0,108.5,0.20065,0.15115,2015-02-27,35,7,25,0.15000000000000002,375.00000000000006,37508.334,0.009997778093796435,0.0,-375.00000000000006,65.0,-440.00000000000006,SL,0.0
2015-01-16,2015-02-20,100.82,108.41,105.0,108.0,0.21585,0.07484,2015-02-20,35,35,16,0.49,784.0,35000.734,0.022399530249851335,2.8200000000000003,3728.0,41.6,3686.3999999999996,EXP,5.755102040816327
2015-01-30,2015-03-06,101.1,107.41,105.5,108.5,0.20405,0.06924,2015-03-06,35,35,25,0.54,1350.0,34012.774,0.0396909702219525,1.95,3525.0,65.0,3460.0,EXP,3.6111111111111107
2015-02-06,2015-03-13,103.13,105.34,107.0,109.5,0.20749,0.07439,2015-03-13,35,35,25,0.43000000000000005,1075.0000000000002,34933.784,0.030772503774569634,0.0,-1075.0000000000002,65.0,-1140.0000000000002,EXP,0.0
2015-02-13,2015-03-13,106.91,105.34,110.0,112.0,0.21254,0.07447,2015-03-20,35,28,25,0.31,775.0,42012.744,0.01844678367116416,0.0,-775.0,65.0,-840.0,SL,0.0
2015-02-20,2015-03-13,108.41,105.34,111.0,114.0,0.25546,0.05917,2015-03-27,35,21,25,0.49000000000000005,1225.0000000000002,46987.944,0.02607051715222952,0.0,-1225.0000000000002,65.0,-1290.0000000000002,SL,0.0
2015-02-27,2015-03-13,108.4,105.34,111.0,114.0,0.22999,0.05594,2015-04-02,34,14,25,0.46,1150.0,46552.154,0.024703475589980217,0.02,-1100.0,65.0,-1165.0,SL,0.043478260869565216
2015-03-06,2015-03-13,107.41,105.34,111.0,113.0,0.19852,0.07544,2015-04-10,35,7,25,0.33999999999999997,850.0,42922.333999999995,0.019803210142300277,0.030000000000000006,-774.9999999999998,65.0,-839.9999999999998,SL,0.08823529411764708
2015-03-20,2015-03-27,108.53,105.52,111.5,114.0,0.22521,0.06339,2015-04-24,35,7,25,0.4,1000.0,39935.534,0.025040356290215126,0.010000000000000002,-975.0,65.0,-1040.0,SL,0.025000000000000005
2015-03-13,2015-04-02,105.34,105.12,109.0,112.0,0.20814,0.05497,2015-04-17,35,20,25,0.39,975.0,37392.484000000004,0.02607475876702922,0.039999999999999994,-875.0,65.0,-940.0,SL,0.10256410256410255
2015-03-27,2015-05-01,105.52,109.05,109.0,111.5,0.22039,0.07566,2015-05-01,35,35,25,0.48,1200.0,35912.184,0.03341484327436059,0.03,-1124.9999999999998,65.0,-1189.9999999999998,EXP,0.0625
2015-04-02,2015-05-08,105.12,108.69,109.0,111.5,0.19736,0.06512,2015-05-08,36,36,25,0.38,950.0,34692.584,0.027383373922219224,0.0,-950.0,65.0,-1015.0,EXP,0.0
2015-04-10,2015-05-08,107.75,108.69,111.0,113.0,0.18008,0.05103,2015-05-15,35,28,25,0.27999999999999997,699.9999999999999,36913.534,0.01896323446029307,0.03,-624.9999999999999,65.0,-689.9999999999999,SL,0.10714285714285715
2015-04-24,2015-05-08,110.54,108.69,113.5,116.0,0.20861,0.04878,2015-05-29,35,14,25,0.39,975.0,45258.024000000005,0.021543141167630293,0.0,-975.0,65.0,-1040.0,SL,0.0
2015-04-17,2015-05-22,106.01,110.47,109.5,112.0,0.22087,0.05965,2015-05-22,35,35,25,0.44000000000000006,1100.0000000000002,33895.114,0.03245305503324167,0.96,1299.9999999999998,65.0,1234.9999999999998,EXP,2.1818181818181817
2015-05-01,2015-06-05,109.05,109.3,112.0,114.5,0.22794,0.06502,2015-06-05,35,35,25,0.46,1150.0,36313.903999999995,0.03166831084864905,0.0,-1150.0,65.0,-1215.0,EXP,0.0
2015-05-08,2015-06-05,108.69,109.3,112.0,114.0,0.20028,0.06939,2015-06-12,35,28,25,0.33999999999999997,850.0,32108.824,0.026472473734945882,0.03,-774.9999999999998,65.0,-839.9999999999998,SL,0.08823529411764706
2015-05-22,2015-06-05,110.47,109.3,113.5,115.0,0.20293,0.08412,2015-06-26,35,14,25,0.27,675.0,33661.584,0.02005253228725065,0.04000000000000001,-575.0,65.0,-640.0,SL,0.14814814814814817
2015-05-15,2015-06-12,109.58,108.75,113.0,114.63,0.17189,0.08118,2015-06-19,35,28,25,0.24000000000000002,600.0000000000001,32641.624,0.01838143837451225,0.0,-600.0000000000001,65.0,-665.0000000000001,SL,0.0
2015-05-29,2015-06-12,110.05,108.75,113.0,115.5,0.22617,0.06371,2015-07-02,34,14,25,0.42,1050.0,32386.904000000002,0.03242051169818517,0.02,-1000.0,65.0,-1065.0,SL,0.04761904761904762
2015-06-05,2015-06-26,109.3,109.27,112.5,114.5,0.2096,0.07466,2015-07-10,35,21,25,0.38,950.0,30080.154000000002,0.03158228511729029,0.06,-800.0,65.0,-865.0,SL,0.15789473684210525
2015-06-19,2015-07-02,109.89,107.95,113.0,115.0,0.21753,0.07932,2015-07-24,35,13,25,0.37,925.0,29445.024,0.03141447600789865,0.039999999999999994,-825.0,65.0,-890.0,SL,0.10810810810810809
2015-06-12,2015-07-10,108.75,107.65,112.0,114.0,0.20475,0.07174,2015-07-17,35,28,25,0.30999999999999994,774.9999999999998,28689.104,0.027013740129353633,0.0,-774.9999999999998,65.0,-839.9999999999998,SL,0.0
2015-06-26,2015-07-10,109.27,107.65,112.5,114.5,0.20734,0.07345,2015-07-31,35,14,25,0.4,1000.0,27853.744,0.0359018162872467,0.05,-875.0,65.0,-940.0,SL,0.125
2015-07-17,2015-07-31,113.59,111.95,116.0,119.0,0.26093,0.055,2015-08-21,35,14,25,0.49000000000000005,1225.0000000000002,32226.184,0.03801256766857659,0.039999999999999994,-1125.0000000000002,65.0,-1190.0000000000002,SL,0.08163265306122447
2015-07-02,2015-08-07,107.95,110.31,111.5,114.0,0.22452,0.08099,2015-08-07,36,36,25,0.53,1325.0,26077.224000000002,0.05081062309393054,0.0,-1325.0,65.0,-1390.0,EXP,0.0
2015-07-10,2015-08-14,107.65,110.51,111.5,114.0,0.20143,0.06779,2015-08-14,35,35,25,0.44000000000000006,1100.0000000000002,24862.524,0.04424329565252507,0.0,-1100.0000000000002,65.0,-1165.0000000000002,EXP,0.0
2015-07-24,2015-08-14,111.1,110.51,114.5,117.0,0.21933,0.07144,2015-08-28,35,21,25,0.48,1200.0,27538.214,0.04357581068982905,0.02,-1150.0,65.0,-1215.0,SL,0.04166666666666667
2015-07-31,2015-08-14,111.95,110.51,115.0,117.5,0.2259,0.06636,2015-09-04,35,14,25,0.43,1075.0,27411.414,0.039217239942456086,0.06,-925.0,65.0,-990.0,SL,0.13953488372093023
2015-08-07,2015-08-21,110.31,102.4,114.0,116.0,0.21723,0.07733,2015-09-11,35,14,25,0.4,1000.0,21571.293999999998,0.046357905093686085,0.0,-1000.0,65.0,-1065.0,VIX,0.0
2015-08-14,2015-08-21,110.51,102.4,114.0,116.0,0.21207,0.08515,2015-09-18,35,7,25,0.39,975.0,19875.894,0.04905439725126327,0.04,-875.0,65.0,-940.0,VIX,0.10256410256410256
2015-08-28,2015-09-04,105.62,102.16,111.5,115.0,0.2003,0.06812,2015-10-02,35,7,25,0.66,1650.0,17496.543999999998,0.09430433804527341,0.06,-1500.0000000000002,65.0,-1565.0000000000002,SL,0.0909090909090909
2015-09-11,2015-09-25,105.57,102.92,110.0,114.0,0.24068,0.05352,2015-10-16,35,14,25,0.72,1800.0,15927.503999999997,0.11301205763313575,0.06999999999999999,-1625.0,65.0,-1690.0,SL,0.09722222222222221
2015-09-18,2015-10-09,105.35,106.53,110.5,113.0,0.20541,0.07101,2015-10-23,35,21,25,0.52,1300.0,15290.743999999999,0.08501875382911388,0.08,-1100.0,65.0,-1165.0,SL,0.15384615384615385
2015-09-25,2015-10-30,102.92,113.33,108.5,111.5,0.19393,0.06896,2015-10-30,35,35,25,0.52,1300.0,12809.143999999998,0.10148999808261974,2.5600000000000005,5100.000000000002,65.0,5035.000000000002,EXP,4.923076923076924
2015-10-02,2015-11-06,104.01,114.79,109.0,112.0,0.22278,0.08548,2015-11-06,35,35,25,0.5900000000000001,1475.0000000000002,12770.454,0.1155009837551586,2.1599999999999997,3924.999999999999,65.0,3859.999999999999,EXP,3.6610169491525415
2015-10-09,2015-11-06,106.53,114.79,111.0,115.0,0.19759,0.03223,2015-11-13,35,28,25,0.5299999999999999,1324.9999999999998,13642.333999999999,0.09712414312682859,3.0300000000000002,6250.000000000002,65.0,6185.000000000002,TP,5.716981132075473
2015-10-23,2015-11-13,112.78,109.84,116.0,118.0,0.23514,0.10048,2015-11-27,35,21,25,0.47,1175.0,27783.804,0.04229082525920497,0.009999999999999998,-1150.0,65.0,-1215.0,SL,0.02127659574468085
2015-10-30,2015-11-13,113.33,109.84,117.0,120.0,0.22425,0.06802,2015-12-04,35,14,25,0.52,1300.0,29429.004,0.04417410796505379,0.04,-1200.0000000000002,65.0,-1265.0000000000002,SL,0.07692307692307693
2015-11-06,2015-11-13,114.79,109.84,118.5,121.0,0.20648,0.06778,2015-12-11,35,7,25,0.4,1000.0,31814.184,0.0314325207900979,0.02,-950.0,65.0,-1015.0,SL,0.049999999999999996
2015-10-16,2015-11-20,108.12,114.48,112.0,114.0,0.20062,0.0842,2015-11-20,35,35,25,0.36,900.0,15416.804,0.05837785834210515,1.8599999999999999,3750.0,65.0,3685.0,EXP,5.166666666666666
2015-11-20,2015-12-11,114.48,110.79,118.0,120.5,0.21465,0.07037,2015-12-24,34,21,25,0.45000000000000007,1125.0000000000002,31052.424,0.036229055741348895,0.030000000000000002,-1050.0000000000002,65.0,-1115.0000000000002,SL,0.06666666666666667
2015-11-13,2015-12-18,109.84,109.83,114.63,118.0,0.2039,0.06655,2015-12-18,35,35,25,0.5,1250.0,24084.784000000003,0.05189998797581078,0.0,-1250.0,65.0,-1315.0,EXP,0.0
2015-11-27,2015-12-18,114.31,109.83,118.0,120.0,0.18263,0.08148,2015-12-31,34,21,25,0.33999999999999997,850.0,29980.654000000002,0.02835161634566077,0.0,-850.0,65.0,-915.0,SL,0.0
2015-12-11,2016-01-08,110.79,104.01,116.0,119.63,0.20074,0.06551,2016-01-15,35,28,25,0.54,1350.0,25555.694000000003,0.05282580077848795,0.0,-1350.0,65.0,-1415.0,SL,0.0
2015-12-18,2016-01-08,109.83,104.01,114.5,118.0,0.22562,0.06696,2016-01-22,35,21,25,0.61,1525.0,23655.634000000002,0.06446667208327622,0.01,-1500.0,65.0,-1565.0,SL,0.01639344262295082
2015-12-24,2016-01-08,112.59,104.01,116.5,119.5,0.21344,0.06379,2016-01-29,36,15,25,0.5,1250.0,24789.094,0.05042540078310244,0.0,-1250.0,65.0,-1315.0,SL,0.0
2015-12-31,2016-01-08,111.86,104.01,116.5,119.0,0.20426,0.07109,2016-02-05,36,8,25,0.43999999999999995,1099.9999999999998,23246.544,0.04731886167681526,0.02,-1049.9999999999998,65.0,-1114.9999999999998,SL,0.04545454545454546
2016-01-22,2016-02-05,103.77,98.12,109.0,112.5,0.21245,0.0678,2016-02-26,35,14,25,0.59,1475.0,18143.294,0.08129725506294501,0.009999999999999998,-1449.9999999999998,65.0,-1514.9999999999998,SL,0.01694915254237288
2016-01-29,2016-02-05,104.13,98.12,109.0,110.0,0.22944,0.17183,2016-03-04,35,7,25,0.28,700.0000000000001,17768.394,0.039395794577720425,0.009999999999999995,-675.0,65.0,-740.0,SL,0.03571428571428569
2016-02-05,2016-03-11,98.12,106.49,104.0,108.0,0.21821,0.06547,2016-03-11,35,35,25,0.69,1725.0,15026.364000000001,0.11479823062984497,2.25,3900.0,65.0,3835.0,EXP,3.2608695652173916
2016-02-12,2016-03-18,98.02,107.37,104.0,108.0,0.21401,0.07312,2016-03-18,35,35,25,0.6399999999999999,1599.9999999999998,14330.364,0.11165103691713622,3.1900000000000004,6375.000000000002,65.0,6310.000000000002,EXP,4.984375000000002
2016-02-19,2016-03-24,101.63,107.26,106.5,110.0,0.22066,0.06893,2016-03-24,34,34,25,0.6,1500.0,16923.844,0.08863234617383615,0.75,375.00000000000006,65.0,310.00000000000006,EXP,1.25
2016-02-26,2016-04-01,103.43,110.36,108.0,111.0,0.20214,0.0701,2016-04-01,35,35,25,0.5,1250.0,18601.744000000002,0.06719800035953617,2.37,4675.0,65.0,4610.0,EXP,4.74
2016-03-04,2016-04-08,105.67,109.0,110.0,112.0,0.18797,0.08151,2016-04-08,35,35,25,0.39,975.0,23523.084000000003,0.041448646784579775,0.0,-975.0,65.0,-1040.0,EXP,0.0
2016-03-11,2016-04-15,106.49,110.64,110.0,113.0,0.23909,0.07732,2016-04-15,35,35,25,0.5,1250.0,24799.504,0.050404233891129434,0.6799999999999999,449.99999999999983,65.0,384.99999999999983,EXP,1.3599999999999999
2016-03-18,2016-04-22,107.37,108.98,111.0,114.0,0.21633,0.05995,2016-04-22,35,35,25,0.48000000000000004,1200.0000000000002,27891.864000000005,0.043023298837252325,0.0,-1200.0000000000002,65.0,-1265.0000000000002,EXP,0.0
2016-04-01,2016-04-22,110.36,108.98,114.0,116.0,0.20346,0.08017,2016-05-06,35,21,25,0.36,900.0,36802.524000000005,0.024454844455776996,0.02,-850.0,65.0,-915.0,SL,0.05555555555555556
2016-03-24,2016-04-29,107.26,105.72,111.0,114.0,0.21256,0.05945,2016-04-29,36,36,25,0.49,1225.0,24756.624000000003,0.04948170639098448,0.0,-1225.0,65.0,-1290.0,EXP,0.0
2016-04-08,2016-04-29,109.0,105.72,113.0,115.5,0.21439,0.06648,2016-05-13,35,21,25,0.44000000000000006,1100.0000000000002,29519.284000000003,0.03726377645203048,0.0,-1100.0000000000002,65.0,-1165.0000000000002,SL,0.0
2016-04-15,2016-04-29,110.64,105.72,114.0,117.0,0.22293,0.05732,2016-05-20,35,14,25,0.48,1200.0,32571.644000000004,0.03684186158979264,0.01,-1175.0,65.0,-1240.0,SL,0.020833333333333336
2016-04-22,2016-04-29,108.98,105.72,112.5,115.5,0.20845,0.06586,2016-05-27,35,7,25,0.45,1125.0,25920.664000000004,0.04340166594497733,0.04000000000000001,-1025.0,65.0,-1090.0,SL,0.0888888888888889
2016-04-29,2016-05-20,105.72,106.47,110.0,112.5,0.19054,0.06761,2016-06-03,35,21,25,0.42000000000000004,1050.0000000000002,22975.744,0.04570036992055623,0.049999999999999996,-925.0000000000002,65.0,-990.0000000000002,SL,0.11904761904761903
2016-05-06,2016-06-10,105.58,108.94,109.5,112.0,0.19404,0.06279,2016-06-10,35,35,25,0.42000000000000004,1050.0000000000002,22339.264000000003,0.047002443768962135,0.0,-1050.0000000000002,65.0,-1115.0000000000002,EXP,0.0
2016-05-13,2016-06-17,105.5,106.49,109.0,112.0,0.22075,0.06036,2016-06-17,35,35,25,0.4700000000000001,1175.0000000000002,21466.084000000003,0.054737510577150456,0.0,-1175.0000000000002,65.0,-1240.0000000000002,EXP,0.0
2016-05-20,2016-06-17,106.47,106.49,110.0,112.0,0.20222,0.07683,2016-06-24,35,28,25,0.35,875.0,21555.534000000003,0.04059282409797873,0.05,-750.0,65.0,-815.0,SL,0.14285714285714288
2016-05-27,2016-06-17,110.13,106.49,113.0,116.0,0.21709,0.05412,2016-07-01,35,21,25,0.44,1100.0,28345.854,0.03880638064388535,0.01,-1075.0,65.0,-1140.0,SL,0.022727272727272728
2016-06-03,2016-06-17,110.06,106.49,113.0,115.5,0.21127,0.06808,2016-07-08,35,14,25,0.41,1025.0,26976.664,0.037995802594420126,0.009999999999999998,-1000.0,65.0,-1065.0,SL,0.024390243902439022
2016-06-10,2016-06-24,108.94,104.29,112.0,115.0,0.24078,0.06335,2016-07-15,35,14,25,0.54,1350.0,21135.824,0.06387259848492303,0.019999999999999997,-1300.0,65.0,-1365.0,SL,0.03703703703703703
2016-06-17,2016-07-22,106.49,113.65,110.5,113.0,0.20835,0.06183,2016-07-22,35,35,25,0.45999999999999996,1150.0,15770.524000000001,0.07292084904724788,2.4699999999999998,5024.999999999999,65.0,4959.999999999999,EXP,5.369565217391305
2016-06-24,2016-07-29,104.29,115.23,109.0,112.0,0.21168,0.06823,2016-07-29,35,35,25,0.58,1449.9999999999998,14285.724000000002,0.1014999309800469,2.5,4800.0,65.0,4735.0,EXP,4.310344827586207
2016-07-01,2016-08-05,108.08,116.78,111.5,114.0,0.2136,0.06643,2016-08-05,35,35,25,0.47000000000000003,1175.0,16308.024000000001,0.07205042131407213,2.26,4474.999999999999,65.0,4409.999999999999,EXP,4.8085106382978715
2016-07-08,2016-08-05,110.3,116.78,113.5,116.0,0.2139,0.05977,2016-08-12,35,28,25,0.39,975.0,19540.284,0.04989692063841038,2.1799999999999997,4474.999999999999,65.0,4409.999999999999,TP,5.5897435897435885
2016-07-15,2016-08-12,111.8,117.2,115.0,118.0,0.21708,0.06404,2016-08-19,35,28,25,0.37,925.0,23681.284,0.03906038202996088,2.09,4299.999999999999,65.0,4234.999999999999,TP,5.648648648648648
2016-07-22,2016-08-26,113.65,116.78,117.0,120.0,0.21014,0.06263,2016-08-26,35,35,25,0.33999999999999997,850.0,31609.634,0.026890535967610384,0.0,-850.0,65.0,-915.0,EXP,0.0
2016-08-05,2016-08-26,116.78,116.78,120.0,122.0,0.17943,0.06785,2016-09-09,35,21,25,0.27,675.0,40247.244,0.016771334703066874,0.039999999999999994,-575.0000000000001,65.0,-640.0000000000001,SL,0.1481481481481481
2016-07-29,2016-09-02,115.23,117.12,118.5,121.0,0.19624,0.0653,2016-09-02,35,35,25,0.33999999999999997,850.0,36086.094,0.023554779855087672,0.0,-850.0,65.0,-915.0,EXP,0.0
2016-08-12,2016-09-02,117.2,117.12,120.0,122.0,0.23744,0.08578,2016-09-16,35,21,25,0.35,875.0,41396.484,0.02113706081898163,0.02,-824.9999999999998,65.0,-889.9999999999998,SL,0.05714285714285715
2016-08-19,2016-09-09,117.26,114.28,120.5,122.5,0.17892,0.06791,2016-09-23,35,21,25,0.3,750.0,39707.464,0.018888136497460527,0.0,-750.0,65.0,-815.0,SL,0.0
2016-08-26,2016-09-09,116.78,114.28,120.0,122.0,0.20398,0.06785,2016-09-30,35,14,25,0.33999999999999997,850.0,36115.00399999999,0.023535924293404484,0.02,-799.9999999999999,65.0,-864.9999999999999,SL,0.05882352941176471
2016-09-02,2016-10-07,117.12,118.47,120.0,122.0,0.20711,0.08212,2016-10-07,35,35,25,0.31999999999999995,799.9999999999999,35117.46399999999,0.022780688263822242,0.0,-799.9999999999999,65.0,-864.9999999999999,EXP,0.0
2016-09-09,2016-10-14,114.28,117.14,118.0,120.5,0.20682,0.06762,2016-10-14,35,35,25,0.41000000000000003,1025.0,33004.884,0.03105600977115993,0.0,-1025.0,65.0,-1090.0,EXP,0.0
2016-09-16,2016-10-14,117.29,117.14,121.0,123.0,0.19325,0.07119,2016-10-21,35,28,25,0.33999999999999997,850.0,35984.164000000004,0.023621501947356616,0.0,-850.0,65.0,-915.0,SL,0.0
2016-09-23,2016-10-14,118.33,117.14,121.5,123.5,0.21085,0.07236,2016-10-28,35,21,25,0.39,975.0,36407.464,0.026780222868585408,0.019999999999999997,-925.0,65.0,-990.0,SL,0.05128205128205127
2016-09-30,2016-10-14,118.72,117.14,122.0,124.0,0.22442,0.06836,2016-11-04,35,14,25,0.38,950.0,36102.144,0.02631422665645564,0.039999999999999994,-850.0,65.0,-915.0,SL,0.10526315789473682
2016-10-07,2016-10-28,118.47,117.1,122.0,124.5,0.22756,0.06259,2016-11-11,35,21,25,0.55,1375.0000000000002,33573.894,0.04095443918420664,0.06999999999999999,-1200.0000000000002,65.0,-1265.0000000000002,SL,0.12727272727272726
2016-10-14,2016-11-04,117.14,113.65,121.0,124.0,0.22261,0.05415,2016-11-18,35,21,25,0.5,1250.0,28790.863999999998,0.04341655047239986,0.019999999999999997,-1200.0,65.0,-1265.0,SL,0.039999999999999994
2016-10-21,2016-11-04,118.15,113.65,121.5,124.0,0.21937,0.0679,2016-11-25,35,14,25,0.43000000000000005,1075.0000000000002,28765.663999999997,0.037370943358025745,0.009999999999999998,-1050.0000000000002,65.0,-1115.0000000000002,SL,0.023255813953488365
2016-10-28,2016-11-04,117.1,113.65,121.5,124.0,0.19141,0.06893,2016-12-02,35,7,25,0.44000000000000006,1100.0000000000002,27518.613999999994,0.039972943404780505,0.04000000000000001,-1000.0,65.0,-1065.0,SL,0.09090909090909091
2016-11-04,2016-12-02,113.65,115.7,118.5,121.5,0.21063,0.06795,2016-12-09,35,28,25,0.55,1375.0000000000002,24303.764,0.05657559874264745,0.06,-1225.0000000000002,65.0,-1290.0000000000002,SL,0.10909090909090907
2016-11-11,2016-12-02,115.8,115.7,120.0,123.0,0.19992,0.05881,2016-12-16,35,21,25,0.47,1175.0,24903.413999999997,0.047182285930756324,0.06,-1025.0,65.0,-1090.0,SL,0.1276595744680851
2016-11-18,2016-12-02,117.32,115.7,121.0,123.5,0.19534,0.07413,2016-12-23,35,14,25,0.37,925.0,25436.233999999997,0.03636544623704909,0.05,-800.0,65.0,-865.0,SL,0.13513513513513514
2016-11-25,2016-12-02,118.8,115.7,122.0,124.0,0.20964,0.07204,2016-12-30,35,7,25,0.38,950.0,27098.093999999994,0.035057816243459786,0.04000000000000001,-850.0,65.0,-915.0,SL,0.10526315789473686
2016-12-09,2016-12-30,119.5,118.48,123.0,126.0,0.21173,0.06778,2017-01-13,35,21,25,0.38,950.0,22505.893999999997,0.042211164773103445,0.05,-825.0,65.0,-890.0,SL,0.13157894736842105
2016-12-02,2017-01-06,115.7,121.93,119.5,122.0,0.20476,0.06757,2017-01-06,35,35,25,0.39,975.0,20596.193999999996,0.04733884328337557,2.36,4924.999999999999,65.0,4859.999999999999,EXP,6.051282051282051
2016-12-16,2017-01-20,119.6,123.25,123.0,126.0,0.22079,0.07192,2017-01-20,35,35,25,0.43999999999999995,1099.9999999999998,22614.493999999995,0.04864137132584085,0.22999999999999998,-524.9999999999999,65.0,-589.9999999999999,EXP,0.5227272727272727
2016-12-23,2017-01-27,120.2,125.8,124.0,127.0,0.19535,0.06118,2017-01-27,35,35,25,0.39,975.0,22722.593999999997,0.042908833384075785,1.69,3249.999999999999,65.0,3184.999999999999,EXP,4.333333333333333
2016-12-30,2017-02-03,118.48,125.68,122.5,126.0,0.21673,0.05553,2017-02-03,35,35,25,0.54,1350.0,18561.634,0.0727306658454746,3.1500000000000004,6525.000000000002,65.0,6460.000000000002,EXP,5.833333333333334
2017-01-06,2017-02-10,121.93,127.38,125.5,127.5,0.21381,0.08549,2017-02-10,35,35,25,0.36,900.0,26952.033999999996,0.033392656005108934,1.8,3600.0,65.0,3535.0,EXP,5.0
2017-01-13,2017-02-17,123.16,129.81,127.0,130.0,0.19871,0.06466,2017-02-17,35,35,25,0.36,900.0,29081.093999999997,0.03094794164208541,2.7800000000000002,6050.000000000001,65.0,5985.000000000001,EXP,7.722222222222223
2017-01-20,2017-02-17,123.25,129.81,126.5,128.5,0.21688,0.07879,2017-02-24,35,28,25,0.33999999999999997,850.0,26355.943999999996,0.03225078942344088,1.83,3725.000000000001,65.0,3660.000000000001,TP,5.382352941176471
2017-01-27,2017-03-03,125.8,131.02,129.0,131.5,0.20142,0.06634,2017-03-03,35,35,25,0.37,925.0,36479.043999999994,0.025357024158856798,1.98,4025.0,65.0,3960.0,EXP,5.351351351351352
2017-02-03,2017-03-03,125.68,131.02,129.0,131.5,0.19223,0.06217,2017-03-10,35,28,25,0.33,825.0,35466.484,0.023261398000433312,1.7499999999999998,3549.999999999999,65.0,3484.999999999999,TP,5.303030303030302
2017-02-10,2017-03-17,127.38,131.69,131.0,133.0,0.17426,0.07159,2017-03-17,35,35,25,0.25,625.0,42164.583999999995,0.014822866508062787,0.63,950.0,65.0,885.0,EXP,2.52
2017-02-17,2017-03-24,129.81,130.63,132.5,135.0,0.22394,0.06881,2017-03-24,35,35,25,0.4,1000.0,54155.473999999995,0.018465354028662,0.0,-1000.0,65.0,-1065.0,EXP,0.0
2017-02-24,2017-03-31,130.26,132.38,133.0,136.0,0.24603,0.07184,2017-03-31,35,35,25,0.44000000000000006,1100.0000000000002,55231.82399999999,0.019916054193683707,0.0,-1100.0000000000002,65.0,-1165.0000000000002,EXP,0.0
2017-03-03,2017-03-31,131.02,132.38,134.0,136.0,0.20163,0.07912,2017-04-07,35,28,25,0.32,800.0,58071.524,0.013776115123136772,0.05,-675.0,65.0,-740.0,SL,0.15625
2017-03-10,2017-04-07,131.39,131.97,134.0,136.5,0.23026,0.0713,2017-04-13,34,28,25,0.35,875.0,57290.35399999999,0.015273077209472298,0.019999999999999997,-824.9999999999998,65.0,-889.9999999999998,SL,0.05714285714285714
2017-03-17,2017-04-07,131.69,131.97,135.0,137.0,0.17954,0.06836,2017-04-21,35,21,25,0.22999999999999998,575.0,56670.95399999999,0.010146291167076526,0.030000000000000002,-500.0,65.0,-565.0,SL,0.13043478260869568
2017-03-31,2017-04-13,132.38,130.4,136.0,138.5,0.18517,0.06315,2017-05-05,35,13,25,0.38,950.0,55276.66399999999,0.017186275930110403,0.06,-800.0,65.0,-865.0,SL,0.15789473684210525
2017-03-24,2017-04-28,130.63,135.99,134.5,137.0,0.19083,0.07296,2017-04-28,35,35,25,0.41000000000000003,1025.0,54672.414,0.0187480289419816,1.43,2550.0,65.0,2485.0,EXP,3.48780487804878
2017-04-13,2017-05-05,130.4,137.54,135.0,138.0,0.19467,0.05924,2017-05-19,36,22,25,0.4,1000.0,50899.744,0.019646464233690448,2.1100000000000003,4275.000000000001,65.0,4210.000000000001,TP,5.275
2017-04-07,2017-05-12,131.97,138.6,135.5,138.5,0.21568,0.07003,2017-05-12,35,35,25,0.56,1400.0000000000002,53392.623999999996,0.026220850280742905,2.9099999999999997,5874.999999999999,65.0,5809.999999999999,EXP,5.19642857142857
2017-04-21,2017-05-26,132.56,141.22,136.0,137.5,0.22291,0.08473,2017-05-26,35,35,25,0.5599999999999999,1399.9999999999998,52631.564,0.02660000755440214,1.3899999999999997,2074.999999999999,65.0,2009.999999999999,EXP,2.4821428571428568
2017-04-28,2017-06-02,135.99,143.46,139.0,141.5,0.21004,0.06701,2017-06-02,35,35,25,0.37,925.0,61696.944,0.014992638857444868,2.4400000000000004,5175.000000000001,65.0,5110.000000000001,EXP,6.594594594594596
2017-05-05,2017-06-02,137.54,143.46,141.0,143.5,0.20648,0.07643,2017-06-09,35,28,25,0.36,900.0,66928.69399999999,0.013447147198180801,1.89,3824.999999999999,65.0,3759.999999999999,TP,5.25
2017-06-02,2017-06-09,143.46,139.98,147.5,148.0,0.17868,0.14963,2017-07-07,35,7,55,0.16,880.0,88244.374,0.009972307129744045,0.0,-880.0,143.0,-1023.0,SL,0.0
2017-05-12,2017-06-16,138.6,138.15,142.0,145.0,0.21258,0.06375,2017-06-16,35,35,25,0.4,1000.0,70779.654,0.01412835389107723,0.0,-1000.0,65.0,-1065.0,EXP,0.0
2017-05-26,2017-06-16,141.22,138.15,144.0,147.0,0.2388,0.06542,2017-06-30,35,21,25,0.5,1250.0,78716.31399999998,0.01587980859977768,0.030000000000000002,-1175.0,65.0,-1240.0,SL,0.060000000000000005
2017-06-09,2017-06-16,139.98,138.15,145.0,149.0,0.20595,0.06857,2017-07-14,35,7,55,0.6699999999999999,3685.0,78552.61399999999,0.046911233278627756,0.05,-3409.999999999999,143.0,-3552.999999999999,SL,0.0746268656716418
2017-05-19,2017-06-23,137.84,141.24,141.5,144.0,0.19324,0.07015,2017-06-23,35,35,25,0.39,975.0,68196.794,0.014296859761472073,0.01,-950.0,65.0,-1015.0,EXP,0.02564102564102564
2017-06-23,2017-06-30,141.24,137.64,145.5,149.0,0.21067,0.06853,2017-07-28,35,7,55,0.56,3080.0000000000005,74590.68400000001,0.04129201979164047,0.08,-2640.0000000000005,143.0,-2783.0000000000005,SL,0.14285714285714285
2017-06-16,2017-07-07,138.15,137.76,143.0,146.0,0.19391,0.06203,2017-07-21,35,21,55,0.44999999999999996,2474.9999999999995,70926.314,0.03489537042627084,0.039999999999999994,-2255.0,143.0,-2398.0,SL,0.08888888888888888
2017-06-30,2017-08-04,137.64,143.65,142.5,146.0,0.21071,0.0652,2017-08-04,35,35,55,0.61,3355.0,66097.08399999999,0.05075866886956769,0.9299999999999999,1759.9999999999998,143.0,1616.9999999999998,EXP,1.5245901639344261
2017-07-21,2017-08-04,144.11,143.65,148.5,151.0,0.20825,0.0781,2017-08-25,35,14,55,0.47,2585.0,82394.504,0.031373451802076506,0.07,-2200.0,143.0,-2343.0,SL,0.14893617021276598
2017-07-07,2017-08-11,137.76,142.1,142.5,145.5,0.21761,0.08131,2017-08-11,35,35,55,0.5599999999999999,3079.9999999999995,63862.84399999999,0.0482283563819989,0.0,-3079.9999999999995,143.0,-3222.9999999999995,EXP,0.0
2017-07-14,2017-08-11,142.12,142.1,146.0,149.0,0.23446,0.07551,2017-08-18,35,28,55,0.51,2805.0,73738.064,0.038040054862302865,0.04,-2585.0,143.0,-2728.0,SL,0.0784313725490196
2017-07-28,2017-08-11,143.84,142.1,148.5,151.0,0.19314,0.06985,2017-09-01,35,14,55,0.44999999999999996,2474.9999999999995,79358.24399999999,0.03118768605817437,0.05,-2200.0,143.0,-2343.0,SL,0.11111111111111113
2017-08-04,2017-08-18,143.65,141.23,147.5,150.0,0.21742,0.0735,2017-09-08,35,14,55,0.52,2860.0,69008.444,0.04144420355282898,0.06999999999999999,-2475.0,143.0,-2618.0,SL,0.1346153846153846
2017-09-01,2017-09-08,146.0,144.21,150.0,151.5,0.21209,0.10896,2017-10-06,35,7,55,0.36000000000000004,1980.0000000000005,64246.863999999994,0.030818624859261623,0.05,-1705.0000000000005,143.0,-1848.0000000000005,SL,0.13888888888888887
2017-08-11,2017-09-15,142.1,146.06,147.0,150.0,0.19832,0.0494,2017-09-15,35,35,55,0.51,2805.0,56572.59399999999,0.04958231188762531,0.0,-2805.0,143.0,-2948.0,EXP,0.0
2017-08-18,2017-09-22,141.23,144.32,146.0,149.0,0.2034,0.06826,2017-09-22,35,35,55,0.5700000000000001,3135.0000000000005,53743.56399999999,0.058332566109683404,0.0,-3135.0000000000005,143.0,-3278.0000000000005,EXP,0.0
2017-08-25,2017-09-29,141.97,145.45,146.0,149.0,0.22525,0.0709,2017-09-29,35,35,55,0.56,3080.0000000000005,52004.58399999999,0.059225548270898605,0.0,-3080.0000000000005,143.0,-3223.0000000000005,EXP,0.0
2017-09-08,2017-10-13,144.21,148.34,148.5,151.0,0.21401,0.06107,2017-10-13,35,35,55,0.45000000000000007,2475.0000000000005,52160.384,0.047449804050522335,0.0,-2475.0000000000005,143.0,-2618.0000000000005,EXP,0.0
2017-09-15,2017-10-20,146.06,148.71,150.0,152.0,0.16417,0.06788,2017-10-20,35,35,55,0.28,1540.0000000000002,53994.984,0.02852116781810696,0.0,-1540.0000000000002,143.0,-1683.0000000000002,EXP,0.0
2017-09-22,2017-10-27,144.32,151.24,148.5,151.0,0.19847,0.06433,2017-10-27,35,35,55,0.43000000000000005,2365.0000000000005,43237.82399999999,0.05469747968815454,2.26,10064.999999999998,143.0,9921.999999999998,EXP,5.255813953488371
2017-09-29,2017-11-03,145.45,153.27,149.5,152.0,0.20728,0.0693,2017-11-03,35,35,55,0.47,2585.0,42736.533999999985,0.060486889273706684,2.2399999999999998,9734.999999999998,143.0,9591.999999999998,EXP,4.76595744680851
2017-10-06,2017-11-10,147.66,153.68,152.0,155.0,0.17013,0.05125,2017-11-10,35,35,55,0.35,1925.0,46843.113999999994,0.041094620652247844,1.39,5720.0,143.0,5577.0,EXP,3.9714285714285715
2017-10-13,2017-11-17,148.34,153.95,152.0,155.0,0.2371,0.07035,2017-11-17,35,35,55,0.47,2585.0,46089.91399999999,0.05608602350614064,1.76,7095.0,143.0,6952.0,EXP,3.74468085106383
2017-10-20,2017-11-24,148.71,156.26,153.0,155.0,0.19946,0.08278,2017-11-24,35,35,55,0.33999999999999997,1870.0,44651.83399999999,0.041879578787290136,1.61,6985.0,143.0,6842.0,EXP,4.73529411764706
2017-10-27,2017-12-01,151.24,154.49,156.0,160.0,0.20027,0.04272,2017-12-01,35,35,55,0.49999999999999994,2749.9999999999995,65812.424,0.04178542337234076,0.0,-2749.9999999999995,143.0,-2892.9999999999995,EXP,0.0
2017-11-03,2017-12-08,153.27,154.7,157.5,160.0,0.21031,0.09669,2017-12-08,35,35,55,0.44,2420.0,77704.40399999998,0.03114366593687535,0.0,-2420.0,143.0,-2563.0,EXP,0.0
2017-11-10,2017-12-15,153.68,157.65,158.0,161.0,0.22757,0.07889,2017-12-15,35,35,55,0.48000000000000004,2640.0000000000005,79181.294,0.03334120808887009,0.0,-2640.0000000000005,143.0,-2783.0000000000005,EXP,0.0
2017-11-17,2017-12-22,153.95,157.37,158.0,161.0,0.19784,0.06642,2017-12-22,35,35,55,0.42000000000000004,2310.0000000000005,74790.76399999998,0.030886166639506465,0.0,-2310.0000000000005,143.0,-2453.0000000000005,EXP,0.0
2017-11-24,2017-12-22,156.26,157.37,160.0,163.0,0.22097,0.07861,2017-12-29,35,28,55,0.44000000000000006,2420.0000000000005,86535.24399999998,0.02796548421357662,0.02,-2310.0000000000005,143.0,-2453.0000000000005,SL,0.04545454545454545
2017-12-01,2017-12-29,154.49,155.76,159.0,162.5,0.21855,0.06192,2018-01-05,35,28,55,0.5399999999999999,2969.9999999999995,75259.28399999999,0.03946356970390524,0.0,-2969.9999999999995,143.0,-3112.9999999999995,SL,0.0
2017-12-15,2017-12-29,157.65,155.76,162.0,166.0,0.1882,0.05882,2018-01-19,35,14,55,0.43000000000000005,2365.0000000000005,79019.71399999999,0.02992924018935326,0.05,-2090.0000000000005,143.0,-2233.0000000000005,SL,0.11627906976744186
2017-12-08,2018-01-12,154.7,164.49,159.0,162.5,0.23023,0.06731,2018-01-12,35,35,55,0.51,2805.0,69816.16399999998,0.04017694240548651,3.3600000000000003,15675.000000000004,143.0,15532.000000000004,EXP,6.588235294117648
2017-12-22,2018-01-19,157.37,166.34,161.5,165.0,0.22482,0.05664,2018-01-26,35,28,55,0.47,2585.0,69180.174,0.03736619685287291,2.9099999999999997,13419.999999999996,143.0,13276.999999999996,TP,6.191489361702128
2017-12-29,2018-01-26,155.76,170.93,160.5,163.5,0.20985,0.07089,2018-02-02,35,28,55,0.52,2860.0,60055.313999999984,0.047622763241234586,2.8000000000000007,12540.000000000004,143.0,12397.000000000004,TP,5.384615384615386
2018-01-26,2018-02-02,170.93,164.61,178.0,183.0,0.19197,0.06655,2018-03-02,35,7,55,0.61,3355.0,134358.274,0.02497055000870285,0.05,-3079.9999999999995,143.0,-3222.9999999999995,SL,0.0819672131147541
2018-01-05,2018-02-09,161.92,156.1,166.5,170.0,0.20653,0.07041,2018-02-09,35,35,55,0.5499999999999999,3024.9999999999995,88424.09399999998,0.03421013281741965,0.0,-3024.9999999999995,143.0,-3167.9999999999995,EXP,0.0
2018-01-12,2018-02-09,164.49,156.1,170.0,174.0,0.20729,0.05964,2018-02-16,35,28,55,0.52,2860.0,104717.324,0.02731162228706303,0.0,-2860.0,143.0,-3003.0,VIX,0.0
2018-01-19,2018-02-09,166.34,156.1,172.5,177.5,0.20152,0.06233,2018-02-23,35,21,55,0.57,3134.9999999999995,113570.37399999998,0.027604029903080182,0.0,-3134.9999999999995,143.0,-3277.9999999999995,VIX,0.0
2018-02-02,2018-02-09,164.61,156.1,171.5,177.5,0.2056,0.05998,2018-03-09,35,7,55,0.84,4620.0,101900.99399999999,0.0453381249647084,0.0,-4620.0,143.0,-4763.0,VIX,0.0
2018-03-09,2018-03-16,173.16,171.02,180.0,182.5,0.16629,0.09119,2018-04-13,35,7,55,0.36,1980.0,111401.25399999999,0.01777358807828142,0.05000000000000002,-1704.9999999999995,143.0,-1847.9999999999995,SL,0.13888888888888895
2018-02-16,2018-03-23,164.96,158.51,171.5,176.5,0.2024,0.06838,2018-03-23,35,35,55,0.77,4235.0,90846.69399999999,0.046616996321297066,0.0,-4235.0,143.0,-4378.0,EXP,0.0
2018-02-23,2018-03-23,168.17,158.51,174.0,178.0,0.19498,0.0709,2018-03-29,34,28,55,0.58,3189.9999999999995,93282.23399999998,0.03419729420288112,0.0,-3189.9999999999995,143.0,-3332.9999999999995,SL,0.0
2018-03-02,2018-03-23,165.99,158.51,172.5,177.5,0.22132,0.07012,2018-04-06,35,21,55,0.84,4620.0,87159.834,0.053006066991821026,0.0,-4620.0,143.0,-4763.0,SL,0.0
2018-03-16,2018-03-23,171.02,158.51,177.0,182.0,0.21559,0.07092,2018-04-20,35,7,55,0.6699999999999999,3685.0,94203.154,0.03911758623283463,0.019999999999999997,-3574.999999999999,143.0,-3717.999999999999,SL,0.029850746268656716
2018-03-23,2018-04-27,158.51,162.09,167.5,173.5,0.21446,0.07009,2018-04-27,35,35,55,1.1400000000000001,6270.000000000001,70251.21399999999,0.08925112667803864,0.0,-6270.000000000001,143.0,-6413.000000000001,EXP,0.0
2018-03-29,2018-04-27,160.13,162.09,169.0,175.0,0.212,0.07682,2018-05-04,36,29,55,0.96,5280.0,69512.574,0.07595748072859453,0.02,-5170.0,143.0,-5313.0,SL,0.020833333333333336
2018-04-06,2018-05-11,156.63,169.46,165.5,172.5,0.22613,0.06689,2018-05-11,35,35,55,1.09,5995.000000000001,60724.57399999999,0.09872444720649669,3.8200000000000003,15015.000000000004,143.0,14872.000000000004,EXP,3.5045871559633026
2018-04-13,2018-05-18,161.37,167.46,169.0,175.0,0.20739,0.07018,2018-05-18,35,35,55,0.81,4455.0,65192.01399999999,0.06833659104319129,0.0,-4455.0,143.0,-4598.0,EXP,0.0
2018-04-20,2018-05-25,162.3,169.72,170.0,175.0,0.20661,0.07332,2018-05-25,35,35,55,0.73,4015.0,63917.30399999999,0.06281554053030773,0.0,-4015.0,143.0,-4158.0,EXP,0.0
2018-04-27,2018-06-01,162.09,172.74,169.0,174.0,0.2181,0.07304,2018-06-01,35,35,55,0.77,4235.0,54074.63399999999,0.07831768218717858,3.58,15455.0,143.0,15312.0,EXP,4.649350649350649
2018-05-04,2018-06-08,164.87,174.44,170.0,175.0,0.26135,0.0809,2018-06-08,35,35,55,0.95,5225.0,57230.91399999999,0.09129681206908562,4.3500000000000005,18700.000000000004,143.0,18557.000000000004,EXP,4.578947368421053
2018-05-11,2018-06-15,169.46,176.98,175.0,180.0,0.2153,0.06268,2018-06-15,35,35,55,0.6699999999999999,3685.0,94113.53399999999,0.03915483611528179,1.93,6930.0,143.0,6787.0,EXP,2.8805970149253732
2018-05-18,2018-06-22,167.46,175.32,173.0,177.5,0.21239,0.06986,2018-06-22,35,35,55,0.69,3795.0,67095.534,0.05656114161040882,2.14,7975.000000000002,143.0,7832.000000000002,EXP,3.1014492753623193
2018-05-25,2018-06-29,169.72,171.65,175.0,178.0,0.18504,0.07623,2018-06-29,35,35,55,0.44999999999999996,2474.9999999999995,71141.49399999999,0.03478982322187386,0.0,-2474.9999999999995,143.0,-2617.9999999999995,EXP,0.0
2018-06-01,2018-06-29,172.74,171.65,177.5,180.0,0.21542,0.08697,2018-07-06,35,28,55,0.43,2365.0,99402.11399999999,0.023792250535033897,0.01,-2310.0,143.0,-2453.0,SL,0.023255813953488372
2018-06-08,2018-06-29,174.44,171.65,180.0,185.0,0.20132,0.0522,2018-07-13,35,21,55,0.5700000000000001,3135.0000000000005,117395.11399999999,0.026704688919165758,0.039999999999999994,-2915.0,143.0,-3058.0,SL,0.07017543859649121
2018-06-15,2018-06-29,176.98,171.65,182.0,187.0,0.2316,0.06527,2018-07-20,35,14,55,0.69,3795.0,135074.57399999996,0.028095591106583842,0.06,-3464.999999999999,143.0,-3607.999999999999,SL,0.08695652173913043
2018-06-22,2018-07-27,175.32,177.62,181.5,185.0,0.217,0.08807,2018-07-27,35,35,55,0.71,3905.0,121611.81399999998,0.03211036717205781,0.0,-3905.0,143.0,-4048.0,EXP,0.0
2018-06-29,2018-08-03,171.65,180.08,179.0,183.5,0.21822,0.07247,2018-08-03,35,35,55,0.81,4455.0,101030.71399999999,0.044095501492744084,0.96,824.9999999999995,143.0,681.9999999999995,EXP,1.1851851851851851
2018-07-13,2018-08-03,179.61,180.08,186.0,190.0,0.19584,0.06115,2018-08-17,35,21,55,0.57,3134.9999999999995,120208.47399999999,0.026079692185427793,0.06,-2805.0,143.0,-2948.0,SL,0.10526315789473685
2018-07-06,2018-08-10,175.61,180.52,181.5,187.5,0.229,0.04805,2018-08-10,35,35,55,0.9500000000000001,5225.0,105800.97399999999,0.04938517862793967,0.0,-5225.0,143.0,-5368.0,EXP,0.0
2018-07-20,2018-08-17,178.99,179.86,185.0,189.0,0.21027,0.06773,2018-08-24,35,28,55,0.6699999999999999,3685.0,110197.014,0.033440107551371584,0.009999999999999998,-3629.999999999999,143.0,-3772.999999999999,SL,0.014925373134328358
2018-07-27,2018-08-31,177.62,186.65,184.5,188.5,0.19356,0.06631,2018-08-31,35,35,55,0.63,3465.0,97781.824,0.03543603359250079,2.2,8635.000000000002,143.0,8492.000000000002,EXP,3.4920634920634925
2018-08-03,2018-09-07,180.08,181.11,185.5,189.0,0.2172,0.07395,2018-09-07,35,35,55,0.5900000000000001,3245.0000000000005,96736.144,0.03354485578833906,0.0,-3245.0000000000005,143.0,-3388.0000000000005,EXP,0.0
2018-08-10,2018-09-07,180.52,181.11,186.5,190.5,0.21361,0.07004,2018-09-14,35,28,55,0.59,3245.0,93558.904,0.03468403178386955,0.07,-2860.0,143.0,-3003.0,SL,0.11864406779661019
2018-08-31,2018-09-07,186.65,181.11,192.5,197.5,0.20715,0.06023,2018-10-05,35,7,55,0.66,3630.0,127789.884,0.02840600434381801,0.06999999999999999,-3245.0000000000005,143.0,-3388.0000000000005,SL,0.10606060606060605
2018-08-17,2018-09-21,179.86,183.71,186.0,190.0,0.18571,0.06617,2018-09-21,35,35,55,0.5199999999999999,2859.9999999999995,86072.304,0.03322787780840628,0.0,-2859.9999999999995,143.0,-3002.9999999999995,EXP,0.0
2018-08-24,2018-09-21,182.48,183.71,188.0,192.0,0.21604,0.06356,2018-09-28,35,28,55,0.5499999999999999,3024.9999999999995,91011.46399999999,0.03323757103830348,0.05,-2749.9999999999995,143.0,-2892.9999999999995,SL,0.09090909090909093
2018-09-07,2018-10-05,181.11,180.15,188.0,193.0,0.21564,0.06802,2018-10-12,35,28,55,0.73,4015.0,89584.54400000001,0.04481799896196379,0.0,-4015.0,143.0,-4158.0,SL,0.0
2018-09-14,2018-10-05,183.99,180.15,190.0,194.0,0.19686,0.07335,2018-10-19,35,21,55,0.53,2915.0,90539.804,0.0321957842983623,0.010000000000000002,-2860.0,143.0,-3003.0,SL,0.01886792452830189
2018-09-28,2018-10-05,185.79,180.15,192.0,197.5,0.21338,0.04667,2018-11-02,35,7,55,0.77,4235.0,89243.52399999999,0.04745442369577428,0.11,-3630.0,143.0,-3773.0,SL,0.14285714285714285
2018-09-21,2018-10-12,183.71,174.32,190.0,193.5,0.2055,0.07767,2018-10-26,35,21,55,0.54,2970.0,84483.504,0.035154791875109725,0.0,-2970.0,143.0,-3113.0,SL,0.0
2018-10-05,2018-10-12,180.15,174.32,188.0,193.0,0.21548,0.06673,2018-11-09,35,7,55,0.9199999999999999,5060.0,72479.084,0.06981324432852931,0.07,-4674.999999999999,143.0,-4817.999999999999,SL,0.07608695652173915
2018-10-12,2018-10-26,174.32,166.66,183.0,189.0,0.211,0.06024,2018-11-16,35,14,55,1.0,5500.0,64882.48399999999,0.08476864110196522,0.13,-4785.0,143.0,-4928.0,SL,0.13
2018-10-19,2018-11-09,173.02,171.52,181.5,187.5,0.21492,0.07326,2018-11-23,35,21,55,1.02,5610.0,61838.984,0.0907194723639056,0.049999999999999996,-5335.0,143.0,-5478.0,SL,0.04901960784313725
2018-10-26,2018-11-16,166.66,167.5,177.5,184.0,0.21623,0.07253,2018-11-30,35,21,55,1.15,6324.999999999999,53418.46399999999,0.11840475233432395,0.08,-5884.999999999999,143.0,-6027.999999999999,SL,0.06956521739130435
2018-11-02,2018-11-23,169.38,159.21,179.0,185.0,0.2044,0.0763,2018-12-07,35,21,55,0.95,5225.0,52436.804,0.09964375403199631,0.0,-5225.0,143.0,-5368.0,SL,0.0
2018-11-09,2018-11-23,171.52,159.21,180.0,185.5,0.21279,0.0787,2018-12-14,35,14,55,0.8200000000000001,4510.0,49674.543999999994,0.09079096931418235,0.010000000000000002,-4455.0,143.0,-4598.0,SL,0.012195121951219514
2018-11-16,2018-11-23,167.5,159.21,177.0,183.0,0.20478,0.07562,2018-12-21,35,7,55,0.8599999999999999,4729.999999999999,38708.223999999995,0.12219625472871087,0.12000000000000001,-4069.999999999999,143.0,-4212.999999999999,SL,0.13953488372093026
2018-11-30,2018-12-07,169.37,161.38,178.5,185.0,0.20473,0.0547,2019-01-04,35,7,55,0.97,5335.0,44903.714,0.1188097715035331,0.020000000000000004,-5225.0,143.0,-5368.0,SL,0.02061855670103093
2018-11-23,2018-12-21,159.21,147.57,168.5,176.0,0.22113,0.06986,2018-12-28,35,28,55,1.06,5830.0,30695.414,0.18993065218146268,0.0,-5830.0,143.0,-5973.0,VIX,0.0
2018-12-07,2018-12-21,161.38,147.57,171.0,177.5,0.21593,0.0707,2019-01-11,35,14,55,1.04,5720.0,25187.943999999996,0.22709277104951484,0.0,-5720.0,143.0,-5863.0,VIX,0.0
2018-12-14,2018-12-21,161.08,147.57,171.0,178.0,0.20801,0.07062,2019-01-18,35,7,55,0.97,5335.0,19700.043999999998,0.2708115778827702,0.009999999999999995,-5280.0,143.0,-5423.0,VIX,0.010309278350515459
2019-01-04,2019-02-08,156.23,168.56,166.0,172.0,0.21605,0.06907,2019-02-08,35,35,55,1.04,5720.0,8372.143999999998,0.6832180621833548,2.35,7205.0,143.0,7062.0,EXP,2.2596153846153846
2019-01-11,2019-02-15,160.69,171.94,169.0,175.0,0.22812,0.06161,2019-02-15,35,35,55,0.99,5445.0,10022.003999999997,0.5433045127501447,2.9400000000000004,10725.000000000002,143.0,10582.000000000002,EXP,2.96969696969697
2019-01-18,2019-02-22,165.25,172.89,172.5,177.5,0.21505,0.07322,2019-02-22,35,35,55,0.81,4455.0,16825.503999999997,0.2647766153097108,0.16,-3575.0,143.0,-3718.0,EXP,0.19753086419753085
2019-01-25,2019-03-01,165.15,174.39,172.5,177.5,0.21152,0.07145,2019-03-01,35,35,55,0.81,4455.0,12629.003999999997,0.35275941000572975,1.8699999999999999,5829.999999999999,143.0,5686.999999999999,EXP,2.3086419753086416
2019-02-01,2019-03-08,167.45,171.17,174.5,180.0,0.2099,0.071,2019-03-08,35,35,55,0.8,4400.0,16077.503999999997,0.27367432158623634,0.0,-4400.0,143.0,-4543.0,EXP,0.0
2019-02-08,2019-03-08,168.56,171.17,176.0,180.0,0.19811,0.0775,2019-03-15,35,28,55,0.61,3355.0,14559.503999999997,0.23043367411417318,0.06999999999999999,-2970.0,143.0,-3113.0,SL,0.11475409836065573
2019-02-15,2019-03-08,171.94,171.17,178.5,182.5,0.20056,0.06739,2019-03-22,35,21,55,0.63,3465.0,35041.504,0.09888274201929231,0.06,-3135.0000000000005,143.0,-3278.0000000000005,SL,0.09523809523809523
2019-02-22,2019-03-29,172.89,179.66,179.0,183.0,0.20098,0.06072,2019-03-29,35,35,55,0.5499999999999999,3024.9999999999995,26348.904000000002,0.11480553422639513,0.88,1815.0000000000005,143.0,1672.0000000000005,EXP,1.6000000000000003
2019-03-01,2019-04-05,174.39,184.66,180.0,184.0,0.20443,0.07254,2019-04-05,35,35,55,0.58,3189.9999999999995,30139.404000000002,0.10584150900926904,3.8,17710.0,143.0,17567.0,EXP,6.551724137931035
2019-03-08,2019-04-05,171.17,184.66,178.0,182.5,0.20689,0.06787,2019-04-12,35,28,55,0.6599999999999999,3629.999999999999,12613.423999999999,0.2877886290035124,3.96,18150.0,143.0,18007.0,TP,6.000000000000001
2019-03-15,2019-04-18,178.35,187.39,184.0,188.0,0.22432,0.07308,2019-04-18,34,34,55,0.62,3410.0,30869.124000000003,0.1104663676235192,3.31,14795.0,143.0,14652.0,EXP,5.338709677419355
2019-03-22,2019-04-26,178.56,190.65,186.5,192.5,0.21179,0.063,2019-04-26,35,35,55,0.8600000000000001,4730.000000000001,35806.824,0.13209772528275618,4.1000000000000005,17820.0,143.0,17677.0,EXP,4.767441860465117
2019-03-29,2019-05-03,179.66,191.11,186.5,190.5,0.20129,0.07108,2019-05-03,35,35,55,0.68,3740.0,30163.824,0.12398958434447833,3.7300000000000004,16775.0,143.0,16632.0,EXP,5.485294117647059
2019-04-05,2019-05-10,184.66,185.0,191.5,196.0,0.20806,0.06745,2019-05-10,35,35,55,0.6399999999999999,3519.9999999999995,68009.324,0.05175760900078936,0.0,-3519.9999999999995,143.0,-3662.9999999999995,EXP,0.0
2019-04-12,2019-05-10,185.83,185.0,192.0,196.0,0.21674,0.07401,2019-05-17,35,28,55,0.63,3465.0,70328.524,0.04926877180018736,0.05,-3189.9999999999995,143.0,-3332.9999999999995,SL,0.07936507936507937
2019-04-18,2019-05-10,187.39,185.0,194.0,198.0,0.20562,0.07022,2019-05-24,36,22,55,0.5800000000000001,3190.0000000000005,82033.484,0.03888656002956062,0.06,-2860.0,143.0,-3003.0,SL,0.10344827586206895
2019-04-26,2019-05-10,190.65,185.0,197.0,202.5,0.21618,0.06515,2019-05-31,35,14,55,0.72,3960.0,110050.68400000001,0.03598342014848358,0.02,-3850.0,143.0,-3993.0,SL,0.02777777777777778
2019-05-03,2019-05-10,191.11,185.0,197.5,202.5,0.21492,0.0735,2019-06-07,35,7,55,0.75,4125.0,112826.50400000002,0.036560558501396084,0.06,-3795.0,143.0,-3938.0,SL,0.08
2019-05-10,2019-05-24,185.0,178.16,192.5,197.0,0.20279,0.07189,2019-06-14,35,14,55,0.77,4235.0,84390.78400000001,0.050183204839049714,0.009999999999999998,-4180.0,143.0,-4323.0,SL,0.012987012987012984
2019-05-17,2019-05-31,183.04,173.95,191.0,196.0,0.20177,0.05505,2019-06-21,35,14,55,0.71,3905.0,80777.56400000001,0.04834263137719775,0.009999999999999998,-3850.0,143.0,-3993.0,SL,0.01408450704225352
2019-05-24,2019-06-28,178.16,186.74,186.0,192.0,0.22849,0.06388,2019-06-28,35,35,55,0.97,5335.0,73898.884,0.07219324178156736,1.11,770.0000000000007,143.0,627.0000000000007,EXP,1.1443298969072166
2019-05-31,2019-07-05,173.95,191.05,183.0,189.0,0.20125,0.06715,2019-07-05,35,35,55,0.8999999999999999,4949.999999999999,67701.08400000002,0.0731155205727577,5.79,26895.000000000004,143.0,26752.000000000004,EXP,6.433333333333334
2019-06-07,2019-07-12,181.04,193.53,188.5,195.0,0.21504,0.05271,2019-07-12,35,35,55,0.84,4620.0,78643.174,0.058746357312587615,4.88,22220.0,143.0,22077.0,EXP,5.809523809523809
2019-06-14,2019-07-19,182.64,191.01,190.0,196.0,0.22046,0.06235,2019-07-19,35,35,55,0.8400000000000001,4620.000000000001,81621.674,0.056602612683488956,0.8099999999999999,-165.00000000000077,143.0,-308.0000000000008,EXP,0.9642857142857141
2019-06-21,2019-07-19,188.57,191.01,196.5,202.5,0.21007,0.06054,2019-07-26,35,28,55,0.75,4125.0,116659.17400000001,0.03535941373972011,0.07,-3740.0,143.0,-3883.0,SL,0.09333333333333334
2019-06-28,2019-08-02,186.74,187.35,195.0,200.0,0.21304,0.08225,2019-08-02,35,35,55,0.8699999999999999,4784.999999999999,99784.26400000002,0.047953452861064325,0.0,-4784.999999999999,143.0,-4927.999999999999,EXP,0.0
2019-07-05,2019-08-02,191.05,187.35,197.5,202.5,0.21265,0.07242,2019-08-09,35,28,55,0.76,4180.0,122590.30400000002,0.03409731327528154,0.0,-4180.0,143.0,-4323.0,SL,0.0
2019-07-12,2019-08-02,193.53,187.35,200.0,204.0,0.21481,0.07632,2019-08-16,35,21,55,0.65,3575.0,147488.744,0.024239137869395647,0.019999999999999997,-3465.0,143.0,-3608.0,SL,0.030769230769230764
2019-07-26,2019-08-02,195.29,187.35,201.0,207.5,0.22837,0.04863,2019-08-30,35,7,55,0.88,4840.0,131132.584,0.03690920938460269,0.1,-4290.0,143.0,-4433.0,SL,0.11363636363636365
2019-07-19,2019-08-09,191.01,186.49,198.0,202.5,0.21109,0.07163,2019-08-23,35,21,55,0.7,3850.0,116855.80400000002,0.03294658774501264,0.019999999999999997,-3740.0,143.0,-3883.0,SL,0.02857142857142857
2019-08-02,2019-08-16,187.35,185.48,195.5,201.0,0.21567,0.07604,2019-09-06,35,14,55,0.97,5335.0,99813.644,0.053449606548780046,0.14,-4565.0,143.0,-4708.0,SL,0.1443298969072165
2019-08-09,2019-08-23,186.49,182.07,195.0,199.5,0.20379,0.07098,2019-09-13,35,14,55,0.74,4070.0,95886.50400000002,0.04244601513472636,0.08,-3630.0,143.0,-3773.0,SL,0.10810810810810811
2019-08-16,2019-09-20,185.48,190.8,194.0,199.0,0.20221,0.0624,2019-09-20,35,35,55,0.77,4235.0,91246.73400000001,0.04641262009443537,0.0,-4235.0,143.0,-4378.0,EXP,0.0
2019-08-23,2019-09-27,182.07,187.03,191.0,196.5,0.21439,0.07186,2019-09-27,35,35,55,1.07,5885.0,85526.95400000001,0.06880871730799624,0.0,-5885.0,143.0,-6028.0,EXP,0.0
2019-08-30,2019-09-27,187.47,187.03,195.5,200.0,0.20405,0.07987,2019-10-04,35,28,55,0.81,4455.0,93316.25400000002,0.04774087909701132,0.0,-4455.0,143.0,-4598.0,SL,0.0
2019-09-06,2019-09-27,191.59,187.03,198.5,202.5,0.21273,0.08211,2019-10-11,35,21,55,0.65,3575.0,102330.11400000002,0.03493595248022493,0.01,-3520.0,143.0,-3663.0,SL,0.015384615384615384
2019-09-13,2019-09-27,192.54,187.03,199.0,204.0,0.23056,0.07286,2019-10-18,35,14,55,0.8,4400.0,102788.41400000002,0.04280638088257689,0.06999999999999999,-4015.000000000001,143.0,-4158.000000000001,SL,0.08749999999999998
2019-09-20,2019-10-18,190.8,191.69,198.0,203.0,0.21749,0.07327,2019-10-25,35,28,55,0.8200000000000001,4510.0,81887.27400000002,0.05507571298563436,0.019999999999999997,-4400.0,143.0,-4543.0,SL,0.02439024390243902
2019-09-27,2019-11-01,187.03,198.87,195.5,201.0,0.20409,0.0701,2019-11-01,35,35,55,0.8999999999999999,4949.999999999999,64533.05400000002,0.07670487747255844,3.2600000000000002,12980.000000000002,143.0,12837.000000000002,EXP,3.6222222222222227
2019-10-04,2019-11-08,188.81,201.23,196.0,201.0,0.23081,0.07104,2019-11-08,35,35,55,0.94,5170.0,63968.354000000014,0.08082121356444467,4.890000000000001,21725.000000000004,143.0,21582.000000000004,EXP,5.202127659574469
2019-10-11,2019-11-15,191.11,202.91,199.0,204.0,0.19483,0.06248,2019-11-15,35,35,55,0.75,4125.0,67407.75400000002,0.06119474029649466,3.5300000000000002,15290.0,143.0,15147.0,EXP,4.706666666666667
2019-10-18,2019-11-22,191.69,201.83,199.0,204.0,0.21461,0.07222,2019-11-22,35,35,55,0.76,4180.0,61641.13400000001,0.06781186082657076,2.75,10945.0,143.0,10802.0,EXP,3.6184210526315788
2019-10-25,2019-11-29,195.64,205.1,202.0,206.0,0.19738,0.07865,2019-11-29,35,35,55,0.6,3300.0,74338.68400000001,0.044391423447851186,3.1300000000000003,13915.000000000002,143.0,13772.000000000002,EXP,5.216666666666668
2019-11-01,2019-12-06,198.87,205.0,205.0,210.0,0.22855,0.06637,2019-12-06,35,35,55,0.73,4015.0,103344.51400000001,0.03885063507096274,0.0,-4015.0,143.0,-4158.0,EXP,0.0
2019-11-08,2019-12-13,201.23,207.19,208.0,213.0,0.20716,0.07436,2019-12-13,35,35,55,0.6799999999999999,3740.0,128033.27400000002,0.029211156468591123,0.0,-3740.0,143.0,-3883.0,EXP,0.0
2019-11-15,2019-12-20,202.91,211.71,209.0,213.0,0.21498,0.07165,2019-12-20,35,35,55,0.59,3245.0,139130.67400000003,0.023323397398333594,2.79,12100.000000000002,143.0,11957.000000000002,EXP,4.728813559322035
2019-11-22,2019-12-20,201.83,211.71,208.0,212.0,0.21048,0.06898,2019-12-27,35,28,55,0.6,3300.0,124164.95400000003,0.02657754779984052,3.13,13914.999999999998,143.0,13771.999999999998,TP,5.216666666666667
2019-11-29,2020-01-03,205.1,214.18,211.5,215.0,0.20549,0.07786,2020-01-03,35,35,55,0.56,3080.0000000000005,150434.29400000002,0.02047405493856341,2.7100000000000004,11825.000000000002,143.0,11682.000000000002,EXP,4.839285714285714
2019-12-06,2020-01-10,205.0,218.43,211.5,215.0,0.20145,0.07561,2020-01-10,35,35,55,0.55,3025.0000000000005,134555.29400000002,0.022481464014340452,3.17,14410.0,143.0,14267.0,EXP,5.763636363636363
2019-12-13,2020-01-10,207.19,218.43,213.0,217.0,0.20979,0.06158,2020-01-17,35,28,55,0.58,3189.9999999999995,136320.34400000004,0.023400762545024083,3.25,14685.0,143.0,14542.0,TP,5.603448275862069
2019-12-20,2020-01-17,211.71,223.38,217.5,221.0,0.21595,0.07688,2020-01-24,35,28,55,0.5700000000000001,3135.0000000000005,178817.92400000003,0.017531799552711506,3.0500000000000003,13640.000000000004,143.0,13497.000000000004,TP,5.350877192982456
2019-12-27,2020-01-31,213.61,219.07,221.0,225.0,0.20027,0.07608,2020-01-31,35,35,55,0.6,3300.0,191603.72400000002,0.01722304729317265,0.0,-3300.0,143.0,-3443.0,EXP,0.0
2020-01-03,2020-02-07,214.18,229.2,222.0,227.0,0.20586,0.06968,2020-02-07,35,35,55,0.77,4235.0,197525.29400000002,0.02144029209747689,4.83,22330.000000000004,143.0,22187.000000000004,EXP,6.2727272727272725
2020-01-10,2020-02-14,218.43,234.64,226.0,230.0,0.19977,0.07743,2020-02-14,35,35,55,0.6599999999999999,3629.999999999999,222883.29400000002,0.016286550395293416,3.7700000000000005,17105.000000000004,143.0,16962.000000000004,EXP,5.712121212121214
2020-01-17,2020-02-21,223.38,230.27,231.0,236.0,0.18318,0.06446,2020-02-21,35,35,55,0.6299999999999999,3464.999999999999,250540.59400000004,0.013830094136361784,0.0,-3464.999999999999,143.0,-3607.999999999999,EXP,0.0
2020-01-24,2020-02-28,222.7,205.8,231.0,236.0,0.2008,0.07013,2020-02-28,35,35,55,0.79,4345.0,248061.054,0.017515849142526015,0.0,-4345.0,143.0,-4488.0,EXP,0.0
2020-01-31,2020-02-28,219.07,205.8,229.0,234.0,0.20257,0.07412,2020-03-06,35,28,55,0.8899999999999999,4894.999999999999,216591.26400000002,0.022600172830608712,0.009999999999999995,-4839.999999999999,143.0,-4982.999999999999,VIX,0.011235955056179771
2020-02-07,2020-02-28,229.2,205.8,238.0,245.0,0.21124,0.07177,2020-03-13,35,21,55,0.99,5445.0,281876.564,0.01931696598941088,0.0,-5445.0,143.0,-5588.0,VIX,0.0
2020-02-14,2020-02-28,234.64,205.8,243.0,249.0,0.21206,0.06541,2020-03-20,35,14,55,0.8200000000000001,4510.0,320679.444,0.014063888672577341,0.0,-4510.0,143.0,-4653.0,VIX,0.0
2020-02-21,2020-02-28,230.27,205.8,240.0,246.0,0.20421,0.07361,2020-03-27,35,7,55,0.98,5390.0,278295.54400000005,0.019367899041890513,0.0,-5390.0,143.0,-5533.0,VIX,0.0
2020-06-05,2020-06-12,239.69,235.88,251.0,260.0,0.2134,0.06571,2020-07-10,35,7,55,1.2200000000000002,6710.000000000001,250539.86400000003,0.026782165092897152,1.12,-550.0000000000005,143.0,-693.0000000000005,VIX,0.9180327868852458
2020-07-17,2020-08-21,259.42,281.87,276.0,289.0,0.20187,0.06909,2020-08-21,35,35,55,1.62,8910.0,270504.58400000003,0.032938443660533306,5.83,23155.0,143.0,23012.0,EXP,3.5987654320987654
2020-07-24,2020-08-28,255.56,292.53,273.0,285.0,0.20713,0.06714,2020-08-28,35,35,55,1.6800000000000002,9240.000000000002,262362.2040000001,0.0352184874921999,11.79,55605.0,143.0,55462.0,EXP,7.0178571428571415
2020-07-31,2020-09-04,265.79,283.58,281.0,292.5,0.2056,0.0653,2020-09-04,35,35,55,1.6300000000000001,8965.0,283279.03400000004,0.031647241496876886,1.69,329.9999999999991,143.0,186.9999999999991,EXP,1.03680981595092
2020-08-07,2020-09-04,271.47,283.58,287.5,298.0,0.20964,0.07062,2020-09-11,35,28,55,1.49,8195.0,304699.694,0.02689533386928836,2.61,6159.999999999999,143.0,6016.999999999999,VIX,1.7516778523489933
2020-08-14,2020-09-04,272.16,283.58,288.0,300.0,0.21305,0.07163,2020-09-18,35,21,55,1.5799999999999998,8689.999999999998,292604.0240000001,0.02969883968513022,3.9699999999999998,13144.999999999998,143.0,13001.999999999998,VIX,2.5126582278481013
2020-08-21,2020-09-04,281.87,283.58,297.5,307.5,0.21299,0.09603,2020-09-25,35,14,55,1.47,8085.0,380807.564,0.021231195922358306,2.07,3299.999999999999,143.0,3156.999999999999,VIX,1.4081632653061225
2020-08-28,2020-09-04,292.53,283.58,312.5,327.5,0.20705,0.07712,2020-10-02,35,7,55,1.91,10505.0,474377.504,0.022144810644309135,1.03,-4839.999999999999,143.0,-4982.999999999999,VIX,0.5392670157068064
2020-09-11,2020-10-16,270.45,288.51,291.0,307.0,0.21019,0.0692,2020-10-16,35,35,55,2.1100000000000003,11605.000000000002,368910.384,0.03145750432441067,0.0,-11605.000000000002,143.0,-11748.000000000002,EXP,0.0
2020-09-18,2020-10-23,266.87,284.74,287.0,303.0,0.21192,0.06886,2020-10-23,35,35,55,2.1599999999999997,11879.999999999998,358063.28400000004,0.03317849254826138,0.0,-11879.999999999998,143.0,-12022.999999999998,EXP,0.0
2020-09-25,2020-10-30,271.56,269.38,292.0,307.5,0.21242,0.06553,2020-10-30,35,35,55,2.09,11495.0,364196.22400000005,0.03156265563038896,0.0,-11495.0,143.0,-11638.0,EXP,0.0
2020-10-09,2020-10-30,285.71,269.38,306.0,320.0,0.20753,0.07633,2020-11-13,35,21,55,1.95,10725.0,402746.67400000006,0.026629642632380865,0.06,-10395.0,143.0,-10538.0,VIX,0.030769230769230767
2020-11-06,2020-11-20,294.61,290.38,313.0,330.0,0.20747,0.05945,2020-12-11,35,14,55,1.94,10670.0,352304.67400000006,0.03028628567102121,0.29,-9075.0,143.0,-9218.0,SL,0.14948453608247422
2020-11-13,2020-12-18,290.93,310.06,308.0,321.0,0.2111,0.06961,2020-12-18,35,35,55,1.7600000000000002,9680.000000000002,341093.05400000006,0.02837935245670526,2.77,5554.999999999998,143.0,5411.999999999998,EXP,1.5738636363636362
2020-11-20,2020-12-24,290.38,309.56,305.0,317.0,0.20766,0.06966,2020-12-24,34,34,55,1.5199999999999998,8359.999999999998,333346.30400000006,0.025079024125013238,4.37,15675.000000000004,143.0,15532.000000000004,EXP,2.8750000000000004
2020-11-27,2020-12-31,299.01,313.74,314.0,328.0,0.20867,0.06912,2020-12-31,34,34,55,1.6099999999999999,8855.0,356315.0640000001,0.024851601559006772,0.16,-7975.0,143.0,-8118.0,EXP,0.09937888198757765
2020-12-04,2021-01-08,305.52,319.03,322.5,337.5,0.21246,0.0767,2021-01-08,35,35,55,1.6999999999999997,9349.999999999998,382307.28400000004,0.024456766562679453,0.0,-9349.999999999998,143.0,-9492.999999999998,EXP,0.0
2020-12-11,2021-01-15,301.85,311.86,320.0,333.0,0.20532,0.06991,2021-01-15,35,35,55,1.6400000000000001,9020.0,348825.3140000001,0.025858215095020308,0.0,-9020.0,143.0,-9163.0,EXP,0.0
2020-12-18,2021-01-15,310.06,311.86,326.0,339.0,0.20641,0.06919,2021-01-22,35,28,55,1.7500000000000002,9625.000000000002,397022.624,0.024242950950825414,0.11,-9020.0,143.0,-9163.0,SL,0.06285714285714285
2020-12-24,2021-01-29,309.56,314.56,325.0,337.0,0.21704,0.07127,2021-01-29,36,36,55,1.7400000000000002,9570.000000000002,364080.62400000007,0.026285386722474966,0.0,-9570.000000000002,143.0,-9713.000000000002,EXP,0.0
2020-12-31,2021-01-29,313.74,314.56,330.0,344.0,0.22046,0.0658,2021-02-05,36,29,55,2.15,11825.0,373271.12400000007,0.031679385946821854,0.39999999999999997,-9625.0,143.0,-9768.0,VIX,0.18604651162790697
2021-01-08,2021-01-29,319.03,314.56,337.0,350.0,0.2093,0.0719,2021-02-12,35,21,55,1.79,9845.0,390504.434,0.025210981343172147,0.38,-7755.0,143.0,-7898.0,VIX,0.2122905027932961
2021-01-15,2021-01-29,311.86,314.56,329.0,342.0,0.21507,0.07277,2021-02-19,35,14,55,1.96,10780.0,327237.574,0.03294242732651477,2.25,1595.0000000000002,143.0,1452.0000000000002,VIX,1.1479591836734695
2021-01-22,2021-01-29,325.42,314.56,344.0,357.5,0.20606,0.0689,2021-02-26,35,7,55,1.7399999999999998,9569.999999999998,388457.074,0.024635926697012596,0.64,-6049.999999999998,143.0,-6192.999999999998,VIX,0.36781609195402304
2021-02-05,2021-02-26,331.36,314.14,348.0,362.5,0.21189,0.06786,2021-03-12,35,21,55,1.74,9570.0,334199.77400000003,0.028635566940868124,0.019999999999999997,-9460.0,143.0,-9603.0,SL,0.011494252873563216
2021-02-12,2021-02-26,336.45,314.14,353.0,365.0,0.21673,0.07693,2021-03-19,35,14,55,1.65,9075.0,340706.384,0.02663583785386305,0.08000000000000002,-8634.999999999998,143.0,-8777.999999999998,SL,0.0484848484848485
2021-02-19,2021-02-26,331.02,314.14,348.0,360.0,0.20684,0.07072,2021-03-26,35,7,55,1.73,9515.0,322210.52400000003,0.029530382440270633,0.23,-8250.0,143.0,-8393.0,SL,0.13294797687861273
2021-03-05,2021-04-09,308.68,337.11,327.5,342.5,0.21294,0.06774,2021-04-09,35,35,55,2.04,11220.0,286592.40400000004,0.03914967683511946,9.19,39325.0,143.0,39182.0,EXP,4.504901960784314
2021-03-12,2021-04-16,315.46,342.01,335.0,351.0,0.20921,0.07137,2021-04-16,35,35,55,1.9699999999999998,10834.999999999998,296741.884,0.03651321429232416,6.82,26675.000000000004,143.0,26532.000000000004,EXP,3.4619289340101527
2021-03-26,2021-04-16,316.0,342.01,332.5,347.5,0.20263,0.06676,2021-04-30,35,21,55,1.7,9350.0,275514.42400000006,0.03393651724020082,9.17,41085.0,143.0,40942.0,TP,5.394117647058824
2021-03-19,2021-04-23,313.14,339.42,332.5,347.5,0.20966,0.07658,2021-04-23,35,35,55,1.9,10450.0,283902.14400000003,0.03680845749442455,6.71,26455.000000000004,143.0,26312.000000000004,EXP,3.531578947368421
2021-04-09,2021-04-30,337.11,337.99,353.0,367.5,0.21365,0.06512,2021-05-14,35,21,55,1.7300000000000002,9515.000000000002,426646.49400000006,0.022301835673821335,0.27,-8030.000000000002,143.0,-8173.000000000002,SL,0.15606936416184972
2021-04-01,2021-05-07,324.57,334.2,340.0,352.5,0.21515,0.07711,2021-05-07,36,36,55,1.7199999999999998,9459.999999999998,303798.934,0.031139016439076767,0.0,-9459.999999999998,143.0,-9602.999999999998,EXP,0.0
2021-04-16,2021-05-07,342.01,334.2,357.0,369.0,0.20244,0.06743,2021-05-21,35,21,55,1.43,7865.0,480928.49400000006,0.016353782523020978,0.07,-7480.0,143.0,-7623.0,SL,0.04895104895104896
2021-04-23,2021-05-07,339.42,334.2,354.0,366.0,0.22164,0.06891,2021-05-28,35,14,55,1.65,9075.0,447417.2840000001,0.02028307873774496,0.24,-7755.0,143.0,-7898.0,SL,0.14545454545454545
2021-04-30,2021-05-14,337.99,326.39,353.0,364.0,0.1992,0.07226,2021-06-04,35,14,55,1.45,7975.0,424988.28400000004,0.0187652231843643,0.09999999999999999,-7425.0,143.0,-7568.0,SL,0.06896551724137931
2021-05-07,2021-05-28,334.2,333.93,348.0,360.0,0.2164,0.07167,2021-06-11,35,21,55,1.59,8745.0,398886.29400000005,0.02192354094773685,0.23000000000000004,-7480.0,143.0,-7623.0,SL,0.1446540880503145
2021-05-14,2021-06-18,326.39,342.63,342.0,355.0,0.21019,0.07046,2021-06-18,35,35,55,1.73,9515.0,381441.5040000001,0.02494484711343839,0.64,-5994.999999999999,143.0,-6137.999999999999,EXP,0.36994219653179194
2021-05-21,2021-06-25,327.01,349.46,342.5,354.0,0.21245,0.07073,2021-06-25,35,35,55,1.5300000000000002,8415.000000000002,378551.22400000005,0.02222948828716507,6.8500000000000005,29260.0,143.0,29117.0,EXP,4.477124183006535
2021-05-28,2021-07-02,333.93,358.64,347.0,358.0,0.21356,0.07221,2021-07-02,35,35,55,1.46,8030.0,390619.8240000001,0.02055707239272116,10.54,49939.999999999985,143.0,49796.999999999985,EXP,7.219178082191781
2021-06-04,2021-07-02,335.6,358.64,348.0,360.0,0.22695,0.07055,2021-07-09,35,28,55,1.54,8470.0,388728.6040000001,0.021788980571133886,9.219999999999999,42239.99999999999,143.0,42096.99999999999,TP,5.987012987012986
2021-06-11,2021-07-09,341.24,361.01,353.0,364.0,0.20972,0.07378,2021-07-16,35,28,55,1.32,7260.0,406344.8640000001,0.017866597176924078,7.18,32230.0,143.0,32087.0,TP,5.439393939393939
2021-06-18,2021-07-23,342.63,368.2,356.0,367.5,0.21457,0.07098,2021-07-23,35,35,55,1.5999999999999999,8800.0,412208.29400000005,0.021348430218631163,11.04,51920.0,143.0,51777.0,EXP,6.9
2021-06-25,2021-07-30,349.46,364.57,362.5,374.0,0.20875,0.06394,2021-07-30,35,35,55,1.4200000000000002,7810.000000000002,464138.72400000005,0.016826865754041246,2.1,3740.0,143.0,3597.0,EXP,1.4788732394366195
2021-07-02,2021-08-06,358.64,368.05,372.0,382.5,0.20915,0.07441,2021-08-06,35,35,55,1.31,7205.0,584627.304,0.012324090836510091,0.0,-7205.0,143.0,-7348.0,EXP,0.0
2021-07-09,2021-08-06,361.01,368.05,375.0,387.5,0.21618,0.06887,2021-08-13,35,28,55,1.6,8800.0,604166.234,0.01456552767230616,0.24000000000000002,-7480.0,143.0,-7623.0,SL,0.15
2021-07-23,2021-08-13,368.2,368.82,382.0,394.0,0.20771,0.06435,2021-08-27,35,21,55,1.4,7700.0,662897.604,0.011615670283822597,0.15000000000000002,-6875.0,143.0,-7018.0,SL,0.10714285714285716
2021-07-16,2021-08-20,357.6,367.73,372.0,384.0,0.20718,0.0677,2021-08-20,35,35,55,1.62,8910.0,570691.8040000001,0.015612630035247533,0.0,-8910.0,143.0,-9053.0,EXP,0.0
2021-07-30,2021-09-03,364.57,381.57,379.0,390.0,0.21106,0.06512,2021-09-03,35,35,55,1.54,8470.0,612535.644,0.013827766731563463,2.41,4785.000000000001,143.0,4642.000000000001,EXP,1.564935064935065
2021-08-06,2021-09-10,368.05,376.59,381.0,392.0,0.2051,0.06424,2021-09-10,35,35,55,1.43,7865.0,610079.1440000001,0.012891769989763819,0.0,-7865.0,143.0,-8008.0,EXP,0.0
2021-08-13,2021-09-17,368.82,373.83,382.0,390.0,0.20142,0.07294,2021-09-17,35,35,55,1.08,5940.0,597239.2840000001,0.009945762375537237,0.0,-5940.0,143.0,-6083.0,EXP,0.0
2021-09-03,2021-09-17,381.57,373.83,394.0,404.0,0.20433,0.06829,2021-10-08,35,14,55,1.3,7150.0,658559.6940000001,0.010857026424699472,0.09999999999999999,-6600.0,143.0,-6743.0,SL,0.07692307692307691
2021-08-20,2021-09-24,367.73,373.33,381.0,390.0,0.19903,0.07832,2021-09-24,35,35,55,1.33,7315.0,584443.2540000001,0.01251618518981143,0.0,-7315.0,143.0,-7458.0,EXP,0.0
2021-08-27,2021-09-24,376.04,373.33,387.5,396.0,0.19972,0.07135,2021-10-01,35,28,55,1.2000000000000002,6600.000000000001,611582.324,0.01079167879940232,0.04,-6380.000000000001,143.0,-6523.000000000001,SL,0.033333333333333326
2021-09-10,2021-09-24,376.59,373.33,390.0,400.0,0.21955,0.07302,2021-10-15,35,14,55,1.6300000000000001,8965.0,607987.594,0.0147453666628599,0.24,-7645.0,143.0,-7788.0,SL,0.14723926380368096
2021-09-17,2021-10-01,373.83,360.18,387.0,397.5,0.22203,0.0694,2021-10-22,35,14,55,1.5299999999999998,8414.999999999998,576240.134,0.014603286899832629,0.09,-7919.999999999998,143.0,-8062.999999999998,SL,0.05882352941176471
2021-09-24,2021-10-01,373.33,360.18,387.0,397.0,0.19549,0.06914,2021-10-29,35,7,55,1.4,7700.0,565689.634,0.013611704258310663,0.20999999999999996,-6545.0,143.0,-6688.0,SL,0.15
2021-10-01,2021-11-05,360.18,398.6,377.0,388.0,0.2021,0.07162,2021-11-05,35,35,55,1.7299999999999998,9514.999999999998,535426.834,0.0177708687644893,10.45,47959.99999999999,143.0,47816.99999999999,EXP,6.040462427745665
2021-10-08,2021-11-05,361.16,398.6,376.0,386.0,0.21766,0.06783,2021-11-12,35,28,55,1.5799999999999998,8689.999999999998,532660.1540000001,0.01631434214619327,9.360000000000001,42790.00000000001,143.0,42647.00000000001,TP,5.924050632911394
2021-10-15,2021-11-05,368.94,398.6,382.0,392.0,0.20353,0.07194,2021-11-19,35,21,55,1.35,7425.0,550242.9540000001,0.013494039216720252,8.219999999999999,37784.99999999999,143.0,37641.99999999999,TP,6.088888888888888
2021-10-22,2021-11-05,374.1,398.6,387.0,398.0,0.20972,0.06767,2021-11-26,35,14,55,1.4200000000000002,7810.000000000002,571387.854,0.013668473953945827,7.659999999999999,34319.99999999999,143.0,34176.99999999999,TP,5.394366197183097
2021-10-29,2021-11-26,386.11,391.2,400.0,412.0,0.21712,0.07275,2021-12-03,35,28,55,1.53,8415.0,673418.294,0.012495948023651404,1.2000000000000002,-1814.9999999999993,143.0,-1957.9999999999993,VIX,0.7843137254901962
2021-11-05,2021-11-26,398.6,391.2,416.0,430.0,0.20345,0.0678,2021-12-10,35,21,55,1.6400000000000001,9020.0,767527.0740000001,0.011752028437240505,0.06999999999999999,-8635.0,143.0,-8778.0,VIX,0.04268292682926828
2021-11-12,2021-11-26,394.7,391.2,411.0,425.0,0.21649,0.07283,2021-12-17,35,14,55,1.87,10285.0,746635.674,0.01377512534982356,0.8899999999999999,-5390.000000000001,143.0,-5533.000000000001,VIX,0.47593582887700525
2021-11-19,2021-11-26,403.99,391.2,420.0,433.0,0.20724,0.07005,2021-12-23,34,7,55,1.6500000000000004,9075.000000000002,791851.234,0.011460486023565383,0.33000000000000007,-7260.000000000002,143.0,-7403.000000000002,VIX,0.2
2021-12-10,2021-12-31,398.01,397.85,416.0,429.0,0.20981,0.07005,2022-01-14,35,21,55,1.73,9515.0,726999.1140000001,0.013088048962876726,0.27,-8030.0,143.0,-8173.0,SL,0.15606936416184972
2021-12-17,2022-01-07,384.91,379.86,405.0,420.0,0.21527,0.07377,2022-01-21,35,21,55,2.17,11935.0,696446.4140000001,0.017136996845819066,0.16,-11054.999999999998,143.0,-11197.999999999998,SL,0.07373271889400922
2021-12-23,2022-01-07,396.92,379.86,414.0,428.0,0.21034,0.07185,2022-01-28,36,15,55,1.8600000000000003,10230.000000000002,724134.6240000001,0.014127207374080764,0.11000000000000001,-9625.000000000002,143.0,-9768.000000000002,SL,0.059139784946236555
2021-12-31,2022-01-07,397.85,379.86,415.0,427.0,0.20637,0.06907,2022-02-04,35,7,55,1.5699999999999998,8634.999999999998,716979.474,0.012043580483309621,0.19,-7590.0,143.0,-7733.0,SL,0.12101910828025479
2022-01-07,2022-01-21,379.86,351.69,399.0,413.0,0.2111,0.07143,2022-02-11,35,14,55,2.01,11054.999999999998,658344.7440000001,0.016792114011318054,0.10999999999999999,-10450.0,143.0,-10593.0,VIX,0.05472636815920398
2022-01-14,2022-01-21,380.01,351.69,400.0,414.0,0.20092,0.06662,2022-02-18,35,7,55,1.87,10285.0,655393.6940000001,0.015692857734453572,0.20999999999999996,-9130.0,143.0,-9273.0,VIX,0.11229946524064169
2022-02-04,2022-02-18,358.01,341.51,379.0,394.0,0.21124,0.07502,2022-03-11,35,14,55,2.0300000000000002,11165.000000000002,601893.794,0.018549784216582238,0.16,-10285.000000000002,143.0,-10428.000000000002,SL,0.07881773399014777
2022-03-25,2022-04-08,359.35,349.15,379.0,395.0,0.2054,0.0682,2022-04-29,35,14,55,2.03,11164.999999999998,598913.8140000001,0.018642081279494408,0.26,-9734.999999999998,143.0,-9877.999999999998,SL,0.12807881773399016
2022-03-18,2022-04-14,351.49,338.43,371.0,386.0,0.20183,0.0702,2022-04-22,35,27,55,1.94,10670.0,580744.2540000001,0.01837297558522206,0.009999999999999998,-10615.0,143.0,-10758.0,SL,0.005154639175257731
2022-04-01,2022-04-14,361.85,338.43,381.0,396.0,0.20062,0.06758,2022-05-06,35,13,55,1.9,10450.0,598472.314,0.017461125194172308,0.07999999999999999,-10009.999999999998,143.0,-10152.999999999998,SL,0.04210526315789473
2022-04-08,2022-04-22,349.15,325.4,369.0,385.0,0.21949,0.07136,2022-05-13,35,14,55,2.14,11770.0,550509.614,0.021380189738157782,0.14,-11000.0,143.0,-11143.0,VIX,0.06542056074766356
2022-04-14,2022-04-22,338.43,325.4,358.0,372.0,0.21184,0.0751,2022-05-18,34,8,55,2.09,11495.0,521617.79400000005,0.02203720833956059,0.5700000000000001,-8359.999999999998,143.0,-8502.999999999998,VIX,0.27272727272727276
2022-05-27,2022-06-10,309.1,288.84,331.0,348.0,0.21062,0.06833,2022-07-01,35,14,55,2.23,12265.0,466672.6540000001,0.026281805661576212,0.16,-11384.999999999998,143.0,-11527.999999999998,SL,0.07174887892376682
2022-06-03,2022-06-17,306.2,274.69,327.0,343.0,0.21087,0.0689,2022-07-08,35,14,55,2.19,12045.0,456566.05400000006,0.02638172482266936,0.09000000000000001,-11550.0,143.0,-11693.0,VIX,0.04109589041095891
2022-07-01,2022-08-05,282.13,321.75,304.0,320.0,0.21021,0.07285,2022-08-05,35,35,55,2.0999999999999996,11549.999999999998,404758.764,0.028535515539819162,15.540000000000001,73920.00000000001,143.0,73777.00000000001,EXP,7.400000000000002
2022-07-08,2022-08-12,295.35,330.39,316.0,330.0,0.2164,0.08373,2022-08-12,35,35,55,2.0199999999999996,11109.999999999996,434872.7240000001,0.02554770484984474,13.76,64570.0,143.0,64427.0,EXP,6.8118811881188135
2022-07-15,2022-08-12,291.87,330.39,312.0,327.0,0.20992,0.06991,2022-08-19,35,28,55,2.01,11054.999999999998,415510.8240000001,0.026605805099315524,12.639999999999999,58465.0,143.0,58322.0,TP,6.288557213930348
2022-07-22,2022-08-26,301.99,307.44,322.0,340.0,0.21952,0.06146,2022-08-26,35,35,55,2.2600000000000002,12430.000000000002,453187.36400000006,0.027427949204691417,0.0,-12430.000000000002,143.0,-12573.000000000002,EXP,0.0
2022-07-29,2022-08-26,315.46,307.44,335.0,350.0,0.20712,0.07212,2022-09-02,35,28,55,1.92,10560.0,547193.584,0.019298471891439427,0.03,-10395.0,143.0,-10538.0,SL,0.015625
2022-08-05,2022-08-26,321.75,307.44,342.0,356.0,0.20324,0.06828,2022-09-09,35,21,55,1.7399999999999998,9569.999999999998,619817.7640000001,0.0154400221417339,0.039999999999999994,-9349.999999999998,143.0,-9492.999999999998,SL,0.022988505747126436
2022-08-12,2022-08-26,330.39,307.44,350.0,364.0,0.20616,0.06741,2022-09-16,35,14,55,1.7799999999999998,9789.999999999998,720529.544,0.013587229117144984,0.06,-9459.999999999998,143.0,-9602.999999999998,SL,0.033707865168539325
2022-08-19,2022-09-02,322.86,295.17,342.0,356.0,0.21785,0.07554,2022-09-23,35,14,55,1.94,10670.0,649606.4640000002,0.016425329166675284,0.05,-10395.0,143.0,-10538.0,SL,0.025773195876288662
2022-08-26,2022-09-16,307.44,289.32,329.0,345.0,0.20856,0.06831,2022-09-30,35,21,55,2.07,11384.999999999998,572550.704,0.019884701774814335,0.06,-11054.999999999998,143.0,-11197.999999999998,SL,0.028985507246376812
2022-09-02,2022-09-23,295.17,275.51,317.5,332.5,0.20938,0.06986,2022-10-07,35,21,55,2.04,11220.0,539663.1140000001,0.020790748355649147,0.039999999999999994,-11000.0,143.0,-11143.0,VIX,0.019607843137254898
2022-09-09,2022-09-23,307.09,275.51,327.0,345.0,0.20698,0.0581,2022-10-14,35,14,55,2.14,11770.0,569169.214,0.02067926323225205,0.06,-11440.0,143.0,-11583.0,VIX,0.02803738317757009
2022-09-16,2022-09-23,289.32,275.51,312.0,327.0,0.20069,0.07216,2022-10-21,35,7,55,1.9000000000000001,10450.0,509213.64400000003,0.020521838177611752,0.44,-8030.000000000002,143.0,-8173.000000000002,VIX,0.23157894736842105
2022-10-28,2022-11-04,281.22,264.68,304.0,320.0,0.21315,0.07755,2022-12-02,35,7,55,2.05,11274.999999999998,482681.1440000001,0.023359105985710508,0.26,-9844.999999999998,143.0,-9987.999999999998,SL,0.12682926829268293
2022-11-04,2022-12-09,264.68,282.04,287.0,302.0,0.20557,0.07423,2022-12-09,35,35,55,1.8099999999999998,9954.999999999998,444972.10400000005,0.022372188976592558,0.0,-9954.999999999998,143.0,-10097.999999999998,EXP,0.0
2022-11-11,2022-12-09,287.96,282.04,310.0,326.0,0.20201,0.0718,2022-12-16,35,28,55,1.9,10450.0,507019.64400000003,0.02061064127132715,0.05,-10175.0,143.0,-10318.0,SL,0.026315789473684213
2022-11-18,2022-12-09,284.82,282.04,305.0,320.0,0.21141,0.06873,2022-12-23,35,21,55,1.9099999999999997,10504.999999999998,489255.304,0.021471407492395827,0.28,-8964.999999999998,143.0,-9107.999999999998,SL,0.1465968586387435
2022-11-25,2022-12-16,286.92,274.25,305.0,318.0,0.20897,0.06777,2022-12-30,35,21,55,1.73,9515.0,485713.7040000001,0.01958972934393467,0.04000000000000001,-9295.0,143.0,-9438.0,SL,0.023121387283237
2022-12-02,2022-12-16,292.55,274.25,310.0,322.0,0.21129,0.07261,2023-01-06,35,14,55,1.62,8910.0,509304.8840000001,0.017494432666779608,0.049999999999999996,-8635.0,143.0,-8778.0,SL,0.030864197530864192
2022-12-09,2022-12-23,282.04,267.36,302.0,315.0,0.21169,0.07106,2023-01-13,35,14,55,1.8699999999999997,10284.999999999998,431436.3340000001,0.023838975045620513,0.08,-9844.999999999998,143.0,-9987.999999999998,SL,0.042780748663101616
2022-12-16,2022-12-30,274.25,266.28,292.0,305.0,0.21521,0.07123,2023-01-20,35,14,55,1.65,9075.0,406924.37400000007,0.02230144120096379,0.26,-7645.0,143.0,-7788.0,SL,0.1575757575757576
2022-12-23,2023-01-27,267.36,296.26,285.0,299.0,0.21039,0.06946,2023-01-27,35,35,55,1.71,9405.0,388870.99400000006,0.024185398615768187,10.86,50324.99999999999,143.0,50181.99999999999,EXP,6.350877192982456
2022-12-30,2023-02-03,266.28,306.18,285.0,300.0,0.21515,0.06473,2023-02-03,35,35,55,2.01,11054.999999999998,383247.35400000005,0.02884560032735411,14.739999999999998,70014.99999999999,143.0,69871.99999999999,EXP,7.333333333333333
2023-01-06,2023-02-03,268.8,306.18,287.0,300.0,0.20387,0.07336,2023-02-10,35,28,55,1.68,9240.0,383550.77400000003,0.024090682711019634,11.19,52305.0,143.0,52162.0,TP,6.660714285714286
2023-01-13,2023-02-17,280.97,301.16,297.0,310.0,0.21277,0.06841,2023-02-17,35,35,55,1.63,8965.0,426480.5640000001,0.021020887601339786,3.8000000000000003,11935.000000000002,143.0,11792.000000000002,EXP,2.3312883435582825
2023-02-03,2023-02-17,306.18,301.16,326.0,340.0,0.2052,0.07478,2023-03-10,35,14,55,1.62,8910.0,676754.064,0.01316578720981275,0.24,-7590.0,143.0,-7733.0,SL,0.14814814814814814
2023-01-20,2023-02-24,282.68,291.85,300.0,310.0,0.1946,0.07157,2023-02-24,35,35,55,1.3,7150.0,431718.9040000001,0.016561702380306232,0.0,-7150.0,143.0,-7293.0,EXP,0.0
2023-01-27,2023-02-24,296.26,291.85,314.0,325.0,0.21245,0.08147,2023-03-03,35,28,55,1.5300000000000002,8415.000000000002,579679.724,0.014516636776483148,0.0,-8415.000000000002,143.0,-8558.000000000002,SL,0.0
2023-02-10,2023-02-24,299.7,291.85,320.0,335.0,0.20473,0.07086,2023-03-17,35,14,55,1.88,10340.0,630185.914,0.016407856428222227,0.21,-9185.0,143.0,-9328.0,SL,0.11170212765957448
2023-02-17,2023-03-10,301.16,288.55,319.0,332.0,0.21624,0.07072,2023-03-24,35,21,55,1.8399999999999999,10120.0,611776.7940000001,0.016541980832309892,0.07999999999999999,-9679.999999999998,143.0,-9822.999999999998,SL,0.043478260869565216
2023-02-24,2023-03-31,291.85,320.93,310.0,323.0,0.21534,0.07222,2023-03-31,35,35,55,1.81,9955.0,555981.2740000001,0.017905279306223536,10.66,48675.0,143.0,48532.0,EXP,5.889502762430939
2023-03-10,2023-03-31,288.55,320.93,308.0,322.0,0.20592,0.06509,2023-04-14,35,21,55,1.7200000000000002,9460.000000000002,533295.0240000001,0.017738774176149073,9.91,45045.0,143.0,44902.0,TP,5.761627906976743
2023-03-03,2023-04-06,299.68,318.05,316.0,330.0,0.2214,0.05992,2023-04-06,34,34,55,1.91,10505.0,576696.404,0.018215823658924706,1.83,-439.99999999999915,143.0,-582.9999999999991,EXP,0.9581151832460734
2023-03-17,2023-04-21,305.36,316.61,325.0,338.0,0.20683,0.07192,2023-04-21,35,35,55,1.7800000000000002,9790.000000000002,611450.664,0.01601110371841873,0.0,-9790.000000000002,143.0,-9933.000000000002,EXP,0.0
2023-03-24,2023-04-21,310.89,316.61,330.0,342.0,0.20793,0.06567,2023-04-28,35,28,55,1.65,9075.0,636963.024,0.014247294831983842,0.09,-8579.999999999998,143.0,-8722.999999999998,SL,0.05454545454545455
2023-03-31,2023-04-21,320.93,316.61,340.0,355.0,0.20462,0.05452,2023-05-05,35,21,55,1.73,9515.0,737682.804,0.012898497766798966,0.08,-9075.0,143.0,-9218.0,SL,0.04624277456647399
2023-04-06,2023-05-05,318.05,322.89,336.0,350.0,0.22188,0.06803,2023-05-12,36,29,55,1.8699999999999999,10285.0,688666.404,0.014934662037034698,0.049999999999999996,-10009.999999999998,143.0,-10152.999999999998,SL,0.026737967914438502
2023-04-14,2023-05-12,318.57,325.03,335.0,347.0,0.2154,0.06672,2023-05-19,35,28,55,1.6700000000000002,9185.000000000002,671677.4639999999,0.013674718138228325,0.08,-8745.0,143.0,-8888.0,SL,0.04790419161676646
2023-04-21,2023-05-26,316.61,348.4,332.0,342.0,0.21694,0.07672,2023-05-26,35,35,55,1.48,8140.0,648174.424,0.012558348028863292,9.690000000000001,45155.00000000001,143.0,45012.00000000001,EXP,6.547297297297298
2023-04-28,2023-05-26,322.56,348.4,338.0,348.0,0.20644,0.06728,2023-06-02,35,28,55,1.3800000000000001,7590.0,666773.8740000001,0.011383169461135784,7.460000000000001,33440.00000000001,143.0,33297.00000000001,TP,5.405797101449275
2023-05-05,2023-06-02,322.89,354.65,338.0,346.0,0.19827,0.07459,2023-06-09,35,28,55,1.19,6545.0,653863.284,0.010009737754291767,7.340000000000002,33825.000000000015,143.0,33682.000000000015,TP,6.168067226890758
2023-05-12,2023-06-02,325.03,354.65,340.0,349.0,0.20249,0.0683,2023-06-16,35,21,55,1.24,6820.0,651253.264,0.010472116420747798,7.26,33110.0,143.0,32967.0,TP,5.854838709677419
2023-05-19,2023-06-16,336.51,367.93,350.0,362.0,0.2228,0.06288,2023-06-23,35,28,55,1.58,8690.0,731278.524,0.01188329714985586,10.350000000000001,48235.00000000001,143.0,48092.00000000001,TP,6.550632911392405
2023-05-26,2023-06-30,348.4,369.42,366.0,379.0,0.20829,0.07056,2023-06-30,35,35,55,1.63,8965.0,851300.8139999999,0.010530942591110927,3.18,8525.000000000002,143.0,8382.000000000002,EXP,1.9509202453987733
2023-06-02,2023-07-07,354.65,366.24,372.0,384.0,0.20208,0.07076,2023-07-07,35,35,63,1.4,8820.0,889250.064,0.009918469907470256,0.0,-8820.0,163.8,-8983.8,EXP,0.0
2023-06-16,2023-07-07,367.93,366.24,386.0,402.0,0.21561,0.07113,2023-07-21,35,21,64,1.83,11712.0,987470.3940000001,0.011860608754615481,0.25,-10112.0,166.4,-10278.400000000001,SL,0.13661202185792348
2023-06-09,2023-07-14,354.5,379.07,372.0,384.0,0.19971,0.06962,2023-07-14,35,35,64,1.37,8768.0,881941.7640000001,0.009941699506590096,7.07,36480.0,166.4,36313.600000000006,EXP,5.160583941605839
2023-06-23,2023-07-28,362.54,383.48,380.0,394.0,0.22061,0.07304,2023-07-28,35,35,64,1.9099999999999997,12223.999999999998,925721.1340000001,0.013204840584313588,3.22,8384.000000000004,166.4,8217.600000000002,EXP,1.68586387434555
2023-06-30,2023-08-04,369.42,372.04,388.0,402.0,0.20944,0.06972,2023-08-04,35,35,64,1.59,10176.0,962581.0340000001,0.010571577499001502,0.0,-10176.0,166.4,-10342.400000000001,EXP,0.0
2023-07-07,2023-08-04,366.24,372.04,385.0,400.0,0.20467,0.06093,2023-08-11,35,28,64,1.83,11712.0,918846.714,0.012746413326129608,0.28,-9920.0,166.4,-10086.400000000001,SL,0.15300546448087432
2023-07-14,2023-08-04,379.07,372.04,397.0,411.0,0.21093,0.06714,2023-08-18,35,21,64,1.79,11456.0,1030829.4440000001,0.01111338065349247,0.13,-10624.0,166.4,-10790.400000000001,SL,0.07262569832402235
2023-07-21,2023-08-11,375.63,366.24,394.0,408.0,0.21671,0.07453,2023-08-25,35,21,64,1.81,11584.0,985796.5540000001,0.011750903320767744,0.05,-11264.0,166.4,-11430.400000000001,SL,0.027624309392265196
2023-07-28,2023-08-11,383.48,366.24,402.0,415.0,0.20684,0.07284,2023-09-01,35,14,65,1.58,10270.0,1027851.9540000001,0.009991711316044255,0.039999999999999994,-10010.0,169.0,-10179.0,SL,0.025316455696202528
2023-08-04,2023-08-18,372.04,358.13,391.0,405.0,0.20729,0.06939,2023-09-08,35,14,65,1.82,11830.0,936579.0540000001,0.01263107470690883,0.06999999999999999,-11375.0,169.0,-11544.0,SL,0.03846153846153846
2023-08-11,2023-09-08,366.24,372.58,384.0,397.0,0.20576,0.06836,2023-09-15,35,28,65,1.7500000000000002,11375.000000000002,908147.6540000001,0.012525496211874815,0.26999999999999996,-9620.000000000002,169.0,-9789.000000000002,SL,0.15428571428571425
2023-09-01,2023-09-15,377.59,370.81,395.0,405.0,0.20364,0.07234,2023-10-06,35,14,74,1.29,9546.0,965460.8640000001,0.009887505911373742,0.13999999999999999,-8510.000000000002,192.4,-8702.400000000003,SL,0.10852713178294572
2023-08-18,2023-09-22,358.13,357.91,377.0,389.0,0.21237,0.07511,2023-09-22,35,35,65,1.66,10790.0,877473.3640000001,0.012296669554518807,0.0,-10790.0,169.0,-10959.0,EXP,0.0
2023-08-25,2023-09-22,364.02,357.91,382.0,394.0,0.21546,0.07243,2023-09-29,35,28,65,1.6500000000000001,10725.0,894443.7640000001,0.011990692351677013,0.01,-10660.0,169.0,-10829.0,SL,0.006060606060606061
2023-09-08,2023-09-22,372.58,357.91,389.0,402.0,0.21561,0.06837,2023-10-13,35,14,74,1.75,12950.0,913315.614,0.01417910720181775,0.09,-12284.0,192.4,-12476.400000000001,SL,0.05142857142857143
2023-09-15,2023-09-29,370.81,358.27,387.0,398.0,0.20172,0.07021,2023-10-20,35,14,74,1.45,10730.0,879665.7340000002,0.012197815130536842,0.15,-9620.0,192.4,-9812.400000000001,SL,0.10344827586206896
2023-09-22,2023-10-20,357.91,354.6,377.0,389.0,0.2092,0.06163,2023-10-27,35,28,74,1.6800000000000002,12432.000000000002,825065.0340000001,0.015067903119986055,0.049999999999999996,-12062.0,192.4,-12254.400000000001,SL,0.029761904761904757
2023-10-06,2023-10-20,364.7,354.6,384.0,395.0,0.21124,0.08311,2023-11-10,35,14,74,1.65,12210.0,845406.3740000001,0.014442758388760385,0.21999999999999997,-10582.0,192.4,-10774.400000000001,SL,0.13333333333333333
2023-09-29,2023-10-27,358.27,345.31,377.5,390.0,0.20756,0.06946,2023-11-03,35,28,74,1.7499999999999998,12949.999999999998,821617.674,0.015761588887144604,0.0,-12949.999999999998,192.4,-13142.4,SL,0.0
2023-10-13,2023-10-27,365.28,345.31,384.0,396.0,0.20583,0.06809,2023-11-17,35,14,74,1.66,12284.0,833559.8539999999,0.014736794173871047,0.04000000000000001,-11988.0,192.4,-12180.400000000001,SL,0.02409638554216868
2023-10-27,2023-11-17,345.31,386.04,366.0,379.0,0.20468,0.07186,2023-12-01,35,21,74,1.8600000000000003,13764.000000000002,738175.8940000001,0.018645962448619328,11.429999999999998,70817.99999999997,192.4,70625.59999999998,TP,6.145161290322578
2023-10-20,2023-11-24,354.6,389.51,375.0,388.0,0.20266,0.06823,2023-11-24,35,35,74,1.92,14208.0,774504.3240000001,0.018344636123684182,12.88,81104.0,192.4,80911.6,EXP,6.708333333333334
2023-11-03,2023-12-08,367.71,392.17,385.0,395.0,0.21387,0.08166,2023-12-08,35,35,74,1.42,10508.0,832188.494,0.012626946990689829,6.67,38850.0,192.4,38657.600000000006,EXP,4.69718309859155
2023-11-10,2023-12-15,378.39,405.34,395.0,408.0,0.21665,0.07025,2023-12-15,35,35,74,1.74,12876.0,911950.4140000001,0.014119188721592048,9.870000000000001,60162.00000000001,192.4,59969.60000000001,EXP,5.672413793103449
2023-11-17,2023-12-22,386.04,408.38,402.0,414.0,0.21628,0.07282,2023-12-22,35,35,74,1.5299999999999998,11321.999999999998,988069.6140000002,0.01145870679512668,6.28,35150.0,192.4,34957.600000000006,EXP,4.104575163398693
2023-11-24,2023-12-29,389.51,409.52,405.0,416.0,0.20928,0.07149,2023-12-29,35,35,78,1.31,10218.0,1026935.7940000001,0.009949989142164422,4.36,23790.0,202.8,23587.199999999997,EXP,3.3282442748091605
2023-12-01,2024-01-05,389.94,396.75,406.0,418.0,0.19982,0.0742,2024-01-05,35,35,78,1.43,11154.0,1022993.724,0.010903292697033202,0.0,-11154.0,202.8,-11356.8,EXP,0.0
2023-12-15,2024-01-05,405.34,396.75,420.0,435.0,0.21624,0.05673,2024-01-19,35,21,78,1.6,12480.0,1198817.044,0.010410262401974991,0.09,-11778.0,202.8,-11980.8,SL,0.056249999999999994
2023-12-22,2024-01-05,408.38,396.75,425.0,440.0,0.22045,0.05925,2024-01-26,35,14,78,1.82,14196.0,1256129.364,0.011301383764164596,0.14,-13104.000000000002,202.8,-13306.800000000001,SL,0.07692307692307693
2023-12-08,2024-01-12,392.17,409.56,408.0,420.0,0.20526,0.07722,2024-01-12,35,35,78,1.46,11388.0,1030588.814,0.011049993795100516,1.29,-1325.9999999999995,202.8,-1528.7999999999997,EXP,0.8835616438356165
2023-12-29,2024-02-02,409.52,429.01,426.0,439.78,0.22342,0.06861,2024-02-02,35,35,78,1.73,13494.0,1245306.2040000001,0.010835889162566156,2.89,9048.000000000002,202.8,8845.200000000003,EXP,1.670520231213873
2024-01-05,2024-02-02,396.75,429.01,415.0,428.0,0.20428,0.06889,2024-02-09,35,28,78,1.51,11778.0,1107427.084,0.010635463201295518,10.32,68718.0,202.8,68515.20000000001,TP,6.8344370860927155
2024-01-12,2024-02-09,409.56,437.05,426.0,439.78,0.22408,0.06891,2024-02-16,35,28,78,1.67,13026.0,1170453.784,0.011129016948865707,9.47,60840.00000000001,202.8,60637.200000000004,TP,5.670658682634731
2024-01-19,2024-02-23,421.18,436.78,440.0,450.0,0.21196,0.08535,2024-02-23,35,35,87,1.45,12615.0,1271790.424,0.009919087108962223,0.0,-12615.0,226.20000000000002,-12841.2,EXP,0.0
2024-01-26,2024-03-01,423.81,445.61,442.0,455.0,0.20631,0.08354,2024-03-01,35,35,87,1.67,14529.0,1277444.884,0.011373484822692357,3.22,13485.000000000002,226.20000000000002,13258.800000000001,EXP,1.9281437125748504
2024-02-02,2024-03-08,429.01,439.02,450.0,465.0,0.1878,0.05646,2024-03-08,35,35,91,1.46,13286.0,1330154.384,0.0099883142587154,0.0,-13286.0,236.6,-13522.599999999999,EXP,0.0
2024-02-09,2024-03-08,437.05,439.02,456.0,470.0,0.21989,0.07819,2024-03-15,35,28,91,1.73,15743.0,1409247.124,0.011171213147709073,0.24000000000000002,-13559.0,236.6,-13795.599999999999,SL,0.13872832369942198
2024-03-01,2024-03-15,445.61,433.92,465.0,480.0,0.20263,0.07316,2024-04-05,35,14,91,1.69,15379.0,1426997.404,0.010777174476205284,0.21000000000000002,-13468.0,236.6,-13704.599999999999,SL,0.12426035502958581
2024-02-16,2024-03-22,430.57,446.38,450.0,464.0,0.20936,0.07189,2024-03-22,35,35,91,1.73,15743.0,1332608.1840000001,0.011813675008917699,0.0,-15743.0,236.6,-15979.599999999999,EXP,0.0
2024-02-23,2024-03-22,436.78,446.38,456.0,470.0,0.21155,0.0728,2024-03-28,34,28,91,1.6399999999999997,14923.999999999998,1350547.794,0.011050330885217082,0.26,-12557.999999999998,236.6,-12794.599999999997,SL,0.1585365853658537
2024-03-08,2024-04-05,439.02,440.47,460.0,475.0,0.20962,0.07346,2024-04-12,35,28,91,1.99,18109.0,1347350.814,0.013440449073718375,0.05,-17654.0,236.6,-17890.6,SL,0.02512562814070352
2024-03-15,2024-04-12,433.92,438.27,454.78,469.78,0.20805,0.05931,2024-04-19,35,28,91,1.87,17017.0,1289638.5140000002,0.013195170441381528,0.18,-15379.000000000002,236.6,-15615.6,SL,0.0962566844919786
2024-03-22,2024-04-12,446.38,438.27,465.0,480.0,0.21392,0.0647,2024-04-26,35,21,91,1.9300000000000002,17563.000000000004,1341640.5340000002,0.013090689759974112,0.15,-16198.000000000002,236.6,-16434.600000000002,SL,0.077720207253886
2024-03-28,2024-04-19,444.01,414.65,465.0,480.0,0.20136,0.06626,2024-05-03,36,22,91,1.7000000000000002,15470.000000000002,1308519.4440000001,0.011822522065633135,0.0,-15470.000000000002,236.6,-15706.6,SL,0.0
2024-04-05,2024-04-19,440.47,414.65,460.0,475.0,0.22914,0.06987,2024-05-10,35,14,91,2.23,20293.0,1270775.5640000002,0.01596898821073018,0.04000000000000001,-19929.0,236.6,-20165.6,SL,0.017937219730941707
2024-04-12,2024-04-19,438.27,414.65,460.0,474.78,0.21447,0.07004,2024-05-17,35,7,91,2.05,18654.999999999996,1242358.2640000002,0.015015797407695267,0.12,-17562.999999999996,236.6,-17799.599999999995,SL,0.05853658536585366
2024-04-19,2024-05-24,414.65,457.95,438.0,453.0,0.20821,0.07197,2024-05-24,35,35,91,2.27,20657.0,1141622.064,0.018094429541438854,13.05,98098.0,236.6,97861.4,EXP,5.748898678414097
2024-04-26,2024-05-31,431.0,450.71,452.0,465.0,0.20451,0.08172,2024-05-31,35,35,91,1.8299999999999998,16652.999999999996,1205990.814,0.013808562890098429,0.0,-16652.999999999996,236.6,-16889.599999999995,EXP,0.0
2024-05-03,2024-06-07,435.48,462.96,455.0,470.0,0.21114,0.06758,2024-06-07,35,35,91,2.09,19019.0,1224541.2340000002,0.015531530888407795,7.53,49504.0,236.6,49267.399999999994,EXP,3.6028708133971294
2024-05-10,2024-06-14,442.06,479.19,460.0,475.0,0.2212,0.06688,2024-06-14,35,35,91,2.06,18746.0,1261864.534,0.014855794338380225,14.270000000000001,111111.0,236.6,110874.4,EXP,6.927184466019418
2024-05-17,2024-06-14,451.76,479.19,469.78,483.0,0.20847,0.06799,2024-06-21,35,28,91,1.5499999999999998,14104.999999999998,1367733.134,0.010312684287138135,8.88,66703.00000000001,236.6,66466.40000000001,TP,5.729032258064517
2024-05-31,2024-06-21,450.71,480.18,469.0,480.0,0.20383,0.08144,2024-07-05,35,21,101,1.48,14948.0,1294802.1539999999,0.011544620893486714,7.73,63125.0,262.6,62862.399999999994,TP,5.222972972972974
2024-05-24,2024-06-28,457.95,479.11,475.0,487.0,0.20837,0.07058,2024-06-28,35,35,101,1.44,14544.0,1460060.274,0.00996123260045633,2.68,12524.000000000004,262.6,12261.400000000005,EXP,1.8611111111111114
2024-06-07,2024-07-05,462.96,496.16,480.0,495.0,0.22992,0.06782,2024-07-12,35,28,101,1.92,19392.0,1453897.304,0.013337943434277116,12.190000000000001,103727.00000000003,262.6,103464.40000000002,TP,6.348958333333334
2024-06-14,2024-07-19,479.19,475.24,500.0,510.0,0.18542,0.08386,2024-07-19,35,35,153,1.15,17594.999999999996,1762755.5240000002,0.009981531619355739,0.0,-17594.999999999996,397.8,-17992.8,EXP,0.0
2024-06-21,2024-07-19,480.18,475.24,500.0,515.0,0.21671,0.07256,2024-07-26,35,28,153,2.0100000000000002,30753.000000000004,1774168.864,0.01733375025569156,0.12,-28917.0,397.8,-29314.800000000003,SL,0.059701492537313425
2024-07-05,2024-07-19,496.16,475.24,515.0,535.0,0.23857,0.05715,2024-08-09,35,14,153,2.6100000000000003,39933.00000000001,1964601.2840000002,0.02032626178411884,0.22000000000000003,-36567.0,397.8,-36964.8,SL,0.0842911877394636
2024-06-28,2024-07-26,479.11,462.97,500.0,515.0,0.20209,0.0658,2024-08-02,35,28,153,1.94,29682.0,1705627.5840000003,0.017402392103902556,0.04000000000000001,-29070.0,397.8,-29467.800000000003,SL,0.02061855670103093
2024-07-12,2024-07-26,494.82,462.97,515.0,535.0,0.23581,0.06274,2024-08-16,35,14,153,2.48,37944.0,1901565.684,0.0199540832689953,0.09,-36567.0,397.8,-36964.8,SL,0.03629032258064516
2024-07-19,2024-08-02,475.24,448.75,499.0,516.0,0.2123,0.07618,2024-08-23,35,14,153,2.41,36873.0,1650049.844,0.022346597670415583,0.18000000000000002,-34119.0,397.8,-34516.8,SL,0.07468879668049792
2024-07-26,2024-08-09,462.97,450.41,489.0,509.0,0.20862,0.06801,2024-08-30,35,14,153,2.5999999999999996,39779.99999999999,1568598.9440000004,0.025360210876184286,0.39,-33812.99999999999,397.8,-34210.799999999996,SL,0.15000000000000002
2024-08-02,2024-09-06,448.75,448.69,479.0,500.0,0.20884,0.06034,2024-09-06,35,35,153,2.93,44829.0,1489319.2040000001,0.030100330325157076,0.0,-44829.0,397.8,-45226.8,EXP,0.0
2024-08-09,2024-09-06,450.41,448.69,477.0,495.0,0.20851,0.06887,2024-09-13,35,28,153,2.6100000000000003,39933.00000000001,1465439.5240000002,0.027249845077878494,0.07,-38862.00000000001,397.8,-39259.80000000001,SL,0.02681992337164751
2024-08-16,2024-09-06,475.03,448.69,499.78,514.78,0.18672,0.06912,2024-09-20,35,21,153,1.76,26928.0,1675279.344,0.01607373725250205,0.010000000000000002,-26775.0,397.8,-27172.800000000003,SL,0.005681818181818183
2024-08-23,2024-09-06,480.0,448.69,505.0,520.0,0.18682,0.06997,2024-09-27,35,14,153,1.7100000000000002,26163.000000000004,1727565.9740000002,0.015144428863357552,0.020000000000000004,-25857.000000000004,397.8,-26254.800000000007,SL,0.011695906432748539
2024-08-30,2024-09-06,476.27,448.69,496.0,515.0,0.23177,0.06245,2024-10-04,35,7,153,2.3600000000000003,36108.00000000001,1575133.454,0.02292377189266403,0.17,-33507.00000000001,397.8,-33904.80000000001,SL,0.07203389830508475
2024-09-06,2024-10-11,448.69,493.36,475.0,491.0,0.21025,0.068,2024-10-11,35,35,153,2.3600000000000003,36108.00000000001,1312462.614,0.027511640800154637,14.610000000000001,187425.0,397.8,187027.2,EXP,6.190677966101695
2024-09-13,2024-10-18,475.34,494.47,500.0,515.0,0.18787,0.06972,2024-10-18,35,35,153,1.73,26469.0,1459966.314,0.018129870358091014,0.0,-26469.0,397.8,-26866.800000000003,EXP,0.0
2024-09-20,2024-10-25,482.44,495.32,505.0,525.0,0.19704,0.05754,2024-10-25,35,35,153,2.09,31977.0,1506031.2140000002,0.02123262765256338,0.0,-31977.0,397.8,-32374.800000000003,EXP,0.0
2024-09-27,2024-11-01,486.75,487.43,510.0,525.0,0.20699,0.08112,2024-11-01,35,35,153,2.0300000000000002,31059.000000000004,1553973.824,0.019986823149988918,0.0,-31059.000000000004,397.8,-31456.800000000007,EXP,0.0
2024-10-04,2024-11-01,487.32,487.43,515.0,530.0,0.1904,0.07054,2024-11-08,35,28,153,1.9899999999999998,30446.999999999996,1535858.414,0.019824092977883047,0.19,-27539.999999999996,397.8,-27937.8,SL,0.09547738693467338
2024-10-11,2024-11-15,493.36,496.57,520.0,535.0,0.1896,0.07831,2024-11-15,35,35,153,1.8800000000000001,28764.0,1602383.3740000003,0.01795076039025352,0.0,-28764.0,397.8,-29161.800000000003,EXP,0.0
2024-10-18,2024-11-15,494.47,496.57,520.0,535.0,0.20132,0.0721,2024-11-22,35,28,153,2.0,30600.0,1547162.2540000002,0.019778145389009728,0.13999999999999999,-28458.0,397.8,-28855.800000000003,SL,0.06999999999999999
2024-11-08,2024-11-15,514.14,496.57,535.0,555.0,0.23242,0.06509,2024-12-13,35,7,153,2.63,40239.0,1669121.6040000003,0.024107889984509478,0.36,-34731.0,397.8,-35128.8,SL,0.13688212927756654
2024-10-25,2024-11-22,495.32,505.79,520.0,535.0,0.21056,0.07695,2024-11-29,35,28,153,2.3,35189.99999999999,1527218.7040000001,0.023041886474957675,0.09999999999999999,-33659.99999999999,397.8,-34057.799999999996,SL,0.043478260869565216
2024-11-01,2024-12-06,487.43,526.48,514.0,530.0,0.21423,0.08297,2024-12-06,35,35,153,2.59,39627.0,1426234.8340000003,0.027784344524009845,10.120000000000001,115209.00000000001,397.8,114811.20000000003,EXP,3.907335907335908
2024-11-15,2024-12-20,496.57,518.66,520.0,539.78,0.2088,0.05957,2024-12-20,35,35,153,2.35,35955.0,1380559.144,0.026043795484070906,0.01,-35802.00000000001,397.8,-36199.80000000001,EXP,0.00425531914893617
2024-11-22,2024-12-27,505.79,522.56,527.0,545.0,0.20778,0.05711,2024-12-27,35,35,153,2.04,31212.0,1421934.924,0.021950371619116373,0.0,-31212.0,397.8,-31609.800000000003,EXP,0.0
2024-11-29,2025-01-03,509.74,518.58,530.0,540.0,0.18537,0.0824,2025-01-03,35,35,153,1.3199999999999998,20195.999999999996,1413567.024,0.014287260283457203,0.0,-20195.999999999996,397.8,-20593.8,EXP,0.0
2024-12-06,2025-01-03,526.48,518.58,546.0,560.0,0.20408,0.06729,2025-01-10,35,28,153,1.7400000000000002,26622.000000000004,1767043.824,0.015065840268599928,0.009999999999999998,-26469.000000000004,397.8,-26866.800000000007,SL,0.005747126436781607
2024-12-13,2025-01-03,530.53,518.58,549.78,564.78,0.22832,0.08028,2025-01-17,35,21,153,1.97,30141.0,1823098.074,0.016532846164369324,0.07999999999999999,-28917.0,397.8,-29314.800000000003,SL,0.04060913705583756
2024-12-20,2025-01-10,518.66,507.19,542.0,560.0,0.20425,0.06386,2025-01-24,35,21,153,2.42,37026.0,1477624.7140000002,0.02505778337976553,0.10999999999999999,-35343.0,397.8,-35740.8,SL,0.04545454545454545
2024-12-27,2025-01-10,522.56,507.19,546.0,560.0,0.20509,0.07209,2025-01-31,35,14,153,2.0300000000000002,31059.000000000004,1449633.514,0.021425415251540608,0.24,-27387.000000000004,397.8,-27784.800000000007,SL,0.11822660098522166
2025-01-03,2025-02-07,518.58,522.92,541.0,560.0,0.21463,0.06345,2025-02-07,35,35,153,2.55,39014.99999999999,1373033.7740000002,0.028415178664061024,0.0,-39014.99999999999,397.8,-39412.799999999996,EXP,0.0
2025-01-10,2025-02-14,507.19,538.15,534.0,550.0,0.20661,0.07698,2025-02-14,35,35,153,2.33,35649.0,1297539.6640000003,0.027474304631353443,4.33,30600.0,397.8,30202.199999999997,EXP,1.8583690987124464
2025-01-17,2025-02-21,521.74,526.08,545.0,560.0,0.20668,0.0673,2025-02-21,35,35,153,1.8900000000000001,28917.0,1364928.664,0.021185722567549508,0.0,-28917.0,397.8,-29314.800000000003,EXP,0.0
2025-01-24,2025-02-21,529.63,526.08,550.0,570.0,0.24425,0.05968,2025-02-28,35,28,153,2.76,42228.0,1428671.4340000001,0.029557530860521142,0.06999999999999999,-41157.0,397.8,-41554.8,SL,0.02536231884057971
2025-01-31,2025-02-28,522.29,508.17,547.0,565.0,0.20673,0.07127,2025-03-07,35,28,153,2.4,36720.0,1299119.7140000002,0.028265293493960477,0.0,-36720.0,397.8,-37117.8,SL,0.0
2025-02-07,2025-02-28,522.92,508.17,546.0,560.0,0.20929,0.07427,2025-03-14,35,21,153,2.1399999999999997,32741.999999999996,1231749.6739999999,0.026581699748840365,0.09,-31364.999999999996,397.8,-31762.8,SL,0.042056074766355145
2025-02-14,2025-02-28,538.15,508.17,560.0,575.0,0.21464,0.08184,2025-03-21,35,14,153,2.2199999999999998,33965.99999999999,1420429.114,0.02391249212313737,0.039999999999999994,-33353.99999999999,397.8,-33751.799999999996,SL,0.018018018018018018
2025-02-21,2025-02-28,526.08,508.17,549.0,565.0,0.21265,0.06553,2025-03-28,35,7,153,2.26,34577.99999999999,1224399.0540000002,0.02824079280936784,0.36,-29070.0,397.8,-29467.800000000003,SL,0.1592920353982301
2025-02-28,2025-03-14,508.17,479.66,534.0,550.0,0.20283,0.06992,2025-04-04,35,14,153,2.43,37179.00000000001,1116222.0240000002,0.033307889649738714,0.08000000000000002,-35955.0,397.8,-36352.8,SL,0.03292181069958848
2025-03-07,2025-03-21,491.79,480.84,520.0,540.0,0.2114,0.0687,2025-04-11,35,14,153,3.02,46206.0,1052801.5040000002,0.043888615113528553,0.25,-42381.0,397.8,-42778.8,SL,0.08278145695364239
2025-03-14,2025-03-28,479.66,468.94,507.0,526.0,0.20883,0.06839,2025-04-17,34,14,153,2.63,40239.0,985270.0640000002,0.0408405791165903,0.38,-34425.0,397.8,-34822.8,SL,0.14448669201520914
2025-03-21,2025-04-04,480.84,422.67,506.0,522.0,0.20921,0.07403,2025-04-25,35,14,153,2.42,37026.0,965442.544,0.03835132419853252,0.0,-37026.0,397.8,-37423.8,VIX,0.0
2025-03-28,2025-04-04,468.94,422.67,496.0,515.0,0.20989,0.06831,2025-05-02,35,7,153,2.6399999999999997,40391.99999999999,896208.344,0.045069877189181796,0.25,-36566.99999999999,397.8,-36964.799999999996,VIX,0.09469696969696971
2025-04-25,2025-05-30,472.56,519.11,502.0,523.0,0.21386,0.0717,2025-05-30,35,35,153,3.07,46971.0,855410.0040000001,0.05491051049246321,15.11,184212.0,397.8,183814.2,EXP,4.921824104234528
2025-05-02,2025-06-06,488.83,529.92,515.0,535.0,0.22871,0.07633,2025-06-06,35,35,153,3.0999999999999996,47429.99999999999,916539.804,0.0517489800148385,12.73,147339.00000000003,397.8,146941.20000000004,EXP,4.106451612903227
2025-05-09,2025-06-13,487.97,526.96,515.0,535.0,0.2202,0.07214,2025-06-13,35,35,153,2.9,44370.0,879611.5840000001,0.050442719044500435,10.44,115361.99999999999,397.8,114964.2,EXP,3.6
2025-05-16,2025-06-13,521.51,526.96,545.0,565.0,0.23353,0.07957,2025-06-20,35,28,153,2.7199999999999998,41616.0,1268557.0240000002,0.03280577791353587,0.23,-38096.99999999999,397.8,-38494.799999999996,SL,0.08455882352941177
2025-05-23,2025-06-27,509.24,548.09,535.0,555.0,0.23065,0.07559,2025-06-27,35,35,153,2.87,43911.0,1075798.054,0.04081714020278382,10.49,116586.0,397.8,116188.20000000001,EXP,3.6550522648083623
2025-05-30,2025-06-30,519.11,551.64,545.0,560.0,0.18873,0.07573,2025-07-03,34,31,153,1.9899999999999998,30446.999999999996,1250791.2340000002,0.02434219170423127,6.8999999999999995,75123.0,397.8,74725.20000000001,END,3.4673366834170856
2025-06-06,2025-06-30,529.92,551.64,555.0,570.0,0.19107,0.07457,2025-07-11,35,24,153,1.9300000000000002,29529.000000000004,1444693.834,0.020439624856874693,3.8,28610.999999999996,397.8,28213.199999999993,END,1.9689119170984453
2025-06-13,2025-06-30,526.96,551.64,550.0,570.0,0.22691,0.07152,2025-07-18,35,17,153,2.92,44676.0,1347603.174,0.03315219262016965,7.580000000000001,71298.00000000001,397.8,70900.20000000003,END,2.5958904109589045
