date,equity,holding,shares,cash,stop_reference,entered_at_open
2010-02-11,100000.0,CASH,0.0,100000.0,,False
2010-02-12,100000.0,CASH,0.0,100000.0,,False
2010-02-16,100000.0,CASH,0.0,100000.0,,False
2010-02-17,100000.0,CASH,0.0,100000.0,,False
2010-02-18,100000.0,CASH,0.0,100000.0,,False
2010-02-19,100000.0,CASH,0.0,100000.0,,False
2010-02-22,100000.0,CASH,0.0,100000.0,,False
2010-02-23,100000.0,CASH,0.0,100000.0,,False
2010-02-24,100000.0,CASH,0.0,100000.0,,False
2010-02-25,100000.0,CASH,0.0,100000.0,,False
2010-02-26,100000.0,CASH,0.0,100000.0,,False
2010-03-01,100000.0,TQQQ,433822.01140639576,0.0,0.23050928115844727,False
2010-03-02,100601.21986789763,TQQQ,433822.01140639576,0.0,0.23050928115844727,False
2010-03-03,101160.00061024424,TQQQ,433822.01140639576,0.0,0.23050928115844727,False
2010-03-04,102276.7023228585,TQQQ,433822.01140639576,0.0,0.23050928115844727,False
2010-03-05,106797.53259635136,TQQQ,433822.01140639576,0.0,0.23050928115844727,False
2010-03-08,107367.0184707486,TQQQ,433822.01140639576,0.0,0.23050928115844727,False
2010-03-09,109267.63192135916,TQQQ,433822.01140639576,0.0,0.23050928115844727,False
2010-03-10,111941.45844236707,TQQQ,433822.01140639576,0.0,0.23050928115844727,False
2010-03-11,112972.38334509001,TQQQ,433822.01140639576,0.0,0.23050928115844727,False
2010-03-12,113230.10810631902,TQQQ,433822.01140639576,0.0,0.23050928115844727,False
2010-03-15,112467.60016797231,TQQQ,433822.01140639576,0.0,0.23050928115844727,False
2010-03-16,114594.2367085701,TQQQ,433822.01140639576,0.0,0.23050928115844727,False
2010-03-17,115388.86004306877,TQQQ,433822.01140639576,0.0,0.23050928115844727,False
2010-03-18,116559.1585249052,TQQQ,433822.01140639576,0.0,0.23050928115844727,False
2010-03-19,114497.30871945934,TQQQ,433822.01140639576,0.0,0.23050928115844727,False
2010-03-22,117590.10928543501,TQQQ,433822.01140639576,0.0,0.23050928115844727,False
2010-03-23,120049.48408503701,TQQQ,433822.01140639576,0.0,0.23050928115844727,False
2010-03-24,118341.83451831042,TQQQ,433822.01140639576,0.0,0.23050928115844727,False
2010-03-25,117600.81441748567,TQQQ,433822.01140639576,0.0,0.23050928115844727,False
2010-03-26,118213.19192905445,TQQQ,433822.01140639576,0.0,0.23050928115844727,False
2010-03-29,119834.59278091404,TQQQ,433822.01140639576,0.0,0.23050928115844727,False
2010-03-30,121091.15290652092,TQQQ,433822.01140639576,0.0,0.23050928115844727,False
2010-03-31,119458.95642028659,TQQQ,433822.01140639576,0.0,0.23050928115844727,False
2010-04-01,119222.65485206232,TECL,139686.0330496766,0.0,0.853504478931427,False
2010-04-05,123890.33297948683,TECL,139686.0330496766,0.0,0.853504478931427,False
2010-04-06,124250.60457258622,TECL,139686.0330496766,0.0,0.853504478931427,False
2010-04-07,123491.75375310302,TECL,139686.0330496766,0.0,0.853504478931427,False
2010-04-08,123553.11590422368,TECL,139686.0330496766,0.0,0.853504478931427,False
2010-04-09,126856.54772610175,TECL,139686.0330496766,0.0,0.853504478931427,False
2010-04-12,127715.02670030815,TECL,139686.0330496766,0.0,0.853504478931427,False
2010-04-13,129355.21118936087,TECL,139686.0330496766,0.0,0.853504478931427,False
2010-04-14,135985.0710693986,TECL,139686.0330496766,0.0,0.853504478931427,False
2010-04-15,138445.43522530966,TECL,139686.0330496766,0.0,0.853504478931427,False
2010-04-16,132627.95360974222,TECL,139686.0330496766,0.0,0.853504478931427,False
2010-04-19,132666.34450239045,TECL,139686.0330496766,0.0,0.853504478931427,False
2010-04-20,134758.69394436872,TECL,139686.0330496766,0.0,0.853504478931427,False
2010-04-21,136046.34996115547,TECL,139686.0330496766,0.0,0.853504478931427,False
2010-04-22,137632.9737014756,TECL,139686.0330496766,0.0,0.853504478931427,False
2010-04-23,139058.5738322063,TECL,139686.0330496766,0.0,0.853504478931427,False
2010-04-26,138192.44332246672,TECL,139686.0330496766,0.0,0.853504478931427,False
2010-04-27,130159.95457017068,TECL,139686.0330496766,0.0,0.853504478931427,False
2010-04-28,130842.19012308503,TECL,139686.0330496766,0.0,0.853504478931427,False
2010-04-29,134751.1173422629,TECL,139686.0330496766,0.0,0.853504478931427,False
2010-04-30,125898.44892310855,TECL,139686.0330496766,0.0,0.853504478931427,False
2010-05-03,131056.75782953427,TQQQ,430996.73079522554,0.0,0.3040783107280731,False
2010-05-04,117951.08204658085,CASH,0.0,117951.08204658085,,False
2010-05-05,117951.08204658085,CASH,0.0,117951.08204658085,,False
2010-05-06,117951.08204658085,CASH,0.0,117951.08204658085,,False
2010-05-07,117951.08204658085,CASH,0.0,117951.08204658085,,False
2010-05-10,117951.08204658085,CASH,0.0,117951.08204658085,,False
2010-05-11,117951.08204658085,CASH,0.0,117951.08204658085,,False
2010-05-12,117951.08204658085,CASH,0.0,117951.08204658085,,False
2010-05-13,117951.08204658085,CASH,0.0,117951.08204658085,,False
2010-05-14,117951.08204658085,CASH,0.0,117951.08204658085,,False
2010-05-17,117951.08204658085,CASH,0.0,117951.08204658085,,False
2010-05-18,117951.08204658085,CASH,0.0,117951.08204658085,,False
2010-05-19,117951.08204658085,CASH,0.0,117951.08204658085,,False
2010-05-20,117951.08204658085,CASH,0.0,117951.08204658085,,False
2010-05-21,117951.08204658085,CASH,0.0,117951.08204658085,,False
2010-05-24,117951.08204658085,CASH,0.0,117951.08204658085,,False
2010-05-25,117951.08204658085,CASH,0.0,117951.08204658085,,False
2010-05-26,117951.08204658085,CASH,0.0,117951.08204658085,,False
2010-05-27,117951.08204658085,CASH,0.0,117951.08204658085,,False
2010-05-28,117951.08204658085,CASH,0.0,117951.08204658085,,False
2010-06-01,117951.08204658085,TQQQ,538227.4153823792,0.0,0.21914729475975037,False
2010-06-02,126251.51376076431,TQQQ,538227.4153823792,0.0,0.21914729475975037,False
2010-06-03,129528.90181563096,TQQQ,538227.4153823792,0.0,0.21914729475975037,False
2010-06-04,116738.55409249167,TQQQ,538227.4153823792,0.0,0.21914729475975037,False
2010-06-07,109970.42426388149,TQQQ,538227.4153823792,0.0,0.21914729475975037,False
2010-06-08,106155.97384192277,CASH,0.0,106155.97384192277,,False
2010-06-09,106155.97384192277,CASH,0.0,106155.97384192277,,False
2010-06-10,106155.97384192277,CASH,0.0,106155.97384192277,,False
2010-06-11,106155.97384192277,CASH,0.0,106155.97384192277,,False
2010-06-14,106155.97384192277,CASH,0.0,106155.97384192277,,False
2010-06-15,106155.97384192277,CASH,0.0,106155.97384192277,,False
2010-06-16,106155.97384192277,CASH,0.0,106155.97384192277,,False
2010-06-17,106155.97384192277,CASH,0.0,106155.97384192277,,False
2010-06-18,106155.97384192277,CASH,0.0,106155.97384192277,,False
2010-06-21,106155.97384192277,CASH,0.0,106155.97384192277,,False
2010-06-22,106155.97384192277,CASH,0.0,106155.97384192277,,False
2010-06-23,106155.97384192277,CASH,0.0,106155.97384192277,,False
2010-06-24,106155.97384192277,CASH,0.0,106155.97384192277,,False
2010-06-25,106155.97384192277,CASH,0.0,106155.97384192277,,False
2010-06-28,106155.97384192277,CASH,0.0,106155.97384192277,,False
2010-06-29,106155.97384192277,CASH,0.0,106155.97384192277,,False
2010-06-30,106155.97384192277,CASH,0.0,106155.97384192277,,False
2010-07-01,106155.97384192277,GLD,907.0059211511795,0.0,117.04000091552734,False
2010-07-02,107471.12965962957,GLD,907.0059211511795,0.0,117.04000091552734,False
2010-07-06,105675.2618108976,GLD,907.0059211511795,0.0,117.04000091552734,False
2010-07-07,106781.810141887,GLD,907.0059211511795,0.0,117.04000091552734,False
2010-07-08,106310.16318774103,GLD,907.0059211511795,0.0,117.04000091552734,False
2010-07-09,107353.22138104608,GLD,907.0059211511795,0.0,117.04000091552734,False
2010-07-12,106428.07146632452,GLD,907.0059211511795,0.0,117.04000091552734,False
2010-07-13,107353.22138104608,GLD,907.0059211511795,0.0,117.04000091552734,False
2010-07-14,107298.80324014694,GLD,907.0059211511795,0.0,117.04000091552734,False
2010-07-15,107235.31310246259,GLD,907.0059211511795,0.0,117.04000091552734,False
2010-07-16,105820.37915993066,GLD,907.0059211511795,0.0,117.04000091552734,False
2010-07-19,104967.79829958464,GLD,907.0059211511795,0.0,117.04000091552734,False
2010-07-20,105802.24208626628,GLD,907.0059211511795,0.0,117.04000091552734,False
2010-07-21,105076.63458138294,GLD,907.0059211511795,0.0,117.04000091552734,False
2010-07-22,105992.71249931931,GLD,907.0059211511795,0.0,117.04000091552734,False
2010-07-23,105294.31406488553,GLD,907.0059211511795,0.0,117.04000091552734,False
2010-07-26,104777.3209666256,GLD,907.0059211511795,0.0,117.04000091552734,False
2010-07-27,102954.24404744407,GLD,907.0059211511795,0.0,117.04000091552734,False
2010-07-28,103199.13260139624,GLD,907.0059211511795,0.0,117.04000091552734,False
2010-07-29,103661.70755875701,GLD,907.0059211511795,0.0,117.04000091552734,False
2010-07-30,104750.11189617604,GLD,907.0059211511795,0.0,117.04000091552734,False
2010-08-02,104795.464960196,TQQQ,446569.1284666001,0.0,0.23466795682907104,False
2010-08-03,103712.16214540359,TQQQ,446569.1284666001,0.0,0.23466795682907104,False
2010-08-04,106707.77940292322,TQQQ,446569.1284666001,0.0,0.23466795682907104,False
2010-08-05,106077.83410813446,TQQQ,446569.1284666001,0.0,0.23466795682907104,False
2010-08-06,105580.33796243275,TQQQ,446569.1284666001,0.0,0.23466795682907104,False
2010-08-09,107426.42783061645,TQQQ,446569.1284666001,0.0,0.23466795682907104,False
2010-08-10,105149.07304567314,TQQQ,446569.1284666001,0.0,0.23466795682907104,False
2010-08-11,96493.74340974595,TQQQ,446569.1284666001,0.0,0.23466795682907104,False
2010-08-12,90712.22086563871,CASH,0.0,90712.22086563871,,False
2010-08-13,90712.22086563871,CASH,0.0,90712.22086563871,,False
2010-08-16,90712.22086563871,CASH,0.0,90712.22086563871,,False
2010-08-17,90712.22086563871,CASH,0.0,90712.22086563871,,False
2010-08-18,90712.22086563871,CASH,0.0,90712.22086563871,,False
2010-08-19,90712.22086563871,CASH,0.0,90712.22086563871,,False
2010-08-20,90712.22086563871,CASH,0.0,90712.22086563871,,False
2010-08-23,90712.22086563871,CASH,0.0,90712.22086563871,,False
2010-08-24,90712.22086563871,CASH,0.0,90712.22086563871,,False
2010-08-25,90712.22086563871,CASH,0.0,90712.22086563871,,False
2010-08-26,90712.22086563871,CASH,0.0,90712.22086563871,,False
2010-08-27,90712.22086563871,CASH,0.0,90712.22086563871,,False
2010-08-30,90712.22086563871,CASH,0.0,90712.22086563871,,False
2010-08-31,90712.22086563871,CASH,0.0,90712.22086563871,,False
2010-09-01,90712.22086563871,IEF,1308.8829581868447,0.0,69.30506681155018,False
2010-09-02,90333.9372786042,IEF,1308.8829581868447,0.0,69.30506681155018,False
2010-09-03,89817.14745101756,IEF,1308.8829581868447,0.0,69.30506681155018,False
2010-09-07,90527.74731255892,IEF,1308.8829581868447,0.0,69.30506681155018,False
2010-09-08,90278.55291147242,IEF,1308.8829581868447,0.0,69.30506681155018,False
2010-09-09,89567.97319336337,IEF,1308.8829581868447,0.0,69.30506681155018,False
2010-09-10,89309.60345886041,IEF,1308.8829581868447,0.0,69.30506681155018,False
2010-09-13,89734.11622304257,IEF,1308.8829581868447,0.0,69.30506681155018,False
2010-09-14,90186.22548948713,IEF,1308.8829581868447,0.0,69.30506681155018,False
2010-09-15,89872.53181814933,IEF,1308.8829581868447,0.0,69.30506681155018,False
2010-09-16,89558.74750136615,IEF,1308.8829581868447,0.0,69.30506681155018,False
2010-09-17,89761.77315560191,IEF,1308.8829581868447,0.0,69.30506681155018,False
2010-09-20,90038.57413066698,IEF,1308.8829581868447,0.0,69.30506681155018,False
2010-09-21,90878.39411046637,IEF,1308.8829581868447,0.0,69.30506681155018,False
2010-09-22,91016.77949042465,IEF,1308.8829581868447,0.0,69.30506681155018,False
2010-09-23,91145.96939353422,IEF,1308.8829581868447,0.0,69.30506681155018,False
2010-09-24,90693.86012708963,IEF,1308.8829581868447,0.0,69.30506681155018,False
2010-09-27,91395.07314917532,IEF,1308.8829581868447,0.0,69.30506681155018,False
2010-09-28,91699.70227597437,IEF,1308.8829581868447,0.0,69.30506681155018,False
2010-09-29,91478.24538117644,IEF,1308.8829581868447,0.0,69.30506681155018,False
2010-09-30,91367.50686206137,IEF,1308.8829581868447,0.0,69.30506681155018,False
2010-10-01,91416.5057611514,TECL,122137.64936337886,0.0,0.7484711408615112,False
2010-10-04,88340.23016938845,TECL,122137.64936337886,0.0,0.7484711408615112,False
2010-10-05,94138.83643294683,TECL,122137.64936337886,0.0,0.7484711408615112,False
2010-10-06,92069.84677685487,TECL,122137.64936337886,0.0,0.7484711408615112,False
2010-10-07,92832.12528165508,TECL,122137.64936337886,0.0,0.7484711408615112,False
2010-10-08,94656.08566696261,TECL,122137.64936337886,0.0,0.7484711408615112,False
2010-10-11,94873.88056547285,TECL,122137.64936337886,0.0,0.7484711408615112,False
2010-10-12,97405.67255094582,TECL,122137.64936337886,0.0,0.7484711408615112,False
2010-10-13,99855.79781945227,TECL,122137.64936337886,0.0,0.7484711408615112,False
2010-10-14,99746.89673021156,TECL,122137.64936337886,0.0,0.7484711408615112,False
2010-10-15,105763.26149242414,TECL,122137.64936337886,0.0,0.7484711408615112,False
2010-10-18,107070.0090435719,TECL,122137.64936337886,0.0,0.7484711408615112,False
2010-10-19,101407.51640161482,TECL,122137.64936337886,0.0,0.7484711408615112,False
2010-10-20,103367.59768849485,TECL,122137.64936337886,0.0,0.7484711408615112,False
2010-10-21,103394.84662071144,TECL,122137.64936337886,0.0,0.7484711408615112,False
2010-10-22,105409.36025228382,TECL,122137.64936337886,0.0,0.7484711408615112,False
2010-10-25,106471.07125267597,TECL,122137.64936337886,0.0,0.7484711408615112,False
2010-10-26,107070.0090435719,TECL,122137.64936337886,0.0,0.7484711408615112,False
2010-10-27,108812.30271191291,TECL,122137.64936337886,0.0,0.7484711408615112,False
2010-10-28,109329.53010601508,TECL,122137.64936337886,0.0,0.7484711408615112,False
2010-10-29,109547.35412441014,TECL,122137.64936337886,0.0,0.7484711408615112,False
2010-11-01,110690.71728182641,TECL,122137.64936337886,0.0,0.8969171643257141,False
2010-11-02,113331.42491648252,TECL,122137.64936337886,0.0,0.8969171643257141,False
2010-11-03,115345.94582802609,TECL,122137.64936337886,0.0,0.8969171643257141,False
2010-11-04,120436.72049141902,TECL,122137.64936337886,0.0,0.8969171643257141,False
2010-11-05,120545.63614060215,TECL,122137.64936337886,0.0,0.8969171643257141,False
2010-11-08,121416.81573464307,TECL,122137.64936337886,0.0,0.8969171643257141,False
2010-11-09,119946.74930950464,TECL,122137.64936337886,0.0,0.8969171643257141,False
2010-11-10,120736.18938686699,TECL,122137.64936337886,0.0,0.8969171643257141,False
2010-11-11,114610.91625544248,TECL,122137.64936337886,0.0,0.8969171643257141,False
2010-11-12,110037.39082606534,TECL,122137.64936337886,0.0,0.8969171643257141,False
2010-11-15,108485.59944419075,TECL,122137.64936337886,0.0,0.8969171643257141,False
2010-11-16,102578.12121127649,TECL,122137.64936337886,0.0,0.8969171643257141,False
2010-11-17,102741.47648512316,TECL,122137.64936337886,0.0,0.8969171643257141,False
2010-11-18,107832.25842848729,TECL,122137.64936337886,0.0,0.8969171643257141,False
2010-11-19,108975.64342581718,TECL,122137.64936337886,0.0,0.8969171643257141,False
2010-11-22,111425.76869432363,TECL,122137.64936337886,0.0,0.8969171643257141,False
2010-11-23,106824.9943327299,TECL,122137.64936337886,0.0,0.8969171643257141,False
2010-11-24,112405.80569777804,TECL,122137.64936337886,0.0,0.8969171643257141,False
2010-11-26,110663.50474946584,TECL,122137.64936337886,0.0,0.8969171643257141,False
2010-11-29,109166.21851199563,TECL,122137.64936337886,0.0,0.8969171643257141,False
2010-11-30,104701.5650519744,TECL,122137.64936337886,0.0,0.8969171643257141,False
2010-12-01,111534.66250359314,TECL,122137.64936337886,0.0,0.8572423458099365,False
2010-12-02,115972.0888713114,TECL,122137.64936337886,0.0,0.8572423458099365,False
2010-12-03,117061.06336386254,TECL,122137.64936337886,0.0,0.8572423458099365,False
2010-12-06,117224.35311796839,TECL,122137.64936337886,0.0,0.8572423458099365,False
2010-12-07,117578.28347799352,TECL,122137.64936337886,0.0,0.8572423458099365,False
2010-12-08,120137.30983574069,TECL,122137.64936337886,0.0,0.8572423458099365,False
2010-12-09,120082.84109119231,TECL,122137.64936337886,0.0,0.8572423458099365,False
2010-12-10,121879.58166416807,TECL,122137.64936337886,0.0,0.8572423458099365,False
2010-12-13,120300.63598970254,TECL,122137.64936337886,0.0,0.8572423458099365,False
2010-12-14,120191.6912206346,TECL,122137.64936337886,0.0,0.8572423458099365,False
2010-12-15,119048.34262316074,TECL,122137.64936337886,0.0,0.8572423458099365,False
2010-12-16,120790.61445158813,TECL,122137.64936337886,0.0,0.8572423458099365,False
2010-12-17,121906.78691655744,TECL,122137.64936337886,0.0,0.8572423458099365,False
2010-12-20,121961.21198127858,TECL,122137.64936337886,0.0,0.8572423458099365,False
2010-12-21,124738.0405175072,TECL,122137.64936337886,0.0,0.8572423458099365,False
2010-12-22,124356.90490509268,TECL,122137.64936337886,0.0,0.8572423458099365,False
2010-12-23,123730.79826166341,TECL,122137.64936337886,0.0,0.8572423458099365,False
2010-12-27,124547.46543132873,TECL,122137.64936337886,0.0,0.8572423458099365,False
2010-12-28,124411.37364964106,TECL,122137.64936337886,0.0,0.8572423458099365,False
2010-12-29,124738.0405175072,TECL,122137.64936337886,0.0,0.8572423458099365,False
2010-12-30,124193.60059104444,TECL,122137.64936337886,0.0,0.8572423458099365,False
2010-12-31,123866.9191632359,TECL,122137.64936337886,0.0,0.8572423458099365,False
2011-01-03,127269.85434289378,TECL,122137.64936337886,0.0,1.0141583681106567,False
2011-01-04,128358.7633157041,TECL,122137.64936337886,0.0,1.0141583681106567,False
2011-01-05,130536.68318092158,TECL,122137.64936337886,0.0,1.0141583681106567,False
2011-01-06,134075.73926215197,TECL,122137.64936337886,0.0,1.0141583681106567,False
2011-01-07,133041.22623417797,TECL,122137.64936337886,0.0,1.0141583681106567,False
2011-01-10,134211.81648389722,TECL,122137.64936337886,0.0,1.0141583681106567,False
2011-01-11,134620.1791886147,TECL,122137.64936337886,0.0,1.0141583681106567,False
2011-01-12,138186.44780220566,TECL,122137.64936337886,0.0,1.0141583681106567,False
2011-01-13,138050.34146057555,TECL,122137.64936337886,0.0,1.0141583681106567,False
2011-01-14,141534.94335719998,TECL,122137.64936337886,0.0,1.0141583681106567,False
2011-01-18,142896.1086930977,TECL,122137.64936337886,0.0,1.0141583681106567,False
2011-01-19,139683.76315956068,TECL,122137.64936337886,0.0,1.0141583681106567,False
2011-01-20,135954.11743220943,TECL,122137.64936337886,0.0,1.0141583681106567,False
2011-01-21,133422.33272670765,TECL,122137.64936337886,0.0,1.0141583681106567,False
2011-01-24,138975.93155939522,TECL,122137.64936337886,0.0,1.0141583681106567,False
2011-01-25,140418.79273214427,TECL,122137.64936337886,0.0,1.0141583681106567,False
2011-01-26,143004.9879424248,TECL,122137.64936337886,0.0,1.0141583681106567,False
2011-01-27,145509.560115566,TECL,122137.64936337886,0.0,1.0141583681106567,False
2011-01-28,135654.64853676147,TECL,122137.64936337886,0.0,1.0141583681106567,False
2011-01-31,138023.12892821498,TECL,122137.64936337886,0.0,1.0141583681106567,False
2011-02-01,145128.4536230363,TQQQ,347756.95064380206,0.0,0.41732725501060486,False
2011-02-02,144474.26980369503,TQQQ,347756.95064380206,0.0,0.41732725501060486,False
2011-02-03,145033.92390050003,TQQQ,347756.95064380206,0.0,0.41732725501060486,False
2011-02-04,147650.97009680784,TQQQ,347756.95064380206,0.0,0.41732725501060486,False
2011-02-07,149794.33128395875,TQQQ,347756.95064380206,0.0,0.41732725501060486,False
2011-02-08,152988.2046666717,TQQQ,347756.95064380206,0.0,0.41732725501060486,False
2011-02-09,152058.3704767244,TQQQ,347756.95064380206,0.0,0.41732725501060486,False
2011-02-10,152798.82393869173,TQQQ,347756.95064380206,0.0,0.41732725501060486,False
2011-02-11,155932.20285912594,TQQQ,347756.95064380206,0.0,0.41732725501060486,False
2011-02-14,156913.67032148584,TQQQ,347756.95064380206,0.0,0.41732725501060486,False
2011-02-15,156509.03004553105,TQQQ,347756.95064380206,0.0,0.41732725501060486,False
2011-02-16,159401.42605746695,TQQQ,347756.95064380206,0.0,0.41732725501060486,False
2011-02-17,159263.59569018157,TQQQ,347756.95064380206,0.0,0.41732725501060486,False
2011-02-18,158359.84759952428,TQQQ,347756.95064380206,0.0,0.41732725501060486,False
2011-02-22,144414.1069882885,TQQQ,347756.95064380206,0.0,0.41732725501060486,False
2011-02-23,140850.3333394817,TQQQ,347756.95064380206,0.0,0.41732725501060486,False
2011-02-24,142855.86415934723,TQQQ,347756.95064380206,0.0,0.41732725501060486,False
2011-02-25,148976.53155302003,TQQQ,347756.95064380206,0.0,0.41732725501060486,False
2011-02-28,150061.1101007339,TQQQ,347756.95064380206,0.0,0.41732725501060486,False
2011-03-01,142847.2724325648,TECL,127513.20339630825,0.0,1.1202547550201416,False
2011-03-02,144580.99493019085,TECL,127513.20339630825,0.0,1.1202547550201416,False
2011-03-03,152084.30207975194,TECL,127513.20339630825,0.0,1.1202547550201416,False
2011-03-04,149185.28944431504,TECL,127513.20339630825,0.0,1.1202547550201416,False
2011-03-07,143017.80974088854,TECL,127513.20339630825,0.0,1.1202547550201416,False
2011-03-08,145177.83750742805,TECL,127513.20339630825,0.0,1.1202547550201416,False
2011-03-09,142136.74338336455,TECL,127513.20339630825,0.0,1.1202547550201416,False
2011-03-10,133496.5411126562,TECL,127513.20339630825,0.0,1.1202547550201416,False
2011-03-11,135798.66556858073,TECL,127513.20339630825,0.0,1.1202547550201416,False
2011-03-14,134377.57706866346,TECL,127513.20339630825,0.0,1.1202547550201416,False
2011-03-15,122554.21152564208,CASH,0.0,122554.21152564208,,False
2011-03-16,122554.21152564208,CASH,0.0,122554.21152564208,,False
2011-03-17,122554.21152564208,CASH,0.0,122554.21152564208,,False
2011-03-18,122554.21152564208,CASH,0.0,122554.21152564208,,False
2011-03-21,122554.21152564208,CASH,0.0,122554.21152564208,,False
2011-03-22,122554.21152564208,CASH,0.0,122554.21152564208,,False
2011-03-23,122554.21152564208,CASH,0.0,122554.21152564208,,False
2011-03-24,122554.21152564208,CASH,0.0,122554.21152564208,,False
2011-03-25,122554.21152564208,CASH,0.0,122554.21152564208,,False
2011-03-28,122554.21152564208,CASH,0.0,122554.21152564208,,False
2011-03-29,122554.21152564208,CASH,0.0,122554.21152564208,,False
2011-03-30,122554.21152564208,CASH,0.0,122554.21152564208,,False
2011-03-31,122554.21152564208,CASH,0.0,122554.21152564208,,False
2011-04-01,122554.21152564208,TQQQ,290408.70741961896,0.0,0.4220059812068939,False
2011-04-04,121447.23839921919,TQQQ,290408.70741961896,0.0,0.4220059812068939,False
2011-04-05,120067.00556989448,TQQQ,290408.70741961896,0.0,0.4220059812068939,False
2011-04-06,120972.73603290642,TQQQ,290408.70741961896,0.0,0.4220059812068939,False
2011-04-07,120943.98460817517,TQQQ,290408.70741961896,0.0,0.4220059812068939,False
2011-04-08,119132.55830156695,TQQQ,290408.70741961896,0.0,0.4220059812068939,False
2011-04-11,118054.04233484196,TQQQ,290408.70741961896,0.0,0.4220059812068939,False
2011-04-12,115725.02114423978,TQQQ,290408.70741961896,0.0,0.4220059812068939,False
2011-04-13,118485.52142230491,TQQQ,290408.70741961896,0.0,0.4220059812068939,False
2011-04-14,117838.43261391931,TQQQ,290408.70741961896,0.0,0.4220059812068939,False
2011-04-15,117076.53716824893,TQQQ,290408.70741961896,0.0,0.4220059812068939,False
2011-04-18,110298.79037307788,CASH,0.0,110298.79037307788,,False
2011-04-19,110298.79037307788,CASH,0.0,110298.79037307788,,False
2011-04-20,110298.79037307788,CASH,0.0,110298.79037307788,,False
2011-04-21,110298.79037307788,CASH,0.0,110298.79037307788,,False
2011-04-25,110298.79037307788,CASH,0.0,110298.79037307788,,False
2011-04-26,110298.79037307788,CASH,0.0,110298.79037307788,,False
2011-04-27,110298.79037307788,CASH,0.0,110298.79037307788,,False
2011-04-28,110298.79037307788,CASH,0.0,110298.79037307788,,False
2011-04-29,110298.79037307788,CASH,0.0,110298.79037307788,,False
2011-05-02,110298.79037307788,TQQQ,242399.92892786826,0.0,0.45502814650535583,False
2011-05-03,108642.59037821782,TQQQ,242399.92892786826,0.0,0.45502814650535583,False
2011-05-04,108006.6184224665,TQQQ,242399.92892786826,0.0,0.45502814650535583,False
2011-05-05,106386.59662439639,TQQQ,242399.92892786826,0.0,0.45502814650535583,False
2011-05-06,107310.52766605905,TQQQ,242399.92892786826,0.0,0.45502814650535583,False
2011-05-09,108474.57993038562,TQQQ,242399.92892786826,0.0,0.45502814650535583,False
2011-05-10,111258.9285078538,TQQQ,242399.92892786826,0.0,0.45502814650535583,False
2011-05-11,108858.69153212644,TQQQ,242399.92892786826,0.0,0.45502814650535583,False
2011-05-12,110778.7510792534,TQQQ,242399.92892786826,0.0,0.45502814650535583,False
2011-05-13,106854.55090823468,TQQQ,242399.92892786826,0.0,0.45502814650535583,False
2011-05-16,101298.11301846457,TQQQ,242399.92892786826,0.0,0.45502814650535583,False
2011-05-17,99268.9113357701,CASH,0.0,99268.9113357701,,False
2011-05-18,99268.9113357701,CASH,0.0,99268.9113357701,,False
2011-05-19,99268.9113357701,CASH,0.0,99268.9113357701,,False
2011-05-20,99268.9113357701,CASH,0.0,99268.9113357701,,False
2011-05-23,99268.9113357701,CASH,0.0,99268.9113357701,,False
2011-05-24,99268.9113357701,CASH,0.0,99268.9113357701,,False
2011-05-25,99268.9113357701,CASH,0.0,99268.9113357701,,False
2011-05-26,99268.9113357701,CASH,0.0,99268.9113357701,,False
2011-05-27,99268.9113357701,CASH,0.0,99268.9113357701,,False
2011-05-31,99268.9113357701,CASH,0.0,99268.9113357701,,False
2011-06-01,99268.9113357701,TQQQ,242221.2585810569,0.0,0.40982741117477417,False
2011-06-02,99844.52050467918,TQQQ,242221.2585810569,0.0,0.40982741117477417,False
2011-06-03,95311.48099473455,TQQQ,242221.2585810569,0.0,0.40982741117477417,False
2011-06-06,93009.03710034219,TQQQ,242221.2585810569,0.0,0.40982741117477417,False
2011-06-07,92469.56502415625,TQQQ,242221.2585810569,0.0,0.40982741117477417,False
2011-06-08,90478.87754675047,TQQQ,242221.2585810569,0.0,0.40982741117477417,False
2011-06-09,90874.69637779242,TQQQ,242221.2585810569,0.0,0.40982741117477417,False
2011-06-10,89342.02020219309,CASH,0.0,89342.02020219309,,False
2011-06-13,89342.02020219309,CASH,0.0,89342.02020219309,,False
2011-06-14,89342.02020219309,CASH,0.0,89342.02020219309,,False
2011-06-15,89342.02020219309,CASH,0.0,89342.02020219309,,False
2011-06-16,89342.02020219309,CASH,0.0,89342.02020219309,,False
2011-06-17,89342.02020219309,CASH,0.0,89342.02020219309,,False
2011-06-20,89342.02020219309,CASH,0.0,89342.02020219309,,False
2011-06-21,89342.02020219309,CASH,0.0,89342.02020219309,,False
2011-06-22,89342.02020219309,CASH,0.0,89342.02020219309,,False
2011-06-23,89342.02020219309,CASH,0.0,89342.02020219309,,False
2011-06-24,89342.02020219309,CASH,0.0,89342.02020219309,,False
2011-06-27,89342.02020219309,CASH,0.0,89342.02020219309,,False
2011-06-28,89342.02020219309,CASH,0.0,89342.02020219309,,False
2011-06-29,89342.02020219309,CASH,0.0,89342.02020219309,,False
2011-06-30,89342.02020219309,CASH,0.0,89342.02020219309,,False
2011-07-01,89342.02020219309,TECL,85432.61071728454,0.0,1.045760154724121,False
2011-07-05,90176.445253559,TECL,85432.61071728454,0.0,1.045760154724121,False
2011-07-06,91457.18973385452,TECL,85432.61071728454,0.0,1.045760154724121,False
2011-07-07,95008.38469535715,TECL,85432.61071728454,0.0,1.045760154724121,False
2011-07-08,93688.817431585,TECL,85432.61071728454,0.0,1.045760154724121,False
2011-07-11,88818.06539067106,TECL,85432.61071728454,0.0,1.045760154724121,False
2011-07-12,86023.70083538524,TECL,85432.61071728454,0.0,1.045760154724121,False
2011-07-13,86761.1402185854,TECL,85432.61071728454,0.0,1.045760154724121,False
2011-07-14,84257.83451140515,TECL,85432.61071728454,0.0,1.045760154724121,False
2011-07-15,87847.82170330192,TECL,85432.61071728454,0.0,1.045760154724121,False
2011-07-18,86955.17266108189,TECL,85432.61071728454,0.0,1.045760154724121,False
2011-07-19,94018.70924752804,TECL,85432.61071728454,0.0,1.045760154724121,False
2011-07-20,92563.31316339185,TECL,85432.61071728454,0.0,1.045760154724121,False
2011-07-21,93747.03123807829,TECL,85432.61071728454,0.0,1.045760154724121,False
2011-07-22,97472.83706597828,TECL,85432.61071728454,0.0,1.045760154724121,False
2011-07-25,96851.88640192966,TECL,85432.61071728454,0.0,1.045760154724121,False
2011-07-26,97977.39067012283,TECL,85432.61071728454,0.0,1.045760154724121,False
2011-07-27,89012.13857061087,TECL,85432.61071728454,0.0,1.045760154724121,False
2011-07-28,89574.87542816621,TECL,85432.61071728454,0.0,1.045760154724121,False
2011-07-29,87537.34127909719,TECL,85432.61071728454,0.0,1.045760154724121,False
2011-08-01,87090.99129708511,TQQQ,207664.88737926827,0.0,0.41938236355781555,False
2011-08-02,80480.18596198995,TQQQ,207664.88737926827,0.0,0.41938236355781555,False
2011-08-03,78381.8921673766,CASH,0.0,78381.8921673766,,False
2011-08-04,78381.8921673766,CASH,0.0,78381.8921673766,,False
2011-08-05,78381.8921673766,CASH,0.0,78381.8921673766,,False
2011-08-08,78381.8921673766,CASH,0.0,78381.8921673766,,False
2011-08-09,78381.8921673766,CASH,0.0,78381.8921673766,,False
2011-08-10,78381.8921673766,CASH,0.0,78381.8921673766,,False
2011-08-11,78381.8921673766,CASH,0.0,78381.8921673766,,False
2011-08-12,78381.8921673766,CASH,0.0,78381.8921673766,,False
2011-08-15,78381.8921673766,CASH,0.0,78381.8921673766,,False
2011-08-16,78381.8921673766,CASH,0.0,78381.8921673766,,False
2011-08-17,78381.8921673766,CASH,0.0,78381.8921673766,,False
2011-08-18,78381.8921673766,CASH,0.0,78381.8921673766,,False
2011-08-19,78381.8921673766,CASH,0.0,78381.8921673766,,False
2011-08-22,78381.8921673766,CASH,0.0,78381.8921673766,,False
2011-08-23,78381.8921673766,CASH,0.0,78381.8921673766,,False
2011-08-24,78381.8921673766,CASH,0.0,78381.8921673766,,False
2011-08-25,78381.8921673766,CASH,0.0,78381.8921673766,,False
2011-08-26,78381.8921673766,CASH,0.0,78381.8921673766,,False
2011-08-29,78381.8921673766,CASH,0.0,78381.8921673766,,False
2011-08-30,78381.8921673766,CASH,0.0,78381.8921673766,,False
2011-08-31,78381.8921673766,CASH,0.0,78381.8921673766,,False
2011-09-01,78381.8921673766,GLD,440.6695582115221,0.0,177.8699951171875,False
2011-09-02,80748.29226734949,GLD,440.6695582115221,0.0,177.8699951171875,False
2011-09-06,80598.45950725385,GLD,440.6695582115221,0.0,177.8699951171875,False
2011-09-07,78033.76617498639,GLD,440.6695582115221,0.0,177.8699951171875,False
2011-09-08,80118.13130258342,GLD,440.6695582115221,0.0,177.8699951171875,False
2011-09-09,79628.98782400528,GLD,440.6695582115221,0.0,177.8699951171875,False
2011-09-12,77853.09004233955,GLD,440.6695582115221,0.0,177.8699951171875,False
2011-09-13,78677.13996448826,GLD,440.6695582115221,0.0,177.8699951171875,False
2011-09-14,78091.05536926072,GLD,440.6695582115221,0.0,177.8699951171875,False
2011-09-15,76852.76826245592,GLD,440.6695582115221,0.0,177.8699951171875,False
2011-09-16,77571.06179404752,GLD,440.6695582115221,0.0,177.8699951171875,False
2011-09-19,76372.44005778548,GLD,440.6695582115221,0.0,177.8699951171875,False
2011-09-20,77460.89440449464,GLD,440.6695582115221,0.0,177.8699951171875,False
2011-09-21,76495.826996158,GLD,440.6695582115221,0.0,177.8699951171875,False
2011-09-22,74495.19016047458,GLD,440.6695582115221,0.0,177.8699951171875,False
2011-09-23,70543.70295063895,CASH,0.0,70543.70295063895,,False
2011-09-26,70543.70295063895,CASH,0.0,70543.70295063895,,False
2011-09-27,70543.70295063895,CASH,0.0,70543.70295063895,,False
2011-09-28,70543.70295063895,CASH,0.0,70543.70295063895,,False
2011-09-29,70543.70295063895,CASH,0.0,70543.70295063895,,False
2011-09-30,70543.70295063895,CASH,0.0,70543.70295063895,,False
2011-10-03,70543.70295063895,GLD,438.26851396721145,0.0,160.9600067138672,False
2011-10-04,69088.64827429334,GLD,438.26851396721145,0.0,160.9600067138672,False
2011-10-05,69886.30017968813,GLD,438.26851396721145,0.0,160.9600067138672,False
2011-10-06,70337.71621407861,GLD,438.26851396721145,0.0,160.9600067138672,False
2011-10-07,69763.57884332625,GLD,438.26851396721145,0.0,160.9600067138672,False
2011-10-10,71556.10214791172,GLD,438.26851396721145,0.0,160.9600067138672,False
2011-10-11,71043.3287890637,GLD,438.26851396721145,0.0,160.9600067138672,False
2011-10-12,71551.71518280609,GLD,438.26851396721145,0.0,160.9600067138672,False
2011-10-13,71130.98115436778,GLD,438.26851396721145,0.0,160.9600067138672,False
2011-10-14,71613.07250726363,GLD,438.26851396721145,0.0,160.9600067138672,False
2011-10-17,71271.22360136495,GLD,438.26851396721145,0.0,160.9600067138672,False
2011-10-18,70929.37469546626,GLD,438.26851396721145,0.0,160.9600067138672,False
2011-10-19,70065.98518795511,GLD,438.26851396721145,0.0,160.9600067138672,False
2011-10-20,69145.62532109205,GLD,438.26851396721145,0.0,160.9600067138672,False
2011-10-21,69912.59522053467,GLD,438.26851396721145,0.0,160.9600067138672,False
2011-10-24,70569.99799148549,GLD,438.26851396721145,0.0,160.9600067138672,False
2011-10-25,72572.88162284331,GLD,438.26851396721145,0.0,160.9600067138672,False
2011-10-26,73366.14656313247,GLD,438.26851396721145,0.0,160.9600067138672,False
2011-10-27,74308.42788063006,GLD,438.26851396721145,0.0,160.9600067138672,False
2011-10-28,74339.10319913542,GLD,438.26851396721145,0.0,160.9600067138672,False
2011-10-31,73339.85152228593,GLD,438.26851396721145,0.0,160.9600067138672,False
2011-11-01,73357.38600781483,IEF,962.4988243958843,0.0,76.21555907235299,False
2011-11-02,73181.90790645809,IEF,962.4988243958843,0.0,76.21555907235299,False
2011-11-03,72838.15805974093,IEF,962.4988243958843,0.0,76.21555907235299,False
2011-11-04,73055.66706580366,IEF,962.4988243958843,0.0,76.21555907235299,False
2011-11-07,73139.89922073256,IEF,962.4988243958843,0.0,76.21555907235299,False
2011-11-08,72810.0362368037,IEF,962.4988243958843,0.0,76.21555907235299,False
2011-11-09,73455.61612043432,IEF,962.4988243958843,0.0,76.21555907235299,False
2011-11-10,73097.74240847059,IEF,962.4988243958843,0.0,76.21555907235299,False
2011-11-11,72760.89525835008,IEF,962.4988243958843,0.0,76.21555907235299,False
2011-11-14,73217.02870824063,IEF,962.4988243958843,0.0,76.21555907235299,False
2011-11-15,73118.80600194792,IEF,962.4988243958843,0.0,76.21555907235299,False
2011-11-16,73385.5004244252,IEF,962.4988243958843,0.0,76.21555907235299,False
2011-11-17,73532.7752332497,IEF,962.4988243958843,0.0,76.21555907235299,False
2011-11-18,73259.14108254164,IEF,962.4988243958843,0.0,76.21555907235299,False
2011-11-21,73462.6299119333,IEF,962.4988243958843,0.0,76.21555907235299,False
2011-11-22,73687.19714745591,IEF,962.4988243958843,0.0,76.21555907235299,False
2011-11-23,73939.84917428164,IEF,962.4988243958843,0.0,76.21555907235299,False
2011-11-25,73469.6585160859,IEF,962.4988243958843,0.0,76.21555907235299,False
2011-11-28,73476.67971391167,IEF,962.4988243958843,0.0,76.21555907235299,False
2011-11-29,73336.35944597158,IEF,962.4988243958843,0.0,76.21555907235299,False
2011-11-30,72908.35522534508,IEF,962.4988243958843,0.0,76.21555907235299,False
2011-12-01,72887.19534961907,IEF,962.4988243958843,0.0,75.7490330142546,False
2011-12-02,73210.57779758,IEF,962.4988243958843,0.0,75.7490330142546,False
2011-12-05,73168.37654735714,IEF,962.4988243958843,0.0,75.7490330142546,False
2011-12-06,72978.61164156378,IEF,962.4988243958843,0.0,75.7490330142546,False
2011-12-07,73309.03750633098,IEF,962.4988243958843,0.0,75.7490330142546,False
2011-12-08,73681.64980866741,IEF,962.4988243958843,0.0,75.7490330142546,False
2011-12-09,73175.54587171931,IEF,962.4988243958843,0.0,75.7490330142546,False
2011-12-12,73428.56821488608,IEF,962.4988243958843,0.0,75.7490330142546,False
2011-12-13,73766.07452809361,IEF,962.4988243958843,0.0,75.7490330142546,False
2011-12-14,74075.42198672984,IEF,962.4988243958843,0.0,75.7490330142546,False
2011-12-15,74012.10529874187,IEF,962.4988243958843,0.0,75.7490330142546,False
2011-12-16,74370.71964338765,IEF,962.4988243958843,0.0,75.7490330142546,False
2011-12-19,74623.8086434958,IEF,962.4988243958843,0.0,75.7490330142546,False
2011-12-20,73948.85526769528,IEF,962.4988243958843,0.0,75.7490330142546,False
2011-12-21,73709.83088221918,IEF,962.4988243958843,0.0,75.7490330142546,False
2011-12-22,73801.19532987615,IEF,962.4988243958843,0.0,75.7490330142546,False
2011-12-23,73498.84685008525,IEF,962.4988243958843,0.0,75.7490330142546,False
2011-12-27,73540.44078150885,IEF,962.4988243958843,0.0,75.7490330142546,False
2011-12-28,74005.29147806707,IEF,962.4988243958843,0.0,75.7490330142546,False
2011-12-29,74096.87070920182,IEF,962.4988243958843,0.0,75.7490330142546,False
2011-12-30,74357.4771310327,IEF,962.4988243958843,0.0,75.7490330142546,False
2012-01-03,73885.54598603417,GLD,473.86830973392097,0.0,155.9199981689453,False
2012-01-04,74259.90599989165,GLD,473.86830973392097,0.0,155.9199981689453,False
2012-01-05,74766.94133136552,GLD,473.86830973392097,0.0,155.9199981689453,False
2012-01-06,74492.09684404107,GLD,473.86830973392097,0.0,155.9199981689453,False
2012-01-09,74160.39047335862,GLD,473.86830973392097,0.0,155.9199981689453,False
2012-01-10,75174.46836696296,GLD,473.86830973392097,0.0,155.9199981689453,False
2012-01-11,75662.55214753636,GLD,473.86830973392097,0.0,155.9199981689453,False
2012-01-12,75999.00182893635,GLD,473.86830973392097,0.0,155.9199981689453,False
2012-01-13,75468.26440518789,GLD,473.86830973392097,0.0,155.9199981689453,False
2012-01-17,76055.86371229432,GLD,473.86830973392097,0.0,155.9199981689453,False
2012-01-18,76577.12174526426,GLD,473.86830973392097,0.0,155.9199981689453,False
2012-01-19,76397.04947375527,GLD,473.86830973392097,0.0,155.9199981689453,False
2012-01-20,76799.84042929173,GLD,473.86830973392097,0.0,155.9199981689453,False
2012-01-23,77316.35515154412,GLD,473.86830973392097,0.0,155.9199981689453,False
2012-01-24,76771.40225695616,GLD,473.86830973392097,0.0,155.9199981689453,False
2012-01-25,78861.16323824033,GLD,473.86830973392097,0.0,155.9199981689453,False
2012-01-26,79263.95419377681,GLD,473.86830973392097,0.0,155.9199981689453,False
2012-01-27,80069.52887419316,GLD,473.86830973392097,0.0,155.9199981689453,False
2012-01-30,79624.09150613821,GLD,473.86830973392097,0.0,155.9199981689453,False
2012-01-31,80230.64236414511,GLD,473.86830973392097,0.0,155.9199981689453,False
2012-02-01,80349.10944157859,TQQQ,183654.34415701547,0.0,0.43750181794166565,False
2012-02-02,81176.58328207424,TQQQ,183654.34415701547,0.0,0.43750181794166565,False
2012-02-03,84404.45538103342,TQQQ,183654.34415701547,0.0,0.43750181794166565,False
2012-02-06,84322.57989781127,TQQQ,183654.34415701547,0.0,0.43750181794166565,False
2012-02-07,84686.20578211817,TQQQ,183654.34415701547,0.0,0.43750181794166565,False
2012-02-08,86095.54343342093,TQQQ,183654.34415701547,0.0,0.43750181794166565,False
2012-02-09,88005.0390854138,TQQQ,183654.34415701547,0.0,0.43750181794166565,False
2012-02-10,86122.77870345993,TQQQ,183654.34415701547,0.0,0.43750181794166565,False
2012-02-13,88441.46020515451,TQQQ,183654.34415701547,0.0,0.43750181794166565,False
2012-02-14,89214.31025244494,TQQQ,183654.34415701547,0.0,0.43750181794166565,False
2012-02-15,87222.93911722991,TQQQ,183654.34415701547,0.0,0.43750181794166565,False
2012-02-16,90869.0827870051,TQQQ,183654.34415701547,0.0,0.43750181794166565,False
2012-02-17,90096.25463301859,TQQQ,183654.34415701547,0.0,0.43750181794166565,False
2012-02-21,90859.99706589081,TQQQ,183654.34415701547,0.0,0.43750181794166565,False
2012-02-22,89659.806146648,TQQQ,183654.34415701547,0.0,0.43750181794166565,False
2012-02-23,91359.98539347577,TQQQ,183654.34415701547,0.0,0.43750181794166565,False
2012-02-24,92251.1796949429,TQQQ,183654.34415701547,0.0,0.43750181794166565,False
2012-02-27,92696.67558914596,TQQQ,183654.34415701547,0.0,0.43750181794166565,False
2012-02-28,95469.77997970472,TQQQ,183654.34415701547,0.0,0.43750181794166565,False
2012-02-29,94215.11852038391,TQQQ,183654.34415701547,0.0,0.43750181794166565,False
2012-03-01,96506.40602558627,TECL,73788.32892357139,0.0,1.3078817129135132,False
2012-03-02,96087.39645352446,TECL,73788.32892357139,0.0,1.3078817129135132,False
2012-03-05,92802.35613080727,TECL,73788.32892357139,0.0,1.3078817129135132,False
2012-03-06,89668.1451800255,TECL,73788.32892357139,0.0,1.3078817129135132,False
2012-03-07,91914.04000477854,TECL,73788.32892357139,0.0,1.3078817129135132,False
2012-03-08,94863.88146610055,TECL,73788.32892357139,0.0,1.3078817129135132,False
2012-03-09,96104.1621141595,TECL,73788.32892357139,0.0,1.3078817129135132,False
2012-03-12,96590.19914374436,TECL,73788.32892357139,0.0,1.3078817129135132,False
2012-03-13,102523.40459140419,TECL,73788.32892357139,0.0,1.3078817129135132,False
2012-03-14,104316.74972657108,TECL,73788.32892357139,0.0,1.3078817129135132,False
2012-03-15,105406.16581767754,TECL,73788.32892357139,0.0,1.3078817129135132,False
2012-03-16,105389.41774955104,TECL,73788.32892357139,0.0,1.3078817129135132,False
2012-03-19,107769.3674893502,TECL,73788.32892357139,0.0,1.3078817129135132,False
2012-03-20,107735.88014935148,TECL,73788.32892357139,0.0,1.3078817129135132,False
2012-03-21,107534.74499925668,TECL,73788.32892357139,0.0,1.3078817129135132,False
2012-03-22,106445.3113156417,TECL,73788.32892357139,0.0,1.3078817129135132,False
2012-03-23,106395.0407224994,TECL,73788.32892357139,0.0,1.3078817129135132,False
2012-03-26,111590.75061981165,TECL,73788.32892357139,0.0,1.3078817129135132,False
2012-03-27,112127.10222381016,TECL,73788.32892357139,0.0,1.3078817129135132,False
2012-03-28,111188.50670838486,TECL,73788.32892357139,0.0,1.3078817129135132,False
2012-03-29,110618.66776438762,TECL,73788.32892357139,0.0,1.3078817129135132,False
2012-03-30,109780.63102775544,TECL,73788.32892357139,0.0,1.3078817129135132,False
2012-04-02,113115.97712863202,TECL,73788.32892357139,0.0,1.4877777099609375,False
2012-04-03,112613.13045714077,TECL,73788.32892357139,0.0,1.4877777099609375,False
2012-04-04,107836.43013189033,TECL,73788.32892357139,0.0,1.4877777099609375,False
2012-04-05,108892.33249423525,TECL,73788.32892357139,0.0,1.4877777099609375,False
2012-04-09,106881.0953445928,TECL,73788.32892357139,0.0,1.4877777099609375,False
2012-04-10,102456.35074511832,TECL,73788.32892357139,0.0,1.4877777099609375,False
2012-04-11,103663.10886816148,TECL,73788.32892357139,0.0,1.4877777099609375,False
2012-04-12,107836.43013189033,TECL,73788.32892357139,0.0,1.4877777099609375,False
2012-04-13,102288.7469162936,TECL,73788.32892357139,0.0,1.4877777099609375,False
2012-04-16,98802.5679249799,CASH,0.0,98802.5679249799,,False
2012-04-17,98802.5679249799,CASH,0.0,98802.5679249799,,False
2012-04-18,98802.5679249799,CASH,0.0,98802.5679249799,,False
2012-04-19,98802.5679249799,CASH,0.0,98802.5679249799,,False
2012-04-20,98802.5679249799,CASH,0.0,98802.5679249799,,False
2012-04-23,98802.5679249799,CASH,0.0,98802.5679249799,,False
2012-04-24,98802.5679249799,CASH,0.0,98802.5679249799,,False
2012-04-25,98802.5679249799,CASH,0.0,98802.5679249799,,False
2012-04-26,98802.5679249799,CASH,0.0,98802.5679249799,,False
2012-04-27,98802.5679249799,CASH,0.0,98802.5679249799,,False
2012-04-30,98802.5679249799,CASH,0.0,98802.5679249799,,False
2012-05-01,98802.56792497988,TECL,72064.63465214484,0.0,1.3710271120071411,False
2012-05-02,99457.32234843702,TECL,72064.63465214484,0.0,1.3710271120071411,False
2012-05-03,96609.14576086284,TECL,72064.63465214484,0.0,1.3710271120071411,False
2012-05-04,89897.89573887947,TECL,72064.63465214484,0.0,1.3710271120071411,False
2012-05-07,87868.149112513,CASH,0.0,87868.149112513,,False
2012-05-08,87868.149112513,CASH,0.0,87868.149112513,,False
2012-05-09,87868.149112513,CASH,0.0,87868.149112513,,False
2012-05-10,87868.149112513,CASH,0.0,87868.149112513,,False
2012-05-11,87868.149112513,CASH,0.0,87868.149112513,,False
2012-05-14,87868.149112513,CASH,0.0,87868.149112513,,False
2012-05-15,87868.149112513,CASH,0.0,87868.149112513,,False
2012-05-16,87868.149112513,CASH,0.0,87868.149112513,,False
2012-05-17,87868.149112513,CASH,0.0,87868.149112513,,False
2012-05-18,87868.149112513,CASH,0.0,87868.149112513,,False
2012-05-21,87868.149112513,CASH,0.0,87868.149112513,,False
2012-05-22,87868.149112513,CASH,0.0,87868.149112513,,False
2012-05-23,87868.149112513,CASH,0.0,87868.149112513,,False
2012-05-24,87868.149112513,CASH,0.0,87868.149112513,,False
2012-05-25,87868.149112513,CASH,0.0,87868.149112513,,False
2012-05-29,87868.149112513,CASH,0.0,87868.149112513,,False
2012-05-30,87868.149112513,CASH,0.0,87868.149112513,,False
2012-05-31,87868.149112513,CASH,0.0,87868.149112513,,False
2012-06-01,87868.149112513,TECL,90957.63838489143,0.0,0.9660337567329407,False
2012-06-04,88425.9453275029,TECL,90957.63838489143,0.0,0.9660337567329407,False
2012-06-05,90471.3300389105,TECL,90957.63838489143,0.0,0.9660337567329407,False
2012-06-06,97392.51162229378,TECL,90957.63838489143,0.0,0.9660337567329407,False
2012-06-07,95884.29432703038,TECL,90957.63838489143,0.0,0.9660337567329407,False
2012-06-08,98756.09420123522,TECL,90957.63838489143,0.0,0.9660337567329407,False
2012-06-11,93384.4091967976,TECL,90957.63838489143,0.0,0.9660337567329407,False
2012-06-12,96586.75778732859,TECL,90957.63838489143,0.0,0.9660337567329407,False
2012-06-13,94665.35730740635,TECL,90957.63838489143,0.0,0.9660337567329407,False
2012-06-14,94975.25011739822,TECL,90957.63838489143,0.0,0.9660337567329407,False
2012-06-15,98818.04023424724,TECL,90957.63838489143,0.0,0.9660337567329407,False
2012-06-18,100739.45155716492,TECL,90957.63838489143,0.0,0.9660337567329407,False
2012-06-19,103466.62755804326,TECL,90957.63838489143,0.0,0.9660337567329407,False
2012-06-20,104231.04789434893,TECL,90957.63838489143,0.0,0.9660337567329407,False
2012-06-21,95925.63866868535,TECL,90957.63838489143,0.0,0.9660337567329407,False
2012-06-22,99024.67519855847,TECL,90957.63838489143,0.0,0.9660337567329407,False
2012-06-25,92310.0635215137,TECL,90957.63838489143,0.0,0.9660337567329407,False
2012-06-26,93115.8607284607,TECL,90957.63838489143,0.0,0.9660337567329407,False
2012-06-27,95119.8739907247,TECL,90957.63838489143,0.0,0.9660337567329407,False
2012-06-28,92124.1278355186,TECL,90957.63838489143,0.0,0.9660337567329407,False
2012-06-29,99913.04181586544,TECL,90957.63838489143,0.0,0.9660337567329407,False
2012-07-02,101255.95764547712,TQQQ,202901.24071545326,0.0,0.4990406036376953,False
2012-07-03,103666.84372658521,TQQQ,202901.24071545326,0.0,0.4990406036376953,False
2012-07-05,104028.4500322674,TQQQ,202901.24071545326,0.0,0.4990406036376953,False
2012-07-06,99930.01746690753,TQQQ,202901.24071545326,0.0,0.4990406036376953,False
2012-07-09,99588.42649352983,TQQQ,202901.24071545326,0.0,0.4990406036376953,False
2012-07-10,96534.7458990384,TQQQ,202901.24071545326,0.0,0.4990406036376953,False
2012-07-11,95208.76943889969,TQQQ,202901.24071545326,0.0,0.4990406036376953,False
2012-07-12,91130.3618809294,CASH,0.0,91130.3618809294,,False
2012-07-13,91130.3618809294,CASH,0.0,91130.3618809294,,False
2012-07-16,91130.3618809294,CASH,0.0,91130.3618809294,,False
2012-07-17,91130.3618809294,CASH,0.0,91130.3618809294,,False
2012-07-18,91130.3618809294,CASH,0.0,91130.3618809294,,False
2012-07-19,91130.3618809294,CASH,0.0,91130.3618809294,,False
2012-07-20,91130.3618809294,CASH,0.0,91130.3618809294,,False
2012-07-23,91130.3618809294,CASH,0.0,91130.3618809294,,False
2012-07-24,91130.3618809294,CASH,0.0,91130.3618809294,,False
2012-07-25,91130.3618809294,CASH,0.0,91130.3618809294,,False
2012-07-26,91130.3618809294,CASH,0.0,91130.3618809294,,False
2012-07-27,91130.3618809294,CASH,0.0,91130.3618809294,,False
2012-07-30,91130.3618809294,CASH,0.0,91130.3618809294,,False
2012-07-31,91130.3618809294,CASH,0.0,91130.3618809294,,False
2012-08-01,91130.3618809294,TQQQ,181745.64177358075,0.0,0.5014170408248901,False
2012-08-02,90176.55349018928,TQQQ,181745.64177358075,0.0,0.5014170408248901,False
2012-08-03,95305.4313655823,TQQQ,181745.64177358075,0.0,0.5014170408248901,False
2012-08-06,97446.97345317165,TQQQ,181745.64177358075,0.0,0.5014170408248901,False
2012-08-07,99858.33019294492,TQQQ,181745.64177358075,0.0,0.5014170408248901,False
2012-08-08,99696.28107494519,TQQQ,181745.64177358075,0.0,0.5014170408248901,False
2012-08-09,100542.09102448614,TQQQ,181745.64177358075,0.0,0.5014170408248901,False
2012-08-10,100956.04803672785,TQQQ,181745.64177358075,0.0,0.5014170408248901,False
2012-08-13,101567.93268015969,TQQQ,181745.64177358075,0.0,0.5014170408248901,False
2012-08-14,101711.8475496447,TQQQ,181745.64177358075,0.0,0.5014170408248901,False
2012-08-15,102431.75771648675,TQQQ,181745.64177358075,0.0,0.5014170408248901,False
2012-08-16,106102.85975227386,TQQQ,181745.64177358075,0.0,0.5014170408248901,False
2012-08-17,107560.44601640248,TQQQ,181745.64177358075,0.0,0.5014170408248901,False
2012-08-20,107974.37052999093,TQQQ,181745.64177358075,0.0,0.5014170408248901,False
2012-08-21,106732.73781672298,TQQQ,181745.64177358075,0.0,0.5014170408248901,False
2012-08-22,107884.37092625126,TQQQ,181745.64177358075,0.0,0.5014170408248901,False
2012-08-23,105490.96427595761,TQQQ,181745.64177358075,0.0,0.5014170408248901,False
2012-08-24,107362.44255502142,TQQQ,181745.64177358075,0.0,0.5014170408248901,False
2012-08-27,107884.37092625126,TQQQ,181745.64177358075,0.0,0.5014170408248901,False
2012-08-28,107866.42083677165,TQQQ,181745.64177358075,0.0,0.5014170408248901,False
2012-08-29,107902.32101573088,TQQQ,181745.64177358075,0.0,0.5014170408248901,False
2012-08-30,104609.22164880417,TQQQ,181745.64177358075,0.0,0.5014170408248901,False
2012-08-31,106840.75250724878,TQQQ,181745.64177358075,0.0,0.5014170408248901,False
2012-09-04,106390.6894912439,TQQQ,181745.64177358075,0.0,0.5878586769104004,False
2012-09-05,105904.89962243049,TQQQ,181745.64177358075,0.0,0.5878586769104004,False
2012-09-06,112905.2395275607,TQQQ,181745.64177358075,0.0,0.5878586769104004,False
2012-09-07,112419.28716548102,TQQQ,181745.64177358075,0.0,0.5878586769104004,False
2012-09-10,108280.32368459128,TQQQ,181745.64177358075,0.0,0.5878586769104004,False
2012-09-11,107812.47307237305,TQQQ,181745.64177358075,0.0,0.5878586769104004,False
2012-09-12,108748.16346392508,TQQQ,181745.64177358075,0.0,0.5878586769104004,False
2012-09-13,113085.10874042704,TQQQ,181745.64177358075,0.0,0.5878586769104004,False
2012-09-14,115982.43950804883,TQQQ,181745.64177358075,0.0,0.5878586769104004,False
2012-09-17,116198.38222602507,TQQQ,181745.64177358075,0.0,0.5878586769104004,False
2012-09-18,116414.34660977015,TQQQ,181745.64177358075,0.0,0.5878586769104004,False
2012-09-19,117188.11787793547,TQQQ,181745.64177358075,0.0,0.5878586769104004,False
2012-09-20,116918.2815599827,TQQQ,181745.64177358075,0.0,0.5878586769104004,False
2012-09-21,116918.2815599827,TQQQ,181745.64177358075,0.0,0.5878586769104004,False
2012-09-24,114758.78938291375,TQQQ,181745.64177358075,0.0,0.5878586769104004,False
2012-09-25,110151.82362942393,TQQQ,181745.64177358075,0.0,0.5878586769104004,False
2012-09-26,107254.47119603331,TQQQ,181745.64177358075,0.0,0.5878586769104004,False
2012-09-27,111807.53251666218,TQQQ,181745.64177358075,0.0,0.5878586769104004,False
2012-09-28,109126.15529990106,TQQQ,181745.64177358075,0.0,0.5878586769104004,False
2012-10-01,108658.15302730098,TQQQ,181745.64177358075,0.0,0.6004334092140198,False
2012-10-02,109360.05894024133,TQQQ,181745.64177358075,0.0,0.6004334092140198,False
2012-10-03,111429.5406806862,TQQQ,181745.64177358075,0.0,0.6004334092140198,False
2012-10-04,112725.22948719694,TQQQ,181745.64177358075,0.0,0.6004334092140198,False
2012-10-05,110781.70169387305,TQQQ,181745.64177358075,0.0,0.6004334092140198,False
2012-10-08,107848.40574998553,TQQQ,181745.64177358075,0.0,0.6004334092140198,False
2012-10-09,102305.80376936577,TQQQ,181745.64177358075,0.0,0.6004334092140198,False
2012-10-10,101064.01939571598,TQQQ,181745.64177358075,0.0,0.6004334092140198,False
2012-10-11,100164.28334754525,TQQQ,181745.64177358075,0.0,0.6004334092140198,False
2012-10-12,100146.3115922968,TQQQ,181745.64177358075,0.0,0.6004334092140198,False
2012-10-15,102143.7329855972,TQQQ,181745.64177358075,0.0,0.6004334092140198,False
2012-10-16,106588.67128685612,TQQQ,181745.64177358075,0.0,0.6004334092140198,False
2012-10-17,106264.75720989174,TQQQ,181745.64177358075,0.0,0.6004334092140198,False
2012-10-18,102629.75034498339,TQQQ,181745.64177358075,0.0,0.6004334092140198,False
2012-10-19,98213.53976991096,CASH,0.0,98213.53976991096,,False
2012-10-22,98213.53976991096,CASH,0.0,98213.53976991096,,False
2012-10-23,98213.53976991096,CASH,0.0,98213.53976991096,,False
2012-10-24,98213.53976991096,CASH,0.0,98213.53976991096,,False
2012-10-25,98213.53976991096,CASH,0.0,98213.53976991096,,False
2012-10-26,98213.53976991096,CASH,0.0,98213.53976991096,,False
2012-10-31,98213.53976991096,CASH,0.0,98213.53976991096,,False
2012-11-01,98213.53976991096,GLD,591.3984189701907,0.0,166.07000732421875,False
2012-11-02,96161.3865341625,GLD,591.3984189701907,0.0,166.07000732421875,False
2012-11-05,96533.96140177759,GLD,591.3984189701907,0.0,166.07000732421875,False
2012-11-06,98349.55887954746,GLD,591.3984189701907,0.0,166.07000732421875,False
2012-11-07,98461.9260229956,GLD,591.3984189701907,0.0,166.07000732421875,False
2012-11-08,99349.02365145089,GLD,591.3984189701907,0.0,166.07000732421875,False
2012-11-09,99248.48700310879,GLD,591.3984189701907,0.0,166.07000732421875,False
2012-11-12,99029.66345175369,GLD,591.3984189701907,0.0,166.07000732421875,False
2012-11-13,98822.67941952836,GLD,591.3984189701907,0.0,166.07000732421875,False
2012-11-14,98846.33138571672,GLD,591.3984189701907,0.0,166.07000732421875,False
2012-11-15,98225.36124099328,GLD,591.3984189701907,0.0,166.07000732421875,False
2012-11-16,98101.17262646284,GLD,591.3984189701907,0.0,166.07000732421875,False
2012-11-19,99278.04970483833,GLD,591.3984189701907,0.0,166.07000732421875,False
2012-11-20,98994.18099045928,GLD,591.3984189701907,0.0,166.07000732421875,False
2012-11-21,99094.71763880136,GLD,591.3984189701907,0.0,166.07000732421875,False
2012-11-23,100307.086202495,GLD,591.3984189701907,0.0,166.07000732421875,False
2012-11-26,100200.62979458802,GLD,591.3984189701907,0.0,166.07000732421875,False
2012-11-27,99774.83123503132,GLD,591.3984189701907,0.0,166.07000732421875,False
2012-11-28,98497.40848429,GLD,591.3984189701907,0.0,166.07000732421875,False
2012-11-29,98869.9833519051,GLD,591.3984189701907,0.0,166.07000732421875,False
2012-11-30,98201.70927480492,GLD,591.3984189701907,0.0,166.07000732421875,False
2012-12-03,98249.02223120538,TQQQ,188892.5840758995,0.0,0.5201317071914673,False
2012-12-04,97613.00836129706,TQQQ,188892.5840758995,0.0,0.5201317071914673,False
2012-12-05,94601.73207137079,TQQQ,188892.5840758995,0.0,0.5201317071914673,False
2012-12-06,96341.22831673869,TQQQ,188892.5840758995,0.0,0.5201317071914673,False
2012-12-07,94695.30458460866,TQQQ,188892.5840758995,0.0,0.5201317071914673,False
2012-12-10,95536.84922447937,TQQQ,188892.5840758995,0.0,0.5201317071914673,False
2012-12-11,99221.44003842985,TQQQ,188892.5840758995,0.0,0.5201317071914673,False
2012-12-12,98548.12551440566,TQQQ,188892.5840758995,0.0,0.5201317071914673,False
2012-12-13,96322.39221823707,TQQQ,188892.5840758995,0.0,0.5201317071914673,False
2012-12-14,93591.74902645912,TQQQ,188892.5840758995,0.0,0.5201317071914673,False
2012-12-17,97239.02229798066,TQQQ,188892.5840758995,0.0,0.5201317071914673,False
2012-12-18,101746.50179530622,TQQQ,188892.5840758995,0.0,0.5201317071914673,False
2012-12-19,100287.6555363997,TQQQ,188892.5840758995,0.0,0.5201317071914673,False
2012-12-20,100362.33565675908,TQQQ,188892.5840758995,0.0,0.5201317071914673,False
2012-12-21,97239.02229798066,TQQQ,188892.5840758995,0.0,0.5201317071914673,False
2012-12-24,96415.93095484884,TQQQ,188892.5840758995,0.0,0.5201317071914673,False
2012-12-26,94134.20727144262,TQQQ,188892.5840758995,0.0,0.5201317071914673,False
2012-12-27,93610.45001845625,TQQQ,188892.5840758995,0.0,0.5201317071914673,False
2012-12-28,90898.47967148699,TQQQ,188892.5840758995,0.0,0.5201317071914673,False
2012-12-31,96827.47662641475,TQQQ,188892.5840758995,0.0,0.5201317071914673,False
2013-01-02,105861.10283643687,TECL,87769.80172566701,0.0,1.2061221599578857,False
2013-01-03,103907.3513825325,TECL,87769.80172566701,0.0,1.2061221599578857,False
2013-01-04,102591.59033538266,TECL,87769.80172566701,0.0,1.2061221599578857,False
2013-01-07,102332.40150115077,TECL,87769.80172566701,0.0,1.2061221599578857,False
2013-01-08,100976.72420167596,TECL,87769.80172566701,0.0,1.2061221599578857,False
2013-01-09,101355.50484824718,TECL,87769.80172566701,0.0,1.2061221599578857,False
2013-01-10,102970.37098195389,TECL,87769.80172566701,0.0,1.2061221599578857,False
2013-01-11,103568.45559935913,TECL,87769.80172566701,0.0,1.2061221599578857,False
2013-01-14,101315.66183675214,TECL,87769.80172566701,0.0,1.2061221599578857,False
2013-01-15,99341.98887710026,TECL,87769.80172566701,0.0,1.2061221599578857,False
2013-01-16,100717.58768232261,TECL,87769.80172566701,0.0,1.2061221599578857,False
2013-01-17,101794.12325289092,TECL,87769.80172566701,0.0,1.2061221599578857,False
2013-01-18,101295.7089420775,TECL,87769.80172566701,0.0,1.2061221599578857,False
2013-01-22,102013.40629777352,TECL,87769.80172566701,0.0,1.2061221599578857,False
2013-01-23,105342.75655690023,TECL,87769.80172566701,0.0,1.2061221599578857,False
2013-01-24,99880.26712536013,TECL,87769.80172566701,0.0,1.2061221599578857,False
2013-01-25,100418.51398469287,TECL,87769.80172566701,0.0,1.2061221599578857,False
2013-01-28,101016.60906507382,TECL,87769.80172566701,0.0,1.2061221599578857,False
2013-01-29,101435.2641120672,TECL,87769.80172566701,0.0,1.2061221599578857,False
2013-01-30,100857.13238933659,TECL,87769.80172566701,0.0,1.2061221599578857,False
2013-01-31,101016.60906507382,TECL,87769.80172566701,0.0,1.2061221599578857,False
2013-02-01,104664.92313865067,TECL,87769.80172566701,0.0,1.1509267091751099,False
2013-02-04,100338.80703575138,TECL,87769.80172566701,0.0,1.1509267091751099,False
2013-02-05,104166.51929081297,TECL,87769.80172566701,0.0,1.1509267091751099,False
2013-02-06,103787.73864424173,TECL,87769.80172566701,0.0,1.1509267091751099,False
2013-02-07,103827.63397061531,TECL,87769.80172566701,0.0,1.1509267091751099,False
2013-02-08,106439.2764110703,TECL,87769.80172566701,0.0,1.1509267091751099,False
2013-02-11,106778.15126829225,TECL,87769.80172566701,0.0,1.1509267091751099,False
2013-02-12,105920.89874260654,TECL,87769.80172566701,0.0,1.1509267091751099,False
2013-02-13,105821.217973039,TECL,87769.80172566701,0.0,1.1509267091751099,False
2013-02-14,105083.57818564406,TECL,87769.80172566701,0.0,1.1509267091751099,False
2013-02-15,104804.49923459179,TECL,87769.80172566701,0.0,1.1509267091751099,False
2013-02-19,106818.03613169011,TECL,87769.80172566701,0.0,1.1509267091751099,False
2013-02-20,102412.15030199509,TECL,87769.80172566701,0.0,1.1509267091751099,False
2013-02-21,99999.87986365089,TECL,87769.80172566701,0.0,1.1509267091751099,False
2013-02-22,103628.25150552881,TECL,87769.80172566701,0.0,1.1509267091751099,False
2013-02-25,99182.47034946021,TECL,87769.80172566701,0.0,1.1509267091751099,False
2013-02-26,101016.60906507382,TECL,87769.80172566701,0.0,1.1509267091751099,False
2013-02-27,103608.30907382988,TECL,87769.80172566701,0.0,1.1509267091751099,False
2013-02-28,102870.66928643493,TECL,87769.80172566701,0.0,1.1509267091751099,False
2013-03-01,103309.27722810296,SHY,1514.696837473067,0.0,68.20459029970075,False
2013-03-04,103296.99196158045,SHY,1514.696837473067,0.0,68.20459029970075,False
2013-03-05,103284.83490941444,SHY,1514.696837473067,0.0,68.20459029970075,False
2013-03-06,103272.53798704133,SHY,1514.696837473067,0.0,68.20459029970075,False
2013-03-07,103248.09566835282,SHY,1514.696837473067,0.0,68.20459029970075,False
2013-03-08,103260.3809348753,SHY,1514.696837473067,0.0,68.20459029970075,False
2013-03-11,103248.09566835282,SHY,1514.696837473067,0.0,68.20459029970075,False
2013-03-12,103272.53798704133,SHY,1514.696837473067,0.0,68.20459029970075,False
2013-03-13,103248.09566835282,SHY,1514.696837473067,0.0,68.20459029970075,False
2013-03-14,103248.09566835282,SHY,1514.696837473067,0.0,68.20459029970075,False
2013-03-15,103284.83490941444,SHY,1514.696837473067,0.0,68.20459029970075,False
2013-03-18,103309.27722810296,SHY,1514.696837473067,0.0,68.20459029970075,False
2013-03-19,103296.99196158045,SHY,1514.696837473067,0.0,68.20459029970075,False
2013-03-20,103284.83490941444,SHY,1514.696837473067,0.0,68.20459029970075,False
2013-03-21,103296.99196158045,SHY,1514.696837473067,0.0,68.20459029970075,False
2013-03-22,103272.53798704133,SHY,1514.696837473067,0.0,68.20459029970075,False
2013-03-25,103272.53798704133,SHY,1514.696837473067,0.0,68.20459029970075,False
2013-03-26,103284.83490941444,SHY,1514.696837473067,0.0,68.20459029970075,False
2013-03-27,103309.27722810296,SHY,1514.696837473067,0.0,68.20459029970075,False
2013-03-28,103321.53918292427,SHY,1514.696837473067,0.0,68.20459029970075,False
2013-04-01,103331.24850646626,SHY,1514.696837473067,0.0,68.21268561918512,False
2013-04-02,103331.24850646626,SHY,1514.696837473067,0.0,68.21268561918512,False
2013-04-03,103319.05648674848,SHY,1514.696837473067,0.0,68.21268561918512,False
2013-04-04,103355.7724161089,SHY,1514.696837473067,0.0,68.21268561918512,False
2013-04-05,103355.7724161089,SHY,1514.696837473067,0.0,68.21268561918512,False
2013-04-08,103331.24850646626,SHY,1514.696837473067,0.0,68.21268561918512,False
2013-04-09,103331.24850646626,SHY,1514.696837473067,0.0,68.21268561918512,False
2013-04-10,103331.24850646626,SHY,1514.696837473067,0.0,68.21268561918512,False
2013-04-11,103331.24850646626,SHY,1514.696837473067,0.0,68.21268561918512,False
2013-04-12,103343.52211713816,SHY,1514.696837473067,0.0,68.21268561918512,False
2013-04-15,103355.7724161089,SHY,1514.696837473067,0.0,68.21268561918512,False
2013-04-16,103355.7724161089,SHY,1514.696837473067,0.0,68.21268561918512,False
2013-04-17,103355.7724161089,SHY,1514.696837473067,0.0,68.21268561918512,False
2013-04-18,103355.7724161089,SHY,1514.696837473067,0.0,68.21268561918512,False
2013-04-19,103355.7724161089,SHY,1514.696837473067,0.0,68.21268561918512,False
2013-04-22,103368.03437093025,SHY,1514.696837473067,0.0,68.21268561918512,False
2013-04-23,103355.7724161089,SHY,1514.696837473067,0.0,68.21268561918512,False
2013-04-24,103368.03437093025,SHY,1514.696837473067,0.0,68.21268561918512,False
2013-04-25,103355.7724161089,SHY,1514.696837473067,0.0,68.21268561918512,False
2013-04-26,103380.21473479742,SHY,1514.696837473067,0.0,68.21268561918512,False
2013-04-29,103404.6220859342,SHY,1514.696837473067,0.0,68.21268561918512,False
2013-04-30,103392.36013111287,SHY,1514.696837473067,0.0,68.21268561918512,False
2013-05-01,103413.18913611828,TQQQ,162276.00334745098,0.0,0.6372672915458679,False
2013-05-02,107157.0380104298,TQQQ,162276.00334745098,0.0,0.6372672915458679,False
2013-05-03,110900.74179868828,TQQQ,162276.00334745098,0.0,0.6372672915458679,False
2013-05-06,112330.8453509662,TQQQ,162276.00334745098,0.0,0.6372672915458679,False
2013-05-07,112057.62896831038,TQQQ,162276.00334745098,0.0,0.6372672915458679,False
2013-05-08,113809.15616246304,TQQQ,162276.00334745098,0.0,0.6372672915458679,False
2013-05-09,113407.3355024046,TQQQ,162276.00334745098,0.0,0.6372672915458679,False
2013-05-10,115335.4807851081,TQQQ,162276.00334745098,0.0,0.6372672915458679,False
2013-05-13,115785.46034236778,TQQQ,162276.00334745098,0.0,0.6372672915458679,False
2013-05-14,117488.68355326618,TQQQ,162276.00334745098,0.0,0.6372672915458679,False
2013-05-15,118356.385201996,TQQQ,162276.00334745098,0.0,0.6372672915458679,False
2013-05-16,117922.47150700811,TQQQ,162276.00334745098,0.0,0.6372672915458679,False
2013-05-17,121248.57894504242,TQQQ,162276.00334745098,0.0,0.6372672915458679,False
2013-05-20,120702.2429037661,TQQQ,162276.00334745098,0.0,0.6372672915458679,False
2013-05-21,121152.1934438152,TQQQ,162276.00334745098,0.0,0.6372672915458679,False
2013-05-22,118195.63952764627,TQQQ,162276.00334745098,0.0,0.6372672915458679,False
2013-05-23,116910.25447706043,TQQQ,162276.00334745098,0.0,0.6372672915458679,False
2013-05-24,116845.93299355205,TQQQ,162276.00334745098,0.0,0.6372672915458679,False
2013-05-28,119256.12185123407,TQQQ,162276.00334745098,0.0,0.6372672915458679,False
2013-05-29,117456.46477709078,TQQQ,162276.00334745098,0.0,0.6372672915458679,False
2013-05-30,119368.58288713662,TQQQ,162276.00334745098,0.0,0.6372672915458679,False
2013-05-31,115962.20417216457,TQQQ,162276.00334745098,0.0,0.6372672915458679,False
2013-06-03,116637.07678401875,TECL,80713.5089537642,0.0,1.4450750350952148,False
2013-06-04,115188.73608645804,TECL,80713.5089537642,0.0,1.4450750350952148,False
2013-06-05,111833.74911090118,TECL,80713.5089537642,0.0,1.4450750350952148,False
2013-06-06,113025.41867007388,TECL,80713.5089537642,0.0,1.4450750350952148,False
2013-06-07,115793.74525240116,TECL,80713.5089537642,0.0,1.4450750350952148,False
2013-06-10,116325.4266800906,TECL,80713.5089537642,0.0,1.4450750350952148,False
2013-06-11,112933.70367190645,TECL,80713.5089537642,0.0,1.4450750350952148,False
2013-06-12,110348.71086791343,TECL,80713.5089537642,0.0,1.4450750350952148,False
2013-06-13,114162.08039830627,TECL,80713.5089537642,0.0,1.4450750350952148,False
2013-06-14,111907.06722735478,TECL,80713.5089537642,0.0,1.4450750350952148,False
2013-06-17,114895.42513344336,TECL,80713.5089537642,0.0,1.4450750350952148,False
2013-06-18,117480.41793743639,TECL,80713.5089537642,0.0,1.4450750350952148,False
2013-06-19,113428.7452849692,TECL,80713.5089537642,0.0,1.4450750350952148,False
2013-06-20,105838.71339141065,TECL,80713.5089537642,0.0,1.4450750350952148,False
2013-06-21,104973.36910561688,CASH,0.0,104973.36910561688,,False
2013-06-24,104973.36910561688,CASH,0.0,104973.36910561688,,False
2013-06-25,104973.36910561688,CASH,0.0,104973.36910561688,,False
2013-06-26,104973.36910561688,CASH,0.0,104973.36910561688,,False
2013-06-27,104973.36910561688,CASH,0.0,104973.36910561688,,False
2013-06-28,104973.36910561688,CASH,0.0,104973.36910561688,,False
2013-07-01,104973.36910561688,TECL,79763.45108468208,0.0,1.3160585165023804,False
2013-07-02,105897.38091854891,TECL,79763.45108468208,0.0,1.3160585165023804,False
2013-07-03,107437.3657421064,TECL,79763.45108468208,0.0,1.3160585165023804,False
2013-07-05,109593.36161046669,TECL,79763.45108468208,0.0,1.3160585165023804,False
2013-07-08,109212.90573449772,TECL,79763.45108468208,0.0,1.3160585165023804,False
2013-07-09,110517.38293194305,TECL,79763.45108468208,0.0,1.3160585165023804,False
2013-07-10,111459.49901329068,TECL,79763.45108468208,0.0,1.3160585165023804,False
2013-07-11,117275.23851110454,TECL,79763.45108468208,0.0,1.3160585165023804,False
2013-07-12,117311.4850821131,TECL,79763.45108468208,0.0,1.3160585165023804,False
2013-07-15,118072.42535968404,TECL,79763.45108468208,0.0,1.3160585165023804,False
2013-07-16,118543.45012045268,TECL,79763.45108468208,0.0,1.3160585165023804,False
2013-07-17,118887.70696813478,TECL,79763.45108468208,0.0,1.3160585165023804,False
2013-07-18,117891.24004736301,TECL,79763.45108468208,0.0,1.3160585165023804,False
2013-07-19,112021.14020158068,TECL,79763.45108468208,0.0,1.3160585165023804,False
2013-07-22,113126.30880120072,TECL,79763.45108468208,0.0,1.3160585165023804,False
2013-07-23,111676.91187953157,TECL,79763.45108468208,0.0,1.3160585165023804,False
2013-07-24,113778.5473999234,TECL,79763.45108468208,0.0,1.3160585165023804,False
2013-07-25,113832.87922225885,TECL,79763.45108468208,0.0,1.3160585165023804,False
2013-07-26,114412.66271314179,TECL,79763.45108468208,0.0,1.3160585165023804,False
2013-07-29,114249.61019486937,TECL,79763.45108468208,0.0,1.3160585165023804,False
2013-07-30,115862.05963481094,TECL,79763.45108468208,0.0,1.3160585165023804,False
2013-07-31,114919.97207909632,TECL,79763.45108468208,0.0,1.3160585165023804,False
2013-08-01,118525.34585203708,TQQQ,145659.72715752234,0.0,0.8137139081954956,False
2013-08-02,120501.27270688911,TQQQ,145659.72715752234,0.0,0.8137139081954956,False
2013-08-05,120760.87307811501,TQQQ,145659.72715752234,0.0,0.8137139081954956,False
2013-08-06,118611.87930911237,TQQQ,145659.72715752234,0.0,0.8137139081954956,False
2013-08-07,117933.989038375,TQQQ,145659.72715752234,0.0,0.8137139081954956,False
2013-08-08,119506.02942556948,TQQQ,145659.72715752234,0.0,0.8137139081954956,False
2013-08-09,118222.39627330872,TQQQ,145659.72715752234,0.0,0.8137139081954956,False
2013-08-12,118958.00445541728,TQQQ,145659.72715752234,0.0,0.8137139081954956,False
2013-08-13,120933.93999226562,TQQQ,145659.72715752234,0.0,0.8137139081954956,False
2013-08-14,119592.57156464108,TQQQ,145659.72715752234,0.0,0.8137139081954956,False
2013-08-15,113592.79120480799,TQQQ,145659.72715752234,0.0,0.8137139081954956,False
2013-08-16,113188.92210114302,TQQQ,145659.72715752234,0.0,0.8137139081954956,False
2013-08-19,112741.82533792373,TQQQ,145659.72715752234,0.0,0.8137139081954956,False
2013-08-20,114285.06754340668,TQQQ,145659.72715752234,0.0,0.8137139081954956,False
2013-08-21,113145.6944415887,TQQQ,145659.72715752234,0.0,0.8137139081954956,False
2013-08-22,116376.33471904184,TQQQ,145659.72715752234,0.0,0.8137139081954956,False
2013-08-23,118828.1478368284,TQQQ,145659.72715752234,0.0,0.8137139081954956,False
2013-08-26,118929.07604376132,TQQQ,145659.72715752234,0.0,0.8137139081954956,False
2013-08-27,111443.80611780165,TQQQ,145659.72715752234,0.0,0.8137139081954956,False
2013-08-28,112886.10275235909,TQQQ,145659.72715752234,0.0,0.8137139081954956,False
2013-08-29,115222.58423135884,TQQQ,145659.72715752234,0.0,0.8137139081954956,False
2013-08-30,113073.59914435248,TQQQ,145659.72715752234,0.0,0.8137139081954956,False
2013-09-03,114934.03808448439,TQQQ,145659.72715752234,0.0,0.7762859463691711,False
2013-09-04,118683.99197034117,TQQQ,145659.72715752234,0.0,0.7762859463691711,False
2013-09-05,119203.24480477074,TQQQ,145659.72715752234,0.0,0.7762859463691711,False
2013-09-06,119635.90340815095,TQQQ,145659.72715752234,0.0,0.7762859463691711,False
2013-09-09,123847.2185771402,TQQQ,145659.72715752234,0.0,0.7762859463691711,False
2013-09-10,125722.19986106674,TQQQ,145659.72715752234,0.0,0.7762859463691711,False
2013-09-11,125087.65879783181,TQQQ,145659.72715752234,0.0,0.7762859463691711,False
2013-09-12,124525.10884787756,TQQQ,145659.72715752234,0.0,0.7762859463691711,False
2013-09-13,124929.01267952772,TQQQ,145659.72715752234,0.0,0.7762859463691711,False
2013-09-16,123876.18171678133,TQQQ,145659.72715752234,0.0,0.7762859463691711,False
2013-09-17,126356.76697029054,TQQQ,145659.72715752234,0.0,0.7762859463691711,False
2013-09-18,131000.9230645822,TQQQ,145659.72715752234,0.0,0.7762859463691711,False
2013-09-19,131808.50499597882,TQQQ,145659.72715752234,0.0,0.7762859463691711,False
2013-09-20,130366.3385913658,TQQQ,145659.72715752234,0.0,0.7762859463691711,False
2013-09-23,129630.72172726096,TQQQ,145659.72715752234,0.0,0.7762859463691711,False
2013-09-24,129659.51122697619,TQQQ,145659.72715752234,0.0,0.7762859463691711,False
2013-09-25,128433.64807806438,TQQQ,145659.72715752234,0.0,0.7762859463691711,False
2013-09-26,131375.8463925986,TQQQ,145659.72715752234,0.0,0.7762859463691711,False
2013-09-27,130755.68271522873,TQQQ,145659.72715752234,0.0,0.7762859463691711,False
2013-09-30,129933.6886699819,TQQQ,145659.72715752234,0.0,0.7762859463691711,False
2013-10-01,133827.80710432222,TQQQ,145659.72715752234,0.0,0.8920357823371887,False
2013-10-02,133582.57543696504,TQQQ,145659.72715752234,0.0,0.8920357823371887,False
2013-10-03,128938.44538866227,TQQQ,145659.72715752234,0.0,0.8920357823371887,False
2013-10-04,132255.6104411944,TQQQ,145659.72715752234,0.0,0.8920357823371887,False
2013-10-07,128981.77723217213,TQQQ,145659.72715752234,0.0,0.8920357823371887,False
2013-10-08,121683.83874027623,TQQQ,145659.72715752234,0.0,0.8920357823371887,False
2013-10-09,120342.58317860354,TQQQ,145659.72715752234,0.0,0.8920357823371887,False
2013-10-10,127986.55131484508,TQQQ,145659.72715752234,0.0,0.8920357823371887,False
2013-10-11,130871.03171800815,TQQQ,145659.72715752234,0.0,0.8920357823371887,False
2013-10-14,133582.57543696504,TQQQ,145659.72715752234,0.0,0.8920357823371887,False
2013-10-15,132154.6561882726,TQQQ,145659.72715752234,0.0,0.8920357823371887,False
2013-10-16,136668.9382999828,TQQQ,145659.72715752234,0.0,0.8920357823371887,False
2013-10-17,138875.64998035663,TQQQ,145659.72715752234,0.0,0.8920357823371887,False
2013-10-18,145740.7822749353,TQQQ,145659.72715752234,0.0,0.8920357823371887,False
2013-10-21,146577.30998198048,TQQQ,145659.72715752234,0.0,0.8920357823371887,False
2013-10-22,147082.16806655243,TQQQ,145659.72715752234,0.0,0.8920357823371887,False
2013-10-23,144716.71476591527,TQQQ,145659.72715752234,0.0,0.8920357823371887,False
2013-10-24,146519.66152657964,TQQQ,145659.72715752234,0.0,0.8920357823371887,False
2013-10-25,149447.45640926,TQQQ,145659.72715752234,0.0,0.8920357823371887,False
2013-10-28,149750.35389601058,TQQQ,145659.72715752234,0.0,0.8920357823371887,False
2013-10-29,150471.44578031337,TQQQ,145659.72715752234,0.0,0.8920357823371887,False
2013-10-30,149995.4640154196,TQQQ,145659.72715752234,0.0,0.8920357823371887,False
2013-10-31,149029.1751917448,TQQQ,145659.72715752234,0.0,0.8920357823371887,False
2013-11-01,148957.02780253082,TECL,86401.72655743509,0.0,1.7240052223205566,False
2013-11-04,150311.18503525475,TECL,86401.72655743509,0.0,1.7240052223205566,False
2013-11-05,149192.5450515741,TECL,86401.72655743509,0.0,1.7240052223205566,False
2013-11-06,153411.98704955424,TECL,86401.72655743509,0.0,1.7240052223205566,False
2013-11-07,147465.50095769766,TECL,86401.72655743509,0.0,1.7240052223205566,False
2013-11-08,151626.06879336122,TECL,86401.72655743509,0.0,1.7240052223205566,False
2013-11-11,151841.95445504,TECL,86401.72655743509,0.0,1.7240052223205566,False
2013-11-12,153274.617437445,TECL,86401.72655743509,0.0,1.7240052223205566,False
2013-11-13,157180.10853591986,TECL,86401.72655743509,0.0,1.7240052223205566,False
2013-11-14,155825.94100330753,TECL,86401.72655743509,0.0,1.7240052223205566,False
2013-11-15,157356.72072298123,TECL,86401.72655743509,0.0,1.7240052223205566,False
2013-11-18,154785.77586964265,TECL,86401.72655743509,0.0,1.7240052223205566,False
2013-11-19,153608.2617236454,TECL,86401.72655743509,0.0,1.7240052223205566,False
2013-11-20,151724.21643029523,TECL,86401.72655743509,0.0,1.7240052223205566,False
2013-11-21,155708.161779009,TECL,86401.72655743509,0.0,1.7240052223205566,False
2013-11-22,154942.7564693395,TECL,86401.72655743509,0.0,1.7240052223205566,False
2013-11-25,154530.66823278865,TECL,86401.72655743509,0.0,1.7240052223205566,False
2013-11-26,156532.45155088356,TECL,86401.72655743509,0.0,1.7240052223205566,False
2013-11-27,160123.87845108032,TECL,86401.72655743509,0.0,1.7240052223205566,False
2013-11-29,162400.43189305905,TECL,86401.72655743509,0.0,1.7240052223205566,False
2013-12-02,159888.4024015908,TECL,86401.72655743509,0.0,1.8795970678329468,False
2013-12-03,161792.0895821939,TECL,86401.72655743509,0.0,1.8795970678329468,False
2013-12-04,162125.69266884055,TECL,86401.72655743509,0.0,1.8795970678329468,False
2013-12-05,160496.74471245595,TECL,86401.72655743509,0.0,1.8795970678329468,False
2013-12-06,164186.36044914048,TECL,86401.72655743509,0.0,1.8795970678329468,False
2013-12-09,165697.5085814497,TECL,86401.72655743509,0.0,1.8795970678329468,False
2013-12-10,164421.8879980722,TECL,86401.72655743509,0.0,1.8795970678329468,False
2013-12-11,160280.90025033095,TECL,86401.72655743509,0.0,1.8795970678329468,False
2013-12-12,156493.18837615458,TECL,86401.72655743509,0.0,1.8795970678329468,False
2013-12-13,155492.30701699556,TECL,86401.72655743509,0.0,1.8795970678329468,False
2013-12-16,159633.27416495993,TECL,86401.72655743509,0.0,1.8795970678329468,False
2013-12-17,159142.64927906267,TECL,86401.72655743509,0.0,1.8795970678329468,False
2013-12-18,163479.81900189916,TECL,86401.72655743509,0.0,1.8795970678329468,False
2013-12-19,164166.71856188757,TECL,86401.72655743509,0.0,1.8795970678329468,False
2013-12-20,167660.05962448096,TECL,86401.72655743509,0.0,1.8795970678329468,False
2013-12-23,174391.6341128137,TECL,86401.72655743509,0.0,1.8795970678329468,False
2013-12-24,176609.26189303363,TECL,86401.72655743509,0.0,1.8795970678329468,False
2013-12-26,177669.05861406302,TECL,86401.72655743509,0.0,1.8795970678329468,False
2013-12-27,176825.12695493555,TECL,86401.72655743509,0.0,1.8795970678329468,False
2013-12-30,175961.56370844357,TECL,86401.72655743509,0.0,1.8795970678329468,False
2013-12-31,179180.21704626066,TECL,86401.72655743509,0.0,1.8795970678329468,False
2014-01-02,173685.1029654608,TQQQ,144716.73439595304,0.0,1.2001729011535645,False
2014-01-03,169902.193953428,TQQQ,144716.73439595304,0.0,1.2001729011535645,False
2014-01-06,168096.71269182384,TQQQ,144716.73439595304,0.0,1.2001729011535645,False
2014-01-07,172452.85717397378,TQQQ,144716.73439595304,0.0,1.2001729011535645,False
2014-01-08,173742.4644659465,TQQQ,144716.73439595304,0.0,1.2001729011535645,False
2014-01-09,171951.2847634108,TQQQ,144716.73439595304,0.0,1.2001729011535645,False
2014-01-10,173670.80140639233,TQQQ,144716.73439595304,0.0,1.2001729011535645,False
2014-01-13,165947.30394941263,TQQQ,144716.73439595304,0.0,1.2001729011535645,False
2014-01-14,175447.64504670136,TQQQ,144716.73439595304,0.0,1.2001729011535645,False
2014-01-15,179545.77491192968,TQQQ,144716.73439595304,0.0,1.2001729011535645,False
2014-01-16,179918.4090203482,TQQQ,144716.73439595304,0.0,1.2001729011535645,False
2014-01-17,176723.0025343429,TQQQ,144716.73439595304,0.0,1.2001729011535645,False
2014-01-21,180677.89253835828,TQQQ,144716.73439595304,0.0,1.2001729011535645,False
2014-01-22,182354.29748518523,TQQQ,144716.73439595304,0.0,1.2001729011535645,False
2014-01-23,180161.98406556863,TQQQ,144716.73439595304,0.0,1.2001729011535645,False
2014-01-24,169486.53440675043,TQQQ,144716.73439595304,0.0,1.2001729011535645,False
2014-01-27,164557.36147343242,TQQQ,144716.73439595304,0.0,1.2001729011535645,False
2014-01-28,164499.9827213676,TQQQ,144716.73439595304,0.0,1.2001729011535645,False
2014-01-29,159312.8986806025,TQQQ,144716.73439595304,0.0,1.2001729011535645,False
2014-01-30,167709.84603065322,TQQQ,144716.73439595304,0.0,1.2001729011535645,False
2014-01-31,166534.8064754401,TQQQ,144716.73439595304,0.0,1.2001729011535645,False
2014-02-03,155501.3175441164,TECL,87578.43879192925,0.0,1.7755662202835083,False
2014-02-04,158067.46796398357,TECL,87578.43879192925,0.0,1.7755662202835083,False
2014-02-05,157908.32855223547,TECL,87578.43879192925,0.0,1.7755662202835083,False
2014-02-06,163319.17295330545,TECL,87578.43879192925,0.0,1.7755662202835083,False
2014-02-07,170182.150131352,TECL,87578.43879192925,0.0,1.7755662202835083,False
2014-02-10,171713.85783428443,TECL,87578.43879192925,0.0,1.7755662202835083,False
2014-02-11,177621.98810167896,TECL,87578.43879192925,0.0,1.7755662202835083,False
2014-02-12,179312.96049832104,TECL,87578.43879192925,0.0,1.7755662202835083,False
2014-02-13,184126.9407539053,TECL,87578.43879192925,0.0,1.7755662202835083,False
2014-02-14,184584.4078367616,TECL,87578.43879192925,0.0,1.7755662202835083,False
2014-02-18,185141.453198779,TECL,87578.43879192925,0.0,1.7755662202835083,False
2014-02-19,182674.81841709217,TECL,87578.43879192925,0.0,1.7755662202835083,False
2014-02-20,185201.1291731641,TECL,87578.43879192925,0.0,1.7755662202835083,False
2014-02-21,183012.9126708513,TECL,87578.43879192925,0.0,1.7755662202835083,False
2014-02-24,185002.22317876504,TECL,87578.43879192925,0.0,1.7755662202835083,False
2014-02-25,183271.55728061625,TECL,87578.43879192925,0.0,1.7755662202835083,False
2014-02-26,183450.60608409852,TECL,87578.43879192925,0.0,1.7755662202835083,False
2014-02-27,187767.3004733582,TECL,87578.43879192925,0.0,1.7755662202835083,False
2014-02-28,186892.05980915233,TECL,87578.43879192925,0.0,1.7755662202835083,False
2014-03-03,182396.2539754296,TQQQ,140424.5191141104,0.0,1.2988917827606201,False
2014-03-04,189737.6741793116,TQQQ,140424.5191141104,0.0,1.2988917827606201,False
2014-03-05,191295.0212221373,TQQQ,140424.5191141104,0.0,1.2988917827606201,False
2014-03-06,190571.97441221413,TQQQ,140424.5191141104,0.0,1.2988917827606201,False
2014-03-07,187846.78448634077,TQQQ,140424.5191141104,0.0,1.2988917827606201,False
2014-03-10,188236.07102732573,TQQQ,140424.5191141104,0.0,1.2988917827606201,False
2014-03-11,185900.10068280867,TQQQ,140424.5191141104,0.0,1.2988917827606201,False
2014-03-12,187985.72571576133,TQQQ,140424.5191141104,0.0,1.2988917827606201,False
2014-03-13,180004.79083868014,TQQQ,140424.5191141104,0.0,1.2988917827606201,False
2014-03-14,176306.1418316906,TQQQ,140424.5191141104,0.0,1.2988917827606201,False
2014-03-17,181005.87076660883,TQQQ,140424.5191141104,0.0,1.2988917827606201,False
2014-03-18,187513.12465684552,TQQQ,140424.5191141104,0.0,1.2988917827606201,False
2014-03-19,184426.35273633554,TQQQ,140424.5191141104,0.0,1.2988917827606201,False
2014-03-20,185872.39613646036,TQQQ,140424.5191141104,0.0,1.2988917827606201,False
2014-03-21,179059.22044289103,TQQQ,140424.5191141104,0.0,1.2988917827606201,False
2014-03-24,174554.19336814035,TQQQ,140424.5191141104,0.0,1.2988917827606201,False
2014-03-25,176167.20060227005,TQQQ,140424.5191141104,0.0,1.2988917827606201,False
2014-03-26,169465.2448518658,TQQQ,140424.5191141104,0.0,1.2988917827606201,False
2014-03-27,164156.62857788664,CASH,0.0,164156.62857788664,,False
2014-03-28,164156.62857788664,CASH,0.0,164156.62857788664,,False
2014-03-31,164156.62857788664,CASH,0.0,164156.62857788664,,False
2014-04-01,164156.62857788664,TECL,73081.80973552736,0.0,2.246203660964966,False
2014-04-02,164571.61744432815,TECL,73081.80973552736,0.0,2.246203660964966,False
2014-04-03,162247.6484289455,TECL,73081.80973552736,0.0,2.246203660964966,False
2014-04-04,152835.4319105468,TECL,73081.80973552736,0.0,2.246203660964966,False
2014-04-07,147740.965720098,CASH,0.0,147740.965720098,,False
2014-04-08,147740.965720098,CASH,0.0,147740.965720098,,False
2014-04-09,147740.965720098,CASH,0.0,147740.965720098,,False
2014-04-10,147740.965720098,CASH,0.0,147740.965720098,,False
2014-04-11,147740.965720098,CASH,0.0,147740.965720098,,False
2014-04-14,147740.965720098,CASH,0.0,147740.965720098,,False
2014-04-15,147740.965720098,CASH,0.0,147740.965720098,,False
2014-04-16,147740.965720098,CASH,0.0,147740.965720098,,False
2014-04-17,147740.965720098,CASH,0.0,147740.965720098,,False
2014-04-21,147740.965720098,CASH,0.0,147740.965720098,,False
2014-04-22,147740.965720098,CASH,0.0,147740.965720098,,False
2014-04-23,147740.965720098,CASH,0.0,147740.965720098,,False
2014-04-24,147740.965720098,CASH,0.0,147740.965720098,,False
2014-04-25,147740.965720098,CASH,0.0,147740.965720098,,False
2014-04-28,147740.965720098,CASH,0.0,147740.965720098,,False
2014-04-29,147740.965720098,CASH,0.0,147740.965720098,,False
2014-04-30,147740.965720098,CASH,0.0,147740.965720098,,False
2014-05-01,147740.965720098,TQQQ,122826.06618843488,0.0,1.2028470039367676,False
2014-05-02,147011.22267896825,TQQQ,122826.06618843488,0.0,1.2028470039367676,False
2014-05-05,149102.99459651954,TQQQ,122826.06618843488,0.0,1.2028470039367676,False
2014-05-06,143338.27494993276,TQQQ,122826.06618843488,0.0,1.2028470039367676,False
2014-05-07,142049.2511258412,TQQQ,122826.06618843488,0.0,1.2028470039367676,False
2014-05-08,141562.75576508805,TQQQ,122826.06618843488,0.0,1.2028470039367676,False
2014-05-09,143216.7902088213,TQQQ,122826.06618843488,0.0,1.2028470039367676,False
2014-05-12,150197.57255319395,TQQQ,122826.06618843488,0.0,1.2028470039367676,False
2014-05-13,150513.8252859005,TQQQ,122826.06618843488,0.0,1.2028470039367676,False
2014-05-14,148276.0286216812,TQQQ,122826.06618843488,0.0,1.2028470039367676,False
2014-05-15,144846.41642507084,TQQQ,122826.06618843488,0.0,1.2028470039367676,False
2014-05-16,147546.3441485838,TQQQ,122826.06618843488,0.0,1.2028470039367676,False
2014-05-19,150708.32972135,TQQQ,122826.06618843488,0.0,1.2028470039367676,False
2014-05-20,149054.41241368142,TQQQ,122826.06618843488,0.0,1.2028470039367676,False
2014-05-21,153262.3205502435,TQQQ,122826.06618843488,0.0,1.2028470039367676,False
2014-05-22,155159.5294643129,TQQQ,122826.06618843488,0.0,1.2028470039367676,False
2014-05-23,158637.826337818,TQQQ,122826.06618843488,0.0,1.2028470039367676,False
2014-05-27,164597.06506186235,TQQQ,122826.06618843488,0.0,1.2028470039367676,False
2014-05-28,163040.35604589427,TQQQ,122826.06618843488,0.0,1.2028470039367676,False
2014-05-29,166348.39564934463,TQQQ,122826.06618843488,0.0,1.2028470039367676,False
2014-05-30,166202.45875472517,TQQQ,122826.06618843488,0.0,1.2028470039367676,False
2014-06-02,165788.9098782696,TQQQ,122826.06618843488,0.0,1.3531529903411865,False
2014-06-03,165545.75004994153,TQQQ,122826.06618843488,0.0,1.3531529903411865,False
2014-06-04,167297.02206939147,TQQQ,122826.06618843488,0.0,1.3531529903411865,False
2014-06-05,171650.83781655686,TQQQ,122826.06618843488,0.0,1.3531529903411865,False
2014-06-06,174423.7120243674,TQQQ,122826.06618843488,0.0,1.3531529903411865,False
2014-06-09,174107.5617857175,TQQQ,122826.06618843488,0.0,1.3531529903411865,False
2014-06-10,175104.85824065097,TQQQ,122826.06618843488,0.0,1.3531529903411865,False
2014-06-11,174837.260900823,TQQQ,122826.06618843488,0.0,1.3531529903411865,False
2014-06-12,170264.42999666775,TQQQ,122826.06618843488,0.0,1.3531529903411865,False
2014-06-13,171431.93979563165,TQQQ,122826.06618843488,0.0,1.3531529903411865,False
2014-06-16,172064.3866930124,TQQQ,122826.06618843488,0.0,1.3531529903411865,False
2014-06-17,172307.56116334855,TQQQ,122826.06618843488,0.0,1.3531529903411865,False
2014-06-18,175445.34349674423,TQQQ,122826.06618843488,0.0,1.3531529903411865,False
2014-06-19,174764.2851325092,TQQQ,122826.06618843488,0.0,1.3531529903411865,False
2014-06-20,175396.7613139061,TQQQ,122826.06618843488,0.0,1.3531529903411865,False
2014-06-23,175591.25110734752,TQQQ,122826.06618843488,0.0,1.3531529903411865,False
2014-06-24,175104.85824065097,TQQQ,122826.06618843488,0.0,1.3531529903411865,False
2014-06-25,178320.90210728042,TQQQ,122826.06618843488,0.0,1.3531529903411865,False
2014-06-26,178807.48532008214,TQQQ,122826.06618843488,0.0,1.3531529903411865,False
2014-06-27,180583.355913121,TQQQ,122826.06618843488,0.0,1.3531529903411865,False
2014-06-30,181921.4158223014,TQQQ,122826.06618843488,0.0,1.3531529903411865,False
2014-07-01,188027.61638153144,TQQQ,122826.06618843488,0.0,1.4811303615570068,False
2014-07-02,188757.41799069356,TQQQ,122826.06618843488,0.0,1.4811303615570068,False
2014-07-03,192382.29600717404,TQQQ,122826.06618843488,0.0,1.4811303615570068,False
2014-07-07,190533.40571979713,TQQQ,122826.06618843488,0.0,1.4811303615570068,False
2014-07-08,183891.98119689492,TQQQ,122826.06618843488,0.0,1.4811303615570068,False
2014-07-09,188051.98068299095,TQQQ,122826.06618843488,0.0,1.4811303615570068,False
2014-07-10,186276.02223790355,TQQQ,122826.06618843488,0.0,1.4811303615570068,False
2014-07-11,189511.6424693475,TQQQ,122826.06618843488,0.0,1.4811303615570068,False
2014-07-14,193136.33013972285,TQQQ,122826.06618843488,0.0,1.4811303615570068,False
2014-07-15,191117.24115032356,TQQQ,122826.06618843488,0.0,1.4811303615570068,False
2014-07-16,193282.32560237468,TQQQ,122826.06618843488,0.0,1.4811303615570068,False
2014-07-17,185570.58493020094,TQQQ,122826.06618843488,0.0,1.4811303615570068,False
2014-07-18,194352.7881717271,TQQQ,122826.06618843488,0.0,1.4811303615570068,False
2014-07-21,193647.24836996786,TQQQ,122826.06618843488,0.0,1.4811303615570068,False
2014-07-22,197491.0536913897,TQQQ,122826.06618843488,0.0,1.4811303615570068,False
2014-07-23,201188.8635501597,TQQQ,122826.06618843488,0.0,1.4811303615570068,False
2014-07-24,200483.35303241663,TQQQ,122826.06618843488,0.0,1.4811303615570068,False
2014-07-25,198026.21908702952,TQQQ,122826.06618843488,0.0,1.4811303615570068,False
2014-07-28,198269.51069343035,TQQQ,122826.06618843488,0.0,1.4811303615570068,False
2014-07-29,197272.12638644833,TQQQ,122826.06618843488,0.0,1.4811303615570068,False
2014-07-30,199631.86169402982,TQQQ,122826.06618843488,0.0,1.4811303615570068,False
2014-07-31,187468.1159684483,TQQQ,122826.06618843488,0.0,1.4811303615570068,False
2014-08-01,185302.9290223406,TQQQ,122826.06618843488,0.0,1.5262893438339233,False
2014-08-04,189098.0350248596,TQQQ,122826.06618843488,0.0,1.5262893438339233,False
2014-08-05,184670.36498889513,TQQQ,122826.06618843488,0.0,1.5262893438339233,False
2014-08-06,184354.20010823713,TQQQ,122826.06618843488,0.0,1.5262893438339233,False
2014-08-07,182578.285589174,TQQQ,122826.06618843488,0.0,1.5262893438339233,False
2014-08-08,186470.65845142584,TQQQ,122826.06618843488,0.0,1.5262893438339233,False
2014-08-11,189852.15700945695,TQQQ,122826.06618843488,0.0,1.5262893438339233,False
2014-08-12,189414.27311555805,TQQQ,122826.06618843488,0.0,1.5262893438339233,False
2014-08-13,195569.2169197152,TQQQ,122826.06618843488,0.0,1.5262893438339233,False
2014-08-14,198585.778068145,TQQQ,122826.06618843488,0.0,1.5262893438339233,False
2014-08-15,201286.1596939087,TQQQ,122826.06618843488,0.0,1.5262893438339233,False
2014-08-18,206151.68433975588,TQQQ,122826.06618843488,0.0,1.5262893438339233,False
2014-08-19,209703.44016784168,TQQQ,122826.06618843488,0.0,1.5262893438339233,False
2014-08-20,209703.44016784168,TQQQ,122826.06618843488,0.0,1.5262893438339233,False
2014-08-21,210895.56318240263,TQQQ,122826.06618843488,0.0,1.5262893438339233,False
2014-08-22,211722.66093531376,TQQQ,122826.06618843488,0.0,1.5262893438339233,False
2014-08-25,214082.42552691142,TQQQ,122826.06618843488,0.0,1.5262893438339233,False
2014-08-26,214812.25642008972,TQQQ,122826.06618843488,0.0,1.5262893438339233,False
2014-08-27,214836.6207215492,TQQQ,122826.06618843488,0.0,1.5262893438339233,False
2014-08-28,213960.85293375142,TQQQ,122826.06618843488,0.0,1.5262893438339233,False
2014-08-29,216466.53977796048,TQQQ,122826.06618843488,0.0,1.5262893438339233,False
2014-09-02,218266.78931446694,TECL,74340.72572876028,0.0,2.93603253364563,False
2014-09-03,214737.68637359643,TECL,74340.72572876028,0.0,2.93603253364563,False
2014-09-04,213707.62617375096,TECL,74340.72572876028,0.0,2.93603253364563,False
2014-09-05,217642.02862921066,TECL,74340.72572876028,0.0,2.93603253364563,False
2014-09-08,218148.62200507932,TECL,74340.72572876028,0.0,2.93603253364563,False
2014-09-09,213690.7172772224,TECL,74340.72572876028,0.0,2.93603253364563,False
2014-09-10,218216.20441856288,TECL,74340.72572876028,0.0,2.93603253364563,False
2014-09-11,219195.55565303293,TECL,74340.72572876028,0.0,2.93603253364563,False
2014-09-12,215835.22264166427,TECL,74340.72572876028,0.0,2.93603253364563,False
2014-09-15,212255.46390804893,TECL,74340.72572876028,0.0,2.93603253364563,False
2014-09-16,216966.57670278917,TECL,74340.72572876028,0.0,2.93603253364563,False
2014-09-17,218334.38945216069,TECL,74340.72572876028,0.0,2.93603253364563,False
2014-09-18,222741.56749043197,TECL,74340.72572876028,0.0,2.93603253364563,False
2014-09-19,221289.36977630956,TECL,74340.72572876028,0.0,2.93603253364563,False
2014-09-22,216392.48953448795,TECL,74340.72572876028,0.0,2.93603253364563,False
2014-09-23,214957.16526847368,TECL,74340.72572876028,0.0,2.93603253364563,False
2014-09-24,218891.6031723538,TECL,74340.72572876028,0.0,2.93603253364563,False
2014-09-25,205315.40761148534,TECL,74340.72572876028,0.0,2.93603253364563,False
2014-09-26,211512.4827407745,TECL,74340.72572876028,0.0,2.93603253364563,False
2014-09-29,211090.36295070773,TECL,74340.72572876028,0.0,2.93603253364563,False
2014-09-30,213065.99204038654,TECL,74340.72572876028,0.0,2.93603253364563,False
2014-10-01,203153.95790209455,TECL,74340.72572876028,0.0,2.8660736083984375,False
2014-10-02,203153.95790209455,TECL,74340.72572876028,0.0,2.8660736083984375,False
2014-10-03,207780.72118050428,TECL,74340.72572876028,0.0,2.8660736083984375,False
2014-10-06,208017.09124769986,TECL,74340.72572876028,0.0,2.8660736083984375,False
2014-10-07,198409.00959008702,TECL,74340.72572876028,0.0,2.8660736083984375,False
2014-10-08,209249.75689431443,TECL,74340.72572876028,0.0,2.8660736083984375,False
2014-10-09,199152.00848157165,TECL,74340.72572876028,0.0,2.8660736083984375,False
2014-10-10,191759.3928363479,CASH,0.0,191759.3928363479,,False
2014-10-13,191759.3928363479,CASH,0.0,191759.3928363479,,False
2014-10-14,191759.3928363479,CASH,0.0,191759.3928363479,,False
2014-10-15,191759.3928363479,CASH,0.0,191759.3928363479,,False
2014-10-16,191759.3928363479,CASH,0.0,191759.3928363479,,False
2014-10-17,191759.3928363479,CASH,0.0,191759.3928363479,,False
2014-10-20,191759.3928363479,CASH,0.0,191759.3928363479,,False
2014-10-21,191759.3928363479,CASH,0.0,191759.3928363479,,False
2014-10-22,191759.3928363479,CASH,0.0,191759.3928363479,,False
2014-10-23,191759.3928363479,CASH,0.0,191759.3928363479,,False
2014-10-24,191759.3928363479,CASH,0.0,191759.3928363479,,False
2014-10-27,191759.3928363479,CASH,0.0,191759.3928363479,,False
2014-10-28,191759.3928363479,CASH,0.0,191759.3928363479,,False
2014-10-29,191759.3928363479,CASH,0.0,191759.3928363479,,False
2014-10-30,191759.3928363479,CASH,0.0,191759.3928363479,,False
2014-10-31,191759.3928363479,CASH,0.0,191759.3928363479,,False
2014-11-03,191759.3928363479,TQQQ,103935.99190258713,0.0,1.8449758291244507,False
2014-11-04,189721.40135693952,TQQQ,103935.99190258713,0.0,1.8449758291244507,False
2014-11-05,189700.83373158876,TQQQ,103935.99190258713,0.0,1.8449758291244507,False
2014-11-06,191327.07621963805,TQQQ,103935.99190258713,0.0,1.8449758291244507,False
2014-11-07,190853.5747916837,TQQQ,103935.99190258713,0.0,1.8449758291244507,False
2014-11-10,192809.2709894176,TQQQ,103935.99190258713,0.0,1.8449758291244507,False
2014-11-11,194641.46231396095,TQQQ,103935.99190258713,0.0,1.8449758291244507,False
2014-11-12,195711.95765292444,TQQQ,103935.99190258713,0.0,1.8449758291244507,False
2014-11-13,198223.4381701514,TQQQ,103935.99190258713,0.0,1.8449758291244507,False
2014-11-14,200055.5427637445,TQQQ,103935.99190258713,0.0,1.8449758291244507,False
2014-11-17,198182.24096877113,TQQQ,103935.99190258713,0.0,1.8449758291244507,False
2014-11-18,202628.86244851703,TQQQ,103935.99190258713,0.0,1.8449758291244507,False
2014-11-19,200055.5427637445,TQQQ,103935.99190258713,0.0,1.8449758291244507,False
2014-11-20,202711.1081696485,TQQQ,103935.99190258713,0.0,1.8449758291244507,False
2014-11-21,204172.8096548918,TQQQ,103935.99190258713,0.0,1.8449758291244507,False
2014-11-24,208784.14559934422,TQQQ,103935.99190258713,0.0,1.8449758291244507,False
2014-11-25,209463.4719624351,TQQQ,103935.99190258713,0.0,1.8449758291244507,False
2014-11-26,213745.30463665992,TQQQ,103935.99190258713,0.0,1.8449758291244507,False
2014-11-28,216936.2106380638,TQQQ,103935.99190258713,0.0,1.8449758291244507,False
2014-12-01,208928.2180978855,TECL,63278.3867496665,0.0,3.3017311096191406,False
2014-12-02,208525.80940033428,TECL,63278.3867496665,0.0,3.3017311096191406,False
2014-12-03,210710.50557563116,TECL,63278.3867496665,0.0,3.3017311096191406,False
2014-12-04,210997.9382043473,TECL,63278.3867496665,0.0,3.3017311096191406,False
2014-12-05,210236.14820044258,TECL,63278.3867496665,0.0,3.3017311096191406,False
2014-12-08,203969.5073900111,TECL,63278.3867496665,0.0,3.3017311096191406,False
2014-12-09,204256.90984524114,TECL,63278.3867496665,0.0,3.3017311096191406,False
2014-12-10,194670.0540566076,TECL,63278.3867496665,0.0,3.3017311096191406,False
2014-12-11,196926.60838908353,TECL,63278.3867496665,0.0,3.3017311096191406,False
2014-12-12,188035.39628809693,CASH,0.0,188035.39628809693,,False
2014-12-15,188035.39628809693,CASH,0.0,188035.39628809693,,False
2014-12-16,188035.39628809693,CASH,0.0,188035.39628809693,,False
2014-12-17,188035.39628809693,CASH,0.0,188035.39628809693,,False
2014-12-18,188035.39628809693,CASH,0.0,188035.39628809693,,False
2014-12-19,188035.39628809693,CASH,0.0,188035.39628809693,,False
2014-12-22,188035.39628809693,CASH,0.0,188035.39628809693,,False
2014-12-23,188035.39628809693,CASH,0.0,188035.39628809693,,False
2014-12-24,188035.39628809693,CASH,0.0,188035.39628809693,,False
2014-12-26,188035.39628809693,CASH,0.0,188035.39628809693,,False
2014-12-29,188035.39628809693,CASH,0.0,188035.39628809693,,False
2014-12-30,188035.39628809693,CASH,0.0,188035.39628809693,,False
2014-12-31,188035.39628809693,CASH,0.0,188035.39628809693,,False
2015-01-02,188035.39628809693,TECL,59637.87017666832,0.0,3.1529529094696045,False
2015-01-05,179555.46030952618,TECL,59637.87017666832,0.0,3.1529529094696045,False
2015-01-06,172863.60654055848,TECL,59637.87017666832,0.0,3.1529529094696045,False
2015-01-07,176792.05536058464,TECL,59637.87017666832,0.0,3.1529529094696045,False
2015-01-08,188076.0619882239,TECL,59637.87017666832,0.0,3.1529529094696045,False
2015-01-09,186301.50183485186,TECL,59637.87017666832,0.0,3.1529529094696045,False
2015-01-12,180381.7702735743,TECL,59637.87017666832,0.0,3.1529529094696045,False
2015-01-13,180178.61239825477,TECL,59637.87017666832,0.0,3.1529529094696045,False
2015-01-14,176724.27445411432,TECL,59637.87017666832,0.0,3.1529529094696045,False
2015-01-15,170357.575660847,TECL,59637.87017666832,0.0,3.1529529094696045,False
2015-01-16,169231.85665928727,CASH,0.0,169231.85665928727,,False
2015-01-20,169231.85665928727,CASH,0.0,169231.85665928727,,False
2015-01-21,169231.85665928727,CASH,0.0,169231.85665928727,,False
2015-01-22,169231.85665928727,CASH,0.0,169231.85665928727,,False
2015-01-23,169231.85665928727,CASH,0.0,169231.85665928727,,False
2015-01-26,169231.85665928727,CASH,0.0,169231.85665928727,,False
2015-01-27,169231.85665928727,CASH,0.0,169231.85665928727,,False
2015-01-28,169231.85665928727,CASH,0.0,169231.85665928727,,False
2015-01-29,169231.85665928727,CASH,0.0,169231.85665928727,,False
2015-01-30,169231.85665928727,CASH,0.0,169231.85665928727,,False
2015-02-02,169231.85665928727,TQQQ,91798.96684444982,0.0,1.8435050249099731,False
2015-02-03,173850.9097745805,TQQQ,91798.96684444982,0.0,1.8435050249099731,False
2015-02-04,173396.22703419975,TQQQ,91798.96684444982,0.0,1.8435050249099731,False
2015-02-05,177997.15806188388,TQQQ,91798.96684444982,0.0,1.8435050249099731,False
2015-02-06,174760.11110599776,TQQQ,91798.96684444982,0.0,1.8435050249099731,False
2015-02-09,172832.5491292135,TQQQ,91798.96684444982,0.0,1.8435050249099731,False
2015-02-10,181106.82512660458,TQQQ,91798.96684444982,0.0,1.8435050249099731,False
2015-02-11,183143.4917008905,TQQQ,91798.96684444982,0.0,1.8435050249099731,False
2015-02-12,189544.75802024815,TQQQ,91798.96684444982,0.0,1.8435050249099731,False
2015-02-13,194327.43520192502,TQQQ,91798.96684444982,0.0,1.8435050249099731,False
2015-02-17,194854.9017615619,TQQQ,91798.96684444982,0.0,1.8435050249099731,False
2015-02-18,195691.3630468815,TQQQ,91798.96684444982,0.0,1.8435050249099731,False
2015-02-19,198637.3622720601,TQQQ,91798.96684444982,0.0,1.8435050249099731,False
2015-02-20,202456.24205041042,TQQQ,91798.96684444982,0.0,1.8435050249099731,False
2015-02-23,203256.48104709107,TQQQ,91798.96684444982,0.0,1.8435050249099731,False
2015-02-24,203674.68980317164,TQQQ,91798.96684444982,0.0,1.8435050249099731,False
2015-02-25,202037.96763459215,TQQQ,91798.96684444982,0.0,1.8435050249099731,False
2015-02-26,205111.34675093615,TQQQ,91798.96684444982,0.0,1.8435050249099731,False
2015-02-27,202401.74446810767,TQQQ,91798.96684444982,0.0,1.8435050249099731,False
2015-03-02,207857.28075529978,TECL,57445.07169170843,0.0,3.61836576461792,False
2015-03-03,203407.89760368704,TECL,57445.07169170843,0.0,3.61836576461792,False
2015-03-04,200563.4221902607,TECL,57445.07169170843,0.0,3.61836576461792,False
2015-03-05,200041.4412913286,TECL,57445.07169170843,0.0,3.61836576461792,False
2015-03-06,192747.55533434477,TECL,57445.07169170843,0.0,3.61836576461792,False
2015-03-09,195370.19708330842,TECL,57445.07169170843,0.0,3.61836576461792,False
2015-03-10,187071.5526797698,CASH,0.0,187071.5526797698,,False
2015-03-11,187071.5526797698,CASH,0.0,187071.5526797698,,False
2015-03-12,187071.5526797698,CASH,0.0,187071.5526797698,,False
2015-03-13,187071.5526797698,CASH,0.0,187071.5526797698,,False
2015-03-16,187071.5526797698,CASH,0.0,187071.5526797698,,False
2015-03-17,187071.5526797698,CASH,0.0,187071.5526797698,,False
2015-03-18,187071.5526797698,CASH,0.0,187071.5526797698,,False
2015-03-19,187071.5526797698,CASH,0.0,187071.5526797698,,False
2015-03-20,187071.5526797698,CASH,0.0,187071.5526797698,,False
2015-03-23,187071.5526797698,CASH,0.0,187071.5526797698,,False
2015-03-24,187071.5526797698,CASH,0.0,187071.5526797698,,False
2015-03-25,187071.5526797698,CASH,0.0,187071.5526797698,,False
2015-03-26,187071.5526797698,CASH,0.0,187071.5526797698,,False
2015-03-27,187071.5526797698,CASH,0.0,187071.5526797698,,False
2015-03-30,187071.5526797698,CASH,0.0,187071.5526797698,,False
2015-03-31,187071.5526797698,CASH,0.0,187071.5526797698,,False
2015-04-01,187071.5526797698,TQQQ,93258.44484874872,0.0,2.0059475898742676,False
2015-04-02,187385.68234438714,TQQQ,93258.44484874872,0.0,2.0059475898742676,False
2015-04-06,191893.8699349273,TQQQ,93258.44484874872,0.0,2.0059475898742676,False
2015-04-07,191007.04507130454,TQQQ,93258.44484874872,0.0,2.0059475898742676,False
2015-04-08,195552.14200805538,TQQQ,93258.44484874872,0.0,2.0059475898742676,False
2015-04-09,199191.98164262404,TQQQ,93258.44484874872,0.0,2.0059475898742676,False
2015-04-10,201575.41379145294,TQQQ,93258.44484874872,0.0,2.0059475898742676,False
2015-04-13,200078.89544443044,TQQQ,93258.44484874872,0.0,2.0059475898742676,False
2015-04-14,198360.54303286326,TQQQ,93258.44484874872,0.0,2.0059475898742676,False
2015-04-15,201871.02207932717,TQQQ,93258.44484874872,0.0,2.0059475898742676,False
2015-04-16,201168.85511948747,TQQQ,93258.44484874872,0.0,2.0059475898742676,False
2015-04-17,191764.53158136847,TQQQ,93258.44484874872,0.0,2.0059475898742676,False
2015-04-20,200337.50544791034,TQQQ,93258.44484874872,0.0,2.0059475898742676,False
2015-04-21,202905.70667325184,TQQQ,93258.44484874872,0.0,2.0059475898742676,False
2015-04-22,206194.44059335472,TQQQ,93258.44484874872,0.0,2.0059475898742676,False
2015-04-23,208670.30174953173,TQQQ,93258.44484874872,0.0,2.0059475898742676,False
2015-04-24,216836.76141319997,TQQQ,93258.44484874872,0.0,2.0059475898742676,False
2015-04-27,215450.97110480958,TQQQ,93258.44484874872,0.0,2.0059475898742676,False
2015-04-28,214046.85953058928,TQQQ,93258.44484874872,0.0,2.0059475898742676,False
2015-04-29,209963.5963469363,TQQQ,93258.44484874872,0.0,2.0059475898742676,False
2015-04-30,200097.23894480622,TQQQ,93258.44484874872,0.0,2.0059475898742676,False
2015-05-01,208189.9243851449,TECL,59175.18236567618,0.0,3.5181965827941895,False
2015-05-04,208646.9398237901,TECL,59175.18236567618,0.0,3.5181965827941895,False
2015-05-05,199238.16111040564,TECL,59175.18236567618,0.0,3.5181965827941895,False
2015-05-06,194789.0996610045,TECL,59175.18236567618,0.0,3.5181965827941895,False
2015-05-07,198377.91169368124,TECL,59175.18236567618,0.0,3.5181965827941895,False
2015-05-08,206361.98960673015,TECL,59175.18236567618,0.0,3.5181965827941895,False
2015-05-11,203270.51499966026,TECL,59175.18236567618,0.0,3.5181965827941895,False
2015-05-12,200353.77370557838,TECL,59175.18236567618,0.0,3.5181965827941895,False
2015-05-13,203230.17890423574,TECL,59175.18236567618,0.0,3.5181965827941895,False
2015-05-14,212840.56755242837,TECL,59175.18236567618,0.0,3.5181965827941895,False
2015-05-15,210609.34236208285,TECL,59175.18236567618,0.0,3.5181965827941895,False
2015-05-18,213311.02835621507,TECL,59175.18236567618,0.0,3.5181965827941895,False
2015-05-19,211509.87144038017,TECL,59175.18236567618,0.0,3.5181965827941895,False
2015-05-20,212692.75318664915,TECL,59175.18236567618,0.0,3.5181965827941895,False
2015-05-21,214843.3344030714,TECL,59175.18236567618,0.0,3.5181965827941895,False
2015-05-22,214681.99002137332,TECL,59175.18236567618,0.0,3.5181965827941895,False
2015-05-26,206133.488941639,TECL,59175.18236567618,0.0,3.5181965827941895,False
2015-05-27,216187.44766333533,TECL,59175.18236567618,0.0,3.5181965827941895,False
2015-05-28,215811.10441553916,TECL,59175.18236567618,0.0,3.5181965827941895,False
2015-05-29,211294.8443573563,TECL,59175.18236567618,0.0,3.5181965827941895,False
2015-06-01,212638.9576176202,TECL,59175.18236567618,0.0,3.570666551589966,False
2015-06-02,211348.65403484815,TECL,59175.18236567618,0.0,3.570666551589966,False
2015-06-03,212638.9576176202,TECL,59175.18236567618,0.0,3.570666551589966,False
2015-06-04,206993.6819245118,TECL,59175.18236567618,0.0,3.570666551589966,False
2015-06-05,204896.88216865557,TECL,59175.18236567618,0.0,3.570666551589966,False
2015-06-08,198283.82235461648,TECL,59175.18236567618,0.0,3.570666551589966,False
2015-06-09,196993.4623379928,TECL,59175.18236567618,0.0,3.570666551589966,False
2015-06-10,205327.00687701776,TECL,59175.18236567618,0.0,3.570666551589966,False
2015-06-11,205972.1586684038,TECL,59175.18236567618,0.0,3.570666551589966,False
2015-06-12,200649.50119637707,TECL,59175.18236567618,0.0,3.570666551589966,False
2015-06-15,197047.25790702173,TECL,59175.18236567618,0.0,3.570666551589966,False
2015-06-16,200273.14384011802,TECL,59175.18236567618,0.0,3.570666551589966,False
2015-06-17,201509.70828771277,TECL,59175.18236567618,0.0,3.570666551589966,False
2015-06-18,206025.92602050694,TECL,59175.18236567618,0.0,3.570666551589966,False
2015-06-19,201832.28418340578,TECL,59175.18236567618,0.0,3.570666551589966,False
2015-06-22,205649.59688117367,TECL,59175.18236567618,0.0,3.570666551589966,False
2015-06-23,206671.13424574456,TECL,59175.18236567618,0.0,3.570666551589966,False
2015-06-24,203875.34480408469,TECL,59175.18236567618,0.0,3.570666551589966,False
2015-06-25,202477.46419171762,TECL,59175.18236567618,0.0,3.570666551589966,False
2015-06-26,197477.32618153235,TECL,59175.18236567618,0.0,3.570666551589966,False
2015-06-29,190165.3599216207,CASH,0.0,190165.3599216207,,False
2015-06-30,190165.3599216207,CASH,0.0,190165.3599216207,,False
2015-07-01,190165.3599216207,TECL,59511.67320114558,0.0,3.195429563522339,False
2015-07-02,190327.50825453666,TECL,59511.67320114558,0.0,3.195429563522339,False
2015-07-06,188380.97625905136,TECL,59511.67320114558,0.0,3.195429563522339,False
2015-07-07,189083.8980792289,TECL,59511.67320114558,0.0,3.195429563522339,False
2015-07-08,179891.9406456212,TECL,59511.67320114558,0.0,3.195429563522339,False
2015-07-09,177783.20356246567,TECL,59511.67320114558,0.0,3.195429563522339,False
2015-07-10,186164.1213690338,TECL,59511.67320114558,0.0,3.195429563522339,False
2015-07-13,194653.11441639828,TECL,59511.67320114558,0.0,3.195429563522339,False
2015-07-14,196870.0260611701,TECL,59511.67320114558,0.0,3.195429563522339,False
2015-07-15,196978.14386803214,TECL,59511.67320114558,0.0,3.195429563522339,False
2015-07-16,204439.9042406986,TECL,59511.67320114558,0.0,3.195429563522339,False
2015-07-17,213523.68711269,TECL,59511.67320114558,0.0,3.195429563522339,False
2015-07-20,216605.71147662099,TECL,59511.67320114558,0.0,3.195429563522339,False
2015-07-21,213091.1307531104,TECL,59511.67320114558,0.0,3.195429563522339,False
2015-07-22,202763.70932843414,TECL,59511.67320114558,0.0,3.195429563522339,False
2015-07-23,201087.51441616964,TECL,59511.67320114558,0.0,3.195429563522339,False
2015-07-24,197951.4453374962,TECL,59511.67320114558,0.0,3.195429563522339,False
2015-07-27,192760.71226778682,TECL,59511.67320114558,0.0,3.195429563522339,False
2015-07-28,197735.1671577064,TECL,59511.67320114558,0.0,3.195429563522339,False
2015-07-29,201844.50932846678,TECL,59511.67320114558,0.0,3.195429563522339,False
2015-07-30,202601.4758633868,TECL,59511.67320114558,0.0,3.195429563522339,False
2015-07-31,200871.2220476913,TECL,59511.67320114558,0.0,3.195429563522339,False
2015-08-03,197735.1671577064,TQQQ,83548.15555893956,0.0,2.3667209148406982,False
2015-08-04,196460.60234752708,TQQQ,83548.15555893956,0.0,2.3667209148406982,False
2015-08-05,201062.25021571625,TQQQ,83548.15555893956,0.0,2.3667209148406982,False
2015-08-06,191412.1616075797,TQQQ,83548.15555893956,0.0,2.3667209148406982,False
2015-08-07,190650.72137949988,TQQQ,83548.15555893956,0.0,2.3667209148406982,False
2015-08-10,197089.61818811475,TQQQ,83548.15555893956,0.0,2.3667209148406982,False
2015-08-11,189574.89274772146,TQQQ,83548.15555893956,0.0,2.3667209148406982,False
2015-08-12,191246.57136491692,TQQQ,83548.15555893956,0.0,2.3667209148406982,False
2015-08-13,190385.9124433807,TQQQ,83548.15555893956,0.0,2.3667209148406982,False
2015-08-14,191412.1616075797,TQQQ,83548.15555893956,0.0,2.3667209148406982,False
2015-08-17,196113.00824979277,TQQQ,83548.15555893956,0.0,2.3667209148406982,False
2015-08-18,192984.5617730211,TQQQ,83548.15555893956,0.0,2.3667209148406982,False
2015-08-19,189359.64335974914,TQQQ,83548.15555893956,0.0,2.3667209148406982,False
2015-08-20,177961.65044193578,CASH,0.0,177961.65044193578,,False
2015-08-21,177961.65044193578,CASH,0.0,177961.65044193578,,False
2015-08-24,177961.65044193578,CASH,0.0,177961.65044193578,,False
2015-08-25,177961.65044193578,CASH,0.0,177961.65044193578,,False
2015-08-26,177961.65044193578,CASH,0.0,177961.65044193578,,False
2015-08-27,177961.65044193578,CASH,0.0,177961.65044193578,,False
2015-08-28,177961.65044193578,CASH,0.0,177961.65044193578,,False
2015-08-31,177961.65044193578,CASH,0.0,177961.65044193578,,False
2015-09-01,177961.65044193578,IEF,2128.7070314958214,0.0,83.60081862316389,False
2015-09-02,177477.8947091344,IEF,2128.7070314958214,0.0,83.60081862316389,False
2015-09-03,177911.67452547705,IEF,2128.7070314958214,0.0,83.60081862316389,False
2015-09-04,178462.29413601846,IEF,2128.7070314958214,0.0,83.60081862316389,False
2015-09-08,177678.14235866195,IEF,2128.7070314958214,0.0,83.60081862316389,False
2015-09-09,177744.8751949953,IEF,2128.7070314958214,0.0,83.60081862316389,False
2015-09-10,177344.39627611605,IEF,2128.7070314958214,0.0,83.60081862316389,False
2015-09-11,177811.5097502737,IEF,2128.7070314958214,0.0,83.60081862316389,False
2015-09-14,177978.35822128292,IEF,2128.7070314958214,0.0,83.60081862316389,False
2015-09-15,176577.0669393374,IEF,2128.7070314958214,0.0,83.60081862316389,False
2015-09-16,176526.94360129617,IEF,2128.7070314958214,0.0,83.60081862316389,False
2015-09-17,177995.06600063003,IEF,2128.7070314958214,0.0,83.60081862316389,False
2015-09-18,178829.25921514857,IEF,2128.7070314958214,0.0,83.60081862316389,False
2015-09-21,177811.5097502737,IEF,2128.7070314958214,0.0,83.60081862316389,False
2015-09-22,178695.76078213024,IEF,2128.7070314958214,0.0,83.60081862316389,False
2015-09-23,178495.578653306,IEF,2128.7070314958214,0.0,83.60081862316389,False
2015-09-24,178762.47723828774,IEF,2128.7070314958214,0.0,83.60081862316389,False
2015-09-25,178295.41290465757,IEF,2128.7070314958214,0.0,83.60081862316389,False
2015-09-28,179313.0968488292,IEF,2128.7070314958214,0.0,83.60081862316389,False
2015-09-29,179930.3837750007,IEF,2128.7070314958214,0.0,83.60081862316389,False
2015-09-30,179963.7501931673,IEF,2128.7070314958214,0.0,83.60081862316389,False
2015-10-01,180104.0136388037,IEF,2128.7070314958214,0.0,84.54134248182972,False
2015-10-02,180972.90006573126,IEF,2128.7070314958214,0.0,84.54134248182972,False
2015-10-05,179970.43330490615,IEF,2128.7070314958214,0.0,84.54134248182972,False
2015-10-06,180338.02083071787,IEF,2128.7070314958214,0.0,84.54134248182972,False
2015-10-07,179886.79612711575,IEF,2128.7070314958214,0.0,84.54134248182972,False
2015-10-08,179419.10934680403,IEF,2128.7070314958214,0.0,84.54134248182972,False
2015-10-09,179519.29050218323,IEF,2128.7070314958214,0.0,84.54134248182972,False
2015-10-12,180120.83607938158,IEF,2128.7070314958214,0.0,84.54134248182972,False
2015-10-13,180287.84835214913,IEF,2128.7070314958214,0.0,84.54134248182972,False
2015-10-14,181273.70561468214,IEF,2128.7070314958214,0.0,84.54134248182972,False
2015-10-15,180655.40311760912,IEF,2128.7070314958214,0.0,84.54134248182972,False
2015-10-16,180505.04948366122,IEF,2128.7070314958214,0.0,84.54134248182972,False
2015-10-19,180421.54334727745,IEF,2128.7070314958214,0.0,84.54134248182972,False
2015-10-20,179803.22447002862,IEF,2128.7070314958214,0.0,84.54134248182972,False
2015-10-21,180421.54334727745,IEF,2128.7070314958214,0.0,84.54134248182972,False
2015-10-22,180605.2961597437,IEF,2128.7070314958214,0.0,84.54134248182972,False
2015-10-23,179586.1052393957,IEF,2128.7070314958214,0.0,84.54134248182972,False
2015-10-26,180053.98858181742,IEF,2128.7070314958214,0.0,84.54134248182972,False
2015-10-27,180505.04948366122,IEF,2128.7070314958214,0.0,84.54134248182972,False
2015-10-28,179569.39746004864,IEF,2128.7070314958214,0.0,84.54134248182972,False
2015-10-29,178466.58574208603,IEF,2128.7070314958214,0.0,84.54134248182972,False
2015-10-30,178817.531009254,IEF,2128.7070314958214,0.0,84.54134248182972,False
2015-11-02,178303.75041415528,TQQQ,72737.93849723648,0.0,2.451317071914673,False
2015-11-03,180004.29703907817,TQQQ,72737.93849723648,0.0,2.451317071914673,False
2015-11-04,180076.28399631876,TQQQ,72737.93849723648,0.0,2.451317071914673,False
2015-11-05,178491.16622887438,TQQQ,72737.93849723648,0.0,2.451317071914673,False
2015-11-06,179081.95873003438,TQQQ,72737.93849723648,0.0,2.451317071914673,False
2015-11-09,173317.67813347274,TQQQ,72737.93849723648,0.0,2.451317071914673,False
2015-11-10,172092.8073095983,TQQQ,72737.93849723648,0.0,2.451317071914673,False
2015-11-11,171328.95823260024,TQQQ,72737.93849723648,0.0,2.451317071914673,False
2015-11-12,166357.27987495062,TQQQ,72737.93849723648,0.0,2.451317071914673,False
2015-11-13,160473.37537273974,CASH,0.0,160473.37537273974,,False
2015-11-16,160473.37537273974,CASH,0.0,160473.37537273974,,False
2015-11-17,160473.37537273974,CASH,0.0,160473.37537273974,,False
2015-11-18,160473.37537273974,CASH,0.0,160473.37537273974,,False
2015-11-19,160473.37537273974,CASH,0.0,160473.37537273974,,False
2015-11-20,160473.37537273974,CASH,0.0,160473.37537273974,,False
2015-11-23,160473.37537273974,CASH,0.0,160473.37537273974,,False
2015-11-24,160473.37537273974,CASH,0.0,160473.37537273974,,False
2015-11-25,160473.37537273974,CASH,0.0,160473.37537273974,,False
2015-11-27,160473.37537273974,CASH,0.0,160473.37537273974,,False
2015-11-30,160473.37537273974,CASH,0.0,160473.37537273974,,False
2015-12-01,160473.37537273974,TQQQ,64892.45238492391,0.0,2.4729127883911133,False
2015-12-02,157554.95835150796,TQQQ,64892.45238492391,0.0,2.4729127883911133,False
2015-12-03,149519.70756834475,TQQQ,64892.45238492391,0.0,2.4729127883911133,False
2015-12-04,159791.9611785399,TQQQ,64892.45238492391,0.0,2.4729127883911133,False
2015-12-07,157837.74764019367,TQQQ,64892.45238492391,0.0,2.4729127883911133,False
2015-12-08,157850.71281274638,TQQQ,64892.45238492391,0.0,2.4729127883911133,False
2015-12-09,150496.84528065045,TQQQ,64892.45238492391,0.0,2.4729127883911133,False
2015-12-10,152630.9467202741,TQQQ,64892.45238492391,0.0,2.4729127883911133,False
2015-12-11,144426.03783546577,CASH,0.0,144426.03783546577,,False
2015-12-14,144426.03783546577,CASH,0.0,144426.03783546577,,False
2015-12-15,144426.03783546577,CASH,0.0,144426.03783546577,,False
2015-12-16,144426.03783546577,CASH,0.0,144426.03783546577,,False
2015-12-17,144426.03783546577,CASH,0.0,144426.03783546577,,False
2015-12-18,144426.03783546577,CASH,0.0,144426.03783546577,,False
2015-12-21,144426.03783546577,CASH,0.0,144426.03783546577,,False
2015-12-22,144426.03783546577,CASH,0.0,144426.03783546577,,False
2015-12-23,144426.03783546577,CASH,0.0,144426.03783546577,,False
2015-12-24,144426.03783546577,CASH,0.0,144426.03783546577,,False
2015-12-28,144426.03783546577,CASH,0.0,144426.03783546577,,False
2015-12-29,144426.03783546577,CASH,0.0,144426.03783546577,,False
2015-12-30,144426.03783546577,CASH,0.0,144426.03783546577,,False
2015-12-31,144426.03783546577,CASH,0.0,144426.03783546577,,False
2016-01-04,144426.03783546577,TECL,45547.37244944159,0.0,3.1708972454071045,False
2016-01-05,143060.41069691026,TECL,45547.37244944159,0.0,3.1708972454071045,False
2016-01-06,138218.6328662081,TECL,45547.37244944159,0.0,3.1708972454071045,False
2016-01-07,129983.4340519192,CASH,0.0,129983.4340519192,,False
2016-01-08,129983.4340519192,CASH,0.0,129983.4340519192,,False
2016-01-11,129983.4340519192,CASH,0.0,129983.4340519192,,False
2016-01-12,129983.4340519192,CASH,0.0,129983.4340519192,,False
2016-01-13,129983.4340519192,CASH,0.0,129983.4340519192,,False
2016-01-14,129983.4340519192,CASH,0.0,129983.4340519192,,False
2016-01-15,129983.4340519192,CASH,0.0,129983.4340519192,,False
2016-01-19,129983.4340519192,CASH,0.0,129983.4340519192,,False
2016-01-20,129983.4340519192,CASH,0.0,129983.4340519192,,False
2016-01-21,129983.4340519192,CASH,0.0,129983.4340519192,,False
2016-01-22,129983.4340519192,CASH,0.0,129983.4340519192,,False
2016-01-25,129983.4340519192,CASH,0.0,129983.4340519192,,False
2016-01-26,129983.4340519192,CASH,0.0,129983.4340519192,,False
2016-01-27,129983.4340519192,CASH,0.0,129983.4340519192,,False
2016-01-28,129983.4340519192,CASH,0.0,129983.4340519192,,False
2016-01-29,129983.4340519192,CASH,0.0,129983.4340519192,,False
2016-02-01,129983.4340519192,SHY,1875.6774670449338,0.0,69.29945917445161,False
2016-02-02,130152.04804611196,SHY,1875.6774670449338,0.0,69.29945917445161,False
2016-02-03,130182.71956962331,SHY,1875.6774670449338,0.0,69.29945917445161,False
2016-02-04,130213.39109313462,SHY,1875.6774670449338,0.0,69.29945917445161,False
2016-02-05,130182.71956962331,SHY,1875.6774670449338,0.0,69.29945917445161,False
2016-02-08,130335.9039832826,SHY,1875.6774670449338,0.0,69.29945917445161,False
2016-02-09,130289.93278216086,SHY,1875.6774670449338,0.0,69.29945917445161,False
2016-02-10,130289.93278216086,SHY,1875.6774670449338,0.0,69.29945917445161,False
2016-02-11,130412.50340694128,SHY,1875.6774670449338,0.0,69.29945917445161,False
2016-02-12,130259.29012596574,SHY,1875.6774670449338,0.0,69.29945917445161,False
2016-02-16,130182.71956962331,SHY,1875.6774670449338,0.0,69.29945917445161,False
2016-02-17,130213.39109313462,SHY,1875.6774670449338,0.0,69.29945917445161,False
2016-02-18,130320.60430567223,SHY,1875.6774670449338,0.0,69.29945917445161,False
2016-02-19,130197.9903799174,SHY,1875.6774670449338,0.0,69.29945917445161,False
2016-02-22,130213.39109313462,SHY,1875.6774670449338,0.0,69.29945917445161,False
2016-02-23,130228.69077074499,SHY,1875.6774670449338,0.0,69.29945917445161,False
2016-02-24,130259.29012596574,SHY,1875.6774670449338,0.0,69.29945917445161,False
2016-02-25,130289.93278216086,SHY,1875.6774670449338,0.0,69.29945917445161,False
2016-02-26,130121.28992065185,SHY,1875.6774670449338,0.0,69.29945917445161,False
2016-02-29,130197.9903799174,SHY,1875.6774670449338,0.0,69.29945917445161,False
2016-03-01,130024.71431415093,GLD,1104.056364272691,0.0,117.7699966430664,False
2016-03-02,131029.40964881424,GLD,1104.056364272691,0.0,117.7699966430664,False
2016-03-03,133292.72856488588,GLD,1104.056364272691,0.0,117.7699966430664,False
2016-03-04,133082.95516022397,GLD,1104.056364272691,0.0,117.7699966430664,False
2016-03-07,133745.38729413127,GLD,1104.056364272691,0.0,117.7699966430664,False
2016-03-08,133127.11842558868,GLD,1104.056364272691,0.0,117.7699966430664,False
2016-03-09,132023.06206131598,GLD,1104.056364272691,0.0,117.7699966430664,False
2016-03-10,134142.84825913198,GLD,1104.056364272691,0.0,117.7699966430664,False
2016-03-11,131835.3745009772,GLD,1104.056364272691,0.0,117.7699966430664,False
2016-03-14,130135.12668920348,GLD,1104.056364272691,0.0,117.7699966430664,False
2016-03-15,130234.48771881284,GLD,1104.056364272691,0.0,117.7699966430664,False
2016-03-16,133138.15292446865,GLD,1104.056364272691,0.0,117.7699966430664,False
2016-03-17,132630.288007697,GLD,1104.056364272691,0.0,117.7699966430664,False
2016-03-18,132265.95580918103,GLD,1104.056364272691,0.0,117.7699966430664,False
2016-03-21,131338.54408308555,GLD,1104.056364272691,0.0,117.7699966430664,False
2016-03-22,131724.96212592468,GLD,1104.056364272691,0.0,117.7699966430664,False
2016-03-23,128744.01331170104,GLD,1104.056364272691,0.0,117.7699966430664,False
2016-03-24,128434.87887742974,GLD,1104.056364272691,0.0,117.7699966430664,False
2016-03-28,128732.97038953946,GLD,1104.056364272691,0.0,117.7699966430664,False
2016-03-29,131117.73617954363,GLD,1104.056364272691,0.0,117.7699966430664,False
2016-03-30,129284.99857167581,GLD,1104.056364272691,0.0,117.7699966430664,False
2016-03-31,129881.19001917685,GLD,1104.056364272691,0.0,117.7699966430664,False
2016-04-01,129097.31101133703,TQQQ,61583.70461252163,0.0,2.096290111541748,False
2016-04-04,127498.90831204939,TQQQ,61583.70461252163,0.0,2.096290111541748,False
2016-04-05,124070.55674473206,TQQQ,61583.70461252163,0.0,2.096290111541748,False
2016-04-06,130012.35151749894,TQQQ,61583.70461252163,0.0,2.096290111541748,False
2016-04-07,124399.97778733807,TQQQ,61583.70461252163,0.0,2.096290111541748,False
2016-04-08,124107.16071421043,TQQQ,61583.70461252163,0.0,2.096290111541748,False
2016-04-11,122777.21648982956,TQQQ,61583.70461252163,0.0,2.096290111541748,False
2016-04-12,125644.40997070729,TQQQ,61583.70461252163,0.0,2.096290111541748,False
2016-04-13,130549.19505381573,TQQQ,61583.70461252163,0.0,2.096290111541748,False
2016-04-14,130634.60431593194,TQQQ,61583.70461252163,0.0,2.096290111541748,False
2016-04-15,129634.15454765382,TQQQ,61583.70461252163,0.0,2.096290111541748,False
2016-04-18,131549.64482209386,TQQQ,61583.70461252163,0.0,2.096290111541748,False
2016-04-19,129280.31617602955,TQQQ,61583.70461252163,0.0,2.096290111541748,False
2016-04-20,129597.56526087479,TQQQ,61583.70461252163,0.0,2.096290111541748,False
2016-04-21,129634.15454765382,TQQQ,61583.70461252163,0.0,2.096290111541748,False
2016-04-22,123765.52366574563,TQQQ,61583.70461252163,0.0,2.096290111541748,False
2016-04-25,123667.92776316931,TQQQ,61583.70461252163,0.0,2.096290111541748,False
2016-04-26,121971.95852670405,TQQQ,61583.70461252163,0.0,2.096290111541748,False
2016-04-27,116187.57991020333,CASH,0.0,116187.57991020333,,False
2016-04-28,116187.57991020333,CASH,0.0,116187.57991020333,,False
2016-04-29,116187.57991020333,CASH,0.0,116187.57991020333,,False
2016-05-02,116187.57991020333,GLD,942.7749263566038,0.0,123.23999786376953,False
2016-05-03,115923.60408167179,GLD,942.7749263566038,0.0,123.23999786376953,False
2016-05-04,115216.52288690433,GLD,942.7749263566038,0.0,123.23999786376953,False
2016-05-05,115084.53497263856,GLD,942.7749263566038,0.0,123.23999786376953,False
2016-05-06,116131.01571631854,GLD,942.7749263566038,0.0,123.23999786376953,False
2016-05-09,113745.79630348463,GLD,942.7749263566038,0.0,123.23999786376953,False
2016-05-10,114056.91375545475,GLD,942.7749263566038,0.0,123.23999786376953,False
2016-05-11,115131.67659607713,GLD,942.7749263566038,0.0,123.23999786376953,False
2016-05-12,114226.61352991102,GLD,942.7749263566038,0.0,123.23999786376953,False
2016-05-13,114745.13542372602,GLD,942.7749263566038,0.0,123.23999786376953,False
2016-05-16,114829.98890735509,GLD,942.7749263566038,0.0,123.23999786376953,False
2016-05-17,115225.95265015242,GLD,942.7749263566038,0.0,123.23999786376953,False
2016-05-18,113227.26721686775,GLD,942.7749263566038,0.0,123.23999786376953,False
2016-05-19,113010.43301177477,GLD,942.7749263566038,0.0,123.23999786376953,False
2016-05-20,112859.58557101282,GLD,942.7749263566038,0.0,123.23999786376953,False
2016-05-23,112539.04554859648,GLD,942.7749263566038,0.0,123.23999786376953,False
2016-05-24,110587.50173875038,GLD,942.7749263566038,0.0,123.23999786376953,False
2016-05-25,110285.81405002833,GLD,942.7749263566038,0.0,123.23999786376953,False
2016-05-26,109908.70264092532,GLD,942.7749263566038,0.0,123.23999786376953,False
2016-05-27,109003.6395747592,GLD,942.7749263566038,0.0,123.23999786376953,False
2016-05-31,109418.45565125084,GLD,942.7749263566038,0.0,123.23999786376953,False
2016-06-01,109305.32726348125,GLD,942.7749263566038,0.0,116.05999755859375,False
2016-06-02,109050.77400539591,GLD,942.7749263566038,0.0,116.05999755859375,False
2016-06-03,112077.0806558644,GLD,942.7749263566038,0.0,116.05999755859375,False
2016-06-06,112114.79251605488,GLD,942.7749263566038,0.0,116.05999755859375,False
2016-06-07,112020.5164619796,GLD,942.7749263566038,0.0,116.05999755859375,False
2016-06-08,113679.80234635173,GLD,942.7749263566038,0.0,116.05999755859375,False
2016-06-09,114311.45982073821,GLD,942.7749263566038,0.0,116.05999755859375,False
2016-06-10,114773.41752066843,GLD,942.7749263566038,0.0,116.05999755859375,False
2016-06-13,115621.91639294974,GLD,942.7749263566038,0.0,116.05999755859375,False
2016-06-14,115744.47454396743,GLD,942.7749263566038,0.0,116.05999755859375,False
2016-06-15,116602.40317949683,GLD,942.7749263566038,0.0,116.05999755859375,False
2016-06-16,115376.7928981125,GLD,942.7749263566038,0.0,116.05999755859375,False
2016-06-17,116856.94924478029,GLD,942.7749263566038,0.0,116.05999755859375,False
2016-06-20,116159.29781326093,GLD,942.7749263566038,0.0,116.05999755859375,False
2016-06-21,113924.91864838712,GLD,942.7749263566038,0.0,116.05999755859375,False
2016-06-22,113981.49003507377,GLD,942.7749263566038,0.0,116.05999755859375,False
2016-06-23,113236.69698011584,GLD,942.7749263566038,0.0,116.05999755859375,False
2016-06-24,118789.64072093208,GLD,942.7749263566038,0.0,116.05999755859375,False
2016-06-27,119430.72795856665,GLD,942.7749263566038,0.0,116.05999755859375,False
2016-06-28,118148.55348329751,GLD,942.7749263566038,0.0,116.05999755859375,False
2016-06-29,118638.79328017012,GLD,942.7749263566038,0.0,116.05999755859375,False
2016-06-30,119232.74608716798,GLD,942.7749263566038,0.0,116.05999755859375,False
2016-07-01,121061.7317459964,SHY,1732.0450002945788,0.0,69.89525775912678,False
2016-07-05,121118.45733887696,SHY,1732.0450002945788,0.0,69.89525775912678,False
2016-07-06,121061.7317459964,SHY,1732.0450002945788,0.0,69.89525775912678,False
2016-07-07,121004.95283958869,SHY,1732.0450002945788,0.0,69.89525775912678,False
2016-07-08,121004.95283958869,SHY,1732.0450002945788,0.0,69.89525775912678,False
2016-07-11,120877.20030017136,SHY,1732.0450002945788,0.0,69.89525775912678,False
2016-07-12,120834.6427771291,SHY,1732.0450002945788,0.0,69.89525775912678,False
2016-07-13,120863.05888709654,SHY,1732.0450002945788,0.0,69.89525775912678,False
2016-07-14,120792.04526894155,SHY,1732.0450002945788,0.0,69.89525775912678,False
2016-07-15,120735.27969091565,SHY,1732.0450002945788,0.0,69.89525775912678,False
2016-07-18,120806.23999554348,SHY,1732.0450002945788,0.0,69.89525775912678,False
2016-07-19,120820.42139376365,SHY,1732.0450002945788,0.0,69.89525775912678,False
2016-07-20,120763.65581573771,SHY,1732.0450002945788,0.0,69.89525775912678,False
2016-07-21,120848.78419020392,SHY,1732.0450002945788,0.0,69.89525775912678,False
2016-07-22,120806.23999554348,SHY,1732.0450002945788,0.0,69.89525775912678,False
2016-07-25,120721.01832240477,SHY,1732.0450002945788,0.0,69.89525775912678,False
2016-07-26,120735.27969091565,SHY,1732.0450002945788,0.0,69.89525775912678,False
2016-07-27,120820.42139376365,SHY,1732.0450002945788,0.0,69.89525775912678,False
2016-07-28,120806.23999554348,SHY,1732.0450002945788,0.0,69.89525775912678,False
2016-07-29,120962.31534625574,SHY,1732.0450002945788,0.0,69.89525775912678,False
2016-08-01,120921.11731815571,TQQQ,50921.75089924923,0.0,2.374645709991455,False
2016-08-02,118197.19535231625,TQQQ,50921.75089924923,0.0,2.374645709991455,False
2016-08-03,119317.06487648467,TQQQ,50921.75089924923,0.0,2.374645709991455,False
2016-08-04,120386.41698334337,TQQQ,50921.75089924923,0.0,2.374645709991455,False
2016-08-05,123867.01968728538,TQQQ,50921.75089924923,0.0,2.374645709991455,False
2016-08-08,123473.55201663163,TQQQ,50921.75089924923,0.0,2.374645709991455,False
2016-08-09,124290.69339837812,TQQQ,50921.75089924923,0.0,2.374645709991455,False
2016-08-10,123332.28293039856,TQQQ,50921.75089924923,0.0,2.374645709991455,False
2016-08-11,124926.30716089494,TQQQ,50921.75089924923,0.0,2.374645709991455,False
2016-08-12,125158.27935328537,TQQQ,50921.75089924923,0.0,2.374645709991455,False
2016-08-15,126732.10147313445,TQQQ,50921.75089924923,0.0,2.374645709991455,False
2016-08-16,124734.58136080964,TQQQ,50921.75089924923,0.0,2.374645709991455,False
2016-08-17,125319.73840947422,TQQQ,50921.75089924923,0.0,2.374645709991455,False
2016-08-18,125440.80538505998,TQQQ,50921.75089924923,0.0,2.374645709991455,False
2016-08-19,125269.29383631347,TQQQ,50921.75089924923,0.0,2.374645709991455,False
2016-08-22,125390.33653051626,TQQQ,50921.75089924923,0.0,2.374645709991455,False
2016-08-23,126136.92835398669,TQQQ,50921.75089924923,0.0,2.374645709991455,False
2016-08-24,123705.53634971355,TQQQ,50921.75089924923,0.0,2.374645709991455,False
2016-08-25,123120.42786381496,TQQQ,50921.75089924923,0.0,2.374645709991455,False
2016-08-26,123715.66168642018,TQQQ,50921.75089924923,0.0,2.374645709991455,False
2016-08-29,124058.66050253023,TQQQ,50921.75089924923,0.0,2.374645709991455,False
2016-08-30,122938.79097836181,TQQQ,50921.75089924923,0.0,2.374645709991455,False
2016-08-31,122615.96999151607,TQQQ,50921.75089924923,0.0,2.374645709991455,False
2016-09-01,123160.77138165206,TQQQ,50921.75089924923,0.0,2.4079291820526123,False
2016-09-02,124603.42547059171,TQQQ,50921.75089924923,0.0,2.4079291820526123,False
2016-09-06,126913.66551443862,TQQQ,50921.75089924923,0.0,2.4079291820526123,False
2016-09-07,127145.7469730525,TQQQ,50921.75089924923,0.0,2.4079291820526123,False
2016-09-08,124966.63853804054,TQQQ,50921.75089924923,0.0,2.4079291820526123,False
2016-09-09,115493.49977850709,TQQQ,50921.75089924923,0.0,2.4079291820526123,False
2016-09-12,121415.48627582243,TQQQ,50921.75089924923,0.0,2.4079291820526123,False
2016-09-13,118550.31950513292,TQQQ,50921.75089924923,0.0,2.4079291820526123,False
2016-09-14,120073.64848905528,TQQQ,50921.75089924923,0.0,2.4079291820526123,False
2016-09-15,125642.54725562845,TQQQ,50921.75089924923,0.0,2.4079291820526123,False
2016-09-16,125501.30245077838,TQQQ,50921.75089924923,0.0,2.4079291820526123,False
2016-09-19,123856.84578781278,TQQQ,50921.75089924923,0.0,2.4079291820526123,False
2016-09-20,124542.90412349033,TQQQ,50921.75089924923,0.0,2.4079291820526123,False
2016-09-21,128164.69092882494,TQQQ,50921.75089924923,0.0,2.4079291820526123,False
2016-09-22,131161.01358973238,TQQQ,50921.75089924923,0.0,2.4079291820526123,False
2016-09-23,128800.29255065027,TQQQ,50921.75089924923,0.0,2.4079291820526123,False
2016-09-26,125602.19159709987,TQQQ,50921.75089924923,0.0,2.4079291820526123,False
2016-09-27,129163.50561809908,TQQQ,50921.75089924923,0.0,2.4079291820526123,False
2016-09-28,129869.64465750896,TQQQ,50921.75089924923,0.0,2.4079291820526123,False
2016-09-29,127115.48022915606,TQQQ,50921.75089924923,0.0,2.4079291820526123,False
2016-09-30,129728.3877119674,TQQQ,50921.75089924923,0.0,2.4079291820526123,False
2016-10-03,129435.84560970959,TQQQ,50921.75089924923,0.0,2.547602653503418,False
2016-10-04,128699.3548415628,TQQQ,50921.75089924923,0.0,2.547602653503418,False
2016-10-05,130041.16834694697,TQQQ,50921.75089924923,0.0,2.547602653503418,False
2016-10-06,129839.4021949955,TQQQ,50921.75089924923,0.0,2.547602653503418,False
2016-10-07,128991.94550658659,TQQQ,50921.75089924923,0.0,2.547602653503418,False
2016-10-10,131302.19769112498,TQQQ,50921.75089924923,0.0,2.547602653503418,False
2016-10-11,125874.58015147636,TQQQ,50921.75089924923,0.0,2.547602653503418,False
2016-10-12,125612.25623034903,TQQQ,50921.75089924923,0.0,2.547602653503418,False
2016-10-13,124139.35967889591,TQQQ,50921.75089924923,0.0,2.547602653503418,False
2016-10-14,124421.84928859604,TQQQ,50921.75089924923,0.0,2.547602653503418,False
2016-10-17,123564.34010762947,TQQQ,50921.75089924923,0.0,2.547602653503418,False
2016-10-18,126732.10147313445,TQQQ,50921.75089924923,0.0,2.547602653503418,False
2016-10-19,126782.54604629519,TQQQ,50921.75089924923,0.0,2.547602653503418,False
2016-10-20,126247.84571148285,TQQQ,50921.75089924923,0.0,2.547602653503418,False
2016-10-21,127619.90167938046,TQQQ,50921.75089924923,0.0,2.547602653503418,False
2016-10-24,132270.68493304518,TQQQ,50921.75089924923,0.0,2.547602653503418,False
2016-10-25,130949.12210107429,TQQQ,50921.75089924923,0.0,2.547602653503418,False
2016-10-26,128437.07948320145,TQQQ,50921.75089924923,0.0,2.547602653503418,False
2016-10-27,126641.28910075362,TQQQ,50921.75089924923,0.0,2.547602653503418,False
2016-10-28,124452.11603249249,TQQQ,50921.75089924923,0.0,2.547602653503418,False
2016-10-31,123745.95271169962,TQQQ,50921.75089924923,0.0,2.547602653503418,False
2016-11-01,121203.63120923883,TECL,28949.857091230995,0.0,4.18667459487915,False
2016-11-02,118888.98387429498,TECL,28949.857091230995,0.0,4.18667459487915,False
2016-11-03,115864.15704453365,TECL,28949.857091230995,0.0,4.18667459487915,False
2016-11-04,114654.25944311132,TECL,28949.857091230995,0.0,4.18667459487915,False
2016-11-07,122124.25828790136,TECL,28949.857091230995,0.0,4.18667459487915,False
2016-11-08,123965.42961902091,TECL,28949.857091230995,0.0,4.18667459487915,False
2016-11-09,123334.21110679403,TECL,28949.857091230995,0.0,4.18667459487915,False
2016-11-10,117337.16589214074,TECL,28949.857091230995,0.0,4.18667459487915,False
2016-11-11,118836.3754294256,TECL,28949.857091230995,0.0,4.18667459487915,False
2016-11-14,113128.66975937005,TECL,28949.857091230995,0.0,4.18667459487915,False
2016-11-15,118020.96524050181,TECL,28949.857091230995,0.0,4.18667459487915,False
2016-11-16,121229.92852948971,TECL,28949.857091230995,0.0,4.18667459487915,False
2016-11-17,123623.52304265658,TECL,28949.857091230995,0.0,4.18667459487915,False
2016-11-18,123097.46620269808,TECL,28949.857091230995,0.0,4.18667459487915,False
2016-11-21,126832.4587229093,TECL,28949.857091230995,0.0,4.18667459487915,False
2016-11-22,128042.41154180198,TECL,28949.857091230995,0.0,4.18667459487915,False
2016-11-23,126358.96891471742,TECL,28949.857091230995,0.0,4.18667459487915,False
2016-11-25,127831.93634922175,TECL,28949.857091230995,0.0,4.18667459487915,False
2016-11-28,128358.034602283,TECL,28949.857091230995,0.0,4.18667459487915,False
2016-11-29,128647.36034251314,TECL,28949.857091230995,0.0,4.18667459487915,False
2016-11-30,123939.15990750519,TECL,28949.857091230995,0.0,4.18667459487915,False
2016-12-01,116206.10503400074,TECL,28949.857091230995,0.0,4.2811665534973145,False
2016-12-02,117416.04404852583,TECL,28949.857091230995,0.0,4.2811665534973145,False
2016-12-05,120809.08857926996,TECL,28949.857091230995,0.0,4.2811665534973145,False
2016-12-06,121913.82450842389,TECL,28949.857091230995,0.0,4.2811665534973145,False
2016-12-07,128752.57723225188,TECL,28949.857091230995,0.0,4.2811665534973145,False
2016-12-08,130146.59748853318,TECL,28949.857091230995,0.0,4.2811665534973145,False
2016-12-09,132566.5031263185,TECL,28949.857091230995,0.0,4.2811665534973145,False
2016-12-12,131619.5649230375,TECL,28949.857091230995,0.0,4.2811665534973145,False
2016-12-13,136301.49564652974,TECL,28949.857091230995,0.0,4.2811665534973145,False
2016-12-14,135117.86775662313,TECL,28949.857091230995,0.0,4.2811665534973145,False
2016-12-15,136617.11870701076,TECL,28949.857091230995,0.0,4.2811665534973145,False
2016-12-16,134039.47056082284,TECL,28949.857091230995,0.0,4.2811665534973145,False
2016-12-19,136748.60530826522,TECL,28949.857091230995,0.0,4.2811665534973145,False
2016-12-20,138142.6669776493,TECL,28949.857091230995,0.0,4.2811665534973145,False
2016-12-21,137406.2315756837,TECL,28949.857091230995,0.0,4.2811665534973145,False
2016-12-22,136433.00985651938,TECL,28949.857091230995,0.0,4.2811665534973145,False
2016-12-23,136617.11870701076,TECL,28949.857091230995,0.0,4.2811665534973145,False
2016-12-27,138405.7230063637,TECL,28949.857091230995,0.0,4.2811665534973145,False
2016-12-28,134960.04242201505,TECL,28949.857091230995,0.0,4.2811665534973145,False
2016-12-29,134828.542016393,TECL,28949.857091230995,0.0,4.2811665534973145,False
2016-12-30,131356.53650305828,TECL,28949.857091230995,0.0,4.2811665534973145,False
2017-01-03,135144.15127250645,TECL,28949.857091230995,0.0,4.537381172180176,False
2017-01-04,136354.10409139912,TECL,28949.857091230995,0.0,4.537381172180176,False
2017-01-05,137090.56710209989,TECL,28949.857091230995,0.0,4.537381172180176,False
2017-01-06,139826.0681916311,TECL,28949.857091230995,0.0,4.537381172180176,False
2017-01-09,140246.89433748325,TECL,28949.857091230995,0.0,4.537381172180176,False
2017-01-10,139957.5962059883,TECL,28949.857091230995,0.0,4.537381172180176,False
2017-01-11,141877.71471533086,TECL,28949.857091230995,0.0,4.537381172180176,False
2017-01-12,141404.25251587413,TECL,28949.857091230995,0.0,4.537381172180176,False
2017-01-13,142088.12088607316,TECL,28949.857091230995,0.0,4.537381172180176,False
2017-01-17,140799.33132389816,TECL,28949.857091230995,0.0,4.537381172180176,False
2017-01-18,141851.3759819772,TECL,28949.857091230995,0.0,4.537381172180176,False
2017-01-19,140904.50680053415,TECL,28949.857091230995,0.0,4.537381172180176,False
2017-01-20,143403.2491816018,TECL,28949.857091230995,0.0,4.537381172180176,False
2017-01-23,143797.8608334086,TECL,28949.857091230995,0.0,4.537381172180176,False
2017-01-24,146822.63244569956,TECL,28949.857091230995,0.0,4.537381172180176,False
2017-01-25,150820.6947989928,TECL,28949.857091230995,0.0,4.537381172180176,False
2017-01-26,150031.5681259523,TECL,28949.857091230995,0.0,4.537381172180176,False
2017-01-27,151557.11639659083,TECL,28949.857091230995,0.0,4.537381172180176,False
2017-01-30,147901.08485897022,TECL,28949.857091230995,0.0,4.537381172180176,False
2017-01-31,145639.01836016055,TECL,28949.857091230995,0.0,4.537381172180176,False
2017-02-01,148348.1945207057,TQQQ,49892.44603423286,0.0,2.9733598232269287,False
2017-02-02,147972.5770717981,TQQQ,49892.44603423286,0.0,2.9733598232269287,False
2017-02-03,149257.54156124758,TQQQ,49892.44603423286,0.0,2.9733598232269287,False
2017-02-06,149811.10059479618,TQQQ,49892.44603423286,0.0,2.9733598232269287,False
2017-02-07,151353.08653082218,TQQQ,49892.44603423286,0.0,2.9733598232269287,False
2017-02-08,152203.18315134288,TQQQ,49892.44603423286,0.0,2.9733598232269287,False
2017-02-09,153784.69712305054,TQQQ,49892.44603423286,0.0,2.9733598232269287,False
2017-02-10,155306.91309359268,TQQQ,49892.44603423286,0.0,2.9733598232269287,False
2017-02-13,158035.07316807922,TQQQ,49892.44603423286,0.0,2.9733598232269287,False
2017-02-14,159517.7373123675,TQQQ,49892.44603423286,0.0,2.9733598232269287,False
2017-02-15,162265.7030381962,TQQQ,49892.44603423286,0.0,2.9733598232269287,False
2017-02-16,162127.31327980905,TQQQ,49892.44603423286,0.0,2.9733598232269287,False
2017-02-17,164163.54835293203,TQQQ,49892.44603423286,0.0,2.9733598232269287,False
2017-02-21,166773.05294865704,TQQQ,49892.44603423286,0.0,2.9733598232269287,False
2017-02-22,166792.88239057138,TQQQ,49892.44603423286,0.0,2.9733598232269287,False
2017-02-23,164993.83932211058,TQQQ,49892.44603423286,0.0,2.9733598232269287,False
2017-02-24,165883.45208302684,TQQQ,49892.44603423286,0.0,2.9733598232269287,False
2017-02-27,166377.725010696,TQQQ,49892.44603423286,0.0,2.9733598232269287,False
2017-02-28,165072.96676519045,TQQQ,49892.44603423286,0.0,2.9733598232269287,False
2017-03-01,170410.60764482984,TECL,28543.57490073361,0.0,5.970191478729248,False
2017-03-02,167272.59358823617,TECL,28543.57490073361,0.0,5.970191478729248,False
2017-03-03,167713.49656776953,TECL,28543.57490073361,0.0,5.970191478729248,False
2017-03-06,167194.82240761464,TECL,28543.57490073361,0.0,5.970191478729248,False
2017-03-07,167350.4328220434,TECL,28543.57490073361,0.0,5.970191478729248,False
2017-03-08,167765.32587400102,TECL,28543.57490073361,0.0,5.970191478729248,False
2017-03-09,167583.81441709367,TECL,28543.57490073361,0.0,5.970191478729248,False
2017-03-10,170254.98361976395,TECL,28543.57490073361,0.0,5.970191478729248,False
2017-03-13,171032.99485999628,TECL,28543.57490073361,0.0,5.970191478729248,False
2017-03-14,169476.98599016873,TECL,28543.57490073361,0.0,5.970191478729248,False
2017-03-15,172874.30990556558,TECL,28543.57490073361,0.0,5.970191478729248,False
2017-03-16,173963.52836401828,TECL,28543.57490073361,0.0,5.970191478729248,False
2017-03-17,174274.70836096437,TECL,28543.57490073361,0.0,5.970191478729248,False
2017-03-20,174715.57050858633,TECL,28543.57490073361,0.0,5.970191478729248,False
2017-03-21,167506.01601519785,TECL,28543.57490073361,0.0,5.970191478729248,False
2017-03-22,170566.20444862146,TECL,28543.57490073361,0.0,5.970191478729248,False
2017-03-23,169062.03849566253,TECL,28543.57490073361,0.0,5.970191478729248,False
2017-03-24,169269.51904823422,TECL,28543.57490073361,0.0,5.970191478729248,False
2017-03-27,169269.51904823422,TECL,28543.57490073361,0.0,5.970191478729248,False
2017-03-28,172511.24615983944,TECL,28543.57490073361,0.0,5.970191478729248,False
2017-03-29,173626.40649268217,TECL,28543.57490073361,0.0,5.970191478729248,False
2017-03-30,174430.305164756,TECL,28543.57490073361,0.0,5.970191478729248,False
2017-03-31,173626.40649268217,TECL,28543.57490073361,0.0,5.970191478729248,False
2017-04-03,173107.7323325273,TQQQ,49634.139239131015,0.0,3.4876747131347656,False
2017-04-04,173894.42493813674,TQQQ,49634.139239131015,0.0,3.4876747131347656,False
2017-04-05,171908.00806257888,TQQQ,49634.139239131015,0.0,3.4876747131347656,False
2017-04-06,172045.71684056107,TQQQ,49634.139239131015,0.0,3.4876747131347656,False
2017-04-07,171849.05256443442,TQQQ,49634.139239131015,0.0,3.4876747131347656,False
2017-04-10,172045.71684056107,TQQQ,49634.139239131015,0.0,3.4876747131347656,False
2017-04-11,169882.37430206506,TQQQ,49634.139239131015,0.0,3.4876747131347656,False
2017-04-12,167640.36131963797,TQQQ,49634.139239131015,0.0,3.4876747131347656,False
2017-04-13,165653.979945183,TQQQ,49634.139239131015,0.0,3.4876747131347656,False
2017-04-17,169587.36013732365,TQQQ,49634.139239131015,0.0,3.4876747131347656,False
2017-04-18,169095.65802905368,TQQQ,49634.139239131015,0.0,3.4876747131347656,False
2017-04-19,169685.67452483554,TQQQ,49634.139239131015,0.0,3.4876747131347656,False
2017-04-20,173796.02771471816,TQQQ,49634.139239131015,0.0,3.4876747131347656,False
2017-04-21,173717.36910448808,TQQQ,49634.139239131015,0.0,3.4876747131347656,False
2017-04-24,180030.48289073893,TQQQ,49634.139239131015,0.0,3.4876747131347656,False
2017-04-25,184022.830414725,TQQQ,49634.139239131015,0.0,3.4876747131347656,False
2017-04-26,183216.48203183373,TQQQ,49634.139239131015,0.0,3.4876747131347656,False
2017-04-27,186422.18428501414,TQQQ,49634.139239131015,0.0,3.4876747131347656,False
2017-04-28,187484.17610957843,TQQQ,49634.139239131015,0.0,3.4876747131347656,False
2017-05-01,192204.22523992666,TQQQ,49634.139239131015,0.0,3.777323007583618,False
2017-05-02,193344.887508422,TQQQ,49634.139239131015,0.0,3.777323007583618,False
2017-05-03,191437.20024529993,TQQQ,49634.139239131015,0.0,3.777323007583618,False
2017-05-04,191633.86452142659,TQQQ,49634.139239131015,0.0,3.777323007583618,False
2017-05-05,193718.59578449634,TQQQ,49634.139239131015,0.0,3.777323007583618,False
2017-05-08,194878.90199657253,TQQQ,49634.139239131015,0.0,3.777323007583618,False
2017-05-09,197022.65975999247,TQQQ,49634.139239131015,0.0,3.777323007583618,False
2017-05-10,197337.246866109,TQQQ,49634.139239131015,0.0,3.777323007583618,False
2017-05-11,196865.2597036256,TQQQ,49634.139239131015,0.0,3.777323007583618,False
2017-05-12,198143.65441750505,TQQQ,49634.139239131015,0.0,3.777323007583618,False
2017-05-15,199992.3151802769,TQQQ,49634.139239131015,0.0,3.777323007583618,False
2017-05-16,202509.7220512664,TQQQ,49634.139239131015,0.0,3.777323007583618,False
2017-05-17,187189.16194483705,TQQQ,49634.139239131015,0.0,3.777323007583618,False
2017-05-18,191928.89051986896,TQQQ,49634.139239131015,0.0,3.777323007583618,False
2017-05-19,194249.58577992802,TQQQ,49634.139239131015,0.0,3.777323007583618,False
2017-05-22,199284.30485229942,TQQQ,49634.139239131015,0.0,3.777323007583618,False
2017-05-23,199775.99512686842,TQQQ,49634.139239131015,0.0,3.777323007583618,False
2017-05-24,202529.24765783775,TQQQ,49634.139239131015,0.0,3.777323007583618,False
2017-05-25,207859.05189715629,TQQQ,49634.139239131015,0.0,3.777323007583618,False
2017-05-26,208744.0470565767,TQQQ,49634.139239131015,0.0,3.777323007583618,False
2017-05-30,209176.7581655993,TQQQ,49634.139239131015,0.0,3.777323007583618,False
2017-05-31,208921.10289022533,TQQQ,49634.139239131015,0.0,3.777323007583618,False
2017-06-01,211418.7948154283,TECL,29277.16560799049,0.0,7.221286296844482,False
2017-06-02,217244.29116852806,TECL,29277.16560799049,0.0,7.221286296844482,False
2017-06-05,218015.6753055241,TECL,29277.16560799049,0.0,7.221286296844482,False
2017-06-06,216925.0717372268,TECL,29277.16560799049,0.0,7.221286296844482,False
2017-06-07,218547.69373058577,TECL,29277.16560799049,0.0,7.221286296844482,False
2017-06-08,220356.4781973289,TECL,29277.16560799049,0.0,7.221286296844482,False
2017-06-09,203624.974082137,TECL,29277.16560799049,0.0,7.221286296844482,False
2017-06-12,190276.91533388547,CASH,0.0,190276.91533388547,,False
2017-06-13,190276.91533388547,CASH,0.0,190276.91533388547,,False
2017-06-14,190276.91533388547,CASH,0.0,190276.91533388547,,False
2017-06-15,190276.91533388547,CASH,0.0,190276.91533388547,,False
2017-06-16,190276.91533388547,CASH,0.0,190276.91533388547,,False
2017-06-19,190276.91533388547,CASH,0.0,190276.91533388547,,False
2017-06-20,190276.91533388547,CASH,0.0,190276.91533388547,,False
2017-06-21,190276.91533388547,CASH,0.0,190276.91533388547,,False
2017-06-22,190276.91533388547,CASH,0.0,190276.91533388547,,False
2017-06-23,190276.91533388547,CASH,0.0,190276.91533388547,,False
2017-06-26,190276.91533388547,CASH,0.0,190276.91533388547,,False
2017-06-27,190276.91533388547,CASH,0.0,190276.91533388547,,False
2017-06-28,190276.91533388547,CASH,0.0,190276.91533388547,,False
2017-06-29,190276.91533388547,CASH,0.0,190276.91533388547,,False
2017-06-30,190276.91533388547,CASH,0.0,190276.91533388547,,False
2017-07-03,190276.91533388547,TQQQ,50548.46461566536,0.0,3.764247179031372,False
2017-07-05,195704.86534174968,TQQQ,50548.46461566536,0.0,3.764247179031372,False
2017-07-06,190537.29216351476,TQQQ,50548.46461566536,0.0,3.764247179031372,False
2017-07-07,196245.6007081837,TQQQ,50548.46461566536,0.0,3.764247179031372,False
2017-07-10,200351.58844718116,TQQQ,50548.46461566536,0.0,3.764247179031372,False
2017-07-11,201994.00523582773,TQQQ,50548.46461566536,0.0,3.764247179031372,False
2017-07-12,209184.46715417402,TQQQ,50548.46461566536,0.0,3.764247179031372,False
2017-07-13,210566.5071131913,TQQQ,50548.46461566536,0.0,3.764247179031372,False
2017-07-14,215513.65482445472,TQQQ,50548.46461566536,0.0,3.764247179031372,False
2017-07-17,215633.83430814196,TQQQ,50548.46461566536,0.0,3.764247179031372,False
2017-07-18,219920.0671692841,TQQQ,50548.46461566536,0.0,3.764247179031372,False
2017-07-19,223945.93525249002,TQQQ,50548.46461566536,0.0,3.764247179031372,False
2017-07-20,224787.16753491462,TQQQ,50548.46461566536,0.0,3.764247179031372,False
2017-07-21,224446.65899780073,TQQQ,50548.46461566536,0.0,3.764247179031372,False
2017-07-24,227370.90591725966,TQQQ,50548.46461566536,0.0,3.764247179031372,False
2017-07-25,225848.632457221,TQQQ,50548.46461566536,0.0,3.764247179031372,False
2017-07-26,227871.65376595658,TQQQ,50548.46461566536,0.0,3.764247179031372,False
2017-07-27,223805.70175146867,TQQQ,50548.46461566536,0.0,3.764247179031372,False
2017-07-28,223084.67305611755,TQQQ,50548.46461566536,0.0,3.764247179031372,False
2017-07-31,220180.50425737893,TQQQ,50548.46461566536,0.0,3.764247179031372,False
2017-08-01,221622.51344130875,TECL,29541.654146208806,0.0,7.502034664154053,False
2017-08-02,223957.6563157743,TECL,29541.654146208806,0.0,7.502034664154053,False
2017-08-03,221676.19731541575,TECL,29541.654146208806,0.0,7.502034664154053,False
2017-08-04,223501.32225602737,TECL,29541.654146208806,0.0,7.502034664154053,False
2017-08-07,227151.6566566011,TECL,29541.654146208806,0.0,7.502034664154053,False
2017-08-08,226051.20062692082,TECL,29541.654146208806,0.0,7.502034664154053,False
2017-08-09,226265.92203679035,TECL,29541.654146208806,0.0,7.502034664154053,False
2017-08-10,212845.62966484905,TECL,29541.654146208806,0.0,7.502034664154053,False
2017-08-11,217140.08603535607,TECL,29541.654146208806,0.0,7.502034664154053,False
2017-08-14,227178.50563693378,TECL,29541.654146208806,0.0,7.502034664154053,False
2017-08-15,228842.6212148997,TECL,29541.654146208806,0.0,7.502034664154053,False
2017-08-16,230265.19457578022,TECL,29541.654146208806,0.0,7.502034664154053,False
2017-08-17,216871.7230110548,TECL,29541.654146208806,0.0,7.502034664154053,False
2017-08-18,216066.50715912535,TECL,29541.654146208806,0.0,7.502034664154053,False
2017-08-21,216039.65817879266,TECL,29541.654146208806,0.0,7.502034664154053,False
2017-08-22,225272.79149564882,TECL,29541.654146208806,0.0,7.502034664154053,False
2017-08-23,224145.5146587527,TECL,29541.654146208806,0.0,7.502034664154053,False
2017-08-24,223018.20964873978,TECL,29541.654146208806,0.0,7.502034664154053,False
2017-08-25,222669.24333720678,TECL,29541.654146208806,0.0,7.502034664154053,False
2017-08-28,224628.69769883237,TECL,29541.654146208806,0.0,7.502034664154053,False
2017-08-29,227124.8076762684,TECL,29541.654146208806,0.0,7.502034664154053,False
2017-08-30,231607.1505628706,TECL,29541.654146208806,0.0,7.502034664154053,False
2017-08-31,235955.38941339348,TECL,29541.654146208806,0.0,7.502034664154053,False
2017-09-01,235660.06471629223,TECL,29541.654146208806,0.0,7.987209796905518,False
2017-09-05,229218.3660739733,TECL,29541.654146208806,0.0,7.987209796905518,False
2017-09-06,229701.50685437772,TECL,29541.654146208806,0.0,7.987209796905518,False
2017-09-07,231795.1215983163,TECL,29541.654146208806,0.0,7.987209796905518,False
2017-09-08,226131.69122168527,TECL,29541.654146208806,0.0,7.987209796905518,False
2017-09-11,235499.09761332176,TECL,29541.654146208806,0.0,7.987209796905518,False
2017-09-12,237485.28826281274,TECL,29541.654146208806,0.0,7.987209796905518,False
2017-09-13,236170.08265014616,TECL,29541.654146208806,0.0,7.987209796905518,False
2017-09-14,233861.78875601332,TECL,29541.654146208806,0.0,7.987209796905518,False
2017-09-15,236599.52546988518,TECL,29541.654146208806,0.0,7.987209796905518,False
2017-09-18,236921.60054141024,TECL,29541.654146208806,0.0,7.987209796905518,False
2017-09-19,240840.36839907727,TECL,29541.654146208806,0.0,7.987209796905518,False
2017-09-20,237646.32579857527,TECL,29541.654146208806,0.0,7.987209796905518,False
2017-09-21,233620.2183658111,TECL,29541.654146208806,0.0,7.987209796905518,False
2017-09-22,234210.74098098787,TECL,29541.654146208806,0.0,7.987209796905518,False
2017-09-25,225809.68658295227,TECL,29541.654146208806,0.0,7.987209796905518,False
2017-09-26,227661.60415766295,TECL,29541.654146208806,0.0,7.987209796905518,False
2017-09-27,234532.886485305,TECL,29541.654146208806,0.0,7.987209796905518,False
2017-09-28,235847.9934920627,TECL,29541.654146208806,0.0,7.987209796905518,False
2017-09-29,240437.74638655412,TECL,29541.654146208806,0.0,7.987209796905518,False
2017-10-02,241269.8112188163,TQQQ,53146.848299417026,0.0,4.539682388305664,False
2017-10-03,242786.0465387903,TQQQ,53146.848299417026,0.0,4.539682388305664,False
2017-10-04,243417.83237410625,TQQQ,53146.848299417026,0.0,4.539682388305664,False
2017-10-05,250430.32569501558,TQQQ,53146.848299417026,0.0,4.539682388305664,False
2017-10-06,251335.9614194781,TQQQ,53146.848299417026,0.0,4.539682388305664,False
2017-10-09,250704.17558416215,TQQQ,53146.848299417026,0.0,4.539682388305664,False
2017-10-10,251230.58775308242,TQQQ,53146.848299417026,0.0,4.539682388305664,False
2017-10-11,253420.67727927587,TQQQ,53146.848299417026,0.0,4.539682388305664,False
2017-10-12,252051.90933899314,TQQQ,53146.848299417026,0.0,4.539682388305664,False
2017-10-13,254873.75935811037,TQQQ,53146.848299417026,0.0,4.539682388305664,False
2017-10-16,257506.07362663286,TQQQ,53146.848299417026,0.0,4.539682388305664,False
2017-10-17,258411.65866631112,TQQQ,53146.848299417026,0.0,4.539682388305664,False
2017-10-18,257421.81017286528,TQQQ,53146.848299417026,0.0,4.539682388305664,False
2017-10-19,254578.92596829627,TQQQ,53146.848299417026,0.0,4.539682388305664,False
2017-10-20,256432.11373377213,TQQQ,53146.848299417026,0.0,4.539682388305664,False
2017-10-23,251651.7783099597,TQQQ,53146.848299417026,0.0,4.539682388305664,False
2017-10-24,252936.308138867,TQQQ,53146.848299417026,0.0,4.539682388305664,False
2017-10-25,249861.76912801547,TQQQ,53146.848299417026,0.0,4.539682388305664,False
2017-10-26,247545.2464075825,TQQQ,53146.848299417026,0.0,4.539682388305664,False
2017-10-27,268877.8131840458,TQQQ,53146.848299417026,0.0,4.539682388305664,False
2017-10-30,270794.1541906611,TQQQ,53146.848299417026,0.0,4.539682388305664,False
2017-10-31,273658.14860785817,TQQQ,53146.848299417026,0.0,4.539682388305664,False
2017-11-01,273300.08594972827,TQQQ,53146.848299417026,0.0,5.149094581604004,False
2017-11-02,271910.25848160166,TQQQ,53146.848299417026,0.0,5.149094581604004,False
2017-11-03,279491.4604238638,TQQQ,53146.848299417026,0.0,5.149094581604004,False
2017-11-06,282334.31928604067,TQQQ,53146.848299417026,0.0,5.149094581604004,False
2017-11-07,282797.6288986057,TQQQ,53146.848299417026,0.0,5.149094581604004,False
2017-11-08,286335.55354919855,TQQQ,53146.848299417026,0.0,5.149094581604004,False
2017-11-09,281744.6778488046,TQQQ,53146.848299417026,0.0,5.149094581604004,False
2017-11-10,281660.46507982124,TQQQ,53146.848299417026,0.0,5.149094581604004,False
2017-11-13,282502.7701663995,TQQQ,53146.848299417026,0.0,5.149094581604004,False
2017-11-14,279659.8606194384,TQQQ,53146.848299417026,0.0,5.149094581604004,False
2017-11-15,275553.43008662964,TQQQ,53146.848299417026,0.0,5.149094581604004,False
2017-11-16,285872.16790945723,TQQQ,53146.848299417026,0.0,5.149094581604004,False
2017-11-17,282671.2463891504,TQQQ,53146.848299417026,0.0,5.149094581604004,False
2017-11-20,281976.3579974792,TQQQ,53146.848299417026,0.0,5.149094581604004,False
2017-11-21,290863.09861170826,TQQQ,53146.848299417026,0.0,5.149094581604004,False
2017-11-22,292021.3219583366,TQQQ,53146.848299417026,0.0,5.149094581604004,False
2017-11-24,295306.5322748031,TQQQ,53146.848299417026,0.0,5.149094581604004,False
2017-11-27,294822.1884767863,TQQQ,53146.848299417026,0.0,5.149094581604004,False
2017-11-28,296991.21847513586,TQQQ,53146.848299417026,0.0,5.149094581604004,False
2017-11-29,281723.6183209607,TQQQ,53146.848299417026,0.0,5.149094581604004,False
2017-11-30,288715.12814120256,TQQQ,53146.848299417026,0.0,5.149094581604004,False
2017-12-01,284861.36125773593,TECL,28577.9195153915,0.0,9.967883110046387,False
2017-12-04,270918.2278595323,TECL,28577.9195153915,0.0,9.967883110046387,False
2017-12-05,271100.03947937407,TECL,28577.9195153915,0.0,9.967883110046387,False
2017-12-06,276215.1026818202,TECL,28577.9195153915,0.0,9.967883110046387,False
2017-12-07,281278.27421522443,TECL,28577.9195153915,0.0,9.967883110046387,False
2017-12-08,285458.60602421954,TECL,28577.9195153915,0.0,9.967883110046387,False
2017-12-11,292417.1589250191,TECL,28577.9195153915,0.0,9.967883110046387,False
2017-12-12,291949.8068553074,TECL,28577.9195153915,0.0,9.967883110046387,False
2017-12-13,292572.94294825627,TECL,28577.9195153915,0.0,9.967883110046387,False
2017-12-14,291300.67041978193,TECL,28577.9195153915,0.0,9.967883110046387,False
2017-12-15,301478.90515563235,TECL,28577.9195153915,0.0,9.967883110046387,False
2017-12-18,309242.4330232503,TECL,28577.9195153915,0.0,9.967883110046387,False
2017-12-19,303425.9874138746,TECL,28577.9195153915,0.0,9.967883110046387,False
2017-12-20,303425.9874138746,TECL,28577.9195153915,0.0,9.967883110046387,False
2017-12-21,301554.78036918945,TECL,28577.9195153915,0.0,9.967883110046387,False
2017-12-22,300645.2044434514,TECL,28577.9195153915,0.0,9.967883110046387,False
2017-12-26,294615.60508219706,TECL,28577.9195153915,0.0,9.967883110046387,False
2017-12-27,295629.2368862975,TECL,28577.9195153915,0.0,9.967883110046387,False
2017-12-28,296694.7603594399,TECL,28577.9195153915,0.0,9.967883110046387,False
2017-12-29,291522.9270169652,TECL,28577.9195153915,0.0,9.967883110046387,False
2018-01-02,302360.4639407322,TQQQ,52323.13876806335,0.0,5.778714179992676,False
2018-01-03,311213.1618220019,TQQQ,52323.13876806335,0.0,5.778714179992676,False
2018-01-04,313037.6524496208,TQQQ,52323.13876806335,0.0,5.778714179992676,False
2018-01-05,322491.58619649906,TQQQ,52323.13876806335,0.0,5.778714179992676,False
2018-01-08,326078.2183593575,TQQQ,52323.13876806335,0.0,5.778714179992676,False
2018-01-09,326327.09078692185,TQQQ,52323.13876806335,0.0,5.778714179992676,False
2018-01-10,324005.1048003423,TQQQ,52323.13876806335,0.0,5.778714179992676,False
2018-01-11,330494.275583063,TQQQ,52323.13876806335,0.0,5.778714179992676,False
2018-01-12,337501.79960438795,TQQQ,52323.13876806335,0.0,5.778714179992676,False
2018-01-16,334889.49987674184,TQQQ,52323.13876806335,0.0,5.778714179992676,False
2018-01-17,345442.28959627345,TQQQ,52323.13876806335,0.0,5.778714179992676,False
2018-01-18,345773.9947516086,TQQQ,52323.13876806335,0.0,5.778714179992676,False
2018-01-19,349091.1211538104,TQQQ,52323.13876806335,0.0,5.778714179992676,False
2018-01-22,359996.37410985347,TQQQ,52323.13876806335,0.0,5.778714179992676,False
2018-01-23,369118.5777517798,TQQQ,52323.13876806335,0.0,5.778714179992676,False
2018-01-24,361634.2915030536,TQQQ,52323.13876806335,0.0,5.778714179992676,False
2018-01-25,361178.13765912794,TQQQ,52323.13876806335,0.0,5.778714179992676,False
2018-01-26,377307.89027199603,TQQQ,52323.13876806335,0.0,5.778714179992676,False
2018-01-29,372311.38021347503,TQQQ,52323.13876806335,0.0,5.778714179992676,False
2018-01-30,362795.2470719182,TQQQ,52323.13876806335,0.0,5.778714179992676,False
2018-01-31,367273.4288414518,TQQQ,52323.13876806335,0.0,5.778714179992676,False
2018-02-01,358089.0757040806,TQQQ,52323.13876806335,0.0,7.019330978393555,False
2018-02-02,336216.370397316,TQQQ,52323.13876806335,0.0,7.019330978393555,False
2018-02-05,327052.7168409693,CASH,0.0,327052.7168409693,,False
2018-02-06,327052.7168409693,CASH,0.0,327052.7168409693,,False
2018-02-07,327052.7168409693,CASH,0.0,327052.7168409693,,False
2018-02-08,327052.7168409693,CASH,0.0,327052.7168409693,,False
2018-02-09,327052.7168409693,CASH,0.0,327052.7168409693,,False
2018-02-12,327052.7168409693,CASH,0.0,327052.7168409693,,False
2018-02-13,327052.7168409693,CASH,0.0,327052.7168409693,,False
2018-02-14,327052.7168409693,CASH,0.0,327052.7168409693,,False
2018-02-15,327052.7168409693,CASH,0.0,327052.7168409693,,False
2018-02-16,327052.7168409693,CASH,0.0,327052.7168409693,,False
2018-02-20,327052.7168409693,CASH,0.0,327052.7168409693,,False
2018-02-21,327052.7168409693,CASH,0.0,327052.7168409693,,False
2018-02-22,327052.7168409693,CASH,0.0,327052.7168409693,,False
2018-02-23,327052.7168409693,CASH,0.0,327052.7168409693,,False
2018-02-26,327052.7168409693,CASH,0.0,327052.7168409693,,False
2018-02-27,327052.7168409693,CASH,0.0,327052.7168409693,,False
2018-02-28,327052.7168409693,CASH,0.0,327052.7168409693,,False
2018-03-01,327052.7168409693,TQQQ,52164.42590613408,0.0,6.269650459289551,False
2018-03-02,336043.99820254627,TQQQ,52164.42590613408,0.0,6.269650459289551,False
2018-03-05,346585.448167494,TQQQ,52164.42590613408,0.0,6.269650459289551,False
2018-03-06,350967.31546223577,TQQQ,52164.42590613408,0.0,6.269650459289551,False
2018-03-07,353592.3614882644,TQQQ,52164.42590613408,0.0,6.269650459289551,False
2018-03-08,358863.07403376995,TQQQ,52164.42590613408,0.0,6.269650459289551,False
2018-03-09,379759.8920438982,TQQQ,52164.42590613408,0.0,6.269650459289551,False
2018-03-12,385444.00941583497,TQQQ,52164.42590613408,0.0,6.269650459289551,False
2018-03-13,371450.77839380596,TQQQ,52164.42590613408,0.0,6.269650459289551,False
2018-03-14,370189.868799254,TQQQ,52164.42590613408,0.0,6.269650459289551,False
2018-03-15,368536.32411533885,TQQQ,52164.42590613408,0.0,6.269650459289551,False
2018-03-16,366097.3600090775,TQQQ,52164.42590613408,0.0,6.269650459289551,False
2018-03-19,343112.94712121796,TQQQ,52164.42590613408,0.0,6.269650459289551,False
2018-03-20,345634.6668145753,TQQQ,52164.42590613408,0.0,6.269650459289551,False
2018-03-21,340632.59278444026,TQQQ,52164.42590613408,0.0,6.269650459289551,False
2018-03-22,315746.5425689335,TQQQ,52164.42590613408,0.0,6.269650459289551,False
2018-03-23,294347.44515687233,CASH,0.0,294347.44515687233,,False
2018-03-26,294347.44515687233,CASH,0.0,294347.44515687233,,False
2018-03-27,294347.44515687233,CASH,0.0,294347.44515687233,,False
2018-03-28,294347.44515687233,CASH,0.0,294347.44515687233,,False
2018-03-29,294347.44515687233,CASH,0.0,294347.44515687233,,False
2018-04-02,294347.44515687233,TQQQ,56646.165291263394,0.0,5.19624662399292,False
2018-04-03,304223.3947670812,TQQQ,56646.165291263394,0.0,5.19624662399292,False
2018-04-04,318610.7750314713,TQQQ,56646.165291263394,0.0,5.19624662399292,False
2018-04-05,323616.0747453036,TQQQ,56646.165291263394,0.0,5.19624662399292,False
2018-04-06,299465.00257207797,TQQQ,56646.165291263394,0.0,5.19624662399292,False
2018-04-09,305457.85132823716,TQQQ,56646.165291263394,0.0,5.19624662399292,False
2018-04-10,325636.1461390975,TQQQ,56646.165291263394,0.0,5.19624662399292,False
2018-04-11,320159.5315476754,TQQQ,56646.165291263394,0.0,5.19624662399292,False
2018-04-12,331382.14139842056,TQQQ,56646.165291263394,0.0,5.19624662399292,False
2018-04-13,326466.6802588827,TQQQ,56646.165291263394,0.0,5.19624662399292,False
2018-04-16,333671.59346011543,TQQQ,56646.165291263394,0.0,5.19624662399292,False
2018-04-17,355017.08745089505,TQQQ,56646.165291263394,0.0,5.19624662399292,False
2018-04-18,357486.0275842034,TQQQ,56646.165291263394,0.0,5.19624662399292,False
2018-04-19,347767.20094052213,TQQQ,56646.165291263394,0.0,5.19624662399292,False
2018-04-20,331090.34160344076,TQQQ,56646.165291263394,0.0,5.19624662399292,False
2018-04-23,328486.72464168014,TQQQ,56646.165291263394,0.0,5.19624662399292,False
2018-04-24,307545.2611362572,TQQQ,56646.165291263394,0.0,5.19624662399292,False
2018-04-25,308757.3796033237,TQQQ,56646.165291263394,0.0,5.19624662399292,False
2018-04-26,327903.0710297275,TQQQ,56646.165291263394,0.0,5.19624662399292,False
2018-04-27,328666.3207572796,TQQQ,56646.165291263394,0.0,5.19624662399292,False
2018-04-30,321663.36877673224,TQQQ,56646.165291263394,0.0,5.19624662399292,False
2018-05-01,332122.8909659043,TQQQ,56646.165291263394,0.0,5.678466796875,False
2018-05-02,326332.0034304305,TQQQ,56646.165291263394,0.0,5.678466796875,False
2018-05-03,326354.36853551643,TQQQ,56646.165291263394,0.0,5.678466796875,False
2018-05-04,344714.6882282506,TQQQ,56646.165291263394,0.0,5.678466796875,False
2018-05-07,352907.20449380315,TQQQ,56646.165291263394,0.0,5.678466796875,False
2018-05-08,351739.9783028874,TQQQ,56646.165291263394,0.0,5.678466796875,False
2018-05-09,363523.76861651335,TQQQ,56646.165291263394,0.0,5.678466796875,False
2018-05-10,374836.27106354595,TQQQ,56646.165291263394,0.0,5.678466796875,False
2018-05-11,373713.9371487809,TQQQ,56646.165291263394,0.0,5.678466796875,False
2018-05-14,375374.8433223725,TQQQ,56646.165291263394,0.0,5.678466796875,False
2018-05-15,363232.049854523,TQQQ,56646.165291263394,0.0,5.678466796875,False
2018-05-16,369920.6478580292,TQQQ,56646.165291263394,0.0,5.678466796875,False
2018-05-17,365745.8552529856,TQQQ,56646.165291263394,0.0,5.678466796875,False
2018-05-18,359887.6022922892,TQQQ,56646.165291263394,0.0,5.678466796875,False
2018-05-21,366172.35888741416,TQQQ,56646.165291263394,0.0,5.678466796875,False
2018-05-22,364264.41014001117,TQQQ,56646.165291263394,0.0,5.678466796875,False
2018-05-23,373422.21838679054,TQQQ,56646.165291263394,0.0,5.678466796875,False
2018-05-24,373107.89142074593,TQQQ,56646.165291263394,0.0,5.678466796875,False
2018-05-25,374050.5751979185,TQQQ,56646.165291263394,0.0,5.678466796875,False
2018-05-29,369269.81789782934,TQQQ,56646.165291263394,0.0,5.678466796875,False
2018-05-30,377148.1152413232,TQQQ,56646.165291263394,0.0,5.678466796875,False
2018-05-31,376340.05427060986,TQQQ,56646.165291263394,0.0,5.678466796875,False
2018-06-01,393847.3937054835,TQQQ,56646.165291263394,0.0,6.643698692321777,False
2018-06-04,403947.8046964461,TQQQ,56646.165291263394,0.0,6.643698692321777,False
2018-06-05,408122.6513234826,TQQQ,56646.165291263394,0.0,6.643698692321777,False
2018-06-06,414856.1145921431,TQQQ,56646.165291263394,0.0,6.643698692321777,False
2018-06-07,405227.1265227563,TQQQ,56646.165291263394,0.0,6.643698692321777,False
2018-06-08,404957.7728658518,TQQQ,56646.165291263394,0.0,6.643698692321777,False
2018-06-11,408122.6513234826,TQQQ,56646.165291263394,0.0,6.643698692321777,False
2018-06-12,414586.81495723163,TQQQ,56646.165291263394,0.0,6.643698692321777,False
2018-06-13,414115.5000796418,TQQQ,56646.165291263394,0.0,6.643698692321777,False
2018-06-14,426707.27033099165,TQQQ,56646.165291263394,0.0,6.643698692321777,False
2018-06-15,422465.16632271843,TQQQ,56646.165291263394,0.0,6.643698692321777,False
2018-06-18,421522.4555345494,TQQQ,56646.165291263394,0.0,6.643698692321777,False
2018-06-19,417751.612381873,TQQQ,56646.165291263394,0.0,6.643698692321777,False
2018-06-20,426505.30911030626,TQQQ,56646.165291263394,0.0,6.643698692321777,False
2018-06-21,415462.16032017814,TQQQ,56646.165291263394,0.0,6.643698692321777,False
2018-06-22,411287.34070413804,TQQQ,56646.165291263394,0.0,6.643698692321777,False
2018-06-25,385026.3585628241,TQQQ,56646.165291263394,0.0,6.643698692321777,False
2018-06-26,389268.51659309026,TQQQ,56646.165291263394,0.0,6.643698692321777,False
2018-06-27,373646.67976754426,TQQQ,56646.165291263394,0.0,6.643698692321777,False
2018-06-28,382804.35295934125,TQQQ,56646.165291263394,0.0,6.643698692321777,False
2018-06-29,384555.0166742378,TQQQ,56646.165291263394,0.0,6.643698692321777,False
2018-07-02,393174.0365742189,TECL,31435.59476925823,0.0,12.507287979125977,False
2018-07-03,378738.27480237564,TECL,31435.59476925823,0.0,12.507287979125977,False
2018-07-05,394319.7862012288,TECL,31435.59476925823,0.0,12.507287979125977,False
2018-07-06,408583.7065145441,TECL,31435.59476925823,0.0,12.507287979125977,False
2018-07-09,417806.54432011524,TECL,31435.59476925823,0.0,12.507287979125977,False
2018-07-10,420728.0589703256,TECL,31435.59476925823,0.0,12.507287979125977,False
2018-07-11,414197.5738978351,TECL,31435.59476925823,0.0,12.507287979125977,False
2018-07-12,434877.3983250761,TECL,31435.59476925823,0.0,12.507287979125977,False
2018-07-13,433674.4181774225,TECL,31435.59476925823,0.0,12.507287979125977,False
2018-07-16,430724.30325654993,TECL,31435.59476925823,0.0,12.507287979125977,False
2018-07-17,439717.9791449914,TECL,31435.59476925823,0.0,12.507287979125977,False
2018-07-18,437770.2827253049,TECL,31435.59476925823,0.0,12.507287979125977,False
2018-07-19,433359.3954896675,TECL,31435.59476925823,0.0,12.507287979125977,False
2018-07-20,432700.5999468986,TECL,31435.59476925823,0.0,12.507287979125977,False
2018-07-23,439173.7046021486,TECL,31435.59476925823,0.0,12.507287979125977,False
2018-07-24,446849.8793430103,TECL,31435.59476925823,0.0,12.507287979125977,False
2018-07-25,462860.9943881833,TECL,31435.59476925823,0.0,12.507287979125977,False
2018-07-26,442238.46044022474,TECL,31435.59476925823,0.0,12.507287979125977,False
2018-07-27,418436.7096129026,TECL,31435.59476925823,0.0,12.507287979125977,False
2018-07-30,399561.37039680174,TECL,31435.59476925823,0.0,12.507287979125977,False
2018-07-31,402912.4287346932,TECL,31435.59476925823,0.0,12.507287979125977,False
2018-08-01,412880.042770936,TQQQ,55778.81013950458,0.0,7.402094841003418,False
2018-08-02,429323.6251057631,TQQQ,55778.81013950458,0.0,7.402094841003418,False
2018-08-03,433169.3445186006,TQQQ,55778.81013950458,0.0,7.402094841003418,False
2018-08-06,441125.98611255415,TQQQ,55778.81013950458,0.0,7.402094841003418,False
2018-08-07,445435.75052570825,TQQQ,55778.81013950458,0.0,7.402094841003418,False
2018-08-08,446629.2294764852,TQQQ,55778.81013950458,0.0,7.402094841003418,False
2018-08-09,446231.438622772,TQQQ,55778.81013950458,0.0,7.402094841003418,False
2018-08-10,435821.5583832518,TQQQ,55778.81013950458,0.0,7.402094841003418,False
2018-08-13,434561.6922988249,TQQQ,55778.81013950458,0.0,7.402094841003418,False
2018-08-14,442584.53484456317,TQQQ,55778.81013950458,0.0,7.402094841003418,False
2018-08-15,426472.48921684595,TQQQ,55778.81013950458,0.0,7.402094841003418,False
2018-08-16,430384.54256851476,TQQQ,55778.81013950458,0.0,7.402094841003418,False
2018-08-17,430318.2086296835,TQQQ,55778.81013950458,0.0,7.402094841003418,False
2018-08-20,429456.29298342566,TQQQ,55778.81013950458,0.0,7.402094841003418,False
2018-08-21,433898.72527424234,TQQQ,55778.81013950458,0.0,7.402094841003418,False
2018-08-22,438937.8438456289,TQQQ,55778.81013950458,0.0,7.402094841003418,False
2018-08-23,436749.8079683409,TQQQ,55778.81013950458,0.0,7.402094841003418,False
2018-08-24,448883.5726951952,TQQQ,55778.81013950458,0.0,7.402094841003418,False
2018-08-27,462409.79159191117,TQQQ,55778.81013950458,0.0,7.402094841003418,False
2018-08-28,464465.23938376456,TQQQ,55778.81013950458,0.0,7.402094841003418,False
2018-08-29,480709.8730969164,TQQQ,55778.81013950458,0.0,7.402094841003418,False
2018-08-30,477991.2986960246,TQQQ,55778.81013950458,0.0,7.402094841003418,False
2018-08-31,479383.7794632955,TQQQ,55778.81013950458,0.0,7.402094841003418,False
2018-09-04,473681.6140750985,TECL,31122.78700709956,0.0,15.219768524169922,False
2018-09-05,454568.7402026155,TECL,31122.78700709956,0.0,15.219768524169922,False
2018-09-06,445352.6108019555,TECL,31122.78700709956,0.0,15.219768524169922,False
2018-09-07,440843.799374399,TECL,31122.78700709956,0.0,15.219768524169922,False
2018-09-10,444672.0254117951,TECL,31122.78700709956,0.0,15.219768524169922,False
2018-09-11,456015.03609846084,TECL,31122.78700709956,0.0,15.219768524169922,False
2018-09-12,450995.7114257775,TECL,31122.78700709956,0.0,15.219768524169922,False
2018-09-13,465514.678436182,TECL,31122.78700709956,0.0,15.219768524169922,False
2018-09-14,464862.46808452986,TECL,31122.78700709956,0.0,15.219768524169922,False
2018-09-17,447082.419634862,TECL,31122.78700709956,0.0,15.219768524169922,False
2018-09-18,455050.8190472289,TECL,31122.78700709956,0.0,15.219768524169922,False
2018-09-19,452385.19788260123,TECL,31122.78700709956,0.0,15.219768524169922,False
2018-09-20,467754.94115221006,TECL,31122.78700709956,0.0,15.219768524169922,False
2018-09-21,463104.3138941178,TECL,31122.78700709956,0.0,15.219768524169922,False
2018-09-24,468038.4540892712,TECL,31122.78700709956,0.0,15.219768524169922,False
2018-09-25,467175.77574801474,TECL,31122.78700709956,0.0,15.219768524169922,False
2018-09-26,460507.19648354553,TECL,31122.78700709956,0.0,15.219768524169922,False
2018-09-27,469048.7063755725,TECL,31122.78700709956,0.0,15.219768524169922,False
2018-09-28,474497.09962218336,TECL,31122.78700709956,0.0,15.219768524169922,False
2018-10-01,481449.48863373994,TQQQ,56606.37598788976,0.0,8.505216598510742,False
2018-10-02,478690.68789971096,TQQQ,56606.37598788976,0.0,8.505216598510742,False
2018-10-03,480103.7203279594,TQQQ,56606.37598788976,0.0,8.505216598510742,False
2018-10-04,452717.39738698,TQQQ,56606.37598788976,0.0,8.505216598510742,False
2018-10-05,433304.5397703659,CASH,0.0,433304.5397703659,,False
2018-10-08,433304.5397703659,CASH,0.0,433304.5397703659,,False
2018-10-09,433304.5397703659,CASH,0.0,433304.5397703659,,False
2018-10-10,433304.5397703659,CASH,0.0,433304.5397703659,,False
2018-10-11,433304.5397703659,CASH,0.0,433304.5397703659,,False
2018-10-12,433304.5397703659,CASH,0.0,433304.5397703659,,False
2018-10-15,433304.5397703659,CASH,0.0,433304.5397703659,,False
2018-10-16,433304.5397703659,CASH,0.0,433304.5397703659,,False
2018-10-17,433304.5397703659,CASH,0.0,433304.5397703659,,False
2018-10-18,433304.5397703659,CASH,0.0,433304.5397703659,,False
2018-10-19,433304.5397703659,CASH,0.0,433304.5397703659,,False
2018-10-22,433304.5397703659,CASH,0.0,433304.5397703659,,False
2018-10-23,433304.5397703659,CASH,0.0,433304.5397703659,,False
2018-10-24,433304.5397703659,CASH,0.0,433304.5397703659,,False
2018-10-25,433304.5397703659,CASH,0.0,433304.5397703659,,False
2018-10-26,433304.5397703659,CASH,0.0,433304.5397703659,,False
2018-10-29,433304.5397703659,CASH,0.0,433304.5397703659,,False
2018-10-30,433304.5397703659,CASH,0.0,433304.5397703659,,False
2018-10-31,433304.5397703659,CASH,0.0,433304.5397703659,,False
2018-11-01,433304.5397703659,SHY,6199.373116408249,0.0,69.89489608610798,False
2018-11-02,432782.45369142346,SHY,6199.373116408249,0.0,69.89489608610798,False
2018-11-05,432939.1653845271,SHY,6199.373116408249,0.0,69.89489608610798,False
2018-11-06,432834.5955119904,SHY,6199.373116408249,0.0,69.89489608610798,False
2018-11-07,432678.1700502897,SHY,6199.373116408249,0.0,69.89489608610798,False
2018-11-08,432625.5034721509,SHY,6199.373116408249,0.0,69.89489608610798,False
2018-11-09,432834.5955119904,SHY,6199.373116408249,0.0,69.89489608610798,False
2018-11-12,433148.0188981977,SHY,6199.373116408249,0.0,69.89489608610798,False
2018-11-13,433200.44695016736,SHY,6199.373116408249,0.0,69.89489608610798,False
2018-11-14,433513.53639973793,SHY,6199.373116408249,0.0,69.89489608610798,False
2018-11-15,433722.5330291099,SHY,6199.373116408249,0.0,69.89489608610798,False
2018-11-16,434035.71788914804,SHY,6199.373116408249,0.0,69.89489608610798,False
2018-11-19,434401.2830959222,SHY,6199.373116408249,0.0,69.89489608610798,False
2018-11-20,434296.95174955466,SHY,6199.373116408249,0.0,69.89489608610798,False
2018-11-21,434296.95174955466,SHY,6199.373116408249,0.0,69.89489608610798,False
2018-11-23,434192.47728748544,SHY,6199.373116408249,0.0,69.89489608610798,False
2018-11-26,434244.66681328625,SHY,6199.373116408249,0.0,69.89489608610798,False
2018-11-27,434296.95174955466,SHY,6199.373116408249,0.0,69.89489608610798,False
2018-11-28,434453.37721125525,SHY,6199.373116408249,0.0,69.89489608610798,False
2018-11-29,434557.99478902586,SHY,6199.373116408249,0.0,69.89489608610798,False
2018-11-30,434714.5633664279,SHY,6199.373116408249,0.0,69.89489608610798,False
2018-12-03,434358.92084828875,GLD,3731.2851746749793,0.0,116.41000366210938,False
2018-12-04,437008.12990621437,GLD,3731.2851746749793,0.0,116.41000366210938,False
2018-12-06,437082.74308403133,GLD,3731.2851746749793,0.0,116.41000366210938,False
2018-12-07,440627.4526129939,GLD,3731.2851746749793,0.0,116.41000366210938,False
2018-12-10,439097.6404944494,GLD,3731.2851746749793,0.0,116.41000366210938,False
2018-12-11,438575.26284739067,GLD,3731.2851746749793,0.0,116.41000366210938,False
2018-12-12,439508.08414105943,GLD,3731.2851746749793,0.0,116.41000366210938,False
2018-12-13,438537.94202475884,GLD,3731.2851746749793,0.0,116.41000366210938,False
2018-12-14,436784.2334378701,GLD,3731.2851746749793,0.0,116.41000366210938,False
2018-12-17,439806.5937872206,GLD,3731.2851746749793,0.0,116.41000366210938,False
2018-12-18,440851.34908133815,GLD,3731.2851746749793,0.0,116.41000366210938,False
2018-12-19,438164.8192007807,GLD,3731.2851746749793,0.0,116.41000366210938,False
2018-12-20,444918.43625735946,GLD,3731.2851746749793,0.0,116.41000366210938,False
2018-12-21,442978.180492205,GLD,3731.2851746749793,0.0,116.41000366210938,False
2018-12-24,447828.8341388145,GLD,3731.2851746749793,0.0,116.41000366210938,False
2018-12-26,446485.59766598244,GLD,3731.2851746749793,0.0,116.41000366210938,False
2018-12-27,449881.0523718644,GLD,3731.2851746749793,0.0,116.41000366210938,False
2018-12-28,451709.37413657,GLD,3731.2851746749793,0.0,116.41000366210938,False
2018-12-31,452418.32742934127,GLD,3731.2851746749793,0.0,116.41000366210938,False
2019-01-02,452716.83707550244,GLD,3731.2851746749793,0.0,121.25,False
2019-01-03,456821.24507415557,GLD,3731.2851746749793,0.0,121.25,False
2019-01-04,453127.28072211245,GLD,3731.2851746749793,0.0,121.25,False
2019-01-07,454694.4136632887,GLD,3731.2851746749793,0.0,121.25,False
2019-01-08,453463.08272345876,GLD,3731.2851746749793,0.0,121.25,False
2019-01-09,456373.4806049138,GLD,3731.2851746749793,0.0,121.25,False
2019-01-10,453686.95072435634,GLD,3731.2851746749793,0.0,121.25,False
2019-01-11,454470.5456623912,GLD,3731.2851746749793,0.0,121.25,False
2019-01-14,455552.5933116938,GLD,3731.2851746749793,0.0,121.25,False
2019-01-15,454769.02684110566,GLD,3731.2851746749793,0.0,121.25,False
2019-01-16,456224.2257818332,GLD,3731.2851746749793,0.0,121.25,False
2019-01-17,455627.23495695746,GLD,3731.2851746749793,0.0,121.25,False
2019-01-18,451560.1193134895,GLD,3731.2851746749793,0.0,121.25,False
2019-01-22,453164.57307729754,GLD,3731.2851746749793,0.0,121.25,False
2019-01-23,452530.26142979,GLD,3731.2851746749793,0.0,121.25,False
2019-01-24,451821.3081370188,GLD,3731.2851746749793,0.0,121.25,False
2019-01-25,458425.6988379637,GLD,3731.2851746749793,0.0,121.25,False
2019-01-28,460030.1526017718,GLD,3731.2851746749793,0.0,121.25,False
2019-01-29,462604.74848188047,GLD,3731.2851746749793,0.0,121.25,False
2019-01-30,465253.95753980614,GLD,3731.2851746749793,0.0,121.25,False
2019-01-31,465477.82554070366,GLD,3731.2851746749793,0.0,121.25,False
2019-02-01,464545.0042470349,GLD,3731.2851746749793,0.0,124.75,False
2019-02-04,462530.1068366168,GLD,3731.2851746749793,0.0,124.75,False
2019-02-05,463724.116953815,GLD,3731.2851746749793,0.0,124.75,False
2019-02-06,460589.8510714624,GLD,3731.2851746749793,0.0,124.75,False
2019-02-07,461709.21954339684,GLD,3731.2851746749793,0.0,124.75,False
2019-02-08,463462.9281302856,GLD,3731.2851746749793,0.0,124.75,False
2019-02-11,461186.8418963381,GLD,3731.2851746749793,0.0,124.75,False
2019-02-12,462156.9840126387,GLD,3731.2851746749793,0.0,124.75,False
2019-02-13,460328.66224793304,GLD,3731.2851746749793,0.0,124.75,False
2019-02-14,462903.229660595,GLD,3731.2851746749793,0.0,124.75,False
2019-02-15,465664.4011864161,GLD,3731.2851746749793,0.0,124.75,False
2019-02-19,472753.8202443412,GLD,3731.2851746749793,0.0,124.75,False
2019-02-20,471932.9614185679,GLD,3731.2851746749793,0.0,124.75,False
2019-02-21,466597.22248008486,GLD,3731.2851746749793,0.0,124.75,False
2019-02-22,468276.2894217099,GLD,3731.2851746749793,0.0,124.75,False
2019-02-25,467791.232597283,GLD,3731.2851746749793,0.0,124.75,False
2019-02-26,468574.7990678711,GLD,3731.2851746749793,0.0,124.75,False
2019-02-27,465253.95753980614,GLD,3731.2851746749793,0.0,124.75,False
2019-02-28,462642.0408370656,GLD,3731.2851746749793,0.0,124.75,False
2019-03-01,454769.02684110566,GLD,3731.2851746749793,0.0,123.98999786376953,False
2019-03-04,453575.01672390755,GLD,3731.2851746749793,0.0,123.98999786376953,False
2019-03-05,454172.03601622995,GLD,3731.2851746749793,0.0,123.98999786376953,False
2019-03-06,453761.59236962,GLD,3731.2851746749793,0.0,123.98999786376953,False
2019-03-07,453388.4695456418,GLD,3731.2851746749793,0.0,123.98999786376953,False
2019-03-08,458351.05719270004,GLD,3731.2851746749793,0.0,123.98999786376953,False
2019-03-11,456112.2917813844,GLD,3731.2851746749793,0.0,123.98999786376953,False
2019-03-12,458873.46330720553,GLD,3731.2851746749793,0.0,123.98999786376953,False
2019-03-13,462082.34236737504,GLD,3731.2851746749793,0.0,123.98999786376953,False
2019-03-14,456746.63189633866,GLD,3731.2851746749793,0.0,123.98999786376953,False
2019-03-15,458836.1424845737,GLD,3731.2851746749793,0.0,123.98999786376953,False
2019-03-18,459097.33130810305,GLD,3731.2851746749793,0.0,123.98999786376953,False
2019-03-19,460365.9546031181,GLD,3731.2851746749793,0.0,123.98999786376953,False
2019-03-20,463350.9941298368,GLD,3731.2851746749793,0.0,123.98999786376953,False
2019-03-21,461485.3515424993,GLD,3731.2851746749793,0.0,123.98999786376953,False
2019-03-22,462567.42765924864,GLD,3731.2851746749793,0.0,123.98999786376953,False
2019-03-25,466112.1371882112,GLD,3731.2851746749793,0.0,123.98999786376953,False
2019-03-26,463798.75859907863,GLD,3731.2851746749793,0.0,123.98999786376953,False
2019-03-27,461373.41754205053,GLD,3731.2851746749793,0.0,123.98999786376953,False
2019-03-28,454843.6684863693,GLD,3731.2851746749793,0.0,123.98999786376953,False
2019-03-29,455254.1121329793,GLD,3731.2851746749793,0.0,123.98999786376953,False
2019-04-01,453463.08272345876,GLD,3731.2851746749793,0.0,122.01000213623047,False
2019-04-02,455142.17813253053,GLD,3731.2851746749793,0.0,122.01000213623047,False
2019-04-03,454470.5456623912,GLD,3731.2851746749793,0.0,122.01000213623047,False
2019-04-04,455627.23495695746,GLD,3731.2851746749793,0.0,122.01000213623047,False
2019-04-05,455142.17813253053,GLD,3731.2851746749793,0.0,122.01000213623047,False
2019-04-08,457119.7547203168,GLD,3731.2851746749793,0.0,122.01000213623047,False
2019-04-09,459507.77495471307,GLD,3731.2851746749793,0.0,122.01000213623047,False
2019-04-10,460925.6530728087,GLD,3731.2851746749793,0.0,122.01000213623047,False
2019-04-11,455030.21566463506,GLD,3731.2851746749793,0.0,122.01000213623047,False
2019-04-12,454582.47966283996,GLD,3731.2851746749793,0.0,122.01000213623047,False
2019-04-15,453724.27154698817,GLD,3731.2851746749793,0.0,122.01000213623047,False
2019-04-16,449657.18437096686,GLD,3731.2851746749793,0.0,122.01000213623047,False
2019-04-17,448798.97625511506,GLD,3731.2851746749793,0.0,122.01000213623047,False
2019-04-18,449134.80672390806,GLD,3731.2851746749793,0.0,122.01000213623047,False
2019-04-22,449134.80672390806,GLD,3731.2851746749793,0.0,122.01000213623047,False
2019-04-23,448201.98543023935,GLD,3731.2851746749793,0.0,122.01000213623047,False
2019-04-24,449507.92954788625,GLD,3731.2851746749793,0.0,122.01000213623047,False
2019-04-25,449881.0523718644,GLD,3731.2851746749793,0.0,122.01000213623047,False
2019-04-26,452866.09189858305,GLD,3731.2851746749793,0.0,122.01000213623047,False
2019-04-29,450851.19448816497,GLD,3731.2851746749793,0.0,122.01000213623047,False
2019-04-30,452231.75178362883,GLD,3731.2851746749793,0.0,122.01000213623047,False
2019-05-01,449246.74072435685,TECL,29843.95369747838,0.0,15.053191184997559,False
2019-05-02,441657.64748393925,TECL,29843.95369747838,0.0,15.053191184997559,False
2019-05-03,454133.0244221878,TECL,29843.95369747838,0.0,15.053191184997559,False
2019-05-06,443950.75499875186,TECL,29843.95369747838,0.0,15.053191184997559,False
2019-05-07,404322.0666519212,CASH,0.0,404322.0666519212,,False
2019-05-08,404322.0666519212,CASH,0.0,404322.0666519212,,False
2019-05-09,404322.0666519212,CASH,0.0,404322.0666519212,,False
2019-05-10,404322.0666519212,CASH,0.0,404322.0666519212,,False
2019-05-13,404322.0666519212,CASH,0.0,404322.0666519212,,False
2019-05-14,404322.0666519212,CASH,0.0,404322.0666519212,,False
2019-05-15,404322.0666519212,CASH,0.0,404322.0666519212,,False
2019-05-16,404322.0666519212,CASH,0.0,404322.0666519212,,False
2019-05-17,404322.0666519212,CASH,0.0,404322.0666519212,,False
2019-05-20,404322.0666519212,CASH,0.0,404322.0666519212,,False
2019-05-21,404322.0666519212,CASH,0.0,404322.0666519212,,False
2019-05-22,404322.0666519212,CASH,0.0,404322.0666519212,,False
2019-05-23,404322.0666519212,CASH,0.0,404322.0666519212,,False
2019-05-24,404322.0666519212,CASH,0.0,404322.0666519212,,False
2019-05-28,404322.0666519212,CASH,0.0,404322.0666519212,,False
2019-05-29,404322.0666519212,CASH,0.0,404322.0666519212,,False
2019-05-30,404322.0666519212,CASH,0.0,404322.0666519212,,False
2019-05-31,404322.0666519212,CASH,0.0,404322.0666519212,,False
2019-06-03,404322.06665192114,TQQQ,72230.556414826,0.0,5.597659587860107,False
2019-06-04,437091.00830378087,TQQQ,72230.556414826,0.0,5.597659587860107,False
2019-06-05,446723.80650729616,TQQQ,72230.556414826,0.0,5.597659587860107,False
2019-06-06,457044.72568945866,TQQQ,72230.556414826,0.0,5.597659587860107,False
2019-06-07,483105.0819276874,TQQQ,72230.556414826,0.0,5.597659587860107,False
2019-06-10,500736.67085341376,TQQQ,72230.556414826,0.0,5.597659587860107,False
2019-06-11,502628.8227230738,TQQQ,72230.556414826,0.0,5.597659587860107,False
2019-06-12,494114.08764628373,TQQQ,72230.556414826,0.0,5.597659587860107,False
2019-06-13,502198.8116905692,TQQQ,72230.556414826,0.0,5.597659587860107,False
2019-06-14,495662.19624772685,TQQQ,72230.556414826,0.0,5.597659587860107,False
2019-06-17,504693.08233237546,TQQQ,72230.556414826,0.0,5.597659587860107,False
2019-06-18,526539.0204721398,TQQQ,72230.556414826,0.0,5.597659587860107,False
2019-06-19,532731.5237623387,TQQQ,72230.556414826,0.0,5.597659587860107,False
2019-06-20,547352.8632494665,TQQQ,72230.556414826,0.0,5.597659587860107,False
2019-06-21,544858.6270498735,TQQQ,72230.556414826,0.0,5.597659587860107,False
2019-06-24,544686.5881946584,TQQQ,72230.556414826,0.0,5.597659587860107,False
2019-06-25,516820.15117769706,TQQQ,72230.556414826,0.0,5.597659587860107,False
2019-06-26,523356.6632938996,TQQQ,72230.556414826,0.0,5.597659587860107,False
2019-06-27,529033.2222295195,TQQQ,72230.556414826,0.0,5.597659587860107,False
2019-06-28,531269.4173673965,TQQQ,72230.556414826,0.0,5.597659587860107,False
2019-07-01,552427.268970727,TECL,36437.09137996122,0.0,15.161124229431152,False
2019-07-02,556593.4450007122,TECL,36437.09137996122,0.0,15.161124229431152,False
2019-07-03,567791.8348327051,TECL,36437.09137996122,0.0,15.161124229431152,False
2019-07-05,565792.127326866,TECL,36437.09137996122,0.0,15.161124229431152,False
2019-07-08,552127.2103349525,TECL,36437.09137996122,0.0,15.161124229431152,False
2019-07-09,557526.7020685752,TECL,36437.09137996122,0.0,15.161124229431152,False
2019-07-10,570358.1614601352,TECL,36437.09137996122,0.0,15.161124229431152,False
2019-07-11,577057.1659675927,TECL,36437.09137996122,0.0,15.161124229431152,False
2019-07-12,590055.6643704056,TECL,36437.09137996122,0.0,15.161124229431152,False
2019-07-15,594721.7759641301,TECL,36437.09137996122,0.0,15.161124229431152,False
2019-07-16,578323.7365773608,TECL,36437.09137996122,0.0,15.161124229431152,False
2019-07-17,574124.3403903635,TECL,36437.09137996122,0.0,15.161124229431152,False
2019-07-18,587289.2870694196,TECL,36437.09137996122,0.0,15.161124229431152,False
2019-07-19,577324.0391954733,TECL,36437.09137996122,0.0,15.161124229431152,False
2019-07-22,598987.6472142701,TECL,36437.09137996122,0.0,15.161124229431152,False
2019-07-23,607919.8385528438,TECL,36437.09137996122,0.0,15.161124229431152,False
2019-07-24,623584.5325488328,TECL,36437.09137996122,0.0,15.161124229431152,False
2019-07-25,608486.5271726714,TECL,36437.09137996122,0.0,15.161124229431152,False
2019-07-26,619418.2522714931,TECL,36437.09137996122,0.0,15.161124229431152,False
2019-07-29,618618.4665666885,TECL,36437.09137996122,0.0,15.161124229431152,False
2019-07-30,605820.0883356677,TECL,36437.09137996122,0.0,15.161124229431152,False
2019-07-31,577890.6235679463,TECL,36437.09137996122,0.0,15.161124229431152,False
2019-08-01,569824.9014920291,TECL,36437.09137996122,0.0,15.859954833984375,False
2019-08-02,539528.8480283692,TECL,36437.09137996122,0.0,15.859954833984375,False
2019-08-05,496401.24147265253,CASH,0.0,496401.24147265253,,False
2019-08-06,496401.24147265253,CASH,0.0,496401.24147265253,,False
2019-08-07,496401.24147265253,CASH,0.0,496401.24147265253,,False
2019-08-08,496401.24147265253,CASH,0.0,496401.24147265253,,False
2019-08-09,496401.24147265253,CASH,0.0,496401.24147265253,,False
2019-08-12,496401.24147265253,CASH,0.0,496401.24147265253,,False
2019-08-13,496401.24147265253,CASH,0.0,496401.24147265253,,False
2019-08-14,496401.24147265253,CASH,0.0,496401.24147265253,,False
2019-08-15,496401.24147265253,CASH,0.0,496401.24147265253,,False
2019-08-16,496401.24147265253,CASH,0.0,496401.24147265253,,False
2019-08-19,496401.24147265253,CASH,0.0,496401.24147265253,,False
2019-08-20,496401.24147265253,CASH,0.0,496401.24147265253,,False
2019-08-21,496401.24147265253,CASH,0.0,496401.24147265253,,False
2019-08-22,496401.24147265253,CASH,0.0,496401.24147265253,,False
2019-08-23,496401.24147265253,CASH,0.0,496401.24147265253,,False
2019-08-26,496401.24147265253,CASH,0.0,496401.24147265253,,False
2019-08-27,496401.24147265253,CASH,0.0,496401.24147265253,,False
2019-08-28,496401.24147265253,CASH,0.0,496401.24147265253,,False
2019-08-29,496401.24147265253,CASH,0.0,496401.24147265253,,False
2019-08-30,496401.24147265253,CASH,0.0,496401.24147265253,,False
2019-09-03,496401.2414726525,TECL,34978.66684226712,0.0,14.191542625427246,False
2019-09-04,521997.0981634458,TECL,34978.66684226712,0.0,14.191542625427246,False
2019-09-05,555111.8057246065,TECL,34978.66684226712,0.0,14.191542625427246,False
2019-09-06,552200.4972739153,TECL,34978.66684226712,0.0,14.191542625427246,False
2019-09-09,540458.3910951758,TECL,34978.66684226712,0.0,14.191542625427246,False
2019-09-10,531659.717367838,TECL,34978.66684226712,0.0,14.191542625427246,False
2019-09-11,547721.0171997509,TECL,34978.66684226712,0.0,14.191542625427246,False
2019-09-12,556423.7192240312,TECL,34978.66684226712,0.0,14.191542625427246,False
2019-09-13,544489.6029226643,TECL,34978.66684226712,0.0,14.191542625427246,False
2019-09-16,540714.2155618938,TECL,34978.66684226712,0.0,14.191542625427246,False
2019-09-17,546313.2320720374,TECL,34978.66684226712,0.0,14.191542625427246,False
2019-09-18,547465.1593747766,TECL,34978.66684226712,0.0,14.191542625427246,False
2019-09-19,550920.4742674079,TECL,34978.66684226712,0.0,14.191542625427246,False
2019-09-20,531115.7442841541,TECL,34978.66684226712,0.0,14.191542625427246,False
2019-09-23,535563.0002828394,TECL,34978.66684226712,0.0,14.191542625427246,False
2019-09-24,519209.9491422922,TECL,34978.66684226712,0.0,14.191542625427246,False
2019-09-25,537742.8622500612,TECL,34978.66684226712,0.0,14.191542625427246,False
2019-09-26,538927.1470613044,TECL,34978.66684226712,0.0,14.191542625427246,False
2019-09-27,517897.46855251235,TECL,34978.66684226712,0.0,14.191542625427246,False
2019-09-30,533869.86863168,TECL,34978.66684226712,0.0,14.191542625427246,False
2019-10-01,519657.9838811748,TQQQ,72566.79758227199,0.0,7.161098480224609,False
2019-10-02,493044.2664409213,TQQQ,72566.79758227199,0.0,7.161098480224609,False
2019-10-03,509289.01968749403,TQQQ,72566.79758227199,0.0,7.161098480224609,False
2019-10-04,530718.2377296344,TQQQ,72566.79758227199,0.0,7.161098480224609,False
2019-10-07,525792.9460001541,TQQQ,72566.79758227199,0.0,7.161098480224609,False
2019-10-08,501857.91541771364,TQQQ,72566.79758227199,0.0,7.161098480224609,False
2019-10-09,517065.69957957265,TQQQ,72566.79758227199,0.0,7.161098480224609,False
2019-10-10,528385.2303017562,TQQQ,72566.79758227199,0.0,7.161098480224609,False
2019-10-11,548172.6267631606,TQQQ,72566.79758227199,0.0,7.161098480224609,False
2019-10-14,548777.4446566373,TQQQ,72566.79758227199,0.0,7.161098480224609,False
2019-10-15,569601.7409976643,TQQQ,72566.79758227199,0.0,7.161098480224609,False
2019-10-16,565367.7389229628,TQQQ,72566.79758227199,0.0,7.161098480224609,False
2019-10-17,569256.0615677293,TQQQ,72566.79758227199,0.0,7.161098480224609,False
2019-10-18,552925.113380219,TQQQ,72566.79758227199,0.0,7.161098480224609,False
2019-10-21,567527.9758409646,TQQQ,72566.79758227199,0.0,7.161098480224609,False
2019-10-22,554394.129848533,TQQQ,72566.79758227199,0.0,7.161098480224609,False
2019-10-23,556986.2411374074,TQQQ,72566.79758227199,0.0,7.161098480224609,False
2019-10-24,572971.6137026196,TQQQ,72566.79758227199,0.0,7.161098480224609,False
2019-10-25,586019.36856175,TQQQ,72566.79758227199,0.0,7.161098480224609,False
2019-10-28,603905.8395814222,TQQQ,72566.79758227199,0.0,7.161098480224609,False
2019-10-29,589994.1629678187,TQQQ,72566.79758227199,0.0,7.161098480224609,False
2019-10-30,598289.4312098908,TQQQ,72566.79758227199,0.0,7.161098480224609,False
2019-10-31,598721.3401833089,TQQQ,72566.79758227199,0.0,7.161098480224609,False
2019-11-01,614966.1280324273,TQQQ,72566.79758227199,0.0,8.25062370300293,False
2019-11-04,625939.8409144937,TQQQ,72566.79758227199,0.0,8.25062370300293,False
2019-11-05,626717.6369331201,TQQQ,72566.79758227199,0.0,8.25062370300293,False
2019-11-06,622742.7733219604,TQQQ,72566.79758227199,0.0,8.25062370300293,False
2019-11-07,629050.6097584526,TQQQ,72566.79758227199,0.0,8.25062370300293,False
2019-11-08,636481.7832333241,TQQQ,72566.79758227199,0.0,8.25062370300293,False
2019-11-11,633802.9925678744,TQQQ,72566.79758227199,0.0,8.25062370300293,False
2019-11-12,638987.4919659875,TQQQ,72566.79758227199,0.0,8.25062370300293,False
2019-11-13,638037.0292451214,TQQQ,72566.79758227199,0.0,8.25062370300293,False
2019-11-14,637864.2241326994,TQQQ,72566.79758227199,0.0,8.25062370300293,False
2019-11-15,649875.0445096618,TQQQ,72566.79758227199,0.0,8.25062370300293,False
2019-11-18,653244.8480095259,TQQQ,72566.79758227199,0.0,8.25062370300293,False
2019-11-19,655923.6386749756,TQQQ,72566.79758227199,0.0,8.25062370300293,False
2019-11-20,644431.3028403702,TQQQ,72566.79758227199,0.0,8.25062370300293,False
2019-11-21,639419.608554679,TQQQ,72566.79758227199,0.0,8.25062370300293,False
2019-11-22,641147.7980890804,TQQQ,72566.79758227199,0.0,8.25062370300293,False
2019-11-25,663354.673739665,TQQQ,72566.79758227199,0.0,8.25062370300293,False
2019-11-26,667329.3989406425,TQQQ,72566.79758227199,0.0,8.25062370300293,False
2019-11-27,680809.0973757367,TQQQ,72566.79758227199,0.0,8.25062370300293,False
2019-11-29,671736.0331150382,TQQQ,72566.79758227199,0.0,8.25062370300293,False
2019-12-02,650134.009960476,TQQQ,72566.79758227199,0.0,9.256795883178711,False
2019-12-03,635531.1128971847,TQQQ,72566.79758227199,0.0,9.256795883178711,False
2019-12-04,644949.8565878181,TQQQ,72566.79758227199,0.0,9.256795883178711,False
2019-12-05,648319.5908825912,TQQQ,72566.79758227199,0.0,9.256795883178711,False
2019-12-06,668366.1604100829,TQQQ,72566.79758227199,0.0,9.256795883178711,False
2019-12-09,660157.5369420405,TQQQ,72566.79758227199,0.0,9.256795883178711,False
2019-12-10,658688.5204737264,TQQQ,72566.79758227199,0.0,9.256795883178711,False
2019-12-11,668625.6102965346,TQQQ,72566.79758227199,0.0,9.256795883178711,False
2019-12-12,683919.5893993314,TQQQ,72566.79758227199,0.0,9.256795883178711,False
2019-12-13,690054.6899284928,TQQQ,72566.79758227199,0.0,9.256795883178711,False
2019-12-16,709841.947979715,TQQQ,72566.79758227199,0.0,9.256795883178711,False
2019-12-17,710792.5491107632,TQQQ,72566.79758227199,0.0,9.256795883178711,False
2019-12-18,712434.3014864082,TQQQ,72566.79758227199,0.0,9.256795883178711,False
2019-12-19,726950.830596034,TQQQ,72566.79758227199,0.0,9.256795883178711,False
2019-12-20,735591.5014476767,TQQQ,72566.79758227199,0.0,9.256795883178711,False
2019-12-23,741035.3815271505,TQQQ,72566.79758227199,0.0,9.256795883178711,False
2019-12-24,741994.7717047656,TQQQ,72566.79758227199,0.0,9.256795883178711,False
2019-12-26,761270.8117481942,TQQQ,72566.79758227199,0.0,9.256795883178711,False
2019-12-27,759023.4456205252,TQQQ,72566.79758227199,0.0,9.256795883178711,False
2019-12-30,743896.4584024998,TQQQ,72566.79758227199,0.0,9.256795883178711,False
2019-12-31,748132.1560019327,TQQQ,72566.79758227199,0.0,9.256795883178711,False
2020-01-02,785214.5275695649,TQQQ,72566.79758227199,0.0,10.309565544128418,False
2020-01-03,763864.1341261625,TQQQ,72566.79758227199,0.0,10.309565544128418,False
2020-01-06,778385.9228227102,TQQQ,72566.79758227199,0.0,10.309565544128418,False
2020-01-07,777434.9756662066,TQQQ,72566.79758227199,0.0,10.309565544128418,False
2020-01-08,795327.8827593488,TQQQ,72566.79758227199,0.0,10.309565544128418,False
2020-01-09,815381.7880264949,TQQQ,72566.79758227199,0.0,10.309565544128418,False
2020-01-10,808726.1268022442,TQQQ,72566.79758227199,0.0,10.309565544128418,False
2020-01-13,836991.7697665311,TQQQ,72566.79758227199,0.0,10.309565544128418,False
2020-01-14,827224.0248015911,TQQQ,72566.79758227199,0.0,10.309565544128418,False
2020-01-15,827742.716959221,TQQQ,72566.79758227199,0.0,10.309565544128418,False
2020-01-16,850821.9919879357,TQQQ,72566.79758227199,0.0,10.309565544128418,False
2020-01-17,863528.5311455058,TQQQ,72566.79758227199,0.0,10.309565544128418,False
2020-01-21,863096.3453517233,TQQQ,72566.79758227199,0.0,10.309565544128418,False
2020-01-22,868974.2797624386,TQQQ,72566.79758227199,0.0,10.309565544128418,False
2020-01-23,877013.0739369754,TQQQ,72566.79758227199,0.0,10.309565544128418,False
2020-01-24,854279.4783381958,TQQQ,72566.79758227199,0.0,10.309565544128418,False
2020-01-27,801464.9210310605,TQQQ,72566.79758227199,0.0,10.309565544128418,False
2020-01-28,838720.4437365701,TQQQ,72566.79758227199,0.0,10.309565544128418,False
2020-01-29,841745.8827032298,TQQQ,72566.79758227199,0.0,10.309565544128418,False
2020-01-30,851254.1085766272,TQQQ,72566.79758227199,0.0,10.309565544128418,False
2020-01-31,809417.4856621141,TQQQ,72566.79758227199,0.0,10.309565544128418,False
2020-02-03,846586.3635935939,TQQQ,72566.79758227199,0.0,11.154102325439453,False
2020-02-04,904414.4145187885,TQQQ,72566.79758227199,0.0,11.154102325439453,False
2020-02-05,914873.3107283252,TQQQ,72566.79758227199,0.0,11.154102325439453,False
2020-02-06,937174.8589435045,TQQQ,72566.79758227199,0.0,11.154102325439453,False
2020-02-07,925073.3106921389,TQQQ,72566.79758227199,0.0,11.154102325439453,False
2020-02-10,958438.8152281505,TQQQ,72566.79758227199,0.0,11.154102325439453,False
2020-02-11,959130.3817032935,TQQQ,72566.79758227199,0.0,11.154102325439453,False
2020-02-12,987223.0811449763,TQQQ,72566.79758227199,0.0,11.154102325439453,False
2020-02-13,983419.7077495081,TQQQ,72566.79758227199,0.0,11.154102325439453,False
2020-02-14,990075.6457941231,TQQQ,72566.79758227199,0.0,11.154102325439453,False
2020-02-18,991804.4581743442,TQQQ,72566.79758227199,0.0,11.154102325439453,False
2020-02-19,1020502.2869324136,TQQQ,72566.79758227199,0.0,11.154102325439453,False
2020-02-20,991458.7787444092,TQQQ,72566.79758227199,0.0,11.154102325439453,False
2020-02-21,934754.5492932315,TQQQ,72566.79758227199,0.0,11.154102325439453,False
2020-02-24,827051.150484078,TQQQ,72566.79758227199,0.0,11.154102325439453,False
2020-02-25,760147.1286843597,TQQQ,72566.79758227199,0.0,11.154102325439453,False
2020-02-26,770606.3017142607,TQQQ,72566.79758227199,0.0,11.154102325439453,False
2020-02-27,711395.4238286724,CASH,0.0,711395.4238286724,,False
2020-02-28,711395.4238286724,CASH,0.0,711395.4238286724,,False
2020-03-02,711395.4238286724,TQQQ,68246.46641203802,0.0,10.42391586303711,False
2020-03-03,640255.8814458052,CASH,0.0,640255.8814458052,,False
2020-03-04,640255.8814458052,CASH,0.0,640255.8814458052,,False
2020-03-05,640255.8814458052,CASH,0.0,640255.8814458052,,False
2020-03-06,640255.8814458052,CASH,0.0,640255.8814458052,,False
2020-03-09,640255.8814458052,CASH,0.0,640255.8814458052,,False
2020-03-10,640255.8814458052,CASH,0.0,640255.8814458052,,False
2020-03-11,640255.8814458052,CASH,0.0,640255.8814458052,,False
2020-03-12,640255.8814458052,CASH,0.0,640255.8814458052,,False
2020-03-13,640255.8814458052,CASH,0.0,640255.8814458052,,False
2020-03-16,640255.8814458052,CASH,0.0,640255.8814458052,,False
2020-03-17,640255.8814458052,CASH,0.0,640255.8814458052,,False
2020-03-18,640255.8814458052,CASH,0.0,640255.8814458052,,False
2020-03-19,640255.8814458052,CASH,0.0,640255.8814458052,,False
2020-03-20,640255.8814458052,CASH,0.0,640255.8814458052,,False
2020-03-23,640255.8814458052,CASH,0.0,640255.8814458052,,False
2020-03-24,640255.8814458052,CASH,0.0,640255.8814458052,,False
2020-03-25,640255.8814458052,CASH,0.0,640255.8814458052,,False
2020-03-26,640255.8814458052,CASH,0.0,640255.8814458052,,False
2020-03-27,640255.8814458052,CASH,0.0,640255.8814458052,,False
2020-03-30,640255.8814458052,CASH,0.0,640255.8814458052,,False
2020-03-31,640255.8814458052,CASH,0.0,640255.8814458052,,False
2020-04-01,640255.8814458052,IEF,6154.735097018716,0.0,104.02655375954976,False
2020-04-02,640361.0322650335,IEF,6154.735097018716,0.0,104.02655375954976,False
2020-04-03,640833.9749757547,IEF,6154.735097018716,0.0,104.02655375954976,False
2020-04-06,637943.790496974,IEF,6154.735097018716,0.0,104.02655375954976,False
2020-04-07,635105.6622810338,IEF,6154.735097018716,0.0,104.02655375954976,False
2020-04-08,634317.125527144,IEF,6154.735097018716,0.0,104.02655375954976,False
2020-04-09,635683.8030061448,IEF,6154.735097018716,0.0,104.02655375954976,False
2020-04-13,634317.125527144,IEF,6154.735097018716,0.0,104.02655375954976,False
2020-04-14,635158.3320809705,IEF,6154.735097018716,0.0,104.02655375954976,False
2020-04-15,640833.9749757547,IEF,6154.735097018716,0.0,104.02655375954976,False
2020-04-16,641517.0777394491,IEF,6154.735097018716,0.0,104.02655375954976,False
2020-04-17,639835.6557301817,IEF,6154.735097018716,0.0,104.02655375954976,False
2020-04-20,641517.0777394491,IEF,6154.735097018716,0.0,104.02655375954976,False
2020-04-21,643303.9809340733,IEF,6154.735097018716,0.0,104.02655375954976,False
2020-04-22,641306.8704913148,IEF,6154.735097018716,0.0,104.02655375954976,False
2020-04-23,641727.4265730669,IEF,6154.735097018716,0.0,104.02655375954976,False
2020-04-24,641885.0584115869,IEF,6154.735097018716,0.0,104.02655375954976,False
2020-04-27,638469.2614221482,IEF,6154.735097018716,0.0,104.02655375954976,False
2020-04-28,641254.2478865394,IEF,6154.735097018716,0.0,104.02655375954976,False
2020-04-29,640939.0314046607,IEF,6154.735097018716,0.0,104.02655375954976,False
2020-04-30,639415.2884290746,IEF,6154.735097018716,0.0,104.02655375954976,False
2020-05-01,640298.9706280113,TQQQ,84638.3980809858,0.0,7.565112113952637,False
2020-05-04,662882.1437449787,TQQQ,84638.3980809858,0.0,7.565112113952637,False
2020-05-05,684054.1333963225,TQQQ,84638.3980809858,0.0,7.565112113952637,False
2020-05-06,697563.9771879129,TQQQ,84638.3980809858,0.0,7.565112113952637,False
2020-05-07,724784.8934149079,TQQQ,84638.3980809858,0.0,7.565112113952637,False
2020-05-08,754022.5355406963,TQQQ,84638.3980809858,0.0,7.565112113952637,False
2020-05-11,772774.5751896873,TQQQ,84638.3980809858,0.0,7.565112113952637,False
2020-05-12,726801.2964438357,TQQQ,84638.3980809858,0.0,7.565112113952637,False
2020-05-13,699277.8511526552,TQQQ,84638.3980809858,0.0,7.565112113952637,False
2020-05-14,722466.1227567272,TQQQ,84638.3980809858,0.0,7.565112113952637,False
2020-05-15,734866.8278420808,TQQQ,84638.3980809858,0.0,7.565112113952637,False
2020-05-18,777412.358658448,TQQQ,84638.3980809858,0.0,7.565112113952637,False
2020-05-19,771463.8849697709,TQQQ,84638.3980809858,0.0,7.565112113952637,False
2020-05-20,816630.8769434373,TQQQ,84638.3980809858,0.0,7.565112113952637,False
2020-05-21,791526.8569910777,TQQQ,84638.3980809858,0.0,7.565112113952637,False
2020-05-22,798685.0433491651,TQQQ,84638.3980809858,0.0,7.565112113952637,False
2020-05-26,795357.9501003209,TQQQ,84638.3980809858,0.0,7.565112113952637,False
2020-05-27,806548.7810813313,TQQQ,84638.3980809858,0.0,7.565112113952637,False
2020-05-28,801406.9977521717,TQQQ,84638.3980809858,0.0,7.565112113952637,False
2020-05-29,834475.7329872035,TQQQ,84638.3980809858,0.0,7.565112113952637,False
2020-06-01,844759.1382105899,TECL,47227.01072847731,0.0,17.887203216552734,False
2020-06-02,868942.2091358106,TECL,47227.01072847731,0.0,17.887203216552734,False
2020-06-03,888921.3223303603,TECL,47227.01072847731,0.0,17.887203216552734,False
2020-06-04,866775.3738409468,TECL,47227.01072847731,0.0,17.887203216552734,False
2020-06-05,933863.6752503309,TECL,47227.01072847731,0.0,17.887203216552734,False
2020-06-08,950289.1965769789,TECL,47227.01072847731,0.0,17.887203216552734,False
2020-06-09,962293.9415259081,TECL,47227.01072847731,0.0,17.887203216552734,False
2020-06-10,1013173.7204124407,TECL,47227.01072847731,0.0,17.887203216552734,False
2020-06-11,837651.6842396635,TECL,47227.01072847731,0.0,17.887203216552734,False
2020-06-12,866948.7747115606,TECL,47227.01072847731,0.0,17.887203216552734,False
2020-06-15,892301.96371952,TECL,47227.01072847731,0.0,17.887203216552734,False
2020-06-16,953106.2175778634,TECL,47227.01072847731,0.0,17.887203216552734,False
2020-06-17,951502.6423577775,TECL,47227.01072847731,0.0,17.887203216552734,False
2020-06-18,965327.691095466,TECL,47227.01072847731,0.0,17.887203216552734,False
2020-06-19,944568.4991790905,TECL,47227.01072847731,0.0,17.887203216552734,False
2020-06-22,997658.4410585467,TECL,47227.01072847731,0.0,17.887203216552734,False
2020-06-23,1019371.1125673617,TECL,47227.01072847731,0.0,17.887203216552734,False
2020-06-24,949465.7901570933,TECL,47227.01072847731,0.0,17.887203216552734,False
2020-06-25,985696.8436509287,TECL,47227.01072847731,0.0,17.887203216552734,False
2020-06-26,929096.3673665076,TECL,47227.01072847731,0.0,17.887203216552734,False
2020-06-29,955576.346759146,TECL,47227.01072847731,0.0,17.887203216552734,False
2020-06-30,1009316.5644229971,TECL,47227.01072847731,0.0,17.887203216552734,False
2020-07-01,1012263.4784396867,TQQQ,84022.85538798472,0.0,12.047477722167969,False
2020-07-02,1033781.9469669615,TQQQ,84022.85538798472,0.0,12.047477722167969,False
2020-07-06,1109746.7251306663,TQQQ,84022.85538798472,0.0,12.047477722167969,False
2020-07-07,1087928.007847804,TQQQ,84022.85538798472,0.0,12.047477722167969,False
2020-07-08,1129763.7094886866,TQQQ,84022.85538798472,0.0,12.047477722167969,False
2020-07-09,1157987.97394873,TQQQ,84022.85538798472,0.0,12.047477722167969,False
2020-07-10,1182508.9300318784,TQQQ,84022.85538798472,0.0,12.047477722167969,False
2020-07-13,1109446.556505518,TQQQ,84022.85538798472,0.0,12.047477722167969,False
2020-07-14,1132966.683403375,TQQQ,84022.85538798472,0.0,12.047477722167969,False
2020-07-15,1138571.4871018843,TQQQ,84022.85538798472,0.0,12.047477722167969,False
2020-07-16,1114150.6139372652,TQQQ,84022.85538798472,0.0,12.047477722167969,False
2020-07-17,1119354.8455703403,TQQQ,84022.85538798472,0.0,12.047477722167969,False
2020-07-20,1214636.18792324,TQQQ,84022.85538798472,0.0,12.047477722167969,False
2020-07-21,1175803.2142295488,TQQQ,84022.85538798472,0.0,12.047477722167969,False
2020-07-22,1189414.7315408268,TQQQ,84022.85538798472,0.0,12.047477722167969,False
2020-07-23,1096235.130477039,TQQQ,84022.85538798472,0.0,12.047477722167969,False
2020-07-24,1063807.703960529,TQQQ,84022.85538798472,0.0,12.047477722167969,False
2020-07-27,1120956.2523972455,TQQQ,84022.85538798472,0.0,12.047477722167969,False
2020-07-28,1078820.462261654,TQQQ,84022.85538798472,0.0,12.047477722167969,False
2020-07-29,1115551.6946662336,TQQQ,84022.85538798472,0.0,12.047477722167969,False
2020-07-30,1133667.1837026398,TQQQ,84022.85538798472,0.0,12.047477722167969,False
2020-07-31,1194819.449532717,TQQQ,84022.85538798472,0.0,12.047477722167969,False
2020-08-03,1239357.3899738858,TQQQ,84022.85538798472,0.0,14.220171928405762,False
2020-08-04,1255471.1405092704,TQQQ,84022.85538798472,0.0,14.220171928405762,False
2020-08-05,1265479.6727535,TQQQ,84022.85538798472,0.0,14.220171928405762,False
2020-08-06,1313921.087408622,TQQQ,84022.85538798472,0.0,14.220171928405762,False
2020-08-07,1270984.3134030409,TQQQ,84022.85538798472,0.0,14.220171928405762,False
2020-08-10,1253869.653551926,TQQQ,84022.85538798472,0.0,14.220171928405762,False
2020-08-11,1182709.256129815,TQQQ,84022.85538798472,0.0,14.220171928405762,False
2020-08-12,1271184.6395009775,TQQQ,84022.85538798472,0.0,14.220171928405762,False
2020-08-13,1280092.339771826,TQQQ,84022.85538798472,0.0,14.220171928405762,False
2020-08-14,1276389.031394931,TQQQ,84022.85538798472,0.0,14.220171928405762,False
2020-08-17,1318524.9817914008,TQQQ,84022.85538798472,0.0,14.220171928405762,False
2020-08-18,1357258.0328274413,TQQQ,84022.85538798472,0.0,14.220171928405762,False
2020-08-19,1330735.5786345887,TQQQ,84022.85538798472,0.0,14.220171928405762,False
2020-08-20,1385482.2171570454,TQQQ,84022.85538798472,0.0,14.220171928405762,False
2020-08-21,1414407.222307671,TQQQ,84022.85538798472,0.0,14.220171928405762,False
2020-08-24,1440628.9469623012,TQQQ,84022.85538798472,0.0,14.220171928405762,False
2020-08-25,1474257.9294142346,TQQQ,84022.85538798472,0.0,14.220171928405762,False
2020-08-26,1568638.2851090548,TQQQ,84022.85538798472,0.0,14.220171928405762,False
2020-08-27,1554426.0298952842,TQQQ,84022.85538798472,0.0,14.220171928405762,False
2020-08-28,1578446.571385787,TQQQ,84022.85538798472,0.0,14.220171928405762,False
2020-08-31,1614977.878344626,TQQQ,84022.85538798472,0.0,14.220171928405762,False
2020-09-01,1698849.2872025706,TECL,46586.788913609984,0.0,36.466331481933594,False
2020-09-02,1742327.4941471985,TECL,46586.788913609984,0.0,36.466331481933594,False
2020-09-03,1528964.3584823136,CASH,0.0,1528964.3584823136,,False
2020-09-04,1528964.3584823136,CASH,0.0,1528964.3584823136,,False
2020-09-08,1528964.3584823136,CASH,0.0,1528964.3584823136,,False
2020-09-09,1528964.3584823136,CASH,0.0,1528964.3584823136,,False
2020-09-10,1528964.3584823136,CASH,0.0,1528964.3584823136,,False
2020-09-11,1528964.3584823136,CASH,0.0,1528964.3584823136,,False
2020-09-14,1528964.3584823136,CASH,0.0,1528964.3584823136,,False
2020-09-15,1528964.3584823136,CASH,0.0,1528964.3584823136,,False
2020-09-16,1528964.3584823136,CASH,0.0,1528964.3584823136,,False
2020-09-17,1528964.3584823136,CASH,0.0,1528964.3584823136,,False
2020-09-18,1528964.3584823136,CASH,0.0,1528964.3584823136,,False
2020-09-21,1528964.3584823136,CASH,0.0,1528964.3584823136,,False
2020-09-22,1528964.3584823136,CASH,0.0,1528964.3584823136,,False
2020-09-23,1528964.3584823136,CASH,0.0,1528964.3584823136,,False
2020-09-24,1528964.3584823136,CASH,0.0,1528964.3584823136,,False
2020-09-25,1528964.3584823136,CASH,0.0,1528964.3584823136,,False
2020-09-28,1528964.3584823136,CASH,0.0,1528964.3584823136,,False
2020-09-29,1528964.3584823136,CASH,0.0,1528964.3584823136,,False
2020-09-30,1528964.3584823136,CASH,0.0,1528964.3584823136,,False
2020-10-01,1528964.3584823136,TECL,52804.46150846264,0.0,28.955211639404297,False
2020-10-02,1411262.4032134179,TECL,52804.46150846264,0.0,28.955211639404297,False
2020-10-05,1506674.0809866083,TECL,52804.46150846264,0.0,28.955211639404297,False
2020-10-06,1435539.314016112,TECL,52804.46150846264,0.0,28.955211639404297,False
2020-10-07,1512295.2712593407,TECL,52804.46150846264,0.0,28.955211639404297,False
2020-10-08,1535166.5823442992,TECL,52804.46150846264,0.0,28.955211639404297,False
2020-10-09,1608530.8101453912,TECL,52804.46150846264,0.0,28.955211639404297,False
2020-10-12,1738201.5134837062,TECL,52804.46150846264,0.0,28.955211639404297,False
2020-10-13,1706559.606624898,TECL,52804.46150846264,0.0,28.955211639404297,False
2020-10-14,1678309.026342157,TECL,52804.46150846264,0.0,28.955211639404297,False
2020-10-15,1654226.0955520999,TECL,52804.46150846264,0.0,28.955211639404297,False
2020-10-16,1641917.73138579,TECL,52804.46150846264,0.0,28.955211639404297,False
2020-10-19,1551836.072433342,TECL,52804.46150846264,0.0,28.955211639404297,False
2020-10-20,1566082.3231121874,TECL,52804.46150846264,0.0,28.955211639404297,False
2020-10-21,1561333.5393137333,TECL,52804.46150846264,0.0,28.955211639404297,False
2020-10-22,1540061.0022270072,TECL,52804.46150846264,0.0,28.955211639404297,False
2020-10-23,1531193.315730322,TECL,52804.46150846264,0.0,28.955211639404297,False
2020-10-26,1431420.2098848461,TECL,52804.46150846264,0.0,28.955211639404297,False
2020-10-27,1454437.5599201282,TECL,52804.46150846264,0.0,28.955211639404297,False
2020-10-28,1370703.8137849893,CASH,0.0,1370703.8137849893,,False
2020-10-29,1370703.8137849893,CASH,0.0,1370703.8137849893,,False
2020-10-30,1370703.8137849893,CASH,0.0,1370703.8137849893,,False
2020-11-02,1370703.8137849893,TQQQ,97942.1218573237,0.0,13.995038986206055,False
2020-11-03,1439653.3392085326,TQQQ,97942.1218573237,0.0,13.995038986206055,False
2020-11-04,1634251.6778561084,TQQQ,97942.1218573237,0.0,13.995038986206055,False
2020-11-05,1760366.7682716001,TQQQ,97942.1218573237,0.0,13.995038986206055,False
2020-11-06,1766316.6595167855,TQQQ,97942.1218573237,0.0,13.995038986206055,False
2020-11-09,1658518.2672673983,TQQQ,97942.1218573237,0.0,13.995038986206055,False
2020-11-10,1569035.0787059376,TQQQ,97942.1218573237,0.0,13.995038986206055,False
2020-11-11,1674501.1509491666,TQQQ,97942.1218573237,0.0,13.995038986206055,False
2020-11-12,1650001.6097519193,TQQQ,97942.1218573237,0.0,13.995038986206055,False
2020-11-13,1693283.9394969584,TQQQ,97942.1218573237,0.0,13.995038986206055,False
2020-11-16,1732250.4030744145,TQQQ,97942.1218573237,0.0,13.995038986206055,False
2020-11-17,1716267.3325828738,TQQQ,97942.1218573237,0.0,13.995038986206055,False
2020-11-18,1676484.1366812747,TQQQ,97942.1218573237,0.0,13.995038986206055,False
2020-11-19,1718017.3665290244,TQQQ,97942.1218573237,0.0,13.995038986206055,False
2020-11-20,1683134.5645722826,TQQQ,97942.1218573237,0.0,13.995038986206055,False
2020-11-23,1683484.085656105,TQQQ,97942.1218573237,0.0,13.995038986206055,False
2020-11-24,1752316.761567125,TQQQ,97942.1218573237,0.0,13.995038986206055,False
2020-11-25,1785333.3338993958,TQQQ,97942.1218573237,0.0,13.995038986206055,False
2020-11-27,1834099.6513177054,TQQQ,97942.1218573237,0.0,13.995038986206055,False
2020-11-30,1843549.797264964,TQQQ,97942.1218573237,0.0,13.995038986206055,False
2020-12-01,1915998.736746606,TQQQ,97942.1218573237,0.0,18.82284927368164,False
2020-12-02,1923699.0355574863,TQQQ,97942.1218573237,0.0,18.82284927368164,False
2020-12-03,1931515.3432369148,TQQQ,97942.1218573237,0.0,18.82284927368164,False
2020-12-04,1955198.3389197916,TQQQ,97942.1218573237,0.0,18.82284927368164,False
2020-12-07,1988331.480549927,TQQQ,97942.1218573237,0.0,18.82284927368164,False
2020-12-08,2006531.6094181668,TQQQ,97942.1218573237,0.0,18.82284927368164,False
2020-12-09,1872132.4396536092,TQQQ,97942.1218573237,0.0,18.82284927368164,False
2020-12-10,1895115.6459297524,TQQQ,97942.1218573237,0.0,18.82284927368164,False
2020-12-11,1881815.7241965977,TQQQ,97942.1218573237,0.0,18.82284927368164,False
2020-12-14,1921948.8148015635,TQQQ,97942.1218573237,0.0,18.82284927368164,False
2020-12-15,1981681.613088236,TQQQ,97942.1218573237,0.0,18.82284927368164,False
2020-12-16,2014930.950396692,TQQQ,97942.1218573237,0.0,18.82284927368164,False
2020-12-17,2056231.0416487118,TQQQ,97942.1218573237,0.0,18.82284927368164,False
2020-12-18,2033831.0554814374,TQQQ,97942.1218573237,0.0,18.82284927368164,False
2020-12-21,2026247.6995879663,TQQQ,97942.1218573237,0.0,18.82284927368164,False
2020-12-22,2042231.1436990513,TQQQ,97942.1218573237,0.0,18.82284927368164,False
2020-12-23,2011431.256123935,TQQQ,97942.1218573237,0.0,18.82284927368164,False
2020-12-24,2037564.6355890126,TQQQ,97942.1218573237,0.0,18.82284927368164,False
2020-12-28,2098697.0126891523,TQQQ,97942.1218573237,0.0,18.82284927368164,False
2020-12-29,2104880.7897691564,TQQQ,97942.1218573237,0.0,18.82284927368164,False
2020-12-30,2104530.334636473,TQQQ,97942.1218573237,0.0,18.82284927368164,False
2020-12-31,2120980.429558562,TQQQ,97942.1218573237,0.0,18.82284927368164,False
2021-01-04,2028231.245749391,TQQQ,97942.1218573237,0.0,21.655447006225586,False
2021-01-05,2079097.6786269902,TQQQ,97942.1218573237,0.0,21.655447006225586,False
2021-01-06,1993114.744767603,TQQQ,97942.1218573237,0.0,21.655447006225586,False
2021-01-07,2137080.0693479674,TQQQ,97942.1218573237,0.0,21.655447006225586,False
2021-01-08,2219912.456398876,TQQQ,97942.1218573237,0.0,21.655447006225586,False
2021-01-11,2121796.601453388,TQQQ,97942.1218573237,0.0,21.655447006225586,False
2021-01-12,2112580.52815072,TQQQ,97942.1218573237,0.0,21.655447006225586,False
2021-01-13,2153646.359948377,TQQQ,97942.1218573237,0.0,21.655447006225586,False
2021-01-14,2120863.860260697,TQQQ,97942.1218573237,0.0,21.655447006225586,False
2021-01-15,2069297.0775470478,TQQQ,97942.1218573237,0.0,21.655447006225586,False
2021-01-19,2159013.217894466,TQQQ,97942.1218573237,0.0,21.655447006225586,False
2021-01-20,2309511.840638657,TQQQ,97942.1218573237,0.0,21.655447006225586,False
2021-01-21,2366911.945299627,TQQQ,97942.1218573237,0.0,21.655447006225586,False
2021-01-22,2345444.8871348156,TQQQ,97942.1218573237,0.0,21.655447006225586,False
2021-01-25,2410544.1697480325,TQQQ,97942.1218573237,0.0,21.655447006225586,False
2021-01-26,2413110.7492085537,TQQQ,97942.1218573237,0.0,21.655447006225586,False
2021-01-27,2218512.6907756366,TQQQ,97942.1218573237,0.0,21.655447006225586,False
2021-01-28,2251179.181594768,TQQQ,97942.1218573237,0.0,21.655447006225586,False
2021-01-29,2110947.250312207,TQQQ,97942.1218573237,0.0,21.655447006225586,False
2021-02-01,2266112.7547859806,TQQQ,97942.1218573237,0.0,21.553007125854492,False
2021-02-02,2375777.7502793837,TQQQ,97942.1218573237,0.0,21.553007125854492,False
2021-02-03,2348477.7437867965,TQQQ,97942.1218573237,0.0,21.553007125854492,False
2021-02-04,2431544.2034822954,TQQQ,97942.1218573237,0.0,21.553007125854492,False
2021-02-05,2456977.0463015507,TQQQ,97942.1218573237,0.0,21.553007125854492,False
2021-02-08,2505043.7611228987,TQQQ,97942.1218573237,0.0,21.553007125854492,False
2021-02-09,2503876.5736660725,TQQQ,97942.1218573237,0.0,21.553007125854492,False
2021-02-10,2486143.8428479256,TQQQ,97942.1218573237,0.0,21.553007125854492,False
2021-02-11,2526276.3730235747,TQQQ,97942.1218573237,0.0,21.553007125854492,False
2021-02-12,2569209.3684945633,TQQQ,97942.1218573237,0.0,21.553007125854492,False
2021-02-16,2547743.057568841,TQQQ,97942.1218573237,0.0,21.553007125854492,False
2021-02-17,2512276.8486934584,TQQQ,97942.1218573237,0.0,21.553007125854492,False
2021-02-18,2478443.9176565893,TQQQ,97942.1218573237,0.0,21.553007125854492,False
2021-02-19,2445777.0532179135,TQQQ,97942.1218573237,0.0,21.553007125854492,False
2021-02-22,2256312.3405158105,TQQQ,97942.1218573237,0.0,21.553007125854492,False
2021-02-23,2236245.6084035556,TQQQ,97942.1218573237,0.0,21.553007125854492,False
2021-02-24,2290145.458362452,TQQQ,97942.1218573237,0.0,21.553007125854492,False
2021-02-25,2050980.93981026,TQQQ,97942.1218573237,0.0,21.553007125854492,False
2021-02-26,2081780.8273853762,TQQQ,97942.1218573237,0.0,21.553007125854492,False
2021-03-01,2263312.6631101854,TECL,55863.000598760234,0.0,40.51541519165039,False
2021-03-02,2157450.3334995615,TECL,55863.000598760234,0.0,40.51541519165039,False
2021-03-03,2036981.396799167,CASH,0.0,2036981.396799167,,False
2021-03-04,2036981.396799167,CASH,0.0,2036981.396799167,,False
2021-03-05,2036981.396799167,CASH,0.0,2036981.396799167,,False
2021-03-08,2036981.396799167,CASH,0.0,2036981.396799167,,False
2021-03-09,2036981.396799167,CASH,0.0,2036981.396799167,,False
2021-03-10,2036981.396799167,CASH,0.0,2036981.396799167,,False
2021-03-11,2036981.396799167,CASH,0.0,2036981.396799167,,False
2021-03-12,2036981.396799167,CASH,0.0,2036981.396799167,,False
2021-03-15,2036981.396799167,CASH,0.0,2036981.396799167,,False
2021-03-16,2036981.396799167,CASH,0.0,2036981.396799167,,False
2021-03-17,2036981.396799167,CASH,0.0,2036981.396799167,,False
2021-03-18,2036981.396799167,CASH,0.0,2036981.396799167,,False
2021-03-19,2036981.396799167,CASH,0.0,2036981.396799167,,False
2021-03-22,2036981.396799167,CASH,0.0,2036981.396799167,,False
2021-03-23,2036981.396799167,CASH,0.0,2036981.396799167,,False
2021-03-24,2036981.396799167,CASH,0.0,2036981.396799167,,False
2021-03-25,2036981.396799167,CASH,0.0,2036981.396799167,,False
2021-03-26,2036981.396799167,CASH,0.0,2036981.396799167,,False
2021-03-29,2036981.396799167,CASH,0.0,2036981.396799167,,False
2021-03-30,2036981.396799167,CASH,0.0,2036981.396799167,,False
2021-03-31,2036981.396799167,CASH,0.0,2036981.396799167,,False
2021-04-01,2036981.396799167,TQQQ,89159.00282271332,0.0,22.846614837646484,False
2021-04-05,2159327.252191184,TQQQ,89159.00282271332,0.0,22.846614837646484,False
2021-04-06,2154230.1246742373,TQQQ,89159.00282271332,0.0,22.846614837646484,False
2021-04-07,2170160.2424519043,TQQQ,89159.00282271332,0.0,22.846614837646484,False
2021-04-08,2237918.2140299063,TQQQ,89159.00282271332,0.0,22.846614837646484,False
2021-04-09,2278487.934314179,TQQQ,89159.00282271332,0.0,22.846614837646484,False
2021-04-12,2269566.898301383,TQQQ,89159.00282271332,0.0,22.846614837646484,False
2021-04-13,2347307.7436867235,TQQQ,89159.00282271332,0.0,22.846614837646484,False
2021-04-14,2264893.723638663,TQQQ,89159.00282271332,0.0,22.846614837646484,False
2021-04-15,2364937.5841992483,TQQQ,89159.00282271332,0.0,22.846614837646484,False
2021-04-16,2374920.6280638888,TQQQ,89159.00282271332,0.0,22.846614837646484,False
2021-04-19,2310136.788642958,TQQQ,89159.00282271332,0.0,22.846614837646484,False
2021-04-20,2259583.3442648365,TQQQ,89159.00282271332,0.0,22.846614837646484,False
2021-04-21,2316721.0672670915,TQQQ,89159.00282271332,0.0,22.846614837646484,False
2021-04-22,2232395.603143013,TQQQ,89159.00282271332,0.0,22.846614837646484,False
2021-04-23,2316508.49563942,TQQQ,89159.00282271332,0.0,22.846614837646484,False
2021-04-26,2362388.7653548215,TQQQ,89159.00282271332,0.0,22.846614837646484,False
2021-04-27,2331377.4558517537,TQQQ,89159.00282271332,0.0,22.846614837646484,False
2021-04-28,2307375.0580562553,TQQQ,89159.00282271332,0.0,22.846614837646484,False
2021-04-29,2330527.679512976,TQQQ,89159.00282271332,0.0,22.846614837646484,False
2021-04-30,2286771.765615868,TQQQ,89159.00282271332,0.0,22.846614837646484,False
2021-05-03,2249387.898829827,TECL,51512.25296489788,0.0,43.66704559326172,False
2021-05-04,2125346.148453797,TECL,51512.25296489788,0.0,43.66704559326172,False
2021-05-05,2111563.382405526,TECL,51512.25296489788,0.0,43.66704559326172,False
2021-05-06,2175722.6103186235,TECL,51512.25296489788,0.0,43.66704559326172,False
2021-05-07,2227050.935866624,TECL,51512.25296489788,0.0,43.66704559326172,False
2021-05-10,2062612.1615180036,TECL,51512.25296489788,0.0,43.66704559326172,False
2021-05-11,1943797.984550133,CASH,0.0,1943797.984550133,,False
2021-05-12,1943797.984550133,CASH,0.0,1943797.984550133,,False
2021-05-13,1943797.984550133,CASH,0.0,1943797.984550133,,False
2021-05-14,1943797.984550133,CASH,0.0,1943797.984550133,,False
2021-05-17,1943797.984550133,CASH,0.0,1943797.984550133,,False
2021-05-18,1943797.984550133,CASH,0.0,1943797.984550133,,False
2021-05-19,1943797.984550133,CASH,0.0,1943797.984550133,,False
2021-05-20,1943797.984550133,CASH,0.0,1943797.984550133,,False
2021-05-21,1943797.984550133,CASH,0.0,1943797.984550133,,False
2021-05-24,1943797.984550133,CASH,0.0,1943797.984550133,,False
2021-05-25,1943797.984550133,CASH,0.0,1943797.984550133,,False
2021-05-26,1943797.984550133,CASH,0.0,1943797.984550133,,False
2021-05-27,1943797.984550133,CASH,0.0,1943797.984550133,,False
2021-05-28,1943797.984550133,CASH,0.0,1943797.984550133,,False
2021-06-01,1943797.984550133,TQQQ,80315.04988325392,0.0,24.202163696289062,False
2021-06-02,1953939.083149131,TQQQ,80315.04988325392,0.0,24.202163696289062,False
2021-06-03,1892519.7186297409,TQQQ,80315.04988325392,0.0,24.202163696289062,False
2021-06-04,1989527.7521131882,TQQQ,80315.04988325392,0.0,24.202163696289062,False
2021-06-07,2007130.8303776814,TQQQ,80315.04988325392,0.0,24.202163696289062,False
2021-06-08,2009426.8241209106,TQQQ,80315.04988325392,0.0,24.202163696289062,False
2021-06-09,2011722.9710529407,TQQQ,80315.04988325392,0.0,24.202163696289062,False
2021-06-10,2073333.6683842663,TQQQ,80315.04988325392,0.0,24.202163696289062,False
2021-06-11,2089788.749777145,TQQQ,80315.04988325392,0.0,24.202163696289062,False
2021-06-14,2148338.1221174984,TQQQ,80315.04988325392,0.0,24.202163696289062,False
2021-06-15,2108539.8249132526,TQQQ,80315.04988325392,0.0,24.202163696289062,False
2021-06-16,2085961.6339720276,TQQQ,80315.04988325392,0.0,24.202163696289062,False
2021-06-17,2163835.9266954954,TQQQ,80315.04988325392,0.0,24.202163696289062,False
2021-06-18,2112174.995151232,TQQQ,80315.04988325392,0.0,24.202163696289062,False
2021-06-21,2150825.2954838625,TQQQ,80315.04988325392,0.0,24.202163696289062,False
2021-06-22,2210905.1771309017,TQQQ,80315.04988325392,0.0,24.202163696289062,False
2021-06-23,2214731.986558418,TQQQ,80315.04988325392,0.0,24.202163696289062,False
2021-06-24,2255486.4882559404,TQQQ,80315.04988325392,0.0,24.202163696289062,False
2021-06-25,2248407.6337807183,TQQQ,80315.04988325392,0.0,24.202163696289062,False
2021-06-28,2328003.7686228077,TQQQ,80315.04988325392,0.0,24.202163696289062,False
2021-06-29,2354217.282990813,TQQQ,80315.04988325392,0.0,24.202163696289062,False
2021-06-30,2343885.0047686794,TQQQ,80315.04988325392,0.0,24.202163696289062,False
2021-07-01,2345032.695262693,TECL,45567.2743575922,0.0,51.46308898925781,False
2021-07-02,2443828.4227576186,TECL,45567.2743575922,0.0,51.46308898925781,False
2021-07-06,2469893.535023858,TECL,45567.2743575922,0.0,51.46308898925781,False
2021-07-07,2508991.5510739298,TECL,45567.2743575922,0.0,51.46308898925781,False
2021-07-08,2439203.799137457,TECL,45567.2743575922,0.0,51.46308898925781,False
2021-07-09,2504787.4109920943,TECL,45567.2743575922,0.0,51.46308898925781,False
2021-07-12,2510252.4802128384,TECL,45567.2743575922,0.0,51.46308898925781,False
2021-07-13,2544725.8726427485,TECL,45567.2743575922,0.0,51.46308898925781,False
2021-07-14,2601481.068446102,TECL,45567.2743575922,0.0,51.46308898925781,False
2021-07-15,2533795.5603759037,TECL,45567.2743575922,0.0,51.46308898925781,False
2021-07-16,2457281.2886037077,TECL,45567.2743575922,0.0,51.46308898925781,False
2021-07-19,2358485.039632711,TECL,45567.2743575922,0.0,51.46308898925781,False
2021-07-20,2459383.1848192685,TECL,45567.2743575922,0.0,51.46308898925781,False
2021-07-21,2532113.6262225984,TECL,45567.2743575922,0.0,51.46308898925781,False
2021-07-22,2588028.0287746564,TECL,45567.2743575922,0.0,51.46308898925781,False
2021-07-23,2662440.056680578,TECL,45567.2743575922,0.0,51.46308898925781,False
2021-07-26,2660337.98663966,TECL,45567.2743575922,0.0,51.46308898925781,False
2021-07-27,2583823.714867464,TECL,45567.2743575922,0.0,51.46308898925781,False
2021-07-28,2571632.125810997,TECL,45567.2743575922,0.0,51.46308898925781,False
2021-07-29,2610309.484497386,TECL,45567.2743575922,0.0,51.46308898925781,False
2021-07-30,2604844.2414512853,TECL,45567.2743575922,0.0,51.46308898925781,False
2021-08-02,2573734.195851915,TQQQ,81412.22251123999,0.0,31.613609313964844,False
2021-08-03,2618537.2539740214,TQQQ,81412.22251123999,0.0,31.613609313964844,False
2021-08-04,2631532.451418023,TQQQ,81412.22251123999,0.0,31.613609313964844,False
2021-08-05,2680989.6063974043,TQQQ,81412.22251123999,0.0,31.613609313964844,False
2021-08-06,2646078.2898341566,TQQQ,81412.22251123999,0.0,31.613609313964844,False
2021-08-09,2660237.1667739684,TQQQ,81412.22251123999,0.0,31.613609313964844,False
2021-08-10,2620476.409237389,TQQQ,81412.22251123999,0.0,31.613609313964844,False
2021-08-11,2606318.774549508,TQQQ,81412.22251123999,0.0,31.613609313964844,False
2021-08-12,2633472.2278073556,TQQQ,81412.22251123999,0.0,31.613609313964844,False
2021-08-13,2659848.9630457154,TQQQ,81412.22251123999,0.0,31.613609313964844,False
2021-08-16,2664504.302154921,TQQQ,81412.22251123999,0.0,31.613609313964844,False
2021-08-17,2594488.033008773,TQQQ,81412.22251123999,0.0,31.613609313964844,False
2021-08-18,2519040.793704371,TQQQ,81412.22251123999,0.0,31.613609313964844,False
2021-08-19,2554921.532617811,TQQQ,81412.22251123999,0.0,31.613609313964844,False
2021-08-20,2633859.189283678,TQQQ,81412.22251123999,0.0,31.613609313964844,False
2021-08-23,2751200.4432521528,TQQQ,81412.22251123999,0.0,31.613609313964844,False
2021-08-24,2778352.65425807,TQQQ,81412.22251123999,0.0,31.613609313964844,False
2021-08-25,2781456.4207061953,TQQQ,81412.22251123999,0.0,31.613609313964844,False
2021-08-26,2734326.0035924683,TQQQ,81412.22251123999,0.0,31.613609313964844,False
2021-08-27,2814234.1695789667,TQQQ,81412.22251123999,0.0,31.613609313964844,False
2021-08-30,2907524.4944857885,TQQQ,81412.22251123999,0.0,31.613609313964844,False
2021-08-31,2899379.048578101,TQQQ,81412.22251123999,0.0,31.613609313964844,False
2021-09-01,2915283.600043119,TQQQ,81412.22251123999,0.0,35.61355972290039,False
2021-09-02,2911210.2559633097,TQQQ,81412.22251123999,0.0,35.61355972290039,False
2021-09-03,2937393.8210264915,TQQQ,81412.22251123999,0.0,35.61355972290039,False
2021-09-07,2949418.198586879,TQQQ,81412.22251123999,0.0,35.61355972290039,False
2021-09-08,2919162.2211328363,TQQQ,81412.22251123999,0.0,35.61355972290039,False
2021-09-09,2887935.113232197,TQQQ,81412.22251123999,0.0,35.61355972290039,False
2021-09-10,2822961.921079033,TQQQ,81412.22251123999,0.0,35.61355972290039,False
2021-09-13,2816562.4602595344,TQQQ,81412.22251123999,0.0,35.61355972290039,False
2021-09-14,2792318.361022703,TQQQ,81412.22251123999,0.0,35.61355972290039,False
2021-09-15,2854189.028979672,TQQQ,81412.22251123999,0.0,35.61355972290039,False
2021-09-16,2859812.392905648,TQQQ,81412.22251123999,0.0,35.61355972290039,False
2021-09-17,2758764.2046934264,TQQQ,81412.22251123999,0.0,35.61355972290039,False
2021-09-20,2609441.143720291,CASH,0.0,2609441.143720291,,False
2021-09-21,2609441.143720291,CASH,0.0,2609441.143720291,,False
2021-09-22,2609441.143720291,CASH,0.0,2609441.143720291,,False
2021-09-23,2609441.143720291,CASH,0.0,2609441.143720291,,False
2021-09-24,2609441.143720291,CASH,0.0,2609441.143720291,,False
2021-09-27,2609441.143720291,CASH,0.0,2609441.143720291,,False
2021-09-28,2609441.143720291,CASH,0.0,2609441.143720291,,False
2021-09-29,2609441.143720291,CASH,0.0,2609441.143720291,,False
2021-09-30,2609441.143720291,CASH,0.0,2609441.143720291,,False
2021-10-01,2609441.143720291,TECL,47840.512576874964,0.0,54.54458999633789,False
2021-10-04,2427151.3878815626,TECL,47840.512576874964,0.0,54.54458999633789,False
2021-10-05,2531316.701936447,TECL,47840.512576874964,0.0,54.54458999633789,False
2021-10-06,2582958.62853377,TECL,47840.512576874964,0.0,54.54458999633789,False
2021-10-07,2654020.9811025746,TECL,47840.512576874964,0.0,54.54458999633789,False
2021-10-08,2625772.4417453436,TECL,47840.512576874964,0.0,54.54458999633789,False
2021-10-11,2580751.5089387964,TECL,47840.512576874964,0.0,54.54458999633789,False
2021-10-12,2541910.109504615,TECL,47840.512576874964,0.0,54.54458999633789,False
2021-10-13,2586489.399395681,TECL,47840.512576874964,0.0,54.54458999633789,False
2021-10-14,2759952.1368310954,TECL,47840.512576874964,0.0,54.54458999633789,False
2021-10-15,2828365.726889445,TECL,47840.512576874964,0.0,54.54458999633789,False
2021-10-18,2899429.356937757,TECL,47840.512576874964,0.0,54.54458999633789,False
2021-10-19,2982407.673359233,TECL,47840.512576874964,0.0,54.54458999633789,False
2021-10-20,2959015.198604503,TECL,47840.512576874964,0.0,54.54458999633789,False
2021-10-21,2992559.9855031366,TECL,47840.512576874964,0.0,54.54458999633789,False
2021-10-22,2961663.048629596,TECL,47840.512576874964,0.0,54.54458999633789,False
2021-10-25,2993442.54134581,TECL,47840.512576874964,0.0,54.54458999633789,False
2021-10-26,3017719.031919793,TECL,47840.512576874964,0.0,54.54458999633789,False
2021-10-27,3005359.6001809156,TECL,47840.512576874964,0.0,54.54458999633789,False
2021-10-28,3093635.624120374,TECL,47840.512576874964,0.0,54.54458999633789,False
2021-10-29,3136449.437331948,TECL,47840.512576874964,0.0,54.54458999633789,False
2021-11-01,3135125.603567938,TECL,47840.512576874964,0.0,65.56053161621094,False
2021-11-02,3209718.3620045087,TECL,47840.512576874964,0.0,65.56053161621094,False
2021-11-03,3265773.7978034886,TECL,47840.512576874964,0.0,65.56053161621094,False
2021-11-04,3416285.3384055104,TECL,47840.512576874964,0.0,65.56053161621094,False
2021-11-05,3463071.3828974045,TECL,47840.512576874964,0.0,65.56053161621094,False
2021-11-08,3523540.6928921863,TECL,47840.512576874964,0.0,65.56053161621094,False
2021-11-09,3482051.078438767,TECL,47840.512576874964,0.0,65.56053161621094,False
2021-11-10,3304174.1018134058,TECL,47840.512576874964,0.0,65.56053161621094,False
2021-11-11,3357139.1321864487,TECL,47840.512576874964,0.0,65.56053161621094,False
2021-11-12,3476312.6404906656,TECL,47840.512576874964,0.0,65.56053161621094,False
2021-11-15,3465719.4154195697,TECL,47840.512576874964,0.0,65.56053161621094,False
2021-11-16,3573416.0478275823,TECL,47840.512576874964,0.0,65.56053161621094,False
2021-11-17,3540312.5388502856,TECL,47840.512576874964,0.0,65.56053161621094,False
2021-11-18,3642712.741219823,TECL,47840.512576874964,0.0,65.56053161621094,False
2021-11-19,3728782.375552598,TECL,47840.512576874964,0.0,65.56053161621094,False
2021-11-22,3604313.167198196,TECL,47840.512576874964,0.0,65.56053161621094,False
2021-11-23,3579154.1207815395,TECL,47840.512576874964,0.0,65.56053161621094,False
2021-11-24,3653747.6092064003,TECL,47840.512576874964,0.0,65.56053161621094,False
2021-11-26,3382298.9085913952,TECL,47840.512576874964,0.0,65.56053161621094,False
2021-11-29,3630795.6823847173,TECL,47840.512576874964,0.0,65.56053161621094,False
2021-11-30,3540754.1817657673,TECL,47840.512576874964,0.0,65.56053161621094,False
2021-12-01,3392891.7686683456,TQQQ,91823.73870028277,0.0,36.950050354003906,False
2021-12-02,3456768.7866027006,TQQQ,91823.73870028277,0.0,36.950050354003906,False
2021-12-03,3283076.960681244,TQQQ,91823.73870028277,0.0,36.950050354003906,False
2021-12-06,3359860.386834557,TQQQ,91823.73870028277,0.0,36.950050354003906,False
2021-12-07,3662835.9203582145,TQQQ,91823.73870028277,0.0,36.950050354003906,False
2021-12-08,3713805.1289545516,TQQQ,91823.73870028277,0.0,36.950050354003906,False
2021-12-09,3553457.9112379923,TQQQ,91823.73870028277,0.0,36.950050354003906,False
2021-12-10,3663491.9943579463,TQQQ,91823.73870028277,0.0,36.950050354003906,False
2021-12-13,3505988.69805293,TQQQ,91823.73870028277,0.0,36.950050354003906,False
2021-12-14,3401642.4577560625,TQQQ,91823.73870028277,0.0,36.950050354003906,False
2021-12-15,3626740.291140736,TQQQ,91823.73870028277,0.0,36.950050354003906,False
2021-12-16,3350016.1243206994,TQQQ,91823.73870028277,0.0,36.950050354003906,False
2021-12-17,3298826.9400319806,TQQQ,91823.73870028277,0.0,36.950050354003906,False
2021-12-20,3200168.8928379645,TQQQ,91823.73870028277,0.0,36.950050354003906,False
2021-12-21,3414111.7168283765,TQQQ,91823.73870028277,0.0,36.950050354003906,False
2021-12-22,3535957.5839018533,TQQQ,91823.73870028277,0.0,36.950050354003906,False
2021-12-23,3619959.5754510383,TQQQ,91823.73870028277,0.0,36.950050354003906,False
2021-12-27,3792994.276533469,TQQQ,91823.73870028277,0.0,36.950050354003906,False
2021-12-28,3748369.3350397153,TQQQ,91823.73870028277,0.0,36.950050354003906,False
2021-12-29,3742462.2170837764,TQQQ,91823.73870028277,0.0,36.950050354003906,False
2021-12-30,3707461.2121317335,TQQQ,91823.73870028277,0.0,36.950050354003906,False
2021-12-31,3638553.8264930835,TQQQ,91823.73870028277,0.0,36.950050354003906,False
2022-01-03,3743556.8413492125,TECL,45607.583628087865,0.0,82.08189392089844,False
2022-01-04,3624934.0466849436,TECL,45607.583628087865,0.0,82.08189392089844,False
2022-01-05,3369201.1572142914,CASH,0.0,3369201.1572142914,,False
2022-01-06,3369201.1572142914,CASH,0.0,3369201.1572142914,,False
2022-01-07,3369201.1572142914,CASH,0.0,3369201.1572142914,,False
2022-01-10,3369201.1572142914,CASH,0.0,3369201.1572142914,,False
2022-01-11,3369201.1572142914,CASH,0.0,3369201.1572142914,,False
2022-01-12,3369201.1572142914,CASH,0.0,3369201.1572142914,,False
2022-01-13,3369201.1572142914,CASH,0.0,3369201.1572142914,,False
2022-01-14,3369201.1572142914,CASH,0.0,3369201.1572142914,,False
2022-01-18,3369201.1572142914,CASH,0.0,3369201.1572142914,,False
2022-01-19,3369201.1572142914,CASH,0.0,3369201.1572142914,,False
2022-01-20,3369201.1572142914,CASH,0.0,3369201.1572142914,,False
2022-01-21,3369201.1572142914,CASH,0.0,3369201.1572142914,,False
2022-01-24,3369201.1572142914,CASH,0.0,3369201.1572142914,,False
2022-01-25,3369201.1572142914,CASH,0.0,3369201.1572142914,,False
2022-01-26,3369201.1572142914,CASH,0.0,3369201.1572142914,,False
2022-01-27,3369201.1572142914,CASH,0.0,3369201.1572142914,,False
2022-01-28,3369201.1572142914,CASH,0.0,3369201.1572142914,,False
2022-01-31,3369201.1572142914,CASH,0.0,3369201.1572142914,,False
2022-02-01,3369201.1572142914,GLD,20027.3509051915,0.0,168.22999572753906,False
2022-02-02,3381417.853490183,GLD,20027.3509051915,0.0,168.22999572753906,False
2022-02-03,3376611.484852536,GLD,20027.3509051915,0.0,168.22999572753906,False
2022-02-04,3381818.4860743615,GLD,20027.3509051915,0.0,168.22999572753906,False
2022-02-07,3406852.674705851,GLD,20027.3509051915,0.0,168.22999572753906,False
2022-02-08,3417266.982742625,GLD,20027.3509051915,0.0,168.22999572753906,False
2022-02-09,3428882.8829388106,GLD,20027.3509051915,0.0,168.22999572753906,False
2022-02-10,3415864.921494562,GLD,20027.3509051915,0.0,168.22999572753906,False
2022-02-11,3480953.811936435,GLD,20027.3509051915,0.0,168.22999572753906,False
2022-02-14,3499579.407186687,GLD,20027.3509051915,0.0,168.22999572753906,False
2022-02-15,3466333.9313417193,GLD,20027.3509051915,0.0,168.22999572753906,False
2022-02-16,3501982.5915055103,GLD,20027.3509051915,0.0,168.22999572753906,False
2022-02-17,3549847.9479451934,GLD,20027.3509051915,0.0,168.22999572753906,False
2022-02-18,3547244.294537719,GLD,20027.3509051915,0.0,168.22999572753906,False
2022-02-22,3554654.6221759636,GLD,20027.3509051915,0.0,168.22999572753906,False
2022-02-23,3570676.258425618,GLD,20027.3509051915,0.0,168.22999572753906,False
2022-02-24,3547644.927121897,GLD,20027.3509051915,0.0,168.22999572753906,False
2022-02-25,3535828.863430184,GLD,20027.3509051915,0.0,168.22999572753906,False
2022-02-28,3572478.952257859,GLD,20027.3509051915,0.0,168.22999572753906,False
2022-03-01,3637367.3736110805,GLD,20027.3509051915,0.0,178.3800048828125,False
2022-03-02,3599515.692623994,GLD,20027.3509051915,0.0,178.3800048828125,False
2022-03-03,3620945.1047772476,GLD,20027.3509051915,0.0,178.3800048828125,False
2022-03-04,3678623.6675808756,GLD,20027.3509051915,0.0,178.3800048828125,False
2022-03-07,3733298.555579097,GLD,20027.3509051915,0.0,178.3800048828125,False
2022-03-08,3835437.8618396996,GLD,20027.3509051915,0.0,178.3800048828125,False
2022-03-09,3721482.491887383,GLD,20027.3509051915,0.0,178.3800048828125,False
2022-03-10,3733098.0864904462,GLD,20027.3509051915,0.0,178.3800048828125,False
2022-03-11,3706862.305699545,GLD,20027.3509051915,0.0,178.3800048828125,False
2022-03-14,3650986.131135035,GLD,20027.3509051915,0.0,178.3800048828125,False
2022-03-15,3582692.791205982,GLD,20027.3509051915,0.0,178.3800048828125,False
2022-03-16,3605123.3264299976,GLD,20027.3509051915,0.0,178.3800048828125,False
2022-03-17,3622747.4930163654,GLD,20027.3509051915,0.0,178.3800048828125,False
2022-03-18,3590904.0784194604,GLD,20027.3509051915,0.0,178.3800048828125,False
2022-03-21,3618341.451369773,GLD,20027.3509051915,0.0,178.3800048828125,False
2022-03-22,3592105.6705788723,GLD,20027.3509051915,0.0,178.3800048828125,False
2022-03-23,3641172.619177967,GLD,20027.3509051915,0.0,178.3800048828125,False
2022-03-24,3667608.8690575184,GLD,20027.3509051915,0.0,178.3800048828125,False
2022-03-25,3652588.355878625,GLD,20027.3509051915,0.0,178.3800048828125,False
2022-03-28,3586097.4041886902,GLD,20027.3509051915,0.0,178.3800048828125,False
2022-03-29,3587699.62893228,GLD,20027.3509051915,0.0,178.3800048828125,False
2022-03-30,3616539.063130656,GLD,20027.3509051915,0.0,178.3800048828125,False
2022-03-31,3617940.8187855952,GLD,20027.3509051915,0.0,178.3800048828125,False
2022-04-01,3594909.487481874,GLD,20027.3509051915,0.0,180.64999389648438,False
2022-04-04,3612333.1849795915,GLD,20027.3509051915,0.0,180.64999389648438,False
2022-04-05,3589702.4862600486,GLD,20027.3509051915,0.0,180.64999389648438,False
2022-04-06,3598113.9369690544,GLD,20027.3509051915,0.0,180.64999389648438,False
2022-04-07,3611732.3888998856,GLD,20027.3509051915,0.0,180.64999389648438,False
2022-04-08,3634363.3932125513,GLD,20027.3509051915,0.0,180.64999389648438,False
2022-04-11,3652387.8867899743,GLD,20027.3509051915,0.0,180.64999389648438,False
2022-04-12,3680426.361413116,GLD,20027.3509051915,0.0,180.64999389648438,False
2022-04-13,3698050.2224063613,GLD,20027.3509051915,0.0,180.64999389648438,False
2022-04-14,3685833.5261304695,GLD,20027.3509051915,0.0,180.64999389648438,False
2022-04-18,3697249.2628311277,GLD,20027.3509051915,0.0,180.64999389648438,False
2022-04-19,3641373.088266617,GLD,20027.3509051915,0.0,180.64999389648438,False
2022-04-20,3659197.418348513,GLD,20027.3509051915,0.0,180.64999389648438,False
2022-04-21,3646179.4569042646,GLD,20027.3509051915,0.0,180.64999389648438,False
2022-04-22,3610730.9602360013,GLD,20027.3509051915,0.0,180.64999389648438,False
2022-04-25,3545842.5388827794,GLD,20027.3509051915,0.0,180.64999389648438,False
2022-04-26,3551250.0091932556,GLD,20027.3509051915,0.0,180.64999389648438,False
2022-04-27,3524413.1267295256,GLD,20027.3509051915,0.0,180.64999389648438,False
2022-04-28,3543439.048970833,GLD,20027.3509051915,0.0,180.64999389648438,False
2022-04-29,3543038.721979778,GLD,20027.3509051915,0.0,180.64999389648438,False
2022-05-02,3477349.035458199,GLD,20027.3509051915,0.0,176.91000366210938,False
2022-05-03,3486561.4457424385,GLD,20027.3509051915,0.0,176.91000366210938,False
2022-05-04,3520808.35025129,GLD,20027.3509051915,0.0,176.91000366210938,False
2022-05-05,3507390.0618159864,GLD,20027.3509051915,0.0,176.91000366210938,False
2022-05-06,3513197.859117518,GLD,20027.3509051915,0.0,176.91000366210938,False
2022-05-09,3462328.522279306,GLD,20027.3509051915,0.0,176.91000366210938,False
2022-05-10,3433088.455496752,GLD,20027.3509051915,0.0,176.91000366210938,False
2022-05-11,3461126.930119894,GLD,20027.3509051915,0.0,176.91000366210938,False
2022-05-12,3408054.2668652628,GLD,20027.3509051915,0.0,176.91000366210938,False
2022-05-13,3380416.424826299,GLD,20027.3509051915,0.0,176.91000366210938,False
2022-05-16,3412660.472007382,GLD,20027.3509051915,0.0,176.91000366210938,False
2022-05-17,3391231.365447251,GLD,20027.3509051915,0.0,176.91000366210938,False
2022-05-18,3393033.753686369,GLD,20027.3509051915,0.0,176.91000366210938,False
2022-05-19,3442901.96745382,GLD,20027.3509051915,0.0,176.91000366210938,False
2022-05-20,3445305.151772644,GLD,20027.3509051915,0.0,176.91000366210938,False
2022-05-23,3461327.0936154216,GLD,20027.3509051915,0.0,176.91000366210938,False
2022-05-24,3487362.7109107953,GLD,20027.3509051915,0.0,176.91000366210938,False
2022-05-25,3466333.9313417193,GLD,20027.3509051915,0.0,176.91000366210938,False
2022-05-26,3459925.032367359,GLD,20027.3509051915,0.0,176.91000366210938,False
2022-05-27,3461727.7261996,GLD,20027.3509051915,0.0,176.91000366210938,False
2022-05-31,3427480.821690748,GLD,20027.3509051915,0.0,176.91000366210938,False
2022-06-01,3449310.5608350574,SHY,47485.3211003827,0.0,72.63951218826776,False
2022-06-02,3450139.480952326,SHY,47485.3211003827,0.0,72.63951218826776,False
2022-06-03,3448893.0009871586,SHY,47485.3211003827,0.0,72.63951218826776,False
2022-06-06,3444329.7465096475,SHY,47485.3211003827,0.0,72.63951218826776,False
2022-06-07,3444744.024227737,SHY,47485.3211003827,0.0,72.63951218826776,False
2022-06-08,3442255.0757893915,SHY,47485.3211003827,0.0,72.63951218826776,False
2022-06-09,3439766.492032136,SHY,47485.3211003827,0.0,72.63951218826776,False
2022-06-10,3425243.0676281643,SHY,47485.3211003827,0.0,72.63951218826776,False
2022-06-13,3407816.417067758,SHY,47485.3211003827,0.0,72.63951218826776,False
2022-06-14,3401177.762507811,SHY,47485.3211003827,0.0,72.63951218826776,False
2022-06-15,3414456.530352065,SHY,47485.3211003827,0.0,72.63951218826776,False
2022-06-16,3419020.149510666,SHY,47485.3211003827,0.0,72.63951218826776,False
2022-06-17,3418190.5000312175,SHY,47485.3211003827,0.0,72.63951218826776,False
2022-06-21,3416944.3847471406,SHY,47485.3211003827,0.0,72.63951218826776,False
2022-06-22,3426903.8253114205,SHY,47485.3211003827,0.0,72.63951218826776,False
2022-06-23,3429807.780830035,SHY,47485.3211003827,0.0,72.63951218826776,False
2022-06-24,3428978.496031677,SHY,47485.3211003827,0.0,72.63951218826776,False
2022-06-27,3425243.0676281643,SHY,47485.3211003827,0.0,72.63951218826776,False
2022-06-28,3424413.053467626,SHY,47485.3211003827,0.0,72.63951218826776,False
2022-06-29,3428562.0302270483,SHY,47485.3211003827,0.0,72.63951218826776,False
2022-06-30,3435202.1435113554,SHY,47485.3211003827,0.0,72.63951218826776,False
2022-07-01,3445544.134538906,SHY,47485.3211003827,0.0,72.34240106009665,False
2022-07-05,3445128.033415367,SHY,47485.3211003827,0.0,72.34240106009665,False
2022-07-06,3435574.11822302,SHY,47485.3211003827,0.0,72.34240106009665,False
2022-07-07,3433082.9816981354,SHY,47485.3211003827,0.0,72.34240106009665,False
2022-07-08,3428929.264084545,SHY,47485.3211003827,0.0,72.34240106009665,False
2022-07-11,3430175.379368622,SHY,47485.3211003827,0.0,72.34240106009665,False
2022-07-12,3431837.595776238,SHY,47485.3211003827,0.0,72.34240106009665,False
2022-07-13,3428100.3439672757,SHY,47485.3211003827,0.0,72.34240106009665,False
2022-07-14,3426853.13463993,SHY,47485.3211003827,0.0,72.34240106009665,False
2022-07-15,3429346.459251353,SHY,47485.3211003827,0.0,72.34240106009665,False
2022-07-18,3427267.7770391083,SHY,47485.3211003827,0.0,72.34240106009665,False
2022-07-19,3423532.3486355967,SHY,47485.3211003827,0.0,72.34240106009665,False
2022-07-20,3423115.518149878,SHY,47485.3211003827,0.0,72.34240106009665,False
2022-07-21,3432669.7980233147,SHY,47485.3211003827,0.0,72.34240106009665,False
2022-07-22,3441390.416925316,SHY,47485.3211003827,0.0,72.34240106009665,False
2022-07-25,3438482.814595802,SHY,47485.3211003827,0.0,72.34240106009665,False
2022-07-26,3436821.3275503665,SHY,47485.3211003827,0.0,72.34240106009665,False
2022-07-27,3442220.431085854,SHY,47485.3211003827,0.0,72.34240106009665,False
2022-07-28,3449695.664065957,SHY,47485.3211003827,0.0,72.34240106009665,False
2022-07-29,3449281.751028958,SHY,47485.3211003827,0.0,72.34240106009665,False
2022-08-01,3449198.9684215575,SHY,47485.3211003827,0.0,72.6389054785429,False
2022-08-02,3437140.78818509,SHY,47485.3211003827,0.0,72.6389054785429,False
2022-08-03,3438387.632831347,SHY,47485.3211003827,0.0,72.6389054785429,False
2022-08-04,3442960.7336982847,SHY,47485.3211003827,0.0,72.6389054785429,False
2022-08-05,3428825.6946550226,SHY,47485.3211003827,0.0,72.6389054785429,False
2022-08-08,3432151.9508757032,SHY,47485.3211003827,0.0,72.6389054785429,False
2022-08-09,3428825.6946550226,SHY,47485.3211003827,0.0,72.6389054785429,False
2022-08-10,3432151.9508757032,SHY,47485.3211003827,0.0,72.6389054785429,False
2022-08-11,3430904.3768672664,SHY,47485.3211003827,0.0,72.6389054785429,False
2022-08-12,3431735.4850710747,SHY,47485.3211003827,0.0,72.6389054785429,False
2022-08-15,3434647.098892577,SHY,47485.3211003827,0.0,72.6389054785429,False
2022-08-16,3431735.4850710747,SHY,47485.3211003827,0.0,72.6389054785429,False
2022-08-17,3428825.6946550226,SHY,47485.3211003827,0.0,72.6389054785429,False
2022-08-18,3433814.5319644087,SHY,47485.3211003827,0.0,72.6389054785429,False
2022-08-19,3431320.8426718954,SHY,47485.3211003827,0.0,72.6389054785429,False
2022-08-22,3426746.6477616876,SHY,47485.3211003827,0.0,72.6389054785429,False
2022-08-23,3428411.416936933,SHY,47485.3211003827,0.0,72.6389054785429,False
2022-08-24,3424667.9655494434,SHY,47485.3211003827,0.0,72.6389054785429,False
2022-08-25,3426746.6477616876,SHY,47485.3211003827,0.0,72.6389054785429,False
2022-08-26,3425915.90423897,SHY,47485.3211003827,0.0,72.6389054785429,False
2022-08-29,3423421.1209031865,SHY,47485.3211003827,0.0,72.6389054785429,False
2022-08-30,3421758.5398144806,SHY,47485.3211003827,0.0,72.6389054785429,False
2022-08-31,3421342.438690942,SHY,47485.3211003827,0.0,72.6389054785429,False
2022-09-01,3418842.9145009904,IEF,39033.57004154154,0.0,87.58724633341201,False
2022-09-02,3437995.3901508227,IEF,39033.57004154154,0.0,87.58724633341201,False
2022-09-06,3399689.241596945,IEF,39033.57004154154,0.0,87.58724633341201,False
2022-09-07,3421921.6537104393,IEF,39033.57004154154,0.0,87.58724633341201,False
2022-09-08,3409266.3773625214,IEF,39033.57004154154,0.0,87.58724633341201,False
2022-09-09,3409608.79206752,IEF,39033.57004154154,0.0,87.58724633341201,False
2022-09-12,3401399.519240615,IEF,39033.57004154154,0.0,87.58724633341201,False
2022-09-13,3382246.7442772295,IEF,39033.57004154154,0.0,87.58724633341201,False
2022-09-14,3383955.8246666864,IEF,39033.57004154154,0.0,87.58724633341201,False
2022-09-15,3372328.0917473156,IEF,39033.57004154154,0.0,87.58724633341201,False
2022-09-16,3375063.817624659,IEF,39033.57004154154,0.0,87.58724633341201,False
2022-09-19,3365486.9811726366,IEF,39033.57004154154,0.0,87.58724633341201,False
2022-09-20,3344624.2278791345,IEF,39033.57004154154,0.0,87.58724633341201,False
2022-09-21,3357963.136382835,IEF,39033.57004154154,0.0,87.58724633341201,False
2022-09-22,3307343.8268724843,IEF,39033.57004154154,0.0,87.58724633341201,False
2022-09-23,3311448.3136291597,IEF,39033.57004154154,0.0,87.58724633341201,False
2022-09-26,3256382.4019706887,IEF,39033.57004154154,0.0,87.58724633341201,False
2022-09-27,3234150.5884843017,IEF,39033.57004154154,0.0,87.58724633341201,False
2022-09-28,3307002.908735253,IEF,39033.57004154154,0.0,87.58724633341201,False
2022-09-29,3291611.0085693314,IEF,39033.57004154154,0.0,87.58724633341201,False
2022-09-30,3283059.3210374294,IEF,39033.57004154154,0.0,87.58724633341201,False
2022-10-03,3322023.95940861,SHY,46561.07410365794,0.0,71.34766590677994,False
2022-10-04,3323249.3963261168,SHY,46561.07410365794,0.0,71.34766590677994,False
2022-10-05,3319981.802934759,SHY,46561.07410365794,0.0,71.34766590677994,False
2022-10-06,3315893.19899114,SHY,46561.07410365794,0.0,71.34766590677994,False
2022-10-07,3311806.025379494,SHY,46561.07410365794,0.0,71.34766590677994,False
2022-10-10,3310579.515713007,SHY,46561.07410365794,0.0,71.34766590677994,False
2022-10-11,3312215.4579066453,SHY,46561.07410365794,0.0,71.34766590677994,False
2022-10-12,3315484.481629975,SHY,46561.07410365794,0.0,71.34766590677994,False
2022-10-13,3305674.907379031,SHY,46561.07410365794,0.0,71.34766590677994,False
2022-10-14,3304039.6803513803,SHY,46561.07410365794,0.0,71.34766590677994,False
2022-10-17,3307719.209350841,SHY,46561.07410365794,0.0,71.34766590677994,False
2022-10-18,3309354.4363784925,SHY,46561.07410365794,0.0,71.34766590677994,False
2022-10-19,3303222.9607950374,SHY,46561.07410365794,0.0,71.34766590677994,False
2022-10-20,3299543.7893785685,SHY,46561.07410365794,0.0,71.34766590677994,False
2022-10-21,3308128.2842949983,SHY,46561.07410365794,0.0,71.34766590677994,False
2022-10-24,3307309.419240697,SHY,46561.07410365794,0.0,71.34766590677994,False
2022-10-25,3310579.515713007,SHY,46561.07410365794,0.0,71.34766590677994,False
2022-10-26,3313439.822075173,SHY,46561.07410365794,0.0,71.34766590677994,False
2022-10-27,3320388.732380958,SHY,46561.07410365794,0.0,71.34766590677994,False
2022-10-28,3315484.481629975,SHY,46561.07410365794,0.0,71.34766590677994,False
2022-10-31,3310579.515713007,SHY,46561.07410365794,0.0,71.34766590677994,False
2022-11-01,3307346.250288991,SHY,46561.07410365794,0.0,71.10187166951376,False
2022-11-02,3305707.4474314074,SHY,46561.07410365794,0.0,71.10187166951376,False
2022-11-03,3299565.6019411515,SHY,46561.07410365794,0.0,71.10187166951376,False
2022-11-04,3303250.4946855092,SHY,46561.07410365794,0.0,71.10187166951376,False
2022-11-07,3300385.1821614397,SHY,46561.07410365794,0.0,71.10187166951376,False
2022-11-08,3303660.642378646,SHY,46561.07410365794,0.0,71.10187166951376,False
2022-11-09,3308983.6228146013,SHY,46561.07410365794,0.0,71.10187166951376,False
2022-11-10,3326998.2964262483,SHY,46561.07410365794,0.0,71.10187166951376,False
2022-11-11,3326178.71620596,SHY,46561.07410365794,0.0,71.10187166951376,False
2022-11-14,3323312.330932911,SHY,46561.07410365794,0.0,71.10187166951376,False
2022-11-15,3326588.863899097,SHY,46561.07410365794,0.0,71.10187166951376,False
2022-11-16,3326998.2964262483,SHY,46561.07410365794,0.0,71.10187166951376,False
2022-11-17,3322904.3287377325,SHY,46561.07410365794,0.0,71.10187166951376,False
2022-11-18,3319219.0784103805,SHY,46561.07410365794,0.0,71.10187166951376,False
2022-11-21,3318400.213356079,SHY,46561.07410365794,0.0,71.10187166951376,False
2022-11-22,3320856.808518984,SHY,46561.07410365794,0.0,71.10187166951376,False
2022-11-23,3323721.763460061,SHY,46561.07410365794,0.0,71.10187166951376,False
2022-11-25,3324132.6263191844,SHY,46561.07410365794,0.0,71.10187166951376,False
2022-11-28,3324950.776207501,SHY,46561.07410365794,0.0,71.10187166951376,False
2022-11-29,3323721.763460061,SHY,46561.07410365794,0.0,71.10187166951376,False
2022-11-30,3333548.1441116836,SHY,46561.07410365794,0.0,71.10187166951376,False
2022-12-01,3340728.768197026,SHY,46561.07410365794,0.0,71.59517275504159,False
2022-12-02,3339907.7576447646,SHY,46561.07410365794,0.0,71.59517275504159,False
2022-12-05,3330470.784872678,SHY,46561.07410365794,0.0,71.59517275504159,False
2022-12-06,3334164.974774858,SHY,46561.07410365794,0.0,71.59517275504159,False
2022-12-07,3341138.5583071704,SHY,46561.07410365794,0.0,71.59517275504159,False
2022-12-08,3337856.304013093,SHY,46561.07410365794,0.0,71.59517275504159,False
2022-12-09,3336215.3556575514,SHY,46561.07410365794,0.0,71.59517275504159,False
2022-12-12,3334164.974774858,SHY,46561.07410365794,0.0,71.59517275504159,False
2022-12-13,3344009.592159131,SHY,46561.07410365794,0.0,71.59517275504159,False
2022-12-14,3344421.885350226,SHY,46561.07410365794,0.0,71.59517275504159,False
2022-12-15,3344872.439921589,SHY,46561.07410365794,0.0,71.59517275504159,False
2022-12-16,3348162.2034585224,SHY,46561.07410365794,0.0,71.59517275504159,False
2022-12-19,3344050.7142033423,SHY,46561.07410365794,0.0,71.59517275504159,False
2022-12-20,3344050.7142033423,SHY,46561.07410365794,0.0,71.59517275504159,False
2022-12-21,3347339.762574289,SHY,46561.07410365794,0.0,71.59517275504159,False
2022-12-22,3345282.945197719,SHY,46561.07410365794,0.0,71.59517275504159,False
2022-12-23,3343639.493761225,SHY,46561.07410365794,0.0,71.59517275504159,False
2022-12-27,3339116.784063929,SHY,46561.07410365794,0.0,71.59517275504159,False
2022-12-28,3339116.784063929,SHY,46561.07410365794,0.0,71.59517275504159,False
2022-12-29,3341584.821882615,SHY,46561.07410365794,0.0,71.59517275504159,False
2022-12-30,3337471.5447124694,SHY,46561.07410365794,0.0,71.59517275504159,False
2023-01-03,3340349.730224293,GLD,19527.357523082577,0.0,171.05999755859375,False
2023-01-04,3371788.7877550093,GLD,19527.357523082577,0.0,171.05999755859375,False
2023-01-05,3329805.088265913,GLD,19527.357523082577,0.0,171.05999755859375,False
2023-01-06,3392097.4064387595,GLD,19527.357523082577,0.0,171.05999755859375,False
2023-01-09,3399713.0639542085,GLD,19527.357523082577,0.0,171.05999755859375,False
2023-01-10,3412210.560850428,GLD,19527.357523082577,0.0,171.05999755859375,False
2023-01-11,3409867.075332254,GLD,19527.357523082577,0.0,171.05999755859375,False
2023-01-12,3449312.420958753,GLD,19527.357523082577,0.0,171.05999755859375,False
2023-01-13,3490710.323559263,GLD,19527.357523082577,0.0,171.05999755859375,False
2023-01-17,3467863.351012916,GLD,19527.357523082577,0.0,171.05999755859375,False
2023-01-18,3457904.5059431223,GLD,19527.357523082577,0.0,171.05999755859375,False
2023-01-19,3512776.3329087715,GLD,19527.357523082577,0.0,171.05999755859375,False
2023-01-20,3501059.7992093903,GLD,19527.357523082577,0.0,171.05999755859375,False
2023-01-23,3507699.327219749,GLD,19527.357523082577,0.0,171.05999755859375,False
2023-01-24,3520391.9904242205,GLD,19527.357523082577,0.0,171.05999755859375,False
2023-01-25,3536599.7329240385,GLD,19527.357523082577,0.0,171.05999755859375,False
2023-01-26,3504574.8785047363,GLD,19527.357523082577,0.0,171.05999755859375,False
2023-01-27,3499693.039123966,GLD,19527.357523082577,0.0,171.05999755859375,False
2023-01-30,3490710.323559263,GLD,19527.357523082577,0.0,171.05999755859375,False
2023-01-31,3503403.284727564,GLD,19527.357523082577,0.0,171.05999755859375,False
2023-02-01,3547535.005462752,GLD,19527.357523082577,0.0,179.41000366210938,False
2023-02-02,3473916.7841708586,GLD,19527.357523082577,0.0,179.41000366210938,False
2023-02-03,3387215.5670579886,GLD,19527.357523082577,0.0,179.41000366210938,False
2023-02-06,3394245.4276848515,GLD,19527.357523082577,0.0,179.41000366210938,False
2023-02-07,3397369.5784360347,GLD,19527.357523082577,0.0,179.41000366210938,False
2023-02-08,3405766.4971121512,GLD,19527.357523082577,0.0,179.41000366210938,False
2023-02-09,3378818.648381872,GLD,19527.357523082577,0.0,179.41000366210938,False
2023-02-10,3385262.712120149,GLD,19527.357523082577,0.0,179.41000366210938,False
2023-02-13,3368078.5421514106,GLD,19527.357523082577,0.0,179.41000366210938,False
2023-02-14,3370617.193977837,GLD,19527.357523082577,0.0,179.41000366210938,False
2023-02-15,3337030.1152010285,GLD,19527.357523082577,0.0,179.41000366210938,False
2023-02-16,3334296.29706635,GLD,19527.357523082577,0.0,179.41000366210938,False
2023-02-17,3344255.1421361435,GLD,19527.357523082577,0.0,179.41000366210938,False
2023-02-21,3331757.645239924,GLD,19527.357523082577,0.0,179.41000366210938,False
2023-02-22,3313011.5488775093,GLD,19527.357523082577,0.0,179.41000366210938,False
2023-02-23,3311254.158211751,GLD,19527.357523082577,0.0,179.41000366210938,False
2023-02-24,3287430.758196484,GLD,19527.357523082577,0.0,179.41000366210938,False
2023-02-27,3300318.587709208,GLD,19527.357523082577,0.0,179.41000366210938,False
2023-02-28,3315354.736431854,GLD,19527.357523082577,0.0,179.41000366210938,False
2023-03-01,3334491.463374602,GLD,19527.357523082577,0.0,169.77999877929688,False
2023-03-02,3332538.9064005916,GLD,19527.357523082577,0.0,169.77999877929688,False
2023-03-03,3368274.0064234925,GLD,19527.357523082577,0.0,169.77999877929688,False
2023-03-06,3351285.0027630064,GLD,19527.357523082577,0.0,169.77999877929688,False
2023-03-07,3292702.9301937586,GLD,19527.357523082577,0.0,169.77999877929688,False
2023-03-08,3291140.705836253,GLD,19527.357523082577,0.0,169.77999877929688,False
2023-03-09,3323556.190835889,GLD,19527.357523082577,0.0,169.77999877929688,False
2023-03-10,3395221.5571899423,GLD,19527.357523082577,0.0,169.77999877929688,False
2023-03-13,3473135.8209740203,GLD,19527.357523082577,0.0,169.77999877929688,False
2023-03-14,3453022.666562352,GLD,19527.357523082577,0.0,169.77999877929688,False
2023-03-15,3479970.515292631,GLD,19527.357523082577,0.0,169.77999877929688,False
2023-03-16,3487000.375919494,GLD,19527.357523082577,0.0,169.77999877929688,False
2023-03-17,3588542.5754467575,GLD,19527.357523082577,0.0,169.77999877929688,False
2023-03-20,3589909.335532182,GLD,19527.357523082577,0.0,169.77999877929688,False
2023-03-21,3522149.381089979,GLD,19527.357523082577,0.0,169.77999877929688,False
2023-03-22,3582098.511708481,GLD,19527.357523082577,0.0,169.77999877929688,False
2023-03-23,3627011.4936043364,GLD,19527.357523082577,0.0,169.77999877929688,False
2023-03-24,3586199.0899285837,GLD,19527.357523082577,0.0,169.77999877929688,False
2023-03-27,3553002.6417321092,GLD,19527.357523082577,0.0,169.77999877929688,False
2023-03-28,3582098.511708481,GLD,19527.357523082577,0.0,169.77999877929688,False
2023-03-29,3564328.5448511564,GLD,19527.357523082577,0.0,169.77999877929688,False
2023-03-30,3596548.5655787108,GLD,19527.357523082577,0.0,169.77999877929688,False
2023-03-31,3577802.469216296,GLD,19527.357523082577,0.0,169.77999877929688,False
2023-04-03,3603578.426205574,TECL,104775.75911126207,0.0,34.393245697021484,False
2023-04-04,3546100.922182006,TECL,104775.75911126207,0.0,34.393245697021484,False
2023-04-05,3422376.7637636964,TECL,104775.75911126207,0.0,34.393245697021484,False
2023-04-06,3474983.272546904,TECL,104775.75911126207,0.0,34.393245697021484,False
2023-04-10,3467189.7600998883,TECL,104775.75911126207,0.0,34.393245697021484,False
2023-04-11,3370743.8944656383,TECL,104775.75911126207,0.0,34.393245697021484,False
2023-04-12,3315214.868475775,TECL,104775.75911126207,0.0,34.393245697021484,False
2023-04-13,3494467.6531961462,TECL,104775.75911126207,0.0,34.393245697021484,False
2023-04-14,3432118.7542444165,TECL,104775.75911126207,0.0,34.393245697021484,False
2023-04-17,3469139.037509196,TECL,104775.75911126207,0.0,34.393245697021484,False
2023-04-18,3500313.0872972594,TECL,104775.75911126207,0.0,34.393245697021484,False
2023-04-19,3469139.037509196,TECL,104775.75911126207,0.0,34.393245697021484,False
2023-04-20,3399970.2655956005,TECL,104775.75911126207,0.0,34.393245697021484,False
2023-04-21,3361976.342845671,TECL,104775.75911126207,0.0,34.393245697021484,False
2023-04-24,3243220.5835850164,CASH,0.0,3243220.5835850164,,False
2023-04-25,3243220.5835850164,CASH,0.0,3243220.5835850164,,False
2023-04-26,3243220.5835850164,CASH,0.0,3243220.5835850164,,False
2023-04-27,3243220.5835850164,CASH,0.0,3243220.5835850164,,False
2023-04-28,3243220.5835850164,CASH,0.0,3243220.5835850164,,False
2023-05-01,3243220.5835850164,TECL,95407.25227100335,0.0,33.993438720703125,False
2023-05-02,3151849.17047277,TECL,95407.25227100335,0.0,33.993438720703125,False
2023-05-03,3070236.7068783254,TECL,95407.25227100335,0.0,33.993438720703125,False
2023-05-04,3025882.146658495,TECL,95407.25227100335,0.0,33.993438720703125,False
2023-05-05,3248542.9852314824,TECL,95407.25227100335,0.0,33.993438720703125,False
2023-05-08,3243220.5835850164,TECL,95407.25227100335,0.0,33.993438720703125,False
2023-05-09,3167816.739361952,TECL,95407.25227100335,0.0,33.993438720703125,False
2023-05-10,3280478.4869596306,TECL,95407.25227100335,0.0,33.993438720703125,False
2023-05-11,3234348.943641482,TECL,95407.25227100335,0.0,33.993438720703125,False
2023-05-12,3221042.575575533,TECL,95407.25227100335,0.0,33.993438720703125,False
2023-05-15,3298219.9470977783,TECL,95407.25227100335,0.0,33.993438720703125,False
2023-05-16,3309752.7878645463,TECL,95407.25227100335,0.0,33.993438720703125,False
2023-05-17,3440155.267700804,TECL,95407.25227100335,0.0,33.993438720703125,False
2023-05-18,3651284.3573563765,TECL,95407.25227100335,0.0,33.993438720703125,False
2023-05-19,3640638.826163876,TECL,95407.25227100335,0.0,33.993438720703125,False
2023-05-22,3659268.3237758595,TECL,95407.25227100335,0.0,33.993438720703125,False
2023-05-23,3499590.4511853335,TECL,95407.25227100335,0.0,33.993438720703125,False
2023-05-24,3420639.188414122,TECL,95407.25227100335,0.0,33.993438720703125,False
2023-05-25,3813623.0668203514,TECL,95407.25227100335,0.0,33.993438720703125,False
2023-05-26,4132976.992252482,TECL,95407.25227100335,0.0,33.993438720703125,False
2023-05-30,4197734.941333262,TECL,95407.25227100335,0.0,33.993438720703125,False
2023-05-31,4092170.2145305835,TECL,95407.25227100335,0.0,33.993438720703125,False
2023-06-01,4211928.255023694,TECL,95407.25227100335,0.0,42.891605377197266,False
2023-06-02,4287331.735296974,TECL,95407.25227100335,0.0,42.891605377197266,False
2023-06-05,4210153.999824944,TECL,95407.25227100335,0.0,42.891605377197266,False
2023-06-06,4204831.962128262,TECL,95407.25227100335,0.0,42.891605377197266,False
2023-06-07,4014992.8430083375,TECL,95407.25227100335,0.0,42.891605377197266,False
2023-06-08,4141847.540346664,TECL,95407.25227100335,0.0,42.891605377197266,False
2023-06-09,4200395.414256926,TECL,95407.25227100335,0.0,42.891605377197266,False
2023-06-12,4471847.724870864,TECL,95407.25227100335,0.0,42.891605377197266,False
2023-06-13,4552573.242840826,TECL,95407.25227100335,0.0,42.891605377197266,False
2023-06-14,4689185.433897817,TECL,95407.25227100335,0.0,42.891605377197266,False
2023-06-15,4870152.913074207,TECL,95407.25227100335,0.0,42.891605377197266,False
2023-06-16,4745959.780508897,TECL,95407.25227100335,0.0,42.891605377197266,False
2023-06-20,4646605.49282652,TECL,95407.25227100335,0.0,42.891605377197266,False
2023-06-21,4437978.5579384165,TECL,95407.25227100335,0.0,42.891605377197266,False
2023-06-22,4551613.143309686,TECL,95407.25227100335,0.0,42.891605377197266,False
2023-06-23,4393590.15038864,TECL,95407.25227100335,0.0,42.891605377197266,False
2023-06-26,4293271.0318279285,TECL,95407.25227100335,0.0,42.891605377197266,False
2023-06-27,4551613.143309686,TECL,95407.25227100335,0.0,42.891605377197266,False
2023-06-28,4556052.238829513,TECL,95407.25227100335,0.0,42.891605377197266,False
2023-06-29,4583573.393623171,TECL,95407.25227100335,0.0,42.891605377197266,False
2023-06-30,4795751.022607482,TECL,95407.25227100335,0.0,42.891605377197266,False
2023-07-03,4761128.115671627,TECL,95407.25227100335,0.0,50.26610565185547,False
2023-07-05,4674125.91972061,TECL,95407.25227100335,0.0,50.26610565185547,False
2023-07-06,4627961.801172947,TECL,95407.25227100335,0.0,50.26610565185547,False
2023-07-07,4564042.392395331,TECL,95407.25227100335,0.0,50.26610565185547,False
2023-07-10,4601328.31990334,TECL,95407.25227100335,0.0,50.26610565185547,False
2023-07-11,4631512.495269153,TECL,95407.25227100335,0.0,50.26610565185547,False
2023-07-12,4786872.831567829,TECL,95407.25227100335,0.0,50.26610565185547,False
2023-07-13,4970643.088033567,TECL,95407.25227100335,0.0,50.26610565185547,False
2023-07-14,4942233.167866505,TECL,95407.25227100335,0.0,50.26610565185547,False
2023-07-17,5133992.486048707,TECL,95407.25227100335,0.0,50.26610565185547,False
2023-07-18,5307108.47652712,TECL,95407.25227100335,0.0,50.26610565185547,False
2023-07-19,5265383.0895495,TECL,95407.25227100335,0.0,50.26610565185547,False
2023-07-20,4944897.280288013,TECL,95407.25227100335,0.0,50.26610565185547,False
2023-07-21,4931580.3576783165,TECL,95407.25227100335,0.0,50.26610565185547,False
2023-07-24,4962652.2065681815,TECL,95407.25227100335,0.0,50.26610565185547,False
2023-07-25,5126003.060382458,TECL,95407.25227100335,0.0,50.26610565185547,False
2023-07-26,4920038.782116724,TECL,95407.25227100335,0.0,50.26610565185547,False
2023-07-27,4873875.027518846,TECL,95407.25227100335,0.0,50.26610565185547,False
2023-07-28,5069184.67584747,TECL,95407.25227100335,0.0,50.26610565185547,False
2023-07-31,5101144.562211171,TECL,95407.25227100335,0.0,50.26610565185547,False
2023-08-01,5126890.006006941,TQQQ,235966.50564060535,0.0,21.72719383239746,False
2023-08-02,4791635.271485737,TQQQ,235966.50564060535,0.0,21.72719383239746,False
2023-08-03,4757424.970925266,TQQQ,235966.50564060535,0.0,21.72719383239746,False
2023-08-04,4691287.126832159,TQQQ,235966.50564060535,0.0,21.72719383239746,False
2023-08-07,4807599.268287252,TQQQ,235966.50564060535,0.0,21.72719383239746,False
2023-08-08,4614201.005406247,CASH,0.0,4614201.005406247,,False
2023-08-09,4614201.005406247,CASH,0.0,4614201.005406247,,False
2023-08-10,4614201.005406247,CASH,0.0,4614201.005406247,,False
2023-08-11,4614201.005406247,CASH,0.0,4614201.005406247,,False
2023-08-14,4614201.005406247,CASH,0.0,4614201.005406247,,False
2023-08-15,4614201.005406247,CASH,0.0,4614201.005406247,,False
2023-08-16,4614201.005406247,CASH,0.0,4614201.005406247,,False
2023-08-17,4614201.005406247,CASH,0.0,4614201.005406247,,False
2023-08-18,4614201.005406247,CASH,0.0,4614201.005406247,,False
2023-08-21,4614201.005406247,CASH,0.0,4614201.005406247,,False
2023-08-22,4614201.005406247,CASH,0.0,4614201.005406247,,False
2023-08-23,4614201.005406247,CASH,0.0,4614201.005406247,,False
2023-08-24,4614201.005406247,CASH,0.0,4614201.005406247,,False
2023-08-25,4614201.005406247,CASH,0.0,4614201.005406247,,False
2023-08-28,4614201.005406247,CASH,0.0,4614201.005406247,,False
2023-08-29,4614201.005406247,CASH,0.0,4614201.005406247,,False
2023-08-30,4614201.005406247,CASH,0.0,4614201.005406247,,False
2023-08-31,4614201.005406247,CASH,0.0,4614201.005406247,,False
2023-09-01,4614201.005406247,TQQQ,225777.9614330834,0.0,20.43689727783203,False
2023-09-05,4626203.7278432725,TQQQ,225777.9614330834,0.0,20.43689727783203,False
2023-09-06,4504001.354541142,TQQQ,225777.9614330834,0.0,20.43689727783203,False
2023-09-07,4405803.995475775,TQQQ,225777.9614330834,0.0,20.43689727783203,False
2023-09-08,4418896.660883814,TQQQ,225777.9614330834,0.0,20.43689727783203,False
2023-09-11,4569467.265405054,TQQQ,225777.9614330834,0.0,20.43689727783203,False
2023-09-12,4423261.169778017,TQQQ,225777.9614330834,0.0,20.43689727783203,False
2023-09-13,4466903.674896339,TQQQ,225777.9614330834,0.0,20.43689727783203,False
2023-09-14,4571649.304533512,TQQQ,225777.9614330834,0.0,20.43689727783203,False
2023-09-15,4337065.241237817,TQQQ,225777.9614330834,0.0,20.43689727783203,False
2023-09-18,4346885.924546383,TQQQ,225777.9614330834,0.0,20.43689727783203,False
2023-09-19,4320699.732455733,TQQQ,225777.9614330834,0.0,20.43689727783203,False
2023-09-20,4152780.9048656225,CASH,0.0,4152780.9048656225,,False
2023-09-21,4152780.9048656225,CASH,0.0,4152780.9048656225,,False
2023-09-22,4152780.9048656225,CASH,0.0,4152780.9048656225,,False
2023-09-25,4152780.9048656225,CASH,0.0,4152780.9048656225,,False
2023-09-26,4152780.9048656225,CASH,0.0,4152780.9048656225,,False
2023-09-27,4152780.9048656225,CASH,0.0,4152780.9048656225,,False
2023-09-28,4152780.9048656225,CASH,0.0,4152780.9048656225,,False
2023-09-29,4152780.9048656225,CASH,0.0,4152780.9048656225,,False
2023-10-02,4152780.9048656225,TECL,100245.10900584381,0.0,41.42626953125,False
2023-10-03,3936373.854227019,TECL,100245.10900584381,0.0,41.42626953125,False
2023-10-04,4080955.7339709136,TECL,100245.10900584381,0.0,41.42626953125,False
2023-10-05,4096814.058672117,TECL,100245.10900584381,0.0,41.42626953125,False
2023-10-06,4323480.263761743,TECL,100245.10900584381,0.0,41.42626953125,False
2023-10-09,4388776.2560707675,TECL,100245.10900584381,0.0,41.42626953125,False
2023-10-10,4408364.556637309,TECL,100245.10900584381,0.0,41.42626953125,False
2023-10-11,4524031.666532345,TECL,100245.10900584381,0.0,41.42626953125,False
2023-10-12,4531493.91269148,TECL,100245.10900584381,0.0,41.42626953125,False
2023-10-13,4337473.218125535,TECL,100245.10900584381,0.0,41.42626953125,False
2023-10-16,4463399.482471594,TECL,100245.10900584381,0.0,41.42626953125,False
2023-10-17,4399969.625309468,TECL,100245.10900584381,0.0,41.42626953125,False
2023-10-18,4255387.745565574,TECL,100245.10900584381,0.0,41.42626953125,False
2023-10-19,4186361.394986469,TECL,100245.10900584381,0.0,41.42626953125,False
2023-10-20,3967155.141627518,TECL,100245.10900584381,0.0,41.42626953125,False
2023-10-23,3980214.263608374,TECL,100245.10900584381,0.0,41.42626953125,False
2023-10-24,4062300.1185730784,TECL,100245.10900584381,0.0,41.42626953125,False
2023-10-25,3920515.9119305587,TECL,100245.10900584381,0.0,41.42626953125,False
2023-10-26,3737502.8143790606,CASH,0.0,3737502.8143790606,,False
2023-10-27,3737502.8143790606,CASH,0.0,3737502.8143790606,,False
2023-10-30,3737502.8143790606,CASH,0.0,3737502.8143790606,,False
2023-10-31,3737502.8143790606,CASH,0.0,3737502.8143790606,,False
2023-11-01,3737502.8143790606,TECL,89656.73309262184,0.0,41.686805725097656,False
2023-11-02,3927715.560235766,TECL,89656.73309262184,0.0,41.686805725097656,False
2023-11-03,4040340.8801520467,TECL,89656.73309262184,0.0,41.686805725097656,False
2023-11-06,4120429.7913289806,TECL,89656.73309262184,0.0,41.686805725097656,False
2023-11-07,4258084.670182019,TECL,89656.73309262184,0.0,41.686805725097656,False
2023-11-08,4326493.827349274,TECL,89656.73309262184,0.0,41.686805725097656,False
2023-11-09,4263089.008708215,TECL,89656.73309262184,0.0,41.686805725097656,False
2023-11-10,4588452.070061798,TECL,89656.73309262184,0.0,41.686805725097656,False
2023-11-13,4508362.81687157,TECL,89656.73309262184,0.0,41.686805725097656,False
2023-11-14,4780332.814756138,TECL,89656.73309262184,0.0,41.686805725097656,False
2023-11-15,4795349.592480968,TECL,89656.73309262184,0.0,41.686805725097656,False
2023-11-16,4866262.970991089,TECL,89656.73309262184,0.0,41.686805725097656,False
2023-11-17,4832057.5373742245,TECL,89656.73309262184,0.0,41.686805725097656,False
2023-11-20,5045629.791250287,TECL,89656.73309262184,0.0,41.686805725097656,False
2023-11-21,4915483.814279605,TECL,89656.73309262184,0.0,41.686805725097656,False
2023-11-22,4978887.948894075,TECL,89656.73309262184,0.0,41.686805725097656,False
2023-11-24,4945517.7117425585,TECL,89656.73309262184,0.0,41.686805725097656,False
2023-11-27,4941346.517601943,TECL,89656.73309262184,0.0,41.686805725097656,False
2023-11-28,4968876.87774862,TECL,89656.73309262184,0.0,41.686805725097656,False
2023-11-29,4984727.825898915,TECL,89656.73309262184,0.0,41.686805725097656,False
2023-11-30,4990568.044917048,TECL,89656.73309262184,0.0,41.686805725097656,False
2023-12-01,5026441.135358252,TECL,89656.73309262184,0.0,55.66305923461914,False
2023-12-04,4845406.31626142,TECL,89656.73309262184,0.0,55.66305923461914,False
2023-12-05,4927997.738714747,TECL,89656.73309262184,0.0,55.66305923461914,False
2023-12-06,4800355.9830869315,TECL,89656.73309262184,0.0,55.66305923461914,False
2023-12-07,4972214.243477066,TECL,89656.73309262184,0.0,55.66305923461914,False
2023-12-08,5098188.3422805425,TECL,89656.73309262184,0.0,55.66305923461914,False
2023-12-11,5226665.294373706,TECL,89656.73309262184,0.0,55.66305923461914,False
2023-12-12,5330947.88399546,TECL,89656.73309262184,0.0,55.66305923461914,False
2023-12-13,5470270.419672838,TECL,89656.73309262184,0.0,55.66305923461914,False
2023-12-14,5422716.549182072,TECL,89656.73309262184,0.0,55.66305923461914,False
2023-12-15,5506977.6805395065,TECL,89656.73309262184,0.0,55.66305923461914,False
2023-12-18,5551193.501275237,TECL,89656.73309262184,0.0,55.66305923461914,False
2023-12-19,5611261.296201144,TECL,89656.73309262184,0.0,55.66305923461914,False
2023-12-20,5358477.902128844,TECL,89656.73309262184,0.0,55.66305923461914,False
2023-12-21,5532280.166085333,TECL,89656.73309262184,0.0,55.66305923461914,False
2023-12-22,5543138.404161446,TECL,89656.73309262184,0.0,55.66305923461914,False
2023-12-26,5618305.74402947,TECL,89656.73309262184,0.0,55.66305923461914,False
2023-12-27,5620809.965372336,TECL,89656.73309262184,0.0,55.66305923461914,False
2023-12-28,5634173.450831198,TECL,89656.73309262184,0.0,55.66305923461914,False
2023-12-29,5571533.7159301,TECL,89656.73309262184,0.0,55.66305923461914,False
2024-01-02,5143918.939897938,TECL,89656.73309262184,0.0,62.142948150634766,False
2024-01-03,5003607.815082073,CASH,0.0,5003607.815082073,,False
2024-01-04,5003607.815082073,CASH,0.0,5003607.815082073,,False
2024-01-05,5003607.815082073,CASH,0.0,5003607.815082073,,False
2024-01-08,5003607.815082073,CASH,0.0,5003607.815082073,,False
2024-01-09,5003607.815082073,CASH,0.0,5003607.815082073,,False
2024-01-10,5003607.815082073,CASH,0.0,5003607.815082073,,False
2024-01-11,5003607.815082073,CASH,0.0,5003607.815082073,,False
2024-01-12,5003607.815082073,CASH,0.0,5003607.815082073,,False
2024-01-16,5003607.815082073,CASH,0.0,5003607.815082073,,False
2024-01-17,5003607.815082073,CASH,0.0,5003607.815082073,,False
2024-01-18,5003607.815082073,CASH,0.0,5003607.815082073,,False
2024-01-19,5003607.815082073,CASH,0.0,5003607.815082073,,False
2024-01-22,5003607.815082073,CASH,0.0,5003607.815082073,,False
2024-01-23,5003607.815082073,CASH,0.0,5003607.815082073,,False
2024-01-24,5003607.815082073,CASH,0.0,5003607.815082073,,False
2024-01-25,5003607.815082073,CASH,0.0,5003607.815082073,,False
2024-01-26,5003607.815082073,CASH,0.0,5003607.815082073,,False
2024-01-29,5003607.815082073,CASH,0.0,5003607.815082073,,False
2024-01-30,5003607.815082073,CASH,0.0,5003607.815082073,,False
2024-01-31,5003607.815082073,CASH,0.0,5003607.815082073,,False
2024-02-01,5003607.815082073,TECL,73089.3447963996,0.0,68.45878601074219,False
2024-02-02,5145907.090522738,TECL,73089.3447963996,0.0,68.45878601074219,False
2024-02-05,5183354.004130964,TECL,73089.3447963996,0.0,68.45878601074219,False
2024-02-06,5105736.166833561,TECL,73089.3447963996,0.0,68.45878601074219,False
2024-02-07,5311355.154190736,TECL,73089.3447963996,0.0,68.45878601074219,False
2024-02-08,5357653.845900295,TECL,73089.3447963996,0.0,68.45878601074219,False
2024-02-09,5572803.801589837,TECL,73089.3447963996,0.0,68.45878601074219,False
2024-02-12,5438675.441137131,TECL,73089.3447963996,0.0,68.45878601074219,False
2024-02-13,5162929.225984583,TECL,73089.3447963996,0.0,68.45878601074219,False
2024-02-14,5318845.206065318,TECL,73089.3447963996,0.0,68.45878601074219,False
2024-02-15,5277312.556149389,TECL,73089.3447963996,0.0,68.45878601074219,False
2024-02-16,5132290.385882668,TECL,73089.3447963996,0.0,68.45878601074219,False
2024-02-20,4974331.258834357,TECL,73089.3447963996,0.0,68.45878601074219,False
2024-02-21,4874245.496422998,TECL,73089.3447963996,0.0,68.45878601074219,False
2024-02-22,5348802.625426409,TECL,73089.3447963996,0.0,68.45878601074219,False
2024-02-23,5307269.97551048,TECL,73089.3447963996,0.0,68.45878601074219,False
2024-02-26,5327014.448170934,TECL,73089.3447963996,0.0,68.45878601074219,False
2024-02-27,5339951.404952522,TECL,73089.3447963996,0.0,68.45878601074219,False
2024-02-28,5261653.262169191,TECL,73089.3447963996,0.0,68.45878601074219,False
2024-02-29,5437994.578023755,TECL,73089.3447963996,0.0,68.45878601074219,False
2024-03-01,5725995.771589622,TECL,73089.3447963996,0.0,74.40201568603516,False
2024-03-04,5725314.908476246,TECL,73089.3447963996,0.0,74.40201568603516,False
2024-03-05,5301142.765117545,TECL,73089.3447963996,0.0,74.40201568603516,False
2024-03-06,5418249.547735854,TECL,73089.3447963996,0.0,74.40201568603516,False
2024-03-07,5670847.532288518,TECL,73089.3447963996,0.0,74.40201568603516,False
2024-03-08,5414844.674541527,TECL,73089.3447963996,0.0,74.40201568603516,False
2024-03-11,5373312.024625598,TECL,73089.3447963996,0.0,74.40201568603516,False
2024-03-12,5694675.510746883,TECL,73089.3447963996,0.0,74.40201568603516,False
2024-03-13,5506761.194847272,TECL,73089.3447963996,0.0,74.40201568603516,False
2024-03-14,5512888.962867655,TECL,73089.3447963996,0.0,74.40201568603516,False
2024-03-15,5258248.388974864,TECL,73089.3447963996,0.0,74.40201568603516,False
2024-03-18,5337227.394871572,TECL,73089.3447963996,0.0,74.40201568603516,False
2024-03-19,5408956.686323562,TECL,73089.3447963996,0.0,74.40201568603516,False
2024-03-20,5595094.958802942,TECL,73089.3447963996,0.0,74.40201568603516,False
2024-03-21,5603278.141594745,TECL,73089.3447963996,0.0,74.40201568603516,False
2024-03-22,5606688.033436099,TECL,73089.3447963996,0.0,74.40201568603516,False
2024-03-25,5489412.289701203,TECL,73089.3447963996,0.0,74.40201568603516,False
2024-03-26,5426002.2421382,TECL,73089.3447963996,0.0,74.40201568603516,False
2024-03-27,5498275.2203514865,TECL,73089.3447963996,0.0,74.40201568603516,False
2024-03-28,5464184.108722209,TECL,73089.3447963996,0.0,74.40201568603516,False
2024-04-01,5505094.446406747,TECL,73089.3447963996,0.0,74.76033782958984,False
2024-04-02,5348273.436978748,TECL,73089.3447963996,0.0,74.76033782958984,False
2024-04-03,5383727.947717121,TECL,73089.3447963996,0.0,74.76033782958984,False
2024-04-04,5128724.915983466,TECL,73089.3447963996,0.0,74.76033782958984,False
2024-04-05,5297136.769534832,TECL,73089.3447963996,0.0,74.76033782958984,False
2024-04-08,5278045.278615381,TECL,73089.3447963996,0.0,74.76033782958984,False
2024-04-09,5350319.3720835615,TECL,73089.3447963996,0.0,74.76033782958984,False
2024-04-10,5160770.650135378,TECL,73089.3447963996,0.0,74.76033782958984,False
2024-04-11,5453275.242967113,TECL,73089.3447963996,0.0,74.76033782958984,False
2024-04-12,5199633.93746021,TECL,73089.3447963996,0.0,74.76033782958984,False
2024-04-15,4917765.697849988,CASH,0.0,4917765.697849988,,False
2024-04-16,4917765.697849988,CASH,0.0,4917765.697849988,,False
2024-04-17,4917765.697849988,CASH,0.0,4917765.697849988,,False
2024-04-18,4917765.697849988,CASH,0.0,4917765.697849988,,False
2024-04-19,4917765.697849988,CASH,0.0,4917765.697849988,,False
2024-04-22,4917765.697849988,CASH,0.0,4917765.697849988,,False
2024-04-23,4917765.697849988,CASH,0.0,4917765.697849988,,False
2024-04-24,4917765.697849988,CASH,0.0,4917765.697849988,,False
2024-04-25,4917765.697849988,CASH,0.0,4917765.697849988,,False
2024-04-26,4917765.697849988,CASH,0.0,4917765.697849988,,False
2024-04-29,4917765.697849988,CASH,0.0,4917765.697849988,,False
2024-04-30,4917765.697849988,CASH,0.0,4917765.697849988,,False
2024-05-01,4917765.697849988,TECL,82835.3518938106,0.0,59.367958068847656,False
2024-05-02,5120997.713774883,TECL,82835.3518938106,0.0,59.367958068847656,False
2024-05-03,5542144.620155838,TECL,82835.3518938106,0.0,59.367958068847656,False
2024-05-06,5735332.521032146,TECL,82835.3518938106,0.0,59.367958068847656,False
2024-05-07,5678149.38268028,TECL,82835.3518938106,0.0,59.367958068847656,False
2024-05-08,5729151.089628999,TECL,82835.3518938106,0.0,59.367958068847656,False
2024-05-09,5716013.414952725,TECL,82835.3518938106,0.0,59.367958068847656,False
2024-05-10,5772425.533336097,TECL,82835.3518938106,0.0,59.367958068847656,False
2024-05-13,5855881.493106187,TECL,82835.3518938106,0.0,59.367958068847656,False
2024-05-14,6012748.665614201,TECL,82835.3518938106,0.0,59.367958068847656,False
2024-05-15,6413032.530028004,TECL,82835.3518938106,0.0,59.367958068847656,False
2024-05-16,6344257.548838337,TECL,82835.3518938106,0.0,59.367958068847656,False
2024-05-17,6293256.4738732,TECL,82835.3518938106,0.0,59.367958068847656,False
2024-05-20,6511944.280248496,TECL,82835.3518938106,0.0,59.367958068847656,False
2024-05-21,6545170.8170055235,TECL,82835.3518938106,0.0,59.367958068847656,False
2024-05-22,6589218.176631858,TECL,82835.3518938106,0.0,59.367958068847656,False
2024-05-23,6429259.972430481,TECL,82835.3518938106,0.0,59.367958068847656,False
2024-05-24,6573763.018165037,TECL,82835.3518938106,0.0,59.367958068847656,False
2024-05-28,6656447.957966633,TECL,82835.3518938106,0.0,59.367958068847656,False
2024-05-29,6526625.890812499,TECL,82835.3518938106,0.0,59.367958068847656,False
2024-05-30,6079205.531029739,TECL,82835.3518938106,0.0,59.367958068847656,False
2024-05-31,6108570.016124909,TECL,82835.3518938106,0.0,59.367958068847656,False
2024-06-03,6154161.943622555,TECL,82835.3518938106,0.0,73.74351501464844,False
2024-06-04,6177344.997314576,TECL,82835.3518938106,0.0,73.74351501464844,False
2024-06-05,6590764.00847033,TECL,82835.3518938106,0.0,73.74351501464844,False
2024-06-06,6526625.890812499,TECL,82835.3518938106,0.0,73.74351501464844,False
2024-06-07,6565264.102971342,TECL,82835.3518938106,0.0,73.74351501464844,False
2024-06-10,6609310.1986305155,TECL,82835.3518938106,0.0,73.74351501464844,False
2024-06-11,6975592.082433732,TECL,82835.3518938106,0.0,73.74351501464844,False
2024-06-12,7435377.20097353,TECL,82835.3518938106,0.0,73.74351501464844,False
2024-06-13,7617746.174931274,TECL,82835.3518938106,0.0,73.74351501464844,False
2024-06-14,7684202.408363231,TECL,82835.3518938106,0.0,73.74351501464844,False
2024-06-17,8033483.933844737,TECL,82835.3518938106,0.0,73.74351501464844,False
2024-06-18,8065938.818649689,TECL,82835.3518938106,0.0,73.74351501464844,False
2024-06-20,7782340.610680907,TECL,82835.3518938106,0.0,73.74351501464844,False
2024-06-21,7708930.661910146,TECL,82835.3518938106,0.0,73.74351501464844,False
2024-06-24,7178825.3623257885,TECL,82835.3518938106,0.0,73.74351501464844,False
2024-06-25,7563131.417851506,TECL,82835.3518938106,0.0,73.74351501464844,False
2024-06-26,7544566.268183898,TECL,82835.3518938106,0.0,73.74351501464844,False
2024-06-27,7553075.295114885,TECL,82835.3518938106,0.0,73.74351501464844,False
2024-06-28,7532962.417658064,TECL,82835.3518938106,0.0,73.74351501464844,False
2024-07-01,7695411.269151109,TECL,82835.3518938106,0.0,90.93898010253906,False
2024-07-02,7803709.871496225,TECL,82835.3518938106,0.0,90.93898010253906,False
2024-07-03,8116229.544070083,TECL,82835.3518938106,0.0,90.93898010253906,False
2024-07-05,8188170.762999222,TECL,82835.3518938106,0.0,90.93898010253906,False
2024-07-08,8349846.0665894495,TECL,82835.3518938106,0.0,90.93898010253906,False
2024-07-09,8318902.88650961,TECL,82835.3518938106,0.0,90.93898010253906,False
2024-07-10,8672422.49388351,TECL,82835.3518938106,0.0,90.93898010253906,False
2024-07-11,8032685.10659869,TECL,82835.3518938106,0.0,90.93898010253906,False
2024-07-12,8231490.709524132,TECL,82835.3518938106,0.0,90.93898010253906,False
2024-07-15,8272489.380357012,TECL,82835.3518938106,0.0,90.93898010253906,False
2024-07-16,8194359.778205338,TECL,82835.3518938106,0.0,90.93898010253906,False
2024-07-17,7241328.538460263,TECL,82835.3518938106,0.0,90.93898010253906,False
2024-07-18,7226631.760290322,TECL,82835.3518938106,0.0,90.93898010253906,False
2024-07-19,6889356.658875579,TECL,82835.3518938106,0.0,90.93898010253906,False
2024-07-22,7366647.090618094,TECL,82835.3518938106,0.0,90.93898010253906,False
2024-07-23,7280780.74547109,TECL,82835.3518938106,0.0,90.93898010253906,False
2024-07-24,6779666.175892257,CASH,0.0,6779666.175892257,,False
2024-07-25,6779666.175892257,CASH,0.0,6779666.175892257,,False
2024-07-26,6779666.175892257,CASH,0.0,6779666.175892257,,False
2024-07-29,6779666.175892257,CASH,0.0,6779666.175892257,,False
2024-07-30,6779666.175892257,CASH,0.0,6779666.175892257,,False
2024-07-31,6779666.175892257,CASH,0.0,6779666.175892257,,False
2024-08-01,6779666.175892257,TQQQ,218054.1216290816,0.0,31.09166717529297,False
2024-08-02,6101699.558303032,CASH,0.0,6101699.558303032,,False
2024-08-05,6101699.558303032,CASH,0.0,6101699.558303032,,False
2024-08-06,6101699.558303032,CASH,0.0,6101699.558303032,,False
2024-08-07,6101699.558303032,CASH,0.0,6101699.558303032,,False
2024-08-08,6101699.558303032,CASH,0.0,6101699.558303032,,False
2024-08-09,6101699.558303032,CASH,0.0,6101699.558303032,,False
2024-08-12,6101699.558303032,CASH,0.0,6101699.558303032,,False
2024-08-13,6101699.558303032,CASH,0.0,6101699.558303032,,False
2024-08-14,6101699.558303032,CASH,0.0,6101699.558303032,,False
2024-08-15,6101699.558303032,CASH,0.0,6101699.558303032,,False
2024-08-16,6101699.558303032,CASH,0.0,6101699.558303032,,False
2024-08-19,6101699.558303032,CASH,0.0,6101699.558303032,,False
2024-08-20,6101699.558303032,CASH,0.0,6101699.558303032,,False
2024-08-21,6101699.558303032,CASH,0.0,6101699.558303032,,False
2024-08-22,6101699.558303032,CASH,0.0,6101699.558303032,,False
2024-08-23,6101699.558303032,CASH,0.0,6101699.558303032,,False
2024-08-26,6101699.558303032,CASH,0.0,6101699.558303032,,False
2024-08-27,6101699.558303032,CASH,0.0,6101699.558303032,,False
2024-08-28,6101699.558303032,CASH,0.0,6101699.558303032,,False
2024-08-29,6101699.558303032,CASH,0.0,6101699.558303032,,False
2024-08-30,6101699.558303032,CASH,0.0,6101699.558303032,,False
2024-09-03,6101699.558303032,TQQQ,199427.74991720225,0.0,30.596040725708008,False
2024-09-04,6049833.082549323,TQQQ,199427.74991720225,0.0,30.596040725708008,False
2024-09-05,6069405.445204943,TQQQ,199427.74991720225,0.0,30.596040725708008,False
2024-09-06,5577159.478375927,TQQQ,199427.74991720225,0.0,30.596040725708008,False
2024-09-09,5784626.902903743,TQQQ,199427.74991720225,0.0,30.596040725708008,False
2024-09-10,5940227.09092136,TQQQ,199427.74991720225,0.0,30.596040725708008,False
2024-09-11,6318953.734726028,TQQQ,199427.74991720225,0.0,30.596040725708008,False
2024-09-12,6505870.083370883,TQQQ,199427.74991720225,0.0,30.596040725708008,False
2024-09-13,6591010.146206514,TQQQ,199427.74991720225,0.0,30.596040725708008,False
2024-09-16,6502934.324067101,TQQQ,199427.74991720225,0.0,30.596040725708008,False
2024-09-17,6506848.416219979,TQQQ,199427.74991720225,0.0,30.596040725708008,False
2024-09-18,6421709.874897333,TQQQ,199427.74991720225,0.0,30.596040725708008,False
2024-09-19,6907105.990269691,TQQQ,199427.74991720225,0.0,30.596040725708008,False
2024-09-20,6863066.557686999,TQQQ,199427.74991720225,0.0,30.596040725708008,False
2024-09-23,6913955.080969857,TQQQ,199427.74991720225,0.0,30.596040725708008,False
2024-09-24,7011816.51386971,TQQQ,199427.74991720225,0.0,30.596040725708008,False
2024-09-25,7036361.561337242,TQQQ,199427.74991720225,0.0,30.596040725708008,False
2024-09-26,7185590.794110102,TQQQ,199427.74991720225,0.0,30.596040725708008,False
2024-09-27,7061887.98467984,TQQQ,199427.74991720225,0.0,30.596040725708008,False
2024-09-30,7116867.095621789,TQQQ,199427.74991720225,0.0,30.596040725708008,False
2024-10-01,6815462.220181396,TECL,89823.83407594757,0.0,75.8758773803711,False
2024-10-02,6950512.524669347,TECL,89823.83407594757,0.0,75.8758773803711,False
2024-10-03,7047815.738972231,TECL,89823.83407594757,0.0,75.8758773803711,False
2024-10-04,7275138.459682991,TECL,89823.83407594757,0.0,75.8758773803711,False
2024-10-07,7130021.7619246105,TECL,89823.83407594757,0.0,75.8758773803711,False
2024-10-08,7515881.439050895,TECL,89823.83407594757,0.0,75.8758773803711,False
2024-10-09,7764173.014094052,TECL,89823.83407594757,0.0,75.8758773803711,False
2024-10-10,7748236.328444667,TECL,89823.83407594757,0.0,75.8758773803711,False
2024-10-11,7779272.946650429,TECL,89823.83407594757,0.0,75.8758773803711,False
2024-10-14,8071183.960162015,TECL,89823.83407594757,0.0,75.8758773803711,False
2024-10-15,7574599.439472766,TECL,89823.83407594757,0.0,75.8758773803711,False
2024-10-16,7619057.00163714,TECL,89823.83407594757,0.0,75.8758773803711,False
2024-10-17,7702939.27198141,TECL,89823.83407594757,0.0,75.8758773803711,False
2024-10-18,7755785.609421386,TECL,89823.83407594757,0.0,75.8758773803711,False
2024-10-21,7872382.115966245,TECL,89823.83407594757,0.0,75.8758773803711,False
2024-10-22,7850571.711430562,TECL,89823.83407594757,0.0,75.8758773803711,False
2024-10-23,7512525.517759774,TECL,89823.83407594757,0.0,75.8758773803711,False
2024-10-24,7572921.136176471,TECL,89823.83407594757,0.0,75.8758773803711,False
2024-10-25,7679452.620053837,TECL,89823.83407594757,0.0,75.8758773803711,False
2024-10-28,7676098.069365652,TECL,89823.83407594757,0.0,75.8758773803711,False
2024-10-29,7979752.408841025,TECL,89823.83407594757,0.0,75.8758773803711,False
2024-10-30,7604797.248681114,TECL,89823.83407594757,0.0,75.8758773803711,False
2024-10-31,6860759.276644653,TECL,89823.83407594757,0.0,75.8758773803711,False
2024-11-01,7011746.952083457,TECL,89823.83407594757,0.0,76.38016510009766,False
2024-11-04,6991614.850844069,TECL,89823.83407594757,0.0,76.38016510009766,False
2024-11-05,7284364.6733530685,TECL,89823.83407594757,0.0,76.38016510009766,False
2024-11-06,7885803.745226326,TECL,89823.83407594757,0.0,76.38016510009766,False
2024-11-07,8314444.051823628,TECL,89823.83407594757,0.0,76.38016510009766,False
2024-11-08,8275019.343643732,TECL,89823.83407594757,0.0,76.38016510009766,False
2024-11-11,8145001.207838793,TECL,89823.83407594757,0.0,76.38016510009766,False
2024-11-12,8161776.702485591,TECL,89823.83407594757,0.0,76.38016510009766,False
2024-11-13,8113963.904331563,TECL,89823.83407594757,0.0,76.38016510009766,False
2024-11-14,7998206.892085587,TECL,89823.83407594757,0.0,76.38016510009766,False
2024-11-15,7420256.528044308,TECL,89823.83407594757,0.0,76.38016510009766,False
2024-11-18,7466390.337600572,TECL,89823.83407594757,0.0,76.38016510009766,False
2024-11-19,7651771.237837728,TECL,89823.83407594757,0.0,76.38016510009766,False
2024-11-20,7613184.653353779,TECL,89823.83407594757,0.0,76.38016510009766,False
2024-11-21,7852250.014726857,TECL,89823.83407594757,0.0,76.38016510009766,False
2024-11-22,7853090.194327206,TECL,89823.83407594757,0.0,76.38016510009766,False
2024-11-25,7845540.228049018,TECL,89823.83407594757,0.0,76.38016510009766,False
2024-11-26,7968008.39757577,TECL,89823.83407594757,0.0,76.38016510009766,False
2024-11-27,7640028.59717541,TECL,89823.83407594757,0.0,76.38016510009766,False
2024-11-29,7843861.924752723,TECL,89823.83407594757,0.0,76.38016510009766,False
2024-12-02,8064473.488182708,TECL,89823.83407594757,0.0,87.324951171875,False
2024-12-03,8148356.443828446,TECL,89823.83407594757,0.0,87.324951171875,False
2024-12-04,8599643.90805444,TECL,89823.83407594757,0.0,87.324951171875,False
2024-12-05,8458722.625886062,TECL,89823.83407594757,0.0,87.324951171875,False
2024-12-06,8543443.019926278,TECL,89823.83407594757,0.0,87.324951171875,False
2024-12-09,8386584.366807048,TECL,89823.83407594757,0.0,87.324951171875,False
2024-12-10,8029242.8249898795,TECL,89823.83407594757,0.0,87.324951171875,False
2024-12-11,8377355.411931096,TECL,89823.83407594757,0.0,87.324951171875,False
2024-12-12,8236802.821952759,TECL,89823.83407594757,0.0,87.324951171875,False
2024-12-13,8332462.68333424,TECL,89823.83407594757,0.0,87.324951171875,False
2024-12-16,8576647.246676825,TECL,89823.83407594757,0.0,87.324951171875,False
2024-12-17,8427283.735718306,TECL,89823.83407594757,0.0,87.324951171875,False
2024-12-18,7622567.115758669,TECL,89823.83407594757,0.0,87.324951171875,False
2024-12-19,7630118.452639794,TECL,89823.83407594757,0.0,87.324951171875,False
2024-12-20,7973318.798654982,TECL,89823.83407594757,0.0,87.324951171875,False
2024-12-23,8204534.03170668,TECL,89823.83407594757,0.0,87.324951171875,False
2024-12-24,8447916.79233115,TECL,89823.83407594757,0.0,87.324951171875,False
2024-12-26,8468898.667391447,TECL,89823.83407594757,0.0,87.324951171875,False
2024-12-27,8118929.598772132,TECL,89823.83407594757,0.0,87.324951171875,False
2024-12-30,7806726.808779003,TECL,89823.83407594757,0.0,87.324951171875,False
2024-12-31,7599432.023484424,TECL,89823.83407594757,0.0,87.324951171875,False
2025-01-02,7552434.048776411,TECL,89823.83407594757,0.0,84.6037368774414,False
2025-01-03,7903241.92639314,TECL,89823.83407594757,0.0,84.6037368774414,False
2025-01-06,8206212.335002975,TECL,89823.83407594757,0.0,84.6037368774414,False
2025-01-07,7716088.836558507,TECL,89823.83407594757,0.0,84.6037368774414,False
2025-01-08,7711052.556066685,TECL,89823.83407594757,0.0,84.6037368774414,False
2025-01-10,7196591.261270799,TECL,89823.83407594757,0.0,84.6037368774414,False
2025-01-13,6839069.44720812,CASH,0.0,6839069.44720812,,False
2025-01-14,6839069.44720812,CASH,0.0,6839069.44720812,,False
2025-01-15,6839069.44720812,CASH,0.0,6839069.44720812,,False
2025-01-16,6839069.44720812,CASH,0.0,6839069.44720812,,False
2025-01-17,6839069.44720812,CASH,0.0,6839069.44720812,,False
2025-01-21,6839069.44720812,CASH,0.0,6839069.44720812,,False
2025-01-22,6839069.44720812,CASH,0.0,6839069.44720812,,False
2025-01-23,6839069.44720812,CASH,0.0,6839069.44720812,,False
2025-01-24,6839069.44720812,CASH,0.0,6839069.44720812,,False
2025-01-27,6839069.44720812,CASH,0.0,6839069.44720812,,False
2025-01-28,6839069.44720812,CASH,0.0,6839069.44720812,,False
2025-01-29,6839069.44720812,CASH,0.0,6839069.44720812,,False
2025-01-30,6839069.44720812,CASH,0.0,6839069.44720812,,False
2025-01-31,6839069.44720812,CASH,0.0,6839069.44720812,,False
2025-02-03,6839069.44720812,TECL,88713.41919067893,0.0,77.09171295166016,False
2025-02-04,7129176.920409438,TECL,88713.41919067893,0.0,77.09171295166016,False
2025-02-05,7438347.978243055,TECL,88713.41919067893,0.0,77.09171295166016,False
2025-02-06,7485593.396892241,TECL,88713.41919067893,0.0,77.09171295166016,False
2025-02-07,7281689.658445879,TECL,88713.41919067893,0.0,77.09171295166016,False
2025-02-10,7602465.63789085,TECL,88713.41919067893,0.0,77.09171295166016,False
2025-02-11,7608268.098696527,TECL,88713.41919067893,0.0,77.09171295166016,False
2025-02-12,7562680.235921958,TECL,88713.41919067893,0.0,77.09171295166016,False
2025-02-13,7880968.866310489,TECL,88713.41919067893,0.0,77.09171295166016,False
2025-02-14,7943964.111502088,TECL,88713.41919067893,0.0,77.09171295166016,False
2025-02-18,8163614.969172161,TECL,88713.41919067893,0.0,77.09171295166016,False
2025-02-19,8162786.52964969,TECL,88713.41919067893,0.0,77.09171295166016,False
2025-02-20,8085701.721108997,TECL,88713.41919067893,0.0,77.09171295166016,False
2025-02-21,7418454.600428933,TECL,88713.41919067893,0.0,77.09171295166016,False
2025-02-24,7095192.625586873,TECL,88713.41919067893,0.0,77.09171295166016,False
2025-02-25,6820005.185746146,TECL,88713.41919067893,0.0,77.09171295166016,False
2025-02-26,7038000.518030627,TECL,88713.41919067893,0.0,77.09171295166016,False
2025-02-27,6282892.783550664,TECL,88713.41919067893,0.0,77.09171295166016,False
2025-02-28,6155162.502487308,CASH,0.0,6155162.502487308,,False
2025-03-03,6155162.502487308,TECL,92059.3898570648,0.0,66.86077880859375,False
2025-03-04,6119036.749334094,TECL,92059.3898570648,0.0,66.86077880859375,False
2025-03-05,6374498.8872293085,TECL,92059.3898570648,0.0,66.86077880859375,False
2025-03-06,5848952.934970646,TECL,92059.3898570648,0.0,66.86077880859375,False
2025-03-07,6086351.8451105505,TECL,92059.3898570648,0.0,66.86077880859375,False
2025-03-10,5539646.252238578,CASH,0.0,5539646.252238578,,False
2025-03-11,5539646.252238578,CASH,0.0,5539646.252238578,,False
2025-03-12,5539646.252238578,CASH,0.0,5539646.252238578,,False
2025-03-13,5539646.252238578,CASH,0.0,5539646.252238578,,False
2025-03-14,5539646.252238578,CASH,0.0,5539646.252238578,,False
2025-03-17,5539646.252238578,CASH,0.0,5539646.252238578,,False
2025-03-18,5539646.252238578,CASH,0.0,5539646.252238578,,False
2025-03-19,5539646.252238578,CASH,0.0,5539646.252238578,,False
2025-03-20,5539646.252238578,CASH,0.0,5539646.252238578,,False
2025-03-21,5539646.252238578,CASH,0.0,5539646.252238578,,False
2025-03-24,5539646.252238578,CASH,0.0,5539646.252238578,,False
2025-03-25,5539646.252238578,CASH,0.0,5539646.252238578,,False
2025-03-26,5539646.252238578,CASH,0.0,5539646.252238578,,False
2025-03-27,5539646.252238578,CASH,0.0,5539646.252238578,,False
2025-03-28,5539646.252238578,CASH,0.0,5539646.252238578,,False
2025-03-31,5539646.252238578,CASH,0.0,5539646.252238578,,False
2025-04-01,5539646.252238578,GLD,19263.644021098986,0.0,287.57000732421875,False
2025-04-02,5551011.731665455,GLD,19263.644021098986,0.0,287.57000732421875,False
2025-04-03,5517493.179190267,GLD,19263.644021098986,0.0,287.57000732421875,False
2025-04-04,5388426.529096999,GLD,19263.644021098986,0.0,287.57000732421875,False
2025-04-07,5272651.84040867,GLD,19263.644021098986,0.0,287.57000732421875,False
2025-04-08,5301355.069758345,GLD,19263.644021098986,0.0,287.57000732421875,False
2025-04-09,5497458.824801991,GLD,19263.644021098986,0.0,287.57000732421875,False
2025-04-10,5631726.447144241,GLD,19263.644021098986,0.0,287.57000732421875,False
2025-04-11,5739217.322114878,GLD,19263.644021098986,0.0,287.57000732421875,False
2025-04-14,5706469.480006867,GLD,19263.644021098986,0.0,287.57000732421875,False
2025-04-15,5736327.893087666,GLD,19263.644021098986,0.0,287.57000732421875,False
2025-04-16,5922992.650682496,GLD,19263.644021098986,0.0,287.57000732421875,False
2025-04-17,5896986.61367806,GLD,19263.644021098986,0.0,287.57000732421875,False
2025-04-21,6079413.3460730575,GLD,19263.644021098986,0.0,287.57000732421875,False
2025-04-22,5993112.00922182,GLD,19263.644021098986,0.0,287.57000732421875,False
2025-04-23,5849405.389430755,GLD,19263.644021098986,0.0,287.57000732421875,False
2025-04-24,5934550.954671107,GLD,19263.644021098986,0.0,287.57000732421875,False
2025-04-25,5870210.454186208,GLD,19263.644021098986,0.0,287.57000732421875,False
2025-04-28,5953814.598692207,GLD,19263.644021098986,0.0,287.57000732421875,False
2025-04-29,5895830.842067175,GLD,19263.644021098986,0.0,287.57000732421875,False
2025-04-30,5851716.932652525,GLD,19263.644021098986,0.0,287.57000732421875,False
2025-05-01,5730163.385909772,GLD,19263.644021098986,0.0,303.7699890136719,False
2025-05-02,5740180.85704379,GLD,19263.644021098986,0.0,303.7699890136719,False
2025-05-05,5911627.171255618,GLD,19263.644021098986,0.0,303.7699890136719,False
2025-05-06,6077294.627413022,GLD,19263.644021098986,0.0,303.7699890136719,False
2025-05-07,5986177.37955651,GLD,19263.644021098986,0.0,303.7699890136719,False
2025-05-08,5868283.972208146,GLD,19263.644021098986,0.0,303.7699890136719,False
2025-05-09,5910856.460888442,GLD,19263.644021098986,0.0,303.7699890136719,False
2025-05-12,5744226.057681887,GLD,19263.644021098986,0.0,303.7699890136719,False
2025-05-13,5768690.6739519695,GLD,19263.644021098986,0.0,303.7699890136719,False
2025-05-14,5647329.95177095,GLD,19263.644021098986,0.0,303.7699890136719,False
2025-05-15,5737483.6646985505,GLD,19263.644021098986,0.0,303.7699890136719,False
2025-05-16,5668134.428646642,GLD,19263.644021098986,0.0,303.7699890136719,False
2025-05-19,5741143.80409294,GLD,19263.644021098986,0.0,303.7699890136719,False
2025-05-20,5848056.793258135,GLD,19263.644021098986,0.0,303.7699890136719,False
2025-05-21,5891207.755623635,GLD,19263.644021098986,0.0,303.7699890136719,False
2025-05-22,5839002.857053028,GLD,19263.644021098986,0.0,303.7699890136719,False
2025-05-23,5966913.735535411,GLD,19263.644021098986,0.0,303.7699890136719,False
2025-05-27,5865779.6044246415,GLD,19263.644021098986,0.0,303.7699890136719,False
2025-05-28,5852487.643019702,GLD,19263.644021098986,0.0,303.7699890136719,False
2025-05-29,5887161.967105775,GLD,19263.644021098986,0.0,303.7699890136719,False
2025-05-30,5848442.442381605,GLD,19263.644021098986,0.0,303.7699890136719,False
2025-06-02,6003900.190723015,TQQQ,169244.43376251767,0.0,35.474727630615234,False
2025-06-03,6143914.347467566,TQQQ,169244.43376251767,0.0,35.474727630615234,False
2025-06-04,6193382.112357542,TQQQ,169244.43376251767,0.0,35.474727630615234,False
2025-06-05,6049173.386650302,TQQQ,169244.43376251767,0.0,35.474727630615234,False
2025-06-06,6221887.362294533,TQQQ,169244.43376251767,0.0,35.474727630615234,False
2025-06-09,6249555.247918056,TQQQ,169244.43376251767,0.0,35.474727630615234,False
2025-06-10,6370288.720115625,TQQQ,169244.43376251767,0.0,35.474727630615234,False
2025-06-11,6304891.6647813795,TQQQ,169244.43376251767,0.0,35.474727630615234,False
2025-06-12,6345974.16544365,TQQQ,169244.43376251767,0.0,35.474727630615234,False
2025-06-13,6106186.4689894,TQQQ,169244.43376251767,0.0,35.474727630615234,False
2025-06-16,6355196.148368546,TQQQ,169244.43376251767,0.0,35.474727630615234,False
2025-06-17,6167390.246593514,TQQQ,169244.43376251767,0.0,35.474727630615234,False
2025-06-18,6159006.919214645,TQQQ,169244.43376251767,0.0,35.474727630615234,False
2025-06-20,6074326.596868304,TQQQ,169244.43376251767,0.0,35.474727630615234,False
2025-06-23,6262969.862956804,TQQQ,169244.43376251767,0.0,35.474727630615234,False
2025-06-24,6548032.046570899,TQQQ,169244.43376251767,0.0,35.474727630615234,False
2025-06-25,6598310.059890638,TQQQ,169244.43376251767,0.0,35.474727630615234,False
2025-06-26,6779073.5792976525,TQQQ,169244.43376251767,0.0,35.474727630615234,False
2025-06-27,6845493.936433631,TQQQ,169244.43376251767,0.0,35.474727630615234,False
2025-06-30,6978334.00508931,TQQQ,169244.43376251767,0.0,35.474727630615234,False
2025-07-01,6800933.500878025,TQQQ,169244.43376251767,0.0,41.23228073120117,False
2025-07-02,6936295.99233457,TQQQ,169244.43376251767,0.0,41.23228073120117,False
2025-07-03,7130512.863757053,TQQQ,169244.43376251767,0.0,41.23228073120117,False
2025-07-07,6971607.974697854,TQQQ,169244.43376251767,0.0,41.23228073120117,False
2025-07-08,6980856.427890176,TQQQ,169244.43376251767,0.0,41.23228073120117,False
2025-07-09,7125468.6637716,TQQQ,169244.43376251767,0.0,41.23228073120117,False
2025-07-10,7092678.458592903,TQQQ,169244.43376251767,0.0,41.23228073120117,False
2025-07-11,7038870.215461253,TQQQ,169244.43376251767,0.0,41.23228073120117,False
2025-07-14,7113697.787778413,TQQQ,169244.43376251767,0.0,41.23228073120117,False
2025-07-15,7132194.694163057,TQQQ,169244.43376251767,0.0,41.23228073120117,False
2025-07-16,7152372.139721147,TQQQ,169244.43376251767,0.0,41.23228073120117,False
2025-07-17,7318844.297182944,TQQQ,169244.43376251767,0.0,41.23228073120117,False
2025-07-18,7293620.714790564,TQQQ,169244.43376251767,0.0,41.23228073120117,False
2025-07-21,7404601.50748215,TQQQ,169244.43376251767,0.0,41.23228073120117,False
2025-07-22,7289416.461583695,TQQQ,169244.43376251767,0.0,41.23228073120117,False
2025-07-23,7385262.717470086,TQQQ,169244.43376251767,0.0,41.23228073120117,False
2025-07-24,7434028.051848841,TQQQ,169244.43376251767,0.0,41.23228073120117,False
2025-07-25,7476066.064603582,TQQQ,169244.43376251767,0.0,41.23228073120117,False
2025-07-28,7549213.097747295,TQQQ,169244.43376251767,0.0,41.23228073120117,False
2025-07-29,7514740.416546316,TQQQ,169244.43376251767,0.0,41.23228073120117,False
2025-07-30,7540805.236949836,TQQQ,169244.43376251767,0.0,41.23228073120117,False
2025-07-31,7416372.383475338,TQQQ,169244.43376251767,0.0,41.23228073120117,False
2025-08-01,6971607.974697854,TQQQ,169244.43376251767,0.0,43.82048034667969,False
2025-08-04,7353314.395918808,TQQQ,169244.43376251767,0.0,43.82048034667969,False
2025-08-05,7200296.23608876,TQQQ,169244.43376251767,0.0,43.82048034667969,False
2025-08-06,7469340.034212125,TQQQ,169244.43376251767,0.0,43.82048034667969,False
2025-08-07,7545008.8445404265,TQQQ,169244.43376251767,0.0,43.82048034667969,False
2025-08-08,7748474.169155233,TQQQ,169244.43376251767,0.0,43.82048034667969,False
2025-08-11,7680371.9816132495,TQQQ,169244.43376251767,0.0,43.82048034667969,False
2025-08-12,7963709.724146947,TQQQ,169244.43376251767,0.0,43.82048034667969,False
2025-08-13,7975479.954523857,TQQQ,169244.43376251767,0.0,43.82048034667969,False
2025-08-14,7953620.032943484,TQQQ,169244.43376251767,0.0,43.82048034667969,False
2025-08-15,7840958.055462174,TQQQ,169244.43376251767,0.0,43.82048034667969,False
2025-08-18,7830869.009874989,TQQQ,169244.43376251767,0.0,43.82048034667969,False
2025-08-19,7511378.046966867,TQQQ,169244.43376251767,0.0,43.82048034667969,False
2025-08-20,7374333.079488039,TQQQ,169244.43376251767,0.0,43.82048034667969,False
2025-08-21,7271760.793210192,TQQQ,169244.43376251767,0.0,43.82048034667969,False
2025-08-22,7598817.733288355,TQQQ,169244.43376251767,0.0,43.82048034667969,False
2025-08-25,7532397.376152377,TQQQ,169244.43376251767,0.0,43.82048034667969,False
2025-08-26,7619837.062473865,TQQQ,169244.43376251767,0.0,43.82048034667969,False
2025-08-27,7654308.4524422875,TQQQ,169244.43376251767,0.0,43.82048034667969,False
2025-08-28,7793873.905873144,TQQQ,169244.43376251767,0.0,43.82048034667969,False
2025-08-29,7513060.522989148,TQQQ,169244.43376251767,0.0,43.82048034667969,False
2025-09-02,7321365.428751251,TECL,79386.842564695,0.0,92.22391510009766,False
2025-09-03,7439199.216447795,TECL,79386.842564695,0.0,92.22391510009766,False
2025-09-04,7546591.797944901,TECL,79386.842564695,0.0,92.22391510009766,False
2025-09-05,7562253.91008083,TECL,79386.842564695,0.0,92.22391510009766,False
2025-09-08,7729309.575230587,TECL,79386.842564695,0.0,92.22391510009766,False
2025-09-09,7777039.678748583,TECL,79386.842564695,0.0,92.22391510009766,False
2025-09-10,8190949.709621705,TECL,79386.842564695,0.0,92.22391510009766,False
2025-09-11,8249121.625012682,TECL,79386.842564695,0.0,92.22391510009766,False
2025-09-12,8251357.771731652,TECL,79386.842564695,0.0,92.22391510009766,False
2025-09-15,8467635.920008166,TECL,79386.842564695,0.0,92.22391510009766,False
2025-09-16,8378887.181496797,TECL,79386.842564695,0.0,92.22391510009766,False
2025-09-17,8312512.629319522,TECL,79386.842564695,0.0,92.22391510009766,False
2025-09-18,8709269.985468581,TECL,79386.842564695,0.0,92.22391510009766,False
2025-09-19,8965819.367587004,TECL,79386.842564695,0.0,92.22391510009766,False
2025-09-22,9371526.761673827,TECL,79386.842564695,0.0,92.22391510009766,False
2025-09-23,9117960.321752299,TECL,79386.842564695,0.0,92.22391510009766,False
2025-09-24,8969548.499588277,TECL,79386.842564695,0.0,92.22391510009766,False
2025-09-25,8903919.53154184,TECL,79386.842564695,0.0,92.22391510009766,False
2025-09-26,8975514.383982062,TECL,79386.842564695,0.0,92.22391510009766,False
2025-09-29,9105281.151813261,TECL,79386.842564695,0.0,92.22391510009766,False
2025-09-30,9275320.364833456,TECL,79386.842564695,0.0,92.22391510009766,False
2025-10-01,9534853.294822313,TQQQ,182864.7238914464,0.0,52.14156723022461,False
2025-10-02,9651243.443676712,TQQQ,182864.7238914464,0.0,52.14156723022461,False
2025-10-03,9520304.700608904,TQQQ,182864.7238914464,0.0,52.14156723022461,False
2025-10-06,9733080.681274265,TQQQ,182864.7238914464,0.0,52.14156723022461,False
2025-10-07,9575772.26240787,TQQQ,182864.7238914464,0.0,52.14156723022461,False
2025-10-08,9900390.212302037,TQQQ,182864.7238914464,0.0,52.14156723022461,False
2025-10-09,9861290.516566716,TQQQ,182864.7238914464,0.0,52.14156723022461,False
2025-10-10,8826514.079828786,TQQQ,182864.7238914464,0.0,52.14156723022461,False
2025-10-13,9386639.142486423,TQQQ,182864.7238914464,0.0,52.14156723022461,False
2025-10-14,9195687.4482883,TQQQ,182864.7238914464,0.0,52.14156723022461,False
2025-10-15,9383910.932284627,TQQQ,182864.7238914464,0.0,52.14156723022461,False
2025-10-16,9279342.562588966,TQQQ,182864.7238914464,0.0,52.14156723022461,False
2025-10-17,9455744.965000117,TQQQ,182864.7238914464,0.0,52.14156723022461,False
2025-10-20,9810369.739246221,TQQQ,182864.7238914464,0.0,52.14156723022461,False
2025-10-21,9799458.293586165,TQQQ,182864.7238914464,0.0,52.14156723022461,False
2025-10-22,9511213.224372646,TQQQ,182864.7238914464,0.0,52.14156723022461,False
2025-10-23,9749447.84976435,TQQQ,182864.7238914464,0.0,52.14156723022461,False
2025-10-24,10053151.149116397,TQQQ,182864.7238914464,0.0,52.14156723022461,False
2025-10-27,10586907.23354901,TQQQ,182864.7238914464,0.0,52.14156723022461,False
2025-10-28,10828779.007494068,TQQQ,182864.7238914464,0.0,52.14156723022461,False
2025-10-29,10966992.047668582,TQQQ,182864.7238914464,0.0,52.14156723022461,False
2025-10-30,10465060.66429102,TQQQ,182864.7238914464,0.0,52.14156723022461,False
2025-10-31,10613276.211774034,TQQQ,182864.7238914464,0.0,52.14156723022461,False
2025-11-03,10758763.549055256,TECL,76738.33526398784,0.0,140.2006378173828,False
2025-11-04,9916748.37154476,TECL,76738.33526398784,0.0,140.2006378173828,False
2025-11-05,10021278.8269792,TECL,76738.33526398784,0.0,140.2006378173828,False
2025-11-06,9682887.19414973,CASH,0.0,9682887.19414973,,False
2025-11-07,9682887.19414973,CASH,0.0,9682887.19414973,,False
2025-11-10,9682887.19414973,CASH,0.0,9682887.19414973,,False
2025-11-11,9682887.19414973,CASH,0.0,9682887.19414973,,False
2025-11-12,9682887.19414973,CASH,0.0,9682887.19414973,,False
2025-11-13,9682887.19414973,CASH,0.0,9682887.19414973,,False
2025-11-14,9682887.19414973,CASH,0.0,9682887.19414973,,False
2025-11-17,9682887.19414973,CASH,0.0,9682887.19414973,,False
2025-11-18,9682887.19414973,CASH,0.0,9682887.19414973,,False
2025-11-19,9682887.19414973,CASH,0.0,9682887.19414973,,False
2025-11-20,9682887.19414973,CASH,0.0,9682887.19414973,,False
2025-11-21,9682887.19414973,CASH,0.0,9682887.19414973,,False
2025-11-24,9682887.19414973,CASH,0.0,9682887.19414973,,False
2025-11-25,9682887.19414973,CASH,0.0,9682887.19414973,,False
2025-11-26,9682887.19414973,CASH,0.0,9682887.19414973,,False
2025-11-28,9682887.19414973,CASH,0.0,9682887.19414973,,False
2025-12-01,9682887.19414973,TECL,82895.18069665709,0.0,116.80880737304688,False
2025-12-02,9974915.749382738,TECL,82895.18069665709,0.0,116.80880737304688,False
2025-12-03,10039551.753734386,TECL,82895.18069665709,0.0,116.80880737304688,False
2025-12-04,10140010.426733952,TECL,82895.18069665709,0.0,116.80880737304688,False
2025-12-05,10357279.509922659,TECL,82895.18069665709,0.0,116.80880737304688,False
2025-12-08,10576104.395605521,TECL,82895.18069665709,0.0,116.80880737304688,False
2025-12-09,10656316.13321978,TECL,82895.18069665709,0.0,116.80880737304688,False
2025-12-10,10824928.442063874,TECL,82895.18069665709,0.0,116.80880737304688,False
2025-12-11,10646222.390208926,TECL,82895.18069665709,0.0,116.80880737304688,False
2025-12-12,9703054.442090215,TECL,82895.18069665709,0.0,116.80880737304688,False
2025-12-15,9440786.61773827,TECL,82895.18069665709,0.0,116.80880737304688,False
2025-12-16,9479672.19349155,TECL,82895.18069665709,0.0,116.80880737304688,False
2025-12-17,8849238.2550189,TECL,82895.18069665709,0.0,116.80880737304688,False
2025-12-18,9251325.923032472,TECL,82895.18069665709,0.0,116.80880737304688,False
2025-12-19,9840392.591041656,TECL,82895.18069665709,0.0,116.80880737304688,False
2025-12-22,10005033.176445387,TECL,82895.18069665709,0.0,116.80880737304688,False
2025-12-23,10154782.328707919,TECL,82895.18069665709,0.0,116.80880737304688,False
2025-12-24,10235033.91004459,TECL,82895.18069665709,0.0,116.80880737304688,False
2025-12-26,10259027.420216631,TECL,82895.18069665709,0.0,116.80880737304688,False
2025-12-29,10124997.565105401,TECL,82895.18069665709,0.0,116.80880737304688,False
2025-12-30,10025717.12789714,TECL,82895.18069665709,0.0,116.80880737304688,False
2025-12-31,9720428.20238164,TECL,82895.18069665709,0.0,116.80880737304688,False
2026-01-02,9775860.306856286,TECL,82895.18069665709,0.0,117.26168060302734,False
2026-01-05,9845356.612902068,TECL,82895.18069665709,0.0,117.26168060302734,False
2026-01-06,10254063.398356218,TECL,82895.18069665709,0.0,117.26168060302734,False
2026-01-07,10220969.076033413,TECL,82895.18069665709,0.0,117.26168060302734,False
2026-01-08,9747730.638833933,TECL,82895.18069665709,0.0,117.26168060302734,False
2026-01-09,10127479.892255627,TECL,82895.18069665709,0.0,117.26168060302734,False
2026-01-12,10256545.093066406,TECL,82895.18069665709,0.0,117.26168060302734,False
2026-01-13,10192839.40801106,TECL,82895.18069665709,0.0,117.26168060302734,False
2026-01-14,9805643.805578725,TECL,82895.18069665709,0.0,117.26168060302734,False
2026-01-15,9957874.652551444,TECL,82895.18069665709,0.0,117.26168060302734,False
2026-01-16,9986004.320573797,TECL,82895.18069665709,0.0,117.26168060302734,False
2026-01-20,9200857.84041824,TECL,82895.18069665709,0.0,117.26168060302734,False
2026-01-21,9586398.97971045,TECL,82895.18069665709,0.0,117.26168060302734,False
2026-01-22,9796544.258308038,TECL,82895.18069665709,0.0,117.26168060302734,False
2026-01-23,9832946.874471055,TECL,82895.18069665709,0.0,117.26168060302734,False
2026-01-26,10029853.918187492,TECL,82895.18069665709,0.0,117.26168060302734,False
2026-01-27,10434423.280911252,TECL,82895.18069665709,0.0,117.26168060302734,False
2026-01-28,10672697.595091155,TECL,82895.18069665709,0.0,117.26168060302734,False
2026-01-29,10153127.865567794,TECL,82895.18069665709,0.0,117.26168060302734,False
2026-01-30,9549996.363547433,TECL,82895.18069665709,0.0,117.26168060302734,False
2026-02-02,9806471.669588827,TECL,82895.18069665709,0.0,115.2056884765625,False
2026-02-03,9175210.499546112,TECL,82895.18069665709,0.0,115.2056884765625,False
2026-02-04,8594996.72719269,CASH,0.0,8594996.72719269,,False
2026-02-05,8594996.72719269,CASH,0.0,8594996.72719269,,False
2026-02-06,8594996.72719269,CASH,0.0,8594996.72719269,,False
2026-02-09,8594996.72719269,CASH,0.0,8594996.72719269,,False
2026-02-10,8594996.72719269,CASH,0.0,8594996.72719269,,False
2026-02-11,8594996.72719269,CASH,0.0,8594996.72719269,,False
2026-02-12,8594996.72719269,CASH,0.0,8594996.72719269,,False
2026-02-13,8594996.72719269,CASH,0.0,8594996.72719269,,False
2026-02-17,8594996.72719269,CASH,0.0,8594996.72719269,,False
2026-02-18,8594996.72719269,CASH,0.0,8594996.72719269,,False
2026-02-19,8594996.72719269,CASH,0.0,8594996.72719269,,False
2026-02-20,8594996.72719269,CASH,0.0,8594996.72719269,,False
2026-02-23,8594996.72719269,CASH,0.0,8594996.72719269,,False
2026-02-24,8594996.72719269,CASH,0.0,8594996.72719269,,False
2026-02-25,8594996.72719269,CASH,0.0,8594996.72719269,,False
2026-02-26,8594996.72719269,CASH,0.0,8594996.72719269,,False
2026-02-27,8594996.72719269,CASH,0.0,8594996.72719269,,False
2026-03-02,8594996.72719269,TECL,83967.74501020789,0.0,102.3606948852539,False
2026-03-03,8224580.14893351,TECL,83967.74501020789,0.0,102.3606948852539,False
2026-03-04,8635222.73003602,TECL,83967.74501020789,0.0,102.3606948852539,False
2026-03-05,8682152.853145555,TECL,83967.74501020789,0.0,102.3606948852539,False
2026-03-06,8150832.904136107,TECL,83967.74501020789,0.0,102.3606948852539,False
2026-03-09,8585777.520814197,TECL,83967.74501020789,0.0,102.3606948852539,False
2026-03-10,8575721.660726419,TECL,83967.74501020789,0.0,102.3606948852539,False
2026-03-11,8705618.23501185,TECL,83967.74501020789,0.0,102.3606948852539,False
2026-03-12,8219552.539201148,TECL,83967.74501020789,0.0,102.3606948852539,False
2026-03-13,8026801.233915379,TECL,83967.74501020789,0.0,102.3606948852539,False
2026-03-16,8377104.810752895,TECL,83967.74501020789,0.0,102.3606948852539,False
2026-03-17,8504488.220795197,TECL,83967.74501020789,0.0,102.3606948852539,False
2026-03-18,8224580.14893351,TECL,83967.74501020789,0.0,102.3606948852539,False
2026-03-19,8301680.414798596,TECL,83967.74501020789,0.0,102.3606948852539,False
2026-03-20,7735497.054473422,CASH,0.0,7735497.054473422,,False
2026-03-23,7735497.054473422,CASH,0.0,7735497.054473422,,False
2026-03-24,7735497.054473422,CASH,0.0,7735497.054473422,,False
2026-03-25,7735497.054473422,CASH,0.0,7735497.054473422,,False
2026-03-26,7735497.054473422,CASH,0.0,7735497.054473422,,False
2026-03-27,7735497.054473422,CASH,0.0,7735497.054473422,,False
2026-03-30,7735497.054473422,CASH,0.0,7735497.054473422,,False
2026-03-31,7735497.054473422,CASH,0.0,7735497.054473422,,False
2026-04-01,7735497.0544734225,GLD,17668.212793082927,0.0,437.82000732421875,False
2026-04-02,7586907.320180668,GLD,17668.212793082927,0.0,437.82000732421875,False
2026-04-06,7555811.0931237005,GLD,17668.212793082927,0.0,437.82000732421875,False
2026-04-07,7629310.923045853,GLD,17668.212793082927,0.0,437.82000732421875,False
2026-04-08,7677368.483410682,GLD,17668.212793082927,0.0,437.82000732421875,False
2026-04-09,7737087.128921872,GLD,17668.212793082927,0.0,437.82000732421875,False
2026-04-10,7723305.94451091,GLD,17668.212793082927,0.0,437.82000732421875,False
2026-04-13,7692032.862784872,GLD,17668.212793082927,0.0,437.82000732421875,False
2026-04-14,7863944.767370352,GLD,17668.212793082927,0.0,437.82000732421875,False
2026-04-15,7782140.855867808,GLD,17668.212793082927,0.0,437.82000732421875,False
2026-04-16,7775426.848735866,GLD,17668.212793082927,0.0,437.82000732421875,False
2026-04-17,7878786.001413614,GLD,17668.212793082927,0.0,437.82000732421875,False
2026-04-20,7810940.128991104,GLD,17668.212793082927,0.0,437.82000732421875,False
2026-04-21,7589734.2989304885,GLD,17668.212793082927,0.0,437.82000732421875,False
2026-04-22,7690266.472858415,GLD,17668.212793082927,0.0,437.82000732421875,False
2026-04-23,7615706.593303963,GLD,17668.212793082927,0.0,437.82000732421875,False
2026-04-24,7654753.192603178,GLD,17668.212793082927,0.0,437.82000732421875,False
2026-04-27,7595388.25643013,GLD,17668.212793082927,0.0,437.82000732421875,False
2026-04-28,7454395.724232545,GLD,17668.212793082927,0.0,437.82000732421875,False
2026-04-29,7374888.766663672,GLD,17668.212793082927,0.0,437.82000732421875,False
2026-04-30,7485315.0966204405,GLD,17668.212793082927,0.0,437.82000732421875,False
2026-05-01,7476834.160370978,TQQQ,114763.3765964077,0.0,65.1500015258789,False
2026-05-04,7432178.955828486,TQQQ,114763.3765964077,0.0,65.1500015258789,False
2026-05-05,7716137.584882423,TQQQ,114763.3765964077,0.0,65.1500015258789,False
2026-05-06,8194747.060630548,TQQQ,114763.3765964077,0.0,65.1500015258789,False
2026-05-07,8168411.513440707,TQQQ,114763.3765964077,0.0,65.1500015258789,False
2026-05-08,8734040.893870309,TQQQ,114763.3765964077,0.0,65.1500015258789,False
2026-05-11,8811900.532087922,TQQQ,114763.3765964077,0.0,65.1500015258789,False
2026-05-12,8582900.875091936,TQQQ,114763.3765964077,0.0,65.1500015258789,False
2026-05-13,8843960.58913637,TQQQ,114763.3765964077,0.0,65.1500015258789,False
2026-05-14,9039754.936882153,TQQQ,114763.3765964077,0.0,65.1500015258789,False
2026-05-15,8626410.827432675,TQQQ,114763.3765964077,0.0,65.1500015258789,False
2026-05-18,8509621.370106256,TQQQ,114763.3765964077,0.0,65.1500015258789,False
2026-05-19,8350466.337065773,TQQQ,114763.3765964077,0.0,65.1500015258789,False
2026-05-20,8760375.565485071,TQQQ,114763.3765964077,0.0,65.1500015258789,False
2026-05-21,8810755.27988617,TQQQ,114763.3765964077,0.0,65.1500015258789,False
2026-05-22,8912659.960890118,TQQQ,114763.3765964077,0.0,65.1500015258789,False
2026-05-26,9383253.546801053,TQQQ,114763.3765964077,0.0,65.1500015258789,False
2026-05-27,9351194.365327682,TQQQ,114763.3765964077,0.0,65.1500015258789,False
2026-05-28,9581338.398950342,TQQQ,114763.3765964077,0.0,65.1500015258789,False
2026-05-29,9682098.703327615,TQQQ,114763.3765964077,0.0,65.1500015258789,False
2026-06-01,9851558.379458638,TQQQ,114763.3765964077,0.0,84.36575317382812,False
2026-06-02,9986668.369712785,TQQQ,114763.3765964077,0.0,84.36575317382812,False
2026-06-03,9911097.484748522,TQQQ,114763.3765964077,0.0,84.36575317382812,False
2026-06-04,9757668.712716801,TQQQ,114763.3765964077,0.0,84.36575317382812,False
2026-06-05,8713888.832994854,CASH,0.0,8713888.832994854,,False
2026-06-08,8713888.832994854,CASH,0.0,8713888.832994854,,False
2026-06-09,8713888.832994854,CASH,0.0,8713888.832994854,,False
2026-06-10,8713888.832994854,CASH,0.0,8713888.832994854,,False
2026-06-11,8713888.832994854,CASH,0.0,8713888.832994854,,False
2026-06-12,8713888.832994854,CASH,0.0,8713888.832994854,,False
2026-06-15,8713888.832994854,CASH,0.0,8713888.832994854,,False
2026-06-16,8713888.832994854,CASH,0.0,8713888.832994854,,False
2026-06-17,8713888.832994854,CASH,0.0,8713888.832994854,,False
2026-06-18,8713888.832994854,CASH,0.0,8713888.832994854,,False
2026-06-22,8713888.832994854,CASH,0.0,8713888.832994854,,False
2026-06-23,8713888.832994854,CASH,0.0,8713888.832994854,,False
2026-06-24,8713888.832994854,CASH,0.0,8713888.832994854,,False
2026-06-25,8713888.832994854,CASH,0.0,8713888.832994854,,False
2026-06-26,8713888.832994854,CASH,0.0,8713888.832994854,,False
2026-06-29,8713888.832994854,CASH,0.0,8713888.832994854,,False
2026-06-30,8713888.832994854,CASH,0.0,8713888.832994854,,False
2026-07-01,8713888.832994854,TECL,40892.998182690346,0.0,213.08999633789062,False
2026-07-02,7842499.949695368,CASH,0.0,7842499.949695368,,False
2026-07-06,7842499.949695368,CASH,0.0,7842499.949695368,,False
2026-07-07,7842499.949695368,CASH,0.0,7842499.949695368,,False
2026-07-08,7842499.949695368,CASH,0.0,7842499.949695368,,False
2026-07-09,7842499.949695368,CASH,0.0,7842499.949695368,,False
2026-07-10,7842499.949695368,CASH,0.0,7842499.949695368,,False
2026-07-13,7842499.949695368,CASH,0.0,7842499.949695368,,False
2026-07-14,7842499.949695368,CASH,0.0,7842499.949695368,,False
2026-07-15,7842499.949695368,CASH,0.0,7842499.949695368,,False
2026-07-16,7842499.949695368,CASH,0.0,7842499.949695368,,False
2026-07-17,7842499.949695368,CASH,0.0,7842499.949695368,,False
2026-07-20,7842499.949695368,CASH,0.0,7842499.949695368,,False
2026-07-21,7842499.949695368,CASH,0.0,7842499.949695368,,False
2026-07-22,7842499.949695368,CASH,0.0,7842499.949695368,,False
2026-07-23,7842499.949695368,CASH,0.0,7842499.949695368,,False
2026-07-24,7842499.949695368,CASH,0.0,7842499.949695368,,False
2026-07-27,7842499.949695368,CASH,0.0,7842499.949695368,,False
2026-07-28,7842499.949695368,CASH,0.0,7842499.949695368,,False
2026-07-29,7842499.949695368,CASH,0.0,7842499.949695368,,False
2026-07-30,7842499.949695368,CASH,0.0,7842499.949695368,,False
2026-07-31,7842499.949695368,CASH,0.0,7842499.949695368,,False
2026-08-03,7842499.949695368,TECL,43271.351313168925,0.0,181.24000549316406,False
2026-08-04,9017316.873740535,TECL,43271.351313168925,0.0,181.24000549316406,False
2026-08-05,8870194.54338313,TECL,43271.351313168925,0.0,181.24000549316406,False
2026-08-06,8802258.204892613,TECL,43271.351313168925,0.0,181.24000549316406,False
2026-08-07,9157948.765508335,TECL,43271.351313168925,0.0,181.24000549316406,False
2026-08-10,8913032.758611377,TECL,43271.351313168925,0.0,181.24000549316406,False
2026-08-11,8868463.319580287,TECL,43271.351313168925,0.0,181.24000549316406,False
2026-08-12,9262232.880637493,TECL,43271.351313168925,0.0,181.24000549316406,False
2026-08-13,9544794.751891011,TECL,43271.351313168925,0.0,181.24000549316406,False
2026-08-14,9418874.961105268,TECL,43271.351313168925,0.0,181.24000549316406,False
2026-08-17,9472098.538345309,TECL,43271.351313168925,0.0,181.24000549316406,False
2026-08-18,8745140.364498809,TECL,43271.351313168925,0.0,181.24000549316406,False
2026-08-19,8454789.30666934,TECL,43271.351313168925,0.0,181.24000549316406,False
2026-08-20,8400267.641711378,TECL,43271.351313168925,0.0,181.24000549316406,False
2026-08-21,8429691.84367549,TECL,43271.351313168925,0.0,181.24000549316406,False
2026-08-24,7971015.915916953,TECL,43271.351313168925,0.0,181.24000549316406,False
2026-08-25,8196891.762324747,TECL,43271.351313168925,0.0,181.24000549316406,False
2026-08-26,8338389.265993968,TECL,43271.351313168925,0.0,181.24000549316406,False
2026-08-27,9115543.026096588,TECL,43271.351313168925,0.0,181.24000549316406,False
2026-08-28,8675905.938290369,TECL,43271.351313168925,0.0,181.24000549316406,False
2026-08-31,8802690.680709112,TECL,43271.351313168925,0.0,181.24000549316406,False
2026-09-01,8396805.854374114,TECL,43271.351313168925,0.0,203.42999267578125,False
2026-09-02,8363054.253171316,TECL,43271.351313168925,0.0,203.42999267578125,False
