date,equity,holding,shares,cash,stop_reference,entered_at_open
2010-02-11,100000.0,CASH,0.0,100000.0,,False
2010-02-12,100000.0,CASH,0.0,100000.0,,False
2010-02-16,100000.0,CASH,0.0,100000.0,,False
2010-02-17,100000.0,CASH,0.0,100000.0,,False
2010-02-18,100000.0,CASH,0.0,100000.0,,False
2010-02-19,100000.0,CASH,0.0,100000.0,,False
2010-02-22,100000.0,CASH,0.0,100000.0,,False
2010-02-23,100000.0,CASH,0.0,100000.0,,False
2010-02-24,100000.0,CASH,0.0,100000.0,,False
2010-02-25,100000.0,CASH,0.0,100000.0,,False
2010-02-26,100000.0,CASH,0.0,100000.0,,False
2010-03-01,100000.0,TECL,134152.71222954508,0.0,0.7454191446304321,False
2010-03-02,99451.16198885372,TECL,134152.71222954508,0.0,0.7454191446304321,False
2010-03-03,99714.91416399957,TECL,134152.71222954508,0.0,0.7454191446304321,False
2010-03-04,100983.52334524597,TECL,134152.71222954508,0.0,0.7454191446304321,False
2010-03-05,104946.17888386574,TECL,134152.71222954508,0.0,0.7454191446304321,False
2010-03-08,105751.50059275274,TECL,134152.71222954508,0.0,0.7454191446304321,False
2010-03-09,106906.06904269915,TECL,134152.71222954508,0.0,0.7454191446304321,False
2010-03-10,109471.8255744536,TECL,134152.71222954508,0.0,0.7454191446304321,False
2010-03-11,110462.5374358571,TECL,134152.71222954508,0.0,0.7454191446304321,False
2010-03-12,110590.84325372553,TECL,134152.71222954508,0.0,0.7454191446304321,False
2010-03-15,109086.96409372163,TECL,134152.71222954508,0.0,0.7454191446304321,False
2010-03-16,112230.0408330107,TECL,134152.71222954508,0.0,0.7454191446304321,False
2010-03-17,113498.68199875613,TECL,134152.71222954508,0.0,0.7454191446304321,False
2010-03-18,113883.53548336335,TECL,134152.71222954508,0.0,0.7454191446304321,False
2010-03-19,111025.5285878252,TECL,134152.71222954508,0.0,0.7454191446304321,False
2010-03-22,113741.00455955027,TECL,134152.71222954508,0.0,0.7454191446304321,False
2010-03-23,117223.48481032153,TECL,134152.71222954508,0.0,0.7454191446304321,False
2010-03-24,115523.0609037636,TECL,134152.71222954508,0.0,0.7454191446304321,False
2010-03-25,116023.61031749574,TECL,134152.71222954508,0.0,0.7454191446304321,False
2010-03-26,115324.3572035249,TECL,134152.71222954508,0.0,0.7454191446304321,False
2010-03-29,115442.13212508691,TECL,134152.71222954508,0.0,0.7454191446304321,False
2010-03-30,116980.514563422,TECL,134152.71222954508,0.0,0.7454191446304321,False
2010-03-31,115000.49016244768,TECL,134152.71222954508,0.0,0.7454191446304321,False
2010-04-01,114499.94074871555,TECL,134152.71222954508,0.0,0.8572356700897217,False
2010-04-05,118982.72021447527,TECL,134152.71222954508,0.0,0.8572356700897217,False
2010-04-06,119328.72052888288,TECL,134152.71222954508,0.0,0.8572356700897217,False
2010-04-07,118599.92973005564,TECL,134152.71222954508,0.0,0.8572356700897217,False
2010-04-08,118658.86116952282,TECL,134152.71222954508,0.0,0.8572356700897217,False
2010-04-09,121831.43561304451,TECL,134152.71222954508,0.0,0.8572356700897217,False
2010-04-12,122655.90804072715,TECL,134152.71222954508,0.0,0.8572356700897217,False
2010-04-13,124231.12062969804,TECL,134152.71222954508,0.0,0.8572356700897217,False
2010-04-14,130598.35481332328,TECL,134152.71222954508,0.0,0.8572356700897217,False
2010-04-15,132961.25765608955,TECL,134152.71222954508,0.0,0.8572356700897217,False
2010-04-16,127374.22135736138,TECL,134152.71222954508,0.0,0.8572356700897217,False
2010-04-19,127411.09148862096,TECL,134152.71222954508,0.0,0.8572356700897217,False
2010-04-20,129420.55762095458,TECL,134152.71222954508,0.0,0.8572356700897217,False
2010-04-21,130657.20629154287,TECL,134152.71222954508,0.0,0.8572356700897217,False
2010-04-22,132180.97980994493,TECL,134152.71222954508,0.0,0.8572356700897217,False
2010-04-23,133550.10827552536,TECL,134152.71222954508,0.0,0.8572356700897217,False
2010-04-26,132718.28740919003,TECL,134152.71222954508,0.0,0.8572356700897217,False
2010-04-27,125003.98606819192,TECL,134152.71222954508,0.0,0.8572356700897217,False
2010-04-28,125659.19652699516,TECL,134152.71222954508,0.0,0.8572356700897217,False
2010-04-29,129413.28114742473,TECL,134152.71222954508,0.0,0.8572356700897217,False
2010-04-30,120911.28955263122,TECL,134152.71222954508,0.0,0.8572356700897217,False
2010-05-03,125865.26465813609,TECL,134152.71222954508,0.0,0.9012959003448486,False
2010-05-04,114941.59070747954,TECL,134152.71222954508,0.0,0.9012959003448486,False
2010-05-05,113358.93372635887,TECL,134152.71222954508,0.0,0.9012959003448486,False
2010-05-06,108820.1605973681,CASH,0.0,108820.1605973681,,False
2010-05-07,108820.1605973681,CASH,0.0,108820.1605973681,,False
2010-05-10,108820.1605973681,CASH,0.0,108820.1605973681,,False
2010-05-11,108820.1605973681,CASH,0.0,108820.1605973681,,False
2010-05-12,108820.1605973681,CASH,0.0,108820.1605973681,,False
2010-05-13,108820.1605973681,CASH,0.0,108820.1605973681,,False
2010-05-14,108820.1605973681,CASH,0.0,108820.1605973681,,False
2010-05-17,108820.1605973681,CASH,0.0,108820.1605973681,,False
2010-05-18,108820.1605973681,CASH,0.0,108820.1605973681,,False
2010-05-19,108820.1605973681,CASH,0.0,108820.1605973681,,False
2010-05-20,108820.1605973681,CASH,0.0,108820.1605973681,,False
2010-05-21,108820.1605973681,CASH,0.0,108820.1605973681,,False
2010-05-24,108820.1605973681,CASH,0.0,108820.1605973681,,False
2010-05-25,108820.1605973681,CASH,0.0,108820.1605973681,,False
2010-05-26,108820.1605973681,CASH,0.0,108820.1605973681,,False
2010-05-27,108820.1605973681,CASH,0.0,108820.1605973681,,False
2010-05-28,108820.1605973681,CASH,0.0,108820.1605973681,,False
2010-06-01,108820.16059736811,TECL,162400.36124435297,0.0,0.670073390007019,False
2010-06-02,116234.01867014378,TECL,162400.36124435297,0.0,0.670073390007019,False
2010-06-03,120404.35437030894,TECL,162400.36124435297,0.0,0.670073390007019,False
2010-06-04,108962.73460492503,TECL,162400.36124435297,0.0,0.670073390007019,False
2010-06-07,102119.13384311367,TECL,162400.36124435297,0.0,0.670073390007019,False
2010-06-08,97938.1445376313,CASH,0.0,97938.1445376313,,False
2010-06-09,97938.1445376313,CASH,0.0,97938.1445376313,,False
2010-06-10,97938.1445376313,CASH,0.0,97938.1445376313,,False
2010-06-11,97938.1445376313,CASH,0.0,97938.1445376313,,False
2010-06-14,97938.1445376313,CASH,0.0,97938.1445376313,,False
2010-06-15,97938.1445376313,CASH,0.0,97938.1445376313,,False
2010-06-16,97938.1445376313,CASH,0.0,97938.1445376313,,False
2010-06-17,97938.1445376313,CASH,0.0,97938.1445376313,,False
2010-06-18,97938.1445376313,CASH,0.0,97938.1445376313,,False
2010-06-21,97938.1445376313,CASH,0.0,97938.1445376313,,False
2010-06-22,97938.1445376313,CASH,0.0,97938.1445376313,,False
2010-06-23,97938.1445376313,CASH,0.0,97938.1445376313,,False
2010-06-24,97938.1445376313,CASH,0.0,97938.1445376313,,False
2010-06-25,97938.1445376313,CASH,0.0,97938.1445376313,,False
2010-06-28,97938.1445376313,CASH,0.0,97938.1445376313,,False
2010-06-29,97938.1445376313,CASH,0.0,97938.1445376313,,False
2010-06-30,97938.1445376313,CASH,0.0,97938.1445376313,,False
2010-07-01,97938.1445376313,GLD,836.7920691347,0.0,117.04000091552734,False
2010-07-02,99151.49048418988,GLD,836.7920691347,0.0,117.04000091552734,False
2010-07-06,97494.64576246461,GLD,836.7920691347,0.0,117.04000091552734,False
2010-07-07,98515.53310828363,GLD,836.7920691347,0.0,117.04000091552734,False
2010-07-08,98080.39765717217,GLD,836.7920691347,0.0,117.04000091552734,False
2010-07-09,99042.70981352044,GLD,836.7920691347,0.0,117.04000091552734,False
2010-07-12,98189.17832784161,GLD,836.7920691347,0.0,117.04000091552734,False
2010-07-13,99042.70981352044,GLD,836.7920691347,0.0,117.04000091552734,False
2010-07-14,98992.50433232174,GLD,836.7920691347,0.0,117.04000091552734,False
2010-07-15,98933.92914285099,GLD,836.7920691347,0.0,117.04000091552734,False
2010-07-16,97628.5291737334,GLD,836.7920691347,0.0,117.04000091552734,False
2010-07-19,96841.94897001424,GLD,836.7920691347,0.0,117.04000091552734,False
2010-07-20,97611.79614140613,GLD,836.7920691347,0.0,117.04000091552734,False
2010-07-21,96942.35993241162,GLD,836.7920691347,0.0,117.04000091552734,False
2010-07-22,97787.5217098184,GLD,836.7920691347,0.0,117.04000091552734,False
2010-07-23,97143.18824142324,GLD,836.7920691347,0.0,117.04000091552734,False
2010-07-26,96666.21701738513,GLD,836.7920691347,0.0,117.04000091552734,False
2010-07-27,94984.26955506051,GLD,836.7920691347,0.0,117.04000091552734,False
2010-07-28,95210.20060467147,GLD,836.7920691347,0.0,117.04000091552734,False
2010-07-29,95636.96634751088,GLD,836.7920691347,0.0,117.04000091552734,False
2010-07-30,96641.11427678578,GLD,836.7920691347,0.0,117.04000091552734,False
2010-08-02,96682.95643392924,TECL,134085.361494765,0.0,0.721055269241333,False
2010-08-03,95517.37906961815,TECL,134085.361494765,0.0,0.721055269241333,False
2010-08-04,97878.40830669679,TECL,134085.361494765,0.0,0.721055269241333,False
2010-08-05,96503.66143052859,TECL,134085.361494765,0.0,0.721055269241333,False
2010-08-06,95427.72357580748,TECL,134085.361494765,0.0,0.721055269241333,False
2010-08-09,96413.9819603869,TECL,134085.361494765,0.0,0.721055269241333,False
2010-08-10,92439.07391361278,TECL,134085.361494765,0.0,0.721055269241333,False
2010-08-11,87014.66079053632,CASH,0.0,87014.66079053632,,False
2010-08-12,87014.66079053632,CASH,0.0,87014.66079053632,,False
2010-08-13,87014.66079053632,CASH,0.0,87014.66079053632,,False
2010-08-16,87014.66079053632,CASH,0.0,87014.66079053632,,False
2010-08-17,87014.66079053632,CASH,0.0,87014.66079053632,,False
2010-08-18,87014.66079053632,CASH,0.0,87014.66079053632,,False
2010-08-19,87014.66079053632,CASH,0.0,87014.66079053632,,False
2010-08-20,87014.66079053632,CASH,0.0,87014.66079053632,,False
2010-08-23,87014.66079053632,CASH,0.0,87014.66079053632,,False
2010-08-24,87014.66079053632,CASH,0.0,87014.66079053632,,False
2010-08-25,87014.66079053632,CASH,0.0,87014.66079053632,,False
2010-08-26,87014.66079053632,CASH,0.0,87014.66079053632,,False
2010-08-27,87014.66079053632,CASH,0.0,87014.66079053632,,False
2010-08-30,87014.66079053632,CASH,0.0,87014.66079053632,,False
2010-08-31,87014.66079053632,CASH,0.0,87014.66079053632,,False
2010-09-01,87014.66079053632,IEF,1255.5310137300771,0.0,69.30506681155018,False
2010-09-02,86651.79658443127,IEF,1255.5310137300771,0.0,69.30506681155018,False
2010-09-03,86156.07185056045,IEF,1255.5310137300771,0.0,69.30506681155018,False
2010-09-07,86837.7066437534,IEF,1255.5310137300771,0.0,69.30506681155018,False
2010-09-08,86598.66976344638,IEF,1255.5310137300771,0.0,69.30506681155018,False
2010-09-09,85917.05429261058,IEF,1255.5310137300771,0.0,69.30506681155018,False
2010-09-10,85669.21607862158,IEF,1255.5310137300771,0.0,69.30506681155018,False
2010-09-13,86076.42509438668,IEF,1255.5310137300771,0.0,69.30506681155018,False
2010-09-14,86510.10573944775,IEF,1255.5310137300771,0.0,69.30506681155018,False
2010-09-15,86209.19867154532,IEF,1255.5310137300771,0.0,69.30506681155018,False
2010-09-16,85908.20465303572,IEF,1255.5310137300771,0.0,69.30506681155018,False
2010-09-17,86102.95469075411,IEF,1255.5310137300771,0.0,69.30506681155018,False
2010-09-20,86368.47286153567,IEF,1255.5310137300771,0.0,69.30506681155018,False
2010-09-21,87174.06057584814,IEF,1255.5310137300771,0.0,69.30506681155018,False
2010-09-22,87306.80516947103,IEF,1255.5310137300771,0.0,69.30506681155018,False
2010-09-23,87430.72910705484,IEF,1255.5310137300771,0.0,69.30506681155018,False
2010-09-24,86997.04846199375,IEF,1255.5310137300771,0.0,69.30506681155018,False
2010-09-27,87669.67903675466,IEF,1255.5310137300771,0.0,69.30506681155018,False
2010-09-28,87961.89104393942,IEF,1255.5310137300771,0.0,69.30506681155018,False
2010-09-29,87749.46104942844,IEF,1255.5310137300771,0.0,69.30506681155018,False
2010-09-30,87643.23639099443,IEF,1255.5310137300771,0.0,69.30506681155018,False
2010-10-01,87690.23802476264,TQQQ,325116.29783115326,0.0,0.26971960067749023,False
2010-10-04,84648.04557030143,TQQQ,325116.29783115326,0.0,0.26971960067749023,False
2010-10-05,90949.66280779894,TQQQ,325116.29783115326,0.0,0.26971960067749023,False
2010-10-06,88631.8655621361,TQQQ,325116.29783115326,0.0,0.26971960067749023,False
2010-10-07,89500.9111470851,TQQQ,325116.29783115326,0.0,0.26971960067749023,False
2010-10-08,91303.85227127184,TQQQ,325116.29783115326,0.0,0.26971960067749023,False
2010-10-11,91488.95514393458,TQQQ,325116.29783115326,0.0,0.26971960067749023,False
2010-10-12,93388.32339274127,TQQQ,325116.29783115326,0.0,0.26971960067749023,False
2010-10-13,95657.64546713467,TQQQ,325116.29783115326,0.0,0.26971960067749023,False
2010-10-14,95126.68586081949,TQQQ,325116.29783115326,0.0,0.26971960067749023,False
2010-10-15,101194.70567594338,TQQQ,325116.29783115326,0.0,0.26971960067749023,False
2010-10-18,101194.70567594338,TQQQ,325116.29783115326,0.0,0.26971960067749023,False
2010-10-19,97170.67541811467,TQQQ,325116.29783115326,0.0,0.26971960067749023,False
2010-10-20,99190.87793853866,TQQQ,325116.29783115326,0.0,0.26971960067749023,False
2010-10-21,99882.81425792014,TQQQ,325116.29783115326,0.0,0.26971960067749023,False
2010-10-22,101830.3960690368,TQQQ,325116.29783115326,0.0,0.26971960067749023,False
2010-10-25,103375.5845435913,TQQQ,325116.29783115326,0.0,0.26971960067749023,False
2010-10-26,103995.21989794927,TQQQ,325116.29783115326,0.0,0.26971960067749023,False
2010-10-27,105065.71407091811,TQQQ,325116.29783115326,0.0,0.26971960067749023,False
2010-10-28,105669.29438654063,TQQQ,325116.29783115326,0.0,0.26971960067749023,False
2010-10-29,105162.15088475878,TQQQ,325116.29783115326,0.0,0.26971960067749023,False
2010-11-01,105403.85818487628,TECL,116304.05682306834,0.0,0.9062784314155579,False
2010-11-02,107918.43917112409,TECL,116304.05682306834,0.0,0.9062784314155579,False
2010-11-03,109836.7416420547,TECL,116304.05682306834,0.0,0.9062784314155579,False
2010-11-04,114684.36846974287,TECL,116304.05682306834,0.0,0.9062784314155579,False
2010-11-05,114788.08204141828,TECL,116304.05682306834,0.0,0.9062784314155579,False
2010-11-08,115617.65196958176,TECL,116304.05682306834,0.0,0.9062784314155579,False
2010-11-09,114217.79950857435,TECL,116304.05682306834,0.0,0.9062784314155579,False
2010-11-10,114969.5339990818,TECL,116304.05682306834,0.0,0.9062784314155579,False
2010-11-11,109136.81887768199,TECL,116304.05682306834,0.0,0.9062784314155579,False
2010-11-12,104781.73619684963,TECL,116304.05682306834,0.0,0.9062784314155579,False
2010-11-15,103304.06216271021,TECL,116304.05682306834,0.0,0.9062784314155579,False
2010-11-16,97678.73952335125,TECL,116304.05682306834,0.0,0.9062784314155579,False
2010-11-17,97834.2925502094,TECL,116304.05682306834,0.0,0.9062784314155579,False
2010-11-18,102681.92631015957,TECL,116304.05682306834,0.0,0.9062784314155579,False
2010-11-19,103770.70044649865,TECL,116304.05682306834,0.0,0.9062784314155579,False
2010-11-22,106103.80174603497,TECL,116304.05682306834,0.0,0.9062784314155579,False
2010-11-23,101722.77160856327,TECL,116304.05682306834,0.0,0.9062784314155579,False
2010-11-24,107037.02978777791,TECL,116304.05682306834,0.0,0.9062784314155579,False
2010-11-26,105377.94538954692,TECL,116304.05682306834,0.0,0.9062784314155579,False
2010-11-29,103952.17320094816,TECL,116304.05682306834,0.0,0.9062784314155579,False
2010-11-30,99700.76249821926,TECL,116304.05682306834,0.0,0.9062784314155579,False
2010-12-01,106207.4945209244,TECL,116304.05682306834,0.0,0.8572423458099365,False
2010-12-02,110432.97856379994,TECL,116304.05682306834,0.0,0.8572423458099365,False
2010-12-03,111469.94097400428,TECL,116304.05682306834,0.0,0.8572423458099365,False
2010-12-06,111625.43161050449,TECL,116304.05682306834,0.0,0.8572423458099365,False
2010-12-07,111962.45739181213,TECL,116304.05682306834,0.0,0.8572423458099365,False
2010-12-08,114399.25839849986,TECL,116304.05682306834,0.0,0.8572423458099365,False
2010-12-09,114347.39121426917,TECL,116304.05682306834,0.0,0.8572423458099365,False
2010-12-10,116058.31506768288,TECL,116304.05682306834,0.0,0.8572423458099365,False
2010-12-13,114554.78369631004,TECL,116304.05682306834,0.0,0.8572423458099365,False
2010-12-14,114451.04239558666,TECL,116304.05682306834,0.0,0.8572423458099365,False
2010-12-15,113362.30292055753,TECL,116304.05682306834,0.0,0.8572423458099365,False
2010-12-16,115021.35958974055,TECL,116304.05682306834,0.0,0.8572423458099365,False
2010-12-17,116084.22093075026,TECL,116304.05682306834,0.0,0.8572423458099365,False
2010-12-20,116136.046521409,TECL,116304.05682306834,0.0,0.8572423458099365,False
2010-12-21,118780.24694239961,TECL,116304.05682306834,0.0,0.8572423458099365,False
2010-12-22,118417.31529802458,TECL,116304.05682306834,0.0,0.8572423458099365,False
2010-12-23,117821.11303758928,TECL,116304.05682306834,0.0,0.8572423458099365,False
2010-12-27,118598.7741879501,TECL,116304.05682306834,0.0,0.8572423458099365,False
2010-12-28,118469.18248225527,TECL,116304.05682306834,0.0,0.8572423458099365,False
2010-12-29,118780.24694239961,TECL,116304.05682306834,0.0,0.8572423458099365,False
2010-12-30,118261.81079700039,TECL,116304.05682306834,0.0,0.8572423458099365,False
2010-12-31,117950.73247233208,TECL,116304.05682306834,0.0,0.8572423458099365,False
2011-01-03,121191.13515375796,TQQQ,316758.50081805576,0.0,0.3825978934764862,False
2011-01-04,121002.92710330401,TQQQ,316758.50081805576,0.0,0.3825978934764862,False
2011-01-05,124006.09019036642,TQQQ,316758.50081805576,0.0,0.3825978934764862,False
2011-01-06,125127.36157566856,TQQQ,316758.50081805576,0.0,0.3825978934764862,False
2011-01-07,124837.07730263556,TQQQ,316758.50081805576,0.0,0.3825978934764862,False
2011-01-10,126240.8070857725,TQQQ,316758.50081805576,0.0,0.3825978934764862,False
2011-01-11,126821.016906558,TQQQ,316758.50081805576,0.0,0.3825978934764862,False
2011-01-12,129392.98276632518,TQQQ,316758.50081805576,0.0,0.3825978934764862,False
2011-01-13,129800.65516733103,TQQQ,316758.50081805576,0.0,0.3825978934764862,False
2011-01-14,132615.6102039395,TQQQ,316758.50081805576,0.0,0.3825978934764862,False
2011-01-18,133673.98194334834,TQQQ,316758.50081805576,0.0,0.3825978934764862,False
2011-01-19,129196.96772095097,TQQQ,316758.50081805576,0.0,0.3825978934764862,False
2011-01-20,126295.57877202088,TQQQ,316758.50081805576,0.0,0.3825978934764862,False
2011-01-21,123410.20973890662,TQQQ,316758.50081805576,0.0,0.3825978934764862,False
2011-01-24,128506.85580238822,TQQQ,316758.50081805576,0.0,0.3825978934764862,False
2011-01-25,128953.68589980192,TQQQ,316758.50081805576,0.0,0.3825978934764862,False
2011-01-26,130953.26781398177,TQQQ,316758.50081805576,0.0,0.3825978934764862,False
2011-01-27,133477.9668979741,TQQQ,316758.50081805576,0.0,0.3825978934764862,False
2011-01-28,123410.20973890662,TQQQ,316758.50081805576,0.0,0.3825978934764862,False
2011-01-31,125237.23535302893,TQQQ,316758.50081805576,0.0,0.3825978934764862,False
2011-02-01,132191.95564767363,TQQQ,316758.50081805576,0.0,0.39537134766578674,False
2011-02-02,131596.0846363528,TQQQ,316758.50081805576,0.0,0.39537134766578674,False
2011-02-03,132105.85214021563,TQQQ,316758.50081805576,0.0,0.39537134766578674,False
2011-02-04,134489.61938966782,TQQQ,316758.50081805576,0.0,0.39537134766578674,False
2011-02-07,136441.9250879339,TQQQ,316758.50081805576,0.0,0.39537134766578674,False
2011-02-08,139351.10215150632,TQQQ,316758.50081805576,0.0,0.39537134766578674,False
2011-02-09,138504.1517642551,TQQQ,316758.50081805576,0.0,0.39537134766578674,False
2011-02-10,139178.60249228252,TQQQ,316758.50081805576,0.0,0.39537134766578674,False
2011-02-11,142032.67746474297,TQQQ,316758.50081805576,0.0,0.39537134766578674,False
2011-02-14,142926.658624295,TQQQ,316758.50081805576,0.0,0.39537134766578674,False
2011-02-15,142558.0872788632,TQQQ,316758.50081805576,0.0,0.39537134766578674,False
2011-02-16,145192.6601402159,TQQQ,316758.50081805576,0.0,0.39537134766578674,False
2011-02-17,145067.11573218126,TQQQ,316758.50081805576,0.0,0.39537134766578674,False
2011-02-18,144243.92617469342,TQQQ,316758.50081805576,0.0,0.39537134766578674,False
2011-02-22,131541.28462968755,TQQQ,316758.50081805576,0.0,0.39537134766578674,False
2011-02-23,128295.17956647866,TQQQ,316758.50081805576,0.0,0.39537134766578674,False
2011-02-24,130121.94085671006,TQQQ,316758.50081805576,0.0,0.39537134766578674,False
2011-02-25,135697.02260284484,TQQQ,316758.50081805576,0.0,0.39537134766578674,False
2011-02-28,136684.92370491414,TQQQ,316758.50081805576,0.0,0.39537134766578674,False
2011-03-01,130114.11498151187,TECL,116146.89819296726,0.0,1.1202547550201416,False
2011-03-02,131693.29647066942,TECL,116146.89819296726,0.0,1.1202547550201416,False
2011-03-03,138527.77186928422,TECL,116146.89819296726,0.0,1.1202547550201416,False
2011-03-04,135887.17217874297,TECL,116146.89819296726,0.0,1.1202547550201416,False
2011-03-07,130269.45089073863,TECL,116146.89819296726,0.0,1.1202547550201416,False
2011-03-08,132236.93753849005,TECL,116146.89819296726,0.0,1.1202547550201416,False
2011-03-09,129466.92125613647,TECL,116146.89819296726,0.0,1.1202547550201416,False
2011-03-10,121596.89159039553,TECL,116146.89819296726,0.0,1.1202547550201416,False
2011-03-11,123693.80867574849,TECL,116146.89819296726,0.0,1.1202547550201416,False
2011-03-14,122399.39353341925,TECL,116146.89819296726,0.0,1.1202547550201416,False
2011-03-15,111629.94223388976,CASH,0.0,111629.94223388976,,False
2011-03-16,111629.94223388976,CASH,0.0,111629.94223388976,,False
2011-03-17,111629.94223388976,CASH,0.0,111629.94223388976,,False
2011-03-18,111629.94223388976,CASH,0.0,111629.94223388976,,False
2011-03-21,111629.94223388976,CASH,0.0,111629.94223388976,,False
2011-03-22,111629.94223388976,CASH,0.0,111629.94223388976,,False
2011-03-23,111629.94223388976,CASH,0.0,111629.94223388976,,False
2011-03-24,111629.94223388976,CASH,0.0,111629.94223388976,,False
2011-03-25,111629.94223388976,CASH,0.0,111629.94223388976,,False
2011-03-28,111629.94223388976,CASH,0.0,111629.94223388976,,False
2011-03-29,111629.94223388976,CASH,0.0,111629.94223388976,,False
2011-03-30,111629.94223388976,CASH,0.0,111629.94223388976,,False
2011-03-31,111629.94223388976,CASH,0.0,111629.94223388976,,False
2011-04-01,111629.94223388976,TECL,104476.00895622326,0.0,1.0684744119644165,False
2011-04-04,109517.881382934,TECL,104476.00895622326,0.0,1.0684744119644165,False
2011-04-05,109328.02482025654,TECL,104476.00895622326,0.0,1.0684744119644165,False
2011-04-06,111653.65562245825,TECL,104476.00895622326,0.0,1.0684744119644165,False
2011-04-07,111796.03558995553,TECL,104476.00895622326,0.0,1.0684744119644165,False
2011-04-08,109897.55714475652,TECL,104476.00895622326,0.0,1.0684744119644165,False
2011-04-11,109138.19316660069,TECL,104476.00895622326,0.0,1.0684744119644165,False
2011-04-12,106195.57835374045,TECL,104476.00895622326,0.0,1.0684744119644165,False
2011-04-13,108260.16260951603,TECL,104476.00895622326,0.0,1.0684744119644165,False
2011-04-14,107405.83298648905,TECL,104476.00895622326,0.0,1.0684744119644165,False
2011-04-15,106100.67498142332,TECL,104476.00895622326,0.0,1.0684744119644165,False
2011-04-18,100466.94801050078,CASH,0.0,100466.94801050078,,False
2011-04-19,100466.94801050078,CASH,0.0,100466.94801050078,,False
2011-04-20,100466.94801050078,CASH,0.0,100466.94801050078,,False
2011-04-21,100466.94801050078,CASH,0.0,100466.94801050078,,False
2011-04-25,100466.94801050078,CASH,0.0,100466.94801050078,,False
2011-04-26,100466.94801050078,CASH,0.0,100466.94801050078,,False
2011-04-27,100466.94801050078,CASH,0.0,100466.94801050078,,False
2011-04-28,100466.94801050078,CASH,0.0,100466.94801050078,,False
2011-04-29,100466.94801050078,CASH,0.0,100466.94801050078,,False
2011-05-02,100466.94801050078,TECL,87638.14641242662,0.0,1.1463837623596191,False
2011-05-03,99531.38353432319,TECL,87638.14641242662,0.0,1.1463837623596191,False
2011-05-04,99153.18150863833,TECL,87638.14641242662,0.0,1.1463837623596191,False
2011-05-05,98038.404371247,TECL,87638.14641242662,0.0,1.1463837623596191,False
2011-05-06,98874.45849426727,TECL,87638.14641242662,0.0,1.1463837623596191,False
2011-05-09,99531.38353432319,TECL,87638.14641242662,0.0,1.1463837623596191,False
2011-05-10,102258.53136401715,TECL,87638.14641242662,0.0,1.1463837623596191,False
2011-05-11,99929.48763063952,TECL,87638.14641242662,0.0,1.1463837623596191,False
2011-05-12,101701.15846624324,TECL,87638.14641242662,0.0,1.1463837623596191,False
2011-05-13,97978.68771207143,TECL,87638.14641242662,0.0,1.1463837623596191,False
2011-05-16,93260.89403342176,TECL,87638.14641242662,0.0,1.1463837623596191,False
2011-05-17,90420.2532094507,CASH,0.0,90420.2532094507,,False
2011-05-18,90420.2532094507,CASH,0.0,90420.2532094507,,False
2011-05-19,90420.2532094507,CASH,0.0,90420.2532094507,,False
2011-05-20,90420.2532094507,CASH,0.0,90420.2532094507,,False
2011-05-23,90420.2532094507,CASH,0.0,90420.2532094507,,False
2011-05-24,90420.2532094507,CASH,0.0,90420.2532094507,,False
2011-05-25,90420.2532094507,CASH,0.0,90420.2532094507,,False
2011-05-26,90420.2532094507,CASH,0.0,90420.2532094507,,False
2011-05-27,90420.2532094507,CASH,0.0,90420.2532094507,,False
2011-05-31,90420.2532094507,CASH,0.0,90420.2532094507,,False
2011-06-01,90420.2532094507,TECL,87489.8074018821,0.0,1.0334947109222412,False
2011-06-02,90738.2099274728,TECL,87489.8074018821,0.0,1.0334947109222412,False
2011-06-03,86723.94639225675,TECL,87489.8074018821,0.0,1.0334947109222412,False
2011-06-06,84975.16358393973,TECL,87489.8074018821,0.0,1.0334947109222412,False
2011-06-07,83902.02054962353,TECL,87489.8074018821,0.0,1.0334947109222412,False
2011-06-08,81378.22788850563,CASH,0.0,81378.22788850563,,False
2011-06-09,81378.22788850563,CASH,0.0,81378.22788850563,,False
2011-06-10,81378.22788850563,CASH,0.0,81378.22788850563,,False
2011-06-13,81378.22788850563,CASH,0.0,81378.22788850563,,False
2011-06-14,81378.22788850563,CASH,0.0,81378.22788850563,,False
2011-06-15,81378.22788850563,CASH,0.0,81378.22788850563,,False
2011-06-16,81378.22788850563,CASH,0.0,81378.22788850563,,False
2011-06-17,81378.22788850563,CASH,0.0,81378.22788850563,,False
2011-06-20,81378.22788850563,CASH,0.0,81378.22788850563,,False
2011-06-21,81378.22788850563,CASH,0.0,81378.22788850563,,False
2011-06-22,81378.22788850563,CASH,0.0,81378.22788850563,,False
2011-06-23,81378.22788850563,CASH,0.0,81378.22788850563,,False
2011-06-24,81378.22788850563,CASH,0.0,81378.22788850563,,False
2011-06-27,81378.22788850563,CASH,0.0,81378.22788850563,,False
2011-06-28,81378.22788850563,CASH,0.0,81378.22788850563,,False
2011-06-29,81378.22788850563,CASH,0.0,81378.22788850563,,False
2011-06-30,81378.22788850563,CASH,0.0,81378.22788850563,,False
2011-07-01,81378.22788850563,TECL,77817.2963665591,0.0,1.045760154724121,False
2011-07-05,82138.27374187068,TECL,77817.2963665591,0.0,1.045760154724121,False
2011-07-06,83304.85488642684,TECL,77817.2963665591,0.0,1.045760154724121,False
2011-07-07,86539.50250464334,TECL,77817.2963665591,0.0,1.045760154724121,False
2011-07-08,85337.55917201625,TECL,77817.2963665591,0.0,1.045760154724121,False
2011-07-11,80900.97749771726,TECL,77817.2963665591,0.0,1.045760154724121,False
2011-07-12,78355.69773944703,TECL,77817.2963665591,0.0,1.045760154724121,False
2011-07-13,79027.40305844706,TECL,77817.2963665591,0.0,1.045760154724121,False
2011-07-14,76747.23766871805,TECL,77817.2963665591,0.0,1.045760154724121,False
2011-07-15,80017.21964537163,TECL,77817.2963665591,0.0,1.045760154724121,False
2011-07-18,79204.1397864448,TECL,77817.2963665591,0.0,1.045760154724121,False
2011-07-19,85638.04500517301,TECL,77817.2963665591,0.0,1.045760154724121,False
2011-07-20,84312.38039702074,TECL,77817.2963665591,0.0,1.045760154724121,False
2011-07-21,85390.58390103342,TECL,77817.2963665591,0.0,1.045760154724121,False
2011-07-22,88784.27787666758,TECL,77817.2963665591,0.0,1.045760154724121,False
2011-07-25,88218.67767496957,TECL,77817.2963665591,0.0,1.045760154724121,False
2011-07-26,89243.85644996508,TECL,77817.2963665591,0.0,1.045760154724121,False
2011-07-27,81077.75133189347,TECL,77817.2963665591,0.0,1.045760154724121,False
2011-07-28,81590.3268045743,TECL,77817.2963665591,0.0,1.045760154724121,False
2011-07-29,79734.41490625033,TECL,77817.2963665591,0.0,1.045760154724121,False
2011-08-01,79327.85178542537,TQQQ,189154.00045068737,0.0,0.41938236355781555,False
2011-08-02,73306.32214160927,TQQQ,189154.00045068737,0.0,0.41938236355781555,False
2011-08-03,71395.06660688284,CASH,0.0,71395.06660688284,,False
2011-08-04,71395.06660688284,CASH,0.0,71395.06660688284,,False
2011-08-05,71395.06660688284,CASH,0.0,71395.06660688284,,False
2011-08-08,71395.06660688284,CASH,0.0,71395.06660688284,,False
2011-08-09,71395.06660688284,CASH,0.0,71395.06660688284,,False
2011-08-10,71395.06660688284,CASH,0.0,71395.06660688284,,False
2011-08-11,71395.06660688284,CASH,0.0,71395.06660688284,,False
2011-08-12,71395.06660688284,CASH,0.0,71395.06660688284,,False
2011-08-15,71395.06660688284,CASH,0.0,71395.06660688284,,False
2011-08-16,71395.06660688284,CASH,0.0,71395.06660688284,,False
2011-08-17,71395.06660688284,CASH,0.0,71395.06660688284,,False
2011-08-18,71395.06660688284,CASH,0.0,71395.06660688284,,False
2011-08-19,71395.06660688284,CASH,0.0,71395.06660688284,,False
2011-08-22,71395.06660688284,CASH,0.0,71395.06660688284,,False
2011-08-23,71395.06660688284,CASH,0.0,71395.06660688284,,False
2011-08-24,71395.06660688284,CASH,0.0,71395.06660688284,,False
2011-08-25,71395.06660688284,CASH,0.0,71395.06660688284,,False
2011-08-26,71395.06660688284,CASH,0.0,71395.06660688284,,False
2011-08-29,71395.06660688284,CASH,0.0,71395.06660688284,,False
2011-08-30,71395.06660688284,CASH,0.0,71395.06660688284,,False
2011-08-31,71395.06660688284,CASH,0.0,71395.06660688284,,False
2011-09-01,71395.06660688284,GLD,401.3890401236311,0.0,177.8699951171875,False
2011-09-02,73550.52991715001,GLD,401.3890401236311,0.0,177.8699951171875,False
2011-09-06,73414.05298872785,GLD,401.3890401236311,0.0,177.8699951171875,False
2011-09-07,71077.97196005788,GLD,401.3890401236311,0.0,177.8699951171875,False
2011-09-08,72976.54040492365,GLD,401.3890401236311,0.0,177.8699951171875,False
2011-09-09,72530.998325398,GLD,401.3890401236311,0.0,177.8699951171875,False
2011-09-12,70913.40098367662,GLD,401.3890401236311,0.0,177.8699951171875,False
2011-09-13,71663.99652880039,GLD,401.3890401236311,0.0,177.8699951171875,False
2011-09-14,71130.15449518137,GLD,401.3890401236311,0.0,177.8699951171875,False
2011-09-15,70002.24614767698,GLD,401.3890401236311,0.0,177.8699951171875,False
2011-09-16,70656.51224298593,GLD,401.3890401236311,0.0,177.8699951171875,False
2011-09-19,69564.7335638728,GLD,401.3890401236311,0.0,177.8699951171875,False
2011-09-20,70556.16498295502,GLD,401.3890401236311,0.0,177.8699951171875,False
2011-09-21,69677.12200513056,GLD,401.3890401236311,0.0,177.8699951171875,False
2011-09-22,67854.81845784198,GLD,401.3890401236311,0.0,177.8699951171875,False
2011-09-23,64255.55994619457,CASH,0.0,64255.55994619457,,False
2011-09-26,64255.55994619457,CASH,0.0,64255.55994619457,,False
2011-09-27,64255.55994619457,CASH,0.0,64255.55994619457,,False
2011-09-28,64255.55994619457,CASH,0.0,64255.55994619457,,False
2011-09-29,64255.55994619457,CASH,0.0,64255.55994619457,,False
2011-09-30,64255.55994619457,CASH,0.0,64255.55994619457,,False
2011-10-03,64255.55994619457,GLD,399.2020207878058,0.0,160.9600067138672,False
2011-10-04,62930.20631333613,GLD,399.2020207878058,0.0,160.9600067138672,False
2011-10-05,63656.75691501286,GLD,399.2020207878058,0.0,160.9600067138672,False
2011-10-06,64067.93450911715,GLD,399.2020207878058,0.0,160.9600067138672,False
2011-10-07,63544.97474516,GLD,399.2020207878058,0.0,160.9600067138672,False
2011-10-10,65177.715639600094,GLD,399.2020207878058,0.0,160.9600067138672,False
2011-10-11,64710.65000623909,GLD,399.2020207878058,0.0,160.9600067138672,False
2011-10-12,65173.719720934976,GLD,399.2020207878058,0.0,160.9600067138672,False
2011-10-13,64790.48919212876,GLD,399.2020207878058,0.0,160.9600067138672,False
2011-10-14,65229.6077601917,GLD,399.2020207878058,0.0,160.9600067138672,False
2011-10-17,64918.230671284364,GLD,399.2020207878058,0.0,160.9600067138672,False
2011-10-18,64606.85358237703,GLD,399.2020207878058,0.0,160.9600067138672,False
2011-10-19,63820.4251141179,GLD,399.2020207878058,0.0,160.9600067138672,False
2011-10-20,62982.10452526716,GLD,399.2020207878058,0.0,160.9600067138672,False
2011-10-21,63680.70806164582,GLD,399.2020207878058,0.0,160.9600067138672,False
2011-10-24,64279.51109282753,GLD,399.2020207878058,0.0,160.9600067138672,False
2011-10-25,66103.8611603313,GLD,399.2020207878058,0.0,160.9600067138672,False
2011-10-26,66826.41584334291,GLD,399.2020207878058,0.0,160.9600067138672,False
2011-10-27,67684.70384284036,GLD,399.2020207878058,0.0,160.9600067138672,False
2011-10-28,67712.644816799,GLD,399.2020207878058,0.0,160.9600067138672,False
2011-10-31,66802.46469670995,GLD,399.2020207878058,0.0,160.9600067138672,False
2011-11-01,66818.43618869156,IEF,876.7033529893739,0.0,76.21555907235299,False
2011-11-02,66658.59990013066,IEF,876.7033529893739,0.0,76.21555907235299,False
2011-11-03,66345.49131696366,IEF,876.7033529893739,0.0,76.21555907235299,False
2011-11-04,66543.61194847742,IEF,876.7033529893739,0.0,76.21555907235299,False
2011-11-07,66620.33579559697,IEF,876.7033529893739,0.0,76.21555907235299,False
2011-11-08,66319.87622441877,IEF,876.7033529893739,0.0,76.21555907235299,False
2011-11-09,66907.91023989582,IEF,876.7033529893739,0.0,76.21555907235299,False
2011-11-10,66581.93676826869,IEF,876.7033529893739,0.0,76.21555907235299,False
2011-11-11,66275.11558732759,IEF,876.7033529893739,0.0,76.21555907235299,False
2011-11-14,66690.59009471792,IEF,876.7033529893739,0.0,76.21555907235299,False
2011-11-15,66601.12278965337,IEF,876.7033529893739,0.0,76.21555907235299,False
2011-11-16,66844.04453509669,IEF,876.7033529893739,0.0,76.21555907235299,False
2011-11-17,66978.1915235757,IEF,876.7033529893739,0.0,76.21555907235299,False
2011-11-18,66728.94864520781,IEF,876.7033529893739,0.0,76.21555907235299,False
2011-11-21,66914.29883421767,IEF,876.7033529893739,0.0,76.21555907235299,False
2011-11-22,67118.84853689164,IEF,876.7033529893739,0.0,76.21555907235299,False
2011-11-23,67348.97960141186,IEF,876.7033529893739,0.0,76.21555907235299,False
2011-11-25,66920.70092081896,IEF,876.7033529893739,0.0,76.21555907235299,False
2011-11-28,66927.0962612805,IEF,876.7033529893739,0.0,76.21555907235299,False
2011-11-29,66799.28389800551,IEF,876.7033529893739,0.0,76.21555907235299,False
2011-11-30,66409.43122929978,IEF,876.7033529893739,0.0,76.21555907235299,False
2011-12-01,66390.15750809864,IEF,876.7033529893739,0.0,75.7490330142546,False
2011-12-02,66684.71420701536,IEF,876.7033529893739,0.0,75.7490330142546,False
2011-12-05,66646.27470284874,IEF,876.7033529893739,0.0,75.7490330142546,False
2011-12-06,66473.42511075373,IEF,876.7033529893739,0.0,75.7490330142546,False
2011-12-07,66774.3973885512,IEF,876.7033529893739,0.0,75.7490330142546,False
2011-12-08,67113.79567823584,IEF,876.7033529893739,0.0,75.7490330142546,False
2011-12-09,66652.80496610484,IEF,876.7033529893739,0.0,75.7490330142546,False
2011-12-12,66883.27333761143,IEF,876.7033529893739,0.0,75.7490330142546,False
2011-12-13,67190.69492498826,IEF,876.7033529893739,0.0,75.7490330142546,False
2011-12-14,67472.46768912161,IEF,876.7033529893739,0.0,75.7490330142546,False
2011-12-15,67414.79494059221,IEF,876.7033529893739,0.0,75.7490330142546,False
2011-12-16,67741.44302619208,IEF,876.7033529893739,0.0,75.7490330142546,False
2011-12-19,67971.97211295621,IEF,876.7033529893739,0.0,75.7490330142546,False
2011-12-20,67357.18290732034,IEF,876.7033529893739,0.0,75.7490330142546,False
2011-12-21,67139.46473989853,IEF,876.7033529893739,0.0,75.7490330142546,False
2011-12-22,67222.68511957552,IEF,876.7033529893739,0.0,75.7490330142546,False
2011-12-23,66947.28745748456,IEF,876.7033529893739,0.0,75.7490330142546,False
2011-12-27,66985.17377819355,IEF,876.7033529893739,0.0,75.7490330142546,False
2011-12-28,67408.58849204303,IEF,876.7033529893739,0.0,75.7490330142546,False
2011-12-29,67492.0045097721,IEF,876.7033529893739,0.0,75.7490330142546,False
2011-12-30,67729.38092835952,IEF,876.7033529893739,0.0,75.7490330142546,False
2012-01-03,67299.51690493069,GLD,431.6285126684588,0.0,155.9199981689453,False
2012-01-04,67640.50711817069,GLD,431.6285126684588,0.0,155.9199981689453,False
2012-01-05,68102.34620193916,GLD,431.6285126684588,0.0,155.9199981689453,False
2012-01-06,67852.00087425605,GLD,431.6285126684588,0.0,155.9199981689453,False
2012-01-09,67549.8622326138,GLD,431.6285126684588,0.0,155.9199981689453,False
2012-01-10,68473.54698627917,GLD,431.6285126684588,0.0,155.9199981689453,False
2012-01-11,68918.1238274374,GLD,431.6285126684588,0.0,155.9199981689453,False
2012-01-12,69224.58296932852,GLD,431.6285126684588,0.0,155.9199981689453,False
2012-01-13,68741.15455657252,GLD,431.6285126684588,0.0,155.9199981689453,False
2012-01-17,69276.37628328764,GLD,431.6285126684588,0.0,155.9199981689453,False
2012-01-18,69751.17028167432,GLD,431.6285126684588,0.0,155.9199981689453,False
2012-01-19,69587.14933929921,GLD,431.6285126684588,0.0,155.9199981689453,False
2012-01-20,69954.03620951877,GLD,431.6285126684588,0.0,155.9199981689453,False
2012-01-23,70424.50970765656,GLD,431.6285126684588,0.0,155.9199981689453,False
2012-01-24,69928.13296641078,GLD,431.6285126684588,0.0,155.9199981689453,False
2012-01-25,71831.61628794951,GLD,431.6285126684588,0.0,155.9199981689453,False
2012-01-26,72198.50315816907,GLD,431.6285126684588,0.0,155.9199981689453,False
2012-01-27,72932.27031247976,GLD,431.6285126684588,0.0,155.9199981689453,False
2012-01-30,72526.53845679086,GLD,431.6285126684588,0.0,155.9199981689453,False
2012-01-31,73079.02242611622,GLD,431.6285126684588,0.0,155.9199981689453,False
2012-02-01,73186.92955428333,TQQQ,167283.71529656526,0.0,0.43750181794166565,False
2012-02-02,73940.64381562683,TQQQ,167283.71529656526,0.0,0.43750181794166565,False
2012-02-03,76880.78900900361,TQQQ,167283.71529656526,0.0,0.43750181794166565,False
2012-02-06,76806.21176397316,TQQQ,167283.71529656526,0.0,0.43750181794166565,False
2012-02-07,77137.4246693039,TQQQ,167283.71529656526,0.0,0.43750181794166565,False
2012-02-08,78421.13641322921,TQQQ,167283.71529656526,0.0,0.43750181794166565,False
2012-02-09,80160.4229434455,TQQQ,167283.71529656526,0.0,0.43750181794166565,False
2012-02-10,78445.94397865949,TQQQ,167283.71529656526,0.0,0.43750181794166565,False
2012-02-13,80557.94224351551,TQQQ,167283.71529656526,0.0,0.43750181794166565,False
2012-02-14,81261.90178158849,TQQQ,167283.71529656526,0.0,0.43750181794166565,False
2012-02-15,79448.03800634175,TQQQ,167283.71529656526,0.0,0.43750181794166565,False
2012-02-16,82769.17077009265,TQQQ,167283.71529656526,0.0,0.43750181794166565,False
2012-02-17,82065.23117379253,TQQQ,167283.71529656526,0.0,0.43750181794166565,False
2012-02-21,82760.89493435828,TQQQ,167283.71529656526,0.0,0.43750181794166565,False
2012-02-22,81667.68694650645,TQQQ,167283.71529656526,0.0,0.43750181794166565,False
2012-02-23,83216.31517190965,TQQQ,167283.71529656526,0.0,0.43750181794166565,False
2012-02-24,84028.06996314447,TQQQ,167283.71529656526,0.0,0.43750181794166565,False
2012-02-27,84433.85512806244,TQQQ,167283.71529656526,0.0,0.43750181794166565,False
2012-02-28,86959.76981571762,TQQQ,167283.71529656526,0.0,0.43750181794166565,False
2012-02-29,85816.94669700526,TQQQ,167283.71529656526,0.0,0.43750181794166565,False
2012-03-01,87903.99281857783,TECL,67210.9656023539,0.0,1.3078817129135132,False
2012-03-02,87522.33303110556,TECL,67210.9656023539,0.0,1.3078817129135132,False
2012-03-05,84530.11549002015,TECL,67210.9656023539,0.0,1.3078817129135132,False
2012-03-06,81675.28265295041,TECL,67210.9656023539,0.0,1.3078817129135132,False
2012-03-07,83720.98231867033,TECL,67210.9656023539,0.0,1.3078817129135132,False
2012-03-08,86407.8800419494,TECL,67210.9656023539,0.0,1.3078817129135132,False
2012-03-09,87537.60422990733,TECL,67210.9656023539,0.0,1.3078817129135132,False
2012-03-12,87980.31676390083,TECL,67210.9656023539,0.0,1.3078817129135132,False
2012-03-13,93384.64659589104,TECL,67210.9656023539,0.0,1.3078817129135132,False
2012-03-14,95018.1360643637,TECL,67210.9656023539,0.0,1.3078817129135132,False
2012-03-15,96010.44349962012,TECL,67210.9656023539,0.0,1.3078817129135132,False
2012-03-16,95995.18832516127,TECL,67210.9656023539,0.0,1.3078817129135132,False
2012-03-19,98162.99348392364,TECL,67210.9656023539,0.0,1.3078817129135132,False
2012-03-20,98132.49114717741,TECL,67210.9656023539,0.0,1.3078817129135132,False
2012-03-21,97949.28483458496,TECL,67210.9656023539,0.0,1.3078817129135132,False
2012-03-22,96956.96137498562,TECL,67210.9656023539,0.0,1.3078817129135132,False
2012-03-23,96911.17181509471,TECL,67210.9656023539,0.0,1.3078817129135132,False
2012-03-26,101643.74516757931,TECL,67210.9656023539,0.0,1.3078817129135132,False
2012-03-27,102132.28732232102,TECL,67210.9656023539,0.0,1.3078817129135132,False
2012-03-28,101277.35657890882,TECL,67210.9656023539,0.0,1.3078817129135132,False
2012-03-29,100758.31208742087,TECL,67210.9656023539,0.0,1.3078817129135132,False
2012-03-30,99994.97648813343,TECL,67210.9656023539,0.0,1.3078817129135132,False
2012-04-02,103033.01563779562,TQQQ,168800.35827075117,0.0,0.6103838682174683,False
2012-04-03,103041.51742395243,TQQQ,168800.35827075117,0.0,0.6103838682174683,False
2012-04-04,98837.96269331485,TQQQ,168800.35827075117,0.0,0.6103838682174683,False
2012-04-05,100643.04784433139,TQQQ,168800.35827075117,0.0,0.6103838682174683,False
2012-04-09,98328.18754632359,TQQQ,168800.35827075117,0.0,0.6103838682174683,False
2012-04-10,92729.71407401605,CASH,0.0,92729.71407401605,,False
2012-04-11,92729.71407401605,CASH,0.0,92729.71407401605,,False
2012-04-12,92729.71407401605,CASH,0.0,92729.71407401605,,False
2012-04-13,92729.71407401605,CASH,0.0,92729.71407401605,,False
2012-04-16,92729.71407401605,CASH,0.0,92729.71407401605,,False
2012-04-17,92729.71407401605,CASH,0.0,92729.71407401605,,False
2012-04-18,92729.71407401605,CASH,0.0,92729.71407401605,,False
2012-04-19,92729.71407401605,CASH,0.0,92729.71407401605,,False
2012-04-20,92729.71407401605,CASH,0.0,92729.71407401605,,False
2012-04-23,92729.71407401605,CASH,0.0,92729.71407401605,,False
2012-04-24,92729.71407401605,CASH,0.0,92729.71407401605,,False
2012-04-25,92729.71407401605,CASH,0.0,92729.71407401605,,False
2012-04-26,92729.71407401605,CASH,0.0,92729.71407401605,,False
2012-04-27,92729.71407401605,CASH,0.0,92729.71407401605,,False
2012-04-30,92729.71407401605,CASH,0.0,92729.71407401605,,False
2012-05-01,92729.71407401605,TECL,67635.2154249252,0.0,1.3710271120071411,False
2012-05-02,93344.22432158348,TECL,67635.2154249252,0.0,1.3710271120071411,False
2012-05-03,90671.10958231275,TECL,67635.2154249252,0.0,1.3710271120071411,False
2012-05-04,84372.36341925467,TECL,67635.2154249252,0.0,1.3710271120071411,False
2012-05-07,82467.37422455507,CASH,0.0,82467.37422455507,,False
2012-05-08,82467.37422455507,CASH,0.0,82467.37422455507,,False
2012-05-09,82467.37422455507,CASH,0.0,82467.37422455507,,False
2012-05-10,82467.37422455507,CASH,0.0,82467.37422455507,,False
2012-05-11,82467.37422455507,CASH,0.0,82467.37422455507,,False
2012-05-14,82467.37422455507,CASH,0.0,82467.37422455507,,False
2012-05-15,82467.37422455507,CASH,0.0,82467.37422455507,,False
2012-05-16,82467.37422455507,CASH,0.0,82467.37422455507,,False
2012-05-17,82467.37422455507,CASH,0.0,82467.37422455507,,False
2012-05-18,82467.37422455507,CASH,0.0,82467.37422455507,,False
2012-05-21,82467.37422455507,CASH,0.0,82467.37422455507,,False
2012-05-22,82467.37422455507,CASH,0.0,82467.37422455507,,False
2012-05-23,82467.37422455507,CASH,0.0,82467.37422455507,,False
2012-05-24,82467.37422455507,CASH,0.0,82467.37422455507,,False
2012-05-25,82467.37422455507,CASH,0.0,82467.37422455507,,False
2012-05-29,82467.37422455507,CASH,0.0,82467.37422455507,,False
2012-05-30,82467.37422455507,CASH,0.0,82467.37422455507,,False
2012-05-31,82467.37422455507,CASH,0.0,82467.37422455507,,False
2012-06-01,82467.37422455507,TECL,85366.96947677483,0.0,0.9660337567329407,False
2012-06-04,82990.88575481059,TECL,85366.96947677483,0.0,0.9660337567329407,False
2012-06-05,84910.55184693287,TECL,85366.96947677483,0.0,0.9660337567329407,False
2012-06-06,91406.32622567969,TECL,85366.96947677483,0.0,0.9660337567329407,False
2012-06-07,89990.81080448687,TECL,85366.96947677483,0.0,0.9660337567329407,False
2012-06-08,92686.09683607069,TECL,85366.96947677483,0.0,0.9660337567329407,False
2012-06-11,87644.57995024038,TECL,85366.96947677483,0.0,0.9660337567329407,False
2012-06-12,90650.09767515157,TECL,85366.96947677483,0.0,0.9660337567329407,False
2012-06-13,88846.79518143348,TECL,85366.96947677483,0.0,0.9660337567329407,False
2012-06-14,89137.64057409532,TECL,85366.96947677483,0.0,0.9660337567329407,False
2012-06-15,92744.2353849957,TECL,85366.96947677483,0.0,0.9660337567329407,False
2012-06-18,94547.54805524957,TECL,85366.96947677483,0.0,0.9660337567329407,False
2012-06-19,97107.09945256734,TECL,85366.96947677483,0.0,0.9660337567329407,False
2012-06-20,97824.53504869284,TECL,85366.96947677483,0.0,0.9660337567329407,False
2012-06-21,90029.61393542528,TECL,85366.96947677483,0.0,0.9660337567329407,False
2012-06-22,92938.16962740147,TECL,85366.96947677483,0.0,0.9660337567329407,False
2012-06-25,86636.2684318457,TECL,85366.96947677483,0.0,0.9660337567329407,False
2012-06-26,87392.53768851695,TECL,85366.96947677483,0.0,0.9660337567329407,False
2012-06-27,89273.37520836137,TECL,85366.96947677483,0.0,0.9660337567329407,False
2012-06-28,86461.7611962486,TECL,85366.96947677483,0.0,0.9660337567329407,False
2012-06-29,93771.93320405592,TECL,85366.96947677483,0.0,0.9660337567329407,False
2012-07-02,95032.3073372456,TECL,85366.96947677483,0.0,1.098456859588623,False
2012-07-03,97126.49592976864,TECL,85366.96947677483,0.0,1.098456859588623,False
2012-07-05,97436.71744656023,TECL,85366.96947677483,0.0,1.098456859588623,False
2012-07-06,92938.16962740147,TECL,85366.96947677483,0.0,1.098456859588623,False
2012-07-09,92395.2209138015,TECL,85366.96947677483,0.0,1.098456859588623,False
2012-07-10,89486.66522182531,TECL,85366.96947677483,0.0,1.098456859588623,False
2012-07-11,88129.3494087722,TECL,85366.96947677483,0.0,1.098456859588623,False
2012-07-12,84394.73988365033,CASH,0.0,84394.73988365033,,False
2012-07-13,84394.73988365033,CASH,0.0,84394.73988365033,,False
2012-07-16,84394.73988365033,CASH,0.0,84394.73988365033,,False
2012-07-17,84394.73988365033,CASH,0.0,84394.73988365033,,False
2012-07-18,84394.73988365033,CASH,0.0,84394.73988365033,,False
2012-07-19,84394.73988365033,CASH,0.0,84394.73988365033,,False
2012-07-20,84394.73988365033,CASH,0.0,84394.73988365033,,False
2012-07-23,84394.73988365033,CASH,0.0,84394.73988365033,,False
2012-07-24,84394.73988365033,CASH,0.0,84394.73988365033,,False
2012-07-25,84394.73988365033,CASH,0.0,84394.73988365033,,False
2012-07-26,84394.73988365033,CASH,0.0,84394.73988365033,,False
2012-07-27,84394.73988365033,CASH,0.0,84394.73988365033,,False
2012-07-30,84394.73988365033,CASH,0.0,84394.73988365033,,False
2012-07-31,84394.73988365033,CASH,0.0,84394.73988365033,,False
2012-08-01,84394.73988365033,TQQQ,168312.46848892697,0.0,0.5014170408248901,False
2012-08-02,83511.42932310925,TQQQ,168312.46848892697,0.0,0.5014170408248901,False
2012-08-03,88261.22187583019,TQQQ,168312.46848892697,0.0,0.5014170408248901,False
2012-08-06,90244.47842942689,TQQQ,168312.46848892697,0.0,0.5014170408248901,False
2012-08-07,92477.6071103571,TQQQ,168312.46848892697,0.0,0.5014170408248901,False
2012-08-08,92327.53535732455,TQQQ,168312.46848892697,0.0,0.5014170408248901,False
2012-08-09,93110.82985115943,TQQQ,168312.46848892697,0.0,0.5014170408248901,False
2012-08-10,93494.19049683314,TQQQ,168312.46848892697,0.0,0.5014170408248901,False
2012-08-13,94060.84955815348,TQQQ,168312.46848892697,0.0,0.5014170408248901,False
2012-08-14,94194.12740019089,TQQQ,168312.46848892697,0.0,0.5014170408248901,False
2012-08-15,94860.82760872965,TQQQ,168312.46848892697,0.0,0.5014170408248901,False
2012-08-16,98260.59136475867,TQQQ,168312.46848892697,0.0,0.5014170408248901,False
2012-08-17,99610.44459786493,TQQQ,168312.46848892697,0.0,0.5014170408248901,False
2012-08-20,99993.77514692396,TQQQ,168312.46848892697,0.0,0.5014170408248901,False
2012-08-21,98843.91391841052,TQQQ,168312.46848892697,0.0,0.5014170408248901,False
2012-08-22,99910.42758865171,TQQQ,168312.46848892697,0.0,0.5014170408248901,False
2012-08-23,97693.92227123344,TQQQ,168312.46848892697,0.0,0.5014170408248901,False
2012-08-24,99427.07595678404,TQQQ,168312.46848892697,0.0,0.5014170408248901,False
2012-08-27,99910.42758865171,TQQQ,168312.46848892697,0.0,0.5014170408248901,False
2012-08-28,99893.80422513979,TQQQ,168312.46848892697,0.0,0.5014170408248901,False
2012-08-29,99927.05095216364,TQQQ,168312.46848892697,0.0,0.5014170408248901,False
2012-08-30,96877.35095376002,TQQQ,168312.46848892697,0.0,0.5014170408248901,False
2012-08-31,98943.94503342407,TQQQ,168312.46848892697,0.0,0.5014170408248901,False
2012-09-04,98527.14704883346,TECL,76193.51176331523,0.0,1.2931172847747803,False
2012-09-05,98302.15268983027,TECL,76193.51176331523,0.0,1.2931172847747803,False
2012-09-06,104740.3011931951,TECL,76193.51176331523,0.0,1.2931172847747803,False
2012-09-07,104324.90952469996,TECL,76193.51176331523,0.0,1.2931172847747803,False
2012-09-10,101123.16104669639,TECL,76193.51176331523,0.0,1.2931172847747803,False
2012-09-11,101884.65945492011,TECL,76193.51176331523,0.0,1.2931172847747803,False
2012-09-12,103217.27712782443,TECL,76193.51176331523,0.0,1.2931172847747803,False
2012-09-13,107543.94290299756,TECL,76193.51176331523,0.0,1.2931172847747803,False
2012-09-14,109136.18831631394,TECL,76193.51176331523,0.0,1.2931172847747803,False
2012-09-17,109361.15542639392,TECL,76193.51176331523,0.0,1.2931172847747803,False
2012-09-18,109482.31322199134,TECL,76193.51176331523,0.0,1.2931172847747803,False
2012-09-19,109880.35640937163,TECL,76193.51176331523,0.0,1.2931172847747803,False
2012-09-20,109343.87052609991,TECL,76193.51176331523,0.0,1.2931172847747803,False
2012-09-21,109689.9863488029,TECL,76193.51176331523,0.0,1.2931172847747803,False
2012-09-24,107474.73063802625,TECL,76193.51176331523,0.0,1.2931172847747803,False
2012-09-25,103113.46781334188,TECL,76193.51176331523,0.0,1.2931172847747803,False
2012-09-26,100846.26657193911,TECL,76193.51176331523,0.0,1.2931172847747803,False
2012-09-27,104965.25013732628,TECL,76193.51176331523,0.0,1.2931172847747803,False
2012-09-28,102455.78780257511,TECL,76193.51176331523,0.0,1.2931172847747803,False
2012-10-01,101867.37455462609,TECL,76193.51176331523,0.0,1.3446786403656006,False
2012-10-02,102334.62092400329,TECL,76193.51176331523,0.0,1.3446786403656006,False
2012-10-03,104048.00596696828,TECL,76193.51176331523,0.0,1.3446786403656006,False
2012-10-04,104792.18314300037,TECL,76193.51176331523,0.0,1.3446786403656006,False
2012-10-05,103026.8979842813,TECL,76193.51176331523,0.0,1.3446786403656006,False
2012-10-08,100015.52864982086,TECL,76193.51176331523,0.0,1.3446786403656006,False
2012-10-09,96034.97869735073,TECL,76193.51176331523,0.0,1.3446786403656006,False
2012-10-10,94961.98876485847,TECL,76193.51176331523,0.0,1.3446786403656006,False
2012-10-11,93975.50508060596,TECL,76193.51176331523,0.0,1.3446786403656006,False
2012-10-12,93629.35292600535,TECL,76193.51176331523,0.0,1.3446786403656006,False
2012-10-15,94927.3553834496,TECL,76193.51176331523,0.0,1.3446786403656006,False
2012-10-16,98769.44447407949,TECL,76193.51176331523,0.0,1.3446786403656006,False
2012-10-17,97281.0628730921,TECL,76193.51176331523,0.0,1.3446786403656006,False
2012-10-18,93854.32911905974,TECL,76193.51176331523,0.0,1.3446786403656006,False
2012-10-19,92210.2090223176,CASH,0.0,92210.2090223176,,False
2012-10-22,92210.2090223176,CASH,0.0,92210.2090223176,,False
2012-10-23,92210.2090223176,CASH,0.0,92210.2090223176,,False
2012-10-24,92210.2090223176,CASH,0.0,92210.2090223176,,False
2012-10-25,92210.2090223176,CASH,0.0,92210.2090223176,,False
2012-10-26,92210.2090223176,CASH,0.0,92210.2090223176,,False
2012-10-31,92210.2090223176,CASH,0.0,92210.2090223176,,False
2012-11-01,92210.2090223176,GLD,555.2490212293148,0.0,166.07000732421875,False
2012-11-02,90283.49424085768,GLD,555.2490212293148,0.0,166.07000732421875,False
2012-11-05,90633.29536298131,GLD,555.2490212293148,0.0,166.07000732421875,False
2012-11-06,92337.91392492059,GLD,555.2490212293148,0.0,166.07000732421875,False
2012-11-07,92443.41259454259,GLD,555.2490212293148,0.0,166.07000732421875,False
2012-11-08,93276.28612638656,GLD,555.2490212293148,0.0,166.07000732421875,False
2012-11-09,93181.89480946891,GLD,555.2490212293148,0.0,166.07000732421875,False
2012-11-12,92976.44691036323,GLD,555.2490212293148,0.0,166.07000732421875,False
2012-11-13,92782.11483638959,GLD,555.2490212293148,0.0,166.07000732421875,False
2012-11-14,92804.32106937058,GLD,555.2490212293148,0.0,166.07000732421875,False
2012-11-15,92221.30790259426,GLD,555.2490212293148,0.0,166.07000732421875,False
2012-11-16,92104.7103526956,GLD,555.2490212293148,0.0,166.07000732421875,False
2012-11-19,93209.65048258823,GLD,555.2490212293148,0.0,166.07000732421875,False
2012-11-20,92943.13332467791,GLD,555.2490212293148,0.0,166.07000732421875,False
2012-11-21,93037.52464159556,GLD,555.2490212293148,0.0,166.07000732421875,False
2012-11-23,94175.7868296012,GLD,555.2490212293148,0.0,166.07000732421875,False
2012-11-26,94075.83760011752,GLD,555.2490212293148,0.0,166.07000732421875,False
2012-11-27,93676.0660994659,GLD,555.2490212293148,0.0,166.07000732421875,False
2012-11-28,92476.72618022792,GLD,555.2490212293148,0.0,166.07000732421875,False
2012-11-29,92826.52730235156,GLD,555.2490212293148,0.0,166.07000732421875,False
2012-11-30,92199.10166961327,GLD,555.2490212293148,0.0,166.07000732421875,False
2012-12-03,92243.52260800294,TECL,83031.219295401,0.0,1.1109498739242554,False
2012-12-04,91602.28457294,TECL,83031.219295401,0.0,1.1109498739242554,False
2012-12-05,88886.4558062301,TECL,83031.219295401,0.0,1.1109498739242554,False
2012-12-06,90583.85002268536,TECL,83031.219295401,0.0,1.1109498739242554,False
2012-12-07,89207.09461994689,TECL,83031.219295401,0.0,1.1109498739242554,False
2012-12-10,89961.48765033027,TECL,83031.219295401,0.0,1.1109498739242554,False
2012-12-11,93582.53658341839,TECL,83031.219295401,0.0,1.1109498739242554,False
2012-12-12,92960.18410915595,TECL,83031.219295401,0.0,1.1109498739242554,False
2012-12-13,91055.35556476764,TECL,83031.219295401,0.0,1.1109498739242554,False
2012-12-14,88377.2088368248,TECL,83031.219295401,0.0,1.1109498739242554,False
2012-12-17,91602.28457294,TECL,83031.219295401,0.0,1.1109498739242554,False
2012-12-18,95525.11645322239,TECL,83031.219295401,0.0,1.1109498739242554,False
2012-12-19,94204.9187519588,TECL,83031.219295401,0.0,1.1109498739242554,False
2012-12-20,94695.29005865626,TECL,83031.219295401,0.0,1.1109498739242554,False
2012-12-21,92300.07041138517,TECL,83031.219295401,0.0,1.1109498739242554,False
2012-12-24,91262.839383164,TECL,83031.219295401,0.0,1.1109498739242554,False
2012-12-26,89867.16872534702,TECL,83031.219295401,0.0,1.1109498739242554,False
2012-12-27,89508.80828049252,TECL,83031.219295401,0.0,1.1109498739242554,False
2012-12-28,86604.43074665009,TECL,83031.219295401,0.0,1.1109498739242554,False
2012-12-31,91904.04772394894,TECL,83031.219295401,0.0,1.1109498739242554,False
2013-01-02,100145.79356050593,TQQQ,178694.5083994012,0.0,0.5604301691055298,False
2013-01-03,98695.06036311199,TQQQ,178694.5083994012,0.0,0.5604301691055298,False
2013-01-04,97721.95097649537,TQQQ,178694.5083994012,0.0,0.5604301691055298,False
2013-01-07,97828.10971971098,TQQQ,178694.5083994012,0.0,0.5604301691055298,False
2013-01-08,97261.78419191754,TQQQ,178694.5083994012,0.0,0.5604301691055298,False
2013-01-09,98252.76599461882,TQQQ,178694.5083994012,0.0,0.5604301691055298,False
2013-01-10,99986.64597937543,TQQQ,178694.5083994012,0.0,0.5604301691055298,False
2013-01-11,100358.15365102794,TQQQ,178694.5083994012,0.0,0.5604301691055298,False
2013-01-14,99066.51477965101,TQQQ,178694.5083994012,0.0,0.5604301691055298,False
2013-01-15,97597.95177026319,TQQQ,178694.5083994012,0.0,0.5604301691055298,False
2013-01-16,98695.06036311199,TQQQ,178694.5083994012,0.0,0.5604301691055298,False
2013-01-17,100216.63351246009,TQQQ,178694.5083994012,0.0,0.5604301691055298,False
2013-01-18,99650.52100512056,TQQQ,178694.5083994012,0.0,0.5604301691055298,False
2013-01-22,100057.47528030688,TQQQ,178694.5083994012,0.0,0.5604301691055298,False
2013-01-23,101685.26042798407,TQQQ,178694.5083994012,0.0,0.5604301691055298,False
2013-01-24,97633.4303268651,TQQQ,178694.5083994012,0.0,0.5604301691055298,False
2013-01-25,99084.19547732713,TQQQ,178694.5083994012,0.0,0.5604301691055298,False
2013-01-28,99791.99853959764,TQQQ,178694.5083994012,0.0,0.5604301691055298,False
2013-01-29,99791.99853959764,TQQQ,178694.5083994012,0.0,0.5604301691055298,False
2013-01-30,99243.52412584347,TQQQ,178694.5083994012,0.0,0.5604301691055298,False
2013-01-31,98606.55036450441,TQQQ,178694.5083994012,0.0,0.5604301691055298,False
2013-02-01,101844.40800911457,TQQQ,178694.5083994012,0.0,0.5518163442611694,False
2013-02-04,96660.31028922579,TQQQ,178694.5083994012,0.0,0.5518163442611694,False
2013-02-05,100906.80913216795,TQQQ,178694.5083994012,0.0,0.5518163442611694,False
2013-02-06,99968.96528169932,TQQQ,178694.5083994012,0.0,0.5518163442611694,False
2013-02-07,100216.63351246009,TQQQ,178694.5083994012,0.0,0.5518163442611694,False
2013-02-08,103260.0141336556,TQQQ,178694.5083994012,0.0,0.5518163442611694,False
2013-02-11,103224.5036239856,TQQQ,178694.5083994012,0.0,0.5518163442611694,False
2013-02-12,102021.38540223894,TQQQ,178694.5083994012,0.0,0.5518163442611694,False
2013-02-13,103206.83357733217,TQQQ,178694.5083994012,0.0,0.5518163442611694,False
2013-02-14,102994.52674192365,TQQQ,178694.5083994012,0.0,0.5518163442611694,False
2013-02-15,102109.89540084652,TQQQ,178694.5083994012,0.0,0.5518163442611694,False
2013-02-19,104339.27161246513,TQQQ,178694.5083994012,0.0,0.5518163442611694,False
2013-02-20,99579.67040214372,TQQQ,178694.5083994012,0.0,0.5518163442611694,False
2013-02-21,96341.82340855626,TQQQ,178694.5083994012,0.0,0.5518163442611694,False
2013-02-22,99172.69482491202,TQQQ,178694.5083994012,0.0,0.5518163442611694,False
2013-02-25,95474.72365083749,TQQQ,178694.5083994012,0.0,0.5518163442611694,False
2013-02-26,96624.7891285331,TQQQ,178694.5083994012,0.0,0.5518163442611694,False
2013-02-27,99562.011006513,TQQQ,178694.5083994012,0.0,0.5518163442611694,False
2013-02-28,99190.35422054274,TQQQ,178694.5083994012,0.0,0.5518163442611694,False
2013-03-01,100216.63351246009,SHY,1469.3532073441659,0.0,68.20459029970075,False
2013-03-04,100204.716014964,SHY,1469.3532073441659,0.0,68.20459029970075,False
2013-03-05,100192.92289362774,SHY,1469.3532073441659,0.0,68.20459029970075,False
2013-03-06,100180.994089208,SHY,1469.3532073441659,0.0,68.20459029970075,False
2013-03-07,100157.28347037565,SHY,1469.3532073441659,0.0,68.20459029970075,False
2013-03-08,100169.20096787171,SHY,1469.3532073441659,0.0,68.20459029970075,False
2013-03-11,100157.28347037565,SHY,1469.3532073441659,0.0,68.20459029970075,False
2013-03-12,100180.994089208,SHY,1469.3532073441659,0.0,68.20459029970075,False
2013-03-13,100157.28347037565,SHY,1469.3532073441659,0.0,68.20459029970075,False
2013-03-14,100157.28347037565,SHY,1469.3532073441659,0.0,68.20459029970075,False
2013-03-15,100192.92289362774,SHY,1469.3532073441659,0.0,68.20459029970075,False
2013-03-18,100216.63351246009,SHY,1469.3532073441659,0.0,68.20459029970075,False
2013-03-19,100204.716014964,SHY,1469.3532073441659,0.0,68.20459029970075,False
2013-03-20,100192.92289362774,SHY,1469.3532073441659,0.0,68.20459029970075,False
2013-03-21,100204.716014964,SHY,1469.3532073441659,0.0,68.20459029970075,False
2013-03-22,100180.994089208,SHY,1469.3532073441659,0.0,68.20459029970075,False
2013-03-25,100180.994089208,SHY,1469.3532073441659,0.0,68.20459029970075,False
2013-03-26,100192.92289362774,SHY,1469.3532073441659,0.0,68.20459029970075,False
2013-03-27,100216.63351246009,SHY,1469.3532073441659,0.0,68.20459029970075,False
2013-03-28,100228.52839610892,SHY,1469.3532073441659,0.0,68.20459029970075,False
2013-04-01,100237.94706348488,SHY,1469.3532073441659,0.0,68.21268561918512,False
2013-04-02,100237.94706348488,SHY,1469.3532073441659,0.0,68.21268561918512,False
2013-04-03,100226.12002137775,SHY,1469.3532073441659,0.0,68.21268561918512,False
2013-04-04,100261.73683078257,SHY,1469.3532073441659,0.0,68.21268561918512,False
2013-04-05,100261.73683078257,SHY,1469.3532073441659,0.0,68.21268561918512,False
2013-04-08,100237.94706348488,SHY,1469.3532073441659,0.0,68.21268561918512,False
2013-04-09,100237.94706348488,SHY,1469.3532073441659,0.0,68.21268561918512,False
2013-04-10,100237.94706348488,SHY,1469.3532073441659,0.0,68.21268561918512,False
2013-04-11,100237.94706348488,SHY,1469.3532073441659,0.0,68.21268561918512,False
2013-04-12,100249.85325405734,SHY,1469.3532073441659,0.0,68.21268561918512,False
2013-04-15,100261.73683078257,SHY,1469.3532073441659,0.0,68.21268561918512,False
2013-04-16,100261.73683078257,SHY,1469.3532073441659,0.0,68.21268561918512,False
2013-04-17,100261.73683078257,SHY,1469.3532073441659,0.0,68.21268561918512,False
2013-04-18,100261.73683078257,SHY,1469.3532073441659,0.0,68.21268561918512,False
2013-04-19,100261.73683078257,SHY,1469.3532073441659,0.0,68.21268561918512,False
2013-04-22,100273.63171443144,SHY,1469.3532073441659,0.0,68.21268561918512,False
2013-04-23,100261.73683078257,SHY,1469.3532073441659,0.0,68.21268561918512,False
2013-04-24,100273.63171443144,SHY,1469.3532073441659,0.0,68.21268561918512,False
2013-04-25,100261.73683078257,SHY,1469.3532073441659,0.0,68.21268561918512,False
2013-04-26,100285.44744961492,SHY,1469.3532073441659,0.0,68.21268561918512,False
2013-04-29,100309.12414767646,SHY,1469.3532073441659,0.0,68.21268561918512,False
2013-04-30,100297.2292640276,SHY,1469.3532073441659,0.0,68.21268561918512,False
2013-05-01,100317.43473653756,TQQQ,157418.14473670835,0.0,0.6372672915458679,False
2013-05-02,103949.20857747243,TQQQ,157418.14473670835,0.0,0.6372672915458679,False
2013-05-03,107580.84167561833,TQQQ,157418.14473670835,0.0,0.6372672915458679,False
2013-05-06,108968.13396367739,TQQQ,157418.14473670835,0.0,0.6372672915458679,False
2013-05-07,108703.09652633512,TQQQ,157418.14473670835,0.0,0.6372672915458679,False
2013-05-08,110402.19038908606,TQQQ,157418.14473670835,0.0,0.6372672915458679,False
2013-05-09,110012.39854359768,TQQQ,157418.14473670835,0.0,0.6372672915458679,False
2013-05-10,111882.82329479235,TQQQ,157418.14473670835,0.0,0.6372672915458679,False
2013-05-13,112319.33236336733,TQQQ,157418.14473670835,0.0,0.6372672915458679,False
2013-05-14,113971.56826024268,TQQQ,157418.14473670835,0.0,0.6372672915458679,False
2013-05-15,114813.29458397753,TQQQ,157418.14473670835,0.0,0.6372672915458679,False
2013-05-16,114392.37043356823,TQQQ,157418.14473670835,0.0,0.6372672915458679,False
2013-05-17,117618.90825363803,TQQQ,157418.14473670835,0.0,0.6372672915458679,False
2013-05-20,117088.92720747946,TQQQ,157418.14473670835,0.0,0.6372672915458679,False
2013-05-21,117525.40812749664,TQQQ,157418.14473670835,0.0,0.6372672915458679,False
2013-05-22,114657.3609566475,TQQQ,157418.14473670835,0.0,0.6372672915458679,False
2013-05-23,113410.45490916319,TQQQ,157418.14473670835,0.0,0.6372672915458679,False
2013-05-24,113348.05893938494,TQQQ,157418.14473670835,0.0,0.6372672915458679,False
2013-05-28,115686.09691551772,TQQQ,157418.14473670835,0.0,0.6372672915458679,False
2013-05-29,113940.31397823797,TQQQ,157418.14473670835,0.0,0.6372672915458679,False
2013-05-30,115795.19134267737,TQQQ,157418.14473670835,0.0,0.6372672915458679,False
2013-05-31,112490.78522889482,TQQQ,157418.14473670835,0.0,0.6372672915458679,False
2013-06-03,113145.4550032313,TQQQ,157418.14473670835,0.0,0.7145985960960388,False
2013-06-04,111446.51126612193,TQQQ,157418.14473670835,0.0,0.7145985960960388,False
2013-06-05,107175.63380331105,TQQQ,157418.14473670835,0.0,0.7145985960960388,False
2013-06-06,108484.93582057362,TQQQ,157418.14473670835,0.0,0.7145985960960388,False
2013-06-07,113020.79442361118,TQQQ,157418.14473670835,0.0,0.7145985960960388,False
2013-06-10,113067.50226384519,TQQQ,157418.14473670835,0.0,0.7145985960960388,False
2013-06-11,109794.23783783618,TQQQ,157418.14473670835,0.0,0.7145985960960388,False
2013-06-12,105990.98298281601,TQQQ,157418.14473670835,0.0,0.7145985960960388,False
2013-06-13,109794.23783783618,TQQQ,157418.14473670835,0.0,0.7145985960960388,False
2013-06-14,107861.39835115807,TQQQ,157418.14473670835,0.0,0.7145985960960388,False
2013-06-17,110854.09671877473,TQQQ,157418.14473670835,0.0,0.7145985960960388,False
2013-06-18,113472.69137044727,TQQQ,157418.14473670835,0.0,0.7145985960960388,False
2013-06-19,109903.31349929064,TQQQ,157418.14473670835,0.0,0.7145985960960388,False
2013-06-20,101241.70670600534,CASH,0.0,101241.70670600534,,False
2013-06-21,101241.70670600534,CASH,0.0,101241.70670600534,,False
2013-06-24,101241.70670600534,CASH,0.0,101241.70670600534,,False
2013-06-25,101241.70670600534,CASH,0.0,101241.70670600534,,False
2013-06-26,101241.70670600534,CASH,0.0,101241.70670600534,,False
2013-06-27,101241.70670600534,CASH,0.0,101241.70670600534,,False
2013-06-28,101241.70670600534,CASH,0.0,101241.70670600534,,False
2013-07-01,101241.70670600532,TECL,76927.96743952548,0.0,1.3160585165023804,False
2013-07-02,102132.8711389924,TECL,76927.96743952548,0.0,1.3160585165023804,False
2013-07-03,103618.11156870025,TECL,76927.96743952548,0.0,1.3160585165023804,False
2013-07-05,105697.46467724224,TECL,76927.96743952548,0.0,1.3160585165023804,False
2013-07-08,105330.53349710004,TECL,76927.96743952548,0.0,1.3160585165023804,False
2013-07-09,106588.63828075766,TECL,76927.96743952548,0.0,1.3160585165023804,False
2013-07-10,107497.2633997137,TECL,76927.96743952548,0.0,1.3160585165023804,False
2013-07-11,113106.26116298257,TECL,76927.96743952548,0.0,1.3160585165023804,False
2013-07-12,113141.2192170339,TECL,76927.96743952548,0.0,1.3160585165023804,False
2013-07-15,113875.10908890334,TECL,76927.96743952548,0.0,1.3160585165023804,False
2013-07-16,114329.38955153215,TECL,76927.96743952548,0.0,1.3160585165023804,False
2013-07-17,114661.40853026474,TECL,76927.96743952548,0.0,1.3160585165023804,False
2013-07-18,113700.36467128838,TECL,76927.96743952548,0.0,1.3160585165023804,False
2013-07-19,108038.93899747086,TECL,76927.96743952548,0.0,1.3160585165023804,False
2013-07-22,109104.82033648784,TECL,76927.96743952548,0.0,1.3160585165023804,False
2013-07-23,107706.9475303233,TECL,76927.96743952548,0.0,1.3160585165023804,False
2013-07-24,109733.87272831665,TECL,76927.96743952548,0.0,1.3160585165023804,False
2013-07-25,109786.27312728028,TECL,76927.96743952548,0.0,1.3160585165023804,False
2013-07-26,110345.44609311978,TECL,76927.96743952548,0.0,1.3160585165023804,False
2013-07-29,110188.18987305884,TECL,76927.96743952548,0.0,1.3160585165023804,False
2013-07-30,111743.31889928432,TECL,76927.96743952548,0.0,1.3160585165023804,False
2013-07-31,110834.72129191332,TECL,76927.96743952548,0.0,1.3160585165023804,False
2013-08-01,114311.92886556317,TECL,76927.96743952548,0.0,1.4407597780227661,False
2013-08-02,115639.93141626676,TECL,76927.96743952548,0.0,1.4407597780227661,False
2013-08-05,116566.01722119178,TECL,76927.96743952548,0.0,1.4407597780227661,False
2013-08-06,114836.15294787969,TECL,76927.96743952548,0.0,1.4407597780227661,False
2013-08-07,113805.21132185735,TECL,76927.96743952548,0.0,1.4407597780227661,False
2013-08-08,115045.81873743261,TECL,76927.96743952548,0.0,1.4407597780227661,False
2013-08-09,113176.15893002854,TECL,76927.96743952548,0.0,1.4407597780227661,False
2013-08-12,115377.8193751085,TECL,76927.96743952548,0.0,1.4407597780227661,False
2013-08-13,117649.39592829112,TECL,76927.96743952548,0.0,1.4407597780227661,False
2013-08-14,117579.47064966011,TECL,76927.96743952548,0.0,1.4407597780227661,False
2013-08-15,111708.39752734637,TECL,76927.96743952548,0.0,1.4407597780227661,False
2013-08-16,111428.80645916244,TECL,76927.96743952548,0.0,1.4407597780227661,False
2013-08-19,110502.72065423742,TECL,76927.96743952548,0.0,1.4407597780227661,False
2013-08-20,110974.4801438919,TECL,76927.96743952548,0.0,1.4407597780227661,False
2013-08-21,109908.59880487491,TECL,76927.96743952548,0.0,1.4407597780227661,False
2013-08-22,111568.59282272606,TECL,76927.96743952548,0.0,1.4407597780227661,False
2013-08-23,114032.36530896428,TECL,76927.96743952548,0.0,1.4407597780227661,False
2013-08-26,112494.68779817942,TECL,76927.96743952548,0.0,1.4407597780227661,False
2013-08-27,106448.85191719404,TECL,76927.96743952548,0.0,1.4407597780227661,False
2013-08-28,106728.41547379293,TECL,76927.96743952548,0.0,1.4407597780227661,False
2013-08-29,108370.93963514676,TECL,76927.96743952548,0.0,1.4407597780227661,False
2013-08-30,106903.1415503512,TECL,76927.96743952548,0.0,1.4407597780227661,False
2013-09-03,107077.8951384945,TECL,76927.96743952548,0.0,1.3896524906158447,False
2013-09-04,110100.8130789872,TECL,76927.96743952548,0.0,1.3896524906158447,False
2013-09-05,110153.2318190075,TECL,76927.96743952548,0.0,1.3896524906158447,False
2013-09-06,110607.53979322135,TECL,76927.96743952548,0.0,1.3896524906158447,False
2013-09-09,114364.34760558349,TECL,76927.96743952548,0.0,1.3896524906158447,False
2013-09-10,116653.40318579179,TECL,76927.96743952548,0.0,1.3896524906158447,False
2013-09-11,115185.61427152457,TECL,76927.96743952548,0.0,1.3896524906158447,False
2013-09-12,115552.56379272346,TECL,76927.96743952548,0.0,1.3896524906158447,False
2013-09-13,115657.3829317074,TECL,76927.96743952548,0.0,1.3896524906158447,False
2013-09-16,114871.10183140269,TECL,76927.96743952548,0.0,1.3896524906158447,False
2013-09-17,116915.47854483666,TECL,76927.96743952548,0.0,1.3896524906158447,False
2013-09-18,121144.10087002334,TECL,76927.96743952548,0.0,1.3896524906158447,False
2013-09-19,121703.26466533451,TECL,76927.96743952548,0.0,1.3896524906158447,False
2013-09-20,118994.8591649637,TECL,76927.96743952548,0.0,1.3896524906158447,False
2013-09-23,119728.7398663048,TECL,76927.96743952548,0.0,1.3896524906158447,False
2013-09-24,118890.01251439472,TECL,76927.96743952548,0.0,1.3896524906158447,False
2013-09-25,117736.74521077775,TECL,76927.96743952548,0.0,1.3896524906158447,False
2013-09-26,119099.69664500433,TECL,76927.96743952548,0.0,1.3896524906158447,False
2013-09-27,116670.86387176075,TECL,76927.96743952548,0.0,1.3896524906158447,False
2013-09-30,114958.4511138893,TECL,76927.96743952548,0.0,1.3896524906158447,False
2013-10-01,117876.52240381303,TECL,76927.96743952548,0.0,1.494364857673645,False
2013-10-02,117981.369054382,TECL,76927.96743952548,0.0,1.494364857673645,False
2013-10-03,114783.70669627434,TECL,76927.96743952548,0.0,1.494364857673645,False
2013-10-04,116443.71905518218,TECL,76927.96743952548,0.0,1.494364857673645,False
2013-10-07,114469.2034266808,TECL,76927.96743952548,0.0,1.494364857673645,False
2013-10-08,108912.6152329039,TECL,76927.96743952548,0.0,1.494364857673645,False
2013-10-09,110555.13939425773,TECL,76927.96743952548,0.0,1.494364857673645,False
2013-10-10,115884.53691881432,TECL,76927.96743952548,0.0,1.494364857673645,False
2013-10-11,118610.43061673915,TECL,76927.96743952548,0.0,1.494364857673645,False
2013-10-14,120305.36434758494,TECL,76927.96743952548,0.0,1.494364857673645,False
2013-10-15,118191.08069657662,TECL,76927.96743952548,0.0,1.494364857673645,False
2013-10-16,121353.7758301046,TECL,76927.96743952548,0.0,1.494364857673645,False
2013-10-17,121423.67359715058,TECL,76927.96743952548,0.0,1.494364857673645,False
2013-10-18,127556.87710167927,TECL,76927.96743952548,0.0,1.494364857673645,False
2013-10-21,129793.49560081057,TECL,76927.96743952548,0.0,1.494364857673645,False
2013-10-22,129531.42024176569,TECL,76927.96743952548,0.0,1.494364857673645,False
2013-10-23,127679.20277927392,TECL,76927.96743952548,0.0,1.494364857673645,False
2013-10-24,128570.33970067595,TECL,76927.96743952548,0.0,1.494364857673645,False
2013-10-25,130614.74392569496,TECL,76927.96743952548,0.0,1.494364857673645,False
2013-10-28,131837.91816688626,TECL,76927.96743952548,0.0,1.494364857673645,False
2013-10-29,134266.7050874881,TECL,76927.96743952548,0.0,1.494364857673645,False
2013-10-30,133288.18220148608,TECL,76927.96743952548,0.0,1.494364857673645,False
2013-10-31,132327.18419515147,TECL,76927.96743952548,0.0,1.494364857673645,False
2013-11-01,132624.21760824768,TECL,76927.96743952548,0.0,1.7201440334320068,False
2013-11-04,133829.89448135663,TECL,76927.96743952548,0.0,1.7201440334320068,False
2013-11-05,132833.91090938562,TECL,76927.96743952548,0.0,1.7201440334320068,False
2013-11-06,136590.70038069107,TECL,76927.96743952548,0.0,1.7201440334320068,False
2013-11-07,131296.23339860077,TECL,76927.96743952548,0.0,1.7201440334320068,False
2013-11-08,135000.6041298859,TECL,76927.96743952548,0.0,1.7201440334320068,False
2013-11-11,135192.8184039982,TECL,76927.96743952548,0.0,1.7201440334320068,False
2013-11-12,136468.3930441531,TECL,76927.96743952548,0.0,1.7201440334320068,False
2013-11-13,139945.65564097304,TECL,76927.96743952548,0.0,1.7201440334320068,False
2013-11-14,138739.96959733573,TECL,76927.96743952548,0.0,1.7201440334320068,False
2013-11-15,140102.90269050564,TECL,76927.96743952548,0.0,1.7201440334320068,False
2013-11-18,137813.85628082568,TECL,76927.96743952548,0.0,1.7201440334320068,False
2013-11-19,136765.45396883436,TECL,76927.96743952548,0.0,1.7201440334320068,False
2013-11-20,135087.9900944859,TECL,76927.96743952548,0.0,1.7201440334320068,False
2013-11-21,138635.10460571008,TECL,76927.96743952548,0.0,1.7201440334320068,False
2013-11-22,137953.62430333262,TECL,76927.96743952548,0.0,1.7201440334320068,False
2013-11-25,137586.72063477544,TECL,76927.96743952548,0.0,1.7201440334320068,False
2013-11-26,139369.0128186362,TECL,76927.96743952548,0.0,1.7201440334320068,False
2013-11-27,142566.64766515882,TECL,76927.96743952548,0.0,1.7201440334320068,False
2013-11-29,144593.5820336805,TECL,76927.96743952548,0.0,1.7201440334320068,False
2013-12-02,142356.99104613424,TECL,76927.96743952548,0.0,1.8795970678329468,False
2013-12-03,144051.94311803672,TECL,76927.96743952548,0.0,1.8795970678329468,False
2013-12-04,144348.9673606046,TECL,76927.96743952548,0.0,1.8795970678329468,False
2013-12-05,142898.62996177803,TECL,76927.96743952548,0.0,1.8795970678329468,False
2013-12-06,146183.687455014,TECL,76927.96743952548,0.0,1.8795970678329468,False
2013-12-09,147529.14152115825,TECL,76927.96743952548,0.0,1.8795970678329468,False
2013-12-10,146393.3899266803,TECL,76927.96743952548,0.0,1.8795970678329468,False
2013-12-11,142706.45236977912,TECL,76927.96743952548,0.0,1.8795970678329468,False
2013-12-12,139334.05476458487,TECL,76927.96743952548,0.0,1.8795970678329468,False
2013-12-13,138442.91784318283,TECL,76927.96743952548,0.0,1.8795970678329468,False
2013-12-16,142129.8370590273,TECL,76927.96743952548,0.0,1.8795970678329468,False
2013-12-17,141693.00811183915,TECL,76927.96743952548,0.0,1.8795970678329468,False
2013-12-18,145554.61672212853,TECL,76927.96743952548,0.0,1.8795970678329468,False
2013-12-19,146166.19925746,TECL,76927.96743952548,0.0,1.8795970678329468,False
2013-12-20,149276.5031625527,TECL,76927.96743952548,0.0,1.8795970678329468,False
2013-12-23,155269.97532668783,TECL,76927.96743952548,0.0,1.8795970678329468,False
2013-12-24,157244.4451025475,TECL,76927.96743952548,0.0,1.8795970678329468,False
2013-12-26,158188.0374460832,TECL,76927.96743952548,0.0,1.8795970678329468,False
2013-12-27,157436.64103560307,TECL,76927.96743952548,0.0,1.8795970678329468,False
2013-12-30,156667.76559809726,TECL,76927.96743952548,0.0,1.8795970678329468,False
2013-12-31,159533.50068275578,TECL,76927.96743952548,0.0,1.8795970678329468,False
2014-01-02,154640.91376433067,TQQQ,128848.86303939641,0.0,1.2001729011535645,False
2014-01-03,151272.79239801868,TQQQ,128848.86303939641,0.0,1.2001729011535645,False
2014-01-06,149665.27818228095,TQQQ,128848.86303939641,0.0,1.2001729011535645,False
2014-01-07,153543.7810112949,TQQQ,128848.86303939641,0.0,1.2001729011535645,False
2014-01-08,154691.98570256,TQQQ,128848.86303939641,0.0,1.2001729011535645,False
2014-01-09,153097.20491142143,TQQQ,128848.86303939641,0.0,1.2001729011535645,False
2014-01-10,154628.18033973154,TQQQ,128848.86303939641,0.0,1.2001729011535645,False
2014-01-13,147751.54737690723,TQQQ,128848.86303939641,0.0,1.2001729011535645,False
2014-01-14,156210.19698630815,TQQQ,128848.86303939641,0.0,1.2001729011535645,False
2014-01-15,159858.97593316936,TQQQ,128848.86303939641,0.0,1.2001729011535645,False
2014-01-16,160190.7515318922,TQQQ,128848.86303939641,0.0,1.2001729011535645,False
2014-01-17,157345.7143329184,TQQQ,128848.86303939641,0.0,1.2001729011535645,False
2014-01-21,160866.95935402982,TQQQ,128848.86303939641,0.0,1.2001729011535645,False
2014-01-22,162359.55018876548,TQQQ,128848.86303939641,0.0,1.2001729011535645,False
2014-01-23,160407.61910959438,TQQQ,128848.86303939641,0.0,1.2001729011535645,False
2014-01-24,150902.7090056285,TQQQ,128848.86303939641,0.0,1.2001729011535645,False
2014-01-27,146514.00903368974,TQQQ,128848.86303939641,0.0,1.2001729011535645,False
2014-01-28,146462.92173547897,TQQQ,128848.86303939641,0.0,1.2001729011535645,False
2014-01-29,141844.59004127604,TQQQ,128848.86303939641,0.0,1.2001729011535645,False
2014-01-30,149320.8305988847,TQQQ,128848.86303939641,0.0,1.2001729011535645,False
2014-01-31,148274.63154424544,TQQQ,128848.86303939641,0.0,1.2001729011535645,False
2014-02-03,138450.94038584008,TECL,77975.65576784477,0.0,1.7755662202835083,False
2014-02-04,140735.71806112461,TECL,77975.65576784477,0.0,1.7755662202835083,False
2014-02-05,140594.02793555558,TECL,77975.65576784477,0.0,1.7755662202835083,False
2014-02-06,145411.58515912743,TECL,77975.65576784477,0.0,1.7755662202835083,False
2014-02-07,151522.05199731057,TECL,77975.65576784477,0.0,1.7755662202835083,False
2014-02-10,152885.81132241763,TECL,77975.65576784477,0.0,1.7755662202835083,False
2014-02-11,158146.12811176415,TECL,77975.65576784477,0.0,1.7755662202835083,False
2014-02-12,159651.68910751055,TECL,77975.65576784477,0.0,1.7755662202835083,False
2014-02-13,163937.82702525146,TECL,77975.65576784477,0.0,1.7755662202835083,False
2014-02-14,164345.13384951066,TECL,77975.65576784477,0.0,1.7755662202835083,False
2014-02-18,164841.10041382612,TECL,77975.65576784477,0.0,1.7755662202835083,False
2014-02-19,162644.9267060627,TECL,77975.65576784477,0.0,1.7755662202835083,False
2014-02-20,164894.2330489867,TECL,77975.65576784477,0.0,1.7755662202835083,False
2014-02-21,162945.9496691557,TECL,77975.65576784477,0.0,1.7755662202835083,False
2014-02-24,164717.13665901485,TECL,77975.65576784477,0.0,1.7755662202835083,False
2014-02-25,163176.23446682328,TECL,77975.65576784477,0.0,1.7755662202835083,False
2014-02-26,163335.65096315002,TECL,77975.65576784477,0.0,1.7755662202835083,False
2014-02-27,167179.02931511626,TECL,77975.65576784477,0.0,1.7755662202835083,False
2014-02-28,166399.756863043,TECL,77975.65576784477,0.0,1.7755662202835083,False
2014-03-03,162396.90624221484,TECL,77975.65576784477,0.0,2.1339962482452393,False
2014-03-04,169339.86182643456,TECL,77975.65576784477,0.0,2.1339962482452393,False
2014-03-05,170083.71871868247,TECL,77975.65576784477,0.0,2.1339962482452393,False
2014-03-06,170136.85135384306,TECL,77975.65576784477,0.0,2.1339962482452393,False
2014-03-07,169021.01024293603,TECL,77975.65576784477,0.0,2.1339962482452393,False
2014-03-10,167976.07461505992,TECL,77975.65576784477,0.0,2.1339962482452393,False
2014-03-11,166913.3847301585,TECL,77975.65576784477,0.0,2.1339962482452393,False
2014-03-12,167905.20631371907,TECL,77975.65576784477,0.0,2.1339962482452393,False
2014-03-13,160820.58849019793,TECL,77975.65576784477,0.0,2.1339962482452393,False
2014-03-14,158039.88143228806,TECL,77975.65576784477,0.0,2.1339962482452393,False
2014-03-17,163353.31226595008,TECL,77975.65576784477,0.0,2.1339962482452393,False
2014-03-18,170012.8690081867,TECL,77975.65576784477,0.0,2.1339962482452393,False
2014-03-19,167533.25927675006,TECL,77975.65576784477,0.0,2.1339962482452393,False
2014-03-20,171801.754482536,TECL,77975.65576784477,0.0,2.1339962482452393,False
2014-03-21,169392.95727990504,TECL,77975.65576784477,0.0,2.1339962482452393,False
2014-03-24,168560.53360182612,TECL,77975.65576784477,0.0,2.1339962482452393,False
2014-03-25,171660.11083407962,TECL,77975.65576784477,0.0,2.1339962482452393,False
2014-03-26,165903.8088895726,TECL,77975.65576784477,0.0,2.1339962482452393,False
2014-03-27,163459.61471796132,TECL,77975.65576784477,0.0,2.1339962482452393,False
2014-03-28,165089.08369598386,TECL,77975.65576784477,0.0,2.1339962482452393,False
2014-03-31,169251.25785891348,TECL,77975.65576784477,0.0,2.1339962482452393,False
2014-04-01,175149.20345187688,TQQQ,136531.20261287675,0.0,1.2828510999679565,False
2014-04-02,176528.13701021823,TQQQ,136531.20261287675,0.0,1.2828510999679565,False
2014-04-03,172364.38363082093,TQQQ,136531.20261287675,0.0,1.2828510999679565,False
2014-04-04,157634.2831066892,CASH,0.0,157634.2831066892,,False
2014-04-07,157634.2831066892,CASH,0.0,157634.2831066892,,False
2014-04-08,157634.2831066892,CASH,0.0,157634.2831066892,,False
2014-04-09,157634.2831066892,CASH,0.0,157634.2831066892,,False
2014-04-10,157634.2831066892,CASH,0.0,157634.2831066892,,False
2014-04-11,157634.2831066892,CASH,0.0,157634.2831066892,,False
2014-04-14,157634.2831066892,CASH,0.0,157634.2831066892,,False
2014-04-15,157634.2831066892,CASH,0.0,157634.2831066892,,False
2014-04-16,157634.2831066892,CASH,0.0,157634.2831066892,,False
2014-04-17,157634.2831066892,CASH,0.0,157634.2831066892,,False
2014-04-21,157634.2831066892,CASH,0.0,157634.2831066892,,False
2014-04-22,157634.2831066892,CASH,0.0,157634.2831066892,,False
2014-04-23,157634.2831066892,CASH,0.0,157634.2831066892,,False
2014-04-24,157634.2831066892,CASH,0.0,157634.2831066892,,False
2014-04-25,157634.2831066892,CASH,0.0,157634.2831066892,,False
2014-04-28,157634.2831066892,CASH,0.0,157634.2831066892,,False
2014-04-29,157634.2831066892,CASH,0.0,157634.2831066892,,False
2014-04-30,157634.2831066892,CASH,0.0,157634.2831066892,,False
2014-05-01,157634.2831066892,TECL,72509.783528942,0.0,2.1739726066589355,False
2014-05-02,156843.75209577262,TECL,72509.783528942,0.0,2.1739726066589355,False
2014-05-05,158754.24813929986,TECL,72509.783528942,0.0,2.1739726066589355,False
2014-05-06,153648.55672110815,TECL,72509.783528942,0.0,2.1739726066589355,False
2014-05-07,154192.11594183152,TECL,72509.783528942,0.0,2.1739726066589355,False
2014-05-08,154883.81328870397,TECL,72509.783528942,0.0,2.1739726066589355,False
2014-05-09,155674.37887497968,TECL,72509.783528942,0.0,2.1739726066589355,False
2014-05-12,162031.76744402872,TECL,72509.783528942,0.0,2.1739726066589355,False
2014-05-13,161850.60984992018,TECL,72509.783528942,0.0,2.1739726066589355,False
2014-05-14,160038.9474704371,TECL,72509.783528942,0.0,2.1739726066589355,False
2014-05-15,156514.35264943767,TECL,72509.783528942,0.0,2.1739726066589355,False
2014-05-16,160187.12017194528,TECL,72509.783528942,0.0,2.1739726066589355,False
2014-05-19,163382.35012196886,TECL,72509.783528942,0.0,2.1739726066589355,False
2014-05-20,160269.47867736878,TECL,72509.783528942,0.0,2.1739726066589355,False
2014-05-21,163579.96558701847,TECL,72509.783528942,0.0,2.1739726066589355,False
2014-05-22,164634.06456050577,TECL,72509.783528942,0.0,2.1739726066589355,False
2014-05-23,168685.65700521015,TECL,72509.783528942,0.0,2.1739726066589355,False
2014-05-27,172951.39193662343,TECL,72509.783528942,0.0,2.1739726066589355,False
2014-05-28,171930.24328037736,TECL,72509.783528942,0.0,2.1739726066589355,False
2014-05-29,174400.70455253034,TECL,72509.783528942,0.0,2.1739726066589355,False
2014-05-30,174977.16222745628,TECL,72509.783528942,0.0,2.1739726066589355,False
2014-06-02,174318.43248550463,TECL,72509.783528942,0.0,2.4131524562835693,False
2014-06-03,173396.10020562314,TECL,72509.783528942,0.0,2.4131524562835693,False
2014-06-04,174548.98098011588,TECL,72509.783528942,0.0,2.4131524562835693,False
2014-06-05,178007.6924543124,TECL,72509.783528942,0.0,2.4131524562835693,False
2014-06-06,180264.06310279522,TECL,72509.783528942,0.0,2.4131524562835693,False
2014-06-09,181762.83576992308,TECL,72509.783528942,0.0,2.4131524562835693,False
2014-06-10,182092.2525039376,TECL,72509.783528942,0.0,2.4131524562835693,False
2014-06-11,181054.6286890709,TECL,72509.783528942,0.0,2.4131524562835693,False
2014-06-12,176377.10123054005,TECL,72509.783528942,0.0,2.4131524562835693,False
2014-06-13,179177.03109974624,TECL,72509.783528942,0.0,2.4131524562835693,False
2014-06-16,179687.62271554882,TECL,72509.783528942,0.0,2.4131524562835693,False
2014-06-17,180642.85344963288,TECL,72509.783528942,0.0,2.4131524562835693,False
2014-06-18,183475.69906072118,TECL,72509.783528942,0.0,2.4131524562835693,False
2014-06-19,182421.65195027256,TECL,72509.783528942,0.0,2.4131524562835693,False
2014-06-20,181285.19447136173,TECL,72509.783528942,0.0,2.4131524562835693,False
2014-06-23,182256.88307638685,TECL,72509.783528942,0.0,2.4131524562835693,False
2014-06-24,179638.17995200743,TECL,72509.783528942,0.0,2.4131524562835693,False
2014-06-25,182405.17679165193,TECL,72509.783528942,0.0,2.4131524562835693,False
2014-06-26,181202.85325361777,TECL,72509.783528942,0.0,2.4131524562835693,False
2014-06-27,184200.34672483485,TECL,72509.783528942,0.0,2.4131524562835693,False
2014-06-30,185056.83023327257,TECL,72509.783528942,0.0,2.4131524562835693,False
2014-07-01,190656.6726840054,TECL,72509.783528942,0.0,2.552163600921631,False
2014-07-02,191051.886326425,TECL,72509.783528942,0.0,2.552163600921631,False
2014-07-03,193522.3821739371,TECL,72509.783528942,0.0,2.552163600921631,False
2014-07-07,193670.6413138431,TECL,72509.783528942,0.0,2.552163600921631,False
2014-07-08,188762.58264838054,TECL,72509.783528942,0.0,2.552163600921631,False
2014-07-09,191167.2124367693,TECL,72509.783528942,0.0,2.552163600921631,False
2014-07-10,190327.22137463177,TECL,72509.783528942,0.0,2.552163600921631,False
2014-07-11,192451.87719254743,TECL,72509.783528942,0.0,2.552163600921631,False
2014-07-14,197063.43486587759,TECL,72509.783528942,0.0,2.552163600921631,False
2014-07-15,196503.4350618927,TECL,72509.783528942,0.0,2.552163600921631,False
2014-07-16,201246.84586722648,TECL,72509.783528942,0.0,2.552163600921631,False
2014-07-17,193440.07553155228,TECL,72509.783528942,0.0,2.552163600921631,False
2014-07-18,200983.32976769443,TECL,72509.783528942,0.0,2.552163600921631,False
2014-07-21,199863.33015972466,TECL,72509.783528942,0.0,2.552163600921631,False
2014-07-22,205034.92221239881,TECL,72509.783528942,0.0,2.552163600921631,False
2014-07-23,205924.33875039822,TECL,72509.783528942,0.0,2.552163600921631,False
2014-07-24,204952.5637069753,TECL,72509.783528942,0.0,2.552163600921631,False
2014-07-25,204227.9333305412,TECL,72509.783528942,0.0,2.552163600921631,False
2014-07-28,205710.19626368934,TECL,72509.783528942,0.0,2.552163600921631,False
2014-07-29,204672.5897365022,TECL,72509.783528942,0.0,2.552163600921631,False
2014-07-30,205281.9458656307,TECL,72509.783528942,0.0,2.552163600921631,False
2014-07-31,193291.8163916463,TECL,72509.783528942,0.0,2.552163600921631,False
2014-08-01,190211.91255196702,TQQQ,126079.93345922767,0.0,1.5086612701416016,False
2014-08-04,194107.55723975046,TQQQ,126079.93345922767,0.0,1.5086612701416016,False
2014-08-05,189562.59084265537,TQQQ,126079.93345922767,0.0,1.5086612701416016,False
2014-08-06,189238.0502271939,TQQQ,126079.93345922767,0.0,1.5086612701416016,False
2014-08-07,187415.08877168942,TQQQ,126079.93345922767,0.0,1.5086612701416016,False
2014-08-08,191410.5770804848,TQQQ,126079.93345922767,0.0,1.5086612701416016,False
2014-08-11,194881.65717300327,TQQQ,126079.93345922767,0.0,1.5086612701416016,False
2014-08-12,194432.1730047084,TQQQ,126079.93345922767,0.0,1.5086612701416016,False
2014-08-13,200750.17153185236,TQQQ,126079.93345922767,0.0,1.5086612701416016,False
2014-08-14,203846.6464143601,TQQQ,126079.93345922767,0.0,1.5086612701416016,False
2014-08-15,206618.56565150706,TQQQ,126079.93345922767,0.0,1.5086612701416016,False
2014-08-18,211612.98615709844,TQQQ,126079.93345922767,0.0,1.5086612701416016,False
2014-08-19,215258.83391861088,TQQQ,126079.93345922767,0.0,1.5086612701416016,False
2014-08-20,215258.83391861088,TQQQ,126079.93345922767,0.0,1.5086612701416016,False
2014-08-21,216482.5382593529,TQQQ,126079.93345922767,0.0,1.5086612701416016,False
2014-08-22,217331.54721068844,TQQQ,126079.93345922767,0.0,1.5086612701416016,False
2014-08-25,219753.82590055247,TQQQ,126079.93345922767,0.0,1.5086612701416016,False
2014-08-26,220502.9912308761,TQQQ,126079.93345922767,0.0,1.5086612701416016,False
2014-08-27,220528.00098330178,TQQQ,126079.93345922767,0.0,1.5086612701416016,False
2014-08-28,219629.03264671203,TQQQ,126079.93345922767,0.0,1.5086612701416016,False
2014-08-29,222201.0993129429,TQQQ,126079.93345922767,0.0,1.5086612701416016,False
2014-09-02,224049.0404610745,TECL,76310.13549528894,0.0,2.93603253364563,False
2014-09-03,220426.44569952693,TECL,76310.13549528894,0.0,2.93603253364563,False
2014-09-04,219369.09748765573,TECL,76310.13549528894,0.0,2.93603253364563,False
2014-09-05,223407.7288236554,TECL,76310.13549528894,0.0,2.93603253364563,False
2014-09-08,223927.7427026509,TECL,76310.13549528894,0.0,2.93603253364563,False
2014-09-09,219351.7406462674,TECL,76310.13549528894,0.0,2.93603253364563,False
2014-09-10,223997.11548694206,TECL,76310.13549528894,0.0,2.93603253364563,False
2014-09-11,225002.4113684023,TECL,76310.13549528894,0.0,2.93603253364563,False
2014-09-12,221553.05753316483,TECL,76310.13549528894,0.0,2.93603253364563,False
2014-09-15,217878.46502246853,TECL,76310.13549528894,0.0,2.93603253364563,False
2014-09-16,222714.38304957942,TECL,76310.13549528894,0.0,2.93603253364563,False
2014-09-17,224118.43143911974,TECL,76310.13549528894,0.0,2.93603253364563,False
2014-09-18,228642.3629713382,TECL,76310.13549528894,0.0,2.93603253364563,False
2014-09-19,227151.69411864286,TECL,76310.13549528894,0.0,2.93603253364563,False
2014-09-22,222125.08735506315,TECL,76310.13549528894,0.0,2.93603253364563,False
2014-09-23,220651.73895624798,TECL,76310.13549528894,0.0,2.93603253364563,False
2014-09-24,224690.4066797558,TECL,76310.13549528894,0.0,2.93603253364563,False
2014-09-25,210754.55506404294,TECL,76310.13549528894,0.0,2.93603253364563,False
2014-09-26,217115.80104536362,TECL,76310.13549528894,0.0,2.93603253364563,False
2014-09-29,216682.49859829355,TECL,76310.13549528894,0.0,2.93603253364563,False
2014-09-30,218710.46539635645,TECL,76310.13549528894,0.0,2.93603253364563,False
2014-10-01,208535.844948249,TQQQ,127821.46504369023,0.0,1.6314618587493896,False
2014-10-02,208434.53077060767,TQQQ,127821.46504369023,0.0,1.6314618587493896,False
2014-10-03,214713.14513323523,TQQQ,127821.46504369023,0.0,1.6314618587493896,False
2014-10-06,213244.8133389727,TQQQ,127821.46504369023,0.0,1.6314618587493896,False
2014-10-07,204231.95041801818,TQQQ,127821.46504369023,0.0,1.6314618587493896,False
2014-10-08,216029.6351798371,TQQQ,127821.46504369023,0.0,1.6314618587493896,False
2014-10-09,205269.99027929627,TQQQ,127821.46504369023,0.0,1.6314618587493896,False
2014-10-10,189902.46260308253,TQQQ,127821.46504369023,0.0,1.6314618587493896,False
2014-10-13,187682.2604534241,CASH,0.0,187682.2604534241,,False
2014-10-14,187682.2604534241,CASH,0.0,187682.2604534241,,False
2014-10-15,187682.2604534241,CASH,0.0,187682.2604534241,,False
2014-10-16,187682.2604534241,CASH,0.0,187682.2604534241,,False
2014-10-17,187682.2604534241,CASH,0.0,187682.2604534241,,False
2014-10-20,187682.2604534241,CASH,0.0,187682.2604534241,,False
2014-10-21,187682.2604534241,CASH,0.0,187682.2604534241,,False
2014-10-22,187682.2604534241,CASH,0.0,187682.2604534241,,False
2014-10-23,187682.2604534241,CASH,0.0,187682.2604534241,,False
2014-10-24,187682.2604534241,CASH,0.0,187682.2604534241,,False
2014-10-27,187682.2604534241,CASH,0.0,187682.2604534241,,False
2014-10-28,187682.2604534241,CASH,0.0,187682.2604534241,,False
2014-10-29,187682.2604534241,CASH,0.0,187682.2604534241,,False
2014-10-30,187682.2604534241,CASH,0.0,187682.2604534241,,False
2014-10-31,187682.2604534241,CASH,0.0,187682.2604534241,,False
2014-11-03,187682.2604534241,TECL,62511.6102616096,0.0,3.0023584365844727,False
2014-11-04,187866.86052168338,TECL,62511.6102616096,0.0,3.0023584365844727,False
2014-11-05,189258.3807843266,TECL,62511.6102616096,0.0,3.0023584365844727,False
2014-11-06,189144.76813130378,TECL,62511.6102616096,0.0,3.0023584365844727,False
2014-11-07,189528.12700065353,TECL,62511.6102616096,0.0,3.0023584365844727,False
2014-11-10,190976.4312339142,TECL,62511.6102616096,0.0,3.0023584365844727,False
2014-11-11,191232.01871740998,TECL,62511.6102616096,0.0,3.0023584365844727,False
2014-11-12,193461.22923005986,TECL,62511.6102616096,0.0,3.0023584365844727,False
2014-11-13,196443.04346036603,TECL,62511.6102616096,0.0,3.0023584365844727,False
2014-11-14,200688.54695174424,TECL,62511.6102616096,0.0,3.0023584365844727,False
2014-11-17,199396.46570536343,TECL,62511.6102616096,0.0,3.0023584365844727,False
2014-11-18,201796.04303379502,TECL,62511.6102616096,0.0,3.0023584365844727,False
2014-11-19,197564.75789096512,TECL,62511.6102616096,0.0,3.0023584365844727,False
2014-11-20,200532.36867665223,TECL,62511.6102616096,0.0,3.0023584365844727,False
2014-11-21,201341.6520374209,TECL,62511.6102616096,0.0,3.0023584365844727,False
2014-11-24,204579.03884729353,TECL,62511.6102616096,0.0,3.0023584365844727,False
2014-11-25,205232.1886447581,TECL,62511.6102616096,0.0,3.0023584365844727,False
2014-11-26,210145.06028214918,TECL,62511.6102616096,0.0,3.0023584365844727,False
2014-11-28,213254.66080223856,TECL,62511.6102616096,0.0,3.0023584365844727,False
2014-12-01,206396.52831314353,TQQQ,102676.54647505029,0.0,2.010162353515625,False
2014-12-02,208613.1185397166,TQQQ,102676.54647505029,0.0,2.010162353515625,False
2014-12-03,210504.4920152099,TQQQ,102676.54647505029,0.0,2.010162353515625,False
2014-12-04,209874.0831500381,TQQQ,102676.54647505029,0.0,2.010162353515625,False
2014-12-05,210016.33640863988,TQQQ,102676.54647505029,0.0,2.010162353515625,False
2014-12-08,205481.34365080867,TQQQ,102676.54647505029,0.0,2.010162353515625,False
2014-12-09,207474.33359101645,TQQQ,102676.54647505029,0.0,2.010162353515625,False
2014-12-10,197428.0491022122,TQQQ,102676.54647505029,0.0,2.010162353515625,False
2014-12-11,200519.2606372218,TQQQ,102676.54647505029,0.0,2.010162353515625,False
2014-12-12,193889.4533944996,TQQQ,102676.54647505029,0.0,2.010162353515625,False
2014-12-15,188073.23882939405,TQQQ,102676.54647505029,0.0,2.010162353515625,False
2014-12-16,184331.18552761406,CASH,0.0,184331.18552761406,,False
2014-12-17,184331.18552761406,CASH,0.0,184331.18552761406,,False
2014-12-18,184331.18552761406,CASH,0.0,184331.18552761406,,False
2014-12-19,184331.18552761406,CASH,0.0,184331.18552761406,,False
2014-12-22,184331.18552761406,CASH,0.0,184331.18552761406,,False
2014-12-23,184331.18552761406,CASH,0.0,184331.18552761406,,False
2014-12-24,184331.18552761406,CASH,0.0,184331.18552761406,,False
2014-12-26,184331.18552761406,CASH,0.0,184331.18552761406,,False
2014-12-29,184331.18552761406,CASH,0.0,184331.18552761406,,False
2014-12-30,184331.18552761406,CASH,0.0,184331.18552761406,,False
2014-12-31,184331.18552761406,CASH,0.0,184331.18552761406,,False
2015-01-02,184331.18552761406,TQQQ,96275.48204711505,0.0,1.9146223068237305,False
2015-01-05,176034.87877964898,TQQQ,96275.48204711505,0.0,1.9146223068237305,False
2015-01-06,169054.51703370592,TQQQ,96275.48204711505,0.0,1.9146223068237305,False
2015-01-07,175558.01226269433,TQQQ,96275.48204711505,0.0,1.9146223068237305,False
2015-01-08,185570.83188692338,TQQQ,96275.48204711505,0.0,1.9146223068237305,False
2015-01-09,181813.7090568436,TQQQ,96275.48204711505,0.0,1.9146223068237305,False
2015-01-12,176225.56800177172,TQQQ,96275.48204711505,0.0,1.9146223068237305,False
2015-01-13,176072.95923941443,TQQQ,96275.48204711505,0.0,1.9146223068237305,False
2015-01-14,173364.74763879395,TQQQ,96275.48204711505,0.0,1.9146223068237305,False
2015-01-15,165898.06697485264,CASH,0.0,165898.06697485264,,False
2015-01-16,165898.06697485264,CASH,0.0,165898.06697485264,,False
2015-01-20,165898.06697485264,CASH,0.0,165898.06697485264,,False
2015-01-21,165898.06697485264,CASH,0.0,165898.06697485264,,False
2015-01-22,165898.06697485264,CASH,0.0,165898.06697485264,,False
2015-01-23,165898.06697485264,CASH,0.0,165898.06697485264,,False
2015-01-26,165898.06697485264,CASH,0.0,165898.06697485264,,False
2015-01-27,165898.06697485264,CASH,0.0,165898.06697485264,,False
2015-01-28,165898.06697485264,CASH,0.0,165898.06697485264,,False
2015-01-29,165898.06697485264,CASH,0.0,165898.06697485264,,False
2015-01-30,165898.06697485264,CASH,0.0,165898.06697485264,,False
2015-02-02,165898.06697485264,TECL,57266.16617399964,0.0,2.8969647884368896,False
2015-02-03,171673.4204760776,TECL,57266.16617399964,0.0,2.8969647884368896,False
2015-02-04,172505.8905793322,TECL,57266.16617399964,0.0,2.8969647884368896,False
2015-02-05,177162.60043265557,TECL,57266.16617399964,0.0,2.8969647884368896,False
2015-02-06,175692.71152666296,TECL,57266.16617399964,0.0,2.8969647884368896,False
2015-02-09,174951.30905426692,TECL,57266.16617399964,0.0,2.8969647884368896,False
2015-02-10,182391.61641531903,TECL,57266.16617399964,0.0,2.8969647884368896,False
2015-02-11,184368.7533905256,TECL,57266.16617399964,0.0,2.8969647884368896,False
2015-02-12,192446.38398108995,TECL,57266.16617399964,0.0,2.8969647884368896,False
2015-02-13,196088.5567360315,TECL,57266.16617399964,0.0,2.8969647884368896,False
2015-02-17,196127.55061215322,TECL,57266.16617399964,0.0,2.8969647884368896,False
2015-02-18,196777.9264136446,TECL,57266.16617399964,0.0,2.8969647884368896,False
2015-02-19,198533.9479043303,TECL,57266.16617399964,0.0,2.8969647884368896,False
2015-02-20,201889.89250135297,TECL,57266.16617399964,0.0,2.8969647884368896,False
2015-02-23,202423.23206120724,TECL,57266.16617399964,0.0,2.8969647884368896,False
2015-02-24,203932.08753668566,TECL,57266.16617399964,0.0,2.8969647884368896,False
2015-02-25,200511.08487953688,TECL,57266.16617399964,0.0,2.8969647884368896,False
2015-02-26,204634.49613295993,TECL,57266.16617399964,0.0,2.8969647884368896,False
2015-02-27,201980.94647889357,TECL,57266.16617399964,0.0,2.8969647884368896,False
2015-03-02,207209.93515492108,TECL,57266.16617399964,0.0,3.527055501937866,False
2015-03-03,202774.40905270842,TECL,57266.16617399964,0.0,3.527055501937866,False
2015-03-04,199938.7924035148,TECL,57266.16617399964,0.0,3.527055501937866,False
2015-03-05,199418.4371490498,TECL,57266.16617399964,0.0,3.527055501937866,False
2015-03-06,192147.26709100758,TECL,57266.16617399964,0.0,3.527055501937866,False
2015-03-09,194761.74094904438,TECL,57266.16617399964,0.0,3.527055501937866,False
2015-03-10,183133.05984766895,TECL,57266.16617399964,0.0,3.527055501937866,False
2015-03-11,181782.85183100423,CASH,0.0,181782.85183100423,,False
2015-03-12,181782.85183100423,CASH,0.0,181782.85183100423,,False
2015-03-13,181782.85183100423,CASH,0.0,181782.85183100423,,False
2015-03-16,181782.85183100423,CASH,0.0,181782.85183100423,,False
2015-03-17,181782.85183100423,CASH,0.0,181782.85183100423,,False
2015-03-18,181782.85183100423,CASH,0.0,181782.85183100423,,False
2015-03-19,181782.85183100423,CASH,0.0,181782.85183100423,,False
2015-03-20,181782.85183100423,CASH,0.0,181782.85183100423,,False
2015-03-23,181782.85183100423,CASH,0.0,181782.85183100423,,False
2015-03-24,181782.85183100423,CASH,0.0,181782.85183100423,,False
2015-03-25,181782.85183100423,CASH,0.0,181782.85183100423,,False
2015-03-26,181782.85183100423,CASH,0.0,181782.85183100423,,False
2015-03-27,181782.85183100423,CASH,0.0,181782.85183100423,,False
2015-03-30,181782.85183100423,CASH,0.0,181782.85183100423,,False
2015-03-31,181782.85183100423,CASH,0.0,181782.85183100423,,False
2015-04-01,181782.85183100423,TECL,58102.67175884941,0.0,3.1286487579345703,False
2015-04-02,182851.88289844766,TECL,58102.67175884941,0.0,3.1286487579345703,False
2015-04-06,186811.13921734985,TECL,58102.67175884941,0.0,3.1286487579345703,False
2015-04-07,185900.5282725857,TECL,58102.67175884941,0.0,3.1286487579345703,False
2015-04-08,187418.2639739662,TECL,58102.67175884941,0.0,3.1286487579345703,False
2015-04-09,189608.99428884836,TECL,58102.67175884941,0.0,3.1286487579345703,False
2015-04-10,191417.09761802535,TECL,58102.67175884941,0.0,3.1286487579345703,False
2015-04-13,189859.7845914879,TECL,58102.67175884941,0.0,3.1286487579345703,False
2015-04-14,187787.7446938072,TECL,58102.67175884941,0.0,3.1286487579345703,False
2015-04-15,192578.44345440323,TECL,58102.67175884941,0.0,3.1286487579345703,False
2015-04-16,190823.16068554248,TECL,58102.67175884941,0.0,3.1286487579345703,False
2015-04-17,182614.34968372382,TECL,58102.67175884941,0.0,3.1286487579345703,False
2015-04-20,192063.75814152934,TECL,58102.67175884941,0.0,3.1286487579345703,False
2015-04-21,191456.67494318227,TECL,58102.67175884941,0.0,3.1286487579345703,False
2015-04-22,197369.16992051213,TECL,58102.67175884941,0.0,3.1286487579345703,False
2015-04-23,200127.43381409728,TECL,58102.67175884941,0.0,3.1286487579345703,False
2015-04-24,204799.38674646604,TECL,58102.67175884941,0.0,3.1286487579345703,False
2015-04-27,207069.3409754443,TECL,58102.67175884941,0.0,3.1286487579345703,False
2015-04-28,208903.79224737536,TECL,58102.67175884941,0.0,3.1286487579345703,False
2015-04-29,206105.9233231204,TECL,58102.67175884941,0.0,3.1286487579345703,False
2015-04-30,197593.51531110247,TECL,58102.67175884941,0.0,3.1286487579345703,False
2015-05-01,204416.62123319643,TQQQ,91568.19790268324,0.0,2.2323975563049316,False
2015-05-04,205142.171286101,TQQQ,91568.19790268324,0.0,2.2323975563049316,False
2015-05-05,195418.50378253768,TQQQ,91568.19790268324,0.0,2.2323975563049316,False
2015-05-06,191245.96877888692,TQQQ,91568.19790268324,0.0,2.2323975563049316,False
2015-05-07,194529.50084264702,TQQQ,91568.19790268324,0.0,2.2323975563049316,False
2015-05-08,201659.01144103982,TQQQ,91568.19790268324,0.0,2.2323975563049316,False
2015-05-11,199445.83708305706,TQQQ,91568.19790268324,0.0,2.2323975563049316,False
2015-05-12,196869.73487770458,TQQQ,91568.19790268324,0.0,2.2323975563049316,False
2015-05-13,197885.66650531226,TQQQ,91568.19790268324,0.0,2.2323975563049316,False
2015-05-14,206647.93761723576,TQQQ,91568.19790268324,0.0,2.2323975563049316,False
2015-05-15,206629.7955911792,TQQQ,91568.19790268324,0.0,2.2323975563049316,False
2015-05-18,209169.59191285892,TQQQ,91568.19790268324,0.0,2.2323975563049316,False
2015-05-19,208570.8613898732,TQQQ,91568.19790268324,0.0,2.2323975563049316,False
2015-05-20,208915.64721118635,TQQQ,91568.19790268324,0.0,2.2323975563049316,False
2015-05-21,212199.2011065061,TQQQ,91568.19790268324,0.0,2.2323975563049316,False
2015-05-22,211618.6344411366,TQQQ,91568.19790268324,0.0,2.2323975563049316,False
2015-05-26,204289.60521924088,TQQQ,91568.19790268324,0.0,2.2323975563049316,False
2015-05-27,214122.14671070318,TQQQ,91568.19790268324,0.0,2.2323975563049316,False
2015-05-28,212543.8341069018,TQQQ,91568.19790268324,0.0,2.2323975563049316,False
2015-05-29,208951.86576862057,TQQQ,91568.19790268324,0.0,2.2323975563049316,False
2015-06-01,210784.16673721376,TECL,58659.01359854171,0.0,3.5933806896209717,False
2015-06-02,209505.1181161152,TECL,58659.01359854171,0.0,3.5933806896209717,False
2015-06-03,210784.16673721376,TECL,58659.01359854171,0.0,3.5933806896209717,False
2015-06-04,205188.13322432607,TECL,58659.01359854171,0.0,3.5933806896209717,False
2015-06-05,203109.6232734462,TECL,58659.01359854171,0.0,3.5933806896209717,False
2015-06-08,196554.2473531399,TECL,58659.01359854171,0.0,3.5933806896209717,False
2015-06-09,195275.1427904466,TECL,58659.01359854171,0.0,3.5933806896209717,False
2015-06-10,203535.99612281017,TECL,58659.01359854171,0.0,3.5933806896209717,False
2015-06-11,204175.52043335946,TECL,58659.01359854171,0.0,3.5933806896209717,False
2015-06-12,198899.29103194244,TECL,58659.01359854171,0.0,3.5933806896209717,False
2015-06-15,195328.46911558928,TECL,58659.01359854171,0.0,3.5933806896209717,False
2015-06-16,198526.21653692378,TECL,58659.01359854171,0.0,3.5933806896209717,False
2015-06-17,199751.99477447438,TECL,58659.01359854171,0.0,3.5933806896209717,False
2015-06-18,204228.81878770477,TECL,58659.01359854171,0.0,3.5933806896209717,False
2015-06-19,200071.756929749,TECL,58659.01359854171,0.0,3.5933806896209717,False
2015-06-22,203855.7722634835,TECL,58659.01359854171,0.0,3.5933806896209717,False
2015-06-23,204868.39903984877,TECL,58659.01359854171,0.0,3.5933806896209717,False
2015-06-24,202096.9964970809,TECL,58659.01359854171,0.0,3.5933806896209717,False
2015-06-25,200711.30921109565,TECL,58659.01359854171,0.0,3.5933806896209717,False
2015-06-26,195754.78602335858,TECL,58659.01359854171,0.0,3.5933806896209717,False
2015-06-29,189519.23663495612,CASH,0.0,189519.23663495612,,False
2015-06-30,189519.23663495612,CASH,0.0,189519.23663495612,,False
2015-07-01,189519.23663495612,TECL,59309.470876287465,0.0,3.195429563522339,False
2015-07-02,189680.8340378087,TECL,59309.470876287465,0.0,3.195429563522339,False
2015-07-06,187740.91575814967,TECL,59309.470876287465,0.0,3.195429563522339,False
2015-07-07,188441.44926661308,TECL,59309.470876287465,0.0,3.195429563522339,False
2015-07-08,179280.7232715299,TECL,59309.470876287465,0.0,3.195429563522339,False
2015-07-09,177179.15102709917,TECL,59309.470876287465,0.0,3.195429563522339,False
2015-07-10,185531.5930578442,TECL,59309.470876287465,0.0,3.195429563522339,False
2015-07-13,193991.74312302467,TECL,59309.470876287465,0.0,3.195429563522339,False
2015-07-14,196201.12238524924,TECL,59309.470876287465,0.0,3.195429563522339,False
2015-07-15,196308.872841124,TECL,59309.470876287465,0.0,3.195429563522339,False
2015-07-16,203745.2804516561,TECL,59309.470876287465,0.0,3.195429563522339,False
2015-07-17,212798.19942894543,TECL,59309.470876287465,0.0,3.195429563522339,False
2015-07-20,215869.7520239253,TECL,59309.470876287465,0.0,3.195429563522339,False
2015-07-21,212367.11276256776,TECL,59309.470876287465,0.0,3.195429563522339,False
2015-07-22,202074.78073312325,TECL,59309.470876287465,0.0,3.195429563522339,False
2015-07-23,200404.28101459044,TECL,59309.470876287465,0.0,3.195429563522339,False
2015-07-24,197278.86733215293,TECL,59309.470876287465,0.0,3.195429563522339,False
2015-07-27,192105.77077370186,TECL,59309.470876287465,0.0,3.195429563522339,False
2015-07-28,197063.3239989641,TECL,59309.470876287465,0.0,3.195429563522339,False
2015-07-29,201158.703891471,TECL,59309.470876287465,0.0,3.195429563522339,False
2015-07-30,201913.09848739204,TECL,59309.470876287465,0.0,3.195429563522339,False
2015-07-31,200188.7235409218,TECL,59309.470876287465,0.0,3.195429563522339,False
2015-08-03,197063.3239989641,TECL,59309.470876287465,0.0,3.3753247261047363,False
2015-08-04,193399.03077283487,TECL,59309.470876287465,0.0,3.3753247261047363,False
2015-08-05,198464.39101589096,TECL,59309.470876287465,0.0,3.3753247261047363,False
2015-08-06,193237.36266758342,TECL,59309.470876287465,0.0,3.3753247261047363,False
2015-08-07,193237.36266758342,TECL,59309.470876287465,0.0,3.3753247261047363,False
2015-08-10,202505.8108375818,TECL,59309.470876287465,0.0,3.3753247261047363,False
2015-08-11,193506.7953691894,TECL,59309.470876287465,0.0,3.3753247261047363,False
2015-08-12,195823.92508728872,TECL,59309.470876287465,0.0,3.3753247261047363,False
2015-08-13,194638.42968451025,TECL,59309.470876287465,0.0,3.3753247261047363,False
2015-08-14,197063.3239989641,TECL,59309.470876287465,0.0,3.3753247261047363,False
2015-08-17,200512.03147046518,TECL,59309.470876287465,0.0,3.3753247261047363,False
2015-08-18,197656.07877059322,TECL,59309.470876287465,0.0,3.3753247261047363,False
2015-08-19,193560.7130185661,TECL,59309.470876287465,0.0,3.3753247261047363,False
2015-08-20,180169.85118682965,CASH,0.0,180169.85118682965,,False
2015-08-21,180169.85118682965,CASH,0.0,180169.85118682965,,False
2015-08-24,180169.85118682965,CASH,0.0,180169.85118682965,,False
2015-08-25,180169.85118682965,CASH,0.0,180169.85118682965,,False
2015-08-26,180169.85118682965,CASH,0.0,180169.85118682965,,False
2015-08-27,180169.85118682965,CASH,0.0,180169.85118682965,,False
2015-08-28,180169.85118682965,CASH,0.0,180169.85118682965,,False
2015-08-31,180169.85118682965,CASH,0.0,180169.85118682965,,False
2015-09-01,180169.85118682965,IEF,2155.1206573581167,0.0,83.60081862316389,False
2015-09-02,179680.0928699498,IEF,2155.1206573581167,0.0,83.60081862316389,False
2015-09-03,180119.255154432,IEF,2155.1206573581167,0.0,83.60081862316389,False
2015-09-04,180676.7070158046,IEF,2155.1206573581167,0.0,83.60081862316389,False
2015-09-08,179882.82525148423,IEF,2155.1206573581167,0.0,83.60081862316389,False
2015-09-09,179950.3861285698,IEF,2155.1206573581167,0.0,83.60081862316389,False
2015-09-10,179544.93794892688,IEF,2155.1206573581167,0.0,83.60081862316389,False
2015-09-11,180017.84750510004,IEF,2155.1206573581167,0.0,83.60081862316389,False
2015-09-14,180186.76628123992,IEF,2155.1206573581167,0.0,83.60081862316389,False
2015-09-15,178768.08736299793,IEF,2155.1206573581167,0.0,83.60081862316389,False
2015-09-16,178717.34207976723,IEF,2155.1206573581167,0.0,83.60081862316389,False
2015-09-17,180203.68137565017,IEF,2155.1206573581167,0.0,83.60081862316389,False
2015-09-18,181048.22550607176,IEF,2155.1206573581167,0.0,83.60081862316389,False
2015-09-21,180017.84750510004,IEF,2155.1206573581167,0.0,83.60081862316389,False
2015-09-22,180913.07058504882,IEF,2155.1206573581167,0.0,83.60081862316389,False
2015-09-23,180710.40453721795,IEF,2155.1206573581167,0.0,83.60081862316389,False
2015-09-24,180980.6148787085,IEF,2155.1206573581167,0.0,83.60081862316389,False
2015-09-25,180507.75507281296,IEF,2155.1206573581167,0.0,83.60081862316389,False
2015-09-28,181538.06674008115,IEF,2155.1206573581167,0.0,83.60081862316389,False
2015-09-29,182163.0131448358,IEF,2155.1206573581167,0.0,83.60081862316389,False
2015-09-30,182196.79358337855,IEF,2155.1206573581167,0.0,83.60081862316389,False
2015-10-01,182338.79745929508,IEF,2155.1206573581167,0.0,84.54134248182972,False
2015-10-02,183218.46528575677,IEF,2155.1206573581167,0.0,84.54134248182972,False
2015-10-05,182203.55962114263,IEF,2155.1206573581167,0.0,84.54134248182972,False
2015-10-06,182575.70828159372,IEF,2155.1206573581167,0.0,84.54134248182972,False
2015-10-07,182118.8846485361,IEF,2155.1206573581167,0.0,84.54134248182972,False
2015-10-08,181645.39467245666,IEF,2155.1206573581167,0.0,84.54134248182972,False
2015-10-09,181746.8189052145,IEF,2155.1206573581167,0.0,84.54134248182972,False
2015-10-12,182355.82863768653,IEF,2155.1206573581167,0.0,84.54134248182972,False
2015-10-13,182524.91324808536,IEF,2155.1206573581167,0.0,84.54134248182972,False
2015-10-14,183523.0033188446,IEF,2155.1206573581167,0.0,84.54134248182972,False
2015-10-15,182897.0287416846,IEF,2155.1206573581167,0.0,84.54134248182972,False
2015-10-16,182744.80947541838,IEF,2155.1206573581167,0.0,84.54134248182972,False
2015-10-19,182660.26717021898,IEF,2155.1206573581167,0.0,84.54134248182972,False
2015-10-20,182034.27600963312,IEF,2155.1206573581167,0.0,84.54134248182972,False
2015-10-21,182660.26717021898,IEF,2155.1206573581167,0.0,84.54134248182972,False
2015-10-22,182846.3000418798,IEF,2155.1206573581167,0.0,84.54134248182972,False
2015-10-23,181814.46269942954,IEF,2155.1206573581167,0.0,84.54134248182972,False
2015-10-26,182288.15167661972,IEF,2155.1206573581167,0.0,84.54134248182972,False
2015-10-27,182744.80947541838,IEF,2155.1206573581167,0.0,84.54134248182972,False
2015-10-28,181797.5476050193,IEF,2155.1206573581167,0.0,84.54134248182972,False
2015-10-29,180681.0518733884,IEF,2155.1206573581167,0.0,84.54134248182972,False
2015-10-30,181036.35177313283,IEF,2155.1206573581167,0.0,84.54134248182972,False
2015-11-02,180516.19603659218,TECL,50184.997529396234,0.0,3.597015142440796,False
2015-11-03,183206.40272154205,TECL,50184.997529396234,0.0,3.597015142440796,False
2015-11-04,183479.98326518163,TECL,50184.997529396234,0.0,3.597015142440796,False
2015-11-05,182431.2478770334,TECL,50184.997529396234,0.0,3.597015142440796,False
2015-11-06,183935.93488453317,TECL,50184.997529396234,0.0,3.597015142440796,False
2015-11-09,178874.73670482635,TECL,50184.997529396234,0.0,3.597015142440796,False
2015-11-10,175728.57840052494,TECL,50184.997529396234,0.0,3.597015142440796,False
2015-11-11,175318.20160254766,TECL,50184.997529396234,0.0,3.597015142440796,False
2015-11-12,170712.94307715658,TECL,50184.997529396234,0.0,3.597015142440796,False
2015-11-13,162464.57643293295,CASH,0.0,162464.57643293295,,False
2015-11-16,162464.57643293295,CASH,0.0,162464.57643293295,,False
2015-11-17,162464.57643293295,CASH,0.0,162464.57643293295,,False
2015-11-18,162464.57643293295,CASH,0.0,162464.57643293295,,False
2015-11-19,162464.57643293295,CASH,0.0,162464.57643293295,,False
2015-11-20,162464.57643293295,CASH,0.0,162464.57643293295,,False
2015-11-23,162464.57643293295,CASH,0.0,162464.57643293295,,False
2015-11-24,162464.57643293295,CASH,0.0,162464.57643293295,,False
2015-11-25,162464.57643293295,CASH,0.0,162464.57643293295,,False
2015-11-27,162464.57643293295,CASH,0.0,162464.57643293295,,False
2015-11-30,162464.57643293295,CASH,0.0,162464.57643293295,,False
2015-12-01,162464.57643293295,TECL,44492.19818263743,0.0,3.651529550552368,False
2015-12-02,159473.16501594931,TECL,44492.19818263743,0.0,3.651529550552368,False
2015-12-03,153409.5640387762,TECL,44492.19818263743,0.0,3.651529550552368,False
2015-12-04,164445.32227249327,TECL,44492.19818263743,0.0,3.651529550552368,False
2015-12-07,162302.86103002122,TECL,44492.19818263743,0.0,3.651529550552368,False
2015-12-08,161130.58612735287,TECL,44492.19818263743,0.0,3.651529550552368,False
2015-12-09,154096.77759484274,TECL,44492.19818263743,0.0,3.651529550552368,False
2015-12-10,155188.2107077052,TECL,44492.19818263743,0.0,3.651529550552368,False
2015-12-11,146218.11878963967,CASH,0.0,146218.11878963967,,False
2015-12-14,146218.11878963967,CASH,0.0,146218.11878963967,,False
2015-12-15,146218.11878963967,CASH,0.0,146218.11878963967,,False
2015-12-16,146218.11878963967,CASH,0.0,146218.11878963967,,False
2015-12-17,146218.11878963967,CASH,0.0,146218.11878963967,,False
2015-12-18,146218.11878963967,CASH,0.0,146218.11878963967,,False
2015-12-21,146218.11878963967,CASH,0.0,146218.11878963967,,False
2015-12-22,146218.11878963967,CASH,0.0,146218.11878963967,,False
2015-12-23,146218.11878963967,CASH,0.0,146218.11878963967,,False
2015-12-24,146218.11878963967,CASH,0.0,146218.11878963967,,False
2015-12-28,146218.11878963967,CASH,0.0,146218.11878963967,,False
2015-12-29,146218.11878963967,CASH,0.0,146218.11878963967,,False
2015-12-30,146218.11878963967,CASH,0.0,146218.11878963967,,False
2015-12-31,146218.11878963967,CASH,0.0,146218.11878963967,,False
2016-01-04,146218.11878963967,TECL,46112.53770566982,0.0,3.1708972454071045,False
2016-01-05,144835.5465460173,TECL,46112.53770566982,0.0,3.1708972454071045,False
2016-01-06,139933.69050528613,TECL,46112.53770566982,0.0,3.1708972454071045,False
2016-01-07,131596.30691067572,CASH,0.0,131596.30691067572,,False
2016-01-08,131596.30691067572,CASH,0.0,131596.30691067572,,False
2016-01-11,131596.30691067572,CASH,0.0,131596.30691067572,,False
2016-01-12,131596.30691067572,CASH,0.0,131596.30691067572,,False
2016-01-13,131596.30691067572,CASH,0.0,131596.30691067572,,False
2016-01-14,131596.30691067572,CASH,0.0,131596.30691067572,,False
2016-01-15,131596.30691067572,CASH,0.0,131596.30691067572,,False
2016-01-19,131596.30691067572,CASH,0.0,131596.30691067572,,False
2016-01-20,131596.30691067572,CASH,0.0,131596.30691067572,,False
2016-01-21,131596.30691067572,CASH,0.0,131596.30691067572,,False
2016-01-22,131596.30691067572,CASH,0.0,131596.30691067572,,False
2016-01-25,131596.30691067572,CASH,0.0,131596.30691067572,,False
2016-01-26,131596.30691067572,CASH,0.0,131596.30691067572,,False
2016-01-27,131596.30691067572,CASH,0.0,131596.30691067572,,False
2016-01-28,131596.30691067572,CASH,0.0,131596.30691067572,,False
2016-01-29,131596.30691067572,CASH,0.0,131596.30691067572,,False
2016-02-01,131596.30691067572,SHY,1898.9514273033585,0.0,69.29945917445161,False
2016-02-02,131767.01311713248,SHY,1898.9514273033585,0.0,69.29945917445161,False
2016-02-03,131798.06522197073,SHY,1898.9514273033585,0.0,69.29945917445161,False
2016-02-04,131829.11732680895,SHY,1898.9514273033585,0.0,69.29945917445161,False
2016-02-05,131798.06522197073,SHY,1898.9514273033585,0.0,69.29945917445161,False
2016-02-08,131953.15039309944,SHY,1898.9514273033585,0.0,69.29945917445161,False
2016-02-09,131906.60876773007,SHY,1898.9514273033585,0.0,69.29945917445161,False
2016-02-10,131906.60876773007,SHY,1898.9514273033585,0.0,69.29945917445161,False
2016-02-11,132030.70028504138,SHY,1898.9514273033585,0.0,69.29945917445161,False
2016-02-12,131875.58588840225,SHY,1898.9514273033585,0.0,69.29945917445161,False
2016-02-16,131798.06522197073,SHY,1898.9514273033585,0.0,69.29945917445161,False
2016-02-17,131829.11732680895,SHY,1898.9514273033585,0.0,69.29945917445161,False
2016-02-18,131937.66087256835,SHY,1898.9514273033585,0.0,69.29945917445161,False
2016-02-19,131813.52551699136,SHY,1898.9514273033585,0.0,69.29945917445161,False
2016-02-22,131829.11732680895,SHY,1898.9514273033585,0.0,69.29945917445161,False
2016-02-23,131844.60684734004,SHY,1898.9514273033585,0.0,69.29945917445161,False
2016-02-24,131875.58588840225,SHY,1898.9514273033585,0.0,69.29945917445161,False
2016-02-25,131906.60876773007,SHY,1898.9514273033585,0.0,69.29945917445161,False
2016-02-26,131735.87333576288,SHY,1898.9514273033585,0.0,69.29945917445161,False
2016-02-29,131813.52551699136,SHY,1898.9514273033585,0.0,69.29945917445161,False
2016-03-01,131638.0993905992,GLD,1117.755821880201,0.0,117.7699966430664,False
2016-03-02,132655.26128185427,GLD,1117.755821880201,0.0,117.7699966430664,False
2016-03-03,134946.66412782873,GLD,1117.755821880201,0.0,117.7699966430664,False
2016-03-04,134734.28779277543,GLD,1117.755821880201,0.0,117.7699966430664,False
2016-03-07,135404.93958034355,GLD,1117.755821880201,0.0,117.7699966430664,False
2016-03-08,134778.99904898668,GLD,1117.755821880201,0.0,117.7699966430664,False
2016-03-09,133661.24322710646,GLD,1117.755821880201,0.0,117.7699966430664,False
2016-03-10,135807.33235844443,GLD,1117.755821880201,0.0,117.7699966430664,False
2016-03-11,133471.22678405888,GLD,1117.755821880201,0.0,117.7699966430664,False
2016-03-14,131749.88179502735,GLD,1117.755821880201,0.0,117.7699966430664,False
2016-03-15,131850.47572565248,GLD,1117.755821880201,0.0,117.7699966430664,False
2016-03-16,134790.17046718937,GLD,1117.755821880201,0.0,117.7699966430664,False
2016-03-17,134276.0038124605,GLD,1117.755821880201,0.0,117.7699966430664,False
2016-03-18,133907.15087236813,GLD,1117.755821880201,0.0,117.7699966430664,False
2016-03-21,132968.2315475327,GLD,1117.755821880201,0.0,117.7699966430664,False
2016-03-22,133359.44437963073,GLD,1117.755821880201,0.0,117.7699966430664,False
2016-03-23,130341.50707167425,GLD,1117.755821880201,0.0,117.7699966430664,False
2016-03-24,130028.53680599581,GLD,1117.755821880201,0.0,117.7699966430664,False
2016-03-28,130330.3271256714,GLD,1117.755821880201,0.0,117.7699966430664,False
2016-03-29,132744.6837942767,GLD,1117.755821880201,0.0,117.7699966430664,False
2016-03-30,130889.2050366115,GLD,1117.755821880201,0.0,117.7699966430664,False
2016-03-31,131492.79420376284,GLD,1117.755821880201,0.0,117.7699966430664,False
2016-04-01,130699.1885935639,TQQQ,62347.85341683419,0.0,2.096290111541748,False
2016-04-04,129080.95244126859,TQQQ,62347.85341683419,0.0,2.096290111541748,False
2016-04-05,125610.06087465417,TQQQ,62347.85341683419,0.0,2.096290111541748,False
2016-04-06,131625.58319271324,TQQQ,62347.85341683419,0.0,2.096290111541748,False
2016-04-07,125943.56947089804,TQQQ,62347.85341683419,0.0,2.096290111541748,False
2016-04-08,125647.119037002,TQQQ,62347.85341683419,0.0,2.096290111541748,False
2016-04-11,124300.67247169738,TQQQ,62347.85341683419,0.0,2.096290111541748,False
2016-04-12,127203.44293651804,TQQQ,62347.85341683419,0.0,2.096290111541748,False
2016-04-13,132169.08804226152,TQQQ,62347.85341683419,0.0,2.096290111541748,False
2016-04-14,132255.55708773978,TQQQ,62347.85341683419,0.0,2.096290111541748,False
2016-04-15,131242.69344311216,TQQQ,62347.85341683419,0.0,2.096290111541748,False
2016-04-18,133181.95168688914,TQQQ,62347.85341683419,0.0,2.096290111541748,False
2016-04-19,130884.46454041643,TQQQ,62347.85341683419,0.0,2.096290111541748,False
2016-04-20,131205.65014565096,TQQQ,62347.85341683419,0.0,2.096290111541748,False
2016-04-21,131242.69344311216,TQQQ,62347.85341683419,0.0,2.096290111541748,False
2016-04-22,125301.24285508889,TQQQ,62347.85341683419,0.0,2.096290111541748,False
2016-04-25,125202.43595371462,TQQQ,62347.85341683419,0.0,2.096290111541748,False
2016-04-26,123485.42262981829,TQQQ,62347.85341683419,0.0,2.096290111541748,False
2016-04-27,117629.26973420751,CASH,0.0,117629.26973420751,,False
2016-04-28,117629.26973420751,CASH,0.0,117629.26973420751,,False
2016-04-29,117629.26973420751,CASH,0.0,117629.26973420751,,False
2016-05-02,117629.26973420751,GLD,954.4731562251067,0.0,123.23999786376953,False
2016-05-03,117362.01841559284,GLD,954.4731562251067,0.0,123.23999786376953,False
2016-05-04,116646.16354842401,GLD,954.4731562251067,0.0,123.23999786376953,False
2016-05-05,116512.53788911668,GLD,954.4731562251067,0.0,123.23999786376953,False
2016-05-06,117572.00367509073,GLD,954.4731562251067,0.0,123.23999786376953,False
2016-05-09,115157.18775496958,GLD,954.4731562251067,0.0,123.23999786376953,False
2016-05-10,115472.16564421641,GLD,954.4731562251067,0.0,123.23999786376953,False
2016-05-11,116560.26445974884,GLD,954.4731562251067,0.0,123.23999786376953,False
2016-05-12,115643.97110361901,GLD,954.4731562251067,0.0,123.23999786376953,False
2016-05-13,116168.92697031146,GLD,954.4731562251067,0.0,123.23999786376953,False
2016-05-16,116254.8333410389,GLD,954.4731562251067,0.0,123.23999786376953,False
2016-05-17,116655.7103189609,GLD,954.4731562251067,0.0,123.23999786376953,False
2016-05-18,114632.22460622486,GLD,954.4731562251067,0.0,123.23999786376953,False
2016-05-19,114412.69985824235,GLD,954.4731562251067,0.0,123.23999786376953,False
2016-05-20,114259.98065786125,GLD,954.4731562251067,0.0,123.23999786376953,False
2016-05-23,113935.4632801298,GLD,954.4731562251067,0.0,123.23999786376953,False
2016-05-24,111959.70413802592,GLD,954.4731562251067,0.0,123.23999786376953,False
2016-05-25,111654.27301931598,GLD,954.4731562251067,0.0,123.23999786376953,False
2016-05-26,111272.48230041548,GLD,954.4731562251067,0.0,123.23999786376953,False
2016-05-27,110356.18894428565,GLD,954.4731562251067,0.0,123.23999786376953,False
2016-05-31,110776.15218122915,GLD,954.4731562251067,0.0,123.23999786376953,False
2016-06-01,110661.6200629956,GLD,954.4731562251067,0.0,116.05999755859375,False
2016-06-02,110403.90823286553,GLD,954.4731562251067,0.0,116.05999755859375,False
2016-06-03,113467.76619050186,GLD,954.4731562251067,0.0,116.05999755859375,False
2016-06-06,113505.94599059713,GLD,954.4731562251067,0.0,116.05999755859375,False
2016-06-07,113410.50013138508,GLD,954.4731562251067,0.0,116.05999755859375,False
2016-06-08,115090.3749253159,GLD,954.4731562251067,0.0,116.05999755859375,False
2016-06-09,115729.87019229418,GLD,954.4731562251067,0.0,116.05999755859375,False
2016-06-10,116197.55999986985,GLD,954.4731562251067,0.0,116.05999755859375,False
2016-06-13,117056.58729688289,GLD,954.4731562251067,0.0,116.05999755859375,False
2016-06-14,117180.66618565335,GLD,954.4731562251067,0.0,116.05999755859375,False
2016-06-15,118049.24025320329,GLD,954.4731562251067,0.0,116.05999755859375,False
2016-06-16,116808.42223728973,GLD,954.4731562251067,0.0,116.05999755859375,False
2016-06-17,118306.94480128106,GLD,954.4731562251067,0.0,116.05999755859375,False
2016-06-20,117600.63670464912,GLD,954.4731562251067,0.0,116.05999755859375,False
2016-06-21,115338.5327028568,GLD,954.4731562251067,0.0,116.05999755859375,False
2016-06-22,115395.80604402586,GLD,954.4731562251067,0.0,116.05999755859375,False
2016-06-23,114641.77137676174,GLD,954.4731562251067,0.0,116.05999755859375,False
2016-06-24,120263.61768436345,GLD,954.4731562251067,0.0,116.05999755859375,False
2016-06-27,120912.6597218786,GLD,954.4731562251067,0.0,116.05999755859375,False
2016-06-28,119614.57564684827,GLD,954.4731562251067,0.0,116.05999755859375,False
2016-06-29,120110.89848398232,GLD,954.4731562251067,0.0,116.05999755859375,False
2016-06-30,120712.22123291761,GLD,954.4731562251067,0.0,116.05999755859375,False
2016-07-01,122563.90148625104,SHY,1753.5367264633471,0.0,69.89525775912678,False
2016-07-05,122621.33094705001,SHY,1753.5367264633471,0.0,69.89525775912678,False
2016-07-06,122563.90148625104,SHY,1753.5367264633471,0.0,69.89525775912678,False
2016-07-07,122506.41805039492,SHY,1753.5367264633471,0.0,69.89525775912678,False
2016-07-08,122506.41805039492,SHY,1753.5367264633471,0.0,69.89525775912678,False
2016-07-11,122377.08031971866,SHY,1753.5367264633471,0.0,69.89525775912678,False
2016-07-12,122333.9947303551,SHY,1753.5367264633471,0.0,69.89525775912678,False
2016-07-13,122362.76343581175,SHY,1753.5367264633471,0.0,69.89525775912678,False
2016-07-14,122290.86865969874,SHY,1753.5367264633471,0.0,69.89525775912678,False
2016-07-15,122233.39871760692,SHY,1753.5367264633471,0.0,69.89525775912678,False
2016-07-18,122305.23951866277,SHY,1753.5367264633471,0.0,69.89525775912678,False
2016-07-19,122319.59688386254,SHY,1753.5367264633471,0.0,69.89525775912678,False
2016-07-20,122262.12694177071,SHY,1753.5367264633471,0.0,69.89525775912678,False
2016-07-21,122348.31161426201,SHY,1753.5367264633471,0.0,69.89525775912678,False
2016-07-22,122305.23951866277,SHY,1753.5367264633471,0.0,69.89525775912678,False
2016-07-25,122218.96038982146,SHY,1753.5367264633471,0.0,69.89525775912678,False
2016-07-26,122233.39871760692,SHY,1753.5367264633471,0.0,69.89525775912678,False
2016-07-27,122319.59688386254,SHY,1753.5367264633471,0.0,69.89525775912678,False
2016-07-28,122305.23951866277,SHY,1753.5367264633471,0.0,69.89525775912678,False
2016-07-29,122463.25149844566,SHY,1753.5367264633471,0.0,69.89525775912678,False
2016-08-01,122421.54227303927,TQQQ,51553.603031367486,0.0,2.374645709991455,False
2016-08-02,119663.82107855106,TQQQ,51553.603031367486,0.0,2.374645709991455,False
2016-08-03,120797.58627468762,TQQQ,51553.603031367486,0.0,2.374645709991455,False
2016-08-04,121880.207218473,TQQQ,51553.603031367486,0.0,2.374645709991455,False
2016-08-05,125403.99826925514,TQQQ,51553.603031367486,0.0,2.374645709991455,False
2016-08-08,125005.64833547744,TQQQ,51553.603031367486,0.0,2.374645709991455,False
2016-08-09,125832.92904894723,TQQQ,51553.603031367486,0.0,2.374645709991455,False
2016-08-10,124862.62634067854,TQQQ,51553.603031367486,0.0,2.374645709991455,False
2016-08-11,126476.429694848,TQQQ,51553.603031367486,0.0,2.374645709991455,False
2016-08-12,126711.2802667475,TQQQ,51553.603031367486,0.0,2.374645709991455,False
2016-08-15,128304.63083651122,TQQQ,51553.603031367486,0.0,2.374645709991455,False
2016-08-16,126282.32490438185,TQQQ,51553.603031367486,0.0,2.374645709991455,False
2016-08-17,126874.74275461538,TQQQ,51553.603031367486,0.0,2.374645709991455,False
2016-08-18,126997.31196500851,TQQQ,51553.603031367486,0.0,2.374645709991455,False
2016-08-19,126823.6722502849,TQQQ,51553.603031367486,0.0,2.374645709991455,False
2016-08-22,126946.21687800447,TQQQ,51553.603031367486,0.0,2.374645709991455,False
2016-08-23,127702.0726334323,TQQQ,51553.603031367486,0.0,2.374645709991455,False
2016-08-24,125240.51119871372,TQQQ,51553.603031367486,0.0,2.374645709991455,False
2016-08-25,124648.14251382732,TQQQ,51553.603031367486,0.0,2.374645709991455,False
2016-08-26,125250.76217359016,TQQQ,51553.603031367486,0.0,2.374645709991455,False
2016-08-29,125598.01702036383,TQQQ,51553.603031367486,0.0,2.374645709991455,False
2016-08-30,124464.25182422726,TQQQ,51553.603031367486,0.0,2.374645709991455,False
2016-08-31,124137.42517918578,TQQQ,51553.603031367486,0.0,2.374645709991455,False
2016-09-01,124688.98662595492,TQQQ,51553.603031367486,0.0,2.4079291820526123,False
2016-09-02,126149.54159312262,TQQQ,51553.603031367486,0.0,2.4079291820526123,False
2016-09-06,128488.44777809059,TQQQ,51553.603031367486,0.0,2.4079291820526123,False
2016-09-07,128723.40897202112,TQQQ,51553.603031367486,0.0,2.4079291820526123,False
2016-09-08,126517.26151563882,TQQQ,51553.603031367486,0.0,2.4079291820526123,False
2016-09-09,116926.57725114217,TQQQ,51553.603031367486,0.0,2.4079291820526123,False
2016-09-12,122922.04550681471,TQQQ,51553.603031367486,0.0,2.4079291820526123,False
2016-09-13,120021.32690020117,TQQQ,51553.603031367486,0.0,2.4079291820526123,False
2016-09-14,121563.55780028728,TQQQ,51553.603031367486,0.0,2.4079291820526123,False
2016-09-15,127201.55710832008,TQQQ,51553.603031367486,0.0,2.4079291820526123,False
2016-09-16,127058.55969619474,TQQQ,51553.603031367486,0.0,2.4079291820526123,False
2016-09-19,125393.69812903157,TQQQ,51553.603031367486,0.0,2.4079291820526123,False
2016-09-20,126088.26927926282,TQQQ,51553.603031367486,0.0,2.4079291820526123,False
2016-09-21,129754.99628548638,TQQQ,51553.603031367486,0.0,2.4079291820526123,False
2016-09-22,132788.49820335917,TQQQ,51553.603031367486,0.0,2.4079291820526123,False
2016-09-23,130398.48464005037,TQQQ,51553.603031367486,0.0,2.4079291820526123,False
2016-09-26,127160.7007048557,TQQQ,51553.603031367486,0.0,2.4079291820526123,False
2016-09-27,130766.20456256659,TQQQ,51553.603031367486,0.0,2.4079291820526123,False
2016-09-28,131481.10558383577,TQQQ,51553.603031367486,0.0,2.4079291820526123,False
2016-09-29,128692.76666942284,TQQQ,51553.603031367486,0.0,2.4079291820526123,False
2016-09-30,131338.09588037367,TQQQ,51553.603031367486,0.0,2.4079291820526123,False
2016-10-03,131041.92382926725,TECL,29997.77131671379,0.0,4.368388652801514,False
2016-10-04,129788.15936504088,TECL,29997.77131671379,0.0,4.368388652801514,False
2016-10-05,131123.6857906541,TECL,29997.77131671379,0.0,4.368388652801514,False
2016-10-06,132023.08166996136,TECL,29997.77131671379,0.0,4.368388652801514,False
2016-10-07,130960.11895572433,TECL,29997.77131671379,0.0,4.368388652801514,False
2016-10-10,133603.87967568307,TECL,29997.77131671379,0.0,4.368388652801514,False
2016-10-11,129324.79390367535,TECL,29997.77131671379,0.0,4.368388652801514,False
2016-10-12,129733.68953492171,TECL,29997.77131671379,0.0,4.368388652801514,False
2016-10-13,127444.25448772598,TECL,29997.77131671379,0.0,4.368388652801514,False
2016-10-14,128888.77778978561,TECL,29997.77131671379,0.0,4.368388652801514,False
2016-10-17,127989.3533023743,TECL,29997.77131671379,0.0,4.368388652801514,False
2016-10-18,130306.0232646296,TECL,29997.77131671379,0.0,4.368388652801514,False
2016-10-19,130524.08853778258,TECL,29997.77131671379,0.0,4.368388652801514,False
2016-10-20,128943.29053206086,TECL,29997.77131671379,0.0,4.368388652801514,False
2016-10-21,129733.68953492171,TECL,29997.77131671379,0.0,4.368388652801514,False
2016-10-24,133658.40672201035,TECL,29997.77131671379,0.0,4.368388652801514,False
2016-10-25,132350.15812361278,TECL,29997.77131671379,0.0,4.368388652801514,False
2016-10-26,130278.78834957002,TECL,29997.77131671379,0.0,4.368388652801514,False
2016-10-27,129324.79390367535,TECL,29997.77131671379,0.0,4.368388652801514,False
2016-10-28,128888.77778978561,TECL,29997.77131671379,0.0,4.368388652801514,False
2016-10-31,128943.29053206086,TECL,29997.77131671379,0.0,4.368388652801514,False
2016-11-01,125590.90707468012,TQQQ,52764.99409681161,0.0,2.3801937103271484,False
2016-11-02,122318.85910090322,TQQQ,52764.99409681161,0.0,2.3801937103271484,False
2016-11-03,118795.9754181991,TQQQ,52764.99409681161,0.0,2.3801937103271484,False
2016-11-04,117447.43313151653,TQQQ,52764.99409681161,0.0,2.3801937103271484,False
2016-11-07,125862.63842092759,TQQQ,52764.99409681161,0.0,2.3801937103271484,False
2016-11-08,128329.75776237587,TQQQ,52764.99409681161,0.0,2.3801937103271484,False
2016-11-09,130127.76382399962,TQQQ,52764.99409681161,0.0,2.3801937103271484,False
2016-11-10,123939.19563460785,TQQQ,52764.99409681161,0.0,2.3801937103271484,False
2016-11-11,123834.65454723209,TQQQ,52764.99409681161,0.0,2.3801937103271484,False
2016-11-14,119653.16201406067,TQQQ,52764.99409681161,0.0,2.3801937103271484,False
2016-11-15,125193.65094265222,TQQQ,52764.99409681161,0.0,2.3801937103271484,False
2016-11-16,127232.11408539514,TQQQ,52764.99409681161,0.0,2.3801937103271484,False
2016-11-17,130180.0469478424,TQQQ,52764.99409681161,0.0,2.3801937103271484,False
2016-11-18,128716.49688489159,TQQQ,52764.99409681161,0.0,2.3801937103271484,False
2016-11-21,132584.45421702016,TQQQ,52764.99409681161,0.0,2.3801937103271484,False
2016-11-22,133776.15971232924,TQQQ,52764.99409681161,0.0,2.3801937103271484,False
2016-11-23,132166.23954689744,TQQQ,52764.99409681161,0.0,2.3801937103271484,False
2016-11-25,133441.64081288173,TQQQ,52764.99409681161,0.0,2.3801937103271484,False
2016-11-28,132699.3865123589,TQQQ,52764.99409681161,0.0,2.3801937103271484,False
2016-11-29,133974.7877783432,TQQQ,52764.99409681161,0.0,2.3801937103271484,False
2016-11-30,129636.49619426305,TQQQ,52764.99409681161,0.0,2.3801937103271484,False
2016-12-01,122517.49974707208,TECL,30522.18390604254,0.0,4.014047622680664,False
2016-12-02,123793.1530603182,TECL,30522.18390604254,0.0,4.014047622680664,False
2016-12-05,127370.48088070782,TECL,30522.18390604254,0.0,4.014047622680664,False
2016-12-06,128535.21731070087,TECL,30522.18390604254,0.0,4.014047622680664,False
2016-12-07,135745.3968866081,TECL,30522.18390604254,0.0,4.014047622680664,False
2016-12-08,137215.1292758521,TECL,30522.18390604254,0.0,4.014047622680664,False
2016-12-09,139766.4650105672,TECL,30522.18390604254,0.0,4.014047622680664,False
2016-12-12,138768.09662839805,TECL,30522.18390604254,0.0,4.014047622680664,False
2016-12-13,143704.31272533574,TECL,30522.18390604254,0.0,4.014047622680664,False
2016-12-14,142456.3995484865,TECL,30522.18390604254,0.0,4.014047622680664,False
2016-12-15,144037.0779292064,TECL,30522.18390604254,0.0,4.014047622680664,False
2016-12-16,141319.43236311316,TECL,30522.18390604254,0.0,4.014047622680664,False
2016-12-19,144175.70584063345,TECL,30522.18390604254,0.0,4.014047622680664,False
2016-12-20,145645.48189221174,TECL,30522.18390604254,0.0,4.014047622680664,False
2016-12-21,144869.0491553288,TECL,30522.18390604254,0.0,4.014047622680664,False
2016-12-22,143842.96974498566,TECL,30522.18390604254,0.0,4.014047622680664,False
2016-12-23,144037.0779292064,TECL,30522.18390604254,0.0,4.014047622680664,False
2016-12-27,145922.82503973445,TECL,30522.18390604254,0.0,4.014047622680664,False
2016-12-28,142290.0023924397,TECL,30522.18390604254,0.0,4.014047622680664,False
2016-12-29,142151.35992690123,TECL,30522.18390604254,0.0,4.014047622680664,False
2016-12-30,138490.7825890982,TECL,30522.18390604254,0.0,4.014047622680664,False
2017-01-03,142484.11057666046,TQQQ,55190.47039656085,0.0,2.581679582595825,False
2017-01-04,144911.53891932382,TQQQ,55190.47039656085,0.0,2.581679582595825,False
2017-01-05,147481.06518569813,TQQQ,55190.47039656085,0.0,2.581679582595825,False
2017-01-06,151220.54725269382,TQQQ,55190.47039656085,0.0,2.581679582595825,False
2017-01-09,152751.37309292742,TQQQ,55190.47039656085,0.0,2.581679582595825,False
2017-01-10,153626.07996196012,TQQQ,55190.47039656085,0.0,2.581679582595825,False
2017-01-11,154806.99673771355,TQQQ,55190.47039656085,0.0,2.581679582595825,False
2017-01-12,154019.70134263323,TQQQ,55190.47039656085,0.0,2.581679582595825,False
2017-01-13,155791.06334782986,TQQQ,55190.47039656085,0.0,2.581679582595825,False
2017-01-17,154325.8849324869,TQQQ,55190.47039656085,0.0,2.581679582595825,False
2017-01-18,155375.57265062674,TQQQ,55190.47039656085,0.0,2.581679582595825,False
2017-01-19,154960.06879499007,TQQQ,55190.47039656085,0.0,2.581679582595825,False
2017-01-20,155966.04419693697,TQQQ,55190.47039656085,0.0,2.581679582595825,False
2017-01-23,156315.900627683,TQQQ,55190.47039656085,0.0,2.581679582595825,False
2017-01-24,159574.3103647526,TQQQ,55190.47039656085,0.0,2.581679582595825,False
2017-01-25,164232.30372600866,TQQQ,55190.47039656085,0.0,2.581679582595825,False
2017-01-26,164910.23938000543,TQQQ,55190.47039656085,0.0,2.581679582595825,False
2017-01-27,165697.48214135165,TQQQ,55190.47039656085,0.0,2.581679582595825,False
2017-01-30,161936.1439162595,TQQQ,55190.47039656085,0.0,2.581679582595825,False
2017-01-31,161039.51509696263,TQQQ,55190.47039656085,0.0,2.581679582595825,False
2017-02-01,164101.1273021292,TECL,32024.010802797242,0.0,5.12431526184082,False
2017-02-02,163548.29886475622,TECL,32024.010802797242,0.0,5.12431526184082,False
2017-02-03,166574.31036832175,TECL,32024.010802797242,0.0,5.12431526184082,False
2017-02-06,166865.22367827932,TECL,32024.010802797242,0.0,5.12431526184082,False
2017-02-07,168901.98333370147,TECL,32024.010802797242,0.0,5.12431526184082,False
2017-02-08,169891.23518184485,TECL,32024.010802797242,0.0,5.12431526184082,False
2017-02-09,171695.1695138235,TECL,32024.010802797242,0.0,5.12431526184082,False
2017-02-10,172742.63151038735,TECL,32024.010802797242,0.0,5.12431526184082,False
2017-02-13,175128.4688134726,TECL,32024.010802797242,0.0,5.12431526184082,False
2017-02-14,177019.73363832023,TECL,32024.010802797242,0.0,5.12431526184082,False
2017-02-15,178852.7730445091,TECL,32024.010802797242,0.0,5.12431526184082,False
2017-02-16,180278.47884389947,TECL,32024.010802797242,0.0,5.12431526184082,False
2017-02-17,181529.5694682668,TECL,32024.010802797242,0.0,5.12431526184082,False
2017-02-21,184701.0758024069,TECL,32024.010802797242,0.0,5.12431526184082,False
2017-02-22,185486.6532120319,TECL,32024.010802797242,0.0,5.12431526184082,False
2017-02-23,185079.35014571005,TECL,32024.010802797242,0.0,5.12431526184082,False
2017-02-24,186475.90506017528,TECL,32024.010802797242,0.0,5.12431526184082,False
2017-02-27,185981.33258193766,TECL,32024.010802797242,0.0,5.12431526184082,False
2017-02-28,183624.52400187112,TECL,32024.010802797242,0.0,5.12431526184082,False
2017-03-01,191189.47640959348,TECL,32024.010802797242,0.0,5.733963966369629,False
2017-03-02,187668.83134683708,TECL,32024.010802797242,0.0,5.733963966369629,False
2017-03-03,188163.49544650453,TECL,32024.010802797242,0.0,5.733963966369629,False
2017-03-06,187581.5772051596,TECL,32024.010802797242,0.0,5.733963966369629,False
2017-03-07,187756.16183970607,TECL,32024.010802797242,0.0,5.733963966369629,False
2017-03-08,188221.64451397178,TECL,32024.010802797242,0.0,5.733963966369629,False
2017-03-09,188018.00061593,TECL,32024.010802797242,0.0,5.733963966369629,False
2017-03-10,191014.87650480872,TECL,32024.010802797242,0.0,5.733963966369629,False
2017-03-13,191887.7538668261,TECL,32024.010802797242,0.0,5.733963966369629,False
2017-03-14,190142.01441302962,TECL,32024.010802797242,0.0,5.733963966369629,False
2017-03-15,193953.58805598188,TECL,32024.010802797242,0.0,5.733963966369629,False
2017-03-16,195175.6194168539,TECL,32024.010802797242,0.0,5.733963966369629,False
2017-03-17,195524.7428752319,TECL,32024.010802797242,0.0,5.733963966369629,False
2017-03-20,196019.36116418443,TECL,32024.010802797242,0.0,5.733963966369629,False
2017-03-21,187930.7159337759,TECL,32024.010802797242,0.0,5.733963966369629,False
2017-03-22,191364.04577390163,TECL,32024.010802797242,0.0,5.733963966369629,False
2017-03-23,189676.4706578107,TECL,32024.010802797242,0.0,5.733963966369629,False
2017-03-24,189909.2501705393,TECL,32024.010802797242,0.0,5.733963966369629,False
2017-03-27,189909.2501705393,TECL,32024.010802797242,0.0,5.733963966369629,False
2017-03-28,193546.2544491834,TECL,32024.010802797242,0.0,5.733963966369629,False
2017-03-29,194797.39088426565,TECL,32024.010802797242,0.0,5.733963966369629,False
2017-03-30,195699.31223954004,TECL,32024.010802797242,0.0,5.733963966369629,False
2017-03-31,194797.39088426565,TECL,32024.010802797242,0.0,5.733963966369629,False
2017-04-03,194215.47264292074,TECL,32024.010802797242,0.0,6.082854270935059,False
2017-04-04,194448.19107469614,TECL,32024.010802797242,0.0,6.082854270935059,False
2017-04-05,192615.18220898387,TECL,32024.010802797242,0.0,6.082854270935059,False
2017-04-06,192207.8333319471,TECL,32024.010802797242,0.0,6.082854270935059,False
2017-04-07,192033.26396763895,TECL,32024.010802797242,0.0,6.082854270935059,False
2017-04-10,190985.8325115517,TECL,32024.010802797242,0.0,6.082854270935059,False
2017-04-11,188803.60856603162,TECL,32024.010802797242,0.0,6.082854270935059,False
2017-04-12,186825.0590590299,TECL,32024.010802797242,0.0,6.082854270935059,False
2017-04-13,184642.91146470135,TECL,32024.010802797242,0.0,6.082854270935059,False
2017-04-17,189385.52680737653,TECL,32024.010802797242,0.0,6.082854270935059,False
2017-04-18,189181.86763909645,TECL,32024.010802797242,0.0,6.082854270935059,False
2017-04-19,188687.24935014392,TECL,32024.010802797242,0.0,6.082854270935059,False
2017-04-20,193575.32898291704,TECL,32024.010802797242,0.0,6.082854270935059,False
2017-04-21,192760.6312288435,TECL,32024.010802797242,0.0,6.082854270935059,False
2017-04-24,199481.7960785204,TECL,32024.010802797242,0.0,6.082854270935059,False
2017-04-25,202711.45148012773,TECL,32024.010802797242,0.0,6.082854270935059,False
2017-04-26,202071.35363083894,TECL,32024.010802797242,0.0,6.082854270935059,False
2017-04-27,204864.53981096097,TECL,32024.010802797242,0.0,6.082854270935059,False
2017-04-28,205882.9272737912,TECL,32024.010802797242,0.0,6.082854270935059,False
2017-05-01,210392.7936442144,TECL,32024.010802797242,0.0,6.429017543792725,False
2017-05-02,211673.00461303024,TECL,32024.010802797242,0.0,6.429017543792725,False
2017-05-03,210363.68857000416,TECL,32024.010802797242,0.0,6.429017543792725,False
2017-05-04,210189.13447593432,TECL,32024.010802797242,0.0,6.429017543792725,False
2017-05-05,212633.18192744002,TECL,32024.010802797242,0.0,6.429017543792725,False
2017-05-08,215251.7834730156,TECL,32024.010802797242,0.0,6.429017543792725,False
2017-05-09,215979.21181517336,TECL,32024.010802797242,0.0,6.429017543792725,False
2017-05-10,218510.57448930974,TECL,32024.010802797242,0.0,6.429017543792725,False
2017-05-11,217783.17668762858,TECL,32024.010802797242,0.0,6.429017543792725,False
2017-05-12,219558.0212156353,TECL,32024.010802797242,0.0,6.429017543792725,False
2017-05-15,222642.1665164298,TECL,32024.010802797242,0.0,6.429017543792725,False
2017-05-16,225930.03206645758,TECL,32024.010802797242,0.0,6.429017543792725,False
2017-05-17,207250.45346523775,TECL,32024.010802797242,0.0,6.429017543792725,False
2017-05-18,211585.73520111447,TECL,32024.010802797242,0.0,6.429017543792725,False
2017-05-19,214815.3600622452,TECL,32024.010802797242,0.0,6.429017543792725,False
2017-05-22,220168.98345023723,TECL,32024.010802797242,0.0,6.429017543792725,False
2017-05-23,220838.24745468947,TECL,32024.010802797242,0.0,6.429017543792725,False
2017-05-24,223311.3847101671,TECL,32024.010802797242,0.0,6.429017543792725,False
2017-05-25,228752.36913150476,TECL,32024.010802797242,0.0,6.429017543792725,False
2017-05-26,228548.63361203315,TECL,32024.010802797242,0.0,6.429017543792725,False
2017-05-30,231109.11663061808,TECL,32024.010802797242,0.0,6.429017543792725,False
2017-05-31,229712.470094723,TECL,32024.010802797242,0.0,6.429017543792725,False
2017-06-01,231254.5503802394,TECL,32024.010802797242,0.0,7.173132419586182,False
2017-06-02,237626.6070417766,TECL,32024.010802797242,0.0,7.173132419586182,False
2017-06-05,238470.36405934545,TECL,32024.010802797242,0.0,7.173132419586182,False
2017-06-06,237277.43777268365,TECL,32024.010802797242,0.0,7.173132419586182,False
2017-06-07,239052.29757092867,TECL,32024.010802797242,0.0,7.173132419586182,False
2017-06-08,241030.78599697715,TECL,32024.010802797242,0.0,7.173132419586182,False
2017-06-09,222729.4970092988,TECL,32024.010802797242,0.0,7.173132419586182,False
2017-06-12,218743.32346156175,TECL,32024.010802797242,0.0,7.173132419586182,False
2017-06-13,223398.66939232117,TECL,32024.010802797242,0.0,7.173132419586182,False
2017-06-14,220372.73423994714,TECL,32024.010802797242,0.0,7.173132419586182,False
2017-06-15,217317.61766217137,TECL,32024.010802797242,0.0,7.173132419586182,False
2017-06-16,215717.38830918772,TECL,32024.010802797242,0.0,7.173132419586182,False
2017-06-19,225580.86279736465,TECL,32024.010802797242,0.0,7.173132419586182,False
2017-06-20,220518.19853004508,TECL,32024.010802797242,0.0,7.173132419586182,False
2017-06-21,223835.13861380648,TECL,32024.010802797242,0.0,7.173132419586182,False
2017-06-22,224126.05192376403,TECL,32024.010802797242,0.0,7.173132419586182,False
2017-06-23,227937.65610719292,TECL,32024.010802797242,0.0,7.173132419586182,False
2017-06-26,224387.90597022627,TECL,32024.010802797242,0.0,7.173132419586182,False
2017-06-27,213535.14909342933,TECL,32024.010802797242,0.0,7.173132419586182,False
2017-06-28,221332.8504734037,TECL,32024.010802797242,0.0,7.173132419586182,False
2017-06-29,206741.2230852507,CASH,0.0,206741.2230852507,,False
2017-06-30,206741.2230852507,CASH,0.0,206741.2230852507,,False
2017-07-03,206741.2230852507,TECL,32363.329373881246,0.0,6.388132095336914,False
2017-07-05,212651.4775940251,TECL,32363.329373881246,0.0,6.388132095336914,False
2017-07-06,207094.09206635613,TECL,32363.329373881246,0.0,6.388132095336914,False
2017-07-07,213857.02840325955,TECL,32363.329373881246,0.0,6.388132095336914,False
2017-07-10,218561.6858066855,TECL,32363.329373881246,0.0,6.388132095336914,False
2017-07-11,220502.3880425752,TECL,32363.329373881246,0.0,6.388132095336914,False
2017-07-12,228676.76943982427,TECL,32363.329373881246,0.0,6.388132095336914,False
2017-07-13,229911.76457757916,TECL,32363.329373881246,0.0,6.388132095336914,False
2017-07-14,235704.36522857577,TECL,32363.329373881246,0.0,6.388132095336914,False
2017-07-17,236263.08216467832,TECL,32363.329373881246,0.0,6.388132095336914,False
2017-07-18,239291.63505591062,TECL,32363.329373881246,0.0,6.388132095336914,False
2017-07-19,242643.78235214594,TECL,32363.329373881246,0.0,6.388132095336914,False
2017-07-20,244643.2806528485,TECL,32363.329373881246,0.0,6.388132095336914,False
2017-07-21,243231.95904880698,TECL,32363.329373881246,0.0,6.388132095336914,False
2017-07-24,245466.57988060912,TECL,32363.329373881246,0.0,6.388132095336914,False
2017-07-25,243966.94072304416,TECL,32363.329373881246,0.0,6.388132095336914,False
2017-07-26,246583.9365926242,TECL,32363.329373881246,0.0,6.388132095336914,False
2017-07-27,243643.53150249724,TECL,32363.329373881246,0.0,6.388132095336914,False
2017-07-28,242643.78235214594,TECL,32363.329373881246,0.0,6.388132095336914,False
2017-07-31,239850.3674240512,TECL,32363.329373881246,0.0,6.388132095336914,False
2017-08-01,242790.8188102922,TECL,32363.329373881246,0.0,7.411177158355713,False
2017-08-02,245349.00318302133,TECL,32363.329373881246,0.0,7.411177158355713,False
2017-08-03,242849.6303071431,TECL,32363.329373881246,0.0,7.411177158355713,False
2017-08-04,244849.08231173165,TECL,32363.329373881246,0.0,7.411177158355713,False
2017-08-07,248848.07891313685,TECL,32363.329373881246,0.0,7.411177158355713,False
2017-08-08,247642.51267186442,TECL,32363.329373881246,0.0,7.411177158355713,False
2017-08-09,247877.74322723,TECL,32363.329373881246,0.0,7.411177158355713,False
2017-08-10,233175.60975232907,TECL,32363.329373881246,0.0,7.411177158355713,False
2017-08-11,237880.25172371703,TECL,32363.329373881246,0.0,7.411177158355713,False
2017-08-14,248877.4923775813,TECL,32363.329373881246,0.0,7.411177158355713,False
2017-08-15,250700.55618773118,TECL,32363.329373881246,0.0,7.411177158355713,False
2017-08-16,252259.00684214704,TECL,32363.329373881246,0.0,7.411177158355713,False
2017-08-17,237586.25596761456,TECL,32363.329373881246,0.0,7.411177158355713,False
2017-08-18,236704.12981096507,TECL,32363.329373881246,0.0,7.411177158355713,False
2017-08-21,236674.7163465206,TECL,32363.329373881246,0.0,7.411177158355713,False
2017-08-22,246789.75368354534,TECL,32363.329373881246,0.0,7.411177158355713,False
2017-08-23,245554.80484190446,TECL,32363.329373881246,0.0,7.411177158355713,False
2017-08-24,244319.82513618757,TECL,32363.329373881246,0.0,7.411177158355713,False
2017-08-25,243937.5272585997,TECL,32363.329373881246,0.0,7.411177158355713,False
2017-08-28,246084.1391776386,TECL,32363.329373881246,0.0,7.411177158355713,False
2017-08-29,248818.6654486924,TECL,32363.329373881246,0.0,7.411177158355713,False
2017-08-30,253729.13994303948,TECL,32363.329373881246,0.0,7.411177158355713,False
2017-08-31,258492.7014355444,TECL,32363.329373881246,0.0,7.411177158355713,False
2017-09-01,258169.1687586934,TECL,32363.329373881246,0.0,7.987209796905518,False
2017-09-05,251112.19036957348,TECL,32363.329373881246,0.0,7.987209796905518,False
2017-09-06,251641.47840919357,TECL,32363.329373881246,0.0,7.987209796905518,False
2017-09-07,253935.0650582267,TECL,32363.329373881246,0.0,7.987209796905518,False
2017-09-08,247730.69133704572,TECL,32363.329373881246,0.0,7.987209796905518,False
2017-09-11,257992.82686036875,TECL,32363.329373881246,0.0,7.987209796905518,False
2017-09-12,260168.72878754803,TECL,32363.329373881246,0.0,7.987209796905518,False
2017-09-13,258727.90112683398,TECL,32363.329373881246,0.0,7.987209796905518,False
2017-09-14,256199.13021854928,TECL,32363.329373881246,0.0,7.987209796905518,False
2017-09-15,259198.36223756516,TECL,32363.329373881246,0.0,7.987209796905518,False
2017-09-18,259551.20035459456,TECL,32363.329373881246,0.0,7.987209796905518,False
2017-09-19,263844.2698722923,TECL,32363.329373881246,0.0,7.987209796905518,False
2017-09-20,260345.14784606273,TECL,32363.329373881246,0.0,7.987209796905518,False
2017-09-21,255934.48619873924,TECL,32363.329373881246,0.0,7.987209796905518,False
2017-09-22,256581.41266409916,TECL,32363.329373881246,0.0,7.987209796905518,False
2017-09-25,247377.93038020638,TECL,32363.329373881246,0.0,7.987209796905518,False
2017-09-26,249406.7341210874,TECL,32363.329373881246,0.0,7.987209796905518,False
2017-09-27,256934.3279413186,TECL,32363.329373881246,0.0,7.987209796905518,False
2017-09-28,258375.04757776659,TECL,32363.329373881246,0.0,7.987209796905518,False
2017-09-29,263403.1913619295,TECL,32363.329373881246,0.0,7.987209796905518,False
2017-10-02,264314.7309830235,TQQQ,58223.17694821666,0.0,4.539682388305664,False
2017-10-03,265975.7897316558,TQQQ,58223.17694821666,0.0,4.539682388305664,False
2017-10-04,266667.9206793978,TQQQ,58223.17694821666,0.0,4.539682388305664,False
2017-10-05,274350.213280669,TQQQ,58223.17694821666,0.0,4.539682388305664,False
2017-10-06,275342.3509280219,TQQQ,58223.17694821666,0.0,4.539682388305664,False
2017-10-09,274650.2199802799,TQQQ,58223.17694821666,0.0,4.539682388305664,False
2017-10-10,275226.9124811422,TQQQ,58223.17694821666,0.0,4.539682388305664,False
2017-10-11,277626.18871475087,TQQQ,58223.17694821666,0.0,4.539682388305664,False
2017-10-12,276126.6827132068,TQQQ,58223.17694821666,0.0,4.539682388305664,False
2017-10-13,279218.0621315832,TQQQ,58223.17694821666,0.0,4.539682388305664,False
2017-10-16,282101.8022656371,TQQQ,58223.17694821666,0.0,4.539682388305664,False
2017-10-17,283093.8843870415,TQQQ,58223.17694821666,0.0,4.539682388305664,False
2017-10-18,282009.4903762972,TQQQ,58223.17694821666,0.0,4.539682388305664,False
2017-10-19,278895.06768930366,TQQQ,58223.17694821666,0.0,4.539682388305664,False
2017-10-20,280925.2629433984,TQQQ,58223.17694821666,0.0,4.539682388305664,False
2017-10-23,275688.33311297017,TQQQ,58223.17694821666,0.0,4.539682388305664,False
2017-10-24,277095.5549881487,TQQQ,58223.17694821666,0.0,4.539682388305664,False
2017-10-25,273727.3509536497,TQQQ,58223.17694821666,0.0,4.539682388305664,False
2017-10-26,271189.5652415699,TQQQ,58223.17694821666,0.0,4.539682388305664,False
2017-10-27,294559.71511740534,TQQQ,58223.17694821666,0.0,4.539682388305664,False
2017-10-30,296659.09570330003,TQQQ,58223.17694821666,0.0,4.539682388305664,False
2017-10-31,299796.64494783356,TQQQ,58223.17694821666,0.0,4.539682388305664,False
2017-11-01,299404.38188483124,TQQQ,58223.17694821666,0.0,5.149094581604004,False
2017-11-02,297881.8048516958,TQQQ,58223.17694821666,0.0,5.149094581604004,False
2017-11-03,306187.1263578317,TQQQ,58223.17694821666,0.0,5.149094581604004,False
2017-11-06,309301.52128185105,TQQQ,58223.17694821666,0.0,5.149094581604004,False
2017-11-07,309809.0839768619,TQQQ,58223.17694821666,0.0,5.149094581604004,False
2017-11-08,313684.9339952944,TQQQ,58223.17694821666,0.0,5.149094581604004,False
2017-11-09,308655.5601602661,TQQQ,58223.17694821666,0.0,5.149094581604004,False
2017-11-10,308563.30379687477,TQQQ,58223.17694821666,0.0,5.149094581604004,False
2017-11-13,309486.061771608,TQQQ,58223.17694821666,0.0,5.149094581604004,False
2017-11-14,306371.6113216402,TQQQ,58223.17694821666,0.0,5.149094581604004,False
2017-11-15,301872.95450213685,TQQQ,58223.17694821666,0.0,5.149094581604004,False
2017-11-16,313177.28801136086,TQQQ,58223.17694821666,0.0,5.149094581604004,False
2017-11-17,309670.63002433925,TQQQ,58223.17694821666,0.0,5.149094581604004,False
2017-11-20,308909.3692707457,TQQQ,58223.17694821666,0.0,5.149094581604004,False
2017-11-21,318644.9281577031,TQQQ,58223.17694821666,0.0,5.149094581604004,False
2017-11-22,319913.7793692816,TQQQ,58223.17694821666,0.0,5.149094581604004,False
2017-11-24,323512.7770086173,TQQQ,58223.17694821666,0.0,5.149094581604004,False
2017-11-27,322982.1710449893,TQQQ,58223.17694821666,0.0,5.149094581604004,False
2017-11-28,325358.3762470066,TQQQ,58223.17694821666,0.0,5.149094581604004,False
2017-11-29,308632.48912867473,TQQQ,58223.17694821666,0.0,5.149094581604004,False
2017-11-30,316291.7939872772,TQQQ,58223.17694821666,0.0,5.149094581604004,False
2017-12-01,312069.93402092217,TECL,31307.54349500693,0.0,9.967883110046387,False
2017-12-04,296795.0202860074,TECL,31307.54349500693,0.0,9.967883110046387,False
2017-12-05,296994.1976681477,TECL,31307.54349500693,0.0,9.967883110046387,False
2017-12-06,302597.82684780314,TECL,31307.54349500693,0.0,9.967883110046387,False
2017-12-07,308144.6079183902,TECL,31307.54349500693,0.0,9.967883110046387,False
2017-12-08,312724.2247048112,TECL,31307.54349500693,0.0,9.967883110046387,False
2017-12-11,320347.4247592013,TECL,31307.54349500693,0.0,9.967883110046387,False
2017-12-12,319835.4334911841,TECL,31307.54349500693,0.0,9.967883110046387,False
2017-12-13,320518.088515207,TECL,31307.54349500693,0.0,9.967883110046387,False
2017-12-14,319124.29469822673,TECL,31307.54349500693,0.0,9.967883110046387,False
2017-12-15,330274.70494846924,TECL,31307.54349500693,0.0,9.967883110046387,False
2017-12-18,338779.76726622274,TECL,31307.54349500693,0.0,9.967883110046387,False
2017-12-19,332407.7630409397,TECL,31307.54349500693,0.0,9.967883110046387,False
2017-12-20,332407.7630409397,TECL,31307.54349500693,0.0,9.967883110046387,False
2017-12-21,330357.82739366166,TECL,31307.54349500693,0.0,9.967883110046387,False
2017-12-22,329361.3731961573,TECL,31307.54349500693,0.0,9.967883110046387,False
2017-12-26,322755.8558085718,TECL,31307.54349500693,0.0,9.967883110046387,False
2017-12-27,323866.3047962144,TECL,31307.54349500693,0.0,9.967883110046387,False
2017-12-28,325033.60189292533,TECL,31307.54349500693,0.0,9.967883110046387,False
2017-12-29,319367.78016537626,TECL,31307.54349500693,0.0,9.967883110046387,False
2018-01-02,331240.46594422875,TECL,31307.54349500693,0.0,10.200984954833984,False
2018-01-03,339383.36042427237,TECL,31307.54349500693,0.0,10.200984954833984,False
2018-01-04,345220.1444798286,TECL,31307.54349500693,0.0,10.200984954833984,False
2018-01-05,356267.15924598294,TECL,31307.54349500693,0.0,10.200984954833984,False
2018-01-08,360082.4018515952,TECL,31307.54349500693,0.0,10.200984954833984,False
2018-01-09,356978.9250401433,TECL,31307.54349500693,0.0,10.200984954833984,False
2018-01-10,353021.4725902596,TECL,31307.54349500693,0.0,10.200984954833984,False
2018-01-11,358174.7954773891,TECL,31307.54349500693,0.0,10.200984954833984,False
2018-01-12,363698.28793186625,TECL,31307.54349500693,0.0,10.200984954833984,False
2018-01-16,359513.0250449071,TECL,31307.54349500693,0.0,10.200984954833984,False
2018-01-17,375713.36269819096,TECL,31307.54349500693,0.0,10.200984954833984,False
2018-01-18,377620.96907239704,TECL,31307.54349500693,0.0,10.200984954833984,False
2018-01-19,379073.0142868523,TECL,31307.54349500693,0.0,10.200984954833984,False
2018-01-22,390120.1186246071,TECL,31307.54349500693,0.0,10.200984954833984,False
2018-01-23,396412.43398271396,TECL,31307.54349500693,0.0,10.200984954833984,False
2018-01-24,387187.5145695619,TECL,31307.54349500693,0.0,10.200984954833984,False
2018-01-25,384625.0800818643,TECL,31307.54349500693,0.0,10.200984954833984,False
2018-01-26,401878.9588993221,TECL,31307.54349500693,0.0,10.200984954833984,False
2018-01-29,391543.68007012794,TECL,31307.54349500693,0.0,10.200984954833984,False
2018-01-30,380468.1815350391,TECL,31307.54349500693,0.0,10.200984954833984,False
2018-01-31,389607.6496413877,TECL,31307.54349500693,0.0,10.200984954833984,False
2018-02-01,390120.1186246071,TECL,31307.54349500693,0.0,12.44452953338623,False
2018-02-02,355213.70765340945,TECL,31307.54349500693,0.0,12.44452953338623,False
2018-02-05,344223.59750999336,CASH,0.0,344223.59750999336,,False
2018-02-06,344223.59750999336,CASH,0.0,344223.59750999336,,False
2018-02-07,344223.59750999336,CASH,0.0,344223.59750999336,,False
2018-02-08,344223.59750999336,CASH,0.0,344223.59750999336,,False
2018-02-09,344223.59750999336,CASH,0.0,344223.59750999336,,False
2018-02-12,344223.59750999336,CASH,0.0,344223.59750999336,,False
2018-02-13,344223.59750999336,CASH,0.0,344223.59750999336,,False
2018-02-14,344223.59750999336,CASH,0.0,344223.59750999336,,False
2018-02-15,344223.59750999336,CASH,0.0,344223.59750999336,,False
2018-02-16,344223.59750999336,CASH,0.0,344223.59750999336,,False
2018-02-20,344223.59750999336,CASH,0.0,344223.59750999336,,False
2018-02-21,344223.59750999336,CASH,0.0,344223.59750999336,,False
2018-02-22,344223.59750999336,CASH,0.0,344223.59750999336,,False
2018-02-23,344223.59750999336,CASH,0.0,344223.59750999336,,False
2018-02-26,344223.59750999336,CASH,0.0,344223.59750999336,,False
2018-02-27,344223.59750999336,CASH,0.0,344223.59750999336,,False
2018-02-28,344223.59750999336,CASH,0.0,344223.59750999336,,False
2018-03-01,344223.59750999336,TQQQ,54903.156044364114,0.0,6.269650459289551,False
2018-03-02,353686.93799651053,TQQQ,54903.156044364114,0.0,6.269650459289551,False
2018-03-05,364781.8338437459,TQQQ,54903.156044364114,0.0,6.269650459289551,False
2018-03-06,369393.7573849309,TQQQ,54903.156044364114,0.0,6.269650459289551,False
2018-03-07,372156.6232477706,TQQQ,54903.156044364114,0.0,6.269650459289551,False
2018-03-08,377704.0580814558,TQQQ,54903.156044364114,0.0,6.269650459289551,False
2018-03-09,399697.99820657534,TQQQ,54903.156044364114,0.0,6.269650459289551,False
2018-03-12,405680.5423949746,TQQQ,54903.156044364114,0.0,6.269650459289551,False
2018-03-13,390952.64051506616,TQQQ,54903.156044364114,0.0,6.269650459289551,False
2018-03-14,389625.5308033234,TQQQ,54903.156044364114,0.0,6.269650459289551,False
2018-03-15,387885.1719240618,TQQQ,54903.156044364114,0.0,6.269650459289551,False
2018-03-16,385318.15763057326,TQQQ,54903.156044364114,0.0,6.269650459289551,False
2018-03-19,361127.0199836072,TQQQ,54903.156044364114,0.0,6.269650459289551,False
2018-03-20,363781.1346876333,TQQQ,54903.156044364114,0.0,6.269650459289551,False
2018-03-21,358516.44239491754,TQQQ,54903.156044364114,0.0,6.269650459289551,False
2018-03-22,332323.82789613167,TQQQ,54903.156044364114,0.0,6.269650459289551,False
2018-03-23,309801.237758994,CASH,0.0,309801.237758994,,False
2018-03-26,309801.237758994,CASH,0.0,309801.237758994,,False
2018-03-27,309801.237758994,CASH,0.0,309801.237758994,,False
2018-03-28,309801.237758994,CASH,0.0,309801.237758994,,False
2018-03-29,309801.237758994,CASH,0.0,309801.237758994,,False
2018-04-02,309801.237758994,TQQQ,59620.195147884515,0.0,5.19624662399292,False
2018-04-03,320195.693235438,TQQQ,59620.195147884515,0.0,5.19624662399292,False
2018-04-04,335338.43793173356,TQQQ,59620.195147884515,0.0,5.19624662399292,False
2018-04-05,340606.52526258695,TQQQ,59620.195147884515,0.0,5.19624662399292,False
2018-04-06,315187.47653096117,TQQQ,59620.195147884515,0.0,5.19624662399292,False
2018-04-09,321494.9610799474,TQQQ,59620.195147884515,0.0,5.19624662399292,False
2018-04-10,342732.6541910217,TQQQ,59620.195147884515,0.0,5.19624662399292,False
2018-04-11,336968.50706806197,TQQQ,59620.195147884515,0.0,5.19624662399292,False
2018-04-12,348780.3249718803,TQQQ,59620.195147884515,0.0,5.19624662399292,False
2018-04-13,343606.79290886724,TQQQ,59620.195147884515,0.0,5.19624662399292,False
2018-04-16,351189.9775582139,TQQQ,59620.195147884515,0.0,5.19624662399292,False
2018-04-17,373656.1499939773,TQQQ,59620.195147884515,0.0,5.19624662399292,False
2018-04-18,376254.71411212056,TQQQ,59620.195147884515,0.0,5.19624662399292,False
2018-04-19,366025.6308524616,TQQQ,59620.195147884515,0.0,5.19624662399292,False
2018-04-20,348473.205140708,TQQQ,59620.195147884515,0.0,5.19624662399292,False
2018-04-23,345732.8934081776,TQQQ,59620.195147884515,0.0,5.19624662399292,False
2018-04-24,323691.9638155758,TQQQ,59620.195147884515,0.0,5.19624662399292,False
2018-04-25,324967.7207741851,TQQQ,59620.195147884515,0.0,5.19624662399292,False
2018-04-26,345118.5968875842,TQQQ,59620.195147884515,0.0,5.19624662399292,False
2018-04-27,345921.9186564849,TQQQ,59620.195147884515,0.0,5.19624662399292,False
2018-04-30,338551.2985704702,TQQQ,59620.195147884515,0.0,5.19624662399292,False
2018-05-01,349559.9652801343,TECL,32835.81466520343,0.0,10.645691871643066,False
2018-05-02,348305.8126222999,TECL,32835.81466520343,0.0,10.645691871643066,False
2018-05-03,351082.8917772245,TECL,32835.81466520343,0.0,10.645691871643066,False
2018-05-04,371090.18088508106,TECL,32835.81466520343,0.0,10.645691871643066,False
2018-05-07,378884.05855938204,TECL,32835.81466520343,0.0,10.645691871643066,False
2018-05-08,380377.1734876767,TECL,32835.81466520343,0.0,10.645691871643066,False
2018-05-09,394412.12814104685,TECL,32835.81466520343,0.0,10.645691871643066,False
2018-05-10,409940.07246401923,TECL,32835.81466520343,0.0,10.645691871643066,False
2018-05-11,408237.9634074252,TECL,32835.81466520343,0.0,10.645691871643066,False
2018-05-14,407879.7235471099,TECL,32835.81466520343,0.0,10.645691871643066,False
2018-05-15,396173.92296457797,TECL,32835.81466520343,0.0,10.645691871643066,False
2018-05-16,401608.77236989915,TECL,32835.81466520343,0.0,10.645691871643066,False
2018-05-17,395516.87849349977,TECL,32835.81466520343,0.0,10.645691871643066,False
2018-05-18,390410.6139530639,TECL,32835.81466520343,0.0,10.645691871643066,False
2018-05-21,400235.0602901518,TECL,32835.81466520343,0.0,10.645691871643066,False
2018-05-22,398204.5542567111,TECL,32835.81466520343,0.0,10.645691871643066,False
2018-05-23,407312.30167045677,TECL,32835.81466520343,0.0,10.645691871643066,False
2018-05-24,405669.94101014605,TECL,32835.81466520343,0.0,10.645691871643066,False
2018-05-25,404803.83978142234,TECL,32835.81466520343,0.0,10.645691871643066,False
2018-05-29,397069.7105034047,TECL,32835.81466520343,0.0,10.645691871643066,False
2018-05-30,405819.18674216204,TECL,32835.81466520343,0.0,10.645691871643066,False
2018-05-31,405968.5577328704,TECL,32835.81466520343,0.0,10.645691871643066,False
2018-06-01,427319.5594636402,TECL,32835.81466520343,0.0,12.363590240478516,False
2018-06-04,437084.32003379095,TECL,32835.81466520343,0.0,12.363590240478516,False
2018-06-05,442638.5409729864,TECL,32835.81466520343,0.0,12.363590240478516,False
2018-06-06,450223.36188964185,TECL,32835.81466520343,0.0,12.363590240478516,False
2018-06-07,438039.8559689011,TECL,32835.81466520343,0.0,12.363590240478516,False
2018-06-08,437442.6851527986,TECL,32835.81466520343,0.0,12.363590240478516,False
2018-06-11,441145.519988711,TECL,32835.81466520343,0.0,12.363590240478516,False
2018-06-12,445594.92794610723,TECL,32835.81466520343,0.0,12.363590240478516,False
2018-06-13,438428.0952860504,TECL,32835.81466520343,0.0,12.363590240478516,False
2018-06-14,447028.2631634455,TECL,32835.81466520343,0.0,12.363590240478516,False
2018-06-15,442787.9119636947,TECL,32835.81466520343,0.0,12.363590240478516,False
2018-06-18,443653.8879337261,TECL,32835.81466520343,0.0,12.363590240478516,False
2018-06-19,436297.0065225981,TECL,32835.81466520343,0.0,12.363590240478516,False
2018-06-20,439617.89629065513,TECL,32835.81466520343,0.0,12.363590240478516,False
2018-06-21,429146.5514365749,TECL,32835.81466520343,0.0,12.363590240478516,False
2018-06-22,424748.59348708927,TECL,32835.81466520343,0.0,12.363590240478516,False
2018-06-25,398480.43652676156,TECL,32835.81466520343,0.0,12.363590240478516,False
2018-06-26,402938.17418720364,TECL,32835.81466520343,0.0,12.363590240478516,False
2018-06-27,386662.7173025542,TECL,32835.81466520343,0.0,12.363590240478516,False
2018-06-28,400245.613334988,TECL,32835.81466520343,0.0,12.363590240478516,False
2018-06-29,398779.61691360176,TECL,32835.81466520343,0.0,12.363590240478516,False
2018-07-02,410686.9900469073,TECL,32835.81466520343,0.0,12.144654273986816,False
2018-07-03,395608.22339494555,TECL,32835.81466520343,0.0,12.144654273986816,False
2018-07-05,411883.7742236143,TECL,32835.81466520343,0.0,12.144654273986816,False
2018-07-06,426783.04516934115,TECL,32835.81466520343,0.0,12.144654273986816,False
2018-07-09,436416.6912032034,TECL,32835.81466520343,0.0,12.144654273986816,False
2018-07-10,439468.33741190814,TECL,32835.81466520343,0.0,12.144654273986816,False
2018-07-11,432646.9682255399,TECL,32835.81466520343,0.0,12.144654273986816,False
2018-07-12,454247.9236770296,TECL,32835.81466520343,0.0,12.144654273986816,False
2018-07-13,452991.35978936614,TECL,32835.81466520343,0.0,12.144654273986816,False
2018-07-16,449909.83938251977,TECL,32835.81466520343,0.0,12.144654273986816,False
2018-07-17,459304.1160551714,TECL,32835.81466520343,0.0,12.144654273986816,False
2018-07-18,457269.66437291953,TECL,32835.81466520343,0.0,12.144654273986816,False
2018-07-19,452662.30520438426,TECL,32835.81466520343,0.0,12.144654273986816,False
2018-07-20,451974.16526291333,TECL,32835.81466520343,0.0,12.144654273986816,False
2018-07-23,458735.5981649596,TECL,32835.81466520343,0.0,12.144654273986816,False
2018-07-24,466753.68889868865,TECL,32835.81466520343,0.0,12.144654273986816,False
2018-07-25,483477.9789929446,TECL,32835.81466520343,0.0,12.144654273986816,False
2018-07-26,461936.8658817575,TECL,32835.81466520343,0.0,12.144654273986816,False
2018-07-27,437074.9256318596,TECL,32835.81466520343,0.0,12.144654273986816,False
2018-07-30,417358.8316692016,TECL,32835.81466520343,0.0,12.144654273986816,False
2018-07-31,420859.1545141473,TECL,32835.81466520343,0.0,12.144654273986816,False
2018-08-01,431270.7509719442,TECL,32835.81466520343,0.0,12.817076683044434,False
2018-08-02,448234.37911273766,TECL,32835.81466520343,0.0,12.817076683044434,False
2018-08-03,452961.5169058976,TECL,32835.81466520343,0.0,12.817076683044434,False
2018-08-06,460560.6799428349,TECL,32835.81466520343,0.0,12.817076683044434,False
2018-08-07,465257.8182791607,TECL,32835.81466520343,0.0,12.817076683044434,False
2018-08-08,468698.4240424962,TECL,32835.81466520343,0.0,12.817076683044434,False
2018-08-09,469266.8793033618,TECL,32835.81466520343,0.0,12.817076683044434,False
2018-08-10,458227.01655906974,TECL,32835.81466520343,0.0,12.817076683044434,False
2018-08-13,456461.9336948626,TECL,32835.81466520343,0.0,12.817076683044434,False
2018-08-14,464719.299845783,TECL,32835.81466520343,0.0,12.817076683044434,False
2018-08-15,452452.81004131533,TECL,32835.81466520343,0.0,12.817076683044434,False
2018-08-16,457598.81290192076,TECL,32835.81466520343,0.0,12.817076683044434,False
2018-08-17,459782.72951890033,TECL,32835.81466520343,0.0,12.817076683044434,False
2018-08-20,457359.412226037,TECL,32835.81466520343,0.0,12.817076683044434,False
2018-08-21,459214.2429433616,TECL,32835.81466520343,0.0,12.817076683044434,False
2018-08-22,463223.42922625504,TECL,32835.81466520343,0.0,12.817076683044434,False
2018-08-23,465826.27354002633,TECL,32835.81466520343,0.0,12.817076683044434,False
2018-08-24,479977.5622039796,TECL,32835.81466520343,0.0,12.817076683044434,False
2018-08-27,493321.15150454897,TECL,32835.81466520343,0.0,12.817076683044434,False
2018-08-28,494876.89577905263,TECL,32835.81466520343,0.0,12.817076683044434,False
2018-08-29,508699.03591400466,TECL,32835.81466520343,0.0,12.817076683044434,False
2018-08-30,504390.7631882903,TECL,32835.81466520343,0.0,12.817076683044434,False
2018-08-31,505587.5160503242,TECL,32835.81466520343,0.0,12.817076683044434,False
2018-09-04,499753.49850694026,TECL,32835.81466520343,0.0,15.397440910339355,False
2018-09-05,479588.6339640219,TECL,32835.81466520343,0.0,15.397440910339355,False
2018-09-06,469865.2400770422,TECL,32835.81466520343,0.0,15.397440910339355,False
2018-09-07,465108.2594004137,TECL,32835.81466520343,0.0,15.397440910339355,False
2018-09-10,469147.1946227565,TECL,32835.81466520343,0.0,15.397440910339355,False
2018-09-11,481114.53535505704,TECL,32835.81466520343,0.0,15.397440910339355,False
2018-09-12,475818.9423010315,TECL,32835.81466520343,0.0,15.397440910339355,False
2018-09-13,491137.04699953075,TECL,32835.81466520343,0.0,15.397440910339355,False
2018-09-14,490448.93837273296,TECL,32835.81466520343,0.0,15.397440910339355,False
2018-09-17,471690.2592255713,TECL,32835.81466520343,0.0,15.397440910339355,False
2018-09-18,480097.2468845849,TECL,32835.81466520343,0.0,15.397440910339355,False
2018-09-19,477284.9074077447,TECL,32835.81466520343,0.0,15.397440910339355,False
2018-09-20,493500.6158961107,TECL,32835.81466520343,0.0,15.397440910339355,False
2018-09-21,488594.01371138904,TECL,32835.81466520343,0.0,15.397440910339355,False
2018-09-24,493799.73365360475,TECL,32835.81466520343,0.0,15.397440910339355,False
2018-09-25,492889.57267982303,TECL,32835.81466520343,0.0,15.397440910339355,False
2018-09-26,485853.9485000739,TECL,32835.81466520343,0.0,15.397440910339355,False
2018-09-27,494865.59118206194,TECL,32835.81466520343,0.0,15.397440910339355,False
2018-09-28,500613.86915048584,TECL,32835.81466520343,0.0,15.397440910339355,False
2018-10-01,507948.92423445993,TECL,32835.81466520343,0.0,15.245970726013184,False
2018-10-02,507739.4917007372,TECL,32835.81466520343,0.0,15.245970726013184,False
2018-10-03,512380.0131080901,TECL,32835.81466520343,0.0,15.245970726013184,False
2018-10-04,485764.1380176103,TECL,32835.81466520343,0.0,15.245970726013184,False
2018-10-05,466513.16089457314,TECL,32835.81466520343,0.0,15.245970726013184,False
2018-10-08,450552.48223543726,CASH,0.0,450552.48223543726,,False
2018-10-09,450552.48223543726,CASH,0.0,450552.48223543726,,False
2018-10-10,450552.48223543726,CASH,0.0,450552.48223543726,,False
2018-10-11,450552.48223543726,CASH,0.0,450552.48223543726,,False
2018-10-12,450552.48223543726,CASH,0.0,450552.48223543726,,False
2018-10-15,450552.48223543726,CASH,0.0,450552.48223543726,,False
2018-10-16,450552.48223543726,CASH,0.0,450552.48223543726,,False
2018-10-17,450552.48223543726,CASH,0.0,450552.48223543726,,False
2018-10-18,450552.48223543726,CASH,0.0,450552.48223543726,,False
2018-10-19,450552.48223543726,CASH,0.0,450552.48223543726,,False
2018-10-22,450552.48223543726,CASH,0.0,450552.48223543726,,False
2018-10-23,450552.48223543726,CASH,0.0,450552.48223543726,,False
2018-10-24,450552.48223543726,CASH,0.0,450552.48223543726,,False
2018-10-25,450552.48223543726,CASH,0.0,450552.48223543726,,False
2018-10-26,450552.48223543726,CASH,0.0,450552.48223543726,,False
2018-10-29,450552.48223543726,CASH,0.0,450552.48223543726,,False
2018-10-30,450552.48223543726,CASH,0.0,450552.48223543726,,False
2018-10-31,450552.48223543726,CASH,0.0,450552.48223543726,,False
2018-11-01,450552.48223543726,SHY,6446.142815354829,0.0,69.89489608610798,False
2018-11-02,450009.6142125618,SHY,6446.142815354829,0.0,69.89489608610798,False
2018-11-05,450172.56390692823,SHY,6446.142815354829,0.0,69.89489608610798,False
2018-11-06,450063.8315690131,SHY,6446.142815354829,0.0,69.89489608610798,False
2018-11-07,449901.1794996593,SHY,6446.142815354829,0.0,69.89489608610798,False
2018-11-08,449846.4164973518,SHY,6446.142815354829,0.0,69.89489608610798,False
2018-11-09,450063.8315690131,SHY,6446.142815354829,0.0,69.89489608610798,False
2018-11-12,450389.7309577459,SHY,6446.142815354829,0.0,69.89489608610798,False
2018-11-13,450444.24593920965,SHY,6446.142815354829,0.0,69.89489608610798,False
2018-11-14,450769.79809876124,SHY,6446.142815354829,0.0,69.89489608610798,False
2018-11-15,450987.1139620851,SHY,6446.142815354829,0.0,69.89489608610798,False
2018-11-16,451312.7653299742,SHY,6446.142815354829,0.0,69.89489608610798,False
2018-11-19,451692.8820751583,SHY,6446.142815354829,0.0,69.89489608610798,False
2018-11-20,451584.397758087,SHY,6446.142815354829,0.0,69.89489608610798,False
2018-11-21,451584.397758087,SHY,6446.142815354829,0.0,69.89489608610798,False
2018-11-23,451475.7646285093,SHY,6446.142815354829,0.0,69.89489608610798,False
2018-11-26,451530.0315891294,SHY,6446.142815354829,0.0,69.89489608610798,False
2018-11-27,451584.397758087,SHY,6446.142815354829,0.0,69.89489608610798,False
2018-11-28,451747.0498274408,SHY,6446.142815354829,0.0,69.89489608610798,False
2018-11-29,451855.8317695248,SHY,6446.142815354829,0.0,69.89489608610798,False
2018-11-30,452018.63265138475,SHY,6446.142815354829,0.0,69.89489608610798,False
2018-12-03,451648.8335733022,GLD,3879.8111791513556,0.0,116.41000366210938,False
2018-12-04,454403.49595842644,GLD,3879.8111791513556,0.0,116.41000366210938,False
2018-12-06,454481.079157741,GLD,3879.8111791513556,0.0,116.41000366210938,False
2018-12-07,458166.8879376907,GLD,3879.8111791513556,0.0,116.41000366210938,False
2018-12-10,456576.18074655597,GLD,3879.8111791513556,0.0,116.41000366210938,False
2018-12-11,456033.0095495236,GLD,3879.8111791513556,0.0,116.41000366210938,False
2018-12-12,457002.9623443114,GLD,3879.8111791513556,0.0,116.41000366210938,False
2018-12-13,455994.2031495612,GLD,3879.8111791513556,0.0,116.41000366210938,False
2018-12-14,454170.6871592624,GLD,3879.8111791513556,0.0,116.41000366210938,False
2018-12-17,457313.35434279,GLD,3879.8111791513556,0.0,116.41000366210938,False
2018-12-18,458399.69673685473,GLD,3879.8111791513556,0.0,116.41000366210938,False
2018-12-19,455606.2279517681,GLD,3879.8111791513556,0.0,116.41000366210938,False
2018-12-20,462628.6767138368,GLD,3879.8111791513556,0.0,116.41000366210938,False
2018-12-21,460611.1879249466,GLD,3879.8111791513556,0.0,116.41000366210938,False
2018-12-24,465654.9246974772,GLD,3879.8111791513556,0.0,116.41000366210938,False
2018-12-26,464258.21990554413,GLD,3879.8111791513556,0.0,116.41000366210938,False
2018-12-27,467788.8326862545,GLD,3879.8111791513556,0.0,116.41000366210938,False
2018-12-28,469689.9318758678,GLD,3879.8111791513556,0.0,116.41000366210938,False
2018-12-31,470427.1054721019,GLD,3879.8111791513556,0.0,116.41000366210938,False
2019-01-02,470737.49747058045,GLD,3879.8111791513556,0.0,121.25,False
2019-01-03,475005.2838475249,GLD,3879.8111791513556,0.0,121.25,False
2019-01-04,471164.2790683359,GLD,3879.8111791513556,0.0,121.25,False
2019-01-07,472793.79265943303,GLD,3879.8111791513556,0.0,121.25,False
2019-01-08,471513.4478661666,GLD,3879.8111791513556,0.0,121.25,False
2019-01-09,474539.69584980706,GLD,3879.8111791513556,0.0,121.25,False
2019-01-10,471746.2270647204,GLD,3879.8111791513556,0.0,121.25,False
2019-01-11,472561.0134608792,GLD,3879.8111791513556,0.0,121.25,False
2019-01-14,473686.1326542961,GLD,3879.8111791513556,0.0,121.25,False
2019-01-15,472871.3758587476,GLD,3879.8111791513556,0.0,121.25,False
2019-01-16,474384.4998505678,GLD,3879.8111791513556,0.0,121.25,False
2019-01-17,473763.74545422086,GLD,3879.8111791513556,0.0,121.25,False
2019-01-18,469534.73587662855,GLD,3879.8111791513556,0.0,121.25,False
2019-01-22,471203.0558676881,GLD,3879.8111791513556,0.0,121.25,False
2019-01-23,470543.49507137877,GLD,3879.8111791513556,0.0,121.25,False
2019-01-24,469806.32147514477,GLD,3879.8111791513556,0.0,121.25,False
2019-01-25,476673.6038385844,GLD,3879.8111791513556,0.0,121.25,False
2019-01-28,478341.92382964387,GLD,3879.8111791513556,0.0,121.25,False
2019-01-29,481019.0030154536,GLD,3879.8111791513556,0.0,121.25,False
2019-01-30,483773.6654005778,GLD,3879.8111791513556,0.0,121.25,False
2019-01-31,484006.4445991316,GLD,3879.8111791513556,0.0,121.25,False
2019-02-01,483036.49180434376,GLD,3879.8111791513556,0.0,124.75,False
2019-02-04,480941.39021552884,GLD,3879.8111791513556,0.0,124.75,False
2019-02-05,482182.9286088328,GLD,3879.8111791513556,0.0,124.75,False
2019-02-06,478923.9014266386,GLD,3879.8111791513556,0.0,124.75,False
2019-02-07,480087.8270200179,GLD,3879.8111791513556,0.0,124.75,False
2019-02-08,481911.34301031666,GLD,3879.8111791513556,0.0,124.75,False
2019-02-11,479544.6558229855,GLD,3879.8111791513556,0.0,124.75,False
2019-02-12,480553.41501773574,GLD,3879.8111791513556,0.0,124.75,False
2019-02-13,478652.31582812243,GLD,3879.8111791513556,0.0,124.75,False
2019-02-14,481329.36541332194,GLD,3879.8111791513556,0.0,124.75,False
2019-02-15,484200.44699833327,GLD,3879.8111791513556,0.0,124.75,False
2019-02-19,491572.06455823267,GLD,3879.8111791513556,0.0,124.75,False
2019-02-20,490718.5309633319,GLD,3879.8111791513556,0.0,124.75,False
2019-02-21,485170.3997931211,GLD,3879.8111791513556,0.0,124.75,False
2019-02-22,486916.3029834951,GLD,3879.8111791513556,0.0,124.75,False
2019-02-25,486411.93818642513,GLD,3879.8111791513556,0.0,124.75,False
2019-02-26,487226.6949819737,GLD,3879.8111791513556,0.0,124.75,False
2019-02-27,483773.6654005778,GLD,3879.8111791513556,0.0,124.75,False
2019-02-28,481057.7798148057,GLD,3879.8111791513556,0.0,124.75,False
2019-03-01,472871.3758587476,GLD,3879.8111791513556,0.0,123.98999786376953,False
2019-03-04,471629.83746544353,GLD,3879.8111791513556,0.0,123.98999786376953,False
2019-03-05,472250.62146240065,GLD,3879.8111791513556,0.0,123.98999786376953,False
2019-03-06,471823.83986464515,GLD,3879.8111791513556,0.0,123.98999786376953,False
2019-03-07,471435.86466685205,GLD,3879.8111791513556,0.0,123.98999786376953,False
2019-03-08,476595.99103865965,GLD,3879.8111791513556,0.0,123.98999786376953,False
2019-03-11,474268.11025129084,GLD,3879.8111791513556,0.0,123.98999786376953,False
2019-03-12,477139.1918363022,GLD,3879.8111791513556,0.0,123.98999786376953,False
2019-03-13,480475.802217811,GLD,3879.8111791513556,0.0,123.98999786376953,False
2019-03-14,474927.70064821036,GLD,3879.8111791513556,0.0,123.98999786376953,False
2019-03-15,477100.3854363398,GLD,3879.8111791513556,0.0,123.98999786376953,False
2019-03-18,477371.97103485605,GLD,3879.8111791513556,0.0,123.98999786376953,False
2019-03-19,478691.0926274746,GLD,3879.8111791513556,0.0,123.98999786376953,False
2019-03-20,481794.9534110398,GLD,3879.8111791513556,0.0,123.98999786376953,False
2019-03-21,479855.0478214641,GLD,3879.8111791513556,0.0,123.98999786376953,False
2019-03-22,480980.1966154912,GLD,3879.8111791513556,0.0,123.98999786376953,False
2019-03-25,484666.0053954409,GLD,3879.8111791513556,0.0,123.98999786376953,False
2019-03-26,482260.54140875756,GLD,3879.8111791513556,0.0,123.98999786376953,False
2019-03-27,479738.65822218714,GLD,3879.8111791513556,0.0,123.98999786376953,False
2019-03-28,472948.9886586723,GLD,3879.8111791513556,0.0,123.98999786376953,False
2019-03-29,473375.77025642776,GLD,3879.8111791513556,0.0,123.98999786376953,False
2019-04-01,471513.4478661666,GLD,3879.8111791513556,0.0,122.01000213623047,False
2019-04-02,473259.3806571508,GLD,3879.8111791513556,0.0,122.01000213623047,False
2019-04-03,472561.0134608792,GLD,3879.8111791513556,0.0,122.01000213623047,False
2019-04-04,473763.74545422086,GLD,3879.8111791513556,0.0,122.01000213623047,False
2019-04-05,473259.3806571508,GLD,3879.8111791513556,0.0,122.01000213623047,False
2019-04-08,475315.67584600346,GLD,3879.8111791513556,0.0,122.01000213623047,False
2019-04-09,477798.7526326115,GLD,3879.8111791513556,0.0,122.01000213623047,False
2019-04-10,479273.07022446935,GLD,3879.8111791513556,0.0,122.01000213623047,False
2019-04-11,473142.96145726374,GLD,3879.8111791513556,0.0,122.01000213623047,False
2019-04-12,472677.4030601561,GLD,3879.8111791513556,0.0,122.01000213623047,False
2019-04-15,471785.0334646828,GLD,3879.8111791513556,0.0,122.01000213623047,False
2019-04-16,467556.0534877007,GLD,3879.8111791513556,0.0,122.01000213623047,False
2019-04-17,466663.6838922274,GLD,3879.8111791513556,0.0,122.01000213623047,False
2019-04-18,467012.8822906683,GLD,3879.8111791513556,0.0,122.01000213623047,False
2019-04-22,467012.8822906683,GLD,3879.8111791513556,0.0,122.01000213623047,False
2019-04-23,466042.9294958805,GLD,3879.8111791513556,0.0,122.01000213623047,False
2019-04-24,467400.8574884614,GLD,3879.8111791513556,0.0,122.01000213623047,False
2019-04-25,467788.8326862545,GLD,3879.8111791513556,0.0,122.01000213623047,False
2019-04-26,470892.69346981973,GLD,3879.8111791513556,0.0,122.01000213623047,False
2019-04-29,468797.59188100474,GLD,3879.8111791513556,0.0,122.01000213623047,False
2019-04-30,470233.1030729002,GLD,3879.8111791513556,0.0,122.01000213623047,False
2019-05-01,467129.27188994526,TQQQ,60049.33982838614,0.0,7.779090881347656,False
2019-05-02,461409.07770904823,TQQQ,60049.33982838614,0.0,7.779090881347656,False
2019-05-03,483145.90722447785,TQQQ,60049.33982838614,0.0,7.779090881347656,False
2019-05-06,474494.07451237785,TQQQ,60049.33982838614,0.0,7.779090881347656,False
2019-05-07,446893.96793454216,TQQQ,60049.33982838614,0.0,7.779090881347656,False
2019-05-08,442961.35054166353,TQQQ,60049.33982838614,0.0,7.779090881347656,False
2019-05-09,420416.3447009507,CASH,0.0,420416.3447009507,,False
2019-05-10,420416.3447009507,CASH,0.0,420416.3447009507,,False
2019-05-13,420416.3447009507,CASH,0.0,420416.3447009507,,False
2019-05-14,420416.3447009507,CASH,0.0,420416.3447009507,,False
2019-05-15,420416.3447009507,CASH,0.0,420416.3447009507,,False
2019-05-16,420416.3447009507,CASH,0.0,420416.3447009507,,False
2019-05-17,420416.3447009507,CASH,0.0,420416.3447009507,,False
2019-05-20,420416.3447009507,CASH,0.0,420416.3447009507,,False
2019-05-21,420416.3447009507,CASH,0.0,420416.3447009507,,False
2019-05-22,420416.3447009507,CASH,0.0,420416.3447009507,,False
2019-05-23,420416.3447009507,CASH,0.0,420416.3447009507,,False
2019-05-24,420416.3447009507,CASH,0.0,420416.3447009507,,False
2019-05-28,420416.3447009507,CASH,0.0,420416.3447009507,,False
2019-05-29,420416.3447009507,CASH,0.0,420416.3447009507,,False
2019-05-30,420416.3447009507,CASH,0.0,420416.3447009507,,False
2019-05-31,420416.3447009507,CASH,0.0,420416.3447009507,,False
2019-06-03,420416.3447009507,TQQQ,75105.73626390685,0.0,5.597659587860107,False
2019-06-04,454489.6733794317,TQQQ,75105.73626390685,0.0,5.597659587860107,False
2019-06-05,464505.9107901151,TQQQ,75105.73626390685,0.0,5.597659587860107,False
2019-06-06,475237.6602403724,TQQQ,75105.73626390685,0.0,5.597659587860107,False
2019-06-07,502335.36431080813,TQQQ,75105.73626390685,0.0,5.597659587860107,False
2019-06-10,520668.78902048426,TQQQ,75105.73626390685,0.0,5.597659587860107,False
2019-06-11,522636.25910998194,TQQQ,75105.73626390685,0.0,5.597659587860107,False
2019-06-12,513782.5899874336,TQQQ,75105.73626390685,0.0,5.597659587860107,False
2019-06-13,522189.1312350092,TQQQ,75105.73626390685,0.0,5.597659587860107,False
2019-06-14,515392.3219637472,TQQQ,75105.73626390685,0.0,5.597659587860107,False
2019-06-17,524782.6877890863,TQQQ,75105.73626390685,0.0,5.597659587860107,False
2019-06-18,547498.2163659363,TQQQ,75105.73626390685,0.0,5.597659587860107,False
2019-06-19,553937.2158976026,TQQQ,75105.73626390685,0.0,5.597659587860107,False
2019-06-20,569140.5664164401,TQQQ,75105.73626390685,0.0,5.597659587860107,False
2019-06-21,566547.0456755689,TQQQ,75105.73626390685,0.0,5.597659587860107,False
2019-06-24,566368.1587123739,TQQQ,75105.73626390685,0.0,5.597659587860107,False
2019-06-25,537392.4817538467,TQQQ,75105.73626390685,0.0,5.597659587860107,False
2019-06-26,544189.1835854911,TQQQ,75105.73626390685,0.0,5.597659587860107,False
2019-06-27,550091.7012936018,TQQQ,75105.73626390685,0.0,5.597659587860107,False
2019-06-28,552416.9094962835,TQQQ,75105.73626390685,0.0,5.597659587860107,False
2019-07-01,574416.9618467655,TECL,37887.49126741492,0.0,15.161124229431152,False
2019-07-02,578748.9749679166,TECL,37887.49126741492,0.0,15.161124229431152,False
2019-07-03,590393.1233041385,TECL,37887.49126741492,0.0,15.161124229431152,False
2019-07-05,588313.8162630028,TECL,37887.49126741492,0.0,15.161124229431152,False
2019-07-08,574104.9592002295,TECL,37887.49126741492,0.0,15.161124229431152,False
2019-07-09,579719.3808831474,TECL,37887.49126741492,0.0,15.161124229431152,False
2019-07-10,593061.6040747955,TECL,37887.49126741492,0.0,15.161124229431152,False
2019-07-11,600027.2664030528,TECL,37887.49126741492,0.0,15.161124229431152,False
2019-07-12,613543.1776921994,TECL,37887.49126741492,0.0,15.161124229431152,False
2019-07-15,618395.0266067162,TECL,37887.49126741492,0.0,15.161124229431152,False
2019-07-16,601344.2536020789,TECL,37887.49126741492,0.0,15.161124229431152,False
2019-07-17,596977.6979759957,TECL,37887.49126741492,0.0,15.161124229431152,False
2019-07-18,610666.6831130759,TECL,37887.49126741492,0.0,15.161124229431152,False
2019-07-19,600304.7626769841,TECL,37887.49126741492,0.0,15.161124229431152,False
2019-07-22,622830.703374991,TECL,37887.49126741492,0.0,15.161124229431152,False
2019-07-23,632118.4458517465,TECL,37887.49126741492,0.0,15.161124229431152,False
2019-07-24,648406.6822203102,TECL,37887.49126741492,0.0,15.161124229431152,False
2019-07-25,632707.6918459224,TECL,37887.49126741492,0.0,15.161124229431152,False
2019-07-26,644074.5607021771,TECL,37887.49126741492,0.0,15.161124229431152,False
2019-07-29,643242.9390562393,TECL,37887.49126741492,0.0,15.161124229431152,False
2019-07-30,629935.1138402139,TECL,37887.49126741492,0.0,15.161124229431152,False
2019-07-31,600893.900274178,TECL,37887.49126741492,0.0,15.161124229431152,False
2019-08-01,592507.1173795157,TQQQ,76932.05587814562,0.0,7.701693534851074,False
2019-08-02,565391.7621306666,TQQQ,76932.05587814562,0.0,7.701693534851074,False
2019-08-05,530764.6859460635,CASH,0.0,530764.6859460635,,False
2019-08-06,530764.6859460635,CASH,0.0,530764.6859460635,,False
2019-08-07,530764.6859460635,CASH,0.0,530764.6859460635,,False
2019-08-08,530764.6859460635,CASH,0.0,530764.6859460635,,False
2019-08-09,530764.6859460635,CASH,0.0,530764.6859460635,,False
2019-08-12,530764.6859460635,CASH,0.0,530764.6859460635,,False
2019-08-13,530764.6859460635,CASH,0.0,530764.6859460635,,False
2019-08-14,530764.6859460635,CASH,0.0,530764.6859460635,,False
2019-08-15,530764.6859460635,CASH,0.0,530764.6859460635,,False
2019-08-16,530764.6859460635,CASH,0.0,530764.6859460635,,False
2019-08-19,530764.6859460635,CASH,0.0,530764.6859460635,,False
2019-08-20,530764.6859460635,CASH,0.0,530764.6859460635,,False
2019-08-21,530764.6859460635,CASH,0.0,530764.6859460635,,False
2019-08-22,530764.6859460635,CASH,0.0,530764.6859460635,,False
2019-08-23,530764.6859460635,CASH,0.0,530764.6859460635,,False
2019-08-26,530764.6859460635,CASH,0.0,530764.6859460635,,False
2019-08-27,530764.6859460635,CASH,0.0,530764.6859460635,,False
2019-08-28,530764.6859460635,CASH,0.0,530764.6859460635,,False
2019-08-29,530764.6859460635,CASH,0.0,530764.6859460635,,False
2019-08-30,530764.6859460635,CASH,0.0,530764.6859460635,,False
2019-09-03,530764.6859460635,TQQQ,75897.21582128387,0.0,6.993203639984131,False
2019-09-04,553087.0558642038,TQQQ,75897.21582128387,0.0,6.993203639984131,False
2019-09-05,583633.3444234408,TQQQ,75897.21582128387,0.0,6.993203639984131,False
2019-09-06,582006.6125728401,TQQQ,75897.21582128387,0.0,6.993203639984131,False
2019-09-09,578301.3452625951,TQQQ,75897.21582128387,0.0,6.993203639984131,False
2019-09-10,573511.5176707244,TQQQ,75897.21582128387,0.0,6.993203639984131,False
2019-09-11,588965.4159655117,TQQQ,75897.21582128387,0.0,6.993203639984131,False
2019-09-12,596285.6550072957,TQQQ,75897.21582128387,0.0,6.993203639984131,False
2019-09-13,589959.4997153681,TQQQ,75897.21582128387,0.0,6.993203639984131,False
2019-09-16,581825.8404623648,TQQQ,75897.21582128387,0.0,6.993203639984131,False
2019-09-17,589507.7322969373,TQQQ,75897.21582128387,0.0,6.993203639984131,False
2019-09-18,589146.1518853742,TQQQ,75897.21582128387,0.0,6.993203639984131,False
2019-09-19,591767.0398670568,TQQQ,75897.21582128387,0.0,6.993203639984131,False
2019-09-20,573150.0096403867,TQQQ,75897.21582128387,0.0,6.993203639984131,False
2019-09-23,573692.2173999742,TQQQ,75897.21582128387,0.0,6.993203639984131,False
2019-09-24,551008.4480233343,TQQQ,75897.21582128387,0.0,6.993203639984131,False
2019-09-25,568631.2859283097,TQQQ,75897.21582128387,0.0,6.993203639984131,False
2019-09-26,562937.7425465137,TQQQ,75897.21582128387,0.0,6.993203639984131,False
2019-09-27,542513.2807399932,TQQQ,75897.21582128387,0.0,6.993203639984131,False
2019-09-30,556973.0229036986,TQQQ,75897.21582128387,0.0,6.993203639984131,False
2019-10-01,543507.4368710751,TQQQ,75897.21582128387,0.0,7.338517189025879,False
2019-10-02,515672.29568161396,TQQQ,75897.21582128387,0.0,7.338517189025879,False
2019-10-03,501275.72061332874,CASH,0.0,501275.72061332874,,False
2019-10-04,501275.72061332874,CASH,0.0,501275.72061332874,,False
2019-10-07,501275.72061332874,CASH,0.0,501275.72061332874,,False
2019-10-08,501275.72061332874,CASH,0.0,501275.72061332874,,False
2019-10-09,501275.72061332874,CASH,0.0,501275.72061332874,,False
2019-10-10,501275.72061332874,CASH,0.0,501275.72061332874,,False
2019-10-11,501275.72061332874,CASH,0.0,501275.72061332874,,False
2019-10-14,501275.72061332874,CASH,0.0,501275.72061332874,,False
2019-10-15,501275.72061332874,CASH,0.0,501275.72061332874,,False
2019-10-16,501275.72061332874,CASH,0.0,501275.72061332874,,False
2019-10-17,501275.72061332874,CASH,0.0,501275.72061332874,,False
2019-10-18,501275.72061332874,CASH,0.0,501275.72061332874,,False
2019-10-21,501275.72061332874,CASH,0.0,501275.72061332874,,False
2019-10-22,501275.72061332874,CASH,0.0,501275.72061332874,,False
2019-10-23,501275.72061332874,CASH,0.0,501275.72061332874,,False
2019-10-24,501275.72061332874,CASH,0.0,501275.72061332874,,False
2019-10-25,501275.72061332874,CASH,0.0,501275.72061332874,,False
2019-10-28,501275.72061332874,CASH,0.0,501275.72061332874,,False
2019-10-29,501275.72061332874,CASH,0.0,501275.72061332874,,False
2019-10-30,501275.72061332874,CASH,0.0,501275.72061332874,,False
2019-10-31,501275.72061332874,CASH,0.0,501275.72061332874,,False
2019-11-01,501275.72061332874,TECL,28681.639432327833,0.0,17.47723388671875,False
2019-11-04,509149.53875048796,TECL,28681.639432327833,0.0,17.47723388671875,False
2019-11-05,507023.72273581504,TECL,28681.639432327833,0.0,17.47723388671875,False
2019-11-06,507495.9986475645,TECL,28681.639432327833,0.0,17.47723388671875,False
2019-11-07,518388.1593255396,TECL,28681.639432327833,0.0,17.47723388671875,False
2019-11-08,527049.5780999578,TECL,28681.639432327833,0.0,17.47723388671875,False
2019-11-11,527994.4034528855,TECL,28681.639432327833,0.0,17.47723388671875,False
2019-11-12,532508.7331456415,TECL,28681.639432327833,0.0,17.47723388671875,False
2019-11-13,537101.7846080035,TECL,28681.639432327833,0.0,17.47723388671875,False
2019-11-14,534844.6197616254,TECL,28681.639432327833,0.0,17.47723388671875,False
2019-11-15,547495.1917255222,TECL,28681.639432327833,0.0,17.47723388671875,False
2019-11-18,552482.0161535707,TECL,28681.639432327833,0.0,17.47723388671875,False
2019-11-19,555867.7634231377,TECL,28681.639432327833,0.0,17.47723388671875,False
2019-11-20,544844.4180311149,TECL,28681.639432327833,0.0,17.47723388671875,False
2019-11-21,537600.3740508026,TECL,28681.639432327833,0.0,17.47723388671875,False
2019-11-22,535500.8715671792,TECL,28681.639432327833,0.0,17.47723388671875,False
2019-11-25,557941.1711992545,TECL,28681.639432327833,0.0,17.47723388671875,False
2019-11-26,558466.1835848746,TECL,28681.639432327833,0.0,17.47723388671875,False
2019-11-27,568229.707133775,TECL,28681.639432327833,0.0,17.47723388671875,False
2019-11-29,562455.610303782,TECL,28681.639432327833,0.0,17.47723388671875,False
2019-12-02,539962.6289037218,TQQQ,60269.664705019706,0.0,8.959111213684082,False
2019-12-03,527834.3314033579,TQQQ,60269.664705019706,0.0,8.959111213684082,False
2019-12-04,535656.9795439681,TQQQ,60269.664705019706,0.0,8.959111213684082,False
2019-12-05,538455.6803666237,TQQQ,60269.664705019706,0.0,8.959111213684082,False
2019-12-06,555105.1683440696,TQQQ,60269.664705019706,0.0,8.959111213684082,False
2019-12-09,548287.5740641543,TQQQ,60269.664705019706,0.0,8.959111213684082,False
2019-12-10,547067.4963848125,TQQQ,60269.664705019706,0.0,8.959111213684082,False
2019-12-11,555320.6519837668,TQQQ,60269.664705019706,0.0,8.959111213684082,False
2019-12-12,568022.9211101686,TQQQ,60269.664705019706,0.0,8.959111213684082,False
2019-12-13,573118.370601445,TQQQ,60269.664705019706,0.0,8.959111213684082,False
2019-12-16,589552.4898944563,TQQQ,60269.664705019706,0.0,8.959111213684082,False
2019-12-17,590342.0026378226,TQQQ,60269.664705019706,0.0,8.959111213684082,False
2019-12-18,591705.5444848583,TQQQ,60269.664705019706,0.0,8.959111213684082,False
2019-12-19,603762.1099013751,TQQQ,60269.664705019706,0.0,8.959111213684082,False
2019-12-20,610938.537033419,TQQQ,60269.664705019706,0.0,8.959111213684082,False
2019-12-23,615459.8999433949,TQQQ,60269.664705019706,0.0,8.959111213684082,False
2019-12-24,616256.7123459348,TQQQ,60269.664705019706,0.0,8.959111213684082,False
2019-12-26,632266.2443766247,TQQQ,60269.664705019706,0.0,8.959111213684082,False
2019-12-27,630399.7157781915,TQQQ,60269.664705019706,0.0,8.959111213684082,False
2019-12-30,617836.1401760867,TQQQ,60269.664705019706,0.0,8.959111213684082,False
2019-12-31,621354.0585990438,TQQQ,60269.664705019706,0.0,8.959111213684082,False
2020-01-02,652152.4702047689,TQQQ,60269.664705019706,0.0,10.309565544128418,False
2020-01-03,634420.1036538647,TQQQ,60269.664705019706,0.0,10.309565544128418,False
2020-01-06,646481.0373703595,TQQQ,60269.664705019706,0.0,10.309565544128418,False
2020-01-07,645691.2372388367,TQQQ,60269.664705019706,0.0,10.309565544128418,False
2020-01-08,660552.0213306127,TQQQ,60269.664705019706,0.0,10.309565544128418,False
2020-01-09,677207.6019369751,TQQQ,60269.664705019706,0.0,10.309565544128418,False
2020-01-10,671679.8057031534,TQQQ,60269.664705019706,0.0,10.309565544128418,False
2020-01-13,695155.5670828391,TQQQ,60269.664705019706,0.0,10.309565544128418,False
2020-01-14,687043.0592476455,TQQQ,60269.664705019706,0.0,10.309565544128418,False
2020-01-15,687473.854094146,TQQQ,60269.664705019706,0.0,10.309565544128418,False
2020-01-16,706642.1268298769,TQQQ,60269.664705019706,0.0,10.309565544128418,False
2020-01-17,717195.4222776981,TQQQ,60269.664705019706,0.0,10.309565544128418,False
2020-01-21,716836.4744703071,TQQQ,60269.664705019706,0.0,10.309565544128418,False
2020-01-22,721718.3370837189,TQQQ,60269.664705019706,0.0,10.309565544128418,False
2020-01-23,728394.8812564544,TQQQ,60269.664705019706,0.0,10.309565544128418,False
2020-01-24,709513.7092890051,TQQQ,60269.664705019706,0.0,10.309565544128418,False
2020-01-27,665649.0801955652,TQQQ,60269.664705019706,0.0,10.309565544128418,False
2020-01-28,696591.3008347718,TQQQ,60269.664705019706,0.0,10.309565544128418,False
2020-01-29,699104.0504417716,TQQQ,60269.664705019706,0.0,10.309565544128418,False
2020-01-30,707001.0171596367,TQQQ,60269.664705019706,0.0,10.309565544128418,False
2020-01-31,672254.0072397165,TQQQ,60269.664705019706,0.0,10.309565544128418,False
2020-02-03,703124.2658845511,TQQQ,60269.664705019706,0.0,11.154102325439453,False
2020-02-04,751152.8044989894,TQQQ,60269.664705019706,0.0,11.154102325439453,False
2020-02-05,759839.3414378521,TQQQ,60269.664705019706,0.0,11.154102325439453,False
2020-02-06,778361.680553173,TQQQ,60269.664705019706,0.0,11.154102325439453,False
2020-02-07,768310.854558068,TQQQ,60269.664705019706,0.0,11.154102325439453,False
2020-02-10,796022.257542599,TQQQ,60269.664705019706,0.0,11.154102325439453,False
2020-02-11,796596.6315120559,TQQQ,60269.664705019706,0.0,11.154102325439453,False
2020-02-12,819928.756291154,TQQQ,60269.664705019706,0.0,11.154102325439453,False
2020-02-13,816769.9006308503,TQQQ,60269.664705019706,0.0,11.154102325439453,False
2020-02-14,822297.9267751973,TQQQ,60269.664705019706,0.0,11.154102325439453,False
2020-02-18,823733.7754823926,TQQQ,60269.664705019706,0.0,11.154102325439453,False
2020-02-19,847568.4846694693,TQQQ,60269.664705019706,0.0,11.154102325439453,False
2020-02-20,823446.6747141111,TQQQ,60269.664705019706,0.0,11.154102325439453,False
2020-02-21,776351.515354152,TQQQ,60269.664705019706,0.0,11.154102325439453,False
2020-02-24,686899.4801246892,TQQQ,60269.664705019706,0.0,11.154102325439453,False
2020-02-25,631332.980077408,TQQQ,60269.664705019706,0.0,11.154102325439453,False
2020-02-26,640019.7469267959,TQQQ,60269.664705019706,0.0,11.154102325439453,False
2020-02-27,590842.7145104435,CASH,0.0,590842.7145104435,,False
2020-02-28,590842.7145104435,CASH,0.0,590842.7145104435,,False
2020-03-02,590842.7145104435,TECL,26532.043671483418,0.0,22.269023895263672,False
2020-03-03,531758.4430593991,CASH,0.0,531758.4430593991,,False
2020-03-04,531758.4430593991,CASH,0.0,531758.4430593991,,False
2020-03-05,531758.4430593991,CASH,0.0,531758.4430593991,,False
2020-03-06,531758.4430593991,CASH,0.0,531758.4430593991,,False
2020-03-09,531758.4430593991,CASH,0.0,531758.4430593991,,False
2020-03-10,531758.4430593991,CASH,0.0,531758.4430593991,,False
2020-03-11,531758.4430593991,CASH,0.0,531758.4430593991,,False
2020-03-12,531758.4430593991,CASH,0.0,531758.4430593991,,False
2020-03-13,531758.4430593991,CASH,0.0,531758.4430593991,,False
2020-03-16,531758.4430593991,CASH,0.0,531758.4430593991,,False
2020-03-17,531758.4430593991,CASH,0.0,531758.4430593991,,False
2020-03-18,531758.4430593991,CASH,0.0,531758.4430593991,,False
2020-03-19,531758.4430593991,CASH,0.0,531758.4430593991,,False
2020-03-20,531758.4430593991,CASH,0.0,531758.4430593991,,False
2020-03-23,531758.4430593991,CASH,0.0,531758.4430593991,,False
2020-03-24,531758.4430593991,CASH,0.0,531758.4430593991,,False
2020-03-25,531758.4430593991,CASH,0.0,531758.4430593991,,False
2020-03-26,531758.4430593991,CASH,0.0,531758.4430593991,,False
2020-03-27,531758.4430593991,CASH,0.0,531758.4430593991,,False
2020-03-30,531758.4430593991,CASH,0.0,531758.4430593991,,False
2020-03-31,531758.4430593991,CASH,0.0,531758.4430593991,,False
2020-04-01,531758.4430593991,IEF,5111.756795178684,0.0,104.02655375954976,False
2020-04-02,531845.7750738946,IEF,5111.756795178684,0.0,104.02655375954976,False
2020-04-03,532238.5731516593,IEF,5111.756795178684,0.0,104.02655375954976,False
2020-04-06,529838.1578753165,IEF,5111.756795178684,0.0,104.02655375954976,False
2020-04-07,527480.9774337979,IEF,5111.756795178684,0.0,104.02655375954976,False
2020-04-08,526826.0657200675,IEF,5111.756795178684,0.0,104.02655375954976,False
2020-04-09,527961.1467235512,IEF,5111.756795178684,0.0,104.02655375954976,False
2020-04-13,526826.0657200675,IEF,5111.756795178684,0.0,104.02655375954976,False
2020-04-14,527524.7218360318,IEF,5111.756795178684,0.0,104.02655375954976,False
2020-04-15,532238.5731516593,IEF,5111.756795178684,0.0,104.02655375954976,False
2020-04-16,532805.917665936,IEF,5111.756795178684,0.0,104.02655375954976,False
2020-04-17,531409.4285813613,IEF,5111.756795178684,0.0,104.02655375954976,False
2020-04-20,532805.917665936,IEF,5111.756795178684,0.0,104.02655375954976,False
2020-04-21,534290.0131474575,IEF,5111.756795178684,0.0,104.02655375954976,False
2020-04-22,532631.332031931,IEF,5111.756795178684,0.0,104.02655375954976,False
2020-04-23,532980.6208924201,IEF,5111.756795178684,0.0,104.02655375954976,False
2020-04-24,533111.5405191773,IEF,5111.756795178684,0.0,104.02655375954976,False
2020-04-27,530274.5827628359,IEF,5111.756795178684,0.0,104.02655375954976,False
2020-04-28,532587.6268271902,IEF,5111.756795178684,0.0,104.02655375954976,False
2020-04-29,532325.8267711689,IEF,5111.756795178684,0.0,104.02655375954976,False
2020-04-30,531060.2965108444,IEF,5111.756795178684,0.0,104.02655375954976,False
2020-05-01,531794.2303705456,TECL,39376.601806776,0.0,13.505335807800293,False
2020-05-04,552716.1669340617,TECL,39376.601806776,0.0,13.505335807800293,False
2020-05-05,579166.838614733,TECL,39376.601806776,0.0,13.505335807800293,False
2020-05-06,590512.899456577,TECL,39376.601806776,0.0,13.505335807800293,False
2020-05-07,618987.1602157336,TECL,39376.601806776,0.0,13.505335807800293,False
2020-05-08,645004.1010548938,TECL,39376.601806776,0.0,13.505335807800293,False
2020-05-11,658590.8041582478,TECL,39376.601806776,0.0,13.505335807800293,False
2020-05-12,615843.3063351741,TECL,39376.601806776,0.0,13.505335807800293,False
2020-05-13,583611.3217330183,TECL,39376.601806776,0.0,13.505335807800293,False
2020-05-14,607640.8740591666,TECL,39376.601806776,0.0,13.505335807800293,False
2020-05-15,614578.7274531063,TECL,39376.601806776,0.0,13.505335807800293,False
2020-05-18,660939.7101440931,TECL,39376.601806776,0.0,13.505335807800293,False
2020-05-19,653170.7833948738,TECL,39376.601806776,0.0,13.505335807800293,False
2020-05-20,694725.5026275652,TECL,39376.601806776,0.0,13.505335807800293,False
2020-05-21,668889.2641961409,TECL,39376.601806776,0.0,13.505335807800293,False
2020-05-22,674490.1375770661,TECL,39376.601806776,0.0,13.505335807800293,False
2020-05-26,674562.3884981974,TECL,39376.601806776,0.0,13.505335807800293,False
2020-05-27,684318.8915226978,TECL,39376.601806776,0.0,13.505335807800293,False
2020-05-28,679115.3231030875,TECL,39376.601806776,0.0,13.505335807800293,False
2020-05-29,703361.815954899,TECL,39376.601806776,0.0,13.505335807800293,False
2020-06-01,704337.27849508,TECL,39376.601806776,0.0,17.862430572509766,False
2020-06-02,724500.4677293552,TECL,39376.601806776,0.0,17.862430572509766,False
2020-06-03,741158.5109249605,TECL,39376.601806776,0.0,17.862430572509766,False
2020-06-04,722693.8191765331,TECL,39376.601806776,0.0,17.862430572509766,False
2020-06-05,778630.2269597462,TECL,39376.601806776,0.0,17.862430572509766,False
2020-06-08,792325.3815497047,TECL,39376.601806776,0.0,17.862430572509766,False
2020-06-09,802334.6125883496,TECL,39376.601806776,0.0,17.862430572509766,False
2020-06-10,844756.7935040629,TECL,39376.601806776,0.0,17.862430572509766,False
2020-06-11,698411.2759690636,TECL,39376.601806776,0.0,17.862430572509766,False
2020-06-12,722838.3961237035,TECL,39376.601806776,0.0,17.862430572509766,False
2020-06-15,743977.198107975,TECL,39376.601806776,0.0,17.862430572509766,False
2020-06-16,794674.1373257348,TECL,39376.601806776,0.0,17.862430572509766,False
2020-06-17,793337.1197602666,TECL,39376.601806776,0.0,17.862430572509766,False
2020-06-18,804864.0707721157,TECL,39376.601806776,0.0,17.862430572509766,False
2020-06-19,787555.619076513,TECL,39376.601806776,0.0,17.862430572509766,False
2020-06-22,831820.5740056142,TECL,39376.601806776,0.0,17.862430572509766,False
2020-06-23,849924.0111483848,TECL,39376.601806776,0.0,17.862430572509766,False
2020-06-24,791638.8475891416,TECL,39376.601806776,0.0,17.862430572509766,False
2020-06-25,821847.3182177198,TECL,39376.601806776,0.0,17.862430572509766,False
2020-06-26,774655.3748288146,TECL,39376.601806776,0.0,17.862430572509766,False
2020-06-29,796733.6641025167,TECL,39376.601806776,0.0,17.862430572509766,False
2020-06-30,841540.8013597336,TECL,39376.601806776,0.0,17.862430572509766,False
2020-07-01,843997.8584125532,TQQQ,70055.98000480668,0.0,12.047477722167969,False
2020-07-02,861939.37437175,TQQQ,70055.98000480668,0.0,12.047477722167969,False
2020-07-06,925276.7479415025,TQQQ,70055.98000480668,0.0,12.047477722167969,False
2020-07-07,907084.8927059175,TQQQ,70055.98000480668,0.0,12.047477722167969,False
2020-07-08,941966.367086992,TQQQ,70055.98000480668,0.0,12.047477722167969,False
2020-07-09,965498.993983958,TQQQ,70055.98000480668,0.0,12.047477722167969,False
2020-07-10,985943.9027070367,TQQQ,70055.98000480668,0.0,12.047477722167969,False
2020-07-13,925026.4754757032,TQQQ,70055.98000480668,0.0,12.047477722167969,False
2020-07-14,944636.9199441546,TQQQ,70055.98000480668,0.0,12.047477722167969,False
2020-07-15,949310.053391245,TQQQ,70055.98000480668,0.0,12.047477722167969,False
2020-07-16,928948.591093629,TQQQ,70055.98000480668,0.0,12.047477722167969,False
2020-07-17,933287.738407102,TQQQ,70055.98000480668,0.0,12.047477722167969,False
2020-07-20,1012730.7397652825,TQQQ,70055.98000480668,0.0,12.047477722167969,False
2020-07-21,980352.8585798563,TQQQ,70055.98000480668,0.0,12.047477722167969,False
2020-07-22,991701.7728745536,TQQQ,70055.98000480668,0.0,12.047477722167969,False
2020-07-23,914011.1464510903,TQQQ,70055.98000480668,0.0,12.047477722167969,False
2020-07-24,886974.0369270451,TQQQ,70055.98000480668,0.0,12.047477722167969,False
2020-07-27,934622.9480250943,TQQQ,70055.98000480668,0.0,12.047477722167969,False
2020-07-28,899491.2679888094,TQQQ,70055.98000480668,0.0,12.047477722167969,False
2020-07-29,930116.7742395183,TQQQ,70055.98000480668,0.0,12.047477722167969,False
2020-07-30,945220.9781118048,TQQQ,70055.98000480668,0.0,12.047477722167969,False
2020-07-31,996208.0802813073,TQQQ,70055.98000480668,0.0,12.047477722167969,False
2020-08-03,1033342.6081498754,TQQQ,70055.98000480668,0.0,14.220171928405762,False
2020-08-04,1046777.8167023185,TQQQ,70055.98000480668,0.0,14.220171928405762,False
2020-08-05,1055122.6596803577,TQQQ,70055.98000480668,0.0,14.220171928405762,False
2020-08-06,1095511.7985737387,TQQQ,70055.98000480668,0.0,14.220171928405762,False
2020-08-07,1059712.2798913964,TQQQ,70055.98000480668,0.0,14.220171928405762,False
2020-08-10,1045442.5402737373,TQQQ,70055.98000480668,0.0,14.220171928405762,False
2020-08-11,986110.9291791398,TQQQ,70055.98000480668,0.0,14.220171928405762,False
2020-08-12,1059879.3063634995,TQQQ,70055.98000480668,0.0,14.220171928405762,False
2020-08-13,1067306.3054720375,TQQQ,70055.98000480668,0.0,14.220171928405762,False
2020-08-14,1064218.5872981502,TQQQ,70055.98000480668,0.0,14.220171928405762,False
2020-08-17,1099350.4009556128,TQQQ,70055.98000480668,0.0,14.220171928405762,False
2020-08-18,1131644.969336754,TQQQ,70055.98000480668,0.0,14.220171928405762,False
2020-08-19,1109531.2657255984,TQQQ,70055.98000480668,0.0,14.220171928405762,False
2020-08-20,1155177.5294231311,TQQQ,70055.98000480668,0.0,14.220171928405762,False
2020-08-21,1179294.414919514,TQQQ,70055.98000480668,0.0,14.220171928405762,False
2020-08-24,1201157.3783907483,TQQQ,70055.98000480668,0.0,14.220171928405762,False
2020-08-25,1229196.312694468,TQQQ,70055.98000480668,0.0,14.220171928405762,False
2020-08-26,1307888.0957917175,TQQQ,70055.98000480668,0.0,14.220171928405762,False
2020-08-27,1296038.3025124774,TQQQ,70055.98000480668,0.0,14.220171928405762,False
2020-08-28,1316065.9791082423,TQQQ,70055.98000480668,0.0,14.220171928405762,False
2020-08-31,1346524.7929397924,TQQQ,70055.98000480668,0.0,14.220171928405762,False
2020-09-01,1416454.500931689,TQQQ,70055.98000480668,0.0,19.2206974029541,False
2020-09-02,1456426.4745083451,TQQQ,70055.98000480668,0.0,19.2206974029541,False
2020-09-03,1211872.3136458131,CASH,0.0,1211872.3136458131,,False
2020-09-04,1211872.3136458131,CASH,0.0,1211872.3136458131,,False
2020-09-08,1211872.3136458131,CASH,0.0,1211872.3136458131,,False
2020-09-09,1211872.3136458131,CASH,0.0,1211872.3136458131,,False
2020-09-10,1211872.3136458131,CASH,0.0,1211872.3136458131,,False
2020-09-11,1211872.3136458131,CASH,0.0,1211872.3136458131,,False
2020-09-14,1211872.3136458131,CASH,0.0,1211872.3136458131,,False
2020-09-15,1211872.3136458131,CASH,0.0,1211872.3136458131,,False
2020-09-16,1211872.3136458131,CASH,0.0,1211872.3136458131,,False
2020-09-17,1211872.3136458131,CASH,0.0,1211872.3136458131,,False
2020-09-18,1211872.3136458131,CASH,0.0,1211872.3136458131,,False
2020-09-21,1211872.3136458131,CASH,0.0,1211872.3136458131,,False
2020-09-22,1211872.3136458131,CASH,0.0,1211872.3136458131,,False
2020-09-23,1211872.3136458131,CASH,0.0,1211872.3136458131,,False
2020-09-24,1211872.3136458131,CASH,0.0,1211872.3136458131,,False
2020-09-25,1211872.3136458131,CASH,0.0,1211872.3136458131,,False
2020-09-28,1211872.3136458131,CASH,0.0,1211872.3136458131,,False
2020-09-29,1211872.3136458131,CASH,0.0,1211872.3136458131,,False
2020-09-30,1211872.3136458131,CASH,0.0,1211872.3136458131,,False
2020-10-01,1211872.3136458131,TQQQ,74245.12579283374,0.0,16.32258415222168,False
2020-10-02,1111936.8375624062,TQQQ,74245.12579283374,0.0,16.32258415222168,False
2020-10-05,1182068.5787862542,TQQQ,74245.12579283374,0.0,16.32258415222168,False
2020-10-06,1118569.771077975,TQQQ,74245.12579283374,0.0,16.32258415222168,False
2020-10-07,1177381.4558766051,TQQQ,74245.12579283374,0.0,16.32258415222168,False
2020-10-08,1194715.2502368537,TQQQ,74245.12579283374,0.0,16.32258415222168,False
2020-10-09,1247866.6590030312,TQQQ,74245.12579283374,0.0,16.32258415222168,False
2020-10-12,1364251.4958278758,TQQQ,74245.12579283374,0.0,16.32258415222168,False
2020-10-13,1364428.7932245214,TQQQ,74245.12579283374,0.0,16.32258415222168,False
2020-10-14,1330733.649570132,TQQQ,74245.12579283374,0.0,16.32258415222168,False
2020-10-15,1303229.1872190707,TQQQ,74245.12579283374,0.0,16.32258415222168,False
2020-10-16,1283242.0211967197,TQQQ,74245.12579283374,0.0,16.32258415222168,False
2020-10-19,1219477.8338388286,TQQQ,74245.12579283374,0.0,16.32258415222168,False
2020-10-20,1227349.300126813,TQQQ,74245.12579283374,0.0,16.32258415222168,False
2020-10-21,1224165.3107768258,TQQQ,74245.12579283374,0.0,16.32258415222168,False
2020-10-22,1224784.1523290158,TQQQ,74245.12579283374,0.0,16.32258415222168,False
2020-10-23,1231947.7035324695,TQQQ,74245.12579283374,0.0,16.32258415222168,False
2020-10-26,1175789.4612016114,TQQQ,74245.12579283374,0.0,16.32258415222168,False
2020-10-27,1203559.0199796061,TQQQ,74245.12579283374,0.0,16.32258415222168,False
2020-10-28,1090685.0822812319,CASH,0.0,1090685.0822812319,,False
2020-10-29,1090685.0822812319,CASH,0.0,1090685.0822812319,,False
2020-10-30,1090685.0822812319,CASH,0.0,1090685.0822812319,,False
2020-11-02,1090685.0822812319,TECL,46069.16907236683,0.0,23.674945831298828,False
2020-11-03,1151520.535638389,TECL,46069.16907236683,0.0,23.674945831298828,False
2020-11-04,1283929.7673664866,TECL,46069.16907236683,0.0,23.674945831298828,False
2020-11-05,1405812.177090515,TECL,46069.16907236683,0.0,23.674945831298828,False
2020-11-06,1416634.5936623781,TECL,46069.16907236683,0.0,23.674945831298828,False
2020-11-09,1388943.8674636434,TECL,46069.16907236683,0.0,23.674945831298828,False
2020-11-10,1307055.0337082476,TECL,46069.16907236683,0.0,23.674945831298828,False
2020-11-11,1400443.0585186062,TECL,46069.16907236683,0.0,23.674945831298828,False
2020-11-12,1362014.183046021,TECL,46069.16907236683,0.0,23.674945831298828,False
2020-11-13,1398625.3803885882,TECL,46069.16907236683,0.0,23.674945831298828,False
2020-11-16,1440816.8478329116,TECL,46069.16907236683,0.0,23.674945831298828,False
2020-11-17,1416254.1167068053,TECL,46069.16907236683,0.0,23.674945831298828,False
2020-11-18,1368947.2112842773,TECL,46069.16907236683,0.0,23.674945831298828,False
2020-11-19,1403529.2274871115,TECL,46069.16907236683,0.0,23.674945831298828,False
2020-11-20,1359815.6764805636,TECL,46069.16907236683,0.0,23.674945831298828,False
2020-11-23,1360322.7740580717,TECL,46069.16907236683,0.0,23.674945831298828,False
2020-11-24,1412703.379224648,TECL,46069.16907236683,0.0,23.674945831298828,False
2020-11-25,1422088.5067520991,TECL,46069.16907236683,0.0,23.674945831298828,False
2020-11-27,1446989.185769922,TECL,46069.16907236683,0.0,23.674945831298828,False
2020-11-30,1476201.9076609146,TECL,46069.16907236683,0.0,23.674945831298828,False
2020-12-01,1535811.6628533406,TECL,46069.16907236683,0.0,32.04316329956055,False
2020-12-02,1524101.0566586298,TECL,46069.16907236683,0.0,32.04316329956055,False
2020-12-03,1520464.9974388604,TECL,46069.16907236683,0.0,32.04316329956055,False
2020-12-04,1567180.713725801,TECL,46069.16907236683,0.0,32.04316329956055,False
2020-12-07,1581385.2453138297,TECL,46069.16907236683,0.0,32.04316329956055,False
2020-12-08,1596731.38350851,TECL,46069.16907236683,0.0,32.04316329956055,False
2020-12-09,1500426.6030253377,TECL,46069.16907236683,0.0,32.04316329956055,False
2020-12-10,1508629.6158915139,TECL,46069.16907236683,0.0,32.04316329956055,False
2020-12-11,1500979.1293756014,TECL,46069.16907236683,0.0,32.04316329956055,False
2020-12-14,1516705.2173060547,TECL,46069.16907236683,0.0,32.04316329956055,False
2020-12-15,1590279.4433376351,TECL,46069.16907236683,0.0,32.04316329956055,False
2020-12-16,1623049.6686982166,TECL,46069.16907236683,0.0,32.04316329956055,False
2020-12-17,1662748.440928755,TECL,46069.16907236683,0.0,32.04316329956055,False
2020-12-18,1645789.5373662726,TECL,46069.16907236683,0.0,32.04316329956055,False
2020-12-21,1647574.3521287658,TECL,46069.16907236683,0.0,32.04316329956055,False
2020-12-22,1691820.746613049,TECL,46069.16907236683,0.0,32.04316329956055,False
2020-12-23,1650422.393487663,TECL,46069.16907236683,0.0,32.04316329956055,False
2020-12-24,1687400.5358109395,TECL,46069.16907236683,0.0,32.04316329956055,False
2020-12-28,1743165.628482781,TECL,46069.16907236683,0.0,32.04316329956055,False
2020-12-29,1718513.3578606632,TECL,46069.16907236683,0.0,32.04316329956055,False
2020-12-30,1714985.3786998668,TECL,46069.16907236683,0.0,32.04316329956055,False
2020-12-31,1727906.6572950121,TECL,46069.16907236683,0.0,32.04316329956055,False
2021-01-04,1640943.3329658685,TQQQ,79240.21100410771,0.0,20.708467483520508,False
2021-01-05,1682096.8918005328,TQQQ,79240.21100410771,0.0,20.708467483520508,False
2021-01-06,1612532.2786130086,TQQQ,79240.21100410771,0.0,20.708467483520508,False
2021-01-07,1729007.6263049978,TQQQ,79240.21100410771,0.0,20.708467483520508,False
2021-01-08,1796023.2851800367,TQQQ,79240.21100410771,0.0,20.708467483520508,False
2021-01-11,1716642.5151773752,TQQQ,79240.21100410771,0.0,20.708467483520508,False
2021-01-12,1709186.2381508616,TQQQ,79240.21100410771,0.0,20.708467483520508,False
2021-01-13,1742410.6069412974,TQQQ,79240.21100410771,0.0,20.708467483520508,False
2021-01-14,1715887.8796077196,TQQQ,79240.21100410771,0.0,20.708467483520508,False
2021-01-15,1674167.7017563041,TQQQ,79240.21100410771,0.0,20.708467483520508,False
2021-01-19,1746752.6708869475,TQQQ,79240.21100410771,0.0,20.708467483520508,False
2021-01-20,1868513.7926181036,TQQQ,79240.21100410771,0.0,20.708467483520508,False
2021-01-21,1914953.4277693508,TQQQ,79240.21100410771,0.0,20.708467483520508,False
2021-01-22,1897585.4742641666,TQQQ,79240.21100410771,0.0,20.708467483520508,False
2021-01-25,1950254.140131973,TQQQ,79240.21100410771,0.0,20.708467483520508,False
2021-01-26,1952330.6348428673,TQQQ,79240.21100410771,0.0,20.708467483520508,False
2021-01-27,1794890.802840075,TQQQ,79240.21100410771,0.0,20.708467483520508,False
2021-01-28,1821319.673035909,TQQQ,79240.21100410771,0.0,20.708467483520508,False
2021-01-29,1707864.832425747,TQQQ,79240.21100410771,0.0,20.708467483520508,False
2021-02-01,1833401.7013632182,TECL,47301.75996153773,0.0,38.75969314575195,False
2021-02-02,1905714.873189184,TECL,47301.75996153773,0.0,38.75969314575195,False
2021-02-03,1888956.6931320098,TECL,47301.75996153773,0.0,38.75969314575195,False
2021-02-04,1973052.7206612856,TECL,47301.75996153773,0.0,38.75969314575195,False
2021-02-05,1963844.5903489487,TECL,47301.75996153773,0.0,38.75969314575195,False
2021-02-08,2024374.7260297106,TECL,47301.75996153773,0.0,38.75969314575195,False
2021-02-09,2015603.0846598898,TECL,47301.75996153773,0.0,38.75969314575195,False
2021-02-10,2006088.9248946768,TECL,47301.75996153773,0.0,38.75969314575195,False
2021-02-11,2073208.7985583616,TECL,47301.75996153773,0.0,38.75969314575195,False
2021-02-12,2106681.491734269,TECL,47301.75996153773,0.0,38.75969314575195,False
2021-02-16,2089312.5158646032,TECL,47301.75996153773,0.0,38.75969314575195,False
2021-02-17,2028345.8912413253,TECL,47301.75996153773,0.0,38.75969314575195,False
2021-02-18,2001899.7858746457,TECL,47301.75996153773,0.0,38.75969314575195,False
2021-02-19,1989374.4117759436,TECL,47301.75996153773,0.0,38.75969314575195,False
2021-02-22,1861026.272742123,TECL,47301.75996153773,0.0,38.75969314575195,False
2021-02-23,1844529.913873701,TECL,47301.75996153773,0.0,38.75969314575195,False
2021-02-24,1929280.765037698,TECL,47301.75996153773,0.0,38.75969314575195,False
2021-02-25,1728227.1734995195,TECL,47301.75996153773,0.0,38.75969314575195,False
2021-02-26,1756069.8991287355,TECL,47301.75996153773,0.0,38.75969314575195,False
2021-03-01,1916450.4441374864,TQQQ,82932.07827296016,0.0,23.108675003051758,False
2021-03-02,1824579.1177042788,TQQQ,82932.07827296016,0.0,23.108675003051758,False
2021-03-03,1724805.3997237377,CASH,0.0,1724805.3997237377,,False
2021-03-04,1724805.3997237377,CASH,0.0,1724805.3997237377,,False
2021-03-05,1724805.3997237377,CASH,0.0,1724805.3997237377,,False
2021-03-08,1724805.3997237377,CASH,0.0,1724805.3997237377,,False
2021-03-09,1724805.3997237377,CASH,0.0,1724805.3997237377,,False
2021-03-10,1724805.3997237377,CASH,0.0,1724805.3997237377,,False
2021-03-11,1724805.3997237377,CASH,0.0,1724805.3997237377,,False
2021-03-12,1724805.3997237377,CASH,0.0,1724805.3997237377,,False
2021-03-15,1724805.3997237377,CASH,0.0,1724805.3997237377,,False
2021-03-16,1724805.3997237377,CASH,0.0,1724805.3997237377,,False
2021-03-17,1724805.3997237377,CASH,0.0,1724805.3997237377,,False
2021-03-18,1724805.3997237377,CASH,0.0,1724805.3997237377,,False
2021-03-19,1724805.3997237377,CASH,0.0,1724805.3997237377,,False
2021-03-22,1724805.3997237377,CASH,0.0,1724805.3997237377,,False
2021-03-23,1724805.3997237377,CASH,0.0,1724805.3997237377,,False
2021-03-24,1724805.3997237377,CASH,0.0,1724805.3997237377,,False
2021-03-25,1724805.3997237377,CASH,0.0,1724805.3997237377,,False
2021-03-26,1724805.3997237377,CASH,0.0,1724805.3997237377,,False
2021-03-29,1724805.3997237377,CASH,0.0,1724805.3997237377,,False
2021-03-30,1724805.3997237377,CASH,0.0,1724805.3997237377,,False
2021-03-31,1724805.3997237377,CASH,0.0,1724805.3997237377,,False
2021-04-01,1724805.3997237377,TECL,42701.886383632176,0.0,40.39178466796875,False
2021-04-05,1831571.6812114331,TECL,42701.886383632176,0.0,40.39178466796875,False
2021-04-06,1811872.9796638628,TECL,42701.886383632176,0.0,40.39178466796875,False
2021-04-07,1841420.9505378336,TECL,42701.886383632176,0.0,40.39178466796875,False
2021-04-08,1921003.0271477774,TECL,42701.886383632176,0.0,40.39178466796875,False
2021-04-09,1974189.4724577863,TECL,42701.886383632176,0.0,40.39178466796875,False
2021-04-12,1949368.8706814847,TECL,42701.886383632176,0.0,40.39178466796875,False
2021-04-13,2003342.7493059258,TECL,42701.886383632176,0.0,40.39178466796875,False
2021-04-14,1936761.9558068798,TECL,42701.886383632176,0.0,40.39178466796875,False
2021-04-15,2038406.6628553823,TECL,42701.886383632176,0.0,40.39178466796875,False
2021-04-16,2036436.2877268407,TECL,42701.886383632176,0.0,40.39178466796875,False
2021-04-19,1983644.6993374324,TECL,42701.886383632176,0.0,40.39178466796875,False
2021-04-20,1932428.1404716573,TECL,42701.886383632176,0.0,40.39178466796875,False
2021-04-21,1989947.912432581,TECL,42701.886383632176,0.0,40.39178466796875,False
2021-04-22,1921397.2324893011,TECL,42701.886383632176,0.0,40.39178466796875,False
2021-04-23,2002555.3159914936,TECL,42701.886383632176,0.0,40.39178466796875,False
2021-04-26,2038012.2946190892,TECL,42701.886383632176,0.0,40.39178466796875,False
2021-04-27,2021465.6068560164,TECL,42701.886383632176,0.0,40.39178466796875,False
2021-04-28,1965127.9622353562,TECL,42701.886383632176,0.0,40.39178466796875,False
2021-04-29,1960794.3097949033,TECL,42701.886383632176,0.0,40.39178466796875,False
2021-04-30,1881211.9073954208,TECL,42701.886383632176,0.0,40.39178466796875,False
2021-05-03,1864665.219632348,TECL,42701.886383632176,0.0,44.05453872680664,False
2021-05-04,1761838.8739278896,TECL,42701.886383632176,0.0,44.05453872680664,False
2021-05-05,1750413.4348144713,TECL,42701.886383632176,0.0,44.05453872680664,False
2021-05-06,1803599.2285454033,TECL,42701.886383632176,0.0,44.05453872680664,False
2021-05-07,1846148.6454250412,TECL,42701.886383632176,0.0,44.05453872680664,False
2021-05-10,1709834.5559581444,TECL,42701.886383632176,0.0,44.05453872680664,False
2021-05-11,1611341.6888512818,CASH,0.0,1611341.6888512818,,False
2021-05-12,1611341.6888512818,CASH,0.0,1611341.6888512818,,False
2021-05-13,1611341.6888512818,CASH,0.0,1611341.6888512818,,False
2021-05-14,1611341.6888512818,CASH,0.0,1611341.6888512818,,False
2021-05-17,1611341.6888512818,CASH,0.0,1611341.6888512818,,False
2021-05-18,1611341.6888512818,CASH,0.0,1611341.6888512818,,False
2021-05-19,1611341.6888512818,CASH,0.0,1611341.6888512818,,False
2021-05-20,1611341.6888512818,CASH,0.0,1611341.6888512818,,False
2021-05-21,1611341.6888512818,CASH,0.0,1611341.6888512818,,False
2021-05-24,1611341.6888512818,CASH,0.0,1611341.6888512818,,False
2021-05-25,1611341.6888512818,CASH,0.0,1611341.6888512818,,False
2021-05-26,1611341.6888512818,CASH,0.0,1611341.6888512818,,False
2021-05-27,1611341.6888512818,CASH,0.0,1611341.6888512818,,False
2021-05-28,1611341.6888512818,CASH,0.0,1611341.6888512818,,False
2021-06-01,1611341.6888512818,TQQQ,66578.41460258985,0.0,24.202163696289062,False
2021-06-02,1619748.310873322,TQQQ,66578.41460258985,0.0,24.202163696289062,False
2021-06-03,1568833.7696815575,TQQQ,66578.41460258985,0.0,24.202163696289062,False
2021-06-04,1649250.0936760164,TQQQ,66578.41460258985,0.0,24.202163696289062,False
2021-06-07,1663842.440249652,TQQQ,66578.41460258985,0.0,24.202163696289062,False
2021-06-08,1665745.7401116812,TQQQ,66578.41460258985,0.0,24.202163696289062,False
2021-06-09,1667649.1669619586,TQQQ,66578.41460258985,0.0,24.202163696289062,False
2021-06-10,1718722.3164755588,TQQQ,66578.41460258985,0.0,24.202163696289062,False
2021-06-11,1732363.0131181795,TQQQ,66578.41460258985,0.0,24.202163696289062,False
2021-06-14,1780898.4294824074,TQQQ,66578.41460258985,0.0,24.202163696289062,False
2021-06-15,1747907.0096228297,TQQQ,66578.41460258985,0.0,24.202163696289062,False
2021-06-16,1729190.4657167199,TQQQ,66578.41460258985,0.0,24.202163696289062,False
2021-06-17,1793745.576562857,TQQQ,66578.41460258985,0.0,24.202163696289062,False
2021-06-18,1750920.4407494613,TQQQ,66578.41460258985,0.0,24.202163696289062,False
2021-06-21,1782960.2106780245,TQQQ,66578.41460258985,0.0,24.202163696289062,False
2021-06-22,1832764.3666286904,TQQQ,66578.41460258985,0.0,24.202163696289062,False
2021-06-23,1835936.6600536539,TQQQ,66578.41460258985,0.0,24.202163696289062,False
2021-06-24,1869720.7405576662,TQQQ,66578.41460258985,0.0,24.202163696289062,False
2021-06-25,1863852.6136144868,TQQQ,66578.41460258985,0.0,24.202163696289062,False
2021-06-28,1929835.0723688977,TQQQ,66578.41460258985,0.0,24.202163696289062,False
2021-06-29,1951565.1743898874,TQQQ,66578.41460258985,0.0,24.202163696289062,False
2021-06-30,1943000.0710342594,TQQQ,66578.41460258985,0.0,24.202163696289062,False
2021-07-01,1943951.4669887777,TQQQ,66578.41460258985,0.0,29.18363380432129,False
2021-07-02,2009934.306707933,TQQQ,66578.41460258985,0.0,29.18363380432129,False
2021-07-06,2036898.3563612553,TQQQ,66578.41460258985,0.0,29.18363380432129,False
2021-07-07,2049904.619716533,TQQQ,66578.41460258985,0.0,29.18363380432129,False
2021-07-08,2014375.3397193349,TQQQ,66578.41460258985,0.0,29.18363380432129,False
2021-07-09,2048477.0178317628,TQQQ,66578.41460258985,0.0,29.18363380432129,False
2021-07-12,2074172.0739221508,TQQQ,66578.41460258985,0.0,29.18363380432129,False
2021-07-13,2073062.3236222926,TQQQ,66578.41460258985,0.0,29.18363380432129,False
2021-07-14,2084323.5144726324,TQQQ,66578.41460258985,0.0,29.18363380432129,False
2021-07-15,2041180.654062573,TQQQ,66578.41460258985,0.0,29.18363380432129,False
2021-07-16,1991059.4084564836,TQQQ,66578.41460258985,0.0,29.18363380432129,False
2021-07-19,1943317.287677931,TQQQ,66578.41460258985,0.0,29.18363380432129,False
2021-07-20,2007396.4465703126,TQQQ,66578.41460258985,0.0,29.18363380432129,False
2021-07-21,2053235.3944750843,TQQQ,66578.41460258985,0.0,29.18363380432129,False
2021-07-22,2096377.8739203995,TQQQ,66578.41460258985,0.0,29.18363380432129,False
2021-07-23,2166008.832030026,TQQQ,66578.41460258985,0.0,29.18363380432129,False
2021-07-26,2175049.887339409,TQQQ,66578.41460258985,0.0,29.18363380432129,False
2021-07-27,2103991.0733685168,TQQQ,66578.41460258985,0.0,29.18363380432129,False
2021-07-28,2126990.422928937,TQQQ,66578.41460258985,0.0,29.18363380432129,False
2021-07-29,2137458.572170098,TQQQ,66578.41460258985,0.0,29.18363380432129,False
2021-07-30,2105419.183206279,TQQQ,66578.41460258985,0.0,29.18363380432129,False
2021-08-02,2104783.9879894475,TECL,37264.63657310032,0.0,56.48207473754883,False
2021-08-03,2148103.644684432,TECL,37264.63657310032,0.0,56.48207473754883,False
2021-08-04,2159792.91113877,TECL,37264.63657310032,0.0,56.48207473754883,False
2021-08-05,2196924.065756372,TECL,37264.63657310032,0.0,56.48207473754883,False
2021-08-06,2189360.6568913655,TECL,37264.63657310032,0.0,56.48207473754883,False
2021-08-09,2168388.210861032,TECL,37264.63657310032,0.0,56.48207473754883,False
2021-08-10,2120942.9808833306,TECL,37264.63657310032,0.0,56.48207473754883,False
2021-08-11,2121630.2921238355,TECL,37264.63657310032,0.0,56.48207473754883,False
2021-08-12,2158417.577891224,TECL,37264.63657310032,0.0,56.48207473754883,False
2021-08-13,2195204.7215053057,TECL,37264.63657310032,0.0,56.48207473754883,False
2021-08-16,2224085.0138640883,TECL,37264.63657310032,0.0,56.48207473754883,False
2021-08-17,2166669.1509165796,TECL,37264.63657310032,0.0,56.48207473754883,False
2021-08-18,2077966.9087319449,TECL,37264.63657310032,0.0,56.48207473754883,False
2021-08-19,2139508.344962171,TECL,37264.63657310032,0.0,56.48207473754883,False
2021-08-20,2222022.0850694226,TECL,37264.63657310032,0.0,56.48207473754883,False
2021-08-23,2306598.1853581117,TECL,37264.63657310032,0.0,56.48207473754883,False
2021-08-24,2299721.9455803023,TECL,37264.63657310032,0.0,56.48207473754883,False
2021-08-25,2294221.323356654,TECL,37264.63657310032,0.0,56.48207473754883,False
2021-08-26,2251245.535511883,TECL,37264.63657310032,0.0,56.48207473754883,False
2021-08-27,2314161.878529733,TECL,37264.63657310032,0.0,56.48207473754883,False
2021-08-30,2389455.225702348,TECL,37264.63657310032,0.0,56.48207473754883,False
2021-08-31,2354043.8417957346,TECL,37264.63657310032,0.0,56.48207473754883,False
2021-09-01,2354043.8417957346,TECL,37264.63657310032,0.0,63.17098617553711,False
2021-09-02,2349917.8420530963,TECL,37264.63657310032,0.0,63.17098617553711,False
2021-09-03,2377422.6590110254,TECL,37264.63657310032,0.0,63.17098617553711,False
2021-09-07,2378110.3967114524,TECL,37264.63657310032,0.0,63.17098617553711,False
2021-09-08,2348542.9352654717,TECL,37264.63657310032,0.0,63.17098617553711,False
2021-09-09,2319663.211519918,TECL,37264.63657310032,0.0,63.17098617553711,False
2021-09-10,2253308.0378466267,TECL,37264.63657310032,0.0,63.17098617553711,False
2021-09-13,2253995.6333937463,TECL,37264.63657310032,0.0,63.17098617553711,False
2021-09-14,2246432.3666820466,TECL,37264.63657310032,0.0,63.17098617553711,False
2021-09-15,2302816.6230789153,TECL,37264.63657310032,0.0,63.17098617553711,False
2021-09-16,2309004.9830029905,TECL,37264.63657310032,0.0,63.17098617553711,False
2021-09-17,2202768.8411368486,TECL,37264.63657310032,0.0,63.17098617553711,False
2021-09-20,2102377.7151852963,CASH,0.0,2102377.7151852963,,False
2021-09-21,2102377.7151852963,CASH,0.0,2102377.7151852963,,False
2021-09-22,2102377.7151852963,CASH,0.0,2102377.7151852963,,False
2021-09-23,2102377.7151852963,CASH,0.0,2102377.7151852963,,False
2021-09-24,2102377.7151852963,CASH,0.0,2102377.7151852963,,False
2021-09-27,2102377.7151852963,CASH,0.0,2102377.7151852963,,False
2021-09-28,2102377.7151852963,CASH,0.0,2102377.7151852963,,False
2021-09-29,2102377.7151852963,CASH,0.0,2102377.7151852963,,False
2021-09-30,2102377.7151852963,CASH,0.0,2102377.7151852963,,False
2021-10-01,2102377.7151852963,TQQQ,69574.69747363652,0.0,30.217561721801758,False
2021-10-04,1973092.8129151452,TQQQ,69574.69747363652,0.0,30.217561721801758,False
2021-10-05,2049006.0789328418,TQQQ,69574.69747363652,0.0,30.217561721801758,False
2021-10-06,2089449.6363382142,TQQQ,69574.69747363652,0.0,30.217561721801758,False
2021-10-07,2145970.1869208687,TQQQ,69574.69747363652,0.0,30.217561721801758,False
2021-10-08,2112986.274727833,TQQQ,69574.69747363652,0.0,30.217561721801758,False
2021-10-11,2066078.6115473176,TQQQ,69574.69747363652,0.0,30.217561721801758,False
2021-10-12,2045028.300389804,TQQQ,69574.69747363652,0.0,30.217561721801758,False
2021-10-13,2092930.308678676,TQQQ,69574.69747363652,0.0,30.217561721801758,False
2021-10-14,2208458.6659985194,TQQQ,69574.69747363652,0.0,30.217561721801758,False
2021-10-15,2249398.666090447,TQQQ,69574.69747363652,0.0,30.217561721801758,False
2021-10-18,2316859.401522696,TQQQ,69574.69747363652,0.0,30.217561721801758,False
2021-10-19,2367744.1797302286,TQQQ,69574.69747363652,0.0,30.217561721801758,False
2021-10-20,2360285.463440321,TQQQ,69574.69747363652,0.0,30.217561721801758,False
2021-10-21,2402552.2301668874,TQQQ,69574.69747363652,0.0,30.217561721801758,False
2021-10-22,2341722.143030933,TQQQ,69574.69747363652,0.0,30.217561721801758,False
2021-10-25,2411999.902079916,TQQQ,69574.69747363652,0.0,30.217561721801758,False
2021-10-26,2434542.195361179,TQQQ,69574.69747363652,0.0,30.217561721801758,False
2021-10-27,2453768.500978274,TQQQ,69574.69747363652,0.0,30.217561721801758,False
2021-10-28,2534323.061559532,TQQQ,69574.69747363652,0.0,30.217561721801758,False
2021-10-29,2571783.583639835,TQQQ,69574.69747363652,0.0,30.217561721801758,False
2021-11-01,2597143.16594424,TECL,39631.15868560378,0.0,65.5328598022461,False
2021-11-02,2658935.9287547627,TECL,39631.15868560378,0.0,65.5328598022461,False
2021-11-03,2705372.343242802,TECL,39631.15868560378,0.0,65.5328598022461,False
2021-11-04,2830056.3490846786,TECL,39631.15868560378,0.0,65.5328598022461,False
2021-11-05,2868813.9846879863,TECL,39631.15868560378,0.0,65.5328598022461,False
2021-11-08,2918906.8597624595,TECL,39631.15868560378,0.0,65.5328598022461,False
2021-11-09,2884536.7954458245,TECL,39631.15868560378,0.0,65.5328598022461,False
2021-11-10,2737183.217746854,TECL,39631.15868560378,0.0,65.5328598022461,False
2021-11-11,2781059.5353370737,TECL,39631.15868560378,0.0,65.5328598022461,False
2021-11-12,2879783.0640855413,TECL,39631.15868560378,0.0,65.5328598022461,False
2021-11-15,2871007.61915045,TECL,39631.15868560378,0.0,65.5328598022461,False
2021-11-16,2960223.6851783507,TECL,39631.15868560378,0.0,65.5328598022461,False
2021-11-17,2932800.6843227176,TECL,39631.15868560378,0.0,65.5328598022461,False
2021-11-18,3017629.1790639455,TECL,39631.15868560378,0.0,65.5328598022461,False
2021-11-19,3088929.4045950347,TECL,39631.15868560378,0.0,65.5328598022461,False
2021-11-22,2985818.9092833847,TECL,39631.15868560378,0.0,65.5328598022461,False
2021-11-23,2964977.1141768885,TECL,39631.15868560378,0.0,65.5328598022461,False
2021-11-24,3026770.4817109015,TECL,39631.15868560378,0.0,65.5328598022461,False
2021-11-26,2801901.9351670607,TECL,39631.15868560378,0.0,65.5328598022461,False
2021-11-29,3007757.068078495,TECL,39631.15868560378,0.0,65.5328598022461,False
2021-11-30,2933166.5420345827,TECL,39631.15868560378,0.0,65.5328598022461,False
2021-12-01,2810677.0777404066,TQQQ,76066.93497877309,0.0,36.950050354003906,False
2021-12-02,2863592.9036327754,TQQQ,76066.93497877309,0.0,36.950050354003906,False
2021-12-03,2719706.3116063154,TQQQ,76066.93497877309,0.0,36.950050354003906,False
2021-12-06,2783313.827128154,TQQQ,76066.93497877309,0.0,36.950050354003906,False
2021-12-07,3034299.2534995177,TQQQ,76066.93497877309,0.0,36.950050354003906,False
2021-12-08,3076522.2290731007,TQQQ,76066.93497877309,0.0,36.950050354003906,False
2021-12-09,2943690.332259525,TQQQ,76066.93497877309,0.0,36.950050354003906,False
2021-12-10,3034842.746271488,TQQQ,76066.93497877309,0.0,36.950050354003906,False
2021-12-13,2904366.7585959914,TQQQ,76066.93497877309,0.0,36.950050354003906,False
2021-12-14,2817926.1628601872,TQQQ,76066.93497877309,0.0,36.950050354003906,False
2021-12-15,3004397.575354328,TQQQ,76066.93497877309,0.0,36.950050354003906,False
2021-12-16,2775158.823997648,TQQQ,76066.93497877309,0.0,36.950050354003906,False
2021-12-17,2732753.620201536,TQQQ,76066.93497877309,0.0,36.950050354003906,False
2021-12-20,2651025.1329142195,TQQQ,76066.93497877309,0.0,36.950050354003906,False
2021-12-21,2828255.7174232304,TQQQ,76066.93497877309,0.0,36.950050354003906,False
2021-12-22,2929193.032536951,TQQQ,76066.93497877309,0.0,36.950050354003906,False
2021-12-23,2998780.419412101,TQQQ,76066.93497877309,0.0,36.950050354003906,False
2021-12-27,3142122.648149605,TQQQ,76066.93497877309,0.0,36.950050354003906,False
2021-12-28,3105155.273796479,TQQQ,76066.93497877309,0.0,36.950050354003906,False
2021-12-29,3100261.8076424496,TQQQ,76066.93497877309,0.0,36.950050354003906,False
2021-12-30,3071266.918024972,TQQQ,76066.93497877309,0.0,36.950050354003906,False
2021-12-31,3014183.92731773,TQQQ,76066.93497877309,0.0,36.950050354003906,False
2022-01-03,3101168.596170162,TQQQ,76066.93497877309,0.0,39.62541580200195,False
2022-01-04,2980659.157474295,TQQQ,76066.93497877309,0.0,39.62541580200195,False
2022-01-05,2712765.5345859574,CASH,0.0,2712765.5345859574,,False
2022-01-06,2712765.5345859574,CASH,0.0,2712765.5345859574,,False
2022-01-07,2712765.5345859574,CASH,0.0,2712765.5345859574,,False
2022-01-10,2712765.5345859574,CASH,0.0,2712765.5345859574,,False
2022-01-11,2712765.5345859574,CASH,0.0,2712765.5345859574,,False
2022-01-12,2712765.5345859574,CASH,0.0,2712765.5345859574,,False
2022-01-13,2712765.5345859574,CASH,0.0,2712765.5345859574,,False
2022-01-14,2712765.5345859574,CASH,0.0,2712765.5345859574,,False
2022-01-18,2712765.5345859574,CASH,0.0,2712765.5345859574,,False
2022-01-19,2712765.5345859574,CASH,0.0,2712765.5345859574,,False
2022-01-20,2712765.5345859574,CASH,0.0,2712765.5345859574,,False
2022-01-21,2712765.5345859574,CASH,0.0,2712765.5345859574,,False
2022-01-24,2712765.5345859574,CASH,0.0,2712765.5345859574,,False
2022-01-25,2712765.5345859574,CASH,0.0,2712765.5345859574,,False
2022-01-26,2712765.5345859574,CASH,0.0,2712765.5345859574,,False
2022-01-27,2712765.5345859574,CASH,0.0,2712765.5345859574,,False
2022-01-28,2712765.5345859574,CASH,0.0,2712765.5345859574,,False
2022-01-31,2712765.5345859574,CASH,0.0,2712765.5345859574,,False
2022-02-01,2712765.5345859574,GLD,16125.33795090551,0.0,168.22999572753906,False
2022-02-02,2722602.0005781353,GLD,16125.33795090551,0.0,168.22999572753906,False
2022-02-03,2718732.0769439214,GLD,16125.33795090551,0.0,168.22999572753906,False
2022-02-04,2722924.5762320296,GLD,16125.33795090551,0.0,168.22999572753906,False
2022-02-07,2743081.2486706614,GLD,16125.33795090551,0.0,168.22999572753906,False
2022-02-08,2751466.493300009,GLD,16125.33795090551,0.0,168.22999572753906,False
2022-02-09,2760819.21883791,GLD,16125.33795090551,0.0,168.22999572753906,False
2022-02-10,2750337.601537943,GLD,16125.33795090551,0.0,168.22999572753906,False
2022-02-11,2802744.9498783858,GLD,16125.33795090551,0.0,168.22999572753906,False
2022-02-14,2817741.6421203557,GLD,16125.33795090551,0.0,168.22999572753906,False
2022-02-15,2790973.522069101,GLD,16125.33795090551,0.0,168.22999572753906,False
2022-02-16,2819676.603937463,GLD,16125.33795090551,0.0,168.22999572753906,False
2022-02-17,2858216.1517980015,GLD,16125.33795090551,0.0,168.22999572753906,False
2022-02-18,2856119.779127382,GLD,16125.33795090551,0.0,168.22999572753906,False
2022-02-22,2862086.3214853457,GLD,16125.33795090551,0.0,168.22999572753906,False
2022-02-23,2874986.395003566,GLD,16125.33795090551,0.0,168.22999572753906,False
2022-02-24,2856442.354781277,GLD,16125.33795090551,0.0,168.22999572753906,False
2022-02-25,2846928.464442994,GLD,16125.33795090551,0.0,168.22999572753906,False
2022-02-28,2876437.8624195266,GLD,16125.33795090551,0.0,168.22999572753906,False
2022-03-01,2928683.799906457,GLD,16125.33795090551,0.0,178.3800048828125,False
2022-03-02,2898206.9210213707,GLD,16125.33795090551,0.0,178.3800048828125,False
2022-03-03,2915461.150734342,GLD,16125.33795090551,0.0,178.3800048828125,False
2022-03-04,2961901.9567168215,GLD,16125.33795090551,0.0,178.3800048828125,False
2022-03-07,3005924.3064810475,GLD,16125.33795090551,0.0,178.3800048828125,False
2022-03-08,3088163.3823987874,GLD,16125.33795090551,0.0,178.3800048828125,False
2022-03-09,2996410.4161427645,GLD,16125.33795090551,0.0,178.3800048828125,False
2022-03-10,3005762.895627535,GLD,16125.33795090551,0.0,178.3800048828125,False
2022-03-11,2984638.7422803496,GLD,16125.33795090551,0.0,178.3800048828125,False
2022-03-14,2939649.1576607004,GLD,16125.33795090551,0.0,178.3800048828125,False
2022-03-15,2884661.6961953617,GLD,16125.33795090551,0.0,178.3800048828125,False
2022-03-16,2902721.995963374,GLD,16125.33795090551,0.0,178.3800048828125,False
2022-03-17,2916912.372097173,GLD,16125.33795090551,0.0,178.3800048828125,False
2022-03-18,2891273.143807984,GLD,16125.33795090551,0.0,178.3800048828125,False
2022-03-21,2913364.778063723,GLD,16125.33795090551,0.0,178.3800048828125,False
2022-03-22,2892240.6247165375,GLD,16125.33795090551,0.0,178.3800048828125,False
2022-03-23,2931747.65348563,GLD,16125.33795090551,0.0,178.3800048828125,False
2022-03-24,2953033.2176863276,GLD,16125.33795090551,0.0,178.3800048828125,False
2022-03-25,2940939.2142231488,GLD,16125.33795090551,0.0,178.3800048828125,False
2022-03-28,2887402.9741206397,GLD,16125.33795090551,0.0,178.3800048828125,False
2022-03-29,2888693.030683088,GLD,16125.33795090551,0.0,178.3800048828125,False
2022-03-30,2911913.5567008927,GLD,16125.33795090551,0.0,178.3800048828125,False
2022-03-31,2913042.202409828,GLD,16125.33795090551,0.0,178.3800048828125,False
2022-04-01,2894498.162187539,GLD,16125.33795090551,0.0,180.64999389648438,False
2022-04-04,2908527.127467825,GLD,16125.33795090551,0.0,180.64999389648438,False
2022-04-05,2890305.6628994304,GLD,16125.33795090551,0.0,180.64999389648438,False
2022-04-06,2897078.2753124353,GLD,16125.33795090551,0.0,180.64999389648438,False
2022-04-07,2908043.3870135485,GLD,16125.33795090551,0.0,180.64999389648438,False
2022-04-08,2926265.0976350736,GLD,16125.33795090551,0.0,180.64999389648438,False
2022-04-11,2940777.803369636,GLD,16125.33795090551,0.0,180.64999389648438,False
2022-04-12,2963353.424132782,GLD,16125.33795090551,0.0,180.64999389648438,False
2022-04-13,2977543.5542134503,GLD,16125.33795090551,0.0,180.64999389648438,False
2022-04-14,2967707.088221273,GLD,16125.33795090551,0.0,180.64999389648438,False
2022-04-18,2976898.6489587915,GLD,16125.33795090551,0.0,180.64999389648438,False
2022-04-19,2931909.0643391423,GLD,16125.33795090551,0.0,180.64999389648438,False
2022-04-20,2946260.605273323,GLD,16125.33795090551,0.0,180.64999389648438,False
2022-04-21,2935778.987973356,GLD,16125.33795090551,0.0,180.64999389648438,False
2022-04-22,2907237.070905377,GLD,16125.33795090551,0.0,180.64999389648438,False
2022-04-25,2854991.133418447,GLD,16125.33795090551,0.0,180.64999389648438,False
2022-04-26,2859345.0435600677,GLD,16125.33795090551,0.0,180.64999389648438,False
2022-04-27,2837736.9037054754,GLD,16125.33795090551,0.0,180.64999389648438,False
2022-04-28,2853055.9255482093,GLD,16125.33795090551,0.0,180.64999389648438,False
2022-04-29,2852733.595947445,GLD,16125.33795090551,0.0,180.64999389648438,False
2022-05-02,2799842.5071527255,GLD,16125.33795090551,0.0,176.91000366210938,False
2022-05-03,2807260.024820389,GLD,16125.33795090551,0.0,176.91000366210938,False
2022-05-04,2834834.4609798146,GLD,16125.33795090551,0.0,176.91000366210938,False
2022-05-05,2824030.5140790837,GLD,16125.33795090551,0.0,176.91000366210938,False
2022-05-06,2828706.753821469,GLD,16125.33795090551,0.0,176.91000366210938,False
2022-05-09,2787748.503689546,GLD,16125.33795090551,0.0,176.91000366210938,False
2022-05-10,2764205.4020178467,GLD,16125.33795090551,0.0,176.91000366210938,False
2022-05-11,2786781.022780993,GLD,16125.33795090551,0.0,176.91000366210938,False
2022-05-12,2744048.729579215,GLD,16125.33795090551,0.0,176.91000366210938,False
2022-05-13,2721795.684469964,GLD,16125.33795090551,0.0,176.91000366210938,False
2022-05-16,2747757.488413047,GLD,16125.33795090551,0.0,176.91000366210938,False
2022-05-17,2730503.504753206,GLD,16125.33795090551,0.0,176.91000366210938,False
2022-05-18,2731954.726116036,GLD,16125.33795090551,0.0,176.91000366210938,False
2022-05-19,2772106.9061929174,GLD,16125.33795090551,0.0,176.91000366210938,False
2022-05-20,2774041.8680100245,GLD,16125.33795090551,0.0,176.91000366210938,False
2022-05-23,2786942.187581375,GLD,16125.33795090551,0.0,176.91000366210938,False
2022-05-24,2807905.1761281784,GLD,16125.33795090551,0.0,176.91000366210938,False
2022-05-25,2790973.522069101,GLD,16125.33795090551,0.0,176.91000366210938,False
2022-05-26,2785813.295819309,GLD,16125.33795090551,0.0,176.91000366210938,False
2022-05-27,2787264.7632352696,GLD,16125.33795090551,0.0,176.91000366210938,False
2022-05-31,2759690.3270758437,GLD,16125.33795090551,0.0,176.91000366210938,False
2022-06-01,2777266.8863895796,SHY,38233.55640373016,0.0,72.63951218826776,False
2022-06-02,2777934.304516347,SHY,38233.55640373016,0.0,72.63951218826776,False
2022-06-03,2776930.6814819025,SHY,38233.55640373016,0.0,72.63951218826776,False
2022-06-06,2773256.5050541665,SHY,38233.55640373016,0.0,72.63951218826776,False
2022-06-07,2773590.06730318,SHY,38233.55640373016,0.0,72.63951218826776,False
2022-06-08,2771586.0511504356,SHY,38233.55640373016,0.0,72.63951218826776,False
2022-06-09,2769582.32862643,SHY,38233.55640373016,0.0,72.63951218826776,False
2022-06-10,2757888.56404283,SHY,38233.55640373016,0.0,72.63951218826776,False
2022-06-13,2743857.2210574704,SHY,38233.55640373016,0.0,72.63951218826776,False
2022-06-14,2738512.003468523,SHY,38233.55640373016,0.0,72.63951218826776,False
2022-06-15,2749203.6131613804,SHY,38233.55640373016,0.0,72.63951218826776,False
2022-06-16,2752878.0832178565,SHY,38233.55640373016,0.0,72.63951218826776,False
2022-06-17,2752210.0778336083,SHY,38233.55640373016,0.0,72.63951218826776,False
2022-06-21,2751206.748427904,SHY,38233.55640373016,0.0,72.63951218826776,False
2022-06-22,2759225.749326288,SHY,38233.55640373016,0.0,72.63951218826776,False
2022-06-23,2761563.914985527,SHY,38233.55640373016,0.0,72.63951218826776,False
2022-06-24,2760896.2032300197,SHY,38233.55640373016,0.0,72.63951218826776,False
2022-06-27,2757888.56404283,SHY,38233.55640373016,0.0,72.63951218826776,False
2022-06-28,2757220.2650298416,SHY,38233.55640373016,0.0,72.63951218826776,False
2022-06-29,2760560.879208564,SHY,38233.55640373016,0.0,72.63951218826776,False
2022-06-30,2765907.271312474,SHY,38233.55640373016,0.0,72.63951218826776,False
2022-07-01,2774234.288759462,SHY,38233.55640373016,0.0,72.34240106009665,False
2022-07-05,2773899.2583667464,SHY,38233.55640373016,0.0,72.34240106009665,False
2022-07-06,2766206.772627609,SHY,38233.55640373016,0.0,72.34240106009665,False
2022-07-07,2764200.994702422,SHY,38233.55640373016,0.0,72.34240106009665,False
2022-07-08,2760856.5633500754,SHY,38233.55640373016,0.0,72.34240106009665,False
2022-07-11,2761859.892755779,SHY,38233.55640373016,0.0,72.34240106009665,False
2022-07-12,2763198.2525541987,SHY,38233.55640373016,0.0,72.34240106009665,False
2022-07-13,2760189.145223307,SHY,38233.55640373016,0.0,72.34240106009665,False
2022-07-14,2759184.9349313825,SHY,38233.55640373016,0.0,72.34240106009665,False
2022-07-15,2761192.4746290115,SHY,38233.55640373016,0.0,72.34240106009665,False
2022-07-18,2759518.790809136,SHY,38233.55640373016,0.0,72.34240106009665,False
2022-07-19,2756511.151621947,SHY,38233.55640373016,0.0,72.34240106009665,False
2022-07-20,2756175.5339717506,SHY,38233.55640373016,0.0,72.34240106009665,False
2022-07-21,2763868.3133396287,SHY,38233.55640373016,0.0,72.34240106009665,False
2022-07-22,2770889.8574071154,SHY,38233.55640373016,0.0,72.34240106009665,False
2022-07-25,2768548.7554604723,SHY,38233.55640373016,0.0,72.34240106009665,False
2022-07-26,2767210.982919534,SHY,38233.55640373016,0.0,72.34240106009665,False
2022-07-27,2771558.156420104,SHY,38233.55640373016,0.0,72.34240106009665,False
2022-07-28,2777576.9583393666,SHY,38233.55640373016,0.0,72.34240106009665,False
2022-07-29,2777243.6897190935,SHY,38233.55640373016,0.0,72.34240106009665,False
2022-08-01,2777177.0359950387,SHY,38233.55640373016,0.0,72.6389054785429,False
2022-08-02,2767468.2016960615,SHY,38233.55640373016,0.0,72.6389054785429,False
2022-08-03,2768472.1183592468,SHY,38233.55640373016,0.0,72.6389054785429,False
2022-08-04,2772154.2227629717,SHY,38233.55640373016,0.0,72.6389054785429,False
2022-08-05,2760773.1727878214,SHY,38233.55640373016,0.0,72.6389054785429,False
2022-08-08,2763451.360528362,SHY,38233.55640373016,0.0,72.6389054785429,False
2022-08-09,2760773.1727878214,SHY,38233.55640373016,0.0,72.6389054785429,False
2022-08-10,2763451.360528362,SHY,38233.55640373016,0.0,72.6389054785429,False
2022-08-11,2762446.8566076965,SHY,38233.55640373016,0.0,72.6389054785429,False
2022-08-12,2763116.036506906,SHY,38233.55640373016,0.0,72.6389054785429,False
2022-08-15,2765460.368369693,SHY,38233.55640373016,0.0,72.6389054785429,False
2022-08-16,2763116.036506906,SHY,38233.55640373016,0.0,72.6389054785429,False
2022-08-17,2760773.1727878214,SHY,38233.55640373016,0.0,72.6389054785429,False
2022-08-18,2764790.0139555214,SHY,38233.55640373016,0.0,72.6389054785429,False
2022-08-19,2762782.1806291523,SHY,38233.55640373016,0.0,72.6389054785429,False
2022-08-22,2759099.1953392057,SHY,38233.55640373016,0.0,72.6389054785429,False
2022-08-23,2760439.610538808,SHY,38233.55640373016,0.0,72.6389054785429,False
2022-08-24,2757425.511519331,SHY,38233.55640373016,0.0,72.6389054785429,False
2022-08-25,2759099.1953392057,SHY,38233.55640373016,0.0,72.6389054785429,False
2022-08-26,2758430.309068737,SHY,38233.55640373016,0.0,72.6389054785429,False
2022-08-29,2756421.5948561463,SHY,38233.55640373016,0.0,72.6389054785429,False
2022-08-30,2755082.9414289864,SHY,38233.55640373016,0.0,72.6389054785429,False
2022-08-31,2754747.911036271,SHY,38233.55640373016,0.0,72.6389054785429,False
2022-09-01,2752735.379650057,IEF,31428.495527435796,0.0,87.58724633341201,False
2022-09-02,2768156.297968813,IEF,31428.495527435796,0.0,87.58724633341201,False
2022-09-06,2737313.497343158,IEF,31428.495527435796,0.0,87.58724633341201,False
2022-09-07,2755214.275159008,IEF,31428.495527435796,0.0,87.58724633341201,False
2022-09-08,2745024.679493643,IEF,31428.495527435796,0.0,87.58724633341201,False
2022-09-09,2745300.3801024556,IEF,31428.495527435796,0.0,87.58724633341201,False
2022-09-12,2738690.5544050033,IEF,31428.495527435796,0.0,87.58724633341201,False
2022-09-13,2723269.395089211,IEF,31428.495527435796,0.0,87.58724633341201,False
2022-09-14,2724645.4881629143,IEF,31428.495527435796,0.0,87.58724633341201,False
2022-09-15,2715283.235321021,IEF,31428.495527435796,0.0,87.58724633341201,False
2022-09-16,2717485.9482270884,IEF,31428.495527435796,0.0,87.58724633341201,False
2022-09-19,2709775.007073639,IEF,31428.495527435796,0.0,87.58724633341201,False
2022-09-20,2692977.0316930367,IEF,31428.495527435796,0.0,87.58724633341201,False
2022-09-21,2703717.0645878827,IEF,31428.495527435796,0.0,87.58724633341201,False
2022-09-22,2662960.127908638,IEF,31428.495527435796,0.0,87.58724633341201,False
2022-09-23,2666264.9202588466,IEF,31428.495527435796,0.0,87.58724633341201,False
2022-09-26,2621927.7316176184,IEF,31428.495527435796,0.0,87.58724633341201,False
2022-09-27,2604027.43579584,IEF,31428.495527435796,0.0,87.58724633341201,False
2022-09-28,2662685.632285005,IEF,31428.495527435796,0.0,87.58724633341201,False
2022-09-29,2650292.6007224657,IEF,31428.495527435796,0.0,87.58724633341201,False
2022-09-30,2643407.0744162025,IEF,31428.495527435796,0.0,87.58724633341201,False
2022-10-03,2674780.0685203425,SHY,37489.38433410149,0.0,71.34766590677994,False
2022-10-04,2675766.748412549,SHY,37489.38433410149,0.0,71.34766590677994,False
2022-10-05,2673135.7939757276,SHY,37489.38433410149,0.0,71.34766590677994,False
2022-10-06,2669843.789923351,SHY,37489.38433410149,0.0,71.34766590677994,False
2022-10-07,2666552.9375253567,SHY,37489.38433410149,0.0,71.34766590677994,False
2022-10-10,2665565.393892363,SHY,37489.38433410149,0.0,71.34766590677994,False
2022-10-11,2666882.598592348,SHY,37489.38433410149,0.0,71.34766590677994,False
2022-10-12,2669514.704683551,SHY,37489.38433410149,0.0,71.34766590677994,False
2022-10-13,2661616.37101477,SHY,37489.38433410149,0.0,71.34766590677994,False
2022-10-14,2660299.7421419774,SHY,37489.38433410149,0.0,71.34766590677994,False
2022-10-17,2663262.373040959,SHY,37489.38433410149,0.0,71.34766590677994,False
2022-10-18,2664579.001913752,SHY,37489.38433410149,0.0,71.34766590677994,False
2022-10-19,2659642.1474895696,SHY,37489.38433410149,0.0,71.34766590677994,False
2022-10-20,2656679.804504183,SHY,37489.38433410149,0.0,71.34766590677994,False
2022-10-21,2663591.7461943533,SHY,37489.38433410149,0.0,71.34766590677994,False
2022-10-24,2662932.424060372,SHY,37489.38433410149,0.0,71.34766590677994,False
2022-10-25,2665565.393892363,SHY,37489.38433410149,0.0,71.34766590677994,False
2022-10-26,2667868.4147437676,SHY,37489.38433410149,0.0,71.34766590677994,False
2022-10-27,2673463.439647549,SHY,37489.38433410149,0.0,71.34766590677994,False
2022-10-28,2669514.704683551,SHY,37489.38433410149,0.0,71.34766590677994,False
2022-10-31,2665565.393892363,SHY,37489.38433410149,0.0,71.34766590677994,False
2022-11-01,2662962.0791607215,SHY,37489.38433410149,0.0,71.10187166951376,False
2022-11-02,2661642.5711519723,SHY,37489.38433410149,0.0,71.10187166951376,False
2022-11-03,2656697.367233517,SHY,37489.38433410149,0.0,71.10187166951376,False
2022-11-04,2659664.316836433,SHY,37489.38433410149,0.0,71.10187166951376,False
2022-11-07,2657357.26519469,SHY,37489.38433410149,0.0,71.10187166951376,False
2022-11-08,2659994.5537306145,SHY,37489.38433410149,0.0,71.10187166951376,False
2022-11-09,2664280.435515089,SHY,37489.38433410149,0.0,71.10187166951376,False
2022-11-10,2678785.234549082,SHY,37489.38433410149,0.0,71.10187166951376,False
2022-11-11,2678125.336587909,SHY,37489.38433410149,0.0,71.10187166951376,False
2022-11-14,2675817.4212053795,SHY,37489.38433410149,0.0,71.10187166951376,False
2022-11-15,2678455.573482091,SHY,37489.38433410149,0.0,71.10187166951376,False
2022-11-16,2678785.234549082,SHY,37489.38433410149,0.0,71.10187166951376,False
2022-11-17,2675488.9117927714,SHY,37489.38433410149,0.0,71.10187166951376,False
2022-11-18,2672521.6742762593,SHY,37489.38433410149,0.0,71.10187166951376,False
2022-11-21,2671862.352142278,SHY,37489.38433410149,0.0,71.10187166951376,False
2022-11-22,2673840.3185442216,SHY,37489.38433410149,0.0,71.10187166951376,False
2022-11-23,2676147.0822723694,SHY,37489.38433410149,0.0,71.10187166951376,False
2022-11-25,2676477.8949937425,SHY,37489.38433410149,0.0,71.10187166951376,False
2022-11-28,2677136.6413005334,SHY,37489.38433410149,0.0,71.10187166951376,False
2022-11-29,2676147.0822723694,SHY,37489.38433410149,0.0,71.10187166951376,False
2022-11-30,2684058.9478801456,SHY,37489.38433410149,0.0,71.10187166951376,False
2022-12-01,2689840.540793892,SHY,37489.38433410149,0.0,71.59517275504159,False
2022-12-02,2689179.491178336,SHY,37489.38433410149,0.0,71.59517275504159,False
2022-12-05,2681581.1634761966,SHY,37489.38433410149,0.0,71.59517275504159,False
2022-12-06,2684555.598832599,SHY,37489.38433410149,0.0,71.59517275504159,False
2022-12-07,2690170.489774478,SHY,37489.38433410149,0.0,71.59517275504159,False
2022-12-08,2687527.730880236,SHY,37489.38433410149,0.0,71.59517275504159,False
2022-12-09,2686206.4953899127,SHY,37489.38433410149,0.0,71.59517275504159,False
2022-12-12,2684555.598832599,SHY,37489.38433410149,0.0,71.59517275504159,False
2022-12-13,2692482.1480337516,SHY,37489.38433410149,0.0,71.59517275504159,False
2022-12-14,2692814.1124095065,SHY,37489.38433410149,0.0,71.59517275504159,False
2022-12-15,2693176.8835399947,SHY,37489.38433410149,0.0,71.59517275504159,False
2022-12-16,2695825.688619745,SHY,37489.38433410149,0.0,71.59517275504159,False
2022-12-19,2692515.2580972486,SHY,37489.38433410149,0.0,71.59517275504159,False
2022-12-20,2692515.2580972486,SHY,37489.38433410149,0.0,71.59517275504159,False
2022-12-21,2695163.4873498073,SHY,37489.38433410149,0.0,71.59517275504159,False
2022-12-22,2693507.408347772,SHY,37489.38433410149,0.0,71.59517275504159,False
2022-12-23,2692184.1574622793,SHY,37489.38433410149,0.0,71.59517275504159,False
2022-12-27,2688542.6263048146,SHY,37489.38433410149,0.0,71.59517275504159,False
2022-12-28,2688542.6263048146,SHY,37489.38433410149,0.0,71.59517275504159,False
2022-12-29,2690529.8059418183,SHY,37489.38433410149,0.0,71.59517275504159,False
2022-12-30,2687217.9358513434,SHY,37489.38433410149,0.0,71.59517275504159,False
2023-01-03,2689535.3523825295,GLD,15722.760380966765,0.0,171.05999755859375,False
2023-01-04,2714849.006192297,GLD,15722.760380966765,0.0,171.05999755859375,False
2023-01-05,2681045.1673373324,GLD,15722.760380966765,0.0,171.05999755859375,False
2023-01-06,2731200.8113382617,GLD,15722.760380966765,0.0,171.05999755859375,False
2023-01-09,2737332.6782904277,GLD,15722.760380966765,0.0,171.05999755859375,False
2023-01-10,2747395.235337835,GLD,15722.760380966765,0.0,171.05999755859375,False
2023-01-11,2745508.3409531256,GLD,15722.760380966765,0.0,171.05999755859375,False
2023-01-12,2777268.384097558,GLD,15722.760380966765,0.0,171.05999755859375,False
2023-01-13,2810600.5593339168,GLD,15722.760380966765,0.0,171.05999755859375,False
2023-01-17,2792204.95847742,GLD,15722.760380966765,0.0,171.05999755859375,False
2023-01-18,2784186.4370508287,GLD,15722.760380966765,0.0,171.05999755859375,False
2023-01-19,2828367.3553357,GLD,15722.760380966765,0.0,171.05999755859375,False
2023-01-20,2818933.6031430066,GLD,15722.760380966765,0.0,171.05999755859375,False
2023-01-23,2824279.524004351,GLD,15722.760380966765,0.0,171.05999755859375,False
2023-01-24,2834499.222287866,GLD,15722.760380966765,0.0,171.05999755859375,False
2023-01-25,2847549.142193302,GLD,15722.760380966765,0.0,171.05999755859375,False
2023-01-26,2821763.8247649283,GLD,15722.760380966765,0.0,171.05999755859375,False
2023-01-27,2817833.134669686,GLD,15722.760380966765,0.0,171.05999755859375,False
2023-01-30,2810600.5593339168,GLD,15722.760380966765,0.0,171.05999755859375,False
2023-01-31,2820820.4975277158,GLD,15722.760380966765,0.0,171.05999755859375,False
2023-02-01,2856353.8496209984,GLD,15722.760380966765,0.0,179.41000366210938,False
2023-02-02,2797078.975809874,GLD,15722.760380966765,0.0,179.41000366210938,False
2023-02-03,2727270.12124302,GLD,15722.760380966765,0.0,179.41000366210938,False
2023-02-06,2732930.3245765795,GLD,15722.760380966765,0.0,179.41000366210938,False
2023-02-07,2735445.7839057185,GLD,15722.760380966765,0.0,179.41000366210938,False
2023-02-08,2742206.695622882,GLD,15722.760380966765,0.0,179.41000366210938,False
2023-02-09,2720509.2095258567,GLD,15722.760380966765,0.0,179.41000366210938,False
2023-02-10,2725697.7492408096,GLD,15722.760380966765,0.0,179.41000366210938,False
2023-02-13,2711861.643334268,GLD,15722.760380966765,0.0,179.41000366210938,False
2023-02-14,2713905.6789550846,GLD,15722.760380966765,0.0,179.41000366210938,False
2023-02-15,2686862.511906999,GLD,15722.760380966765,0.0,179.41000366210938,False
2023-02-16,2684661.3350500753,GLD,15722.760380966765,0.0,179.41000366210938,False
2023-02-17,2692679.856476666,GLD,15722.760380966765,0.0,179.41000366210938,False
2023-02-21,2682617.299429259,GLD,15722.760380966765,0.0,179.41000366210938,False
2023-02-22,2667523.5838132896,GLD,15722.760380966765,0.0,179.41000366210938,False
2023-02-23,2666108.5929574706,GLD,15722.760380966765,0.0,179.41000366210938,False
2023-02-24,2646926.8060998684,GLD,15722.760380966765,0.0,179.41000366210938,False
2023-02-27,2657303.6456194906,GLD,15722.760380966765,0.0,179.41000366210938,False
2023-02-28,2669410.238287715,GLD,15722.760380966765,0.0,179.41000366210938,False
2023-03-01,2684818.4762861826,GLD,15722.760380966765,0.0,169.77999877929688,False
2023-03-02,2683246.3441942562,GLD,15722.760380966765,0.0,169.77999877929688,False
2023-03-03,2712019.0244806595,GLD,15722.760380966765,0.0,169.77999877929688,False
2023-03-06,2698340.0598102254,GLD,15722.760380966765,0.0,169.77999877929688,False
2023-03-07,2651171.778667325,GLD,15722.760380966765,0.0,169.77999877929688,False
2023-03-08,2649913.9290476134,GLD,15722.760380966765,0.0,169.77999877929688,False
2023-03-09,2676013.768858487,GLD,15722.760380966765,0.0,169.77999877929688,False
2023-03-10,2733716.2706674007,GLD,15722.760380966765,0.0,169.77999877929688,False
2023-03-13,2796450.17095516,GLD,15722.760380966765,0.0,169.77999877929688,False
2023-03-14,2780255.746955587,GLD,15722.760380966765,0.0,169.77999877929688,False
2023-03-15,2801953.2330526123,GLD,15722.760380966765,0.0,169.77999877929688,False
2023-03-16,2807613.4363861717,GLD,15722.760380966765,0.0,169.77999877929688,False
2023-03-17,2889371.742385142,GLD,15722.760380966765,0.0,169.77999877929688,False
2023-03-20,2890472.210858462,GLD,15722.760380966765,0.0,169.77999877929688,False
2023-03-21,2835914.2131436844,GLD,15722.760380966765,0.0,169.77999877929688,False
2023-03-22,2884183.202670189,GLD,15722.760380966765,0.0,169.77999877929688,False
2023-03-23,2920345.599528469,GLD,15722.760380966765,0.0,169.77999877929688,False
2023-03-24,2887484.848000433,GLD,15722.760380966765,0.0,169.77999877929688,False
2023-03-27,2860756.203334846,GLD,15722.760380966765,0.0,169.77999877929688,False
2023-03-28,2884183.202670189,GLD,15722.760380966765,0.0,169.77999877929688,False
2023-03-29,2869875.433145041,GLD,15722.760380966765,0.0,169.77999877929688,False
2023-03-30,2895817.8918095226,GLD,15722.760380966765,0.0,169.77999877929688,False
2023-03-31,2880724.1761935535,GLD,15722.760380966765,0.0,169.77999877929688,False
2023-04-03,2901478.0951430816,TQQQ,214647.4680207639,0.0,13.517411231994629,False
2023-04-04,2872525.816395984,TQQQ,214647.4680207639,0.0,13.517411231994629,False
2023-04-05,2780497.7533317036,TQQQ,214647.4680207639,0.0,13.517411231994629,False
2023-04-06,2836334.597971058,TQQQ,214647.4680207639,0.0,13.517411231994629,False
2023-04-10,2830130.640591426,TQQQ,214647.4680207639,0.0,13.517411231994629,False
2023-04-11,2775327.5500276033,TQQQ,214647.4680207639,0.0,13.517411231994629,False
2023-04-12,2701911.1543984422,TQQQ,214647.4680207639,0.0,13.517411231994629,False
2023-04-13,2857015.2064836826,TQQQ,214647.4680207639,0.0,13.517411231994629,False
2023-04-14,2840470.4330882947,TQQQ,214647.4680207639,0.0,13.517411231994629,False
2023-04-17,2843573.128241332,TQQQ,214647.4680207639,0.0,13.517411231994629,False
2023-04-18,2845641.04579995,TQQQ,214647.4680207639,0.0,13.517411231994629,False
2023-04-19,2839436.679012763,TQQQ,214647.4680207639,0.0,13.517411231994629,False
2023-04-20,2773259.018357653,TQQQ,214647.4680207639,0.0,13.517411231994629,False
2023-04-21,2778429.631069308,TQQQ,214647.4680207639,0.0,13.517411231994629,False
2023-04-24,2761884.6529701427,TQQQ,214647.4680207639,0.0,13.517411231994629,False
2023-04-25,2611330.2856287737,CASH,0.0,2611330.2856287737,,False
2023-04-26,2611330.2856287737,CASH,0.0,2611330.2856287737,,False
2023-04-27,2611330.2856287737,CASH,0.0,2611330.2856287737,,False
2023-04-28,2611330.2856287737,CASH,0.0,2611330.2856287737,,False
2023-05-01,2611330.2856287737,TECL,76818.65630258781,0.0,33.993438720703125,False
2023-05-02,2537761.1489785123,TECL,76818.65630258781,0.0,33.993438720703125,False
2023-05-03,2472049.58469343,TECL,76818.65630258781,0.0,33.993438720703125,False
2023-05-04,2436336.8098689197,TECL,76818.65630258781,0.0,33.993438720703125,False
2023-05-05,2615615.7013917477,TECL,76818.65630258781,0.0,33.993438720703125,False
2023-05-08,2611330.2856287737,TECL,76818.65630258781,0.0,33.993438720703125,False
2023-05-09,2550617.689307352,TECL,76818.65630258781,0.0,33.993438720703125,False
2023-05-10,2641329.0750893457,TECL,76818.65630258781,0.0,33.993438720703125,False
2023-05-11,2604187.1445840355,TECL,76818.65630258781,0.0,33.993438720703125,False
2023-05-12,2593473.312136682,TECL,76818.65630258781,0.0,33.993438720703125,False
2023-05-15,2655613.891979232,TECL,76818.65630258781,0.0,33.993438720703125,False
2023-05-16,2664899.740905457,TECL,76818.65630258781,0.0,33.993438720703125,False
2023-05-17,2769895.3574975003,TECL,76818.65630258781,0.0,33.993438720703125,False
2023-05-18,2939889.2792138574,TECL,76818.65630258781,0.0,33.993438720703125,False
2023-05-19,2931317.861608073,TECL,76818.65630258781,0.0,33.993438720703125,False
2023-05-22,2946317.6958982367,TECL,76818.65630258781,0.0,33.993438720703125,False
2023-05-23,2817750.5343703274,TECL,76818.65630258781,0.0,33.993438720703125,False
2023-05-24,2754181.677966732,TECL,76818.65630258781,0.0,33.993438720703125,False
2023-05-25,3070598.8555833353,TECL,76818.65630258781,0.0,33.993438720703125,False
2023-05-26,3327731.7134395624,TECL,76818.65630258781,0.0,33.993438720703125,False
2023-05-30,3379872.599115282,TECL,76818.65630258781,0.0,33.993438720703125,False
2023-05-31,3294875.491737144,TECL,76818.65630258781,0.0,33.993438720703125,False
2023-06-01,3391300.5698431577,TQQQ,195495.68403843875,0.0,17.34718894958496,False
2023-06-02,3467583.292410174,TQQQ,195495.68403843875,0.0,17.34718894958496,False
2023-06-05,3475117.6738792914,TQQQ,195495.68403843875,0.0,17.34718894958496,False
2023-06-06,3471350.110266307,TQQQ,195495.68403843875,0.0,17.34718894958496,False
2023-06-07,3294297.7389184297,TQQQ,195495.68403843875,0.0,17.34718894958496,False
2023-06-08,3407310.4779277877,TQQQ,195495.68403843875,0.0,17.34718894958496,False
2023-06-09,3448748.0844942313,TQQQ,195495.68403843875,0.0,17.34718894958496,False
2023-06-12,3624858.564938862,TQQQ,195495.68403843875,0.0,17.34718894958496,False
2023-06-13,3705848.8776299804,TQQQ,195495.68403843875,0.0,17.34718894958496,False
2023-06-14,3784957.6457851604,TQQQ,195495.68403843875,0.0,17.34718894958496,False
2023-06-15,3917747.4836137067,TQQQ,195495.68403843875,0.0,17.34718894958496,False
2023-06-16,3842405.5333146597,TQQQ,195495.68403843875,0.0,17.34718894958496,False
2023-06-20,3823570.698277143,TQQQ,195495.68403843875,0.0,17.34718894958496,False
2023-06-21,3670332.953341625,TQQQ,195495.68403843875,0.0,17.34718894958496,False
2023-06-22,3792206.029501788,TQQQ,195495.68403843875,0.0,17.34718894958496,False
2023-06-23,3679780.9468912887,TQQQ,195495.68403843875,0.0,17.34718894958496,False
2023-06-26,3534290.124127521,TQQQ,195495.68403843875,0.0,17.34718894958496,False
2023-06-27,3709067.191321951,TQQQ,195495.68403843875,0.0,17.34718894958496,False
2023-06-28,3731741.9283870324,TQQQ,195495.68403843875,0.0,17.34718894958496,False
2023-06-29,3706232.5695299963,TQQQ,195495.68403843875,0.0,17.34718894958496,False
2023-06-30,3873453.255428194,TQQQ,195495.68403843875,0.0,17.34718894958496,False
2023-07-03,3899905.9967021784,TQQQ,195495.68403843875,0.0,19.81349754333496,False
2023-07-05,3897071.374910224,TQQQ,195495.68403843875,0.0,19.81349754333496,False
2023-07-06,3805432.0272603547,TQQQ,195495.68403843875,0.0,19.81349754333496,False
2023-07-07,3766697.0435231775,TQQQ,195495.68403843875,0.0,19.81349754333496,False
2023-07-10,3769531.2924367064,TQQQ,195495.68403843875,0.0,19.81349754333496,False
2023-07-11,3823382.3946721787,TQQQ,195495.68403843875,0.0,19.81349754333496,False
2023-07-12,3965093.7217133404,TQQQ,195495.68403843875,0.0,19.81349754333496,False
2023-07-13,4162545.153094426,TQQQ,195495.68403843875,0.0,19.81349754333496,False
2023-07-14,4158766.776007097,TQQQ,195495.68403843875,0.0,19.81349754333496,False
2023-07-17,4274025.361774274,TQQQ,195495.68403843875,0.0,19.81349754333496,False
2023-07-18,4376057.204026032,TQQQ,195495.68403843875,0.0,19.81349754333496,False
2023-07-19,4376057.204026032,TQQQ,195495.68403843875,0.0,19.81349754333496,False
2023-07-20,4069014.9389479766,TQQQ,195495.68403843875,0.0,19.81349754333496,False
2023-07-21,4033115.322759605,TQQQ,195495.68403843875,0.0,19.81349754333496,False
2023-07-24,4049176.3151885523,TQQQ,195495.68403843875,0.0,19.81349754333496,False
2023-07-25,4130423.9139933838,TQQQ,195495.68403843875,0.0,19.81349754333496,False
2023-07-26,4087910.9260473032,TQQQ,195495.68403843875,0.0,19.81349754333496,False
2023-07-27,4052955.0651543066,TQQQ,195495.68403843875,0.0,19.81349754333496,False
2023-07-28,4272135.613912971,TQQQ,195495.68403843875,0.0,19.81349754333496,False
2023-07-31,4280637.614896706,TQQQ,195495.68403843875,0.0,19.81349754333496,False
2023-08-01,4247572.620500289,TECL,79043.87105412169,0.0,53.736900329589844,False
2023-08-02,3929832.505215001,TECL,79043.87105412169,0.0,53.736900329589844,False
2023-08-03,3882759.694524147,TECL,79043.87105412169,0.0,53.736900329589844,False
2023-08-04,3822815.35845026,CASH,0.0,3822815.35845026,,False
2023-08-07,3822815.35845026,CASH,0.0,3822815.35845026,,False
2023-08-08,3822815.35845026,CASH,0.0,3822815.35845026,,False
2023-08-09,3822815.35845026,CASH,0.0,3822815.35845026,,False
2023-08-10,3822815.35845026,CASH,0.0,3822815.35845026,,False
2023-08-11,3822815.35845026,CASH,0.0,3822815.35845026,,False
2023-08-14,3822815.35845026,CASH,0.0,3822815.35845026,,False
2023-08-15,3822815.35845026,CASH,0.0,3822815.35845026,,False
2023-08-16,3822815.35845026,CASH,0.0,3822815.35845026,,False
2023-08-17,3822815.35845026,CASH,0.0,3822815.35845026,,False
2023-08-18,3822815.35845026,CASH,0.0,3822815.35845026,,False
2023-08-21,3822815.35845026,CASH,0.0,3822815.35845026,,False
2023-08-22,3822815.35845026,CASH,0.0,3822815.35845026,,False
2023-08-23,3822815.35845026,CASH,0.0,3822815.35845026,,False
2023-08-24,3822815.35845026,CASH,0.0,3822815.35845026,,False
2023-08-25,3822815.35845026,CASH,0.0,3822815.35845026,,False
2023-08-28,3822815.35845026,CASH,0.0,3822815.35845026,,False
2023-08-29,3822815.35845026,CASH,0.0,3822815.35845026,,False
2023-08-30,3822815.35845026,CASH,0.0,3822815.35845026,,False
2023-08-31,3822815.35845026,CASH,0.0,3822815.35845026,,False
2023-09-01,3822815.35845026,TQQQ,187054.58595208972,0.0,20.43689727783203,False
2023-09-05,3832759.4834724935,TQQQ,187054.58595208972,0.0,20.43689727783203,False
2023-09-06,3731516.146012528,TQQQ,187054.58595208972,0.0,20.43689727783203,False
2023-09-07,3650160.70181872,TQQQ,187054.58595208972,0.0,20.43689727783203,False
2023-09-08,3661007.832740468,TQQQ,187054.58595208972,0.0,20.43689727783203,False
2023-09-11,3785753.9412911204,TQQQ,187054.58595208972,0.0,20.43689727783203,False
2023-09-12,3664623.7808999233,TQQQ,187054.58595208972,0.0,20.43689727783203,False
2023-09-13,3700781.121824622,TQQQ,187054.58595208972,0.0,20.43689727783203,False
2023-09-14,3787561.736981693,TQQQ,187054.58595208972,0.0,20.43689727783203,False
2023-09-15,3593211.391393422,TQQQ,187054.58595208972,0.0,20.43689727783203,False
2023-09-18,3601347.7207250823,TQQQ,187054.58595208972,0.0,20.43689727783203,False
2023-09-19,3579652.745324969,TQQQ,187054.58595208972,0.0,20.43689727783203,False
2023-09-20,3440533.822605234,CASH,0.0,3440533.822605234,,False
2023-09-21,3440533.822605234,CASH,0.0,3440533.822605234,,False
2023-09-22,3440533.822605234,CASH,0.0,3440533.822605234,,False
2023-09-25,3440533.822605234,CASH,0.0,3440533.822605234,,False
2023-09-26,3440533.822605234,CASH,0.0,3440533.822605234,,False
2023-09-27,3440533.822605234,CASH,0.0,3440533.822605234,,False
2023-09-28,3440533.822605234,CASH,0.0,3440533.822605234,,False
2023-09-29,3440533.822605234,CASH,0.0,3440533.822605234,,False
2023-10-02,3440533.822605234,TQQQ,194529.58154914796,0.0,17.686429977416992,False
2023-10-03,3258460.281595229,TQQQ,194529.58154914796,0.0,17.686429977416992,False
2023-10-04,3390534.1605477035,TQQQ,194529.58154914796,0.0,17.686429977416992,False
2023-10-05,3354686.172321857,TQQQ,194529.58154914796,0.0,17.686429977416992,False
2023-10-06,3523551.5833651517,TQQQ,194529.58154914796,0.0,17.686429977416992,False
2023-10-09,3575437.591081167,TQQQ,194529.58154914796,0.0,17.686429977416992,False
2023-10-10,3633928.0348162693,TQQQ,194529.58154914796,0.0,17.686429977416992,False
2023-10-11,3711286.0165292686,TQQQ,194529.58154914796,0.0,17.686429977416992,False
2023-10-12,3667890.4194550933,TQQQ,194529.58154914796,0.0,17.686429977416992,False
2023-10-13,3529212.1044835327,TQQQ,194529.58154914796,0.0,17.686429977416992,False
2023-10-16,3648078.9665764906,TQQQ,194529.58154914796,0.0,17.686429977416992,False
2023-10-17,3613173.409108424,TQQQ,194529.58154914796,0.0,17.686429977416992,False
2023-10-18,3460344.904448105,TQQQ,194529.58154914796,0.0,17.686429977416992,False
2023-10-19,3367893.5602171044,TQQQ,194529.58154914796,0.0,17.686429977416992,False
2023-10-20,3216007.857350297,TQQQ,194529.58154914796,0.0,17.686429977416992,False
2023-10-23,3244308.607763545,TQQQ,194529.58154914796,0.0,17.686429977416992,False
2023-10-24,3335818.2633082285,TQQQ,194529.58154914796,0.0,17.686429977416992,False
2023-10-25,3096480.4403447104,CASH,0.0,3096480.4403447104,,False
2023-10-26,3096480.4403447104,CASH,0.0,3096480.4403447104,,False
2023-10-27,3096480.4403447104,CASH,0.0,3096480.4403447104,,False
2023-10-30,3096480.4403447104,CASH,0.0,3096480.4403447104,,False
2023-10-31,3096480.4403447104,CASH,0.0,3096480.4403447104,,False
2023-11-01,3096480.4403447104,TQQQ,185234.83334173268,0.0,16.71651268005371,False
2023-11-02,3260871.549954775,TQQQ,185234.83334173268,0.0,16.71651268005371,False
2023-11-03,3375855.445277702,TQQQ,185234.83334173268,0.0,16.71651268005371,False
2023-11-06,3414482.897296602,TQQQ,185234.83334173268,0.0,16.71651268005371,False
2023-11-07,3510601.9436695594,TQQQ,185234.83334173268,0.0,16.71651268005371,False
2023-11-08,3516890.8154985593,TQQQ,185234.83334173268,0.0,16.71651268005371,False
2023-11-09,3433346.6863243533,TQQQ,185234.83334173268,0.0,16.71651268005371,False
2023-11-10,3662416.722851248,TQQQ,185234.83334173268,0.0,16.71651268005371,False
2023-11-13,3629179.6819275757,TQQQ,185234.83334173268,0.0,16.71651268005371,False
2023-11-14,3857350.5511058858,TQQQ,185234.83334173268,0.0,16.71651268005371,False
2023-11-15,3868129.960066717,TQQQ,185234.83334173268,0.0,16.71651268005371,False
2023-11-16,3874418.125280905,TQQQ,185234.83334173268,0.0,16.71651268005371,False
2023-11-17,3877113.507482222,TQQQ,185234.83334173268,0.0,16.71651268005371,False
2023-11-20,4015453.4955017623,TQQQ,185234.83334173268,0.0,16.71651268005371,False
2023-11-21,3942690.188518012,TQQQ,185234.83334173268,0.0,16.71651268005371,False
2023-11-22,3988504.266484872,TQQQ,185234.83334173268,0.0,16.71651268005371,False
2023-11-24,3968741.310108536,TQQQ,185234.83334173268,0.0,16.71651268005371,False
2023-11-27,3957062.7337991204,TQQQ,185234.83334173268,0.0,16.71651268005371,False
2023-11-28,3988504.266484872,TQQQ,185234.83334173268,0.0,16.71651268005371,False
2023-11-29,3974131.721203764,TQQQ,185234.83334173268,0.0,16.71651268005371,False
2023-11-30,3940893.2670504674,TQQQ,185234.83334173268,0.0,16.71651268005371,False
2023-12-01,3974131.721203764,TQQQ,185234.83334173268,0.0,21.27511978149414,False
2023-12-04,3860944.040733569,TQQQ,185234.83334173268,0.0,21.27511978149414,False
2023-12-05,3888791.3771768254,TQQQ,185234.83334173268,0.0,21.27511978149414,False
2023-12-06,3819621.559820758,TQQQ,185234.83334173268,0.0,21.27511978149414,False
2023-12-07,3979520.7190693673,TQQQ,185234.83334173268,0.0,21.27511978149414,False
2023-12-08,4027131.365196366,TQQQ,185234.83334173268,0.0,21.27511978149414,False
2023-12-11,4129539.6367057296,TQQQ,185234.83334173268,0.0,21.27511978149414,False
2023-12-12,4229252.17270637,TQQQ,185234.83334173268,0.0,21.27511978149414,False
2023-12-13,4378371.569686742,TQQQ,185234.83334173268,0.0,21.27511978149414,False
2023-12-14,4371184.943738782,TQQQ,185234.83334173268,0.0,21.27511978149414,False
2023-12-15,4423287.18691983,TQQQ,185234.83334173268,0.0,21.27511978149414,False
2023-12-18,4515812.390357697,TQQQ,185234.83334173268,0.0,21.27511978149414,False
2023-12-19,4583186.699475844,TQQQ,185234.83334173268,0.0,21.27511978149414,False
2023-12-20,4379547.023426915,TQQQ,185234.83334173268,0.0,21.27511978149414,False
2023-12-21,4524810.070069447,TQQQ,185234.83334173268,0.0,21.27511978149414,False
2023-12-22,4542855.245837211,TQQQ,185234.83334173268,0.0,21.27511978149414,False
2023-12-26,4625863.407676327,TQQQ,185234.83334173268,0.0,21.27511978149414,False
2023-12-27,4650223.246713737,TQQQ,185234.83334173268,0.0,21.27511978149414,False
2023-12-28,4638494.500752652,TQQQ,185234.83334173268,0.0,21.27511978149414,False
2023-12-29,4574434.215103945,TQQQ,185234.83334173268,0.0,21.27511978149414,False
2024-01-02,4342554.678083555,TECL,75689.2303829303,0.0,57.37348175048828,False
2024-01-03,4193079.246635374,TECL,75689.2303829303,0.0,57.37348175048828,False
2024-01-04,4100714.617191104,TECL,75689.2303829303,0.0,57.37348175048828,False
2024-01-05,4100008.9574046666,TECL,75689.2303829303,0.0,57.37348175048828,False
2024-01-08,4408126.179237211,TECL,75689.2303829303,0.0,57.37348175048828,False
2024-01-09,4424343.072676267,TECL,75689.2303829303,0.0,57.37348175048828,False
2024-01-10,4537155.089500215,TECL,75689.2303829303,0.0,57.37348175048828,False
2024-01-11,4598496.674176249,TECL,75689.2303829303,0.0,57.37348175048828,False
2024-01-12,4641506.118442916,TECL,75689.2303829303,0.0,57.37348175048828,False
2024-01-16,4674644.987644464,TECL,75689.2303829303,0.0,57.37348175048828,False
2024-01-17,4604137.910226746,TECL,75689.2303829303,0.0,57.37348175048828,False
2024-01-18,4881231.798559556,TECL,75689.2303829303,0.0,57.37348175048828,False
2024-01-19,5211206.283687153,TECL,75689.2303829303,0.0,57.37348175048828,False
2024-01-22,5274663.692796499,TECL,75689.2303829303,0.0,57.37348175048828,False
2024-01-23,5340940.276273593,TECL,75689.2303829303,0.0,57.37348175048828,False
2024-01-24,5449521.799156918,TECL,75689.2303829303,0.0,57.37348175048828,False
2024-01-25,5512273.548479826,TECL,75689.2303829303,0.0,57.37348175048828,False
2024-01-26,5314852.807769418,TECL,75689.2303829303,0.0,57.37348175048828,False
2024-01-29,5461507.621192349,TECL,75689.2303829303,0.0,57.37348175048828,False
2024-01-30,5330362.886496034,TECL,75689.2303829303,0.0,57.37348175048828,False
2024-01-31,4989813.321442881,TECL,75689.2303829303,0.0,57.37348175048828,False
2024-02-01,5181592.826102791,TQQQ,195191.0893647181,0.0,26.54625701904297,False
2024-02-02,5442097.919912965,TQQQ,195191.0893647181,0.0,26.54625701904297,False
2024-02-05,5414525.94251264,TQQQ,195191.0893647181,0.0,26.54625701904297,False
2024-02-06,5383152.435774426,TQQQ,195191.0893647181,0.0,26.54625701904297,False
2024-02-07,5543829.317049991,TQQQ,195191.0893647181,0.0,26.54625701904297,False
2024-02-08,5566646.683621389,TQQQ,195191.0893647181,0.0,26.54625701904297,False
2024-02-09,5730176.108015837,TQQQ,195191.0893647181,0.0,26.54625701904297,False
2024-02-12,5662672.622223194,TQQQ,195191.0893647181,0.0,26.54625701904297,False
2024-02-13,5394561.491357583,TQQQ,195191.0893647181,0.0,26.54625701904297,False
2024-02-14,5565696.208212553,TQQQ,195191.0893647181,0.0,26.54625701904297,False
2024-02-15,5612282.905954014,TQQQ,195191.0893647181,0.0,26.54625701904297,False
2024-02-16,5458261.586325049,TQQQ,195191.0893647181,0.0,26.54625701904297,False
2024-02-20,5331811.127204037,TQQQ,195191.0893647181,0.0,26.54625701904297,False
2024-02-21,5265258.861415146,TQQQ,195191.0893647181,0.0,26.54625701904297,False
2024-02-22,5720668.747845269,TQQQ,195191.0893647181,0.0,26.54625701904297,False
2024-02-23,5668377.708460958,TQQQ,195191.0893647181,0.0,26.54625701904297,False
2024-02-26,5660771.67140552,TQQQ,195191.0893647181,0.0,26.54625701904297,False
2024-02-27,5695948.568968911,TQQQ,195191.0893647181,0.0,26.54625701904297,False
2024-02-28,5603726.021192282,TQQQ,195191.0893647181,0.0,26.54625701904297,False
2024-02-29,5738732.992777568,TQQQ,195191.0893647181,0.0,26.54625701904297,False
2024-03-01,6002091.002004081,TECL,76613.5561820468,0.0,78.34241485595703,False
2024-03-04,6001377.309132238,TECL,76613.5561820468,0.0,78.34241485595703,False
2024-03-05,5556752.495124166,TECL,76613.5561820468,0.0,78.34241485595703,False
2024-03-06,5679505.915536119,TECL,76613.5561820468,0.0,78.34241485595703,False
2024-03-07,5944283.632929893,TECL,76613.5561820468,0.0,78.34241485595703,False
2024-03-08,5675936.866661854,TECL,76613.5561820468,0.0,78.34241485595703,False
2024-03-11,5632401.601479397,TECL,76613.5561820468,0.0,78.34241485595703,False
2024-03-12,5969260.545384231,TECL,76613.5561820468,0.0,78.34241485595703,False
2024-03-13,5772285.404360735,TECL,76613.5561820468,0.0,78.34241485595703,False
2024-03-14,5778708.640207327,TECL,76613.5561820468,0.0,78.34241485595703,False
2024-03-15,5511789.844198021,TECL,76613.5561820468,0.0,78.34241485595703,False
2024-03-18,5594577.0483017815,TECL,76613.5561820468,0.0,78.34241485595703,False
2024-03-19,5669764.972285281,TECL,76613.5561820468,0.0,78.34241485595703,False
2024-03-20,5864878.4328855,TECL,76613.5561820468,0.0,78.34241485595703,False
2024-03-21,5873456.191193693,TECL,76613.5561820468,0.0,78.34241485595703,False
2024-03-22,5877030.500703377,TECL,76613.5561820468,0.0,78.34241485595703,False
2024-03-25,5754099.972232318,TECL,76613.5561820468,0.0,78.34241485595703,False
2024-03-26,5687632.428228372,TECL,76613.5561820468,0.0,78.34241485595703,False
2024-03-27,5763390.254382262,TECL,76613.5561820468,0.0,78.34241485595703,False
2024-03-28,5727655.34249608,TECL,76613.5561820468,0.0,78.34241485595703,False
2024-04-01,5770538.2888865825,TECL,76613.5561820468,0.0,74.76033782958984,False
2024-04-02,5606155.706858988,TECL,76613.5561820468,0.0,74.76033782958984,False
2024-04-03,5643319.758033996,TECL,76613.5561820468,0.0,74.76033782958984,False
2024-04-04,5376021.02724443,TECL,76613.5561820468,0.0,74.76033782958984,False
2024-04-05,5552553.339029715,TECL,76613.5561820468,0.0,74.76033782958984,False
2024-04-08,5532541.297380814,TECL,76613.5561820468,0.0,74.76033782958984,False
2024-04-09,5608300.292564798,TECL,76613.5561820468,0.0,74.76033782958984,False
2024-04-10,5409611.937939849,TECL,76613.5561820468,0.0,74.76033782958984,False
2024-04-11,5716220.474640327,TECL,76613.5561820468,0.0,74.76033782958984,False
2024-04-12,5450349.129594447,TECL,76613.5561820468,0.0,74.76033782958984,False
2024-04-15,5154889.808246473,CASH,0.0,5154889.808246473,,False
2024-04-16,5154889.808246473,CASH,0.0,5154889.808246473,,False
2024-04-17,5154889.808246473,CASH,0.0,5154889.808246473,,False
2024-04-18,5154889.808246473,CASH,0.0,5154889.808246473,,False
2024-04-19,5154889.808246473,CASH,0.0,5154889.808246473,,False
2024-04-22,5154889.808246473,CASH,0.0,5154889.808246473,,False
2024-04-23,5154889.808246473,CASH,0.0,5154889.808246473,,False
2024-04-24,5154889.808246473,CASH,0.0,5154889.808246473,,False
2024-04-25,5154889.808246473,CASH,0.0,5154889.808246473,,False
2024-04-26,5154889.808246473,CASH,0.0,5154889.808246473,,False
2024-04-29,5154889.808246473,CASH,0.0,5154889.808246473,,False
2024-04-30,5154889.808246473,CASH,0.0,5154889.808246473,,False
2024-05-01,5154889.808246473,TECL,86829.49483067053,0.0,59.367958068847656,False
2024-05-02,5367921.235924828,TECL,86829.49483067053,0.0,59.367958068847656,False
2024-05-03,5809374.942519033,TECL,86829.49483067053,0.0,59.367958068847656,False
2024-05-06,6011877.949471803,TECL,86829.49483067053,0.0,59.367958068847656,False
2024-05-07,5951937.562880703,TECL,86829.49483067053,0.0,59.367958068847656,False
2024-05-08,6005398.46270927,TECL,86829.49483067053,0.0,59.367958068847656,False
2024-05-09,5991627.31754829,TECL,86829.49483067053,0.0,59.367958068847656,False
2024-05-10,6050759.507242315,TECL,86829.49483067053,0.0,59.367958068847656,False
2024-05-13,6138239.534329484,TECL,86829.49483067053,0.0,59.367958068847656,False
2024-05-14,6302670.505321763,TECL,86829.49483067053,0.0,59.367958068847656,False
2024-05-15,6722255.198828886,TECL,86829.49483067053,0.0,59.367958068847656,False
2024-05-16,6650164.035609794,TECL,86829.49483067053,0.0,59.367958068847656,False
2024-05-17,6596703.7982377,TECL,86829.49483067053,0.0,59.367958068847656,False
2024-05-20,6825936.261420044,TECL,86829.49483067053,0.0,59.367958068847656,False
2024-05-21,6860764.910488667,TECL,86829.49483067053,0.0,59.367958068847656,False
2024-05-22,6906936.139288207,TECL,86829.49483067053,0.0,59.367958068847656,False
2024-05-23,6739265.093686424,TECL,86829.49483067053,0.0,59.367958068847656,False
2024-05-24,6890735.766240691,TECL,86829.49483067053,0.0,59.367958068847656,False
2024-05-28,6977407.596430784,TECL,86829.49483067053,0.0,59.367958068847656,False
2024-05-29,6841325.787744594,TECL,86829.49483067053,0.0,59.367958068847656,False
2024-05-30,6372331.778197847,TECL,86829.49483067053,0.0,59.367958068847656,False
2024-05-31,6403112.1557598915,TECL,86829.49483067053,0.0,59.367958068847656,False
2024-06-03,6450902.428179473,TECL,86829.49483067053,0.0,73.74351501464844,False
2024-06-04,6475203.318978984,TECL,86829.49483067053,0.0,73.74351501464844,False
2024-06-05,6908556.507821195,TECL,86829.49483067053,0.0,73.74351501464844,False
2024-06-06,6841325.787744594,TECL,86829.49483067053,0.0,73.74351501464844,False
2024-06-07,6881827.051591621,TECL,86829.49483067053,0.0,73.74351501464844,False
2024-06-10,6927996.955478215,TECL,86829.49483067053,0.0,73.74351501464844,False
2024-06-11,7311940.165824329,TECL,86829.49483067053,0.0,73.74351501464844,False
2024-06-12,7793895.136265561,TECL,86829.49483067053,0.0,73.74351501464844,False
2024-06-13,7985057.550856833,TECL,86829.49483067053,0.0,73.74351501464844,False
2024-06-14,8054718.161276444,TECL,86829.49483067053,0.0,73.74351501464844,False
2024-06-17,8420841.292498527,TECL,86829.49483067053,0.0,73.74351501464844,False
2024-06-18,8454861.082213601,TECL,86829.49483067053,0.0,73.74351501464844,False
2024-06-20,8157588.377144635,TECL,86829.49483067053,0.0,73.74351501464844,False
2024-06-21,8080638.75815247,TECL,86829.49483067053,0.0,73.74351501464844,False
2024-06-24,7524972.918415629,TECL,86829.49483067053,0.0,73.74351501464844,False
2024-06-25,7927809.387372055,TECL,86829.49483067053,0.0,73.74351501464844,False
2024-06-26,7908349.066020845,TECL,86829.49483067053,0.0,73.74351501464844,False
2024-06-27,7917268.379973483,TECL,86829.49483067053,0.0,73.74351501464844,False
2024-06-28,7896185.702719866,TECL,86829.49483067053,0.0,73.74351501464844,False
2024-07-01,8066467.48928179,TQQQ,219088.54708128868,0.0,36.81829833984375,False
2024-07-02,8313741.923701017,TQQQ,219088.54708128868,0.0,36.81829833984375,False
2024-07-03,8518010.836852688,TQQQ,219088.54708128868,0.0,36.81829833984375,False
2024-07-05,8776033.099623758,TQQQ,219088.54708128868,0.0,36.81829833984375,False
2024-07-08,8834088.087853337,TQQQ,219088.54708128868,0.0,36.81829833984375,False
2024-07-09,8853440.864938505,TQQQ,219088.54708128868,0.0,36.81829833984375,False
2024-07-10,9130815.06903826,TQQQ,219088.54708128868,0.0,36.81829833984375,False
2024-07-11,8530910.738144344,TQQQ,219088.54708128868,0.0,36.81829833984375,False
2024-07-12,8669599.511707185,TQQQ,219088.54708128868,0.0,36.81829833984375,False
2024-07-15,8734103.196947869,TQQQ,219088.54708128868,0.0,36.81829833984375,False
2024-07-16,8740556.072741382,TQQQ,219088.54708128868,0.0,36.81829833984375,False
2024-07-17,7971859.0198216885,TQQQ,219088.54708128868,0.0,36.81829833984375,False
2024-07-18,7852523.023344016,TQQQ,219088.54708128868,0.0,36.81829833984375,False
2024-07-19,7639653.340241425,TQQQ,219088.54708128868,0.0,36.81829833984375,False
2024-07-22,7972934.638413354,TQQQ,219088.54708128868,0.0,36.81829833984375,False
2024-07-23,7886926.93890417,TQQQ,219088.54708128868,0.0,36.81829833984375,False
2024-07-24,7259820.740353611,CASH,0.0,7259820.740353611,,False
2024-07-25,7259820.740353611,CASH,0.0,7259820.740353611,,False
2024-07-26,7259820.740353611,CASH,0.0,7259820.740353611,,False
2024-07-29,7259820.740353611,CASH,0.0,7259820.740353611,,False
2024-07-30,7259820.740353611,CASH,0.0,7259820.740353611,,False
2024-07-31,7259820.740353611,CASH,0.0,7259820.740353611,,False
2024-08-01,7259820.740353611,TECL,102994.41538527457,0.0,70.48751831054688,False
2024-08-02,6533838.666318251,CASH,0.0,6533838.666318251,,False
2024-08-05,6533838.666318251,CASH,0.0,6533838.666318251,,False
2024-08-06,6533838.666318251,CASH,0.0,6533838.666318251,,False
2024-08-07,6533838.666318251,CASH,0.0,6533838.666318251,,False
2024-08-08,6533838.666318251,CASH,0.0,6533838.666318251,,False
2024-08-09,6533838.666318251,CASH,0.0,6533838.666318251,,False
2024-08-12,6533838.666318251,CASH,0.0,6533838.666318251,,False
2024-08-13,6533838.666318251,CASH,0.0,6533838.666318251,,False
2024-08-14,6533838.666318251,CASH,0.0,6533838.666318251,,False
2024-08-15,6533838.666318251,CASH,0.0,6533838.666318251,,False
2024-08-16,6533838.666318251,CASH,0.0,6533838.666318251,,False
2024-08-19,6533838.666318251,CASH,0.0,6533838.666318251,,False
2024-08-20,6533838.666318251,CASH,0.0,6533838.666318251,,False
2024-08-21,6533838.666318251,CASH,0.0,6533838.666318251,,False
2024-08-22,6533838.666318251,CASH,0.0,6533838.666318251,,False
2024-08-23,6533838.666318251,CASH,0.0,6533838.666318251,,False
2024-08-26,6533838.666318251,CASH,0.0,6533838.666318251,,False
2024-08-27,6533838.666318251,CASH,0.0,6533838.666318251,,False
2024-08-28,6533838.666318251,CASH,0.0,6533838.666318251,,False
2024-08-29,6533838.666318251,CASH,0.0,6533838.666318251,,False
2024-08-30,6533838.666318251,CASH,0.0,6533838.666318251,,False
2024-09-03,6533838.666318251,TECL,97568.22078036341,0.0,66.96687316894531,False
2024-09-04,6485548.084144449,TECL,97568.22078036341,0.0,66.96687316894531,False
2024-09-05,6456391.955669067,TECL,97568.22078036341,0.0,66.96687316894531,False
2024-09-06,5880454.799686425,CASH,0.0,5880454.799686425,,False
2024-09-09,5880454.799686425,CASH,0.0,5880454.799686425,,False
2024-09-10,5880454.799686425,CASH,0.0,5880454.799686425,,False
2024-09-11,5880454.799686425,CASH,0.0,5880454.799686425,,False
2024-09-12,5880454.799686425,CASH,0.0,5880454.799686425,,False
2024-09-13,5880454.799686425,CASH,0.0,5880454.799686425,,False
2024-09-16,5880454.799686425,CASH,0.0,5880454.799686425,,False
2024-09-17,5880454.799686425,CASH,0.0,5880454.799686425,,False
2024-09-18,5880454.799686425,CASH,0.0,5880454.799686425,,False
2024-09-19,5880454.799686425,CASH,0.0,5880454.799686425,,False
2024-09-20,5880454.799686425,CASH,0.0,5880454.799686425,,False
2024-09-23,5880454.799686425,CASH,0.0,5880454.799686425,,False
2024-09-24,5880454.799686425,CASH,0.0,5880454.799686425,,False
2024-09-25,5880454.799686425,CASH,0.0,5880454.799686425,,False
2024-09-26,5880454.799686425,CASH,0.0,5880454.799686425,,False
2024-09-27,5880454.799686425,CASH,0.0,5880454.799686425,,False
2024-09-30,5880454.799686425,CASH,0.0,5880454.799686425,,False
2024-10-01,5880454.799686425,TECL,77500.97926653676,0.0,75.8758773803711,False
2024-10-02,5996977.66865248,TECL,77500.97926653676,0.0,75.8758773803711,False
2024-10-03,6080931.93838315,TECL,77500.97926653676,0.0,75.8758773803711,False
2024-10-04,6277068.4498765385,TECL,77500.97926653676,0.0,75.8758773803711,False
2024-10-07,6151860.187504982,TECL,77500.97926653676,0.0,75.8758773803711,False
2024-10-08,6484784.106244322,TECL,77500.97926653676,0.0,75.8758773803711,False
2024-10-09,6699012.772916524,TECL,77500.97926653676,0.0,75.8758773803711,False
2024-10-10,6685262.427512141,TECL,77500.97926653676,0.0,75.8758773803711,False
2024-10-11,6712041.158667553,TECL,77500.97926653676,0.0,75.8758773803711,False
2024-10-14,6963905.150430661,TECL,77500.97926653676,0.0,75.8758773803711,False
2024-10-15,6535446.634515161,TECL,77500.97926653676,0.0,75.8758773803711,False
2024-10-16,6573805.101830514,TECL,77500.97926653676,0.0,75.8758773803711,False
2024-10-17,6646179.635401243,TECL,77500.97926653676,0.0,75.8758773803711,False
2024-10-18,6691776.029102108,TECL,77500.97926653676,0.0,75.8758773803711,False
2024-10-21,6792376.760848242,TECL,77500.97926653676,0.0,75.8758773803711,False
2024-10-22,6773558.507017243,TECL,77500.97926653676,0.0,75.8758773803711,False
2024-10-23,6481888.580918789,TECL,77500.97926653676,0.0,75.8758773803711,False
2024-10-24,6533998.576209621,TECL,77500.97926653676,0.0,75.8758773803711,False
2024-10-25,6625915.097121346,TECL,77500.97926653676,0.0,75.8758773803711,False
2024-10-28,6623020.754366908,TECL,77500.97926653676,0.0,75.8758773803711,False
2024-10-29,6885017.015269964,TECL,77500.97926653676,0.0,75.8758773803711,False
2024-10-30,6561501.632160576,TECL,77500.97926653676,0.0,75.8758773803711,False
2024-10-31,5919537.591797323,TECL,77500.97926653676,0.0,75.8758773803711,False
2024-11-01,6049811.397453307,TECL,77500.97926653676,0.0,76.38016510009766,False
2024-11-04,6032441.201927847,TECL,77500.97926653676,0.0,76.38016510009766,False
2024-11-05,6285028.927200951,TECL,77500.97926653676,0.0,76.38016510009766,False
2024-11-06,6803957.088293731,TECL,77500.97926653676,0.0,76.38016510009766,False
2024-11-07,7173792.598613979,TECL,77500.97926653676,0.0,76.38016510009766,False
2024-11-08,7139776.532358604,TECL,77500.97926653676,0.0,76.38016510009766,False
2024-11-11,7027595.473166981,TECL,77500.97926653676,0.0,76.38016510009766,False
2024-11-12,7042069.5520813605,TECL,77500.97926653676,0.0,76.38016510009766,False
2024-11-13,7000816.150726021,TECL,77500.97926653676,0.0,76.38016510009766,False
2024-11-14,6900939.743775431,TECL,77500.97926653676,0.0,76.38016510009766,False
2024-11-15,6402277.894819191,TECL,77500.97926653676,0.0,76.38016510009766,False
2024-11-18,6442082.646583443,TECL,77500.97926653676,0.0,76.38016510009766,False
2024-11-19,6602031.300005919,TECL,77500.97926653676,0.0,76.38016510009766,False
2024-11-20,6568738.375974992,TECL,77500.97926653676,0.0,76.38016510009766,False
2024-11-21,6775006.565322783,TECL,77500.97926653676,0.0,76.38016510009766,False
2024-11-22,6775731.481403873,TECL,77500.97926653676,0.0,76.38016510009766,False
2024-11-25,6769217.2885283595,TECL,77500.97926653676,0.0,76.38016510009766,False
2024-11-26,6874884.1548444675,TECL,77500.97926653676,0.0,76.38016510009766,False
2024-11-27,6591899.622151517,TECL,77500.97926653676,0.0,76.38016510009766,False
2024-11-29,6767769.230222819,TECL,77500.97926653676,0.0,76.38016510009766,False
2024-12-02,6958115.282350689,TECL,77500.97926653676,0.0,87.324951171875,False
2024-12-03,7030490.407206967,TECL,77500.97926653676,0.0,87.324951171875,False
2024-12-04,7419866.131011569,TECL,77500.97926653676,0.0,87.324951171875,False
2024-12-05,7298277.718761088,TECL,77500.97926653676,0.0,87.324951171875,False
2024-12-06,7371375.394556266,TECL,77500.97926653676,0.0,87.324951171875,False
2024-12-09,7236036.045615855,TECL,77500.97926653676,0.0,87.324951171875,False
2024-12-10,6927717.883645296,TECL,77500.97926653676,0.0,87.324951171875,False
2024-12-11,7228073.203149253,TECL,77500.97926653676,0.0,87.324951171875,False
2024-12-12,7106802.902523264,TECL,77500.97926653676,0.0,87.324951171875,False
2024-12-13,7189339.269511311,TECL,77500.97926653676,0.0,87.324951171875,False
2024-12-16,7400024.36189805,TECL,77500.97926653676,0.0,87.324951171875,False
2024-12-17,7271151.902989362,TECL,77500.97926653676,0.0,87.324951171875,False
2024-12-18,6576833.666404208,TECL,77500.97926653676,0.0,87.324951171875,False
2024-12-19,6583349.041850817,TECL,77500.97926653676,0.0,87.324951171875,False
2024-12-20,6879466.026551136,TECL,77500.97926653676,0.0,87.324951171875,False
2024-12-23,7078961.039953657,TECL,77500.97926653676,0.0,87.324951171875,False
2024-12-24,7288954.328249958,TECL,77500.97926653676,0.0,87.324951171875,False
2024-12-26,7307057.717854173,TECL,77500.97926653676,0.0,87.324951171875,False
2024-12-27,7005100.605802356,TECL,77500.97926653676,0.0,87.324951171875,False
2024-12-30,6735728.648981249,TECL,77500.97926653676,0.0,87.324951171875,False
2024-12-31,6556872.457610117,TECL,77500.97926653676,0.0,87.324951171875,False
2025-01-02,6516322.094770617,TQQQ,167783.13938497417,0.0,38.837764739990234,False
2025-01-03,6828754.059678451,TQQQ,167783.13938497417,0.0,38.837764739990234,False
2025-01-06,7061627.538441911,TQQQ,167783.13938497417,0.0,38.837764739990234,False
2025-01-07,6681240.406687149,TQQQ,167783.13938497417,0.0,38.837764739990234,False
2025-01-08,6686212.8920764085,TQQQ,167783.13938497417,0.0,38.837764739990234,False
2025-01-10,6367150.733302267,TQQQ,167783.13938497417,0.0,38.837764739990234,False
2025-01-13,6300851.994848621,TQQQ,167783.13938497417,0.0,38.837764739990234,False
2025-01-14,6278476.130617898,TQQQ,167783.13938497417,0.0,38.837764739990234,False
2025-01-15,6702786.776637466,TQQQ,167783.13938497417,0.0,38.837764739990234,False
2025-01-16,6566046.948663205,TQQQ,167783.13938497417,0.0,38.837764739990234,False
2025-01-17,6890080.952784722,TQQQ,167783.13938497417,0.0,38.837764739990234,False
2025-01-21,7004444.916528259,TQQQ,167783.13938497417,0.0,38.837764739990234,False
2025-01-22,7276269.424167266,TQQQ,167783.13938497417,0.0,38.837764739990234,False
2025-01-23,7321021.792670595,TQQQ,167783.13938497417,0.0,38.837764739990234,False
2025-01-24,7189253.170001827,TQQQ,167783.13938497417,0.0,38.837764739990234,False
2025-01-27,6558587.900558375,TQQQ,167783.13938497417,0.0,38.837764739990234,False
2025-01-28,6849472.85547401,TQQQ,167783.13938497417,0.0,38.837764739990234,False
2025-01-29,6807207.689728135,TQQQ,167783.13938497417,0.0,38.837764739990234,False
2025-01-30,6892567.515500292,TQQQ,167783.13938497417,0.0,38.837764739990234,False
2025-01-31,6855273.55505991,TQQQ,167783.13938497417,0.0,38.837764739990234,False
2025-02-03,6689527.028946737,TECL,86773.6203130077,0.0,77.09171295166016,False
2025-02-04,6973291.040741045,TECL,86773.6203130077,0.0,77.09171295166016,False
2025-02-05,7275701.794705582,TECL,86773.6203130077,0.0,77.09171295166016,False
2025-02-06,7321914.149688561,TECL,86773.6203130077,0.0,77.09171295166016,False
2025-02-07,7122468.950283978,TECL,86773.6203130077,0.0,77.09171295166016,False
2025-02-10,7436230.873788056,TECL,86773.6203130077,0.0,77.09171295166016,False
2025-02-11,7441906.458557827,TECL,86773.6203130077,0.0,77.09171295166016,False
2025-02-12,7397315.4154961305,TECL,86773.6203130077,0.0,77.09171295166016,False
2025-02-13,7708644.378073007,TECL,86773.6203130077,0.0,77.09171295166016,False
2025-02-14,7770262.175444015,TECL,86773.6203130077,0.0,77.09171295166016,False
2025-02-18,7985110.169115891,TECL,86773.6203130077,0.0,77.09171295166016,False
2025-02-19,7984299.844170341,TECL,86773.6203130077,0.0,77.09171295166016,False
2025-02-20,7908900.564453325,TECL,86773.6203130077,0.0,77.09171295166016,False
2025-02-21,7256243.403529434,TECL,86773.6203130077,0.0,77.09171295166016,False
2025-02-24,6940049.843158523,TECL,86773.6203130077,0.0,77.09171295166016,False
2025-02-25,6670879.6247463245,TECL,86773.6203130077,0.0,77.09171295166016,False
2025-02-26,6884108.292587468,TECL,86773.6203130077,0.0,77.09171295166016,False
2025-02-27,6145511.669382755,TECL,86773.6203130077,0.0,77.09171295166016,False
2025-02-28,6020574.326052063,CASH,0.0,6020574.326052063,,False
2025-03-03,6020574.326052063,TECL,90046.42831468524,0.0,66.86077880859375,False
2025-03-04,5985238.49505562,TECL,90046.42831468524,0.0,66.86077880859375,False
2025-03-05,6235114.723029906,TECL,90046.42831468524,0.0,66.86077880859375,False
2025-03-06,5721060.3067491865,TECL,90046.42831468524,0.0,66.86077880859375,False
2025-03-07,5953268.275725387,TECL,90046.42831468524,0.0,66.86077880859375,False
2025-03-10,5418516.893446857,CASH,0.0,5418516.893446857,,False
2025-03-11,5418516.893446857,CASH,0.0,5418516.893446857,,False
2025-03-12,5418516.893446857,CASH,0.0,5418516.893446857,,False
2025-03-13,5418516.893446857,CASH,0.0,5418516.893446857,,False
2025-03-14,5418516.893446857,CASH,0.0,5418516.893446857,,False
2025-03-17,5418516.893446857,CASH,0.0,5418516.893446857,,False
2025-03-18,5418516.893446857,CASH,0.0,5418516.893446857,,False
2025-03-19,5418516.893446857,CASH,0.0,5418516.893446857,,False
2025-03-20,5418516.893446857,CASH,0.0,5418516.893446857,,False
2025-03-21,5418516.893446857,CASH,0.0,5418516.893446857,,False
2025-03-24,5418516.893446857,CASH,0.0,5418516.893446857,,False
2025-03-25,5418516.893446857,CASH,0.0,5418516.893446857,,False
2025-03-26,5418516.893446857,CASH,0.0,5418516.893446857,,False
2025-03-27,5418516.893446857,CASH,0.0,5418516.893446857,,False
2025-03-28,5418516.893446857,CASH,0.0,5418516.893446857,,False
2025-03-31,5418516.893446857,CASH,0.0,5418516.893446857,,False
2025-04-01,5418516.893446857,GLD,18842.427080157177,0.0,287.57000732421875,False
2025-04-02,5429633.85642112,GLD,18842.427080157177,0.0,287.57000732421875,False
2025-04-03,5396848.217309725,GLD,18842.427080157177,0.0,287.57000732421875,False
2025-04-04,5270603.725862575,GLD,18842.427080157177,0.0,287.57000732421875,False
2025-04-07,5157360.555102753,GLD,18842.427080157177,0.0,287.57000732421875,False
2025-04-08,5185436.162469351,GLD,18842.427080157177,0.0,287.57000732421875,False
2025-04-09,5377251.932139293,GLD,18842.427080157177,0.0,287.57000732421875,False
2025-04-10,5508583.671888999,GLD,18842.427080157177,0.0,287.57000732421875,False
2025-04-11,5613724.16198517,GLD,18842.427080157177,0.0,287.57000732421875,False
2025-04-14,5581692.380964047,GLD,18842.427080157177,0.0,287.57000732421875,False
2025-04-15,5610897.912928195,GLD,18842.427080157177,0.0,287.57000732421875,False
2025-04-16,5793481.077336936,GLD,18842.427080157177,0.0,287.57000732421875,False
2025-04-17,5768043.685773676,GLD,18842.427080157177,0.0,287.57000732421875,False
2025-04-21,5946481.493223774,GLD,18842.427080157177,0.0,287.57000732421875,False
2025-04-22,5862067.212895583,GLD,18842.427080157177,0.0,287.57000732421875,False
2025-04-23,5721502.867884679,GLD,18842.427080157177,0.0,287.57000732421875,False
2025-04-24,5804786.6485900795,GLD,18842.427080157177,0.0,287.57000732421875,False
2025-04-25,5741853.011145383,GLD,18842.427080157177,0.0,287.57000732421875,False
2025-04-28,5823629.075670237,GLD,18842.427080157177,0.0,287.57000732421875,False
2025-04-29,5766913.186150886,GLD,18842.427080157177,0.0,287.57000732421875,False
2025-04-30,5723763.867130259,GLD,18842.427080157177,0.0,287.57000732421875,False
2025-05-01,5604868.198256486,GLD,18842.427080157177,0.0,303.7699890136719,False
2025-05-02,5614666.628354322,GLD,18842.427080157177,0.0,303.7699890136719,False
2025-05-05,5782364.114362673,GLD,18842.427080157177,0.0,303.7699890136719,False
2025-05-06,5944409.102257073,GLD,18842.427080157177,0.0,303.7699890136719,False
2025-05-07,5855284.2151588425,GLD,18842.427080157177,0.0,303.7699890136719,False
2025-05-08,5739968.653432319,GLD,18842.427080157177,0.0,303.7699890136719,False
2025-05-09,5781610.256272399,GLD,18842.427080157177,0.0,303.7699890136719,False
2025-05-12,5618623.377034088,GLD,18842.427080157177,0.0,303.7699890136719,False
2025-05-13,5642553.0524168005,GLD,18842.427080157177,0.0,303.7699890136719,False
2025-05-14,5523845.9918219065,GLD,18842.427080157177,0.0,303.7699890136719,False
2025-05-15,5612028.412550985,GLD,18842.427080157177,0.0,303.7699890136719,False
2025-05-16,5544195.560057371,GLD,18842.427080157177,0.0,303.7699890136719,False
2025-05-19,5615608.519698233,GLD,18842.427080157177,0.0,303.7699890136719,False
2025-05-20,5720183.75998301,GLD,18842.427080157177,0.0,303.7699890136719,False
2025-05-21,5762391.187659726,GLD,18842.427080157177,0.0,303.7699890136719,False
2025-05-22,5711327.796254327,GLD,18842.427080157177,0.0,303.7699890136719,False
2025-05-23,5836441.788078685,GLD,18842.427080157177,0.0,303.7699890136719,False
2025-05-27,5737519.045907861,GLD,18842.427080157177,0.0,303.7699890136719,False
2025-05-28,5724517.725220532,GLD,18842.427080157177,0.0,303.7699890136719,False
2025-05-29,5758433.863954719,GLD,18842.427080157177,0.0,303.7699890136719,False
2025-05-30,5720560.976540767,GLD,18842.427080157177,0.0,303.7699890136719,False
2025-06-02,5872619.5010836935,TECL,85210.0060283003,0.0,68.91936492919922,False
2025-06-03,6135346.018999259,TECL,85210.0060283003,0.0,68.91936492919922,False
2025-06-04,6165691.421994476,TECL,85210.0060283003,0.0,68.91936492919922,False
2025-06-05,6102604.344624799,TECL,85210.0060283003,0.0,68.91936492919922,False
2025-06-06,6275892.601208048,TECL,85210.0060283003,0.0,68.91936492919922,False
2025-06-09,6367727.133919609,TECL,85210.0060283003,0.0,68.91936492919922,False
2025-06-10,6469942.475471044,TECL,85210.0060283003,0.0,68.91936492919922,False
2025-06-11,6428417.939910042,TECL,85210.0060283003,0.0,68.91936492919922,False
2025-06-12,6603302.843945115,TECL,85210.0060283003,0.0,68.91936492919922,False
2025-06-13,6315819.839216472,TECL,85210.0060283003,0.0,68.91936492919922,False
2025-06-16,6628856.354282597,TECL,85210.0060283003,0.0,68.91936492919922,False
2025-06-17,6473137.0705762,TECL,85210.0060283003,0.0,68.91936492919922,False
2025-06-18,6506677.068676573,TECL,85210.0060283003,0.0,68.91936492919922,False
2025-06-20,6407655.022028787,TECL,85210.0060283003,0.0,68.91936492919922,False
2025-06-23,6632050.949387753,TECL,85210.0060283003,0.0,68.91936492919922,False
2025-06-24,6987468.182707898,TECL,85210.0060283003,0.0,68.91936492919922,False
2025-06-25,7164376.20028942,TECL,85210.0060283003,0.0,68.91936492919922,False
2025-06-26,7317270.146118932,TECL,85210.0060283003,0.0,68.91936492919922,False
2025-06-27,7278845.9410537565,TECL,85210.0060283003,0.0,68.91936492919922,False
2025-06-30,7490975.767386249,TECL,85210.0060283003,0.0,68.91936492919922,False
2025-07-01,7294055.6982943425,TQQQ,181516.01193140852,0.0,40.18408966064453,False
2025-07-02,7439233.055493389,TQQQ,181516.01193140852,0.0,40.18408966064453,False
2025-07-03,7647532.207002689,TQQQ,181516.01193140852,0.0,40.18408966064453,False
2025-07-07,7477105.439650907,TQQQ,181516.01193140852,0.0,40.18408966064453,False
2025-07-08,7487024.479838427,TQQQ,181516.01193140852,0.0,40.18408966064453,False
2025-07-09,7642122.262082264,TQQQ,181516.01193140852,0.0,40.18408966064453,False
2025-07-10,7606954.504170641,TQQQ,181516.01193140852,0.0,40.18408966064453,False
2025-07-11,7549244.732066716,TQQQ,181516.01193140852,0.0,40.18408966064453,False
2025-07-14,7629497.903220213,TQQQ,181516.01193140852,0.0,40.18408966064453,False
2025-07-15,7649335.983595254,TQQQ,181516.01193140852,0.0,40.18408966064453,False
2025-07-16,7670976.4557055915,TQQQ,181516.01193140852,0.0,40.18408966064453,False
2025-07-17,7849519.179080964,TQQQ,181516.01193140852,0.0,40.18408966064453,False
2025-07-18,7822466.684764298,TQQQ,181516.01193140852,0.0,40.18408966064453,False
2025-07-21,7941494.474585912,TQQQ,181516.01193140852,0.0,40.18408966064453,False
2025-07-22,7817957.589497203,TQQQ,181516.01193140852,0.0,40.18408966064453,False
2025-07-23,7920753.467271636,TQQQ,181516.01193140852,0.0,40.18408966064453,False
2025-07-24,7973054.679312404,TQQQ,181516.01193140852,0.0,40.18408966064453,False
2025-07-25,8018140.784982913,TQQQ,181516.01193140852,0.0,40.18408966064453,False
2025-07-28,8096591.564401113,TQQQ,181516.01193140852,0.0,40.18408966064453,False
2025-07-29,8059619.337468292,TQQQ,181516.01193140852,0.0,40.18408966064453,False
2025-07-30,8087574.066295558,TQQQ,181516.01193140852,0.0,40.18408966064453,False
2025-07-31,7954118.833447963,TQQQ,181516.01193140852,0.0,40.18408966064453,False
2025-08-01,7477105.439650907,TQQQ,181516.01193140852,0.0,43.82048034667969,False
2025-08-04,7886488.636299248,TQQQ,181516.01193140852,0.0,43.82048034667969,False
2025-08-05,7722375.43323576,TQQQ,181516.01193140852,0.0,43.82048034667969,False
2025-08-06,8010927.063469922,TQQQ,181516.01193140852,0.0,43.82048034667969,False
2025-08-07,8092082.469134019,TQQQ,181516.01193140852,0.0,43.82048034667969,False
2025-08-08,8310300.66083084,TQQQ,181516.01193140852,0.0,43.82048034667969,False
2025-08-11,8237260.518761699,TQQQ,181516.01193140852,0.0,43.82048034667969,False
2025-08-12,8541142.518961078,TQQQ,181516.01193140852,0.0,43.82048034667969,False
2025-08-13,8553766.185394494,TQQQ,181516.01193140852,0.0,43.82048034667969,False
2025-08-14,8530321.244262956,TQQQ,181516.01193140852,0.0,43.82048034667969,False
2025-08-15,8409490.370277412,TQQQ,181516.01193140852,0.0,43.82048034667969,False
2025-08-18,8398669.788007926,TQQQ,181516.01193140852,0.0,43.82048034667969,False
2025-08-19,8056013.169140431,TQQQ,181516.01193140852,0.0,43.82048034667969,False
2025-08-20,7909031.342920185,TQQQ,181516.01193140852,0.0,43.82048034667969,False
2025-08-21,7799021.743632761,TQQQ,181516.01193140852,0.0,43.82048034667969,False
2025-08-22,8149792.933666578,TQQQ,181516.01193140852,0.0,43.82048034667969,False
2025-08-25,8078556.568190003,TQQQ,181516.01193140852,0.0,43.82048034667969,False
2025-08-26,8172336.332716149,TQQQ,181516.01193140852,0.0,43.82048034667969,False
2025-08-27,8209307.174791702,TQQQ,181516.01193140852,0.0,43.82048034667969,False
2025-08-28,8358992.2424005745,TQQQ,181516.01193140852,0.0,43.82048034667969,False
2025-08-29,8057817.63816163,TQQQ,181516.01193140852,0.0,43.82048034667969,False
2025-09-02,7852223.112898226,TECL,85143.02504264332,0.0,92.22391510009766,False
2025-09-03,7978600.794798603,TECL,85143.02504264332,0.0,92.22391510009766,False
2025-09-04,8093780.199349813,TECL,85143.02504264332,0.0,92.22391510009766,False
2025-09-05,8110577.940168429,TECL,85143.02504264332,0.0,92.22391510009766,False
2025-09-08,8289746.480216737,TECL,85143.02504264332,0.0,92.22391510009766,False
2025-09-09,8340937.398860578,TECL,85143.02504264332,0.0,92.22391510009766,False
2025-09-10,8784859.225015989,TECL,85143.02504264332,0.0,92.22391510009766,False
2025-09-11,8847249.070598727,TECL,85143.02504264332,0.0,92.22391510009766,False
2025-09-12,8849647.355880536,TECL,85143.02504264332,0.0,92.22391510009766,False
2025-09-15,9081607.403666506,TECL,85143.02504264332,0.0,92.22391510009766,False
2025-09-16,8986423.670172902,TECL,85143.02504264332,0.0,92.22391510009766,False
2025-09-17,8915236.430881726,TECL,85143.02504264332,0.0,92.22391510009766,False
2025-09-18,9340761.875893889,TECL,85143.02504264332,0.0,92.22391510009766,False
2025-09-19,9615913.144803248,TECL,85143.02504264332,0.0,92.22391510009766,False
2025-09-22,10051037.57725022,TECL,85143.02504264332,0.0,92.22391510009766,False
2025-09-23,9779085.53775931,TECL,85143.02504264332,0.0,92.22391510009766,False
2025-09-24,9619912.668768609,TECL,85143.02504264332,0.0,92.22391510009766,False
2025-09-25,9549525.07443461,TECL,85143.02504264332,0.0,92.22391510009766,False
2025-09-26,9626311.127605507,TECL,85143.02504264332,0.0,92.22391510009766,False
2025-09-29,9765487.026359143,TECL,85143.02504264332,0.0,92.22391510009766,False
2025-09-30,9947855.44541563,TECL,85143.02504264332,0.0,92.22391510009766,False
2025-10-01,10226206.593333168,TQQQ,196123.88227957598,0.0,52.14156723022461,False
2025-10-02,10351035.961002644,TQQQ,196123.88227957598,0.0,52.14156723022461,False
2025-10-03,10210603.109412793,TQQQ,196123.88227957598,0.0,52.14156723022461,False
2025-10-06,10438807.05436123,TQQQ,196123.88227957598,0.0,52.14156723022461,False
2025-10-07,10270092.51408908,TQQQ,196123.88227957598,0.0,52.14156723022461,False
2025-10-08,10618247.867598781,TQQQ,196123.88227957598,0.0,52.14156723022461,False
2025-10-09,10576313.130486155,TQQQ,196123.88227957598,0.0,52.14156723022461,False
2025-10-10,9466507.106963856,TQQQ,196123.88227957598,0.0,52.14156723022461,False
2025-10-13,10067245.726817727,TQQQ,196123.88227957598,0.0,52.14156723022461,False
2025-10-14,9862448.504056327,TQQQ,196123.88227957598,0.0,52.14156723022461,False
2025-10-15,10064319.699506037,TQQQ,196123.88227957598,0.0,52.14156723022461,False
2025-10-16,9952169.284751723,TQQQ,196123.88227957598,0.0,52.14156723022461,False
2025-10-17,10141362.275439508,TQQQ,196123.88227957598,0.0,52.14156723022461,False
2025-10-20,10521700.188611604,TQQQ,196123.88227957598,0.0,52.14156723022461,False
2025-10-21,10509997.575671323,TQQQ,196123.88227957598,0.0,52.14156723022461,False
2025-10-22,10200852.428269032,TQQQ,196123.88227957598,0.0,52.14156723022461,False
2025-10-23,10456360.973771652,TQQQ,196123.88227957598,0.0,52.14156723022461,False
2025-10-24,10782085.196915958,TQQQ,196123.88227957598,0.0,52.14156723022461,False
2025-10-27,11354542.876240768,TQQQ,196123.88227957598,0.0,52.14156723022461,False
2025-10-28,11613952.29272348,TQQQ,196123.88227957598,0.0,52.14156723022461,False
2025-10-29,11762186.88627352,TQQQ,196123.88227957598,0.0,52.14156723022461,False
2025-10-30,11223861.453947913,TQQQ,196123.88227957598,0.0,52.14156723022461,False
2025-10-31,11382823.816769829,TQQQ,196123.88227957598,0.0,52.14156723022461,False
2025-11-03,11538860.152280055,TQQQ,196123.88227957598,0.0,58.03894805908203,False
2025-11-04,10832798.015963653,TQQQ,196123.88227957598,0.0,58.03894805908203,False
2025-11-05,11043445.797041956,TQQQ,196123.88227957598,0.0,58.03894805908203,False
2025-11-06,10424177.665956022,TQQQ,196123.88227957598,0.0,58.03894805908203,False
2025-11-07,10241810.826846829,CASH,0.0,10241810.826846829,,False
2025-11-10,10241810.826846829,CASH,0.0,10241810.826846829,,False
2025-11-11,10241810.826846829,CASH,0.0,10241810.826846829,,False
2025-11-12,10241810.826846829,CASH,0.0,10241810.826846829,,False
2025-11-13,10241810.826846829,CASH,0.0,10241810.826846829,,False
2025-11-14,10241810.826846829,CASH,0.0,10241810.826846829,,False
2025-11-17,10241810.826846829,CASH,0.0,10241810.826846829,,False
2025-11-18,10241810.826846829,CASH,0.0,10241810.826846829,,False
2025-11-19,10241810.826846829,CASH,0.0,10241810.826846829,,False
2025-11-20,10241810.826846829,CASH,0.0,10241810.826846829,,False
2025-11-21,10241810.826846829,CASH,0.0,10241810.826846829,,False
2025-11-24,10241810.826846829,CASH,0.0,10241810.826846829,,False
2025-11-25,10241810.826846829,CASH,0.0,10241810.826846829,,False
2025-11-26,10241810.826846829,CASH,0.0,10241810.826846829,,False
2025-11-28,10241810.826846829,CASH,0.0,10241810.826846829,,False
2025-12-01,10241810.826846829,TECL,87680.12495956775,0.0,116.80880737304688,False
2025-12-02,10550696.096164117,TECL,87680.12495956775,0.0,116.80880737304688,False
2025-12-03,10619063.07348187,TECL,87680.12495956775,0.0,116.80880737304688,False
2025-12-04,10725320.505190799,TECL,87680.12495956775,0.0,116.80880737304688,False
2025-12-05,10955130.974312617,TECL,87680.12495956775,0.0,116.80880737304688,False
2025-12-08,11186587.051248465,TECL,87680.12495956775,0.0,116.80880737304688,False
2025-12-09,11271428.837201962,TECL,87680.12495956775,0.0,116.80880737304688,False
2025-12-10,11449773.925359393,TECL,87680.12495956775,0.0,116.80880737304688,False
2025-12-11,11260752.454798745,TECL,87680.12495956775,0.0,116.80880737304688,False
2025-12-12,10263142.185372759,TECL,87680.12495956775,0.0,116.80880737304688,False
2025-12-15,9985735.52048832,TECL,87680.12495956775,0.0,116.80880737304688,False
2025-12-16,10026865.681645082,TECL,87680.12495956775,0.0,116.80880737304688,False
2025-12-17,9360041.313334566,TECL,87680.12495956775,0.0,116.80880737304688,False
2025-12-18,9785338.618676625,TECL,87680.12495956775,0.0,116.80880737304688,False
2025-12-19,10408407.880683122,TECL,87680.12495956775,0.0,116.80880737304688,False
2025-12-22,10582551.986290913,TECL,87680.12495956775,0.0,116.80880737304688,False
2025-12-23,10740945.083122628,TECL,87680.12495956775,0.0,116.80880737304688,False
2025-12-24,10825829.012690876,TECL,87680.12495956775,0.0,116.80880737304688,False
2025-12-26,10851207.496125294,TECL,87680.12495956775,0.0,116.80880737304688,False
2025-12-29,10709441.058731675,TECL,87680.12495956775,0.0,116.80880737304688,False
2025-12-30,10604429.873916056,TECL,87680.12495956775,0.0,116.80880737304688,False
2025-12-31,10281518.80824236,TECL,87680.12495956775,0.0,116.80880737304688,False
2026-01-02,10340150.610552968,TQQQ,198301.70704220512,0.0,52.14352798461914,False
2026-01-05,10587050.396770053,TQQQ,198301.70704220512,0.0,52.14352798461914,False
2026-01-06,10865553.609793812,TQQQ,198301.70704220512,0.0,52.14352798461914,False
2026-01-07,10897156.28013951,TQQQ,198301.70704220512,0.0,52.14352798461914,False
2026-01-08,10703586.992985824,TQQQ,198301.70704220512,0.0,52.14352798461914,False
2026-01-09,11013692.87635528,TQQQ,198301.70704220512,0.0,52.14352798461914,False
2026-01-12,11039370.944308572,TQQQ,198301.70704220512,0.0,52.14352798461914,False
2026-01-13,10982089.449548604,TQQQ,198301.70704220512,0.0,52.14352798461914,False
2026-01-14,10632480.417362273,TQQQ,198301.70704220512,0.0,52.14352798461914,False
2026-01-15,10741116.535106864,TQQQ,198301.70704220512,0.0,52.14352798461914,False
2026-01-16,10693711.39489685,TQQQ,198301.70704220512,0.0,52.14352798461914,False
2026-01-20,10020169.12909454,TQQQ,198301.70704220512,0.0,52.14352798461914,False
2026-01-21,10415208.93833407,TQQQ,198301.70704220512,0.0,52.14352798461914,False
2026-01-22,10646307.011147816,TQQQ,198301.70704220512,0.0,52.14352798461914,False
2026-01-23,10741116.535106864,TQQQ,198301.70704220512,0.0,52.14352798461914,False
2026-01-26,10879380.203579357,TQQQ,198301.70704220512,0.0,52.14352798461914,False
2026-01-27,11167758.25823111,TQQQ,198301.70704220512,0.0,52.14352798461914,False
2026-01-28,11270469.017122317,TQQQ,198301.70704220512,0.0,52.14352798461914,False
2026-01-29,11068998.495036472,TQQQ,198301.70704220512,0.0,52.14352798461914,False
2026-01-30,10666058.963786744,TQQQ,198301.70704220512,0.0,52.14352798461914,False
2026-02-02,10883329.686353967,TECL,91997.97963312033,0.0,118.2996597290039,False
2026-02-03,9794996.71771857,CASH,0.0,9794996.71771857,,False
2026-02-04,9794996.71771857,CASH,0.0,9794996.71771857,,False
2026-02-05,9794996.71771857,CASH,0.0,9794996.71771857,,False
2026-02-06,9794996.71771857,CASH,0.0,9794996.71771857,,False
2026-02-09,9794996.71771857,CASH,0.0,9794996.71771857,,False
2026-02-10,9794996.71771857,CASH,0.0,9794996.71771857,,False
2026-02-11,9794996.71771857,CASH,0.0,9794996.71771857,,False
2026-02-12,9794996.71771857,CASH,0.0,9794996.71771857,,False
2026-02-13,9794996.71771857,CASH,0.0,9794996.71771857,,False
2026-02-17,9794996.71771857,CASH,0.0,9794996.71771857,,False
2026-02-18,9794996.71771857,CASH,0.0,9794996.71771857,,False
2026-02-19,9794996.71771857,CASH,0.0,9794996.71771857,,False
2026-02-20,9794996.71771857,CASH,0.0,9794996.71771857,,False
2026-02-23,9794996.71771857,CASH,0.0,9794996.71771857,,False
2026-02-24,9794996.71771857,CASH,0.0,9794996.71771857,,False
2026-02-25,9794996.71771857,CASH,0.0,9794996.71771857,,False
2026-02-26,9794996.71771857,CASH,0.0,9794996.71771857,,False
2026-02-27,9794996.71771857,CASH,0.0,9794996.71771857,,False
2026-03-02,9794996.71771857,TECL,95690.99475827844,0.0,102.3606948852539,False
2026-03-03,9372864.018498534,TECL,95690.99475827844,0.0,102.3606948852539,False
2026-03-04,9840838.91851555,TECL,95690.99475827844,0.0,102.3606948852539,False
2026-03-05,9894321.242757244,TECL,95690.99475827844,0.0,102.3606948852539,False
2026-03-06,9288820.470413638,TECL,95690.99475827844,0.0,102.3606948852539,False
2026-03-09,9784490.361627517,TECL,95690.99475827844,0.0,102.3606948852539,False
2026-03-10,9773030.541492624,TECL,95690.99475827844,0.0,102.3606948852539,False
2026-03-11,9921062.769910267,TECL,95690.99475827844,0.0,102.3606948852539,False
2026-03-12,9367134.473463265,TECL,95690.99475827844,0.0,102.3606948852539,False
2026-03-13,9147471.98113946,TECL,95690.99475827844,0.0,102.3606948852539,False
2026-03-16,9546683.579961006,TECL,95690.99475827844,0.0,102.3606948852539,False
2026-03-17,9691851.765925365,TECL,95690.99475827844,0.0,102.3606948852539,False
2026-03-18,9372864.018498534,TECL,95690.99475827844,0.0,102.3606948852539,False
2026-03-19,9460728.723402316,TECL,95690.99475827844,0.0,102.3606948852539,False
2026-03-20,8815497.045946714,CASH,0.0,8815497.045946714,,False
2026-03-23,8815497.045946714,CASH,0.0,8815497.045946714,,False
2026-03-24,8815497.045946714,CASH,0.0,8815497.045946714,,False
2026-03-25,8815497.045946714,CASH,0.0,8815497.045946714,,False
2026-03-26,8815497.045946714,CASH,0.0,8815497.045946714,,False
2026-03-27,8815497.045946714,CASH,0.0,8815497.045946714,,False
2026-03-30,8815497.045946714,CASH,0.0,8815497.045946714,,False
2026-03-31,8815497.045946714,CASH,0.0,8815497.045946714,,False
2026-04-01,8815497.045946714,GLD,20134.9798969296,0.0,437.82000732421875,False
2026-04-02,8646161.791277038,GLD,20134.9798969296,0.0,437.82000732421875,False
2026-04-06,8610724.030027779,GLD,20134.9798969296,0.0,437.82000732421875,False
2026-04-07,8694485.620135505,GLD,20134.9798969296,0.0,437.82000732421875,False
2026-04-08,8749252.790033985,GLD,20134.9798969296,0.0,437.82000732421875,False
2026-04-09,8817309.12040094,GLD,20134.9798969296,0.0,437.82000732421875,False
2026-04-10,8801603.860660167,GLD,20134.9798969296,0.0,437.82000732421875,False
2026-04-13,8765964.552981276,GLD,20134.9798969296,0.0,437.82000732421875,False
2026-04-14,8961878.128587896,GLD,20134.9798969296,0.0,437.82000732421875,False
2026-04-15,8868653.073349781,GLD,20134.9798969296,0.0,437.82000732421875,False
2026-04-16,8861001.682673616,GLD,20134.9798969296,0.0,437.82000732421875,False
2026-04-17,8978791.43796482,GLD,20134.9798969296,0.0,437.82000732421875,False
2026-04-20,8901473.188897109,GLD,20134.9798969296,0.0,437.82000732421875,False
2026-04-21,8649383.461797046,GLD,20134.9798969296,0.0,437.82000732421875,False
2026-04-22,8763951.546568241,GLD,20134.9798969296,0.0,437.82000732421875,False
2026-04-23,8678981.906824365,GLD,20134.9798969296,0.0,437.82000732421875,False
2026-04-24,8723480.040344749,GLD,20134.9798969296,0.0,437.82000732421875,False
2026-04-27,8655826.80283706,GLD,20134.9798969296,0.0,437.82000732421875,False
2026-04-28,8495149.442050066,GLD,20134.9798969296,0.0,437.82000732421875,False
2026-04-29,8404542.032513883,GLD,20134.9798969296,0.0,437.82000732421875,False
2026-04-30,8530385.656869693,GLD,20134.9798969296,0.0,437.82000732421875,False
2026-05-01,8520720.64530967,TQQQ,130786.19256708791,0.0,65.1500015258789,False
2026-05-04,8469830.854911156,TQQQ,130786.19256708791,0.0,65.1500015258789,False
2026-05-05,8793434.68256027,TQQQ,130786.19256708791,0.0,65.1500015258789,False
2026-05-06,9338865.75051986,TQQQ,130786.19256708791,0.0,65.1500015258789,False
2026-05-07,9308853.336731767,TQQQ,130786.19256708791,0.0,65.1500015258789,False
2026-05-08,9953453.68977492,TQQQ,130786.19256708791,0.0,65.1500015258789,False
2026-05-11,10042183.787643539,TQQQ,130786.19256708791,0.0,65.1500015258789,False
2026-05-12,9781212.089825688,TQQQ,130786.19256708791,0.0,65.1500015258789,False
2026-05-13,10078719.945076372,TQQQ,130786.19256708791,0.0,65.1500015258789,False
2026-05-14,10301850.337604657,TQQQ,130786.19256708791,0.0,65.1500015258789,False
2026-05-15,9830796.732367469,TQQQ,130786.19256708791,0.0,65.1500015258789,False
2026-05-18,9697701.585564539,TQQQ,130786.19256708791,0.0,65.1500015258789,False
2026-05-19,9516325.9462571,TQQQ,130786.19256708791,0.0,65.1500015258789,False
2026-05-20,9983465.10574355,TQQQ,130786.19256708791,0.0,65.1500015258789,False
2026-05-21,10040878.639786806,TQQQ,130786.19256708791,0.0,65.1500015258789,False
2026-05-22,10157010.855730051,TQQQ,130786.19256708791,0.0,65.1500015258789,False
2026-05-26,10693306.88651197,TQQQ,130786.19256708791,0.0,65.1500015258789,False
2026-05-27,10656771.726898598,TQQQ,130786.19256708791,0.0,65.1500015258789,False
2026-05-28,10919047.574753718,TQQQ,130786.19256708791,0.0,65.1500015258789,False
2026-05-29,11033875.640659694,TQQQ,130786.19256708791,0.0,65.1500015258789,False
2026-06-01,11226994.617219346,TQQQ,130786.19256708791,0.0,84.36575317382812,False
2026-06-02,11380968.13845216,TQQQ,130786.19256708791,0.0,84.36575317382812,False
2026-06-03,11294846.340658082,TQQQ,130786.19256708791,0.0,84.36575317382812,False
2026-06-04,11119996.440634308,TQQQ,130786.19256708791,0.0,84.36575317382812,False
2026-06-05,9930488.076593725,CASH,0.0,9930488.076593725,,False
2026-06-08,9930488.076593725,CASH,0.0,9930488.076593725,,False
2026-06-09,9930488.076593725,CASH,0.0,9930488.076593725,,False
2026-06-10,9930488.076593725,CASH,0.0,9930488.076593725,,False
2026-06-11,9930488.076593725,CASH,0.0,9930488.076593725,,False
2026-06-12,9930488.076593725,CASH,0.0,9930488.076593725,,False
2026-06-15,9930488.076593725,CASH,0.0,9930488.076593725,,False
2026-06-16,9930488.076593725,CASH,0.0,9930488.076593725,,False
2026-06-17,9930488.076593725,CASH,0.0,9930488.076593725,,False
2026-06-18,9930488.076593725,CASH,0.0,9930488.076593725,,False
2026-06-22,9930488.076593725,CASH,0.0,9930488.076593725,,False
2026-06-23,9930488.076593725,CASH,0.0,9930488.076593725,,False
2026-06-24,9930488.076593725,CASH,0.0,9930488.076593725,,False
2026-06-25,9930488.076593725,CASH,0.0,9930488.076593725,,False
2026-06-26,9930488.076593725,CASH,0.0,9930488.076593725,,False
2026-06-29,9930488.076593725,CASH,0.0,9930488.076593725,,False
2026-06-30,9930488.076593725,CASH,0.0,9930488.076593725,,False
2026-07-01,9930488.076593725,TQQQ,128201.5000511968,0.0,77.45999908447266,False
2026-07-02,9403579.83313532,TQQQ,128201.5000511968,0.0,77.45999908447266,False
2026-07-06,9797158.3991685,TQQQ,128201.5000511968,0.0,77.45999908447266,False
2026-07-07,9259994.779061867,TQQQ,128201.5000511968,0.0,77.45999908447266,False
2026-07-08,8937439.268934352,CASH,0.0,8937439.268934352,,False
2026-07-09,8937439.268934352,CASH,0.0,8937439.268934352,,False
2026-07-10,8937439.268934352,CASH,0.0,8937439.268934352,,False
2026-07-13,8937439.268934352,CASH,0.0,8937439.268934352,,False
2026-07-14,8937439.268934352,CASH,0.0,8937439.268934352,,False
2026-07-15,8937439.268934352,CASH,0.0,8937439.268934352,,False
2026-07-16,8937439.268934352,CASH,0.0,8937439.268934352,,False
2026-07-17,8937439.268934352,CASH,0.0,8937439.268934352,,False
2026-07-20,8937439.268934352,CASH,0.0,8937439.268934352,,False
2026-07-21,8937439.268934352,CASH,0.0,8937439.268934352,,False
2026-07-22,8937439.268934352,CASH,0.0,8937439.268934352,,False
2026-07-23,8937439.268934352,CASH,0.0,8937439.268934352,,False
2026-07-24,8937439.268934352,CASH,0.0,8937439.268934352,,False
2026-07-27,8937439.268934352,CASH,0.0,8937439.268934352,,False
2026-07-28,8937439.268934352,CASH,0.0,8937439.268934352,,False
2026-07-29,8937439.268934352,CASH,0.0,8937439.268934352,,False
2026-07-30,8937439.268934352,CASH,0.0,8937439.268934352,,False
2026-07-31,8937439.268934352,CASH,0.0,8937439.268934352,,False
2026-08-03,8937439.268934352,TQQQ,131510.29119093026,0.0,67.95999908447266,False
2026-08-04,9839599.946771646,TQQQ,131510.29119093026,0.0,67.95999908447266,False
2026-08-05,9579209.12874229,TQQQ,131510.29119093026,0.0,67.95999908447266,False
2026-08-06,9472686.113947684,TQQQ,131510.29119093026,0.0,67.95999908447266,False
2026-08-07,9793571.5455236,TQQQ,131510.29119093026,0.0,67.95999908447266,False
2026-08-10,9705459.891228212,TQQQ,131510.29119093026,0.0,67.95999908447266,False
2026-08-11,9608141.553339317,TQQQ,131510.29119093026,0.0,67.95999908447266,False
2026-08-12,9810667.52217462,TQQQ,131510.29119093026,0.0,67.95999908447266,False
2026-08-13,10146019.166049048,TQQQ,131510.29119093026,0.0,67.95999908447266,False
2026-08-14,10098675.380952803,TQQQ,131510.29119093026,0.0,67.95999908447266,False
2026-08-17,10047386.447655851,TQQQ,131510.29119093026,0.0,67.95999908447266,False
2026-08-18,9538441.259543149,TQQQ,131510.29119093026,0.0,67.95999908447266,False
2026-08-19,9476631.262148388,TQQQ,131510.29119093026,0.0,67.95999908447266,False
2026-08-20,9268845.76460808,TQQQ,131510.29119093026,0.0,67.95999908447266,False
2026-08-21,9359587.183255972,TQQQ,131510.29119093026,0.0,67.95999908447266,False
2026-08-24,9075525.476022389,TQQQ,131510.29119093026,0.0,67.95999908447266,False
2026-08-25,9241227.720515355,TQQQ,131510.29119093026,0.0,67.95999908447266,False
2026-08-26,9267530.38075988,TQQQ,131510.29119093026,0.0,67.95999908447266,False
2026-08-27,9639704.745632747,TQQQ,131510.29119093026,0.0,67.95999908447266,False
2026-08-28,9449014.22139956,TQQQ,131510.29119093026,0.0,67.95999908447266,False
2026-08-31,9458219.90164917,TQQQ,131510.29119093026,0.0,67.95999908447266,False
2026-09-01,9093936.836521607,TECL,46863.88401702851,0.0,194.0500030517578,False
2026-09-02,9057383.064195214,TECL,46863.88401702851,0.0,194.0500030517578,False
