date,equity,holding,shares,cash,stop_reference,entered_at_open
2010-02-11,100000.0,CASH,0.0,100000.0,,False
2010-02-12,100000.0,CASH,0.0,100000.0,,False
2010-02-16,100000.0,CASH,0.0,100000.0,,False
2010-02-17,100000.0,CASH,0.0,100000.0,,False
2010-02-18,100000.0,CASH,0.0,100000.0,,False
2010-02-19,100000.0,CASH,0.0,100000.0,,False
2010-02-22,100000.0,CASH,0.0,100000.0,,False
2010-02-23,100000.0,CASH,0.0,100000.0,,False
2010-02-24,100000.0,CASH,0.0,100000.0,,False
2010-02-25,100000.0,CASH,0.0,100000.0,,False
2010-02-26,100000.0,CASH,0.0,100000.0,,False
2010-03-01,100000.0,TECL,134152.71222954508,0.0,0.7454191446304321,False
2010-03-02,99451.16198885372,TECL,134152.71222954508,0.0,0.7454191446304321,False
2010-03-03,99714.91416399957,TECL,134152.71222954508,0.0,0.7454191446304321,False
2010-03-04,100983.52334524597,TECL,134152.71222954508,0.0,0.7454191446304321,False
2010-03-05,104946.17888386574,TECL,134152.71222954508,0.0,0.7454191446304321,False
2010-03-08,105751.50059275274,TECL,134152.71222954508,0.0,0.7454191446304321,False
2010-03-09,106906.06904269915,TECL,134152.71222954508,0.0,0.7454191446304321,False
2010-03-10,109471.8255744536,TECL,134152.71222954508,0.0,0.7454191446304321,False
2010-03-11,110462.5374358571,TECL,134152.71222954508,0.0,0.7454191446304321,False
2010-03-12,110590.84325372553,TECL,134152.71222954508,0.0,0.7454191446304321,False
2010-03-15,109086.96409372163,TECL,134152.71222954508,0.0,0.7454191446304321,False
2010-03-16,112230.0408330107,TECL,134152.71222954508,0.0,0.7454191446304321,False
2010-03-17,113498.68199875613,TECL,134152.71222954508,0.0,0.7454191446304321,False
2010-03-18,113883.53548336335,TECL,134152.71222954508,0.0,0.7454191446304321,False
2010-03-19,111025.5285878252,TECL,134152.71222954508,0.0,0.7454191446304321,False
2010-03-22,113741.00455955027,TECL,134152.71222954508,0.0,0.7454191446304321,False
2010-03-23,117223.48481032153,TECL,134152.71222954508,0.0,0.7454191446304321,False
2010-03-24,115523.0609037636,TECL,134152.71222954508,0.0,0.7454191446304321,False
2010-03-25,116023.61031749574,TECL,134152.71222954508,0.0,0.7454191446304321,False
2010-03-26,115324.3572035249,TECL,134152.71222954508,0.0,0.7454191446304321,False
2010-03-29,115442.13212508691,TECL,134152.71222954508,0.0,0.7454191446304321,False
2010-03-30,116980.514563422,TECL,134152.71222954508,0.0,0.7454191446304321,False
2010-03-31,115000.49016244768,TECL,134152.71222954508,0.0,0.7454191446304321,False
2010-04-01,114499.94074871555,TECL,134152.71222954508,0.0,0.8572356700897217,False
2010-04-05,118982.72021447527,TECL,134152.71222954508,0.0,0.8572356700897217,False
2010-04-06,119328.72052888288,TECL,134152.71222954508,0.0,0.8572356700897217,False
2010-04-07,118599.92973005564,TECL,134152.71222954508,0.0,0.8572356700897217,False
2010-04-08,118658.86116952282,TECL,134152.71222954508,0.0,0.8572356700897217,False
2010-04-09,121831.43561304451,TECL,134152.71222954508,0.0,0.8572356700897217,False
2010-04-12,122655.90804072715,TECL,134152.71222954508,0.0,0.8572356700897217,False
2010-04-13,124231.12062969804,TECL,134152.71222954508,0.0,0.8572356700897217,False
2010-04-14,130598.35481332328,TECL,134152.71222954508,0.0,0.8572356700897217,False
2010-04-15,132961.25765608955,TECL,134152.71222954508,0.0,0.8572356700897217,False
2010-04-16,127374.22135736138,TECL,134152.71222954508,0.0,0.8572356700897217,False
2010-04-19,127411.09148862096,TECL,134152.71222954508,0.0,0.8572356700897217,False
2010-04-20,129420.55762095458,TECL,134152.71222954508,0.0,0.8572356700897217,False
2010-04-21,130657.20629154287,TECL,134152.71222954508,0.0,0.8572356700897217,False
2010-04-22,132180.97980994493,TECL,134152.71222954508,0.0,0.8572356700897217,False
2010-04-23,133550.10827552536,TECL,134152.71222954508,0.0,0.8572356700897217,False
2010-04-26,132718.28740919003,TECL,134152.71222954508,0.0,0.8572356700897217,False
2010-04-27,125003.98606819192,TECL,134152.71222954508,0.0,0.8572356700897217,False
2010-04-28,125659.19652699516,TECL,134152.71222954508,0.0,0.8572356700897217,False
2010-04-29,129413.28114742473,TECL,134152.71222954508,0.0,0.8572356700897217,False
2010-04-30,120911.28955263122,TECL,134152.71222954508,0.0,0.8572356700897217,False
2010-05-03,125865.26465813609,TECL,134152.71222954508,0.0,0.9012959003448486,False
2010-05-04,114941.59070747954,TECL,134152.71222954508,0.0,0.9012959003448486,False
2010-05-05,110620.65483119425,CASH,0.0,110620.65483119425,,False
2010-05-06,110620.65483119425,CASH,0.0,110620.65483119425,,False
2010-05-07,110620.65483119425,CASH,0.0,110620.65483119425,,False
2010-05-10,110620.65483119425,CASH,0.0,110620.65483119425,,False
2010-05-11,110620.65483119425,CASH,0.0,110620.65483119425,,False
2010-05-12,110620.65483119425,CASH,0.0,110620.65483119425,,False
2010-05-13,110620.65483119425,CASH,0.0,110620.65483119425,,False
2010-05-14,110620.65483119425,CASH,0.0,110620.65483119425,,False
2010-05-17,110620.65483119425,CASH,0.0,110620.65483119425,,False
2010-05-18,110620.65483119425,CASH,0.0,110620.65483119425,,False
2010-05-19,110620.65483119425,CASH,0.0,110620.65483119425,,False
2010-05-20,110620.65483119425,CASH,0.0,110620.65483119425,,False
2010-05-21,110620.65483119425,CASH,0.0,110620.65483119425,,False
2010-05-24,110620.65483119425,CASH,0.0,110620.65483119425,,False
2010-05-25,110620.65483119425,CASH,0.0,110620.65483119425,,False
2010-05-26,110620.65483119425,CASH,0.0,110620.65483119425,,False
2010-05-27,110620.65483119425,CASH,0.0,110620.65483119425,,False
2010-05-28,110620.65483119425,CASH,0.0,110620.65483119425,,False
2010-06-01,110620.65483119425,TECL,165087.37174301982,0.0,0.670073390007019,False
2010-06-02,118157.17959217513,TECL,165087.37174301982,0.0,0.670073390007019,False
2010-06-03,122396.51597511863,TECL,165087.37174301982,0.0,0.670073390007019,False
2010-06-04,110765.58781044438,TECL,165087.37174301982,0.0,0.670073390007019,False
2010-06-07,103808.75560656743,TECL,165087.37174301982,0.0,0.670073390007019,False
2010-06-08,101771.00244469872,CASH,0.0,101771.00244469872,,False
2010-06-09,101771.00244469872,CASH,0.0,101771.00244469872,,False
2010-06-10,101771.00244469872,CASH,0.0,101771.00244469872,,False
2010-06-11,101771.00244469872,CASH,0.0,101771.00244469872,,False
2010-06-14,101771.00244469872,CASH,0.0,101771.00244469872,,False
2010-06-15,101771.00244469872,CASH,0.0,101771.00244469872,,False
2010-06-16,101771.00244469872,CASH,0.0,101771.00244469872,,False
2010-06-17,101771.00244469872,CASH,0.0,101771.00244469872,,False
2010-06-18,101771.00244469872,CASH,0.0,101771.00244469872,,False
2010-06-21,101771.00244469872,CASH,0.0,101771.00244469872,,False
2010-06-22,101771.00244469872,CASH,0.0,101771.00244469872,,False
2010-06-23,101771.00244469872,CASH,0.0,101771.00244469872,,False
2010-06-24,101771.00244469872,CASH,0.0,101771.00244469872,,False
2010-06-25,101771.00244469872,CASH,0.0,101771.00244469872,,False
2010-06-28,101771.00244469872,CASH,0.0,101771.00244469872,,False
2010-06-29,101771.00244469872,CASH,0.0,101771.00244469872,,False
2010-06-30,101771.00244469872,CASH,0.0,101771.00244469872,,False
2010-07-01,101771.00244469872,GLD,869.5403421788343,0.0,117.04000091552734,False
2010-07-02,103031.83328723151,GLD,869.5403421788343,0.0,117.04000091552734,False
2010-07-06,101310.14712479456,GLD,869.5403421788343,0.0,117.04000091552734,False
2010-07-07,102370.98740370334,GLD,869.5403421788343,0.0,117.04000091552734,False
2010-07-08,101918.8227106932,GLD,869.5403421788343,0.0,117.04000091552734,False
2010-07-09,102918.79543101213,GLD,869.5403421788343,0.0,117.04000091552734,False
2010-07-12,102031.86056691258,GLD,869.5403421788343,0.0,117.04000091552734,False
2010-07-13,102918.79543101213,GLD,869.5403421788343,0.0,117.04000091552734,False
2010-07-14,102866.62513338264,GLD,869.5403421788343,0.0,117.04000091552734,False
2010-07-15,102805.75757479276,GLD,869.5403421788343,0.0,117.04000091552734,False
2010-07-16,101449.27012982868,GLD,869.5403421788343,0.0,117.04000091552734,False
2010-07-19,100631.90671934567,GLD,869.5403421788343,0.0,117.04000091552734,False
2010-07-20,101431.8822419743,GLD,869.5403421788343,0.0,117.04000091552734,False
2010-07-21,100736.24731460468,GLD,869.5403421788343,0.0,117.04000091552734,False
2010-07-22,101614.48491774389,GLD,869.5403421788343,0.0,117.04000091552734,False
2010-07-23,100944.93513918904,GLD,869.5403421788343,0.0,117.04000091552734,False
2010-07-26,100449.29740950975,GLD,869.5403421788343,0.0,117.04000091552734,False
2010-07-27,98701.52609825805,GLD,869.5403421788343,0.0,117.04000091552734,False
2010-07-28,98936.29907165715,GLD,869.5403421788343,0.0,117.04000091552734,False
2010-07-29,99379.76650370694,GLD,869.5403421788343,0.0,117.04000091552734,False
2010-07-30,100423.212260695,GLD,869.5403421788343,0.0,117.04000091552734,False
2010-08-02,100466.69193143047,TECL,139332.85868243873,0.0,0.721055269241333,False
2010-08-03,99255.49911832574,TECL,139332.85868243873,0.0,0.721055269241333,False
2010-08-04,101708.92840671101,TECL,139332.85868243873,0.0,0.721055269241333,False
2010-08-05,100280.38012906219,TECL,139332.85868243873,0.0,0.721055269241333,False
2010-08-06,99162.33491225606,TECL,139332.85868243873,0.0,0.721055269241333,False
2010-08-09,100187.19100833587,TECL,139332.85868243873,0.0,0.721055269241333,False
2010-08-10,96056.7229618408,TECL,139332.85868243873,0.0,0.721055269241333,False
2010-08-11,91553.56971572313,CASH,0.0,91553.56971572313,,False
2010-08-12,91553.56971572313,CASH,0.0,91553.56971572313,,False
2010-08-13,91553.56971572313,CASH,0.0,91553.56971572313,,False
2010-08-16,91553.56971572313,CASH,0.0,91553.56971572313,,False
2010-08-17,91553.56971572313,CASH,0.0,91553.56971572313,,False
2010-08-18,91553.56971572313,CASH,0.0,91553.56971572313,,False
2010-08-19,91553.56971572313,CASH,0.0,91553.56971572313,,False
2010-08-20,91553.56971572313,CASH,0.0,91553.56971572313,,False
2010-08-23,91553.56971572313,CASH,0.0,91553.56971572313,,False
2010-08-24,91553.56971572313,CASH,0.0,91553.56971572313,,False
2010-08-25,91553.56971572313,CASH,0.0,91553.56971572313,,False
2010-08-26,91553.56971572313,CASH,0.0,91553.56971572313,,False
2010-08-27,91553.56971572313,CASH,0.0,91553.56971572313,,False
2010-08-30,91553.56971572313,CASH,0.0,91553.56971572313,,False
2010-08-31,91553.56971572313,CASH,0.0,91553.56971572313,,False
2010-09-01,91553.56971572313,IEF,1321.0227466437575,0.0,69.30506681155018,False
2010-09-02,91171.77757760345,IEF,1321.0227466437575,0.0,69.30506681155018,False
2010-09-03,90650.19456423626,IEF,1321.0227466437575,0.0,69.30506681155018,False
2010-09-07,91367.38518467065,IEF,1321.0227466437575,0.0,69.30506681155018,False
2010-09-08,91115.87952473942,IEF,1321.0227466437575,0.0,69.30506681155018,False
2010-09-09,90398.70923456611,IEF,1321.0227466437575,0.0,69.30506681155018,False
2010-09-10,90137.94314070884,IEF,1321.0227466437575,0.0,69.30506681155018,False
2010-09-13,90566.39322802765,IEF,1321.0227466437575,0.0,69.30506681155018,False
2010-09-14,91022.69577303827,IEF,1321.0227466437575,0.0,69.30506681155018,False
2010-09-15,90706.09261710026,IEF,1321.0227466437575,0.0,69.30506681155018,False
2010-09-16,90389.39797498737,IEF,1321.0227466437575,0.0,69.30506681155018,False
2010-09-17,90594.30667650276,IEF,1321.0227466437575,0.0,69.30506681155018,False
2010-09-20,90873.67495925637,IEF,1321.0227466437575,0.0,69.30506681155018,False
2010-09-21,91721.28420457631,IEF,1321.0227466437575,0.0,69.30506681155018,False
2010-09-22,91860.95309825728,IEF,1321.0227466437575,0.0,69.30506681155018,False
2010-09-23,91991.3412277512,IEF,1321.0227466437575,0.0,69.30506681155018,False
2010-09-24,91535.03868274056,IEF,1321.0227466437575,0.0,69.30506681155018,False
2010-09-27,92242.75540150753,IEF,1321.0227466437575,0.0,69.30506681155018,False
2010-09-28,92550.20993995552,IEF,1321.0227466437575,0.0,69.30506681155018,False
2010-09-29,92326.69904954372,IEF,1321.0227466437575,0.0,69.30506681155018,False
2010-09-30,92214.93343920734,IEF,1321.0227466437575,0.0,69.30506681155018,False
2010-10-01,92264.38679930616,TQQQ,342075.2016818709,0.0,0.26971960067749023,False
2010-10-04,89063.50574733458,TQQQ,342075.2016818709,0.0,0.26971960067749023,False
2010-10-05,95693.831577873,TQQQ,342075.2016818709,0.0,0.26971960067749023,False
2010-10-06,93255.13205540375,TQQQ,342075.2016818709,0.0,0.26971960067749023,False
2010-10-07,94169.50929741013,TQQQ,342075.2016818709,0.0,0.26971960067749023,False
2010-10-08,96066.49647643189,TQQQ,342075.2016818709,0.0,0.26971960067749023,False
2010-10-11,96261.2547919036,TQQQ,342075.2016818709,0.0,0.26971960067749023,False
2010-10-12,98259.69898283777,TQQQ,342075.2016818709,0.0,0.26971960067749023,False
2010-10-13,100647.39474419391,TQQQ,342075.2016818709,0.0,0.26971960067749023,False
2010-10-14,100088.73891664288,TQQQ,342075.2016818709,0.0,0.26971960067749023,False
2010-10-15,106473.28228132558,TQQQ,342075.2016818709,0.0,0.26971960067749023,False
2010-10-18,106473.28228132558,TQQQ,342075.2016818709,0.0,0.26971960067749023,False
2010-10-19,102239.34823617476,TQQQ,342075.2016818709,0.0,0.26971960067749023,False
2010-10-20,104364.92972569812,TQQQ,342075.2016818709,0.0,0.26971960067749023,False
2010-10-21,105092.9592264719,TQQQ,342075.2016818709,0.0,0.26971960067749023,False
2010-10-22,107142.13192336226,TQQQ,342075.2016818709,0.0,0.26971960067749023,False
2010-10-25,108767.92141037299,TQQQ,342075.2016818709,0.0,0.26971960067749023,False
2010-10-26,109419.87854148334,TQQQ,342075.2016818709,0.0,0.26971960067749023,False
2010-10-27,110546.212448951,TQQQ,342075.2016818709,0.0,0.26971960067749023,False
2010-10-28,111181.27706913502,TQQQ,342075.2016818709,0.0,0.26971960067749023,False
2010-10-29,110647.67965549885,TQQQ,342075.2016818709,0.0,0.26971960067749023,False
2010-11-01,110901.99503121899,TQQQ,342075.2016818709,0.0,0.32346010208129883,False
2010-11-02,114263.48236993374,TQQQ,342075.2016818709,0.0,0.32346010208129883,False
2010-11-03,115914.63610992256,TQQQ,342075.2016818709,0.0,0.32346010208129883,False
2010-11-04,120021.71830627655,TQQQ,342075.2016818709,0.0,0.32346010208129883,False
2010-11-05,120165.47286063516,TQQQ,342075.2016818709,0.0,0.32346010208129883,False
2010-11-08,120470.47596376973,TQQQ,342075.2016818709,0.0,0.32346010208129883,False
2010-11-09,118522.75008415633,TQQQ,342075.2016818709,0.0,0.32346010208129883,False
2010-11-10,120334.88731239966,TQQQ,342075.2016818709,0.0,0.32346010208129883,False
2010-11-11,118311.06867385194,TQQQ,342075.2016818709,0.0,0.32346010208129883,False
2010-11-12,112290.71846567636,TQQQ,342075.2016818709,0.0,0.32346010208129883,False
2010-11-15,111088.25102073263,TQQQ,342075.2016818709,0.0,0.32346010208129883,False
2010-11-16,105575.81793951642,TQQQ,342075.2016818709,0.0,0.32346010208129883,False
2010-11-17,106574.70870933165,TQQQ,342075.2016818709,0.0,0.32346010208129883,False
2010-11-18,111528.52674153859,TQQQ,342075.2016818709,0.0,0.32346010208129883,False
2010-11-19,111790.93665779918,TQQQ,342075.2016818709,0.0,0.32346010208129883,False
2010-11-22,114737.88973019738,TQQQ,342075.2016818709,0.0,0.32346010208129883,False
2010-11-23,109318.43172420637,TQQQ,342075.2016818709,0.0,0.32346010208129883,False
2010-11-24,115702.95469961819,TQQQ,342075.2016818709,0.0,0.32346010208129883,False
2010-11-26,114974.91500420898,TQQQ,342075.2016818709,0.0,0.32346010208129883,False
2010-11-29,113374.48977017635,TQQQ,342075.2016818709,0.0,0.32346010208129883,False
2010-11-30,109064.48335536211,TQQQ,342075.2016818709,0.0,0.32346010208129883,False
2010-12-01,115999.49625533645,TECL,127026.93030076132,0.0,0.9131882190704346,False
2010-12-02,120614.55682728092,TECL,127026.93030076132,0.0,0.9131882190704346,False
2010-12-03,121747.12395695483,TECL,127026.93030076132,0.0,0.9131882190704346,False
2010-12-06,121916.95034809422,TECL,127026.93030076132,0.0,0.9131882190704346,False
2010-12-07,122285.04886160398,TECL,127026.93030076132,0.0,0.9131882190704346,False
2010-12-08,124946.51536663095,TECL,127026.93030076132,0.0,0.9131882190704346,False
2010-12-09,124889.86618881083,TECL,127026.93030076132,0.0,0.9131882190704346,False
2010-12-10,126758.53191736853,TECL,127026.93030076132,0.0,0.9131882190704346,False
2010-12-13,125116.37961474563,TECL,127026.93030076132,0.0,0.9131882190704346,False
2010-12-14,125003.07368771036,TECL,127026.93030076132,0.0,0.9131882190704346,False
2010-12-15,123813.95580835208,TECL,127026.93030076132,0.0,0.9131882190704346,False
2010-12-16,125625.97235908966,TECL,127026.93030076132,0.0,0.9131882190704346,False
2010-12-17,126786.82622069835,TECL,127026.93030076132,0.0,0.9131882190704346,False
2010-12-20,126843.4299701481,TECL,127026.93030076132,0.0,0.9131882190704346,False
2010-12-21,129731.41747250491,TECL,127026.93030076132,0.0,0.9131882190704346,False
2010-12-22,129335.02465566533,TECL,127026.93030076132,0.0,0.9131882190704346,False
2010-12-23,128683.85439514137,TECL,127026.93030076132,0.0,0.9131882190704346,False
2010-12-27,129533.21349269006,TECL,127026.93030076132,0.0,0.9131882190704346,False
2010-12-28,129391.67383348543,TECL,127026.93030076132,0.0,0.9131882190704346,False
2010-12-29,129731.41747250491,TECL,127026.93030076132,0.0,0.9131882190704346,False
2010-12-30,129165.18312173583,TECL,127026.93030076132,0.0,0.9131882190704346,False
2010-12-31,128825.42433992623,TECL,127026.93030076132,0.0,0.9131882190704346,False
2011-01-03,132364.582102807,TQQQ,345962.6525908771,0.0,0.3825978934764862,False
2011-01-04,132159.0218535766,TQQQ,345962.6525908771,0.0,0.3825978934764862,False
2011-01-05,135439.0672669747,TQQQ,345962.6525908771,0.0,0.3825978934764862,False
2011-01-06,136663.71639787898,TQQQ,345962.6525908771,0.0,0.3825978934764862,False
2011-01-07,136346.66881480053,TQQQ,345962.6525908771,0.0,0.3825978934764862,False
2011-01-10,137879.81813215325,TQQQ,345962.6525908771,0.0,0.3825978934764862,False
2011-01-11,138513.52149967087,TQQQ,345962.6525908771,0.0,0.3825978934764862,False
2011-01-12,141322.61463819825,TQQQ,345962.6525908771,0.0,0.3825978934764862,False
2011-01-13,141767.87317072647,TQQQ,345962.6525908771,0.0,0.3825978934764862,False
2011-01-14,144842.35833489415,TQQQ,345962.6525908771,0.0,0.3825978934764862,False
2011-01-18,145998.30866755283,TQQQ,345962.6525908771,0.0,0.3825978934764862,False
2011-01-19,141108.5276133189,TQQQ,345962.6525908771,0.0,0.3825978934764862,False
2011-01-20,137939.63959807262,TQQQ,345962.6525908771,0.0,0.3825978934764862,False
2011-01-21,134788.2484852161,TQQQ,345962.6525908771,0.0,0.3825978934764862,False
2011-01-24,140354.78951532327,TQQQ,345962.6525908771,0.0,0.3825978934764862,False
2011-01-25,140842.8159624729,TQQQ,345962.6525908771,0.0,0.3825978934764862,False
2011-01-26,143026.7531301127,TQQQ,345962.6525908771,0.0,0.3825978934764862,False
2011-01-27,145784.22164267348,TQQQ,345962.6525908771,0.0,0.3825978934764862,False
2011-01-28,134788.2484852161,TQQQ,345962.6525908771,0.0,0.3825978934764862,False
2011-01-31,136783.72019688546,TQQQ,345962.6525908771,0.0,0.3825978934764862,False
2011-02-01,144379.64414193825,TQQQ,345962.6525908771,0.0,0.39537134766578674,False
2011-02-02,143728.83567067017,TQQQ,345962.6525908771,0.0,0.39537134766578674,False
2011-02-03,144285.6021580274,TQQQ,345962.6525908771,0.0,0.39537134766578674,False
2011-02-04,146889.14535781494,TQQQ,345962.6525908771,0.0,0.39537134766578674,False
2011-02-07,149021.4475889976,TQQQ,345962.6525908771,0.0,0.39537134766578674,False
2011-02-08,152198.84175891182,TQQQ,345962.6525908771,0.0,0.39537134766578674,False
2011-02-09,151273.80517163928,TQQQ,345962.6525908771,0.0,0.39537134766578674,False
2011-02-10,152010.43816588444,TQQQ,345962.6525908771,0.0,0.39537134766578674,False
2011-02-11,155127.65000271154,TQQQ,345962.6525908771,0.0,0.39537134766578674,False
2011-02-14,156104.05345368801,TQQQ,345962.6525908771,0.0,0.39537134766578674,False
2011-02-15,155701.50097283823,TQQQ,345962.6525908771,0.0,0.39537134766578674,False
2011-02-16,158578.9732844055,TQQQ,345962.6525908771,0.0,0.39537134766578674,False
2011-02-17,158441.85407115804,TQQQ,345962.6525908771,0.0,0.39537134766578674,False
2011-02-18,157542.76898849066,TQQQ,345962.6525908771,0.0,0.39537134766578674,False
2011-02-22,143668.98327327927,TQQQ,345962.6525908771,0.0,0.39537134766578674,False
2011-02-23,140123.59738669344,TQQQ,345962.6525908771,0.0,0.39537134766578674,False
2011-02-24,142118.7804046286,TQQQ,345962.6525908771,0.0,0.39537134766578674,False
2011-02-25,148207.86740410156,TQQQ,345962.6525908771,0.0,0.39537134766578674,False
2011-02-28,149286.8499251284,TQQQ,345962.6525908771,0.0,0.39537134766578674,False
2011-03-01,142110.23300799864,TECL,126855.28213218214,0.0,1.1202547550201416,False
2011-03-02,143835.0101347384,TECL,126855.28213218214,0.0,1.1202547550201416,False
2011-03-03,151299.60297712593,TECL,126855.28213218214,0.0,1.1202547550201416,False
2011-03-04,148415.54818140308,TECL,126855.28213218214,0.0,1.1202547550201416,False
2011-03-07,142279.89040648966,TECL,126855.28213218214,0.0,1.1202547550201416,False
2011-03-08,144428.77322363682,TECL,126855.28213218214,0.0,1.1202547550201416,False
2011-03-09,141403.3700275489,TECL,126855.28213218214,0.0,1.1202547550201416,False
2011-03-10,132807.74802499198,TECL,126855.28213218214,0.0,1.1202547550201416,False
2011-03-11,130741.41436735875,CASH,0.0,130741.41436735875,,False
2011-03-14,130741.41436735875,CASH,0.0,130741.41436735875,,False
2011-03-15,130741.41436735875,CASH,0.0,130741.41436735875,,False
2011-03-16,130741.41436735875,CASH,0.0,130741.41436735875,,False
2011-03-17,130741.41436735875,CASH,0.0,130741.41436735875,,False
2011-03-18,130741.41436735875,CASH,0.0,130741.41436735875,,False
2011-03-21,130741.41436735875,CASH,0.0,130741.41436735875,,False
2011-03-22,130741.41436735875,CASH,0.0,130741.41436735875,,False
2011-03-23,130741.41436735875,CASH,0.0,130741.41436735875,,False
2011-03-24,130741.41436735875,CASH,0.0,130741.41436735875,,False
2011-03-25,130741.41436735875,CASH,0.0,130741.41436735875,,False
2011-03-28,130741.41436735875,CASH,0.0,130741.41436735875,,False
2011-03-29,130741.41436735875,CASH,0.0,130741.41436735875,,False
2011-03-30,130741.41436735875,CASH,0.0,130741.41436735875,,False
2011-03-31,130741.41436735875,CASH,0.0,130741.41436735875,,False
2011-04-01,130741.41436735875,TECL,122362.70041037993,0.0,1.0684744119644165,False
2011-04-04,128267.76063827843,TECL,122362.70041037993,0.0,1.0684744119644165,False
2011-04-05,128045.39990750453,TECL,122362.70041037993,0.0,1.0684744119644165,False
2011-04-06,130769.18757854962,TECL,122362.70041037993,0.0,1.0684744119644165,False
2011-04-07,130935.94353985947,TECL,122362.70041037993,0.0,1.0684744119644165,False
2011-04-08,128712.4383395145,TECL,122362.70041037993,0.0,1.0684744119644165,False
2011-04-11,127823.06835027179,TECL,122362.70041037993,0.0,1.0684744119644165,False
2011-04-12,124376.66665129384,TECL,122362.70041037993,0.0,1.0684744119644165,False
2011-04-13,126794.7156109101,TECL,122362.70041037993,0.0,1.0684744119644165,False
2011-04-14,125794.12149596869,TECL,122362.70041037993,0.0,1.0684744119644165,False
2011-04-15,124265.51545944806,TECL,122362.70041037993,0.0,1.0684744119644165,False
2011-04-18,120282.10121797006,CASH,0.0,120282.10121797006,,False
2011-04-19,120282.10121797006,CASH,0.0,120282.10121797006,,False
2011-04-20,120282.10121797006,CASH,0.0,120282.10121797006,,False
2011-04-21,120282.10121797006,CASH,0.0,120282.10121797006,,False
2011-04-25,120282.10121797006,CASH,0.0,120282.10121797006,,False
2011-04-26,120282.10121797006,CASH,0.0,120282.10121797006,,False
2011-04-27,120282.10121797006,CASH,0.0,120282.10121797006,,False
2011-04-28,120282.10121797006,CASH,0.0,120282.10121797006,,False
2011-04-29,120282.10121797006,CASH,0.0,120282.10121797006,,False
2011-05-02,120282.10121797006,TECL,104923.06779571928,0.0,1.1463837623596191,False
2011-05-03,119162.01482888448,TECL,104923.06779571928,0.0,1.1463837623596191,False
2011-05-04,118709.21980290725,TECL,104923.06779571928,0.0,1.1463837623596191,False
2011-05-05,117374.5745376687,TECL,104923.06779571928,0.0,1.1463837623596191,False
2011-05-06,118375.52409013559,TECL,104923.06779571928,0.0,1.1463837623596191,False
2011-05-09,119162.01482888448,TECL,104923.06779571928,0.0,1.1463837623596191,False
2011-05-10,122427.0395736725,TECL,104923.06779571928,0.0,1.1463837623596191,False
2011-05-11,119638.63722218545,TECL,104923.06779571928,0.0,1.1463837623596191,False
2011-05-12,121759.73570275978,TECL,104923.06779571928,0.0,1.1463837623596191,False
2011-05-13,117303.07992789311,TECL,104923.06779571928,0.0,1.1463837623596191,False
2011-05-16,111654.7931229478,TECL,104923.06779571928,0.0,1.1463837623596191,False
2011-05-17,109200.06135196901,CASH,0.0,109200.06135196901,,False
2011-05-18,109200.06135196901,CASH,0.0,109200.06135196901,,False
2011-05-19,109200.06135196901,CASH,0.0,109200.06135196901,,False
2011-05-20,109200.06135196901,CASH,0.0,109200.06135196901,,False
2011-05-23,109200.06135196901,CASH,0.0,109200.06135196901,,False
2011-05-24,109200.06135196901,CASH,0.0,109200.06135196901,,False
2011-05-25,109200.06135196901,CASH,0.0,109200.06135196901,,False
2011-05-26,109200.06135196901,CASH,0.0,109200.06135196901,,False
2011-05-27,109200.06135196901,CASH,0.0,109200.06135196901,,False
2011-05-31,109200.06135196901,CASH,0.0,109200.06135196901,,False
2011-06-01,109200.06135196901,TECL,105660.97745630851,0.0,1.0334947109222412,False
2011-06-02,109584.05599789036,TECL,105660.97745630851,0.0,1.0334947109222412,False
2011-06-03,104736.05116745547,TECL,105660.97745630851,0.0,1.0334947109222412,False
2011-06-06,102624.05542334792,TECL,105660.97745630851,0.0,1.0334947109222412,False
2011-06-07,101328.02625922565,TECL,105660.97745630851,0.0,1.0334947109222412,False
2011-06-08,100464.0564438115,CASH,0.0,100464.0564438115,,False
2011-06-09,100464.0564438115,CASH,0.0,100464.0564438115,,False
2011-06-10,100464.0564438115,CASH,0.0,100464.0564438115,,False
2011-06-13,100464.0564438115,CASH,0.0,100464.0564438115,,False
2011-06-14,100464.0564438115,CASH,0.0,100464.0564438115,,False
2011-06-15,100464.0564438115,CASH,0.0,100464.0564438115,,False
2011-06-16,100464.0564438115,CASH,0.0,100464.0564438115,,False
2011-06-17,100464.0564438115,CASH,0.0,100464.0564438115,,False
2011-06-20,100464.0564438115,CASH,0.0,100464.0564438115,,False
2011-06-21,100464.0564438115,CASH,0.0,100464.0564438115,,False
2011-06-22,100464.0564438115,CASH,0.0,100464.0564438115,,False
2011-06-23,100464.0564438115,CASH,0.0,100464.0564438115,,False
2011-06-24,100464.0564438115,CASH,0.0,100464.0564438115,,False
2011-06-27,100464.0564438115,CASH,0.0,100464.0564438115,,False
2011-06-28,100464.0564438115,CASH,0.0,100464.0564438115,,False
2011-06-29,100464.0564438115,CASH,0.0,100464.0564438115,,False
2011-06-30,100464.0564438115,CASH,0.0,100464.0564438115,,False
2011-07-01,100464.0564438115,TECL,96067.97121689402,0.0,1.045760154724121,False
2011-07-05,101402.35765156164,TECL,96067.97121689402,0.0,1.045760154724121,False
2011-07-06,102842.5398353461,TECL,96067.97121689402,0.0,1.045760154724121,False
2011-07-07,106835.81702169096,TECL,96067.97121689402,0.0,1.045760154724121,False
2011-07-08,105351.97907210141,TECL,96067.97121689402,0.0,1.045760154724121,False
2011-07-11,99874.87538836159,TECL,96067.97121689402,0.0,1.045760154724121,False
2011-07-12,96732.64513912966,TECL,96067.97121689402,0.0,1.045760154724121,False
2011-07-13,97561.88709772924,TECL,96067.97121689402,0.0,1.045760154724121,False
2011-07-14,94746.949117895,TECL,96067.97121689402,0.0,1.045760154724121,False
2011-07-15,98783.84771346117,TECL,96067.97121689402,0.0,1.045760154724121,False
2011-07-18,97780.07430919797,TECL,96067.97121689402,0.0,1.045760154724121,False
2011-07-19,105722.9385594988,TECL,96067.97121689402,0.0,1.045760154724121,False
2011-07-20,104086.36269056438,TECL,96067.97121689402,0.0,1.045760154724121,False
2011-07-21,105417.43981641986,TECL,96067.97121689402,0.0,1.045760154724121,False
2011-07-22,109607.0648791363,TECL,96067.97121689402,0.0,1.045760154724121,False
2011-07-25,108908.81312234123,TECL,96067.97121689402,0.0,1.045760154724121,False
2011-07-26,110174.42950387826,TECL,96067.97121689402,0.0,1.045760154724121,False
2011-07-27,100093.1084086087,TECL,96067.97121689402,0.0,1.045760154724121,False
2011-07-28,100725.89942108533,TECL,96067.97121689402,0.0,1.045760154724121,False
2011-07-29,98434.71610896633,TECL,96067.97121689402,0.0,1.045760154724121,False
2011-08-01,97932.80077634823,TECL,96067.97121689402,0.0,1.024636149406433,False
2011-08-02,91168.26428036344,TECL,96067.97121689402,0.0,1.024636149406433,False
2011-08-03,90559.93882024902,CASH,0.0,90559.93882024902,,False
2011-08-04,90559.93882024902,CASH,0.0,90559.93882024902,,False
2011-08-05,90559.93882024902,CASH,0.0,90559.93882024902,,False
2011-08-08,90559.93882024902,CASH,0.0,90559.93882024902,,False
2011-08-09,90559.93882024902,CASH,0.0,90559.93882024902,,False
2011-08-10,90559.93882024902,CASH,0.0,90559.93882024902,,False
2011-08-11,90559.93882024902,CASH,0.0,90559.93882024902,,False
2011-08-12,90559.93882024902,CASH,0.0,90559.93882024902,,False
2011-08-15,90559.93882024902,CASH,0.0,90559.93882024902,,False
2011-08-16,90559.93882024902,CASH,0.0,90559.93882024902,,False
2011-08-17,90559.93882024902,CASH,0.0,90559.93882024902,,False
2011-08-18,90559.93882024902,CASH,0.0,90559.93882024902,,False
2011-08-19,90559.93882024902,CASH,0.0,90559.93882024902,,False
2011-08-22,90559.93882024902,CASH,0.0,90559.93882024902,,False
2011-08-23,90559.93882024902,CASH,0.0,90559.93882024902,,False
2011-08-24,90559.93882024902,CASH,0.0,90559.93882024902,,False
2011-08-25,90559.93882024902,CASH,0.0,90559.93882024902,,False
2011-08-26,90559.93882024902,CASH,0.0,90559.93882024902,,False
2011-08-29,90559.93882024902,CASH,0.0,90559.93882024902,,False
2011-08-30,90559.93882024902,CASH,0.0,90559.93882024902,,False
2011-08-31,90559.93882024902,CASH,0.0,90559.93882024902,,False
2011-09-01,90559.93882024902,GLD,509.1355557781665,0.0,177.8699951171875,False
2011-09-02,93294.00203755638,GLD,509.1355557781665,0.0,177.8699951171875,False
2011-09-06,93120.89004430984,GLD,509.1355557781665,0.0,177.8699951171875,False
2011-09-07,90157.72514945277,GLD,509.1355557781665,0.0,177.8699951171875,False
2011-09-08,92565.93415302172,GLD,509.1355557781665,0.0,177.8699951171875,False
2011-09-09,92000.79337535628,GLD,509.1355557781665,0.0,177.8699951171875,False
2011-09-12,89948.97770707363,GLD,509.1355557781665,0.0,177.8699951171875,False
2011-09-13,90901.05871036535,GLD,509.1355557781665,0.0,177.8699951171875,False
2011-09-14,90223.9152577174,GLD,509.1355557781665,0.0,177.8699951171875,False
2011-09-15,88793.23782019543,GLD,509.1355557781665,0.0,177.8699951171875,False
2011-09-16,89623.1312621273,GLD,509.1355557781665,0.0,177.8699951171875,False
2011-09-19,88238.28192890731,GLD,509.1355557781665,0.0,177.8699951171875,False
2011-09-20,89495.84737318274,GLD,509.1355557781665,0.0,177.8699951171875,False
2011-09-21,88380.83926302183,GLD,509.1355557781665,0.0,177.8699951171875,False
2011-09-22,86069.36725805746,GLD,509.1355557781665,0.0,177.8699951171875,False
2011-09-23,83315.14371462911,CASH,0.0,83315.14371462911,,False
2011-09-26,83315.14371462911,CASH,0.0,83315.14371462911,,False
2011-09-27,83315.14371462911,CASH,0.0,83315.14371462911,,False
2011-09-28,83315.14371462911,CASH,0.0,83315.14371462911,,False
2011-09-29,83315.14371462911,CASH,0.0,83315.14371462911,,False
2011-09-30,83315.14371462911,CASH,0.0,83315.14371462911,,False
2011-10-03,83315.14371462911,GLD,517.6139428394498,0.0,160.9600067138672,False
2011-10-04,81596.66163328438,GLD,517.6139428394498,0.0,160.9600067138672,False
2011-10-05,82538.72280036993,GLD,517.6139428394498,0.0,160.9600067138672,False
2011-10-06,83071.8645296416,GLD,517.6139428394498,0.0,160.9600067138672,False
2011-10-07,82393.78363006588,GLD,517.6139428394498,0.0,160.9600067138672,False
2011-10-10,84510.83065888232,GLD,517.6139428394498,0.0,160.9600067138672,False
2011-10-11,83905.2232935396,GLD,517.6139428394498,0.0,160.9600067138672,False
2011-10-12,84505.64946463026,GLD,517.6139428394498,0.0,160.9600067138672,False
2011-10-13,84008.74450247509,GLD,517.6139428394498,0.0,160.9600067138672,False
2011-10-14,84578.11510070131,GLD,517.6139428394498,0.0,160.9600067138672,False
2011-10-17,84174.37685713949,GLD,517.6139428394498,0.0,160.9600067138672,False
2011-10-18,83770.63861357768,GLD,517.6139428394498,0.0,160.9600067138672,False
2011-10-19,82750.938514331,GLD,517.6139428394498,0.0,160.9600067138672,False
2011-10-20,81663.95397326535,GLD,517.6139428394498,0.0,160.9600067138672,False
2011-10-21,82569.77837323438,GLD,517.6139428394498,0.0,160.9600067138672,False
2011-10-24,83346.19928749355,GLD,517.6139428394498,0.0,160.9600067138672,False
2011-10-25,85711.69089922562,GLD,517.6139428394498,0.0,160.9600067138672,False
2011-10-26,86648.5708720591,GLD,517.6139428394498,0.0,160.9600067138672,False
2011-10-27,87761.4455880611,GLD,517.6139428394498,0.0,160.9600067138672,False
2011-10-28,87797.67445701564,GLD,517.6139428394498,0.0,160.9600067138672,False
2011-10-31,86617.51529919465,GLD,517.6139428394498,0.0,160.9600067138672,False
2011-11-01,86638.22427987894,IEF,1136.752460185085,0.0,76.21555907235299,False
2011-11-02,86430.97710370594,IEF,1136.752460185085,0.0,76.21555907235299,False
2011-11-03,86024.99376737383,IEF,1136.752460185085,0.0,76.21555907235299,False
2011-11-04,86281.88124763586,IEF,1136.752460185085,0.0,76.21555907235299,False
2011-11-07,86381.36304118736,IEF,1136.752460185085,0.0,76.21555907235299,False
2011-11-08,85991.78068638244,IEF,1136.752460185085,0.0,76.21555907235299,False
2011-11-09,86754.23826280984,IEF,1136.752460185085,0.0,76.21555907235299,False
2011-11-10,86331.57403486579,IEF,1136.752460185085,0.0,76.21555907235299,False
2011-11-11,85933.74307975145,IEF,1136.752460185085,0.0,76.21555907235299,False
2011-11-14,86472.45627938704,IEF,1136.752460185085,0.0,76.21555907235299,False
2011-11-15,86356.45104364626,IEF,1136.752460185085,0.0,76.21555907235299,False
2011-11-16,86671.42861368015,IEF,1136.752460185085,0.0,76.21555907235299,False
2011-11-17,86845.36648977014,IEF,1136.752460185085,0.0,76.21555907235299,False
2011-11-18,86522.19280256769,IEF,1136.752460185085,0.0,76.21555907235299,False
2011-11-21,86762.52185187986,IEF,1136.752460185085,0.0,76.21555907235299,False
2011-11-22,87027.7454043528,IEF,1136.752460185085,0.0,76.21555907235299,False
2011-11-23,87326.13830186636,IEF,1136.752460185085,0.0,76.21555907235299,False
2011-11-25,86770.82293533017,IEF,1136.752460185085,0.0,76.21555907235299,False
2011-11-28,86779.11527159033,IEF,1136.752460185085,0.0,76.21555907235299,False
2011-11-29,86613.39100704918,IEF,1136.752460185085,0.0,76.21555907235299,False
2011-11-30,86107.89963559514,IEF,1136.752460185085,0.0,76.21555907235299,False
2011-12-01,86082.90891334272,IEF,1136.752460185085,0.0,75.7490330142546,False
2011-12-02,86464.83747676825,IEF,1136.752460185085,0.0,75.7490330142546,False
2011-12-05,86414.99598730583,IEF,1136.752460185085,0.0,75.7490330142546,False
2011-12-06,86190.87548133763,IEF,1136.752460185085,0.0,75.7490330142546,False
2011-12-07,86581.12262259377,IEF,1136.752460185085,0.0,75.7490330142546,False
2011-12-08,87021.19375893206,IEF,1136.752460185085,0.0,75.7490330142546,False
2011-12-09,86423.46326736892,IEF,1136.752460185085,0.0,75.7490330142546,False
2011-12-12,86722.29352438991,IEF,1136.752460185085,0.0,75.7490330142546,False
2011-12-13,87120.90297942738,IEF,1136.752460185085,0.0,75.7490330142546,False
2011-12-14,87486.25561752275,IEF,1136.752460185085,0.0,75.7490330142546,False
2011-12-15,87411.47588894879,IEF,1136.752460185085,0.0,75.7490330142546,False
2011-12-16,87835.01483590763,IEF,1136.752460185085,0.0,75.7490330142546,False
2011-12-19,88133.92381763992,IEF,1136.752460185085,0.0,75.7490330142546,False
2011-12-20,87336.77488508612,IEF,1136.752460185085,0.0,75.7490330142546,False
2011-12-21,87054.47681744462,IEF,1136.752460185085,0.0,75.7490330142546,False
2011-12-22,87162.38215510848,IEF,1136.752460185085,0.0,75.7490330142546,False
2011-12-23,86805.29561170284,IEF,1136.752460185085,0.0,75.7490330142546,False
2011-12-27,86854.41983157316,IEF,1136.752460185085,0.0,75.7490330142546,False
2011-12-28,87403.42847401278,IEF,1136.752460185085,0.0,75.7490330142546,False
2011-12-29,87511.58748019091,IEF,1136.752460185085,0.0,75.7490330142546,False
2011-12-30,87819.37485992328,IEF,1136.752460185085,0.0,75.7490330142546,False
2012-01-03,87262.00390370235,GLD,559.6588309932547,0.0,155.9199981689453,False
2012-01-04,87704.13916242801,GLD,559.6588309932547,0.0,155.9199981689453,False
2012-01-05,88302.96967093844,GLD,559.6588309932547,0.0,155.9199981689453,False
2012-01-06,87978.36652419643,GLD,559.6588309932547,0.0,155.9199981689453,False
2012-01-09,87586.60705044436,GLD,559.6588309932547,0.0,155.9199981689453,False
2012-01-10,88784.27660718128,GLD,559.6588309932547,0.0,155.9199981689453,False
2012-01-11,89360.72451992705,GLD,559.6588309932547,0.0,155.9199981689453,False
2012-01-12,89758.08604740733,GLD,559.6588309932547,0.0,155.9199981689453,False
2012-01-13,89131.26234968797,GLD,559.6588309932547,0.0,155.9199981689453,False
2012-01-17,89825.24237441737,GLD,559.6588309932547,0.0,155.9199981689453,False
2012-01-18,90440.87050439639,GLD,559.6588309932547,0.0,155.9199981689453,False
2012-01-19,90228.1974159098,GLD,559.6588309932547,0.0,155.9199981689453,False
2012-01-20,90703.9108381405,GLD,559.6588309932547,0.0,155.9199981689453,False
2012-01-23,91313.93691439129,GLD,559.6588309932547,0.0,155.9199981689453,False
2012-01-24,90670.32413491941,GLD,559.6588309932547,0.0,155.9199981689453,False
2012-01-25,93138.42162913152,GLD,559.6588309932547,0.0,155.9199981689453,False
2012-01-26,93614.1350513622,GLD,559.6588309932547,0.0,155.9199981689453,False
2012-01-27,94565.55335610753,GLD,559.6588309932547,0.0,155.9199981689453,False
2012-01-30,94039.47268861931,GLD,559.6588309932547,0.0,155.9199981689453,False
2012-01-31,94755.83530911339,GLD,559.6588309932547,0.0,155.9199981689453,False
2012-02-01,94895.7500168617,TQQQ,216903.6701683252,0.0,0.43750181794166565,False
2012-02-02,95873.03217044004,TQQQ,216903.6701683252,0.0,0.43750181794166565,False
2012-02-03,99685.2877874354,TQQQ,216903.6701683252,0.0,0.43750181794166565,False
2012-02-06,99588.58932441127,TQQQ,216903.6701683252,0.0,0.43750181794166565,False
2012-02-07,100018.04711500366,TQQQ,216903.6701683252,0.0,0.43750181794166565,False
2012-02-08,101682.53542578724,TQQQ,216903.6701683252,0.0,0.43750181794166565,False
2012-02-09,103937.73182197819,TQQQ,216903.6701683252,0.0,0.43750181794166565,False
2012-02-10,101714.70144971987,TQQQ,216903.6701683252,0.0,0.43750181794166565,False
2012-02-13,104453.16391287281,TQQQ,216903.6701683252,0.0,0.43750181794166565,False
2012-02-14,105365.93302005895,TQQQ,216903.6701683252,0.0,0.43750181794166565,False
2012-02-15,103014.03816084388,TQQQ,216903.6701683252,0.0,0.43750181794166565,False
2012-02-16,107320.29047175626,TQQQ,216903.6701683252,0.0,0.43750181794166565,False
2012-02-17,106407.54722150254,TQQQ,216903.6701683252,0.0,0.43750181794166565,False
2012-02-21,107309.55984480125,TQQQ,216903.6701683252,0.0,0.43750181794166565,False
2012-02-22,105892.08280944238,TQQQ,216903.6701683252,0.0,0.43750181794166565,False
2012-02-23,107900.06753898234,TQQQ,216903.6701683252,0.0,0.43750181794166565,False
2012-02-24,108952.6062943741,TQQQ,216903.6701683252,0.0,0.43750181794166565,False
2012-02-27,109478.75608375753,TQQQ,216903.6701683252,0.0,0.43750181794166565,False
2012-02-28,112753.91150048887,TQQQ,216903.6701683252,0.0,0.43750181794166565,False
2012-02-29,111272.10241726477,TQQQ,216903.6701683252,0.0,0.43750181794166565,False
2012-03-01,113978.21139372504,TQQQ,216903.6701683252,0.0,0.5130023956298828,False
2012-03-02,113634.49519104307,TQQQ,216903.6701683252,0.0,0.5130023956298828,False
2012-03-05,110090.69917491624,TQQQ,216903.6701683252,0.0,0.5130023956298828,False
2012-03-06,106933.70993935218,TQQQ,216903.6701683252,0.0,0.5130023956298828,False
2012-03-07,109360.65454492132,TQQQ,216903.6701683252,0.0,0.5130023956298828,False
2012-03-08,112829.18103076851,TQQQ,216903.6701683252,0.0,0.5130023956298828,False
2012-03-09,114192.84978975776,TQQQ,216903.6701683252,0.0,0.5130023956298828,False
2012-03-12,114375.51608885101,TQQQ,216903.6701683252,0.0,0.5130023956298828,False
2012-03-13,120818.5852950946,TQQQ,216903.6701683252,0.0,0.5130023956298828,False
2012-03-14,122171.54928406126,TQQQ,216903.6701683252,0.0,0.5130023956298828,False
2012-03-15,123105.72146705947,TQQQ,216903.6701683252,0.0,0.5130023956298828,False
2012-03-16,122837.30065158957,TQQQ,216903.6701683252,0.0,0.5130023956298828,False
2012-03-19,125511.2177471848,TQQQ,216903.6701683252,0.0,0.5130023956298828,False
2012-03-20,126198.41744015692,TQQQ,216903.6701683252,0.0,0.5130023956298828,False
2012-03-21,126155.52078926929,TQQQ,216903.6701683252,0.0,0.5130023956298828,False
2012-03-22,125393.06449448373,TQQQ,216903.6701683252,0.0,0.5130023956298828,False
2012-03-23,125221.28396394,TQQQ,216903.6701683252,0.0,0.5130023956298828,False
2012-03-26,131761.08395437326,TQQQ,216903.6701683252,0.0,0.5130023956298828,False
2012-03-27,132265.6044197859,TQQQ,216903.6701683252,0.0,0.5130023956298828,False
2012-03-28,130719.29521863582,TQQQ,216903.6701683252,0.0,0.5130023956298828,False
2012-03-29,129377.07478509039,TQQQ,216903.6701683252,0.0,0.5130023956298828,False
2012-03-30,128475.01691215995,TQQQ,216903.6701683252,0.0,0.5130023956298828,False
2012-04-02,132394.50122790821,TQQQ,216903.6701683252,0.0,0.5923137068748474,False
2012-04-03,132405.42578185638,TQQQ,216903.6701683252,0.0,0.5923137068748474,False
2012-04-04,127003.9772412895,TQQQ,216903.6701683252,0.0,0.5923137068748474,False
2012-04-05,129323.46043571395,TQQQ,216903.6701683252,0.0,0.5923137068748474,False
2012-04-09,126348.93064378378,TQQQ,216903.6701683252,0.0,0.5923137068748474,False
2012-04-10,120249.30614243173,TQQQ,216903.6701683252,0.0,0.5923137068748474,False
2012-04-11,121989.10276889357,TQQQ,216903.6701683252,0.0,0.5923137068748474,False
2012-04-12,126080.25125898965,TQQQ,216903.6701683252,0.0,0.5923137068748474,False
2012-04-13,120378.19002208782,TQQQ,216903.6701683252,0.0,0.5923137068748474,False
2012-04-16,118197.01555918716,CASH,0.0,118197.01555918716,,False
2012-04-17,118197.01555918716,CASH,0.0,118197.01555918716,,False
2012-04-18,118197.01555918716,CASH,0.0,118197.01555918716,,False
2012-04-19,118197.01555918716,CASH,0.0,118197.01555918716,,False
2012-04-20,118197.01555918716,CASH,0.0,118197.01555918716,,False
2012-04-23,118197.01555918716,CASH,0.0,118197.01555918716,,False
2012-04-24,118197.01555918716,CASH,0.0,118197.01555918716,,False
2012-04-25,118197.01555918716,CASH,0.0,118197.01555918716,,False
2012-04-26,118197.01555918716,CASH,0.0,118197.01555918716,,False
2012-04-27,118197.01555918716,CASH,0.0,118197.01555918716,,False
2012-04-30,118197.01555918716,CASH,0.0,118197.01555918716,,False
2012-05-01,118197.01555918716,TECL,86210.56033396043,0.0,1.3710271120071411,False
2012-05-02,118980.29498604953,TECL,86210.56033396043,0.0,1.3710271120071411,False
2012-05-03,115573.03564545799,TECL,86210.56033396043,0.0,1.3710271120071411,False
2012-05-04,108741.2543144522,CASH,0.0,108741.2543144522,,False
2012-05-07,108741.2543144522,CASH,0.0,108741.2543144522,,False
2012-05-08,108741.2543144522,CASH,0.0,108741.2543144522,,False
2012-05-09,108741.2543144522,CASH,0.0,108741.2543144522,,False
2012-05-10,108741.2543144522,CASH,0.0,108741.2543144522,,False
2012-05-11,108741.2543144522,CASH,0.0,108741.2543144522,,False
2012-05-14,108741.2543144522,CASH,0.0,108741.2543144522,,False
2012-05-15,108741.2543144522,CASH,0.0,108741.2543144522,,False
2012-05-16,108741.2543144522,CASH,0.0,108741.2543144522,,False
2012-05-17,108741.2543144522,CASH,0.0,108741.2543144522,,False
2012-05-18,108741.2543144522,CASH,0.0,108741.2543144522,,False
2012-05-21,108741.2543144522,CASH,0.0,108741.2543144522,,False
2012-05-22,108741.2543144522,CASH,0.0,108741.2543144522,,False
2012-05-23,108741.2543144522,CASH,0.0,108741.2543144522,,False
2012-05-24,108741.2543144522,CASH,0.0,108741.2543144522,,False
2012-05-25,108741.2543144522,CASH,0.0,108741.2543144522,,False
2012-05-29,108741.2543144522,CASH,0.0,108741.2543144522,,False
2012-05-30,108741.2543144522,CASH,0.0,108741.2543144522,,False
2012-05-31,108741.2543144522,CASH,0.0,108741.2543144522,,False
2012-06-01,108741.2543144522,TECL,112564.6526910277,0.0,0.9660337567329407,False
2012-06-04,109431.55518777763,TECL,112564.6526910277,0.0,0.9660337567329407,False
2012-06-05,111962.82165145682,TECL,112564.6526910277,0.0,0.9660337567329407,False
2012-06-06,120528.13199788822,TECL,112564.6526910277,0.0,0.9660337567329407,False
2012-06-07,118661.63723132967,TECL,112564.6526910277,0.0,0.9660337567329407,False
2012-06-08,122215.63402783951,TECL,112564.6526910277,0.0,0.9660337567329407,False
2012-06-11,115567.90363788074,TECL,112564.6526910277,0.0,0.9660337567329407,False
2012-06-12,119530.97109751918,TECL,112564.6526910277,0.0,0.9660337567329407,False
2012-06-13,117153.14135673793,TECL,112564.6526910277,0.0,0.9660337567329407,False
2012-06-14,117536.64929678109,TECL,112564.6526910277,0.0,0.9660337567329407,False
2012-06-15,122292.29535959131,TECL,112564.6526910277,0.0,0.9660337567329407,False
2012-06-18,124670.13851912483,TECL,112564.6526910277,0.0,0.9660337567329407,False
2012-06-19,128045.15599777967,TECL,112564.6526910277,0.0,0.9660337567329407,False
2012-06-20,128991.16461447327,TECL,112564.6526910277,0.0,0.9660337567329407,False
2012-06-21,118712.8029337574,TECL,112564.6526910277,0.0,0.9660337567329407,False
2012-06-22,122548.01652171176,TECL,112564.6526910277,0.0,0.9660337567329407,False
2012-06-25,114238.34682488716,TECL,112564.6526910277,0.0,0.9660337567329407,False
2012-06-26,115235.5614002653,TECL,112564.6526910277,0.0,0.9660337567329407,False
2012-06-27,117715.62861463608,TECL,112564.6526910277,0.0,0.9660337567329407,False
2012-06-28,114008.24206086126,TECL,112564.6526910277,0.0,0.9660337567329407,False
2012-06-29,123647.41489567034,TECL,112564.6526910277,0.0,0.9660337567329407,False
2012-07-02,125309.34078378389,TECL,112564.6526910277,0.0,1.098456859588623,False
2012-07-03,128070.73213961741,TECL,112564.6526910277,0.0,1.098456859588623,False
2012-07-05,128479.78938399373,TECL,112564.6526910277,0.0,1.098456859588623,False
2012-07-06,122548.01652171176,TECL,112564.6526910277,0.0,1.098456859588623,False
2012-07-09,121832.08583153952,TECL,112564.6526910277,0.0,1.098456859588623,False
2012-07-10,117996.87224358517,TECL,112564.6526910277,0.0,1.098456859588623,False
2012-07-11,113755.62170401671,CASH,0.0,113755.62170401671,,False
2012-07-12,113755.62170401671,CASH,0.0,113755.62170401671,,False
2012-07-13,113755.62170401671,CASH,0.0,113755.62170401671,,False
2012-07-16,113755.62170401671,CASH,0.0,113755.62170401671,,False
2012-07-17,113755.62170401671,CASH,0.0,113755.62170401671,,False
2012-07-18,113755.62170401671,CASH,0.0,113755.62170401671,,False
2012-07-19,113755.62170401671,CASH,0.0,113755.62170401671,,False
2012-07-20,113755.62170401671,CASH,0.0,113755.62170401671,,False
2012-07-23,113755.62170401671,CASH,0.0,113755.62170401671,,False
2012-07-24,113755.62170401671,CASH,0.0,113755.62170401671,,False
2012-07-25,113755.62170401671,CASH,0.0,113755.62170401671,,False
2012-07-26,113755.62170401671,CASH,0.0,113755.62170401671,,False
2012-07-27,113755.62170401671,CASH,0.0,113755.62170401671,,False
2012-07-30,113755.62170401671,CASH,0.0,113755.62170401671,,False
2012-07-31,113755.62170401671,CASH,0.0,113755.62170401671,,False
2012-08-01,113755.62170401671,TQQQ,226868.280178263,0.0,0.5014170408248901,False
2012-08-02,112565.00790378933,TQQQ,226868.280178263,0.0,0.5014170408248901,False
2012-08-03,118967.25057370903,TQQQ,226868.280178263,0.0,0.5014170408248901,False
2012-08-06,121640.48094996219,TQQQ,226868.280178263,0.0,0.5014170408248901,False
2012-08-07,124650.51382398375,TQQQ,226868.280178263,0.0,0.5014170408248901,False
2012-08-08,124448.23219375461,TQQQ,226868.280178263,0.0,0.5014170408248901,False
2012-08-09,125504.03439477284,TQQQ,226868.280178263,0.0,0.5014170408248901,False
2012-08-10,126020.76599019679,TQQQ,226868.280178263,0.0,0.5014170408248901,False
2012-08-13,126784.56541541661,TQQQ,226868.280178263,0.0,0.5014170408248901,False
2012-08-14,126964.21054260388,TQQQ,226868.280178263,0.0,0.5014170408248901,False
2012-08-15,127862.85537304098,TQQQ,226868.280178263,0.0,0.5014170408248901,False
2012-08-16,132445.39499869823,TQQQ,226868.280178263,0.0,0.5014170408248901,False
2012-08-17,134264.86140090378,TQQQ,226868.280178263,0.0,0.5014170408248901,False
2012-08-20,134781.55242911796,TQQQ,226868.280178263,0.0,0.5014170408248901,False
2012-08-21,133231.65513571768,TQQQ,226868.280178263,0.0,0.5014170408248901,False
2012-08-22,134669.2083029101,TQQQ,226868.280178263,0.0,0.5014170408248901,False
2012-08-23,131681.58205107515,TQQQ,226868.280178263,0.0,0.5014170408248901,False
2012-08-24,134017.69891428514,TQQQ,226868.280178263,0.0,0.5014170408248901,False
2012-08-27,134669.2083029101,TQQQ,226868.280178263,0.0,0.5014170408248901,False
2012-08-28,134646.80168072347,TQQQ,226868.280178263,0.0,0.5014170408248901,False
2012-08-29,134691.6149250967,TQQQ,226868.280178263,0.0,0.5014170408248901,False
2012-08-30,130580.9260384739,TQQQ,226868.280178263,0.0,0.5014170408248901,False
2012-08-31,133366.4870185317,TQQQ,226868.280178263,0.0,0.5014170408248901,False
2012-09-04,132804.68525307276,TECL,102701.19100310619,0.0,1.2931172847747803,False
2012-09-05,132501.41548503283,TECL,102701.19100310619,0.0,1.2931172847747803,False
2012-09-06,141179.39217685902,TECL,102701.19100310619,0.0,1.2931172847747803,False
2012-09-07,140619.4859840622,TECL,102701.19100310619,0.0,1.2931172847747803,False
2012-09-10,136303.85103859866,TECL,102701.19100310619,0.0,1.2931172847747803,False
2012-09-11,137330.2743082661,TECL,102701.19100310619,0.0,1.2931172847747803,False
2012-09-12,139126.5089087161,TECL,102701.19100310619,0.0,1.2931172847747803,False
2012-09-13,144958.4192367632,TECL,102701.19100310619,0.0,1.2931172847747803,False
2012-09-14,147104.60592028024,TECL,102701.19100310619,0.0,1.2931172847747803,False
2012-09-17,147407.83895951213,TECL,102701.19100310619,0.0,1.2931172847747803,False
2012-09-18,147571.14748302288,TECL,102701.19100310619,0.0,1.2931172847747803,False
2012-09-19,148107.6696680301,TECL,102701.19100310619,0.0,1.2931172847747803,False
2012-09-20,147384.54065227465,TECL,102701.19100310619,0.0,1.2931172847747803,False
2012-09-21,147851.06997208126,TECL,102701.19100310619,0.0,1.2931172847747803,False
2012-09-24,144865.1280643251,TECL,102701.19100310619,0.0,1.2931172847747803,False
2012-09-25,138986.58439299496,TECL,102701.19100310619,0.0,1.2931172847747803,False
2012-09-26,135930.62513416616,TECL,102701.19100310619,0.0,1.2931172847747803,False
2012-09-27,141482.60073021887,TECL,102701.19100310619,0.0,1.2931172847747803,False
2012-09-28,138100.09788198466,TECL,102701.19100310619,0.0,1.2931172847747803,False
2012-10-01,137306.97600102858,TQQQ,229664.72168017173,0.0,0.5978583693504333,False
2012-10-02,138193.94651965008,TQQQ,229664.72168017173,0.0,0.5978583693504333,False
2012-10-03,140809.0680890222,TQQQ,229664.72168017173,0.0,0.5978583693504333,False
2012-10-04,142446.37837733226,TQQQ,229664.72168017173,0.0,0.5978583693504333,False
2012-10-05,139990.41978940926,TQQQ,229664.72168017173,0.0,0.5978583693504333,False
2012-10-08,136283.73064966212,TQQQ,229664.72168017173,0.0,0.5978583693504333,False
2012-10-09,129279.76549902132,TQQQ,229664.72168017173,0.0,0.5978583693504333,False
2012-10-10,127710.57209345751,TQQQ,229664.72168017173,0.0,0.5978583693504333,False
2012-10-11,126573.61152003052,TQQQ,229664.72168017173,0.0,0.5978583693504333,False
2012-10-12,126322.4179209463,CASH,0.0,126322.4179209463,,False
2012-10-15,126322.4179209463,CASH,0.0,126322.4179209463,,False
2012-10-16,126322.4179209463,CASH,0.0,126322.4179209463,,False
2012-10-17,126322.4179209463,CASH,0.0,126322.4179209463,,False
2012-10-18,126322.4179209463,CASH,0.0,126322.4179209463,,False
2012-10-19,126322.4179209463,CASH,0.0,126322.4179209463,,False
2012-10-22,126322.4179209463,CASH,0.0,126322.4179209463,,False
2012-10-23,126322.4179209463,CASH,0.0,126322.4179209463,,False
2012-10-24,126322.4179209463,CASH,0.0,126322.4179209463,,False
2012-10-25,126322.4179209463,CASH,0.0,126322.4179209463,,False
2012-10-26,126322.4179209463,CASH,0.0,126322.4179209463,,False
2012-10-31,126322.4179209463,CASH,0.0,126322.4179209463,,False
2012-11-01,126322.4179209463,GLD,760.6576284080414,0.0,166.07000732421875,False
2012-11-02,123682.93502183325,GLD,760.6576284080414,0.0,166.07000732421875,False
2012-11-05,124162.1414351646,GLD,760.6576284080414,0.0,166.07000732421875,False
2012-11-06,126497.36592560016,GLD,760.6576284080414,0.0,166.07000732421875,False
2012-11-07,126641.89273207197,GLD,760.6576284080414,0.0,166.07000732421875,False
2012-11-08,127782.87917468403,GLD,760.6576284080414,0.0,166.07000732421875,False
2012-11-09,127653.56877066038,GLD,760.6576284080414,0.0,166.07000732421875,False
2012-11-12,127372.11755558368,GLD,760.6576284080414,0.0,166.07000732421875,False
2012-11-13,127105.89434966944,GLD,760.6576284080414,0.0,166.07000732421875,False
2012-11-14,127136.31554785147,GLD,760.6576284080414,0.0,166.07000732421875,False
2012-11-15,126337.62271668017,GLD,760.6576284080414,0.0,166.07000732421875,False
2012-11-16,126177.89111447449,GLD,760.6576284080414,0.0,166.07000732421875,False
2012-11-19,127691.59236670934,GLD,760.6576284080414,0.0,166.07000732421875,False
2012-11-20,127326.47995495348,GLD,760.6576284080414,0.0,166.07000732421875,False
2012-11-21,127455.79035897713,GLD,760.6576284080414,0.0,166.07000732421875,False
2012-11-23,129015.14081855648,GLD,760.6576284080414,0.0,166.07000732421875,False
2012-11-26,128878.2164099516,GLD,760.6576284080414,0.0,166.07000732421875,False
2012-11-27,128330.55359567497,GLD,760.6576284080414,0.0,166.07000732421875,False
2012-11-28,126687.53033270215,GLD,760.6576284080414,0.0,166.07000732421875,False
2012-11-29,127166.73674603351,GLD,760.6576284080414,0.0,166.07000732421875,False
2012-11-30,126307.20151849814,GLD,760.6576284080414,0.0,166.07000732421875,False
2012-12-03,126368.0555215765,TECL,113747.75630083225,0.0,1.1109498739242554,False
2012-12-04,125489.59813696715,TECL,113747.75630083225,0.0,1.1109498739242554,False
2012-12-05,121769.07673150083,TECL,113747.75630083225,0.0,1.1109498739242554,False
2012-12-06,124094.40430489094,TECL,113747.75630083225,0.0,1.1109498739242554,False
2012-12-07,122208.33254338393,TECL,113747.75630083225,0.0,1.1109498739242554,False
2012-12-10,123241.80543831766,TECL,113747.75630083225,0.0,1.1109498739242554,False
2012-12-11,128202.42380680054,TECL,113747.75630083225,0.0,1.1109498739242554,False
2012-12-12,127349.83850001649,TECL,113747.75630083225,0.0,1.1109498739242554,False
2012-12-13,124740.33842401372,TECL,113747.75630083225,0.0,1.1109498739242554,False
2012-12-14,121071.43913609507,TECL,113747.75630083225,0.0,1.1109498739242554,False
2012-12-17,125489.59813696715,TECL,113747.75630083225,0.0,1.1109498739242554,False
2012-12-18,130863.64091887548,TECL,113747.75630083225,0.0,1.1109498739242554,False
2012-12-19,129055.04979295224,TECL,113747.75630083225,0.0,1.1109498739242554,False
2012-12-20,129726.82887032192,TECL,113747.75630083225,0.0,1.1109498739242554,False
2012-12-21,126445.52259737105,TECL,113747.75630083225,0.0,1.1109498739242554,False
2012-12-24,125024.57872557247,TECL,113747.75630083225,0.0,1.1109498739242554,False
2012-12-26,123112.59420687251,TECL,113747.75630083225,0.0,1.1109498739242554,False
2012-12-27,122621.66203828488,TECL,113747.75630083225,0.0,1.1109498739242554,False
2012-12-28,118642.84020803121,TECL,113747.75630083225,0.0,1.1109498739242554,False
2012-12-31,125902.99543081418,TECL,113747.75630083225,0.0,1.1109498739242554,False
2013-01-02,137193.689519923,TQQQ,244800.68540722912,0.0,0.5604301691055298,False
2013-01-03,135206.2726471488,TQQQ,244800.68540722912,0.0,0.5604301691055298,False
2013-01-04,133873.17155213637,TQQQ,244800.68540722912,0.0,0.5604301691055298,False
2013-01-07,134018.60261957053,TQQQ,244800.68540722912,0.0,0.5604301691055298,False
2013-01-08,133242.77084606368,TQQQ,244800.68540722912,0.0,0.5604301691055298,False
2013-01-09,134600.35607182307,TQQQ,244800.68540722912,0.0,0.5604301691055298,False
2013-01-10,136975.66694446385,TQQQ,244800.68540722912,0.0,0.5604301691055298,False
2013-01-11,137484.61001982295,TQQQ,244800.68540722912,0.0,0.5604301691055298,False
2013-01-14,135715.14276621846,TQQQ,244800.68540722912,0.0,0.5604301691055298,False
2013-01-15,133703.30012772893,TQQQ,244800.68540722912,0.0,0.5604301691055298,False
2013-01-16,135206.2726471488,TQQQ,244800.68540722912,0.0,0.5604301691055298,False
2013-01-17,137290.73597617913,TQQQ,244800.68540722912,0.0,0.5604301691055298,False
2013-01-18,136515.19602783016,TQQQ,244800.68540722912,0.0,0.5604301691055298,False
2013-01-22,137072.69880946208,TQQQ,244800.68540722912,0.0,0.5604301691055298,False
2013-01-23,139302.66616221602,TQQQ,244800.68540722912,0.0,0.5604301691055298,False
2013-01-24,133751.90360777543,TQQQ,244800.68540722912,0.0,0.5604301691055298,False
2013-01-25,135739.3642543233,TQQQ,244800.68540722912,0.0,0.5604301691055298,False
2013-01-28,136709.0117064424,TQQQ,244800.68540722912,0.0,0.5604301691055298,False
2013-01-29,136709.0117064424,TQQQ,244800.68540722912,0.0,0.5604301691055298,False
2013-01-30,135957.63488116665,TQQQ,244800.68540722912,0.0,0.5604301691055298,False
2013-01-31,135085.01929404578,TQQQ,244800.68540722912,0.0,0.5604301691055298,False
2013-02-01,139520.6887376752,TECL,116999.11316910107,0.0,1.1924935579299927,False
2013-02-04,133753.87899726117,TECL,116999.11316910107,0.0,1.1924935579299927,False
2013-02-05,138856.30523616812,TECL,116999.11316910107,0.0,1.1924935579299927,False
2013-02-06,138351.38214345145,TECL,116999.11316910107,0.0,1.1924935579299927,False
2013-02-07,138404.56350781058,TECL,116999.11316910107,0.0,1.1924935579299927,False
2013-02-08,141885.94142413625,TECL,116999.11316910107,0.0,1.1924935579299927,False
2013-02-11,142337.66920511267,TECL,116999.11316910107,0.0,1.1924935579299927,False
2013-02-12,141194.93237199675,TECL,116999.11316910107,0.0,1.1924935579299927,False
2013-02-13,141062.05567169533,TECL,116999.11316910107,0.0,1.1924935579299927,False
2013-02-14,140078.76529998865,TECL,116999.11316910107,0.0,1.1924935579299927,False
2013-02-15,139706.74680233572,TECL,116999.11316910107,0.0,1.1924935579299927,False
2013-02-19,142390.8366220906,TECL,116999.11316910107,0.0,1.1924935579299927,False
2013-02-20,136517.6920477207,TECL,116999.11316910107,0.0,1.1924935579299927,False
2013-02-21,133302.08147937898,TECL,116999.11316910107,0.0,1.1924935579299927,False
2013-02-22,138138.78221244543,TECL,116999.11316910107,0.0,1.1924935579299927,False
2013-02-25,132212.45627371638,TECL,116999.11316910107,0.0,1.1924935579299927,False
2013-02-26,134657.40429611976,TECL,116999.11316910107,0.0,1.1924935579299927,False
2013-02-27,138112.19850395646,TECL,116999.11316910107,0.0,1.1924935579299927,False
2013-02-28,137128.90813224978,TECL,116999.11316910107,0.0,1.1924935579299927,False
2013-03-01,137713.58235043337,SHY,2019.1248381567887,0.0,68.20459029970075,False
2013-03-04,137697.2058147694,SHY,2019.1248381567887,0.0,68.20459029970075,False
2013-03-05,137681.00019171674,SHY,2019.1248381567887,0.0,68.20459029970075,False
2013-03-06,137664.60811854264,SHY,2019.1248381567887,0.0,68.20459029970075,False
2013-03-07,137632.02595982602,SHY,2019.1248381567887,0.0,68.20459029970075,False
2013-03-08,137648.40249548992,SHY,2019.1248381567887,0.0,68.20459029970075,False
2013-03-11,137632.02595982602,SHY,2019.1248381567887,0.0,68.20459029970075,False
2013-03-12,137664.60811854264,SHY,2019.1248381567887,0.0,68.20459029970075,False
2013-03-13,137632.02595982602,SHY,2019.1248381567887,0.0,68.20459029970075,False
2013-03-14,137632.02595982602,SHY,2019.1248381567887,0.0,68.20459029970075,False
2013-03-15,137681.00019171674,SHY,2019.1248381567887,0.0,68.20459029970075,False
2013-03-18,137713.58235043337,SHY,2019.1248381567887,0.0,68.20459029970075,False
2013-03-19,137697.2058147694,SHY,2019.1248381567887,0.0,68.20459029970075,False
2013-03-20,137681.00019171674,SHY,2019.1248381567887,0.0,68.20459029970075,False
2013-03-21,137697.2058147694,SHY,2019.1248381567887,0.0,68.20459029970075,False
2013-03-22,137664.60811854264,SHY,2019.1248381567887,0.0,68.20459029970075,False
2013-03-25,137664.60811854264,SHY,2019.1248381567887,0.0,68.20459029970075,False
2013-03-26,137681.00019171674,SHY,2019.1248381567887,0.0,68.20459029970075,False
2013-03-27,137713.58235043337,SHY,2019.1248381567887,0.0,68.20459029970075,False
2013-03-28,137729.92781107707,SHY,2019.1248381567887,0.0,68.20459029970075,False
2013-04-01,137742.87055700505,SHY,2019.1248381567887,0.0,68.21268561918512,False
2013-04-02,137742.87055700505,SHY,2019.1248381567887,0.0,68.21268561918512,False
2013-04-03,137726.61832142202,SHY,2019.1248381567887,0.0,68.21268561918512,False
2013-04-04,137775.5614782925,SHY,2019.1248381567887,0.0,68.21268561918512,False
2013-04-05,137775.5614782925,SHY,2019.1248381567887,0.0,68.21268561918512,False
2013-04-08,137742.87055700505,SHY,2019.1248381567887,0.0,68.21268561918512,False
2013-04-09,137742.87055700505,SHY,2019.1248381567887,0.0,68.21268561918512,False
2013-04-10,137742.87055700505,SHY,2019.1248381567887,0.0,68.21268561918512,False
2013-04-11,137742.87055700505,SHY,2019.1248381567887,0.0,68.21268561918512,False
2013-04-12,137759.23155515888,SHY,2019.1248381567887,0.0,68.21268561918512,False
2013-04-15,137775.5614782925,SHY,2019.1248381567887,0.0,68.21268561918512,False
2013-04-16,137775.5614782925,SHY,2019.1248381567887,0.0,68.21268561918512,False
2013-04-17,137775.5614782925,SHY,2019.1248381567887,0.0,68.21268561918512,False
2013-04-18,137775.5614782925,SHY,2019.1248381567887,0.0,68.21268561918512,False
2013-04-19,137775.5614782925,SHY,2019.1248381567887,0.0,68.21268561918512,False
2013-04-22,137791.90693893627,SHY,2019.1248381567887,0.0,68.21268561918512,False
2013-04-23,137775.5614782925,SHY,2019.1248381567887,0.0,68.21268561918512,False
2013-04-24,137791.90693893627,SHY,2019.1248381567887,0.0,68.21268561918512,False
2013-04-25,137775.5614782925,SHY,2019.1248381567887,0.0,68.21268561918512,False
2013-04-26,137808.14363700914,SHY,2019.1248381567887,0.0,68.21268561918512,False
2013-04-29,137840.67918319546,SHY,2019.1248381567887,0.0,68.21268561918512,False
2013-04-30,137824.33372255173,SHY,2019.1248381567887,0.0,68.21268561918512,False
2013-05-01,137852.0992531319,TECL,107188.12814513977,0.0,1.2860761880874634,False
2013-05-02,142697.1293808281,TECL,107188.12814513977,0.0,1.2860761880874634,False
2013-05-03,146690.01943023346,TECL,107188.12814513977,0.0,1.2860761880874634,False
2013-05-06,148759.51525533182,TECL,107188.12814513977,0.0,1.2860761880874634,False
2013-05-07,148394.28680899454,TECL,107188.12814513977,0.0,1.2860761880874634,False
2013-05-08,151754.16362565494,TECL,107188.12814513977,0.0,1.2860761880874634,False
2013-05-09,150536.82065666802,TECL,107188.12814513977,0.0,1.2860761880874634,False
2013-05-10,152362.8223323278,TECL,107188.12814513977,0.0,1.2860761880874634,False
2013-05-13,151072.42856294516,TECL,107188.12814513977,0.0,1.2860761880874634,False
2013-05-14,152460.214880975,TECL,107188.12814513977,0.0,1.2860761880874634,False
2013-05-15,153628.87435345893,TECL,107188.12814513977,0.0,1.2860761880874634,False
2013-05-16,156087.91481750488,TECL,107188.12814513977,0.0,1.2860761880874634,False
2013-05-17,160932.93216738047,TECL,107188.12814513977,0.0,1.2860761880874634,False
2013-05-20,160762.50159615817,TECL,107188.12814513977,0.0,1.2860761880874634,False
2013-05-21,159545.17140499185,TECL,107188.12814513977,0.0,1.2860761880874634,False
2013-05-22,154383.62188310258,TECL,107188.12814513977,0.0,1.2860761880874634,False
2013-05-23,154334.92560877898,TECL,107188.12814513977,0.0,1.2860761880874634,False
2013-05-24,153361.03845576884,TECL,107188.12814513977,0.0,1.2860761880874634,False
2013-05-28,155771.36986767058,TECL,107188.12814513977,0.0,1.2860761880874634,False
2013-05-29,154334.92560877898,TECL,107188.12814513977,0.0,1.2860761880874634,False
2013-05-30,156769.62432457344,TECL,107188.12814513977,0.0,1.2860761880874634,False
2013-05-31,152606.27814830458,TECL,107188.12814513977,0.0,1.2860761880874634,False
2013-06-03,154894.88804112823,TECL,107188.12814513977,0.0,1.4237236976623535,False
2013-06-04,152971.48103900065,TECL,107188.12814513977,0.0,1.4237236976623535,False
2013-06-05,148516.03388371383,TECL,107188.12814513977,0.0,1.4237236976623535,False
2013-06-06,150098.57974339684,TECL,107188.12814513977,0.0,1.4237236976623535,False
2013-06-07,153774.9376207885,TECL,107188.12814513977,0.0,1.4237236976623535,False
2013-06-10,154481.01443174976,TECL,107188.12814513977,0.0,1.4237236976623535,False
2013-06-11,149976.78155739512,TECL,107188.12814513977,0.0,1.4237236976623535,False
2013-06-12,146543.89227380086,TECL,107188.12814513977,0.0,1.4237236976623535,False
2013-06-13,151608.07480268413,TECL,107188.12814513977,0.0,1.4237236976623535,False
2013-06-14,148613.40087671982,TECL,107188.12814513977,0.0,1.4237236976623535,False
2013-06-17,152581.96195569428,TECL,107188.12814513977,0.0,1.4237236976623535,False
2013-06-18,156014.85123928858,TECL,107188.12814513977,0.0,1.4237236976623535,False
2013-06-19,150634.2004274946,TECL,107188.12814513977,0.0,1.4237236976623535,False
2013-06-20,140397.77589644023,CASH,0.0,140397.77589644023,,False
2013-06-21,140397.77589644023,CASH,0.0,140397.77589644023,,False
2013-06-24,140397.77589644023,CASH,0.0,140397.77589644023,,False
2013-06-25,140397.77589644023,CASH,0.0,140397.77589644023,,False
2013-06-26,140397.77589644023,CASH,0.0,140397.77589644023,,False
2013-06-27,140397.77589644023,CASH,0.0,140397.77589644023,,False
2013-06-28,140397.77589644023,CASH,0.0,140397.77589644023,,False
2013-07-01,140397.77589644023,TECL,106680.49644902418,0.0,1.3160585165023804,False
2013-07-02,141633.6055601254,TECL,106680.49644902418,0.0,1.3160585165023804,False
2013-07-03,143693.27503614468,TECL,106680.49644902418,0.0,1.3160585165023804,False
2013-07-05,146576.8351937228,TECL,106680.49644902418,0.0,1.3160585165023804,False
2013-07-08,146067.990338424,TECL,106680.49644902418,0.0,1.3160585165023804,False
2013-07-09,147812.67757471418,TECL,106680.49644902418,0.0,1.3160585165023804,False
2013-07-10,149072.7209893863,TECL,106680.49644902418,0.0,1.3160585165023804,False
2013-07-11,156851.04512666937,TECL,106680.49644902418,0.0,1.3160585165023804,False
2013-07-12,156899.52349786798,TECL,106680.49644902418,0.0,1.3160585165023804,False
2013-07-15,157917.25136038417,TECL,106680.49644902418,0.0,1.3160585165023804,False
2013-07-16,158547.22855714854,TECL,106680.49644902418,0.0,1.3160585165023804,False
2013-07-17,159007.6586277797,TECL,106680.49644902418,0.0,1.3160585165023804,False
2013-07-18,157674.92309092204,TECL,106680.49644902418,0.0,1.3160585165023804,False
2013-07-19,149823.8941141472,TECL,106680.49644902418,0.0,1.3160585165023804,False
2013-07-22,151302.01389537595,TECL,106680.49644902418,0.0,1.3160585165023804,False
2013-07-23,149363.50219543464,TECL,106680.49644902418,0.0,1.3160585165023804,False
2013-07-24,152174.35751352104,TECL,106680.49644902418,0.0,1.3160585165023804,False
2013-07-25,152247.0242010942,TECL,106680.49644902418,0.0,1.3160585165023804,False
2013-07-26,153022.46194606682,TECL,106680.49644902418,0.0,1.3160585165023804,False
2013-07-29,152804.38557951018,TECL,106680.49644902418,0.0,1.3160585165023804,False
2013-07-30,154960.97364600812,TECL,106680.49644902418,0.0,1.3160585165023804,False
2013-07-31,153700.96838325457,TECL,106680.49644902418,0.0,1.3160585165023804,False
2013-08-01,158523.0148061616,TECL,106680.49644902418,0.0,1.4407597780227661,False
2013-08-02,160364.63335023663,TECL,106680.49644902418,0.0,1.4407597780227661,False
2013-08-05,161648.89051589568,TECL,106680.49644902418,0.0,1.4407597780227661,False
2013-08-06,159249.98689724182,TECL,106680.49644902418,0.0,1.4407597780227661,False
2013-08-07,157820.3200525993,TECL,106680.49644902418,0.0,1.4407597780227661,False
2013-08-08,159540.7426686778,TECL,106680.49644902418,0.0,1.4407597780227661,False
2013-08-09,156947.9764344542,TECL,106680.49644902418,0.0,1.4407597780227661,False
2013-08-12,160001.14730469655,TECL,106680.49644902418,0.0,1.4407597780227661,False
2013-08-13,163151.2749173361,TECL,106680.49644902418,0.0,1.4407597780227661,False
2013-08-14,163054.30545763267,TECL,106680.49644902418,0.0,1.4407597780227661,False
2013-08-15,154912.54614403425,TECL,106680.49644902418,0.0,1.4407597780227661,False
2013-08-16,154524.82091289485,TECL,106680.49644902418,0.0,1.4407597780227661,False
2013-08-19,153240.5637472358,TECL,106680.49644902418,0.0,1.4407597780227661,False
2013-08-20,153894.7801295995,TECL,106680.49644902418,0.0,1.4407597780227661,False
2013-08-21,152416.6603483708,TECL,106680.49644902418,0.0,1.4407597780227661,False
2013-08-22,154718.67081115837,TECL,106680.49644902418,0.0,1.4407597780227661,False
2013-08-23,158135.32772694077,TECL,106680.49644902418,0.0,1.4407597780227661,False
2013-08-26,156002.9406941236,TECL,106680.49644902418,0.0,1.4407597780227661,False
2013-08-27,147618.82767645066,TECL,106680.49644902418,0.0,1.4407597780227661,False
2013-08-28,148006.5147556715,TECL,106680.49644902418,0.0,1.4407597780227661,False
2013-08-29,150284.29875016597,TECL,106680.49644902418,0.0,1.4407597780227661,False
2013-08-30,148248.81759052124,TECL,106680.49644902418,0.0,1.4407597780227661,False
2013-09-03,148491.15857728955,TECL,106680.49644902418,0.0,1.3896524906158447,False
2013-09-04,152683.21508612603,TECL,106680.49644902418,0.0,1.3896524906158447,False
2013-09-05,152755.90720831158,TECL,106680.49644902418,0.0,1.3896524906158447,False
2013-09-06,153385.9225569945,TECL,106680.49644902418,0.0,1.3896524906158447,False
2013-09-09,158595.70692834715,TECL,106680.49644902418,0.0,1.3896524906158447,False
2013-09-10,161770.073726586,TECL,106680.49644902418,0.0,1.3896524906158447,False
2013-09-11,159734.6052842475,TECL,106680.49644902418,0.0,1.3896524906158447,False
2013-09-12,160243.47557415866,TECL,106680.49644902418,0.0,1.3896524906158447,False
2013-09-13,160388.83438391736,TECL,106680.49644902418,0.0,1.3896524906158447,False
2013-09-16,159298.45255113422,TECL,106680.49644902418,0.0,1.3896524906158447,False
2013-09-17,162133.50890290135,TECL,106680.49644902418,0.0,1.3896524906158447,False
2013-09-18,167997.58596045483,TECL,106680.49644902418,0.0,1.3896524906158447,False
2013-09-19,168773.01098812124,TECL,106680.49644902418,0.0,1.3896524906158447,False
2013-09-20,165017.10721239806,TECL,106680.49644902418,0.0,1.3896524906158447,False
2013-09-23,166034.82235760803,TECL,106680.49644902418,0.0,1.3896524906158447,False
2013-09-24,164871.71025072076,TECL,106680.49644902418,0.0,1.3896524906158447,False
2013-09-25,163272.4072588017,TECL,106680.49644902418,0.0,1.3896524906158447,False
2013-09-26,165162.49145676914,TECL,106680.49644902418,0.0,1.3896524906158447,False
2013-09-27,161794.28747757294,TECL,106680.49644902418,0.0,1.3896524906158447,False
2013-09-30,159419.5848925998,TECL,106680.49644902418,0.0,1.3896524906158447,False
2013-10-01,163466.244439759,TECL,106680.49644902418,0.0,1.494364857673645,False
2013-10-02,163611.6414014363,TECL,106680.49644902418,0.0,1.494364857673645,False
2013-10-03,159177.25662313768,TECL,106680.49644902418,0.0,1.494364857673645,False
2013-10-04,161479.29252053765,TECL,106680.49644902418,0.0,1.494364857673645,False
2013-10-07,158741.11660733062,TECL,106680.49644902418,0.0,1.494364857673645,False
2013-10-08,151035.47187492688,TECL,106680.49644902418,0.0,1.494364857673645,False
2013-10-09,153313.25586942135,TECL,106680.49644902418,0.0,1.494364857673645,False
2013-10-10,160703.84205825886,TECL,106680.49644902418,0.0,1.494364857673645,False
2013-10-11,164483.99773688757,TECL,106680.49644902418,0.0,1.494364857673645,False
2013-10-14,166834.46113626138,TECL,106680.49644902418,0.0,1.494364857673645,False
2013-10-15,163902.4607594032,TECL,106680.49644902418,0.0,1.494364857673645,False
2013-10-16,168288.354449197,TECL,106680.49644902418,0.0,1.494364857673645,False
2013-10-17,168385.28575698184,TECL,106680.49644902418,0.0,1.494364857673645,False
2013-10-18,176890.55655073276,TECL,106680.49644902418,0.0,1.494364857673645,False
2013-10-21,179992.20579217369,TECL,106680.49644902418,0.0,1.494364857673645,False
2013-10-22,179628.77061585835,TECL,106680.49644902418,0.0,1.494364857673645,False
2013-10-23,177060.19269800934,TECL,106680.49644902418,0.0,1.494364857673645,False
2013-10-24,178295.98420977595,TECL,106680.49644902418,0.0,1.494364857673645,False
2013-10-25,181131.07871346164,TECL,106680.49644902418,0.0,1.494364857673645,False
2013-10-28,182827.32573047176,TECL,106680.49644902418,0.0,1.494364857673645,False
2013-10-29,186195.466123137,TECL,106680.49644902418,0.0,1.494364857673645,False
2013-10-30,184838.49140068004,TECL,106680.49644902418,0.0,1.494364857673645,False
2013-10-31,183505.81945035333,TECL,106680.49644902418,0.0,1.494364857673645,False
2013-11-01,183917.73299786728,TECL,106680.49644902418,0.0,1.7201440334320068,False
2013-11-04,185589.71539466572,TECL,106680.49644902418,0.0,1.7201440334320068,False
2013-11-05,184208.52692122184,TECL,106680.49644902418,0.0,1.7201440334320068,False
2013-11-06,189418.2858579621,TECL,106680.49644902418,0.0,1.7201440334320068,False
2013-11-07,182076.13988840464,TECL,106680.49644902418,0.0,1.7201440334320068,False
2013-11-08,187213.20670295937,TECL,106680.49644902418,0.0,1.7201440334320068,False
2013-11-11,187479.76144071462,TECL,106680.49644902418,0.0,1.7201440334320068,False
2013-11-12,189248.6751452979,TECL,106680.49644902418,0.0,1.7201440334320068,False
2013-11-13,194070.79787204208,TECL,106680.49644902418,0.0,1.7201440334320068,False
2013-11-14,192398.80275793746,TECL,106680.49644902418,0.0,1.7201440334320068,False
2013-11-15,194288.8615212925,TECL,106680.49644902418,0.0,1.7201440334320068,False
2013-11-18,191114.50744035986,TECL,106680.49644902418,0.0,1.7201440334320068,False
2013-11-19,189660.6268447304,TECL,106680.49644902418,0.0,1.7201440334320068,False
2013-11-20,187334.3899136497,TECL,106680.49644902418,0.0,1.7201440334320068,False
2013-11-21,192253.38036164778,TECL,106680.49644902418,0.0,1.7201440334320068,False
2013-11-22,191308.33190401096,TECL,106680.49644902418,0.0,1.7201440334320068,False
2013-11-25,190799.52520063074,TECL,106680.49644902418,0.0,1.7201440334320068,False
2013-11-26,193271.13365877635,TECL,106680.49644902418,0.0,1.7201440334320068,False
2013-11-27,197705.48028515637,TECL,106680.49644902418,0.0,1.7201440334320068,False
2013-11-29,200516.34832054895,TECL,106680.49644902418,0.0,1.7201440334320068,False
2013-12-02,197414.73723102658,TECL,106680.49644902418,0.0,1.8795970678329468,False
2013-12-03,199765.22606501277,TECL,106680.49644902418,0.0,1.8795970678329468,False
2013-12-04,200177.12689522054,TECL,106680.49644902418,0.0,1.8795970678329468,False
2013-12-05,198165.85948656275,TECL,106680.49644902418,0.0,1.8795970678329468,False
2013-12-06,202721.44019285787,TECL,106680.49644902418,0.0,1.8795970678329468,False
2013-12-09,204587.25977061363,TECL,106680.49644902418,0.0,1.8795970678329468,False
2013-12-10,203012.2468335186,TECL,106680.49644902418,0.0,1.8795970678329468,False
2013-12-11,197899.35561803225,TECL,106680.49644902418,0.0,1.8795970678329468,False
2013-12-12,193222.65528757774,TECL,106680.49644902418,0.0,1.8795970678329468,False
2013-12-13,191986.86377581113,TECL,106680.49644902418,0.0,1.8795970678329468,False
2013-12-16,197099.7295566851,TECL,106680.49644902418,0.0,1.8795970678329468,False
2013-12-17,196493.95339360143,TECL,106680.49644902418,0.0,1.8795970678329468,False
2013-12-18,201849.0711401004,TECL,106680.49644902418,0.0,1.8795970678329468,False
2013-12-19,202697.18828995238,TECL,106680.49644902418,0.0,1.8795970678329468,False
2013-12-20,207010.4280094792,TECL,106680.49644902418,0.0,1.8795970678329468,False
2013-12-23,215321.92520880373,TECL,106680.49644902418,0.0,1.8795970678329468,False
2013-12-24,218060.03753547982,TECL,106680.49644902418,0.0,1.8795970678329468,False
2013-12-26,219368.5720386567,TECL,106680.49644902418,0.0,1.8795970678329468,False
2013-12-27,218326.56683862268,TECL,106680.49644902418,0.0,1.8795970678329468,False
2013-12-30,217260.32245298932,TECL,106680.49644902418,0.0,1.8795970678329468,False
2013-12-31,221234.40433371867,TECL,106680.49644902418,0.0,1.8795970678329468,False
2014-01-02,214449.56887335243,TQQQ,178682.22875823223,0.0,1.2001729011535645,False
2014-01-03,209778.79865261065,TQQQ,178682.22875823223,0.0,1.2001729011535645,False
2014-01-06,207549.56499037234,TQQQ,178682.22875823223,0.0,1.2001729011535645,False
2014-01-07,212928.11093471196,TQQQ,178682.22875823223,0.0,1.2001729011535645,False
2014-01-08,214520.39330699164,TQQQ,178682.22875823223,0.0,1.2001729011535645,False
2014-01-09,212308.81782685465,TQQQ,178682.22875823223,0.0,1.2001729011535645,False
2014-01-10,214431.91069125113,TQQQ,178682.22875823223,0.0,1.2001729011535645,False
2014-01-13,204895.68293444059,TQQQ,178682.22875823223,0.0,1.2001729011535645,False
2014-01-14,216625.7853881237,TQQQ,178682.22875823223,0.0,1.2001729011535645,False
2014-01-15,221685.75983486706,TQQQ,178682.22875823223,0.0,1.2001729011535645,False
2014-01-16,222145.85239625242,TQQQ,178682.22875823223,0.0,1.2001729011535645,False
2014-01-17,218200.47348004667,TQQQ,178682.22875823223,0.0,1.2001729011535645,False
2014-01-21,223083.58919821677,TQQQ,178682.22875823223,0.0,1.2001729011535645,False
2014-01-22,225153.45190933073,TQQQ,178682.22875823223,0.0,1.2001729011535645,False
2014-01-23,222446.595307095,TQQQ,178682.22875823223,0.0,1.2001729011535645,False
2014-01-24,209265.5824408505,TQQQ,178682.22875823223,0.0,1.2001729011535645,False
2014-01-27,203179.5163798916,TQQQ,178682.22875823223,0.0,1.2001729011535645,False
2014-01-28,203108.67064567088,TQQQ,178682.22875823223,0.0,1.2001729011535645,False
2014-01-29,197293.60336348423,CASH,0.0,197293.60336348423,,False
2014-01-30,197293.60336348423,CASH,0.0,197293.60336348423,,False
2014-01-31,197293.60336348423,CASH,0.0,197293.60336348423,,False
2014-02-03,197293.60336348423,TECL,111115.88016806377,0.0,1.7755662202835083,False
2014-02-04,200549.42827290774,TECL,111115.88016806377,0.0,1.7755662202835083,False
2014-02-05,200347.51880695083,TECL,111115.88016806377,0.0,1.7755662202835083,False
2014-02-06,207212.57310993684,TECL,111115.88016806377,0.0,1.7755662202835083,False
2014-02-07,215920.03307646752,TECL,111115.88016806377,0.0,1.7755662202835083,False
2014-02-10,217863.4000960132,TECL,111115.88016806377,0.0,1.7755662202835083,False
2014-02-11,225359.39002075733,TECL,111115.88016806377,0.0,1.7755662202835083,False
2014-02-12,227504.8254588015,TECL,111115.88016806377,0.0,1.7755662202835083,False
2014-02-13,233612.6033615542,TECL,111115.88016806377,0.0,1.7755662202835083,False
2014-02-14,234193.01856717642,TECL,111115.88016806377,0.0,1.7755662202835083,False
2014-02-18,234899.77455127382,TECL,111115.88016806377,0.0,1.7755662202835083,False
2014-02-19,231770.21094405468,TECL,111115.88016806377,0.0,1.7755662202835083,False
2014-02-20,234975.48894525203,TECL,111115.88016806377,0.0,1.7755662202835083,False
2014-02-21,232199.17086963024,TECL,111115.88016806377,0.0,1.7755662202835083,False
2014-02-24,234723.12529338486,TECL,111115.88016806377,0.0,1.7755662202835083,False
2014-02-25,232527.32839174639,TECL,111115.88016806377,0.0,1.7755662202835083,False
2014-02-26,232754.49806577121,TECL,111115.88016806377,0.0,1.7755662202835083,False
2014-02-27,238231.3403467658,TECL,111115.88016806377,0.0,1.7755662202835083,False
2014-02-28,237120.87139911568,TECL,111115.88016806377,0.0,1.7755662202835083,False
2014-03-03,231416.77996782545,TECL,111115.88016806377,0.0,2.1339962482452393,False
2014-03-04,241310.54249039062,TECL,111115.88016806377,0.0,2.1339962482452393,False
2014-03-05,242370.5440060854,TECL,111115.88016806377,0.0,2.1339962482452393,False
2014-03-06,242446.25840006358,TECL,111115.88016806377,0.0,2.1339962482452393,False
2014-03-07,240856.17665025065,TECL,111115.88016806377,0.0,2.1339962482452393,False
2014-03-10,239367.13573270955,TECL,111115.88016806377,0.0,2.1339962482452393,False
2014-03-11,237852.79486896508,TECL,111115.88016806377,0.0,2.1339962482452393,False
2014-03-12,239266.14788461826,TECL,111115.88016806377,0.0,2.1339962482452393,False
2014-03-13,229170.51563423156,TECL,111115.88016806377,0.0,2.1339962482452393,False
2014-03-14,225207.9877248912,TECL,111115.88016806377,0.0,2.1339962482452393,False
2014-03-17,232779.66555152324,TECL,111115.88016806377,0.0,2.1339962482452393,False
2014-03-18,242269.58265008437,TECL,111115.88016806377,0.0,2.1339962482452393,False
2014-03-19,238736.1206346806,TECL,111115.88016806377,0.0,2.1339962482452393,False
2014-03-20,244818.75754377156,TECL,111115.88016806377,0.0,2.1339962482452393,False
2014-03-21,241386.2039001883,TECL,111115.88016806377,0.0,2.1339962482452393,False
2014-03-24,240199.99406646972,TECL,111115.88016806377,0.0,2.1339962482452393,False
2014-03-25,244616.91430804032,TECL,111115.88016806377,0.0,2.1339962482452393,False
2014-03-26,236414.14190710854,TECL,111115.88016806377,0.0,2.1339962482452393,False
2014-03-27,232931.14732366017,TECL,111115.88016806377,0.0,2.1339962482452393,False
2014-03-28,235253.1525433225,TECL,111115.88016806377,0.0,2.1339962482452393,False
2014-03-31,241184.28118818626,TECL,111115.88016806377,0.0,2.1339962482452393,False
2014-04-01,249588.89682484927,TQQQ,194557.96298657233,0.0,1.2828510999679565,False
2014-04-02,251553.88723781306,TQQQ,194557.96298657233,0.0,1.2828510999679565,False
2014-04-03,245620.5081979247,TQQQ,194557.96298657233,0.0,1.2828510999679565,False
2014-04-04,229621.78507886137,CASH,0.0,229621.78507886137,,False
2014-04-07,229621.78507886137,CASH,0.0,229621.78507886137,,False
2014-04-08,229621.78507886137,CASH,0.0,229621.78507886137,,False
2014-04-09,229621.78507886137,CASH,0.0,229621.78507886137,,False
2014-04-10,229621.78507886137,CASH,0.0,229621.78507886137,,False
2014-04-11,229621.78507886137,CASH,0.0,229621.78507886137,,False
2014-04-14,229621.78507886137,CASH,0.0,229621.78507886137,,False
2014-04-15,229621.78507886137,CASH,0.0,229621.78507886137,,False
2014-04-16,229621.78507886137,CASH,0.0,229621.78507886137,,False
2014-04-17,229621.78507886137,CASH,0.0,229621.78507886137,,False
2014-04-21,229621.78507886137,CASH,0.0,229621.78507886137,,False
2014-04-22,229621.78507886137,CASH,0.0,229621.78507886137,,False
2014-04-23,229621.78507886137,CASH,0.0,229621.78507886137,,False
2014-04-24,229621.78507886137,CASH,0.0,229621.78507886137,,False
2014-04-25,229621.78507886137,CASH,0.0,229621.78507886137,,False
2014-04-28,229621.78507886137,CASH,0.0,229621.78507886137,,False
2014-04-29,229621.78507886137,CASH,0.0,229621.78507886137,,False
2014-04-30,229621.78507886137,CASH,0.0,229621.78507886137,,False
2014-05-01,229621.7850788614,TQQQ,190898.58005826015,0.0,1.2028470039367676,False
2014-05-02,228487.6047319524,TQQQ,190898.58005826015,0.0,1.2028470039367676,False
2014-05-05,231738.67595207653,TQQQ,190898.58005826015,0.0,1.2028470039367676,False
2014-05-06,222779.04035421362,TQQQ,190898.58005826015,0.0,1.2028470039367676,False
2014-05-07,220775.615305146,TQQQ,190898.58005826015,0.0,1.2028470039367676,False
2014-05-08,220019.49507387332,TQQQ,190898.58005826015,0.0,1.2028470039367676,False
2014-05-09,222590.22648679445,TQQQ,190898.58005826015,0.0,1.2028470039367676,False
2014-05-12,233439.88958022976,TQQQ,190898.58005826015,0.0,1.2028470039367676,False
2014-05-13,233931.41552001363,TQQQ,190898.58005826015,0.0,1.2028470039367676,False
2014-05-14,230453.38989471033,TQQQ,190898.58005826015,0.0,1.2028470039367676,False
2014-05-15,225123.02217391253,TQQQ,190898.58005826015,0.0,1.2028470039367676,False
2014-05-16,229319.30057533775,TQQQ,190898.58005826015,0.0,1.2028470039367676,False
2014-05-19,234233.71796846442,TQQQ,190898.58005826015,0.0,1.2028470039367676,False
2014-05-20,231663.16861061615,TQQQ,190898.58005826015,0.0,1.2028470039367676,False
2014-05-21,238203.17850601513,TQQQ,190898.58005826015,0.0,1.2028470039367676,False
2014-05-22,241151.85625015205,TQQQ,190898.58005826015,0.0,1.2028470039367676,False
2014-05-23,246557.890610599,TQQQ,190898.58005826015,0.0,1.2028470039367676,False
2014-05-27,255819.8514137968,TQQQ,190898.58005826015,0.0,1.2028470039367676,False
2014-05-28,253400.38500952162,TQQQ,190898.58005826015,0.0,1.2028470039367676,False
2014-05-29,258541.80232159563,TQQQ,190898.58005826015,0.0,1.2028470039367676,False
2014-05-30,258314.98445772112,TQQQ,190898.58005826015,0.0,1.2028470039367676,False
2014-06-02,257672.23902305955,TECL,107181.77077764561,0.0,2.4040677547454834,False
2014-06-03,256308.87531968256,TECL,107181.77077764561,0.0,2.4040677547454834,False
2014-06-04,258013.0288406528,TECL,107181.77077764561,0.0,2.4040677547454834,False
2014-06-05,263125.59162006556,TECL,107181.77077764561,0.0,2.4040677547454834,False
2014-06-06,266460.89052546857,TECL,107181.77077764561,0.0,2.4040677547454834,False
2014-06-09,268676.3309893307,TECL,107181.77077764561,0.0,2.4040677547454834,False
2014-06-10,269163.2648506264,TECL,107181.77077764561,0.0,2.4040677547454834,False
2014-06-11,267629.4806843273,TECL,107181.77077764561,0.0,2.4040677547454834,False
2014-06-12,260715.30094930864,TECL,107181.77077764561,0.0,2.4040677547454834,False
2014-06-13,264854.0726685065,TECL,107181.77077764561,0.0,2.4040677547454834,False
2014-06-16,265608.81376498344,TECL,107181.77077764561,0.0,2.4040677547454834,False
2014-06-17,267020.8069691763,TECL,107181.77077764561,0.0,2.4040677547454834,False
2014-06-18,271208.23374331545,TECL,107181.77077764561,0.0,2.4040677547454834,False
2014-06-19,269650.1731577966,TECL,107181.77077764561,0.0,2.4040677547454834,False
2014-06-20,267970.29605604603,TECL,107181.77077764561,0.0,2.4040677547454834,False
2014-06-23,269406.6167877095,TECL,107181.77077764561,0.0,2.4040677547454834,False
2014-06-24,265535.72896606947,TECL,107181.77077764561,0.0,2.4040677547454834,False
2014-06-25,269625.82007620047,TECL,107181.77077764561,0.0,2.4040677547454834,False
2014-06-26,267848.58175631624,TECL,107181.77077764561,0.0,2.4040677547454834,False
2014-06-27,272279.386021664,TECL,107181.77077764561,0.0,2.4040677547454834,False
2014-06-30,273545.4140610328,TECL,107181.77077764561,0.0,2.4040677547454834,False
2014-07-01,281822.931945303,TECL,107181.77077764561,0.0,2.552163600921631,False
2014-07-02,282407.1248082304,TECL,107181.77077764561,0.0,2.552163600921631,False
2014-07-03,286058.93711200694,TECL,107181.77077764561,0.0,2.552163600921631,False
2014-07-07,286278.0892922469,TECL,107181.77077764561,0.0,2.552163600921631,False
2014-07-08,279023.1452937605,TECL,107181.77077764561,0.0,2.552163600921631,False
2014-07-09,282577.5963794035,TECL,107181.77077764561,0.0,2.552163600921631,False
2014-07-10,281335.94697575626,TECL,107181.77077764561,0.0,2.552163600921631,False
2014-07-11,284476.5489990175,TECL,107181.77077764561,0.0,2.552163600921631,False
2014-07-14,291293.2141911495,TECL,107181.77077764561,0.0,2.552163600921631,False
2014-07-15,290465.43940400955,TECL,107181.77077764561,0.0,2.552163600921631,False
2014-07-16,297477.0059112873,TECL,107181.77077764561,0.0,2.552163600921631,False
2014-07-17,285937.2739205281,TECL,107181.77077764561,0.0,2.552163600921631,False
2014-07-18,297087.48437637626,TECL,107181.77077764561,0.0,2.552163600921631,False
2014-07-21,295431.93480209634,TECL,107181.77077764561,0.0,2.552163600921631,False
2014-07-22,303076.4258896193,TECL,107181.77077764561,0.0,2.552163600921631,False
2014-07-23,304391.134538055,TECL,107181.77077764561,0.0,2.552163600921631,False
2014-07-24,302954.686035764,TECL,107181.77077764561,0.0,2.552163600921631,False
2014-07-25,301883.5593115409,TECL,107181.77077764561,0.0,2.552163600921631,False
2014-07-28,304074.5955855559,TECL,107181.77077764561,0.0,2.552163600921631,False
2014-07-29,302540.8369733823,TECL,107181.77077764561,0.0,2.552163600921631,False
2014-07-30,303441.5687888087,TECL,107181.77077764561,0.0,2.552163600921631,False
2014-07-31,285718.1217402882,TECL,107181.77077764561,0.0,2.552163600921631,False
2014-08-01,281165.50095870864,TQQQ,186367.54752265807,0.0,1.5086612701416016,False
2014-08-04,286923.925210389,TQQQ,186367.54752265807,0.0,1.5086612701416016,False
2014-08-05,280205.69323040923,TQQQ,186367.54752265807,0.0,1.5086612701416016,False
2014-08-06,279725.96710020304,TQQQ,186367.54752265807,0.0,1.5086612701416016,False
2014-08-07,277031.3205662995,TQQQ,186367.54752265807,0.0,1.5086612701416016,False
2014-08-08,282937.3306413004,TQQQ,186367.54752265807,0.0,1.5086612701416016,False
2014-08-11,288068.1763385389,TQQQ,186367.54752265807,0.0,1.5086612701416016,False
2014-08-12,287403.7624243099,TQQQ,186367.54752265807,0.0,1.5086612701416016,False
2014-08-13,296742.83691816154,TQQQ,186367.54752265807,0.0,1.5086612701416016,False
2014-08-14,301319.9525144757,TQQQ,186367.54752265807,0.0,1.5086612701416016,False
2014-08-15,305417.31976384064,TQQQ,186367.54752265807,0.0,1.5086612701416016,False
2014-08-18,312799.92122456356,TQQQ,186367.54752265807,0.0,1.5086612701416016,False
2014-08-19,318189.103208656,TQQQ,186367.54752265807,0.0,1.5086612701416016,False
2014-08-20,318189.103208656,TQQQ,186367.54752265807,0.0,1.5086612701416016,False
2014-08-21,319997.94598497835,TQQQ,186367.54752265807,0.0,1.5086612701416016,False
2014-08-22,321252.92535991874,TQQQ,186367.54752265807,0.0,1.5086612701416016,False
2014-08-25,324833.4645183752,TQQQ,186367.54752265807,0.0,1.5086612701416016,False
2014-08-26,325940.8580699951,TQQQ,186367.54752265807,0.0,1.5086612701416016,False
2014-08-27,325977.8267302398,TQQQ,186367.54752265807,0.0,1.5086612701416016,False
2014-08-28,324648.9989017818,TQQQ,186367.54752265807,0.0,1.5086612701416016,False
2014-08-29,328450.9501203335,TQQQ,186367.54752265807,0.0,1.5086612701416016,False
2014-09-02,331182.52088099584,TECL,112799.33620823036,0.0,2.93603253364563,False
2014-09-03,325827.71077874926,TECL,112799.33620823036,0.0,2.93603253364563,False
2014-09-04,324264.77060486644,TECL,112799.33620823036,0.0,2.93603253364563,False
2014-09-05,330234.5533989049,TECL,112799.33620823036,0.0,2.93603253364563,False
2014-09-08,331003.22220009426,TECL,112799.33620823036,0.0,2.93603253364563,False
2014-09-09,324239.11424644734,TECL,112799.33620823036,0.0,2.93603253364563,False
2014-09-10,331105.76695339824,TECL,112799.33620823036,0.0,2.93603253364563,False
2014-09-11,332591.76494548126,TECL,112799.33620823036,0.0,2.93603253364563,False
2014-09-12,327493.0343451913,TECL,112799.33620823036,0.0,2.93603253364563,False
2014-09-15,322061.36274151737,TECL,112799.33620823036,0.0,2.93603253364563,False
2014-09-16,329209.6706284716,TECL,112799.33620823036,0.0,2.93603253364563,False
2014-09-17,331285.0925277573,TECL,112799.33620823036,0.0,2.93603253364563,False
2014-09-18,337972.2314061469,TECL,112799.33620823036,0.0,2.93603253364563,False
2014-09-19,335768.7697558829,TECL,112799.33620823036,0.0,2.93603253364563,False
2014-09-22,328338.5915412656,TECL,112799.33620823036,0.0,2.93603253364563,False
2014-09-23,326160.73246250575,TECL,112799.33620823036,0.0,2.93603253364563,False
2014-09-24,332130.56904345914,TECL,112799.33620823036,0.0,2.93603253364563,False
2014-09-25,311531.0143244683,TECL,112799.33620823036,0.0,2.93603253364563,False
2014-09-26,320934.01589815243,TECL,112799.33620823036,0.0,2.93603253364563,False
2014-09-29,320293.5213152287,TECL,112799.33620823036,0.0,2.93603253364563,False
2014-09-30,323291.2005512713,TECL,112799.33620823036,0.0,2.93603253364563,False
2014-10-01,308251.38408039033,TQQQ,188941.82688198602,0.0,1.6314618587493896,False
2014-10-02,308101.6245247002,TQQQ,188941.82688198602,0.0,1.6314618587493896,False
2014-10-03,317382.4825367473,TQQQ,188941.82688198602,0.0,1.6314618587493896,False
2014-10-06,315212.0388512361,TQQQ,188941.82688198602,0.0,1.6314618587493896,False
2014-10-07,301889.4972488535,TQQQ,188941.82688198602,0.0,1.6314618587493896,False
2014-10-08,319328.4783395015,TQQQ,188941.82688198602,0.0,1.6314618587493896,False
2014-10-09,303423.8964023851,TQQQ,188941.82688198602,0.0,1.6314618587493896,False
2014-10-10,283591.2733539591,CASH,0.0,283591.2733539591,,False
2014-10-13,283591.2733539591,CASH,0.0,283591.2733539591,,False
2014-10-14,283591.2733539591,CASH,0.0,283591.2733539591,,False
2014-10-15,283591.2733539591,CASH,0.0,283591.2733539591,,False
2014-10-16,283591.2733539591,CASH,0.0,283591.2733539591,,False
2014-10-17,283591.2733539591,CASH,0.0,283591.2733539591,,False
2014-10-20,283591.2733539591,CASH,0.0,283591.2733539591,,False
2014-10-21,283591.2733539591,CASH,0.0,283591.2733539591,,False
2014-10-22,283591.2733539591,CASH,0.0,283591.2733539591,,False
2014-10-23,283591.2733539591,CASH,0.0,283591.2733539591,,False
2014-10-24,283591.2733539591,CASH,0.0,283591.2733539591,,False
2014-10-27,283591.2733539591,CASH,0.0,283591.2733539591,,False
2014-10-28,283591.2733539591,CASH,0.0,283591.2733539591,,False
2014-10-29,283591.2733539591,CASH,0.0,283591.2733539591,,False
2014-10-30,283591.2733539591,CASH,0.0,283591.2733539591,,False
2014-10-31,283591.2733539591,CASH,0.0,283591.2733539591,,False
2014-11-03,283591.2733539591,TECL,94456.16815711607,0.0,3.0023584365844727,False
2014-11-04,283870.207379436,TECL,94456.16815711607,0.0,3.0023584365844727,False
2014-11-05,285972.81954015617,TECL,94456.16815711607,0.0,3.0023584365844727,False
2014-11-06,285801.1487766966,TECL,94456.16815711607,0.0,3.0023584365844727,False
2014-11-07,286380.4109277799,TECL,94456.16815711607,0.0,3.0023584365844727,False
2014-11-10,288568.82469007175,TECL,94456.16815711607,0.0,3.0023584365844727,False
2014-11-11,288955.02197756607,TECL,94456.16815711607,0.0,3.0023584365844727,False
2014-11-12,292323.3991823648,TECL,94456.16815711607,0.0,3.0023584365844727,False
2014-11-13,296828.9741495169,TECL,94456.16815711607,0.0,3.0023584365844727,False
2014-11-14,303244.0063333786,TECL,94456.16815711607,0.0,3.0023584365844727,False
2014-11-17,301291.6483158832,TECL,94456.16815711607,0.0,3.0023584365844727,False
2014-11-18,304917.45284550247,TECL,94456.16815711607,0.0,3.0023584365844727,False
2014-11-19,298523.9048421918,TECL,94456.16815711607,0.0,3.0023584365844727,False
2014-11-20,303008.0181488983,TECL,94456.16815711607,0.0,3.0023584365844727,False
2014-11-21,304230.8598720856,TECL,94456.16815711607,0.0,3.0023584365844727,False
2014-11-24,309122.6096066266,TECL,94456.16815711607,0.0,3.0023584365844727,False
2014-11-25,310109.5307056498,TECL,94456.16815711607,0.0,3.0023584365844727,False
2014-11-26,317532.96816908574,TECL,94456.16815711607,0.0,3.0023584365844727,False
2014-11-28,322231.6305199323,TECL,94456.16815711607,0.0,3.0023584365844727,False
2014-12-01,311868.868899767,TECL,94456.16815711607,0.0,3.411440849304199,False
2014-12-02,311268.1901284488,TECL,94456.16815711607,0.0,3.411440849304199,False
2014-12-03,314529.30407123023,TECL,94456.16815711607,0.0,3.411440849304199,False
2014-12-04,314958.3571192996,TECL,94456.16815711607,0.0,3.411440849304199,False
2014-12-05,313821.22691726236,TECL,94456.16815711607,0.0,3.411440849304199,False
2014-12-08,304466.9606570929,TECL,94456.16815711607,0.0,3.411440849304199,False
2014-12-09,291465.1760586489,CASH,0.0,291465.1760586489,,False
2014-12-10,291465.1760586489,CASH,0.0,291465.1760586489,,False
2014-12-11,291465.1760586489,CASH,0.0,291465.1760586489,,False
2014-12-12,291465.1760586489,CASH,0.0,291465.1760586489,,False
2014-12-15,291465.1760586489,CASH,0.0,291465.1760586489,,False
2014-12-16,291465.1760586489,CASH,0.0,291465.1760586489,,False
2014-12-17,291465.1760586489,CASH,0.0,291465.1760586489,,False
2014-12-18,291465.1760586489,CASH,0.0,291465.1760586489,,False
2014-12-19,291465.1760586489,CASH,0.0,291465.1760586489,,False
2014-12-22,291465.1760586489,CASH,0.0,291465.1760586489,,False
2014-12-23,291465.1760586489,CASH,0.0,291465.1760586489,,False
2014-12-24,291465.1760586489,CASH,0.0,291465.1760586489,,False
2014-12-26,291465.1760586489,CASH,0.0,291465.1760586489,,False
2014-12-29,291465.1760586489,CASH,0.0,291465.1760586489,,False
2014-12-30,291465.1760586489,CASH,0.0,291465.1760586489,,False
2014-12-31,291465.1760586489,CASH,0.0,291465.1760586489,,False
2015-01-02,291465.1760586489,TQQQ,152231.16069412985,0.0,1.9146223068237305,False
2015-01-05,278347.0240757878,TQQQ,152231.16069412985,0.0,1.9146223068237305,False
2015-01-06,268147.961973957,CASH,0.0,268147.961973957,,False
2015-01-07,268147.961973957,CASH,0.0,268147.961973957,,False
2015-01-08,268147.961973957,CASH,0.0,268147.961973957,,False
2015-01-09,268147.961973957,CASH,0.0,268147.961973957,,False
2015-01-12,268147.961973957,CASH,0.0,268147.961973957,,False
2015-01-13,268147.961973957,CASH,0.0,268147.961973957,,False
2015-01-14,268147.961973957,CASH,0.0,268147.961973957,,False
2015-01-15,268147.961973957,CASH,0.0,268147.961973957,,False
2015-01-16,268147.961973957,CASH,0.0,268147.961973957,,False
2015-01-20,268147.961973957,CASH,0.0,268147.961973957,,False
2015-01-21,268147.961973957,CASH,0.0,268147.961973957,,False
2015-01-22,268147.961973957,CASH,0.0,268147.961973957,,False
2015-01-23,268147.961973957,CASH,0.0,268147.961973957,,False
2015-01-26,268147.961973957,CASH,0.0,268147.961973957,,False
2015-01-27,268147.961973957,CASH,0.0,268147.961973957,,False
2015-01-28,268147.961973957,CASH,0.0,268147.961973957,,False
2015-01-29,268147.961973957,CASH,0.0,268147.961973957,,False
2015-01-30,268147.961973957,CASH,0.0,268147.961973957,,False
2015-02-02,268147.961973957,TECL,92561.6918245807,0.0,2.8969647884368896,False
2015-02-03,277482.90661359153,TECL,92561.6918245807,0.0,2.8969647884368896,False
2015-02-04,278828.4627473215,TECL,92561.6918245807,0.0,2.8969647884368896,False
2015-02-05,286355.2970223827,TECL,92561.6918245807,0.0,2.8969647884368896,False
2015-02-06,283979.454303674,TECL,92561.6918245807,0.0,2.8969647884368896,False
2015-02-09,282781.09457832784,TECL,92561.6918245807,0.0,2.8969647884368896,False
2015-02-10,294807.17355384945,TECL,92561.6918245807,0.0,2.8969647884368896,False
2015-02-11,298002.9024740988,TECL,92561.6918245807,0.0,2.8969647884368896,False
2015-02-12,311059.1135556097,TECL,92561.6918245807,0.0,2.8969647884368896,False
2015-02-13,316946.10922230844,TECL,92561.6918245807,0.0,2.8969647884368896,False
2015-02-17,317009.1366499463,TECL,92561.6918245807,0.0,2.8969647884368896,False
2015-02-18,318060.3661721897,TECL,92561.6918245807,0.0,2.8969647884368896,False
2015-02-19,320898.69691646064,TECL,92561.6918245807,0.0,2.8969647884368896,False
2015-02-20,326323.0500786078,TECL,92561.6918245807,0.0,2.8969647884368896,False
2015-02-23,327185.1090442296,TECL,92561.6918245807,0.0,2.8969647884368896,False
2015-02-24,329623.93505372206,TECL,92561.6918245807,0.0,2.8969647884368896,False
2015-02-25,324094.42583670997,TECL,92561.6918245807,0.0,2.8969647884368896,False
2015-02-26,330759.26735143043,TECL,92561.6918245807,0.0,2.8969647884368896,False
2015-02-27,326470.2244185646,TECL,92561.6918245807,0.0,2.8969647884368896,False
2015-03-02,334922.05681317725,TECL,92561.6918245807,0.0,3.527055501937866,False
2015-03-03,327752.73105622974,TECL,92561.6918245807,0.0,3.527055501937866,False
2015-03-04,323169.40564873145,TECL,92561.6918245807,0.0,3.527055501937866,False
2015-03-05,322328.3337572285,TECL,92561.6918245807,0.0,3.527055501937866,False
2015-03-06,310575.63845592865,TECL,92561.6918245807,0.0,3.527055501937866,False
2015-03-09,314801.52155059436,TECL,92561.6918245807,0.0,3.527055501937866,False
2015-03-10,300352.6064650794,CASH,0.0,300352.6064650794,,False
2015-03-11,300352.6064650794,CASH,0.0,300352.6064650794,,False
2015-03-12,300352.6064650794,CASH,0.0,300352.6064650794,,False
2015-03-13,300352.6064650794,CASH,0.0,300352.6064650794,,False
2015-03-16,300352.6064650794,CASH,0.0,300352.6064650794,,False
2015-03-17,300352.6064650794,CASH,0.0,300352.6064650794,,False
2015-03-18,300352.6064650794,CASH,0.0,300352.6064650794,,False
2015-03-19,300352.6064650794,CASH,0.0,300352.6064650794,,False
2015-03-20,300352.6064650794,CASH,0.0,300352.6064650794,,False
2015-03-23,300352.6064650794,CASH,0.0,300352.6064650794,,False
2015-03-24,300352.6064650794,CASH,0.0,300352.6064650794,,False
2015-03-25,300352.6064650794,CASH,0.0,300352.6064650794,,False
2015-03-26,300352.6064650794,CASH,0.0,300352.6064650794,,False
2015-03-27,300352.6064650794,CASH,0.0,300352.6064650794,,False
2015-03-30,300352.6064650794,CASH,0.0,300352.6064650794,,False
2015-03-31,300352.6064650794,CASH,0.0,300352.6064650794,,False
2015-04-01,300352.6064650794,TECL,96000.74335712974,0.0,3.1286487579345703,False
2015-04-02,302118.92415822065,TECL,96000.74335712974,0.0,3.1286487579345703,False
2015-04-06,308660.6465652997,TECL,96000.74335712974,0.0,3.1286487579345703,False
2015-04-07,307156.0801665406,TECL,96000.74335712974,0.0,3.1286487579345703,False
2015-04-08,309663.7747551288,TECL,96000.74335712974,0.0,3.1286487579345703,False
2015-04-09,313283.4316892637,TECL,96000.74335712974,0.0,3.1286487579345703,False
2015-04-10,316270.8892090817,TECL,96000.74335712974,0.0,3.1286487579345703,False
2015-04-13,313697.80257361964,TECL,96000.74335712974,0.0,3.1286487579345703,False
2015-04-14,310274.2531150239,TECL,96000.74335712974,0.0,3.1286487579345703,False
2015-04-15,318189.7349387534,TECL,96000.74335712974,0.0,3.1286487579345703,False
2015-04-16,315289.550738757,TECL,96000.74335712974,0.0,3.1286487579345703,False
2015-04-17,301726.4574351732,TECL,96000.74335712974,0.0,3.1286487579345703,False
2015-04-20,317339.34078070224,TECL,96000.74335712974,0.0,3.1286487579345703,False
2015-04-21,316336.28125595563,TECL,96000.74335712974,0.0,3.1286487579345703,False
2015-04-22,326105.2625392046,TECL,96000.74335712974,0.0,3.1286487579345703,False
2015-04-23,330662.632727934,TECL,96000.74335712974,0.0,3.1286487579345703,False
2015-04-24,338381.915522681,TECL,96000.74335712974,0.0,3.1286487579345703,False
2015-04-27,342132.4709923679,TECL,96000.74335712974,0.0,3.1286487579345703,False
2015-04-28,345163.4621744729,TECL,96000.74335712974,0.0,3.1286487579345703,False
2015-04-29,340540.6541621481,TECL,96000.74335712974,0.0,3.1286487579345703,False
2015-04-30,326475.9395427477,TECL,96000.74335712974,0.0,3.1286487579345703,False
2015-05-01,337749.48722475587,TQQQ,151294.50678301198,0.0,2.2323975563049316,False
2015-05-04,338948.28484133934,TQQQ,151294.50678301198,0.0,2.2323975563049316,False
2015-05-05,322882.2541366933,TQQQ,151294.50678301198,0.0,2.2323975563049316,False
2015-05-06,310729.5282467754,CASH,0.0,310729.5282467754,,False
2015-05-07,310729.5282467754,CASH,0.0,310729.5282467754,,False
2015-05-08,310729.5282467754,CASH,0.0,310729.5282467754,,False
2015-05-11,310729.5282467754,CASH,0.0,310729.5282467754,,False
2015-05-12,310729.5282467754,CASH,0.0,310729.5282467754,,False
2015-05-13,310729.5282467754,CASH,0.0,310729.5282467754,,False
2015-05-14,310729.5282467754,CASH,0.0,310729.5282467754,,False
2015-05-15,310729.5282467754,CASH,0.0,310729.5282467754,,False
2015-05-18,310729.5282467754,CASH,0.0,310729.5282467754,,False
2015-05-19,310729.5282467754,CASH,0.0,310729.5282467754,,False
2015-05-20,310729.5282467754,CASH,0.0,310729.5282467754,,False
2015-05-21,310729.5282467754,CASH,0.0,310729.5282467754,,False
2015-05-22,310729.5282467754,CASH,0.0,310729.5282467754,,False
2015-05-26,310729.5282467754,CASH,0.0,310729.5282467754,,False
2015-05-27,310729.5282467754,CASH,0.0,310729.5282467754,,False
2015-05-28,310729.5282467754,CASH,0.0,310729.5282467754,,False
2015-05-29,310729.5282467754,CASH,0.0,310729.5282467754,,False
2015-06-01,310729.5282467754,TECL,86472.7550699759,0.0,3.5933806896209717,False
2015-06-02,308844.0062894543,TECL,86472.7550699759,0.0,3.5933806896209717,False
2015-06-03,310729.5282467754,TECL,86472.7550699759,0.0,3.5933806896209717,False
2015-06-04,302480.08104953606,TECL,86472.7550699759,0.0,3.5933806896209717,False
2015-06-05,299416.02540204366,TECL,86472.7550699759,0.0,3.5933806896209717,False
2015-06-08,289752.35426996794,TECL,86472.7550699759,0.0,3.5933806896209717,False
2015-06-09,285871.1659870334,CASH,0.0,285871.1659870334,,False
2015-06-10,285871.1659870334,CASH,0.0,285871.1659870334,,False
2015-06-11,285871.1659870334,CASH,0.0,285871.1659870334,,False
2015-06-12,285871.1659870334,CASH,0.0,285871.1659870334,,False
2015-06-15,285871.1659870334,CASH,0.0,285871.1659870334,,False
2015-06-16,285871.1659870334,CASH,0.0,285871.1659870334,,False
2015-06-17,285871.1659870334,CASH,0.0,285871.1659870334,,False
2015-06-18,285871.1659870334,CASH,0.0,285871.1659870334,,False
2015-06-19,285871.1659870334,CASH,0.0,285871.1659870334,,False
2015-06-22,285871.1659870334,CASH,0.0,285871.1659870334,,False
2015-06-23,285871.1659870334,CASH,0.0,285871.1659870334,,False
2015-06-24,285871.1659870334,CASH,0.0,285871.1659870334,,False
2015-06-25,285871.1659870334,CASH,0.0,285871.1659870334,,False
2015-06-26,285871.1659870334,CASH,0.0,285871.1659870334,,False
2015-06-29,285871.1659870334,CASH,0.0,285871.1659870334,,False
2015-06-30,285871.1659870334,CASH,0.0,285871.1659870334,,False
2015-07-01,285871.1659870334,TECL,89462.51522812979,0.0,3.195429563522339,False
2015-07-02,286114.91980745917,TECL,89462.51522812979,0.0,3.195429563522339,False
2015-07-06,283188.7434974845,TECL,89462.51522812979,0.0,3.195429563522339,False
2015-07-07,284245.42953333614,TECL,89462.51522812979,0.0,3.195429563522339,False
2015-07-08,270427.37355126,TECL,89462.51522812979,0.0,3.195429563522339,False
2015-07-09,267257.35810275655,TECL,89462.51522812979,0.0,3.195429563522339,False
2015-07-10,279856.19706266286,TECL,89462.51522812979,0.0,3.195429563522339,False
2015-07-13,292617.50302031,TECL,89462.51522812979,0.0,3.195429563522339,False
2015-07-14,295950.1347732347,TECL,89462.51522812979,0.0,3.195429563522339,False
2015-07-15,296112.6657595529,TECL,89462.51522812979,0.0,3.195429563522339,False
2015-07-16,307329.7567109712,TECL,89462.51522812979,0.0,3.195429563522339,False
2015-07-17,320985.19638862606,TECL,89462.51522812979,0.0,3.195429563522339,False
2015-07-20,325618.33198640554,TECL,89462.51522812979,0.0,3.195429563522339,False
2015-07-21,320334.94446619874,TECL,89462.51522812979,0.0,3.195429563522339,False
2015-07-22,304809.9718553693,TECL,89462.51522812979,0.0,3.195429563522339,False
2015-07-23,302290.18699976744,TECL,89462.51522812979,0.0,3.195429563522339,False
2015-07-24,297575.8072383547,TECL,89462.51522812979,0.0,3.195429563522339,False
2015-07-27,289772.6988511233,TECL,89462.51522812979,0.0,3.195429563522339,False
2015-07-28,297250.681277141,TECL,89462.51522812979,0.0,3.195429563522339,False
2015-07-29,303428.15985830396,TECL,89462.51522812979,0.0,3.195429563522339,False
2015-07-30,304566.09005778894,TECL,89462.51522812979,0.0,3.195429563522339,False
2015-07-31,301965.039709028,TECL,89462.51522812979,0.0,3.195429563522339,False
2015-08-03,297250.681277141,TECL,89462.51522812979,0.0,3.3753247261047363,False
2015-08-04,291723.4546184054,TECL,89462.51522812979,0.0,3.3753247261047363,False
2015-08-05,299364.05334884435,TECL,89462.51522812979,0.0,3.3753247261047363,False
2015-08-06,291479.5941503508,TECL,89462.51522812979,0.0,3.3753247261047363,False
2015-08-07,291479.5941503508,TECL,89462.51522812979,0.0,3.3753247261047363,False
2015-08-10,305460.13845969364,TECL,89462.51522812979,0.0,3.3753247261047363,False
2015-08-11,291886.0069342493,TECL,89462.51522812979,0.0,3.3753247261047363,False
2015-08-12,277807.83653230575,CASH,0.0,277807.83653230575,,False
2015-08-13,277807.83653230575,CASH,0.0,277807.83653230575,,False
2015-08-14,277807.83653230575,CASH,0.0,277807.83653230575,,False
2015-08-17,277807.83653230575,CASH,0.0,277807.83653230575,,False
2015-08-18,277807.83653230575,CASH,0.0,277807.83653230575,,False
2015-08-19,277807.83653230575,CASH,0.0,277807.83653230575,,False
2015-08-20,277807.83653230575,CASH,0.0,277807.83653230575,,False
2015-08-21,277807.83653230575,CASH,0.0,277807.83653230575,,False
2015-08-24,277807.83653230575,CASH,0.0,277807.83653230575,,False
2015-08-25,277807.83653230575,CASH,0.0,277807.83653230575,,False
2015-08-26,277807.83653230575,CASH,0.0,277807.83653230575,,False
2015-08-27,277807.83653230575,CASH,0.0,277807.83653230575,,False
2015-08-28,277807.83653230575,CASH,0.0,277807.83653230575,,False
2015-08-31,277807.83653230575,CASH,0.0,277807.83653230575,,False
2015-09-01,277807.83653230575,IEF,3323.0277060388917,0.0,83.60081862316389,False
2015-09-02,277052.6674652291,IEF,3323.0277060388917,0.0,83.60081862316389,False
2015-09-03,277729.82140266604,IEF,3323.0277060388917,0.0,83.60081862316389,False
2015-09-04,278589.36862745805,IEF,3323.0277060388917,0.0,83.60081862316389,False
2015-09-08,277365.2649610817,IEF,3323.0277060388917,0.0,83.60081862316389,False
2015-09-09,277469.43855601846,IEF,3323.0277060388917,0.0,83.60081862316389,False
2015-09-10,276844.26913466083,IEF,3323.0277060388917,0.0,83.60081862316389,False
2015-09-11,277573.4587288715,IEF,3323.0277060388917,0.0,83.60081862316389,False
2015-09-14,277833.918286561,IEF,3323.0277060388917,0.0,83.60081862316389,False
2015-09-15,275646.4262149707,IEF,3323.0277060388917,0.0,83.60081862316389,False
2015-09-16,275568.18095220515,IEF,3323.0277060388917,0.0,83.60081862316389,False
2015-09-17,277860.0000408162,IEF,3323.0277060388917,0.0,83.60081862316389,False
2015-09-18,279162.2211182216,IEF,3323.0277060388917,0.0,83.60081862316389,False
2015-09-21,277573.4587288715,IEF,3323.0277060388917,0.0,83.60081862316389,False
2015-09-22,278953.82278765325,IEF,3323.0277060388917,0.0,83.60081862316389,False
2015-09-23,278641.32757319,IEF,3323.0277060388917,0.0,83.60081862316389,False
2015-09-24,279057.9708122428,IEF,3323.0277060388917,0.0,83.60081862316389,False
2015-09-25,278328.857929074,IEF,3323.0277060388917,0.0,83.60081862316389,False
2015-09-28,279917.51803703484,IEF,3323.0277060388917,0.0,83.60081862316389,False
2015-09-29,280881.1365753746,IEF,3323.0277060388917,0.0,83.60081862316389,False
2015-09-30,280933.2233728429,IEF,3323.0277060388917,0.0,83.60081862316389,False
2015-10-01,281152.1822568499,IEF,3323.0277060388917,0.0,84.54134248182972,False
2015-10-02,282508.5613298558,IEF,3323.0277060388917,0.0,84.54134248182972,False
2015-10-05,280943.656074545,IEF,3323.0277060388917,0.0,84.54134248182972,False
2015-10-06,281517.4802385063,IEF,3323.0277060388917,0.0,84.54134248182972,False
2015-10-07,280813.0938811852,IEF,3323.0277060388917,0.0,84.54134248182972,False
2015-10-08,280083.00932481873,IEF,3323.0277060388917,0.0,84.54134248182972,False
2015-10-09,280239.3975689605,IEF,3323.0277060388917,0.0,84.54134248182972,False
2015-10-12,281178.4430035362,IEF,3323.0277060388917,0.0,84.54134248182972,False
2015-10-13,281439.1582646988,IEF,3323.0277060388917,0.0,84.54134248182972,False
2015-10-14,282978.1351878383,IEF,3323.0277060388917,0.0,84.54134248182972,False
2015-10-15,282012.9312879654,IEF,3323.0277060388917,0.0,84.54134248182972,False
2015-10-16,281778.22107001615,IEF,3323.0277060388917,0.0,84.54134248182972,False
2015-10-19,281647.86343943485,IEF,3323.0277060388917,0.0,84.54134248182972,False
2015-10-20,280682.6339692147,IEF,3323.0277060388917,0.0,84.54134248182972,False
2015-10-21,281647.86343943485,IEF,3323.0277060388917,0.0,84.54134248182972,False
2015-10-22,281934.7115955472,IEF,3323.0277060388917,0.0,84.54134248182972,False
2015-10-23,280343.6990156339,IEF,3323.0277060388917,0.0,84.54134248182972,False
2015-10-26,281074.0904161682,IEF,3323.0277060388917,0.0,84.54134248182972,False
2015-10-27,281778.22107001615,IEF,3323.0277060388917,0.0,84.54134248182972,False
2015-10-28,280317.61726137873,IEF,3323.0277060388917,0.0,84.54134248182972,False
2015-10-29,278596.06805845303,IEF,3323.0277060388917,0.0,84.54134248182972,False
2015-10-30,279143.9127495483,IEF,3323.0277060388917,0.0,84.54134248182972,False
2015-11-02,278341.87323585426,TECL,77381.34598092968,0.0,3.597015142440796,False
2015-11-03,282489.9617981059,TECL,77381.34598092968,0.0,3.597015142440796,False
2015-11-04,282911.80162560864,TECL,77381.34598092968,0.0,3.597015142440796,False
2015-11-05,281294.73357922275,TECL,77381.34598092968,0.0,3.597015142440796,False
2015-11-06,283614.8434059124,TECL,77381.34598092968,0.0,3.597015142440796,False
2015-11-09,275810.8711691391,TECL,77381.34598092968,0.0,3.597015142440796,False
2015-11-10,270959.74082658364,TECL,77381.34598092968,0.0,3.597015142440796,False
2015-11-11,270326.9718607543,TECL,77381.34598092968,0.0,3.597015142440796,False
2015-11-12,263226.0229551342,TECL,77381.34598092968,0.0,3.597015142440796,False
2015-11-13,256074.52337698592,CASH,0.0,256074.52337698592,,False
2015-11-16,256074.52337698592,CASH,0.0,256074.52337698592,,False
2015-11-17,256074.52337698592,CASH,0.0,256074.52337698592,,False
2015-11-18,256074.52337698592,CASH,0.0,256074.52337698592,,False
2015-11-19,256074.52337698592,CASH,0.0,256074.52337698592,,False
2015-11-20,256074.52337698592,CASH,0.0,256074.52337698592,,False
2015-11-23,256074.52337698592,CASH,0.0,256074.52337698592,,False
2015-11-24,256074.52337698592,CASH,0.0,256074.52337698592,,False
2015-11-25,256074.52337698592,CASH,0.0,256074.52337698592,,False
2015-11-27,256074.52337698592,CASH,0.0,256074.52337698592,,False
2015-11-30,256074.52337698592,CASH,0.0,256074.52337698592,,False
2015-12-01,256074.52337698592,TECL,70128.01617290745,0.0,3.651529550552368,False
2015-12-02,251359.500141476,TECL,70128.01617290745,0.0,3.651529550552368,False
2015-12-03,241802.1322261458,TECL,70128.01617290745,0.0,3.651529550552368,False
2015-12-04,259196.548854372,TECL,70128.01617290745,0.0,3.651529550552368,False
2015-12-07,255819.62969103566,TECL,70128.01617290745,0.0,3.651529550552368,False
2015-12-08,253971.90544518124,TECL,70128.01617290745,0.0,3.651529550552368,False
2015-12-09,242885.30917272516,TECL,70128.01617290745,0.0,3.651529550552368,False
2015-12-10,244605.6116553374,TECL,70128.01617290745,0.0,3.651529550552368,False
2015-12-11,235588.56150682707,CASH,0.0,235588.56150682707,,False
2015-12-14,235588.56150682707,CASH,0.0,235588.56150682707,,False
2015-12-15,235588.56150682707,CASH,0.0,235588.56150682707,,False
2015-12-16,235588.56150682707,CASH,0.0,235588.56150682707,,False
2015-12-17,235588.56150682707,CASH,0.0,235588.56150682707,,False
2015-12-18,235588.56150682707,CASH,0.0,235588.56150682707,,False
2015-12-21,235588.56150682707,CASH,0.0,235588.56150682707,,False
2015-12-22,235588.56150682707,CASH,0.0,235588.56150682707,,False
2015-12-23,235588.56150682707,CASH,0.0,235588.56150682707,,False
2015-12-24,235588.56150682707,CASH,0.0,235588.56150682707,,False
2015-12-28,235588.56150682707,CASH,0.0,235588.56150682707,,False
2015-12-29,235588.56150682707,CASH,0.0,235588.56150682707,,False
2015-12-30,235588.56150682707,CASH,0.0,235588.56150682707,,False
2015-12-31,235588.56150682707,CASH,0.0,235588.56150682707,,False
2016-01-04,235588.5615068271,TECL,74297.12894294069,0.0,3.1708972454071045,False
2016-01-05,233360.9428727585,TECL,74297.12894294069,0.0,3.1708972454071045,False
2016-01-06,225463.00776793863,TECL,74297.12894294069,0.0,3.1708972454071045,False
2016-01-07,214189.89274292966,CASH,0.0,214189.89274292966,,False
2016-01-08,214189.89274292966,CASH,0.0,214189.89274292966,,False
2016-01-11,214189.89274292966,CASH,0.0,214189.89274292966,,False
2016-01-12,214189.89274292966,CASH,0.0,214189.89274292966,,False
2016-01-13,214189.89274292966,CASH,0.0,214189.89274292966,,False
2016-01-14,214189.89274292966,CASH,0.0,214189.89274292966,,False
2016-01-15,214189.89274292966,CASH,0.0,214189.89274292966,,False
2016-01-19,214189.89274292966,CASH,0.0,214189.89274292966,,False
2016-01-20,214189.89274292966,CASH,0.0,214189.89274292966,,False
2016-01-21,214189.89274292966,CASH,0.0,214189.89274292966,,False
2016-01-22,214189.89274292966,CASH,0.0,214189.89274292966,,False
2016-01-25,214189.89274292966,CASH,0.0,214189.89274292966,,False
2016-01-26,214189.89274292966,CASH,0.0,214189.89274292966,,False
2016-01-27,214189.89274292966,CASH,0.0,214189.89274292966,,False
2016-01-28,214189.89274292966,CASH,0.0,214189.89274292966,,False
2016-01-29,214189.89274292966,CASH,0.0,214189.89274292966,,False
2016-02-01,214189.89274292966,SHY,3090.787363920645,0.0,69.29945917445161,False
2016-02-02,214467.73902076134,SHY,3090.787363920645,0.0,69.29945917445161,False
2016-02-03,214518.28030995774,SHY,3090.787363920645,0.0,69.29945917445161,False
2016-02-04,214568.82159915403,SHY,3090.787363920645,0.0,69.29945917445161,False
2016-02-05,214518.28030995774,SHY,3090.787363920645,0.0,69.29945917445161,False
2016-02-08,214770.7013463066,SHY,3090.787363920645,0.0,69.29945917445161,False
2016-02-09,214694.94887285223,SHY,3090.787363920645,0.0,69.29945917445161,False
2016-02-10,214694.94887285223,SHY,3090.787363920645,0.0,69.29945917445161,False
2016-02-11,214896.92375654905,SHY,3090.787363920645,0.0,69.29945917445161,False
2016-02-12,214644.45515192798,SHY,3090.787363920645,0.0,69.29945917445161,False
2016-02-16,214518.28030995774,SHY,3090.787363920645,0.0,69.29945917445161,False
2016-02-17,214568.82159915403,SHY,3090.787363920645,0.0,69.29945917445161,False
2016-02-18,214745.4901620486,SHY,3090.787363920645,0.0,69.29945917445161,False
2016-02-19,214543.44392594346,SHY,3090.787363920645,0.0,69.29945917445161,False
2016-02-22,214568.82159915403,SHY,3090.787363920645,0.0,69.29945917445161,False
2016-02-23,214594.03278341203,SHY,3090.787363920645,0.0,69.29945917445161,False
2016-02-24,214644.45515192798,SHY,3090.787363920645,0.0,69.29945917445161,False
2016-02-25,214694.94887285223,SHY,3090.787363920645,0.0,69.29945917445161,False
2016-02-26,214417.05502674833,SHY,3090.787363920645,0.0,69.29945917445161,False
2016-02-29,214543.44392594346,SHY,3090.787363920645,0.0,69.29945917445161,False
2016-03-01,214257.91537215395,GLD,1819.2911732987484,0.0,117.7699966430664,False
2016-03-02,215913.47700229907,GLD,1819.2911732987484,0.0,117.7699966430664,False
2016-03-03,219643.02945959754,GLD,1819.2911732987484,0.0,117.7699966430664,False
2016-03-04,219297.35969504196,GLD,1819.2911732987484,0.0,117.7699966430664,False
2016-03-07,220388.93162300318,GLD,1819.2911732987484,0.0,117.7699966430664,False
2016-03-08,219370.13300758472,GLD,1819.2911732987484,0.0,117.7699966430664,False
2016-03-09,217550.84183428597,GLD,1819.2911732987484,0.0,117.7699966430664,False
2016-03-10,221043.87755579792,GLD,1819.2911732987484,0.0,117.7699966430664,False
2016-03-11,217241.5656660468,GLD,1819.2911732987484,0.0,117.7699966430664,False
2016-03-14,214439.85559355593,GLD,1819.2911732987484,0.0,117.7699966430664,False
2016-03-15,214603.58513670953,GLD,1819.2911732987484,0.0,117.7699966430664,False
2016-03-16,219388.3159256528,GLD,1819.2911732987484,0.0,117.7699966430664,False
2016-03-17,218551.4436515462,GLD,1819.2911732987484,0.0,117.7699966430664,False
2016-03-18,217951.0881132261,GLD,1819.2911732987484,0.0,117.7699966430664,False
2016-03-21,216422.8763100083,GLD,1819.2911732987484,0.0,117.7699966430664,False
2016-03-22,217059.62544464483,GLD,1819.2911732987484,0.0,117.7699966430664,False
2016-03-23,212147.54482877426,GLD,1819.2911732987484,0.0,117.7699966430664,False
2016-03-24,211638.14552106502,GLD,1819.2911732987484,0.0,117.7699966430664,False
2016-03-28,212129.34803061603,GLD,1819.2911732987484,0.0,117.7699966430664,False
2016-03-29,216059.0236273846,GLD,1819.2911732987484,0.0,117.7699966430664,False
2016-03-30,213038.9936172654,GLD,1819.2911732987484,0.0,117.7699966430664,False
2016-03-31,214021.41251645755,GLD,1819.2911732987484,0.0,117.7699966430664,False
2016-04-01,212729.71744902624,TQQQ,101479.13987562103,0.0,2.096290111541748,False
2016-04-04,210095.83025241873,TQQQ,101479.13987562103,0.0,2.096290111541748,False
2016-04-05,204446.5083996398,TQQQ,101479.13987562103,0.0,2.096290111541748,False
2016-04-06,214237.54365241746,TQQQ,101479.13987562103,0.0,2.096290111541748,False
2016-04-07,204989.3364784461,TQQQ,101479.13987562103,0.0,2.096290111541748,False
2016-04-08,204506.82531889743,TQQQ,101479.13987562103,0.0,2.096290111541748,False
2016-04-11,202315.3105858705,TQQQ,101479.13987562103,0.0,2.096290111541748,False
2016-04-12,207039.94237161888,TQQQ,101479.13987562103,0.0,2.096290111541748,False
2016-04-13,215122.16760701692,TQQQ,101479.13987562103,0.0,2.096290111541748,False
2016-04-14,215262.9070852847,TQQQ,101479.13987562103,0.0,2.096290111541748,False
2016-04-15,213614.3414036257,TQQQ,101479.13987562103,0.0,2.096290111541748,False
2016-04-18,216770.73328867592,TQQQ,101479.13987562103,0.0,2.096290111541748,False
2016-04-19,213031.27785080203,TQQQ,101479.13987562103,0.0,2.096290111541748,False
2016-04-20,213554.0486788804,TQQQ,101479.13987562103,0.0,2.096290111541748,False
2016-04-21,213614.3414036257,TQQQ,101479.13987562103,0.0,2.096290111541748,False
2016-04-22,203943.86740582628,TQQQ,101479.13987562103,0.0,2.096290111541748,False
2016-04-25,203783.0464823183,TQQQ,101479.13987562103,0.0,2.096290111541748,False
2016-04-26,200988.38675122746,TQQQ,101479.13987562103,0.0,2.096290111541748,False
2016-04-27,194896.6011231192,CASH,0.0,194896.6011231192,,False
2016-04-28,194896.6011231192,CASH,0.0,194896.6011231192,,False
2016-04-29,194896.6011231192,CASH,0.0,194896.6011231192,,False
2016-05-02,194896.6011231192,GLD,1581.4395042310814,0.0,123.23999786376953,False
2016-05-03,194453.79999240267,GLD,1581.4395042310814,0.0,123.23999786376953,False
2016-05-04,193267.72036422935,GLD,1581.4395042310814,0.0,123.23999786376953,False
2016-05-05,193046.31979887106,GLD,1581.4395042310814,0.0,123.23999786376953,False
2016-05-06,194801.71861380164,GLD,1581.4395042310814,0.0,123.23999786376953,False
2016-05-09,190800.67859856517,GLD,1581.4395042310814,0.0,123.23999786376953,False
2016-05-10,191322.55653066363,GLD,1581.4395042310814,0.0,123.23999786376953,False
2016-05-11,193125.39660025298,GLD,1581.4395042310814,0.0,123.23999786376953,False
2016-05-12,191607.21612404226,GLD,1581.4395042310814,0.0,123.23999786376953,False
2016-05-13,192477.0006121138,GLD,1581.4395042310814,0.0,123.23999786376953,False
2016-05-16,192619.3364415161,GLD,1581.4395042310814,0.0,123.23999786376953,False
2016-05-17,193283.53813759092,GLD,1581.4395042310814,0.0,123.23999786376953,False
2016-05-18,189930.8820450677,GLD,1581.4395042310814,0.0,123.23999786376953,False
2016-05-19,189567.15771573305,GLD,1581.4395042310814,0.0,123.23999786376953,False
2016-05-20,189314.12160365164,GLD,1581.4395042310814,0.0,123.23999786376953,False
2016-05-23,188776.4379636175,GLD,1581.4395042310814,0.0,123.23999786376953,False
2016-05-24,185502.8586724762,GLD,1581.4395042310814,0.0,123.23999786376953,False
2016-05-25,184996.7985137393,GLD,1581.4395042310814,0.0,123.23999786376953,False
2016-05-26,184364.22029896168,GLD,1581.4395042310814,0.0,123.23999786376953,False
2016-05-27,182846.03982275096,GLD,1581.4395042310814,0.0,123.23999786376953,False
2016-05-31,183541.865000123,GLD,1581.4395042310814,0.0,123.23999786376953,False
2016-06-01,183352.09998148787,GLD,1581.4395042310814,0.0,116.05999755859375,False
2016-06-02,182925.10455870698,GLD,1581.4395042310814,0.0,116.05999755859375,False
2016-06-03,188001.52391943763,GLD,1581.4395042310814,0.0,116.05999755859375,False
2016-06-06,188064.78294745798,GLD,1581.4395042310814,0.0,116.05999755859375,False
2016-06-07,187906.64141012006,GLD,1581.4395042310814,0.0,116.05999755859375,False
2016-06-08,190689.97831588602,GLD,1581.4395042310814,0.0,116.05999755859375,False
2016-06-09,191749.53988801863,GLD,1581.4395042310814,0.0,116.05999755859375,False
2016-06-10,192524.4418667726,GLD,1581.4395042310814,0.0,116.05999755859375,False
2016-06-13,193947.73983366575,GLD,1581.4395042310814,0.0,116.05999755859375,False
2016-06-14,194153.32262566246,GLD,1581.4395042310814,0.0,116.05999755859375,False
2016-06-15,195592.4383659172,GLD,1581.4395042310814,0.0,116.05999755859375,False
2016-06-16,193536.5621842464,GLD,1581.4395042310814,0.0,116.05999755859375,False
2016-06-17,196019.4217232722,GLD,1581.4395042310814,0.0,116.05999755859375,False
2016-06-20,194849.15986846044,GLD,1581.4395042310814,0.0,116.05999755859375,False
2016-06-21,191101.14389987945,GLD,1581.4395042310814,0.0,116.05999755859375,False
2016-06-22,191196.0384746229,GLD,1581.4395042310814,0.0,116.05999755859375,False
2016-06-23,189946.69981842925,GLD,1581.4395042310814,0.0,116.05999755859375,False
2016-06-24,199261.37753311626,GLD,1581.4395042310814,0.0,116.05999755859375,False
2016-06-27,200336.75687861044,GLD,1581.4395042310814,0.0,116.05999755859375,False
2016-06-28,198185.99818762208,GLD,1581.4395042310814,0.0,116.05999755859375,False
2016-06-29,199008.34142103486,GLD,1581.4395042310814,0.0,116.05999755859375,False
2016-06-30,200004.656030573,GLD,1581.4395042310814,0.0,116.05999755859375,False
2016-07-01,203072.6525297176,SHY,2905.3852727683916,0.0,69.89525775912678,False
2016-07-05,203167.8057746484,SHY,2905.3852727683916,0.0,69.89525775912678,False
2016-07-06,203072.6525297176,SHY,2905.3852727683916,0.0,69.89525775912678,False
2016-07-07,202977.4098550453,SHY,2905.3852727683916,0.0,69.89525775912678,False
2016-07-08,202977.4098550453,SHY,2905.3852727683916,0.0,69.89525775912678,False
2016-07-11,202763.1138370326,SHY,2905.3852727683916,0.0,69.89525775912678,False
2016-07-12,202691.72654589906,SHY,2905.3852727683916,0.0,69.89525775912678,False
2016-07-13,202739.39259810597,SHY,2905.3852727683916,0.0,69.89525775912678,False
2016-07-14,202620.27218245948,SHY,2905.3852727683916,0.0,69.89525775912678,False
2016-07-15,202525.05186522257,SHY,2905.3852727683916,0.0,69.89525775912678,False
2016-07-18,202644.08285112755,SHY,2905.3852727683916,0.0,69.89525775912678,False
2016-07-19,202667.8711623603,SHY,2905.3852727683916,0.0,69.89525775912678,False
2016-07-20,202572.65084512337,SHY,2905.3852727683916,0.0,69.89525775912678,False
2016-07-21,202715.4477848257,SHY,2905.3852727683916,0.0,69.89525775912678,False
2016-07-22,202644.08285112755,SHY,2905.3852727683916,0.0,69.89525775912678,False
2016-07-25,202501.1294093776,SHY,2905.3852727683916,0.0,69.89525775912678,False
2016-07-26,202525.05186522257,SHY,2905.3852727683916,0.0,69.89525775912678,False
2016-07-27,202667.8711623603,SHY,2905.3852727683916,0.0,69.89525775912678,False
2016-07-28,202644.08285112755,SHY,2905.3852727683916,0.0,69.89525775912678,False
2016-07-29,202905.88841929953,SHY,2905.3852727683916,0.0,69.89525775912678,False
2016-08-01,202836.78158657372,TQQQ,85417.70283167994,0.0,2.374645709991455,False
2016-08-02,198267.59154683788,TQQQ,85417.70283167994,0.0,2.374645709991455,False
2016-08-03,200146.09494737754,TQQQ,85417.70283167994,0.0,2.374645709991455,False
2016-08-04,201939.85888661855,TQQQ,85417.70283167994,0.0,2.374645709991455,False
2016-08-05,207778.3283459404,TQQQ,85417.70283167994,0.0,2.374645709991455,False
2016-08-08,207118.31363764268,TQQQ,85417.70283167994,0.0,2.374645709991455,False
2016-08-09,208489.01159057816,TQQQ,85417.70283167994,0.0,2.374645709991455,False
2016-08-10,206881.3445504832,TQQQ,85417.70283167994,0.0,2.374645709991455,False
2016-08-11,209555.2095614572,TQQQ,85417.70283167994,0.0,2.374645709991455,False
2016-08-12,209944.3268138082,TQQQ,85417.70283167994,0.0,2.374645709991455,False
2016-08-15,212584.30418632968,TQQQ,85417.70283167994,0.0,2.374645709991455,False
2016-08-16,209233.60283883577,TQQQ,85417.70283167994,0.0,2.374645709991455,False
2016-08-17,210215.16317425287,TQQQ,85417.70283167994,0.0,2.374645709991455,False
2016-08-18,210418.24462295987,TQQQ,85417.70283167994,0.0,2.374645709991455,False
2016-08-19,210130.5459039583,TQQQ,85417.70283167994,0.0,2.374645709991455,False
2016-08-22,210333.5866223306,TQQQ,85417.70283167994,0.0,2.374645709991455,False
2016-08-23,211585.9425878577,TQQQ,85417.70283167994,0.0,2.374645709991455,False
2016-08-24,207507.45125516105,TQQQ,85417.70283167994,0.0,2.374645709991455,False
2016-08-25,206525.9723804133,TQQQ,85417.70283167994,0.0,2.374645709991455,False
2016-08-26,207524.435804722,TQQQ,85417.70283167994,0.0,2.374645709991455,False
2016-08-29,208099.79251239044,TQQQ,85417.70283167994,0.0,2.374645709991455,False
2016-08-30,206221.2891118508,TQQQ,85417.70283167994,0.0,2.374645709991455,False
2016-08-31,205679.77931230018,TQQQ,85417.70283167994,0.0,2.374645709991455,False
2016-09-01,206593.64583148164,TQQQ,85417.70283167994,0.0,2.4079291820526123,False
2016-09-02,209013.59793606985,TQQQ,85417.70283167994,0.0,2.4079291820526123,False
2016-09-06,212888.86526388815,TQQQ,85417.70283167994,0.0,2.4079291820526123,False
2016-09-07,213278.16580274524,TQQQ,85417.70283167994,0.0,2.4079291820526123,False
2016-09-08,209622.86264735818,TQQQ,85417.70283167994,0.0,2.4079291820526123,False
2016-09-09,193732.32987588923,TQQQ,85417.70283167994,0.0,2.4079291820526123,False
2016-09-12,203666.05120062793,TQQQ,85417.70283167994,0.0,2.4079291820526123,False
2016-09-13,198859.93280406727,TQQQ,85417.70283167994,0.0,2.4079291820526123,False
2016-09-14,201415.21144562482,TQQQ,85417.70283167994,0.0,2.4079291820526123,False
2016-09-15,210756.65260863616,TQQQ,85417.70283167994,0.0,2.4079291820526123,False
2016-09-16,210519.72425181133,TQQQ,85417.70283167994,0.0,2.4079291820526123,False
2016-09-19,207761.2623357101,TQQQ,85417.70283167994,0.0,2.4079291820526123,False
2016-09-20,208912.07757688372,TQQQ,85417.70283167994,0.0,2.4079291820526123,False
2016-09-21,214987.3735671937,TQQQ,85417.70283167994,0.0,2.4079291820526123,False
2016-09-22,220013.49686652026,TQQQ,85417.70283167994,0.0,2.4079291820526123,False
2016-09-23,216053.55117290537,TQQQ,85417.70283167994,0.0,2.4079291820526123,False
2016-09-26,210688.9587924005,TQQQ,85417.70283167994,0.0,2.4079291820526123,False
2016-09-27,216662.81588419367,TQQQ,85417.70283167994,0.0,2.4079291820526123,False
2016-09-28,217847.3151121464,TQQQ,85417.70283167994,0.0,2.4079291820526123,False
2016-09-29,213227.39544056848,TQQQ,85417.70283167994,0.0,2.4079291820526123,False
2016-09-30,217610.36639015423,TQQQ,85417.70283167994,0.0,2.4079291820526123,False
2016-10-03,217119.6473179477,TECL,49702.45657485297,0.0,4.368388652801514,False
2016-10-04,215042.32053322135,TECL,49702.45657485297,0.0,4.368388652801514,False
2016-10-05,217255.11639304663,TECL,49702.45657485297,0.0,4.368388652801514,False
2016-10-06,218745.29991911293,TECL,49702.45657485297,0.0,4.368388652801514,False
2016-10-07,216984.10714291435,TECL,49702.45657485297,0.0,4.368388652801514,False
2016-10-10,221364.47930425685,TECL,49702.45657485297,0.0,4.368388652801514,False
2016-10-11,214274.58344106696,TECL,49702.45657485297,0.0,4.368388652801514,False
2016-10-12,214952.07101643048,TECL,49702.45657485297,0.0,4.368388652801514,False
2016-10-13,211158.77101381353,TECL,49702.45657485297,0.0,4.368388652801514,False
2016-10-14,213552.16070713318,TECL,49702.45657485297,0.0,4.368388652801514,False
2016-10-17,212061.92978111058,TECL,49702.45657485297,0.0,4.368388652801514,False
2016-10-18,215900.35454212295,TECL,49702.45657485297,0.0,4.368388652801514,False
2016-10-19,216261.66070900243,TECL,49702.45657485297,0.0,4.368388652801514,False
2016-10-20,213642.48132385852,TECL,49702.45657485297,0.0,4.368388652801514,False
2016-10-21,214952.07101643048,TECL,49702.45657485297,0.0,4.368388652801514,False
2016-10-24,221454.82362096032,TECL,49702.45657485297,0.0,4.368388652801514,False
2016-10-25,219287.22361946493,TECL,49702.45657485297,0.0,4.368388652801514,False
2016-10-26,215855.2297837275,TECL,49702.45657485297,0.0,4.368388652801514,False
2016-10-27,214274.58344106696,TECL,49702.45657485297,0.0,4.368388652801514,False
2016-10-28,213552.16070713318,TECL,49702.45657485297,0.0,4.368388652801514,False
2016-10-31,213642.48132385852,TECL,49702.45657485297,0.0,4.368388652801514,False
2016-11-01,208088.01224502112,TQQQ,87424.82233364957,0.0,2.3801937103271484,False
2016-11-02,202666.64875069814,TQQQ,87424.82233364957,0.0,2.3801937103271484,False
2016-11-03,196829.68268381228,TQQQ,87424.82233364957,0.0,2.3801937103271484,False
2016-11-04,194595.32121290368,TQQQ,87424.82233364957,0.0,2.3801937103271484,False
2016-11-07,208538.23620647143,TQQQ,87424.82233364957,0.0,2.3801937103271484,False
2016-11-08,212625.93627720943,TQQQ,87424.82233364957,0.0,2.3801937103271484,False
2016-11-09,215605.0015302799,TQQQ,87424.82233364957,0.0,2.3801937103271484,False
2016-11-10,205351.33840156664,TQQQ,87424.82233364957,0.0,2.3801937103271484,False
2016-11-11,205178.12723861978,TQQQ,87424.82233364957,0.0,2.3801937103271484,False
2016-11-14,198249.9308451688,TQQQ,87424.82233364957,0.0,2.3801937103271484,False
2016-11-15,207429.8098258231,TQQQ,87424.82233364957,0.0,2.3801937103271484,False
2016-11-16,210807.28159737325,TQQQ,87424.82233364957,0.0,2.3801937103271484,False
2016-11-17,215691.62795545525,TQQQ,87424.82233364957,0.0,2.3801937103271484,False
2016-11-18,213266.71336160318,TQQQ,87424.82233364957,0.0,2.3801937103271484,False
2016-11-21,219675.42217212706,TQQQ,87424.82233364957,0.0,2.3801937103271484,False
2016-11-22,221649.92521121158,TQQQ,87424.82233364957,0.0,2.3801937103271484,False
2016-11-23,218982.494145532,TQQQ,87424.82233364957,0.0,2.3801937103271484,False
2016-11-25,221095.67033348358,TQQQ,87424.82233364957,0.0,2.3801937103271484,False
2016-11-28,219865.850232859,TQQQ,87424.82233364957,0.0,2.3801937103271484,False
2016-11-29,221979.02642081058,TQQQ,87424.82233364957,0.0,2.3801937103271484,False
2016-11-30,214791.03412664123,TQQQ,87424.82233364957,0.0,2.3801937103271484,False
2016-12-01,202995.77080399907,TQQQ,87424.82233364957,0.0,2.4568655490875244,False
2016-12-02,203809.77989504157,TQQQ,87424.82233364957,0.0,2.4568655490875244,False
2016-12-05,208520.9984649844,TQQQ,87424.82233364957,0.0,2.4568655490875244,False
2016-12-06,210027.87305151625,TQQQ,87424.82233364957,0.0,2.4568655490875244,False
2016-12-07,217822.08357229768,TQQQ,87424.82233364957,0.0,2.4568655490875244,False
2016-12-08,219155.80952698842,TQQQ,87424.82233364957,0.0,2.4568655490875244,False
2016-12-09,224282.54729468643,TQQQ,87424.82233364957,0.0,2.4568655490875244,False
2016-12-12,221164.8505801527,TQQQ,87424.82233364957,0.0,2.4568655490875244,False
2016-12-13,229807.83748677754,TQQQ,87424.82233364957,0.0,2.4568655490875244,False
2016-12-14,228127.75173729885,TQQQ,87424.82233364957,0.0,2.4568655490875244,False
2016-12-15,229513.35766606597,TQQQ,87424.82233364957,0.0,2.4568655490875244,False
2016-12-16,226724.76216113128,TQQQ,87424.82233364957,0.0,2.4568655490875244,False
2016-12-19,229496.01570606936,TQQQ,87424.82233364957,0.0,2.4568655490875244,False
2016-12-20,232267.29009470937,TQQQ,87424.82233364957,0.0,2.4568655490875244,False
2016-12-21,231453.23931626303,TQQQ,87424.82233364957,0.0,2.4568655490875244,False
2016-12-22,229444.13573199298,TQQQ,87424.82233364957,0.0,2.4568655490875244,False
2016-12-23,230154.2181252674,TQQQ,87424.82233364957,0.0,2.4568655490875244,False
2016-12-27,233514.3896242248,TQQQ,87424.82233364957,0.0,2.4568655490875244,False
2016-12-28,228110.3889336003,TQQQ,87424.82233364957,0.0,2.4568655490875244,False
2016-12-29,227001.90002184623,TQQQ,87424.82233364957,0.0,2.4568655490875244,False
2016-12-30,220368.16260540488,TQQQ,87424.82233364957,0.0,2.4568655490875244,False
2017-01-03,225702.8788308506,TQQQ,87424.82233364957,0.0,2.5206589698791504,False
2017-01-04,229548.0624297611,TQQQ,87424.82233364957,0.0,2.5206589698791504,False
2017-01-05,233618.33716569483,TQQQ,87424.82233364957,0.0,2.5206589698791504,False
2017-01-06,239541.88797035217,TQQQ,87424.82233364957,0.0,2.5206589698791504,False
2017-01-09,241966.80256420423,TQQQ,87424.82233364957,0.0,2.5206589698791504,False
2017-01-10,243352.38764926945,TQQQ,87424.82233364957,0.0,2.5206589698791504,False
2017-01-11,245223.0265216916,TQQQ,87424.82233364957,0.0,2.5206589698791504,False
2017-01-12,243975.90614847429,TQQQ,87424.82233364957,0.0,2.5206589698791504,False
2017-01-13,246781.8436134056,TQQQ,87424.82233364957,0.0,2.5206589698791504,False
2017-01-17,244460.91824842736,TQQQ,87424.82233364957,0.0,2.5206589698791504,False
2017-01-18,246123.6828816114,TQQQ,87424.82233364957,0.0,2.5206589698791504,False
2017-01-19,245465.50130611527,TQQQ,87424.82233364957,0.0,2.5206589698791504,False
2017-01-20,247059.02316152438,TQQQ,87424.82233364957,0.0,2.5206589698791504,False
2017-01-23,247613.21550814662,TQQQ,87424.82233364957,0.0,2.5206589698791504,False
2017-01-24,252774.7205706455,TQQQ,87424.82233364957,0.0,2.5206589698791504,False
2017-01-25,260153.24514405642,TQQQ,87424.82233364957,0.0,2.5206589698791504,False
2017-01-26,261227.13351062496,TQQQ,87424.82233364957,0.0,2.5206589698791504,False
2017-01-27,262474.1705090346,TQQQ,87424.82233364957,0.0,2.5206589698791504,False
2017-01-30,256515.99831548982,TQQQ,87424.82233364957,0.0,2.5206589698791504,False
2017-01-31,255095.68762302757,TQQQ,87424.82233364957,0.0,2.5206589698791504,False
2017-02-01,259945.45427962593,TECL,50727.84186706052,0.0,5.12431526184082,False
2017-02-02,259069.74281039854,TECL,50727.84186706052,0.0,5.12431526184082,False
2017-02-03,263863.1159448896,TECL,50727.84186706052,0.0,5.12431526184082,False
2017-02-06,264323.9390590031,TECL,50727.84186706052,0.0,5.12431526184082,False
2017-02-07,267550.28139187663,TECL,50727.84186706052,0.0,5.12431526184082,False
2017-02-08,269117.3121934942,TECL,50727.84186706052,0.0,5.12431526184082,False
2017-02-09,271974.84606377315,TECL,50727.84186706052,0.0,5.12431526184082,False
2017-02-10,273634.08502826927,TECL,50727.84186706052,0.0,5.12431526184082,False
2017-02-13,277413.38607137505,TECL,50727.84186706052,0.0,5.12431526184082,False
2017-02-14,280409.25637489196,TECL,50727.84186706052,0.0,5.12431526184082,False
2017-02-15,283312.89432661026,TECL,50727.84186706052,0.0,5.12431526184082,False
2017-02-16,285571.2928384578,TECL,50727.84186706052,0.0,5.12431526184082,False
2017-02-17,287553.09105058946,TECL,50727.84186706052,0.0,5.12431526184082,False
2017-02-21,292576.9362144371,TECL,50727.84186706052,0.0,5.12431526184082,False
2017-02-22,293821.3352016593,TECL,50727.84186706052,0.0,5.12431526184082,False
2017-02-23,293176.14413962845,TECL,50727.84186706052,0.0,5.12431526184082,False
2017-02-24,295388.36600327684,TECL,50727.84186706052,0.0,5.12431526184082,False
2017-02-27,294604.9352636879,TECL,50727.84186706052,0.0,5.12431526184082,False
2017-02-28,290871.61735742167,TECL,50727.84186706052,0.0,5.12431526184082,False
2017-03-01,302854.9292490495,TECL,50727.84186706052,0.0,5.733963966369629,False
2017-03-02,297278.0286192897,TECL,50727.84186706052,0.0,5.733963966369629,False
2017-03-03,298061.6044923983,TECL,50727.84186706052,0.0,5.733963966369629,False
2017-03-06,297139.8131306516,TECL,50727.84186706052,0.0,5.733963966369629,False
2017-03-07,297416.3650525276,TECL,50727.84186706052,0.0,5.733963966369629,False
2017-03-08,298153.71589959715,TECL,50727.84186706052,0.0,5.733963966369629,False
2017-03-09,297831.1324630417,TECL,50727.84186706052,0.0,5.733963966369629,False
2017-03-10,302578.3531382535,TECL,50727.84186706052,0.0,5.733963966369629,False
2017-03-13,303961.04018087365,TECL,50727.84186706052,0.0,5.733963966369629,False
2017-03-14,301195.69028455333,TECL,50727.84186706052,0.0,5.733963966369629,False
2017-03-15,307233.4382173466,TECL,50727.84186706052,0.0,5.733963966369629,False
2017-03-16,309169.2049147988,TECL,50727.84186706052,0.0,5.733963966369629,False
2017-03-17,309722.2361917909,TECL,50727.84186706052,0.0,5.733963966369629,False
2017-03-20,310505.7394981397,TECL,50727.84186706052,0.0,5.733963966369629,False
2017-03-21,297692.8685965637,TECL,50727.84186706052,0.0,5.733963966369629,False
2017-03-22,303131.4569820055,TECL,50727.84186706052,0.0,5.733963966369629,False
2017-03-23,300458.24268180394,TECL,50727.84186706052,0.0,5.733963966369629,False
2017-03-24,300826.9785776386,TECL,50727.84186706052,0.0,5.733963966369629,False
2017-03-27,300826.9785776386,TECL,50727.84186706052,0.0,5.733963966369629,False
2017-03-28,306588.19877747586,TECL,50727.84186706052,0.0,5.733963966369629,False
2017-03-29,308570.06955636735,TECL,50727.84186706052,0.0,5.733963966369629,False
2017-03-30,309998.76392474695,TECL,50727.84186706052,0.0,5.733963966369629,False
2017-03-31,308570.06955636735,TECL,50727.84186706052,0.0,5.733963966369629,False
2017-04-03,307648.27819462057,TECL,50727.84186706052,0.0,6.082854270935059,False
2017-04-04,308016.91733477544,TECL,50727.84186706052,0.0,6.082854270935059,False
2017-04-05,305113.32776089705,TECL,50727.84186706052,0.0,6.082854270935059,False
2017-04-06,304468.0641321063,TECL,50727.84186706052,0.0,6.082854270935059,False
2017-04-07,304191.53639915027,TECL,50727.84186706052,0.0,6.082854270935059,False
2017-04-10,302532.34581249405,TECL,50727.84186706052,0.0,6.082854270935059,False
2017-04-11,299075.5798281038,TECL,50727.84186706052,0.0,6.082854270935059,False
2017-04-12,295941.44565810886,TECL,50727.84186706052,0.0,6.082854270935059,False
2017-04-13,292484.8006183184,TECL,50727.84186706052,0.0,6.082854270935059,False
2017-04-17,299997.37118985056,TECL,50727.84186706052,0.0,6.082854270935059,False
2017-04-18,299674.7635643751,TECL,50727.84186706052,0.0,6.082854270935059,False
2017-04-19,298891.26025802636,TECL,50727.84186706052,0.0,6.082854270935059,False
2017-04-20,306634.2544810752,TECL,50727.84186706052,0.0,6.082854270935059,False
2017-04-21,305343.7272234938,TECL,50727.84186706052,0.0,6.082854270935059,False
2017-04-24,315990.4319650209,TECL,50727.84186706052,0.0,6.082854270935059,False
2017-04-25,321106.3885360674,TECL,50727.84186706052,0.0,6.082854270935059,False
2017-04-26,320092.43738928187,TECL,50727.84186706052,0.0,6.082854270935059,False
2017-04-27,324517.0020611784,TECL,50727.84186706052,0.0,6.082854270935059,False
2017-04-28,326130.18532207515,TECL,50727.84186706052,0.0,6.082854270935059,False
2017-05-01,333274.06837561255,TECL,50727.84186706052,0.0,6.429017543792725,False
2017-05-02,335301.99485810346,TECL,50727.84186706052,0.0,6.429017543792725,False
2017-05-03,333227.96429417323,TECL,50727.84186706052,0.0,6.429017543792725,False
2017-05-04,332951.46075013716,TECL,50727.84186706052,0.0,6.429017543792725,False
2017-05-05,336822.9699561216,TECL,50727.84186706052,0.0,6.429017543792725,False
2017-05-08,340970.98270614207,TECL,50727.84186706052,0.0,6.429017543792725,False
2017-05-09,342123.2702861654,TECL,50727.84186706052,0.0,6.429017543792725,False
2017-05-10,346133.0917364678,TECL,50727.84186706052,0.0,6.429017543792725,False
2017-05-11,344980.85253428435,TECL,50727.84186706052,0.0,6.429017543792725,False
2017-05-12,347792.306512044,TECL,50727.84186706052,0.0,6.429017543792725,False
2017-05-15,352677.76686481386,TECL,50727.84186706052,0.0,6.429017543792725,False
2017-05-16,357885.931598739,TECL,50727.84186706052,0.0,6.429017543792725,False
2017-05-17,328296.42404888396,TECL,50727.84186706052,0.0,6.429017543792725,False
2017-05-18,335163.7551805454,TECL,50727.84186706052,0.0,6.429017543792725,False
2017-05-19,340279.663373752,TECL,50727.84186706052,0.0,6.429017543792725,False
2017-05-22,348760.1051995502,TECL,50727.84186706052,0.0,6.429017543792725,False
2017-05-23,349820.2571834548,TECL,50727.84186706052,0.0,6.429017543792725,False
2017-05-24,353737.8462819586,TECL,50727.84186706052,0.0,6.429017543792725,False
2017-05-25,362356.67291883467,TECL,50727.84186706052,0.0,6.429017543792725,False
2017-05-26,362033.9443487595,TECL,50727.84186706052,0.0,6.429017543792725,False
2017-05-30,366089.8940694211,TECL,50727.84186706052,0.0,6.429017543792725,False
2017-05-31,363877.527072253,TECL,50727.84186706052,0.0,6.429017543792725,False
2017-06-01,366320.2693430979,TECL,50727.84186706052,0.0,7.173132419586182,False
2017-06-02,376413.96699655283,TECL,50727.84186706052,0.0,7.173132419586182,False
2017-06-05,377750.5257688137,TECL,50727.84186706052,0.0,7.173132419586182,False
2017-06-06,375860.8631528008,TECL,50727.84186706052,0.0,7.173132419586182,False
2017-06-07,378672.3413194804,TECL,50727.84186706052,0.0,7.173132419586182,False
2017-06-08,381806.3787337955,TECL,50727.84186706052,0.0,7.173132419586182,False
2017-06-09,334767.32490647276,CASH,0.0,334767.32490647276,,False
2017-06-12,334767.32490647276,CASH,0.0,334767.32490647276,,False
2017-06-13,334767.32490647276,CASH,0.0,334767.32490647276,,False
2017-06-14,334767.32490647276,CASH,0.0,334767.32490647276,,False
2017-06-15,334767.32490647276,CASH,0.0,334767.32490647276,,False
2017-06-16,334767.32490647276,CASH,0.0,334767.32490647276,,False
2017-06-19,334767.32490647276,CASH,0.0,334767.32490647276,,False
2017-06-20,334767.32490647276,CASH,0.0,334767.32490647276,,False
2017-06-21,334767.32490647276,CASH,0.0,334767.32490647276,,False
2017-06-22,334767.32490647276,CASH,0.0,334767.32490647276,,False
2017-06-23,334767.32490647276,CASH,0.0,334767.32490647276,,False
2017-06-26,334767.32490647276,CASH,0.0,334767.32490647276,,False
2017-06-27,334767.32490647276,CASH,0.0,334767.32490647276,,False
2017-06-28,334767.32490647276,CASH,0.0,334767.32490647276,,False
2017-06-29,334767.32490647276,CASH,0.0,334767.32490647276,,False
2017-06-30,334767.32490647276,CASH,0.0,334767.32490647276,,False
2017-07-03,334767.32490647276,TECL,52404.57146320437,0.0,6.388132095336914,False
2017-07-05,344337.55024369527,TECL,52404.57146320437,0.0,6.388132095336914,False
2017-07-06,335338.7107340511,TECL,52404.57146320437,0.0,6.388132095336914,False
2017-07-07,346289.64771812985,TECL,52404.57146320437,0.0,6.388132095336914,False
2017-07-10,353907.70061557693,TECL,52404.57146320437,0.0,6.388132095336914,False
2017-07-11,357050.19772502326,TECL,52404.57146320437,0.0,6.388132095336914,False
2017-07-12,370286.6280425216,TECL,52404.57146320437,0.0,6.388132095336914,False
2017-07-13,372286.4034737051,TECL,52404.57146320437,0.0,6.388132095336914,False
2017-07-14,381666.1168915076,TECL,52404.57146320437,0.0,6.388132095336914,False
2017-07-17,382570.82361273014,TECL,52404.57146320437,0.0,6.388132095336914,False
2017-07-18,387474.83131185034,TECL,52404.57146320437,0.0,6.388132095336914,False
2017-07-19,392902.82175471634,TECL,52404.57146320437,0.0,6.388132095336914,False
2017-07-20,396140.5248469788,TECL,52404.57146320437,0.0,6.388132095336914,False
2017-07-21,393855.23142113467,TECL,52404.57146320437,0.0,6.388132095336914,False
2017-07-24,397473.65849087393,TECL,52404.57146320437,0.0,6.388132095336914,False
2017-07-25,395045.3561832301,TECL,52404.57146320437,0.0,6.388132095336914,False
2017-07-26,399282.9469910844,TECL,52404.57146320437,0.0,6.388132095336914,False
2017-07-27,394521.6733008475,TECL,52404.57146320437,0.0,6.388132095336914,False
2017-07-28,392902.82175471634,TECL,52404.57146320437,0.0,6.388132095336914,False
2017-07-31,388379.5630215198,TECL,52404.57146320437,0.0,6.388132095336914,False
2017-08-01,393140.91167709744,TECL,52404.57146320437,0.0,7.411177158355713,False
2017-08-02,397283.2715136886,TECL,52404.57146320437,0.0,7.411177158355713,False
2017-08-03,393236.1426483605,TECL,52404.57146320437,0.0,7.411177158355713,False
2017-08-04,396473.7707752822,TECL,52404.57146320437,0.0,7.411177158355713,False
2017-08-07,402949.17695980717,TECL,52404.57146320437,0.0,7.411177158355713,False
2017-08-08,400997.0544969256,TECL,52404.57146320437,0.0,7.411177158355713,False
2017-08-09,401377.9533935309,TECL,52404.57146320437,0.0,7.411177158355713,False
2017-08-10,377571.41002321837,TECL,52404.57146320437,0.0,7.411177158355713,False
2017-08-11,385189.4379322185,TECL,52404.57146320437,0.0,7.411177158355713,False
2017-08-14,402996.80493966216,TECL,52404.57146320437,0.0,7.411177158355713,False
2017-08-15,405948.8151181355,TECL,52404.57146320437,0.0,7.411177158355713,False
2017-08-16,408472.3483970423,TECL,52404.57146320437,0.0,7.411177158355713,False
2017-08-17,384713.3830296909,TECL,52404.57146320437,0.0,7.411177158355713,False
2017-08-18,383284.9934260858,TECL,52404.57146320437,0.0,7.411177158355713,False
2017-08-21,383237.36544623075,TECL,52404.57146320437,0.0,7.411177158355713,False
2017-08-22,399616.2179078347,TECL,52404.57146320437,0.0,7.411177158355713,False
2017-08-23,397616.517441992,TECL,52404.57146320437,0.0,7.411177158355713,False
2017-08-24,395616.7669992554,TECL,52404.57146320437,0.0,7.411177158355713,False
2017-08-25,394997.7282033751,TECL,52404.57146320437,0.0,7.411177158355713,False
2017-08-28,398473.6461602534,TECL,52404.57146320437,0.0,7.411177158355713,False
2017-08-29,402901.5489799522,TECL,52404.57146320437,0.0,7.411177158355713,False
2017-08-30,410852.8727941495,TECL,52404.57146320437,0.0,7.411177158355713,False
2017-08-31,418566.30659354123,TECL,52404.57146320437,0.0,7.411177158355713,False
2017-09-01,418042.4238035832,TQQQ,91431.87918795714,0.0,4.572173595428467,False
2017-09-05,406847.77878633473,TQQQ,91431.87918795714,0.0,4.572173595428467,False
2017-09-06,410361.91784644435,TQQQ,91431.87918795714,0.0,4.572173595428467,False
2017-09-07,412897.976739879,TQQQ,91431.87918795714,0.0,4.572173595428467,False
2017-09-08,402717.68552301655,TQQQ,91431.87918795714,0.0,4.572173595428467,False
2017-09-11,415542.72574009444,TQQQ,91431.87918795714,0.0,4.572173595428467,False
2017-09-12,419056.864800204,TQQQ,91431.87918795714,0.0,4.572173595428467,False
2017-09-13,420795.7757143446,TQQQ,91431.87918795714,0.0,4.572173595428467,False
2017-09-14,413694.9503267033,TQQQ,91431.87918795714,0.0,4.572173595428467,False
2017-09-15,417028.0264050798,TQQQ,91431.87918795714,0.0,4.572173595428467,False
2017-09-18,416013.58540845895,TQQQ,91431.87918795714,0.0,4.572173595428467,False
2017-09-19,417788.813554428,TQQQ,91431.87918795714,0.0,4.572173595428467,False
2017-09-20,414310.9481280295,TQQQ,91431.87918795714,0.0,4.572173595428467,False
2017-09-21,406340.64548425924,TQQQ,91431.87918795714,0.0,4.572173595428467,False
2017-09-22,405326.2044876384,TQQQ,91431.87918795714,0.0,4.572173595428467,False
2017-09-25,392609.9851716936,TQQQ,91431.87918795714,0.0,4.572173595428467,False
2017-09-26,395290.87701126776,TQQQ,91431.87918795714,0.0,4.572173595428467,False
2017-09-27,406014.48796768195,TQQQ,91431.87918795714,0.0,4.572173595428467,False
2017-09-28,405326.2044876384,TQQQ,91431.87918795714,0.0,4.572173595428467,False
2017-09-29,413912.33054026496,TQQQ,91431.87918795714,0.0,4.572173595428467,False
2017-10-02,415071.69167926017,TQQQ,91431.87918795714,0.0,4.527002334594727,False
2017-10-03,417680.1670457646,TQQQ,91431.87918795714,0.0,4.527002334594727,False
2017-10-04,418767.06811357266,TQQQ,91431.87918795714,0.0,4.527002334594727,False
2017-10-05,430831.1031907152,TQQQ,91431.87918795714,0.0,4.527002334594727,False
2017-10-06,432389.1255155924,TQQQ,91431.87918795714,0.0,4.527002334594727,False
2017-10-09,431302.2244477843,TQQQ,91431.87918795714,0.0,4.527002334594727,False
2017-10-10,432207.84454327205,TQQQ,91431.87918795714,0.0,4.527002334594727,False
2017-10-11,435975.5938525368,TQQQ,91431.87918795714,0.0,4.527002334594727,False
2017-10-12,433620.8159314225,TQQQ,91431.87918795714,0.0,4.527002334594727,False
2017-10-13,438475.4227103779,TQQQ,91431.87918795714,0.0,4.527002334594727,False
2017-10-16,443003.95916899084,TQQQ,91431.87918795714,0.0,4.527002334594727,False
2017-10-17,444561.89429763315,TQQQ,91431.87918795714,0.0,4.527002334594727,False
2017-10-18,442858.995428499,TQQQ,91431.87918795714,0.0,4.527002334594727,False
2017-10-19,437968.20221206744,TQQQ,91431.87918795714,0.0,4.527002334594727,False
2017-10-20,441156.3581480695,TQQQ,91431.87918795714,0.0,4.527002334594727,False
2017-10-23,432932.4452551441,TQQQ,91431.87918795714,0.0,4.527002334594727,False
2017-10-24,435142.303033884,TQQQ,91431.87918795714,0.0,4.527002334594727,False
2017-10-25,429852.97942592285,TQQQ,91431.87918795714,0.0,4.527002334594727,False
2017-10-26,425867.7191087441,TQQQ,91431.87918795714,0.0,4.527002334594727,False
2017-10-27,462567.4808196566,TQQQ,91431.87918795714,0.0,4.527002334594727,False
2017-10-30,465864.283264322,TQQQ,91431.87918795714,0.0,4.527002334594727,False
2017-10-31,470791.393712582,TQQQ,91431.87918795714,0.0,4.527002334594727,False
2017-11-01,470175.39591125585,TQQQ,91431.87918795714,0.0,5.149094581604004,False
2017-11-02,467784.38795454794,TQQQ,91431.87918795714,0.0,5.149094581604004,False
2017-11-03,480826.80838518747,TQQQ,91431.87918795714,0.0,5.149094581604004,False
2017-11-06,485717.55800350156,TQQQ,91431.87918795714,0.0,5.149094581604004,False
2017-11-07,486514.61878656084,TQQQ,91431.87918795714,0.0,5.149094581604004,False
2017-11-08,492601.1339719335,TQQQ,91431.87918795714,0.0,5.149094581604004,False
2017-11-09,484703.1606049982,TQQQ,91431.87918795714,0.0,5.149094581604004,False
2017-11-10,484558.28406074125,TQQQ,91431.87918795714,0.0,5.149094581604004,False
2017-11-13,486007.35469013295,TQQQ,91431.87918795714,0.0,5.149094581604004,False
2017-11-14,481116.51787558396,TQQQ,91431.87918795714,0.0,5.149094581604004,False
2017-11-15,474051.9661216538,TQQQ,91431.87918795714,0.0,5.149094581604004,False
2017-11-16,491803.94239452196,TQQQ,91431.87918795714,0.0,5.149094581604004,False
2017-11-17,486297.1949748818,TQQQ,91431.87918795714,0.0,5.149094581604004,False
2017-11-20,485101.73459464527,TQQQ,91431.87918795714,0.0,5.149094581604004,False
2017-11-21,500390.15564338345,TQQQ,91431.87918795714,0.0,5.149094581604004,False
2017-11-22,502382.7204047966,TQQQ,91431.87918795714,0.0,5.149094581604004,False
2017-11-24,508034.4751630461,TQQQ,91431.87918795714,0.0,5.149094581604004,False
2017-11-27,507201.22794251074,TQQQ,91431.87918795714,0.0,5.149094581604004,False
2017-11-28,510932.7472161819,TQQQ,91431.87918795714,0.0,5.149094581604004,False
2017-11-29,484666.93056940456,TQQQ,91431.87918795714,0.0,5.149094581604004,False
2017-11-30,496694.86640530586,TQQQ,91431.87918795714,0.0,5.149094581604004,False
2017-12-01,490064.987882264,TECL,49164.39954922219,0.0,9.967883110046387,False
2017-12-04,466077.7350317482,TECL,49164.39954922219,0.0,9.967883110046387,False
2017-12-05,466390.51704220125,TECL,49164.39954922219,0.0,9.967883110046387,False
2017-12-06,475190.2832697304,TECL,49164.39954922219,0.0,9.967883110046387,False
2017-12-07,483900.7769822089,TECL,49164.39954922219,0.0,9.967883110046387,False
2017-12-08,491092.46576819854,TECL,49164.39954922219,0.0,9.967883110046387,False
2017-12-11,503063.7037344561,TECL,49164.39954922219,0.0,9.967883110046387,False
2017-12-12,502259.68845709896,TECL,49164.39954922219,0.0,9.967883110046387,False
2017-12-13,503331.7088269085,TECL,49164.39954922219,0.0,9.967883110046387,False
2017-12-14,501142.93805611384,TECL,49164.39954922219,0.0,9.967883110046387,False
2017-12-15,518653.1979961214,TECL,49164.39954922219,0.0,9.967883110046387,False
2017-12-18,532009.2852294667,TECL,49164.39954922219,0.0,9.967883110046387,False
2017-12-19,522002.8865571752,TECL,49164.39954922219,0.0,9.967883110046387,False
2017-12-20,522002.8865571752,TECL,49164.39954922219,0.0,9.967883110046387,False
2017-12-21,518783.7309172879,TECL,49164.39954922219,0.0,9.967883110046387,False
2017-12-22,517218.93001534493,TECL,49164.39954922219,0.0,9.967883110046387,False
2017-12-26,506845.8294836989,TECL,49164.39954922219,0.0,9.967883110046387,False
2017-12-27,508589.6442839944,TECL,49164.39954922219,0.0,9.967883110046387,False
2017-12-28,510422.73159934056,TECL,49164.39954922219,0.0,9.967883110046387,False
2017-12-29,501525.3001150623,TECL,49164.39954922219,0.0,9.967883110046387,False
2018-01-02,520169.7992418291,TECL,49164.39954922219,0.0,10.200984954833984,False
2018-01-03,532957.1492863278,TECL,49164.39954922219,0.0,10.200984954833984,False
2018-01-04,542123.0547313098,TECL,49164.39954922219,0.0,10.200984954833984,False
2018-01-05,559470.9455958866,TECL,49164.39954922219,0.0,10.200984954833984,False
2018-01-08,565462.2847716814,TECL,49164.39954922219,0.0,10.200984954833984,False
2018-01-09,560588.6806201994,TECL,49164.39954922219,0.0,10.200984954833984,False
2018-01-10,554374.0194963027,TECL,49164.39954922219,0.0,10.200984954833984,False
2018-01-11,562466.6386271965,TECL,49164.39954922219,0.0,10.200984954833984,False
2018-01-12,571140.5606160724,TECL,49164.39954922219,0.0,10.200984954833984,False
2018-01-16,564568.1530164212,TECL,49164.39954922219,0.0,10.200984954833984,False
2018-01-17,590008.663011892,TECL,49164.39954922219,0.0,10.200984954833984,False
2018-01-18,593004.3091563768,TECL,49164.39954922219,0.0,10.200984954833984,False
2018-01-19,595284.5561230032,TECL,49164.39954922219,0.0,10.200984954833984,False
2018-01-22,612632.5876480554,TECL,49164.39954922219,0.0,10.200984954833984,False
2018-01-23,622513.8453840706,TECL,49164.39954922219,0.0,10.200984954833984,False
2018-01-24,608027.3167968018,TECL,49164.39954922219,0.0,10.200984954833984,False
2018-01-25,604003.3488035301,TECL,49164.39954922219,0.0,10.200984954833984,False
2018-01-26,631098.3073105954,TECL,49164.39954922219,0.0,10.200984954833984,False
2018-01-29,614868.1045835064,TECL,49164.39954922219,0.0,10.200984954833984,False
2018-01-30,597475.483687754,TECL,49164.39954922219,0.0,10.200984954833984,False
2018-01-31,611827.8221814962,TECL,49164.39954922219,0.0,10.200984954833984,False
2018-02-01,612632.5876480554,TECL,49164.39954922219,0.0,12.44452953338623,False
2018-02-02,562881.5964069766,CASH,0.0,562881.5964069766,,False
2018-02-05,562881.5964069766,CASH,0.0,562881.5964069766,,False
2018-02-06,562881.5964069766,CASH,0.0,562881.5964069766,,False
2018-02-07,562881.5964069766,CASH,0.0,562881.5964069766,,False
2018-02-08,562881.5964069766,CASH,0.0,562881.5964069766,,False
2018-02-09,562881.5964069766,CASH,0.0,562881.5964069766,,False
2018-02-12,562881.5964069766,CASH,0.0,562881.5964069766,,False
2018-02-13,562881.5964069766,CASH,0.0,562881.5964069766,,False
2018-02-14,562881.5964069766,CASH,0.0,562881.5964069766,,False
2018-02-15,562881.5964069766,CASH,0.0,562881.5964069766,,False
2018-02-16,562881.5964069766,CASH,0.0,562881.5964069766,,False
2018-02-20,562881.5964069766,CASH,0.0,562881.5964069766,,False
2018-02-21,562881.5964069766,CASH,0.0,562881.5964069766,,False
2018-02-22,562881.5964069766,CASH,0.0,562881.5964069766,,False
2018-02-23,562881.5964069766,CASH,0.0,562881.5964069766,,False
2018-02-26,562881.5964069766,CASH,0.0,562881.5964069766,,False
2018-02-27,562881.5964069766,CASH,0.0,562881.5964069766,,False
2018-02-28,562881.5964069766,CASH,0.0,562881.5964069766,,False
2018-03-01,562881.5964069766,TQQQ,89778.78432967057,0.0,6.269650459289551,False
2018-03-02,578356.2478803955,TQQQ,89778.78432967057,0.0,6.269650459289551,False
2018-03-05,596498.8526629733,TQQQ,89778.78432967057,0.0,6.269650459289551,False
2018-03-06,604040.366098274,TQQQ,89778.78432967057,0.0,6.269650459289551,False
2018-03-07,608558.2619043231,TQQQ,89778.78432967057,0.0,6.269650459289551,False
2018-03-08,617629.5428906819,TQQQ,89778.78432967057,0.0,6.269650459289551,False
2018-03-09,653594.4918902848,TQQQ,89778.78432967057,0.0,6.269650459289551,False
2018-03-12,663377.2727562704,TQQQ,89778.78432967057,0.0,6.269650459289551,False
2018-03-13,639293.9008379709,TQQQ,89778.78432967057,0.0,6.269650459289551,False
2018-03-14,637123.7833952488,TQQQ,89778.78432967057,0.0,6.269650459289551,False
2018-03-15,634277.9123063227,TQQQ,89778.78432967057,0.0,6.269650459289551,False
2018-03-16,630080.2770658265,TQQQ,89778.78432967057,0.0,6.269650459289551,False
2018-03-19,590522.4249135497,TQQQ,89778.78432967057,0.0,6.269650459289551,False
2018-03-20,594862.4885595525,TQQQ,89778.78432967057,0.0,6.269650459289551,False
2018-03-21,586253.55406537,TQQQ,89778.78432967057,0.0,6.269650459289551,False
2018-03-22,543422.8452766703,TQQQ,89778.78432967057,0.0,6.269650459289551,False
2018-03-23,517851.0686944185,CASH,0.0,517851.0686944185,,False
2018-03-26,517851.0686944185,CASH,0.0,517851.0686944185,,False
2018-03-27,517851.0686944185,CASH,0.0,517851.0686944185,,False
2018-03-28,517851.0686944185,CASH,0.0,517851.0686944185,,False
2018-03-29,517851.0686944185,CASH,0.0,517851.0686944185,,False
2018-04-02,517851.06869441847,TQQQ,99658.67792019644,0.0,5.19624662399292,False
2018-04-03,535226.0150177787,TQQQ,99658.67792019644,0.0,5.19624662399292,False
2018-04-04,560538.0072508238,TQQQ,99658.67792019644,0.0,5.19624662399292,False
2018-04-05,569343.9264072225,TQQQ,99658.67792019644,0.0,5.19624662399292,False
2018-04-06,526854.4849637763,TQQQ,99658.67792019644,0.0,5.19624662399292,False
2018-04-09,537397.8179668777,TQQQ,99658.67792019644,0.0,5.19624662399292,False
2018-04-10,572897.8765003096,TQQQ,99658.67792019644,0.0,5.19624662399292,False
2018-04-11,563262.7640994395,TQQQ,99658.67792019644,0.0,5.19624662399292,False
2018-04-12,583006.9154429362,TQQQ,99658.67792019644,0.0,5.19624662399292,False
2018-04-13,574359.0510020577,TQQQ,99658.67792019644,0.0,5.19624662399292,False
2018-04-16,587034.79207778,TQQQ,99658.67792019644,0.0,5.19624662399292,False
2018-04-17,624588.3263679942,TQQQ,99658.67792019644,0.0,5.19624662399292,False
2018-04-18,628931.9797871528,TQQQ,99658.67792019644,0.0,5.19624662399292,False
2018-04-19,611833.4628925902,TQQQ,99658.67792019644,0.0,5.19624662399292,False
2018-04-20,582493.5465037407,TQQQ,99658.67792019644,0.0,5.19624662399292,False
2018-04-23,577912.953574184,TQQQ,99658.67792019644,0.0,5.19624662399292,False
2018-04-24,541070.2378151638,TQQQ,99658.67792019644,0.0,5.19624662399292,False
2018-04-25,543202.7409297061,TQQQ,99658.67792019644,0.0,5.19624662399292,False
2018-04-26,576886.1206538713,TQQQ,99658.67792019644,0.0,5.19624662399292,False
2018-04-27,578228.9204423421,TQQQ,99658.67792019644,0.0,5.19624662399292,False
2018-04-30,565908.4935902952,TQQQ,99658.67792019644,0.0,5.19624662399292,False
2018-05-01,584310.1302710858,TECL,54887.00380550304,0.0,10.645691871643066,False
2018-05-02,582213.7400214421,TECL,54887.00380550304,0.0,10.645691871643066,False
2018-05-03,586855.791869361,TECL,54887.00380550304,0.0,10.645691871643066,False
2018-05-04,620299.1574321602,TECL,54887.00380550304,0.0,10.645691871643066,False
2018-05-07,633327.084344609,TECL,54887.00380550304,0.0,10.645691871643066,False
2018-05-08,635822.9141446904,TECL,54887.00380550304,0.0,10.645691871643066,False
2018-05-09,659283.1698844671,TECL,54887.00380550304,0.0,10.645691871643066,False
2018-05-10,685239.0460470221,TECL,54887.00380550304,0.0,10.645691871643066,False
2018-05-11,682393.8702163259,TECL,54887.00380550304,0.0,10.645691871643066,False
2018-05-14,681795.0511287872,TECL,54887.00380550304,0.0,10.645691871643066,False
2018-05-15,662228.1140002026,TECL,54887.00380550304,0.0,10.645691871643066,False
2018-05-16,671312.7858146137,TECL,54887.00380550304,0.0,10.645691871643066,False
2018-05-17,661129.8253555578,TECL,54887.00380550304,0.0,10.645691871643066,False
2018-05-18,652594.4025521209,TECL,54887.00380550304,0.0,10.645691871643066,False
2018-05-21,669016.5449289365,TECL,54887.00380550304,0.0,10.645691871643066,False
2018-05-22,665622.4341532212,TECL,54887.00380550304,0.0,10.645691871643066,False
2018-05-23,680846.5719446787,TECL,54887.00380550304,0.0,10.645691871643066,False
2018-05-24,678101.2690876734,TECL,54887.00380550304,0.0,10.645691871643066,False
2018-05-25,676653.5297237622,TECL,54887.00380550304,0.0,10.645691871643066,False
2018-05-29,663725.4757850043,TECL,54887.00380550304,0.0,10.645691871643066,False
2018-05-30,678350.7421445972,TECL,54887.00380550304,0.0,10.645691871643066,False
2018-05-31,678600.4245788245,TECL,54887.00380550304,0.0,10.645691871643066,False
2018-06-01,714289.8851631521,TECL,54887.00380550304,0.0,12.363590240478516,False
2018-06-04,730612.2592549286,TECL,54887.00380550304,0.0,12.363590240478516,False
2018-06-05,739896.4676394181,TECL,54887.00380550304,0.0,12.363590240478516,False
2018-06-06,752574.9438326004,TECL,54887.00380550304,0.0,12.363590240478516,False
2018-06-07,732209.4940134211,TECL,54887.00380550304,0.0,12.363590240478516,False
2018-06-08,731211.2877197706,TECL,54887.00380550304,0.0,12.363590240478516,False
2018-06-11,737400.7948723141,TECL,54887.00380550304,0.0,12.363590240478516,False
2018-06-12,744838.2430970613,TECL,54887.00380550304,0.0,12.363590240478516,False
2018-06-13,732858.4589651086,TECL,54887.00380550304,0.0,12.363590240478516,False
2018-06-14,747234.1475791261,TECL,54887.00380550304,0.0,12.363590240478516,False
2018-06-15,740146.1500736453,TECL,54887.00380550304,0.0,12.363590240478516,False
2018-06-18,741593.6800602532,TECL,54887.00380550304,0.0,12.363590240478516,False
2018-06-19,729296.2182148151,TECL,54887.00380550304,0.0,12.363590240478516,False
2018-06-20,734847.2816251639,TECL,54887.00380550304,0.0,12.363590240478516,False
2018-06-21,717343.8101652735,TECL,54887.00380550304,0.0,12.363590240478516,False
2018-06-22,709992.3636678712,TECL,54887.00380550304,0.0,12.363590240478516,False
2018-06-25,666083.587663817,TECL,54887.00380550304,0.0,12.363590240478516,False
2018-06-26,673534.9594792359,TECL,54887.00380550304,0.0,12.363590240478516,False
2018-06-27,646329.5719147024,TECL,54887.00380550304,0.0,12.363590240478516,False
2018-06-28,669034.1849667425,TECL,54887.00380550304,0.0,12.363590240478516,False
2018-06-29,666583.6853528331,TECL,54887.00380550304,0.0,12.363590240478516,False
2018-07-02,686487.5629068098,TECL,54887.00380550304,0.0,12.144654273986816,False
2018-07-03,661282.513754015,TECL,54887.00380550304,0.0,12.144654273986816,False
2018-07-05,688488.058351526,TECL,54887.00380550304,0.0,12.144654273986816,False
2018-07-06,713393.0698286416,TECL,54887.00380550304,0.0,12.144654273986816,False
2018-07-09,729496.278228152,TECL,54887.00380550304,0.0,12.144654273986816,False
2018-07-10,734597.2851249817,TECL,54887.00380550304,0.0,12.144654273986816,False
2018-07-11,723194.9635956273,TECL,54887.00380550304,0.0,12.144654273986816,False
2018-07-12,759302.2365887604,TECL,54887.00380550304,0.0,12.144654273986816,False
2018-07-13,757201.8158260274,TECL,54887.00380550304,0.0,12.144654273986816,False
2018-07-16,752050.8724423524,TECL,54887.00380550304,0.0,12.144654273986816,False
2018-07-17,767753.960815189,TECL,54887.00380550304,0.0,12.144654273986816,False
2018-07-18,764353.2546544188,TECL,54887.00380550304,0.0,12.144654273986816,False
2018-07-19,756651.7816501659,TECL,54887.00380550304,0.0,12.144654273986816,False
2018-07-20,755501.5150899681,TECL,54887.00380550304,0.0,12.144654273986816,False
2018-07-23,766803.6495796765,TECL,54887.00380550304,0.0,12.144654273986816,False
2018-07-24,780206.3618650952,TECL,54887.00380550304,0.0,12.144654273986816,False
2018-07-25,808162.0006518046,TECL,54887.00380550304,0.0,12.144654273986816,False
2018-07-26,772154.7576653401,TECL,54887.00380550304,0.0,12.144654273986816,False
2018-07-27,730596.5559571785,TECL,54887.00380550304,0.0,12.144654273986816,False
2018-07-30,697639.9402803077,TECL,54887.00380550304,0.0,12.144654273986816,False
2018-07-31,703490.9366776841,TECL,54887.00380550304,0.0,12.144654273986816,False
2018-08-01,720894.5351638835,TECL,54887.00380550304,0.0,12.817076683044434,False
2018-08-02,749250.2416329407,TECL,54887.00380550304,0.0,12.817076683044434,False
2018-08-03,757151.9316835079,TECL,54887.00380550304,0.0,12.817076683044434,False
2018-08-06,769854.381577922,TECL,54887.00380550304,0.0,12.817076683044434,False
2018-08-07,777705.9257643404,TECL,54887.00380550304,0.0,12.817076683044434,False
2018-08-08,783457.1015323517,TECL,54887.00380550304,0.0,12.817076683044434,False
2018-08-09,784407.3080792127,TECL,54887.00380550304,0.0,12.817076683044434,False
2018-08-10,765953.5253838097,TECL,54887.00380550304,0.0,12.817076683044434,False
2018-08-13,763003.0851138617,TECL,54887.00380550304,0.0,12.817076683044434,False
2018-08-14,776805.7603929766,TECL,54887.00380550304,0.0,12.817076683044434,False
2018-08-15,756301.5981103377,TECL,54887.00380550304,0.0,12.817076683044434,False
2018-08-16,764903.4458632579,TECL,54887.00380550304,0.0,12.817076683044434,False
2018-08-17,768553.9914912329,TECL,54887.00380550304,0.0,12.817076683044434,False
2018-08-20,764503.2734922584,TECL,54887.00380550304,0.0,12.817076683044434,False
2018-08-21,767603.7326000461,TECL,54887.00380550304,0.0,12.817076683044434,False
2018-08-22,774305.3242922217,TECL,54887.00380550304,0.0,12.817076683044434,False
2018-08-23,778656.1323112014,TECL,54887.00380550304,0.0,12.817076683044434,False
2018-08-24,802310.8472214508,TECL,54887.00380550304,0.0,12.817076683044434,False
2018-08-27,824615.444935469,TECL,54887.00380550304,0.0,12.817076683044434,False
2018-08-28,827215.963387218,TECL,54887.00380550304,0.0,12.817076683044434,False
2018-08-29,850320.4870886282,TECL,54887.00380550304,0.0,12.817076683044434,False
2018-08-30,843118.954740414,TECL,54887.00380550304,0.0,12.817076683044434,False
2018-08-31,845119.3978408044,TECL,54887.00380550304,0.0,12.817076683044434,False
2018-09-04,835367.4929049897,TQQQ,98369.46041159616,0.0,8.492142677307129,False
2018-09-05,802158.5501106839,TQQQ,98369.46041159616,0.0,8.492142677307129,False
2018-09-06,768538.0934725907,CASH,0.0,768538.0934725907,,False
2018-09-07,768538.0934725907,CASH,0.0,768538.0934725907,,False
2018-09-10,768538.0934725907,CASH,0.0,768538.0934725907,,False
2018-09-11,768538.0934725907,CASH,0.0,768538.0934725907,,False
2018-09-12,768538.0934725907,CASH,0.0,768538.0934725907,,False
2018-09-13,768538.0934725907,CASH,0.0,768538.0934725907,,False
2018-09-14,768538.0934725907,CASH,0.0,768538.0934725907,,False
2018-09-17,768538.0934725907,CASH,0.0,768538.0934725907,,False
2018-09-18,768538.0934725907,CASH,0.0,768538.0934725907,,False
2018-09-19,768538.0934725907,CASH,0.0,768538.0934725907,,False
2018-09-20,768538.0934725907,CASH,0.0,768538.0934725907,,False
2018-09-21,768538.0934725907,CASH,0.0,768538.0934725907,,False
2018-09-24,768538.0934725907,CASH,0.0,768538.0934725907,,False
2018-09-25,768538.0934725907,CASH,0.0,768538.0934725907,,False
2018-09-26,768538.0934725907,CASH,0.0,768538.0934725907,,False
2018-09-27,768538.0934725907,CASH,0.0,768538.0934725907,,False
2018-09-28,768538.0934725907,CASH,0.0,768538.0934725907,,False
2018-10-01,768538.0934725907,TECL,49681.32266142273,0.0,15.469356536865234,False
2018-10-02,768221.217360645,TECL,49681.32266142273,0.0,15.469356536865234,False
2018-10-03,775242.4301341551,TECL,49681.32266142273,0.0,15.469356536865234,False
2018-10-04,734972.0152908309,TECL,49681.32266142273,0.0,15.469356536865234,False
2018-10-05,707055.0459947834,CASH,0.0,707055.0459947834,,False
2018-10-08,707055.0459947834,CASH,0.0,707055.0459947834,,False
2018-10-09,707055.0459947834,CASH,0.0,707055.0459947834,,False
2018-10-10,707055.0459947834,CASH,0.0,707055.0459947834,,False
2018-10-11,707055.0459947834,CASH,0.0,707055.0459947834,,False
2018-10-12,707055.0459947834,CASH,0.0,707055.0459947834,,False
2018-10-15,707055.0459947834,CASH,0.0,707055.0459947834,,False
2018-10-16,707055.0459947834,CASH,0.0,707055.0459947834,,False
2018-10-17,707055.0459947834,CASH,0.0,707055.0459947834,,False
2018-10-18,707055.0459947834,CASH,0.0,707055.0459947834,,False
2018-10-19,707055.0459947834,CASH,0.0,707055.0459947834,,False
2018-10-22,707055.0459947834,CASH,0.0,707055.0459947834,,False
2018-10-23,707055.0459947834,CASH,0.0,707055.0459947834,,False
2018-10-24,707055.0459947834,CASH,0.0,707055.0459947834,,False
2018-10-25,707055.0459947834,CASH,0.0,707055.0459947834,,False
2018-10-26,707055.0459947834,CASH,0.0,707055.0459947834,,False
2018-10-29,707055.0459947834,CASH,0.0,707055.0459947834,,False
2018-10-30,707055.0459947834,CASH,0.0,707055.0459947834,,False
2018-10-31,707055.0459947834,CASH,0.0,707055.0459947834,,False
2018-11-01,707055.0459947834,SHY,10115.97535138642,0.0,69.89489608610798,False
2018-11-02,706203.1195488811,SHY,10115.97535138642,0.0,69.89489608610798,False
2018-11-05,706458.8376021332,SHY,10115.97535138642,0.0,69.89489608610798,False
2018-11-06,706288.2032116527,SHY,10115.97535138642,0.0,69.89489608610798,False
2018-11-07,706032.9522233382,SHY,10115.97535138642,0.0,69.89489608610798,False
2018-11-08,705947.0122748482,SHY,10115.97535138642,0.0,69.89489608610798,False
2018-11-09,706288.2032116527,SHY,10115.97535138642,0.0,69.89489608610798,False
2018-11-12,706799.6393181565,SHY,10115.97535138642,0.0,69.89489608610798,False
2018-11-13,706885.1900458654,SHY,10115.97535138642,0.0,69.89489608610798,False
2018-11-14,707396.0812432757,SHY,10115.97535138642,0.0,69.89489608610798,False
2018-11-15,707737.1164917677,SHY,10115.97535138642,0.0,69.89489608610798,False
2018-11-16,708248.1633774904,SHY,10115.97535138642,0.0,69.89489608610798,False
2018-11-19,708844.6831467658,SHY,10115.97535138642,0.0,69.89489608610798,False
2018-11-20,708674.4379770666,SHY,10115.97535138642,0.0,69.89489608610798,False
2018-11-21,708674.4379770666,SHY,10115.97535138642,0.0,69.89489608610798,False
2018-11-23,708503.9592748984,SHY,10115.97535138642,0.0,69.89489608610798,False
2018-11-26,708589.1207818263,SHY,10115.97535138642,0.0,69.89489608610798,False
2018-11-27,708674.4379770666,SHY,10115.97535138642,0.0,69.89489608610798,False
2018-11-28,708929.688965381,SHY,10115.97535138642,0.0,69.89489608610798,False
2018-11-29,709100.4012000178,SHY,10115.97535138642,0.0,69.89489608610798,False
2018-11-30,709355.8857208007,SHY,10115.97535138642,0.0,69.89489608610798,False
2018-12-03,708775.5575360238,GLD,6088.613823888446,0.0,116.41000366210938,False
2018-12-04,713098.4677766921,GLD,6088.613823888446,0.0,116.41000366210938,False
2018-12-06,713220.2196140976,GLD,6088.613823888446,0.0,116.41000366210938,False
2018-12-07,719004.3841658168,GLD,6088.613823888446,0.0,116.41000366210938,False
2018-12-10,716508.0766532898,GLD,6088.613823888446,0.0,116.41000366210938,False
2018-12-11,715655.6744341403,GLD,6088.613823888446,0.0,116.41000366210938,False
2018-12-12,717177.8278901125,GLD,6088.613823888446,0.0,116.41000366210938,False
2018-12-13,715594.7752892191,GLD,6088.613823888446,0.0,116.41000366210938,False
2018-12-14,712733.1193596016,GLD,6088.613823888446,0.0,116.41000366210938,False
2018-12-17,717664.9281446084,GLD,6088.613823888446,0.0,116.41000366210938,False
2018-12-18,719369.7325829073,GLD,6088.613823888446,0.0,116.41000366210938,False
2018-12-19,714985.9231973176,GLD,6088.613823888446,0.0,116.41000366210938,False
2018-12-20,726006.2993537759,GLD,6088.613823888446,0.0,116.41000366210938,False
2018-12-21,722840.2406044262,GLD,6088.613823888446,0.0,116.41000366210938,False
2018-12-24,730755.410704019,GLD,6088.613823888446,0.0,116.41000366210938,False
2018-12-26,728563.5524636612,GLD,6088.613823888446,0.0,116.41000366210938,False
2018-12-27,734104.1668881325,GLD,6088.613823888446,0.0,116.41000366210938,False
2018-12-28,737087.5746551554,GLD,6088.613823888446,0.0,116.41000366210938,False
2018-12-31,738244.4261464741,GLD,6088.613823888446,0.0,116.41000366210938,False
2019-01-02,738731.5264009701,GLD,6088.613823888446,0.0,121.25,False
2019-01-03,745428.9923167599,GLD,6088.613823888446,0.0,121.25,False
2019-01-04,739401.2776377928,GLD,6088.613823888446,0.0,121.25,False
2019-01-07,741958.484295241,GLD,6088.613823888446,0.0,121.25,False
2019-01-08,739949.2305847729,GLD,6088.613823888446,0.0,121.25,False
2019-01-09,744698.341935016,GLD,6088.613823888446,0.0,121.25,False
2019-01-10,740314.5325494264,GLD,6088.613823888446,0.0,121.25,False
2019-01-11,741593.1823305875,GLD,6088.613823888446,0.0,121.25,False
2019-01-14,743358.8394613706,GLD,6088.613823888446,0.0,121.25,False
2019-01-15,742080.2361326464,GLD,6088.613823888446,0.0,121.25,False
2019-01-16,744454.791807768,GLD,6088.613823888446,0.0,121.25,False
2019-01-17,743480.637751213,GLD,6088.613823888446,0.0,121.25,False
2019-01-18,736844.0245279075,GLD,6088.613823888446,0.0,121.25,False
2019-01-22,739462.1303302769,GLD,6088.613823888446,0.0,121.25,False
2019-01-23,738427.0771288008,GLD,6088.613823888446,0.0,121.25,False
2019-01-24,737270.2256374821,GLD,6088.613823888446,0.0,121.25,False
2019-01-25,748047.0981191294,GLD,6088.613823888446,0.0,121.25,False
2019-01-28,750665.203921499,GLD,6088.613823888446,0.0,121.25,False
2019-01-29,754866.3623247618,GLD,6088.613823888446,0.0,121.25,False
2019-01-30,759189.2725654301,GLD,6088.613823888446,0.0,121.25,False
2019-01-31,759554.5745300837,GLD,6088.613823888446,0.0,121.25,False
2019-02-01,758032.4210741115,GLD,6088.613823888446,0.0,124.75,False
2019-02-04,754744.5640349194,GLD,6088.613823888446,0.0,124.75,False
2019-02-05,756692.9186004661,GLD,6088.613823888446,0.0,124.75,False
2019-02-06,751578.5052855696,GLD,6088.613823888446,0.0,124.75,False
2019-02-07,753405.061561274,GLD,6088.613823888446,0.0,124.75,False
2019-02-08,756266.7174908915,GLD,6088.613823888446,0.0,124.75,False
2019-02-11,752552.6593421245,GLD,6088.613823888446,0.0,124.75,False
2019-02-12,754135.7119430179,GLD,6088.613823888446,0.0,124.75,False
2019-02-13,751152.3041759949,GLD,6088.613823888446,0.0,124.75,False
2019-02-14,755353.4161268207,GLD,6088.613823888446,0.0,124.75,False
2019-02-15,759859.0238022528,GLD,6088.613823888446,0.0,124.75,False
2019-02-19,771427.3529056913,GLD,6088.613823888446,0.0,124.75,False
2019-02-20,770087.8968844829,GLD,6088.613823888446,0.0,124.75,False
2019-02-21,761381.1772582249,GLD,6088.613823888446,0.0,124.75,False
2019-02-22,764121.034898,GLD,6088.613823888446,0.0,124.75,False
2019-02-25,763329.5318237718,GLD,6088.613823888446,0.0,124.75,False
2019-02-26,764608.1351524959,GLD,6088.613823888446,0.0,124.75,False
2019-02-27,759189.2725654301,GLD,6088.613823888446,0.0,124.75,False
2019-02-28,754927.2150172461,GLD,6088.613823888446,0.0,124.75,False
2019-03-01,742080.2361326464,GLD,6088.613823888446,0.0,123.98999786376953,False
2019-03-04,740131.8815670996,GLD,6088.613823888446,0.0,123.98999786376953,False
2019-03-05,741106.0820760916,GLD,6088.613823888446,0.0,123.98999786376953,False
2019-03-06,740436.3308392689,GLD,6088.613823888446,0.0,123.98999786376953,False
2019-03-07,739827.4787473674,GLD,6088.613823888446,0.0,123.98999786376953,False
2019-03-08,747925.299829287,GLD,6088.613823888446,0.0,123.98999786376953,False
2019-03-11,744272.1408254412,GLD,6088.613823888446,0.0,123.98999786376953,False
2019-03-12,748777.7485008733,GLD,6088.613823888446,0.0,123.98999786376953,False
2019-03-13,754013.9136531753,GLD,6088.613823888446,0.0,123.98999786376953,False
2019-03-14,745307.2404793544,GLD,6088.613823888446,0.0,123.98999786376953,False
2019-03-15,748716.8493559521,GLD,6088.613823888446,0.0,123.98999786376953,False
2019-03-18,749143.0504655269,GLD,6088.613823888446,0.0,123.98999786376953,False
2019-03-19,751213.1568684791,GLD,6088.613823888446,0.0,123.98999786376953,False
2019-03-20,756084.0665085647,GLD,6088.613823888446,0.0,123.98999786376953,False
2019-03-21,753039.7595966205,GLD,6088.613823888446,0.0,123.98999786376953,False
2019-03-22,754805.4631798406,GLD,6088.613823888446,0.0,123.98999786376953,False
2019-03-25,760589.6277315598,GLD,6088.613823888446,0.0,123.98999786376953,False
2019-03-26,756814.7168903087,GLD,6088.613823888446,0.0,123.98999786376953,False
2019-03-27,752857.1086142937,GLD,6088.613823888446,0.0,123.98999786376953,False
2019-03-28,742202.034422489,GLD,6088.613823888446,0.0,123.98999786376953,False
2019-03-29,742871.7856593117,GLD,6088.613823888446,0.0,123.98999786376953,False
2019-04-01,739949.2305847729,GLD,6088.613823888446,0.0,122.01000213623047,False
2019-04-02,742689.134676985,GLD,6088.613823888446,0.0,122.01000213623047,False
2019-04-03,741593.1823305875,GLD,6088.613823888446,0.0,122.01000213623047,False
2019-04-04,743480.637751213,GLD,6088.613823888446,0.0,122.01000213623047,False
2019-04-05,742689.134676985,GLD,6088.613823888446,0.0,122.01000213623047,False
2019-04-08,745916.0925712559,GLD,6088.613823888446,0.0,122.01000213623047,False
2019-04-09,749812.8017023496,GLD,6088.613823888446,0.0,122.01000213623047,False
2019-04-10,752126.4582325498,GLD,6088.613823888446,0.0,122.01000213623047,False
2019-04-11,742506.4372422212,GLD,6088.613823888446,0.0,122.01000213623047,False
2019-04-12,741775.8333129142,GLD,6088.613823888446,0.0,122.01000213623047,False
2019-04-15,740375.4316943476,GLD,6088.613823888446,0.0,122.01000213623047,False
2019-04-16,733738.864923479,GLD,6088.613823888446,0.0,122.01000213623047,False
2019-04-17,732338.4633049123,GLD,6088.613823888446,0.0,122.01000213623047,False
2019-04-18,732886.4627043295,GLD,6088.613823888446,0.0,122.01000213623047,False
2019-04-22,732886.4627043295,GLD,6088.613823888446,0.0,122.01000213623047,False
2019-04-23,731364.3092483574,GLD,6088.613823888446,0.0,122.01000213623047,False
2019-04-24,733495.314796231,GLD,6088.613823888446,0.0,122.01000213623047,False
2019-04-25,734104.1668881325,GLD,6088.613823888446,0.0,122.01000213623047,False
2019-04-26,738975.076528218,GLD,6088.613823888446,0.0,122.01000213623047,False
2019-04-29,735687.2194890258,GLD,6088.613823888446,0.0,122.01000213623047,False
2019-04-30,737939.9768743048,GLD,6088.613823888446,0.0,122.01000213623047,False
2019-05-01,733069.1136866563,TQQQ,94235.8335784938,0.0,7.779090881347656,False
2019-05-02,724092.3744184443,TQQQ,94235.8335784938,0.0,7.779090881347656,False
2019-05-03,758204.1274301206,TQQQ,94235.8335784938,0.0,7.779090881347656,False
2019-05-06,744626.748062812,TQQQ,94235.8335784938,0.0,7.779090881347656,False
2019-05-07,701313.7148529427,TQQQ,94235.8335784938,0.0,7.779090881347656,False
2019-05-08,695142.2318820673,TQQQ,94235.8335784938,0.0,7.779090881347656,False
2019-05-09,672812.2701040211,CASH,0.0,672812.2701040211,,False
2019-05-10,672812.2701040211,CASH,0.0,672812.2701040211,,False
2019-05-13,672812.2701040211,CASH,0.0,672812.2701040211,,False
2019-05-14,672812.2701040211,CASH,0.0,672812.2701040211,,False
2019-05-15,672812.2701040211,CASH,0.0,672812.2701040211,,False
2019-05-16,672812.2701040211,CASH,0.0,672812.2701040211,,False
2019-05-17,672812.2701040211,CASH,0.0,672812.2701040211,,False
2019-05-20,672812.2701040211,CASH,0.0,672812.2701040211,,False
2019-05-21,672812.2701040211,CASH,0.0,672812.2701040211,,False
2019-05-22,672812.2701040211,CASH,0.0,672812.2701040211,,False
2019-05-23,672812.2701040211,CASH,0.0,672812.2701040211,,False
2019-05-24,672812.2701040211,CASH,0.0,672812.2701040211,,False
2019-05-28,672812.2701040211,CASH,0.0,672812.2701040211,,False
2019-05-29,672812.2701040211,CASH,0.0,672812.2701040211,,False
2019-05-30,672812.2701040211,CASH,0.0,672812.2701040211,,False
2019-05-31,672812.2701040211,CASH,0.0,672812.2701040211,,False
2019-06-03,672812.2701040211,TQQQ,120195.28153572947,0.0,5.597659587860107,False
2019-06-04,727341.438408541,TQQQ,120195.28153572947,0.0,5.597659587860107,False
2019-06-05,743370.8994776065,TQQQ,120195.28153572947,0.0,5.597659587860107,False
2019-06-06,760545.4284911044,TQQQ,120195.28153572947,0.0,5.597659587860107,False
2019-06-07,803911.1729966025,TQQQ,120195.28153572947,0.0,5.597659587860107,False
2019-06-10,833251.0244395153,TQQQ,120195.28153572947,0.0,5.597659587860107,False
2019-06-11,836399.660390428,TQQQ,120195.28153572947,0.0,5.597659587860107,False
2019-06-12,822230.7126409564,TQQQ,120195.28153572947,0.0,5.597659587860107,False
2019-06-13,835684.1003881136,TQQQ,120195.28153572947,0.0,5.597659587860107,False
2019-06-14,824806.843276441,TQQQ,120195.28153572947,0.0,5.597659587860107,False
2019-06-17,839834.6922829958,TQQQ,120195.28153572947,0.0,5.597659587860107,False
2019-06-18,876187.4329436248,TQQQ,120195.28153572947,0.0,5.597659587860107,False
2019-06-19,886492.0701127165,TQQQ,120195.28153572947,0.0,5.597659587860107,False
2019-06-20,910822.7149715463,TQQQ,120195.28153572947,0.0,5.597659587860107,False
2019-06-21,906672.1803902406,TQQQ,120195.28153572947,0.0,5.597659587860107,False
2019-06-24,906385.8990757384,TQQQ,120195.28153572947,0.0,5.597659587860107,False
2019-06-25,860014.7452469436,TQQQ,120195.28153572947,0.0,5.597659587860107,False
2019-06-26,870891.8304178867,TQQQ,120195.28153572947,0.0,5.597659587860107,False
2019-06-27,880337.910211354,TQQQ,120195.28153572947,0.0,5.597659587860107,False
2019-06-28,884059.0514776947,TQQQ,120195.28153572947,0.0,5.597659587860107,False
2019-07-01,919266.7815074677,TECL,60633.154085167655,0.0,15.161124229431152,False
2019-07-02,926199.5081221652,TECL,60633.154085167655,0.0,15.161124229431152,False
2019-07-03,944834.1924636937,TECL,60633.154085167655,0.0,15.161124229431152,False
2019-07-05,941506.578520461,TECL,60633.154085167655,0.0,15.161124229431152,False
2019-07-08,918767.4688343516,TECL,60633.154085167655,0.0,15.161124229431152,False
2019-07-09,927752.4948577622,TECL,60633.154085167655,0.0,15.161124229431152,False
2019-07-10,949104.6891455287,TECL,60633.154085167655,0.0,15.161124229431152,False
2019-07-11,960252.1698344314,TECL,60633.154085167655,0.0,15.161124229431152,False
2019-07-12,981882.3254446841,TECL,60633.154085167655,0.0,15.161124229431152,False
2019-07-15,989646.9700012602,TECL,60633.154085167655,0.0,15.161124229431152,False
2019-07-16,962359.8070808019,TECL,60633.154085167655,0.0,15.161124229431152,False
2019-07-17,955371.8004527288,TECL,60633.154085167655,0.0,15.161124229431152,False
2019-07-18,977278.9343726777,TECL,60633.154085167655,0.0,15.161124229431152,False
2019-07-19,960696.2603184535,TECL,60633.154085167655,0.0,15.161124229431152,False
2019-07-22,996745.5944803664,TECL,60633.154085167655,0.0,15.161124229431152,False
2019-07-23,1011609.2104617395,TECL,60633.154085167655,0.0,15.161124229431152,False
2019-07-24,1037676.049739645,TECL,60633.154085167655,0.0,15.161124229431152,False
2019-07-25,1012552.2088489054,TECL,60633.154085167655,0.0,15.161124229431152,False
2019-07-26,1030743.1496521023,TECL,60633.154085167655,0.0,15.161124229431152,False
2019-07-29,1029412.2659827981,TECL,60633.154085167655,0.0,15.161124229431152,False
2019-07-30,1008115.1204112802,TECL,60633.154085167655,0.0,15.161124229431152,False
2019-07-31,961639.0852327741,TECL,60633.154085167655,0.0,15.161124229431152,False
2019-08-01,948217.3177174291,TQQQ,123118.02766841261,0.0,7.701693534851074,False
2019-08-02,904823.3251916817,TQQQ,123118.02766841261,0.0,7.701693534851074,False
2019-08-05,849407.9684186245,CASH,0.0,849407.9684186245,,False
2019-08-06,849407.9684186245,CASH,0.0,849407.9684186245,,False
2019-08-07,849407.9684186245,CASH,0.0,849407.9684186245,,False
2019-08-08,849407.9684186245,CASH,0.0,849407.9684186245,,False
2019-08-09,849407.9684186245,CASH,0.0,849407.9684186245,,False
2019-08-12,849407.9684186245,CASH,0.0,849407.9684186245,,False
2019-08-13,849407.9684186245,CASH,0.0,849407.9684186245,,False
2019-08-14,849407.9684186245,CASH,0.0,849407.9684186245,,False
2019-08-15,849407.9684186245,CASH,0.0,849407.9684186245,,False
2019-08-16,849407.9684186245,CASH,0.0,849407.9684186245,,False
2019-08-19,849407.9684186245,CASH,0.0,849407.9684186245,,False
2019-08-20,849407.9684186245,CASH,0.0,849407.9684186245,,False
2019-08-21,849407.9684186245,CASH,0.0,849407.9684186245,,False
2019-08-22,849407.9684186245,CASH,0.0,849407.9684186245,,False
2019-08-23,849407.9684186245,CASH,0.0,849407.9684186245,,False
2019-08-26,849407.9684186245,CASH,0.0,849407.9684186245,,False
2019-08-27,849407.9684186245,CASH,0.0,849407.9684186245,,False
2019-08-28,849407.9684186245,CASH,0.0,849407.9684186245,,False
2019-08-29,849407.9684186245,CASH,0.0,849407.9684186245,,False
2019-08-30,849407.9684186245,CASH,0.0,849407.9684186245,,False
2019-09-03,849407.9684186245,TQQQ,121461.92391167834,0.0,6.993203639984131,False
2019-09-04,885131.5185803311,TQQQ,121461.92391167834,0.0,6.993203639984131,False
2019-09-05,934016.1968470896,TQQQ,121461.92391167834,0.0,6.993203639984131,False
2019-09-06,931412.8605043228,TQQQ,121461.92391167834,0.0,6.993203639984131,False
2019-09-09,925483.1450168781,TQQQ,121461.92391167834,0.0,6.993203639984131,False
2019-09-10,917817.7561324717,TQQQ,121461.92391167834,0.0,6.993203639984131,False
2019-09-11,942549.3645124182,TQQQ,121461.92391167834,0.0,6.993203639984131,False
2019-09-12,954264.2911785308,TQQQ,121461.92391167834,0.0,6.993203639984131,False
2019-09-13,944140.2440128102,TQQQ,121461.92391167834,0.0,6.993203639984131,False
2019-09-16,931123.5622989762,TQQQ,121461.92391167834,0.0,6.993203639984131,False
2019-09-17,943417.2591284578,TQQQ,121461.92391167834,0.0,6.993203639984131,False
2019-09-18,942838.604800206,TQQQ,121461.92391167834,0.0,6.993203639984131,False
2019-09-19,947032.9364784821,TQQQ,121461.92391167834,0.0,6.993203639984131,False
2019-09-20,917239.2176393374,TQQQ,121461.92391167834,0.0,6.993203639984131,False
2019-09-23,918106.938502701,TQQQ,121461.92391167834,0.0,6.993203639984131,False
2019-09-24,881805.0236005359,TQQQ,121461.92391167834,0.0,6.993203639984131,False
2019-09-25,910007.6891866128,TQQQ,121461.92391167834,0.0,6.993203639984131,False
2019-09-26,900896.0409457084,TQQQ,121461.92391167834,0.0,6.993203639984131,False
2019-09-27,868209.8033935677,TQQQ,121461.92391167834,0.0,6.993203639984131,False
2019-09-30,891350.4164380049,TQQQ,121461.92391167834,0.0,6.993203639984131,False
2019-10-01,869800.7987290769,TQQQ,121461.92391167834,0.0,7.338517189025879,False
2019-10-02,820042.3831229646,CASH,0.0,820042.3831229646,,False
2019-10-03,820042.3831229646,CASH,0.0,820042.3831229646,,False
2019-10-04,820042.3831229646,CASH,0.0,820042.3831229646,,False
2019-10-07,820042.3831229646,CASH,0.0,820042.3831229646,,False
2019-10-08,820042.3831229646,CASH,0.0,820042.3831229646,,False
2019-10-09,820042.3831229646,CASH,0.0,820042.3831229646,,False
2019-10-10,820042.3831229646,CASH,0.0,820042.3831229646,,False
2019-10-11,820042.3831229646,CASH,0.0,820042.3831229646,,False
2019-10-14,820042.3831229646,CASH,0.0,820042.3831229646,,False
2019-10-15,820042.3831229646,CASH,0.0,820042.3831229646,,False
2019-10-16,820042.3831229646,CASH,0.0,820042.3831229646,,False
2019-10-17,820042.3831229646,CASH,0.0,820042.3831229646,,False
2019-10-18,820042.3831229646,CASH,0.0,820042.3831229646,,False
2019-10-21,820042.3831229646,CASH,0.0,820042.3831229646,,False
2019-10-22,820042.3831229646,CASH,0.0,820042.3831229646,,False
2019-10-23,820042.3831229646,CASH,0.0,820042.3831229646,,False
2019-10-24,820042.3831229646,CASH,0.0,820042.3831229646,,False
2019-10-25,820042.3831229646,CASH,0.0,820042.3831229646,,False
2019-10-28,820042.3831229646,CASH,0.0,820042.3831229646,,False
2019-10-29,820042.3831229646,CASH,0.0,820042.3831229646,,False
2019-10-30,820042.3831229646,CASH,0.0,820042.3831229646,,False
2019-10-31,820042.3831229646,CASH,0.0,820042.3831229646,,False
2019-11-01,820042.3831229646,TECL,46920.60473860963,0.0,17.47723388671875,False
2019-11-04,832923.2475334186,TECL,46920.60473860963,0.0,17.47723388671875,False
2019-11-05,829445.6020798937,TECL,46920.60473860963,0.0,17.47723388671875,False
2019-11-06,830218.2033614573,TECL,46920.60473860963,0.0,17.47723388671875,False
2019-11-07,848036.8070408781,TECL,46920.60473860963,0.0,17.47723388671875,False
2019-11-08,862206.1158681826,TECL,46920.60473860963,0.0,17.47723388671875,False
2019-11-11,863751.7659010664,TECL,46920.60473860963,0.0,17.47723388671875,False
2019-11-12,871136.8067622534,TECL,46920.60473860963,0.0,17.47723388671875,False
2019-11-13,878650.6294193597,TECL,46920.60473860963,0.0,17.47723388671875,False
2019-11-14,874958.1089887661,TECL,46920.60473860963,0.0,17.47723388671875,False
2019-11-15,895653.3167447881,TECL,46920.60473860963,0.0,17.47723388671875,False
2019-11-18,903811.316863344,TECL,46920.60473860963,0.0,17.47723388671875,False
2019-11-19,909350.0975092343,TECL,46920.60473860963,0.0,17.47723388671875,False
2019-11-20,891316.8873345988,TECL,46920.60473860963,0.0,17.47723388671875,False
2019-11-21,879466.277291498,TECL,46920.60473860963,0.0,17.47723388671875,False
2019-11-22,876031.678428548,TECL,46920.60473860963,0.0,17.47723388671875,False
2019-11-25,912742.0077574148,TECL,46920.60473860963,0.0,17.47723388671875,False
2019-11-26,913600.8812080306,TECL,46920.60473860963,0.0,17.47723388671875,False
2019-11-27,929573.1351782032,TECL,46920.60473860963,0.0,17.47723388671875,False
2019-11-29,920127.2276065046,TECL,46920.60473860963,0.0,17.47723388671875,False
2019-12-02,883330.7156025368,TQQQ,98595.79756676576,0.0,8.959111213684082,False
2019-12-03,863489.9023007202,TQQQ,98595.79756676576,0.0,8.959111213684082,False
2019-12-04,876287.0571593468,TQQQ,98595.79756676576,0.0,8.959111213684082,False
2019-12-05,880865.4821615602,TQQQ,98595.79756676576,0.0,8.959111213684082,False
2019-12-06,908102.5599559858,TQQQ,98595.79756676576,0.0,8.959111213684082,False
2019-12-09,896949.583598729,TQQQ,98595.79756676576,0.0,8.959111213684082,False
2019-12-10,894953.6453024589,TQQQ,98595.79756676576,0.0,8.959111213684082,False
2019-12-11,908455.0719771247,TQQQ,98595.79756676576,0.0,8.959111213684082,False
2019-12-12,929234.8516814737,TQQQ,98595.79756676576,0.0,8.959111213684082,False
2019-12-13,937570.552718014,TQQQ,98595.79756676576,0.0,8.959111213684082,False
2019-12-16,964455.3065478601,TQQQ,98595.79756676576,0.0,8.959111213684082,False
2019-12-17,965746.8789998112,TQQQ,98595.79756676576,0.0,8.959111213684082,False
2019-12-18,967977.5118825745,TQQQ,98595.79756676576,0.0,8.959111213684082,False
2019-12-19,987700.9778911446,TQQQ,98595.79756676576,0.0,8.959111213684082,False
2019-12-20,999440.9727994738,TQQQ,98595.79756676576,0.0,8.959111213684082,False
2019-12-23,1006837.519376922,TQQQ,98595.79756676576,0.0,8.959111213684082,False
2019-12-24,1008141.0334204135,TQQQ,98595.79756676576,0.0,8.959111213684082,False
2019-12-26,1034331.2003470446,TQQQ,98595.79756676576,0.0,8.959111213684082,False
2019-12-27,1031277.7259873576,TQQQ,98595.79756676576,0.0,8.959111213684082,False
2019-12-30,1010724.8365222747,TQQQ,98595.79756676576,0.0,8.959111213684082,False
2019-12-31,1016479.8373901888,TQQQ,98595.79756676576,0.0,8.959111213684082,False
2020-01-02,1066863.2926643824,TQQQ,98595.79756676576,0.0,10.309565544128418,False
2020-01-03,1037854.7220776768,TQQQ,98595.79756676576,0.0,10.309565544128418,False
2020-01-06,1057585.3342355152,TQQQ,98595.79756676576,0.0,10.309565544128418,False
2020-01-07,1056293.2916421648,TQQQ,98595.79756676576,0.0,10.309565544128418,False
2020-01-08,1080604.2093678133,TQQQ,98595.79756676576,0.0,10.309565544128418,False
2020-01-09,1107851.2541599025,TQQQ,98595.79756676576,0.0,10.309565544128418,False
2020-01-10,1098808.2724023678,TQQQ,98595.79756676576,0.0,10.309565544128418,False
2020-01-13,1137212.5248243066,TQQQ,98595.79756676576,0.0,10.309565544128418,False
2020-01-14,1123941.1853504216,TQQQ,98595.79756676576,0.0,10.309565544128418,False
2020-01-15,1124645.92730786,TQQQ,98595.79756676576,0.0,10.309565544128418,False
2020-01-16,1156003.5123816535,TQQQ,98595.79756676576,0.0,10.309565544128418,False
2020-01-17,1173267.7627591572,TQQQ,98595.79756676576,0.0,10.309565544128418,False
2020-01-21,1172680.5561515251,TQQQ,98595.79756676576,0.0,10.309565544128418,False
2020-01-22,1180666.8481001614,TQQQ,98595.79756676576,0.0,10.309565544128418,False
2020-01-23,1191589.0790586784,TQQQ,98595.79756676576,0.0,10.309565544128418,False
2020-01-24,1160701.1652427106,TQQQ,98595.79756676576,0.0,10.309565544128418,False
2020-01-27,1088942.5431961895,TQQQ,98595.79756676576,0.0,10.309565544128418,False
2020-01-28,1139561.2572265551,TQQQ,98595.79756676576,0.0,10.309565544128418,False
2020-01-29,1143671.8915365397,TQQQ,98595.79756676576,0.0,10.309565544128418,False
2020-01-30,1156590.624961006,TQQQ,98595.79756676576,0.0,10.309565544128418,False
2020-01-31,1099747.6149180196,TQQQ,98595.79756676576,0.0,10.309565544128418,False
2020-02-03,1150248.6055420195,TQQQ,98595.79756676576,0.0,11.154102325439453,False
2020-02-04,1228819.0122936328,TQQQ,98595.79756676576,0.0,11.154102325439453,False
2020-02-05,1243029.4121983298,TQQQ,98595.79756676576,0.0,11.154102325439453,False
2020-02-06,1273330.3074632252,TQQQ,98595.79756676576,0.0,11.154102325439453,False
2020-02-07,1256888.0523081268,TQQQ,98595.79756676576,0.0,11.154102325439453,False
2020-02-10,1302221.4367284044,TQQQ,98595.79756676576,0.0,11.154102325439453,False
2020-02-11,1303161.0613288956,TQQQ,98595.79756676576,0.0,11.154102325439453,False
2020-02-12,1341330.3370795017,TQQQ,98595.79756676576,0.0,11.154102325439453,False
2020-02-13,1336162.7308757794,TQQQ,98595.79756676576,0.0,11.154102325439453,False
2020-02-14,1345206.0887464334,TQQQ,98595.79756676576,0.0,11.154102325439453,False
2020-02-18,1347555.0092052417,TQQQ,98595.79756676576,0.0,11.154102325439453,False
2020-02-19,1386546.4682348126,TQQQ,98595.79756676576,0.0,11.154102325439453,False
2020-02-20,1347085.337947416,TQQQ,98595.79756676576,0.0,11.154102325439453,False
2020-02-21,1270041.8564322055,TQQQ,98595.79756676576,0.0,11.154102325439453,False
2020-02-24,1123706.3027073687,TQQQ,98595.79756676576,0.0,11.154102325439453,False
2020-02-25,1032804.4631672011,TQQQ,98595.79756676576,0.0,11.154102325439453,False
2020-02-26,1047015.2391850177,TQQQ,98595.79756676576,0.0,11.154102325439453,False
2020-02-27,966565.9989778935,CASH,0.0,966565.9989778935,,False
2020-02-28,966565.9989778935,CASH,0.0,966565.9989778935,,False
2020-03-02,966565.9989778935,TECL,43404.05774064796,0.0,22.269023895263672,False
2020-03-03,889240.7190596621,CASH,0.0,889240.7190596621,,False
2020-03-04,889240.7190596621,CASH,0.0,889240.7190596621,,False
2020-03-05,889240.7190596621,CASH,0.0,889240.7190596621,,False
2020-03-06,889240.7190596621,CASH,0.0,889240.7190596621,,False
2020-03-09,889240.7190596621,CASH,0.0,889240.7190596621,,False
2020-03-10,889240.7190596621,CASH,0.0,889240.7190596621,,False
2020-03-11,889240.7190596621,CASH,0.0,889240.7190596621,,False
2020-03-12,889240.7190596621,CASH,0.0,889240.7190596621,,False
2020-03-13,889240.7190596621,CASH,0.0,889240.7190596621,,False
2020-03-16,889240.7190596621,CASH,0.0,889240.7190596621,,False
2020-03-17,889240.7190596621,CASH,0.0,889240.7190596621,,False
2020-03-18,889240.7190596621,CASH,0.0,889240.7190596621,,False
2020-03-19,889240.7190596621,CASH,0.0,889240.7190596621,,False
2020-03-20,889240.7190596621,CASH,0.0,889240.7190596621,,False
2020-03-23,889240.7190596621,CASH,0.0,889240.7190596621,,False
2020-03-24,889240.7190596621,CASH,0.0,889240.7190596621,,False
2020-03-25,889240.7190596621,CASH,0.0,889240.7190596621,,False
2020-03-26,889240.7190596621,CASH,0.0,889240.7190596621,,False
2020-03-27,889240.7190596621,CASH,0.0,889240.7190596621,,False
2020-03-30,889240.7190596621,CASH,0.0,889240.7190596621,,False
2020-03-31,889240.7190596621,CASH,0.0,889240.7190596621,,False
2020-04-01,889240.7190596621,IEF,8548.208961291566,0.0,104.02655375954976,False
2020-04-02,889386.7612793589,IEF,8548.208961291566,0.0,104.02655375954976,False
2020-04-03,890043.6235251318,IEF,8548.208961291566,0.0,104.02655375954976,False
2020-04-06,886029.4944892182,IEF,8548.208961291566,0.0,104.02655375954976,False
2020-04-07,882087.6655288547,IEF,8548.208961291566,0.0,104.02655375954976,False
2020-04-08,880992.4799782735,IEF,8548.208961291566,0.0,104.02655375954976,False
2020-04-09,882890.6355428972,IEF,8548.208961291566,0.0,104.02655375954976,False
2020-04-13,880992.4799782735,IEF,8548.208961291566,0.0,104.02655375954976,False
2020-04-14,882160.8177358484,IEF,8548.208961291566,0.0,104.02655375954976,False
2020-04-15,890043.6235251318,IEF,8548.208961291566,0.0,104.02655375954976,False
2020-04-16,890992.3735645808,IEF,8548.208961291566,0.0,104.02655375954976,False
2020-04-17,888657.0745694552,IEF,8548.208961291566,0.0,104.02655375954976,False
2020-04-20,890992.3735645808,IEF,8548.208961291566,0.0,104.02655375954976,False
2020-04-21,893474.1736194112,IEF,8548.208961291566,0.0,104.02655375954976,False
2020-04-22,890700.4202223322,IEF,8548.208961291566,0.0,104.02655375954976,False
2020-04-23,891284.523552547,IEF,8548.208961291566,0.0,104.02655375954976,False
2020-04-24,891503.4557849471,IEF,8548.208961291566,0.0,104.02655375954976,False
2020-04-27,886759.312296267,IEF,8548.208961291566,0.0,104.02655375954976,False
2020-04-28,890627.3335639111,IEF,8548.208961291566,0.0,104.02655375954976,False
2020-04-29,890189.5346476836,IEF,8548.208961291566,0.0,104.02655375954976,False
2020-04-30,888073.2334335307,IEF,8548.208961291566,0.0,104.02655375954976,False
2020-05-01,889300.5649064229,TECL,65848.0897892808,0.0,13.505335807800293,False
2020-05-04,924287.5748104356,TECL,65848.0897892808,0.0,13.505335807800293,False
2020-05-05,968520.0916833342,TECL,65848.0897892808,0.0,13.505335807800293,False
2020-05-06,987493.7054231523,TECL,65848.0897892808,0.0,13.505335807800293,False
2020-05-07,1035110.1982925214,TECL,65848.0897892808,0.0,13.505335807800293,False
2020-05-08,1078617.40251563,TECL,65848.0897892808,0.0,13.505335807800293,False
2020-05-11,1101337.9625649736,TECL,65848.0897892808,0.0,13.505335807800293,False
2020-05-12,1029852.8433377362,TECL,65848.0897892808,0.0,13.505335807800293,False
2020-05-13,975952.4426230091,TECL,65848.0897892808,0.0,13.505335807800293,False
2020-05-14,1016136.2077669112,TECL,65848.0897892808,0.0,13.505335807800293,False
2020-05-15,1027738.1330795824,TECL,65848.0897892808,0.0,13.505335807800293,False
2020-05-18,1105265.9544476026,TECL,65848.0897892808,0.0,13.505335807800293,False
2020-05-19,1092274.2547407753,TECL,65848.0897892808,0.0,13.505335807800293,False
2020-05-20,1161764.7327822743,TECL,65848.0897892808,0.0,13.505335807800293,False
2020-05-21,1118559.7107644288,TECL,65848.0897892808,0.0,13.505335807800293,False
2020-05-22,1127925.8519844182,TECL,65848.0897892808,0.0,13.505335807800293,False
2020-05-26,1128046.674628418,TECL,65848.0897892808,0.0,13.505335807800293,False
2020-05-27,1144362.1274026118,TECL,65848.0897892808,0.0,13.505335807800293,False
2020-05-28,1135660.3851293563,TECL,65848.0897892808,0.0,13.505335807800293,False
2020-05-29,1176206.9321934176,TECL,65848.0897892808,0.0,13.505335807800293,False
2020-06-01,1177838.1634826767,TECL,65848.0897892808,0.0,17.862430572509766,False
2020-06-02,1211556.3472317972,TECL,65848.0897892808,0.0,17.862430572509766,False
2020-06-03,1239413.0000085023,TECL,65848.0897892808,0.0,17.862430572509766,False
2020-06-04,1208535.1531554859,TECL,65848.0897892808,0.0,17.862430572509766,False
2020-06-05,1302075.6171161165,TECL,65848.0897892808,0.0,17.862430572509766,False
2020-06-08,1324977.5367267237,TECL,65848.0897892808,0.0,17.862430572509766,False
2020-06-09,1341715.617564388,TECL,65848.0897892808,0.0,17.862430572509766,False
2020-06-10,1412656.7209054672,TECL,65848.0897892808,0.0,17.862430572509766,False
2020-06-11,1167928.320364689,TECL,65848.0897892808,0.0,17.862430572509766,False
2020-06-12,1208776.9240387492,TECL,65848.0897892808,0.0,17.862430572509766,False
2020-06-15,1244126.5902676568,TECL,65848.0897892808,0.0,17.862430572509766,False
2020-06-16,1328905.2774188246,TECL,65848.0897892808,0.0,17.862430572509766,False
2020-06-17,1326669.4305285108,TECL,65848.0897892808,0.0,17.862430572509766,False
2020-06-18,1345945.5404617523,TECL,65848.0897892808,0.0,17.862430572509766,False
2020-06-19,1317001.2326985223,TECL,65848.0897892808,0.0,17.862430572509766,False
2020-06-22,1391023.9414379124,TECL,65848.0897892808,0.0,17.862430572509766,False
2020-06-23,1421297.6750709305,TECL,65848.0897892808,0.0,17.862430572509766,False
2020-06-24,1323829.470418199,TECL,65848.0897892808,0.0,17.862430572509766,False
2020-06-25,1374346.0207317197,TECL,65848.0897892808,0.0,17.862430572509766,False
2020-06-26,1295428.6133624394,TECL,65848.0897892808,0.0,17.862430572509766,False
2020-06-29,1332349.3507491348,TECL,65848.0897892808,0.0,17.862430572509766,False
2020-06-30,1407278.7316995785,TECL,65848.0897892808,0.0,17.862430572509766,False
2020-07-01,1411387.5807624147,TECL,65848.0897892808,0.0,21.37159538269043,False
2020-07-02,1436887.6896000705,TECL,65848.0897892808,0.0,21.37159538269043,False
2020-07-06,1513146.3708250383,TECL,65848.0897892808,0.0,21.37159538269043,False
2020-07-07,1468007.5585268782,TECL,65848.0897892808,0.0,21.37159538269043,False
2020-07-08,1534114.6257505948,TECL,65848.0897892808,0.0,21.37159538269043,False
2020-07-09,1553511.4327325718,TECL,65848.0897892808,0.0,21.37159538269043,False
2020-07-10,1551396.4084862578,TECL,65848.0897892808,0.0,21.37159538269043,False
2020-07-13,1457432.562890572,TECL,65848.0897892808,0.0,21.37159538269043,False
2020-07-14,1502088.2102079976,TECL,65848.0897892808,0.0,21.37159538269043,False
2020-07-15,1531697.2937037535,TECL,65848.0897892808,0.0,21.37159538269043,False
2020-07-16,1474412.665802028,TECL,65848.0897892808,0.0,21.37159538269043,False
2020-07-17,1491875.9336942185,TECL,65848.0897892808,0.0,21.37159538269043,False
2020-07-20,1604995.0665791458,TECL,65848.0897892808,0.0,21.37159538269043,False
2020-07-21,1560521.030013512,TECL,65848.0897892808,0.0,21.37159538269043,False
2020-07-22,1598589.959303996,TECL,65848.0897892808,0.0,21.37159538269043,False
2020-07-23,1473687.8555332941,TECL,65848.0897892808,0.0,21.37159538269043,False
2020-07-24,1420149.73435767,TECL,65848.0897892808,0.0,21.37159538269043,False
2020-07-27,1483658.2355685458,TECL,65848.0897892808,0.0,21.37159538269043,False
2020-07-28,1434651.9683050208,TECL,65848.0897892808,0.0,21.37159538269043,False
2020-07-29,1494595.3223510587,TECL,65848.0897892808,0.0,21.37159538269043,False
2020-07-30,1518766.0053189262,TECL,65848.0897892808,0.0,21.37159538269043,False
2020-07-31,1637142.3047657427,TECL,65848.0897892808,0.0,21.37159538269043,False
2020-08-03,1752859.5012824547,TQQQ,118835.98837847251,0.0,14.75024127960205,False
2020-08-04,1775649.6512067146,TQQQ,118835.98837847251,0.0,14.75024127960205,False
2020-08-05,1789805.011863869,TQQQ,118835.98837847251,0.0,14.75024127960205,False
2020-08-06,1858317.1251741247,TQQQ,118835.98837847251,0.0,14.75024127960205,False
2020-08-07,1797590.3865602643,TQQQ,118835.98837847251,0.0,14.75024127960205,False
2020-08-10,1773384.6212387083,TQQQ,118835.98837847251,0.0,14.75024127960205,False
2020-08-11,1672740.3843580042,TQQQ,118835.98837847251,0.0,14.75024127960205,False
2020-08-12,1797873.7136352176,TQQQ,118835.98837847251,0.0,14.75024127960205,False
2020-08-13,1810472.1353500888,TQQQ,118835.98837847251,0.0,14.75024127960205,False
2020-08-14,1805234.437711673,TQQQ,118835.98837847251,0.0,14.75024127960205,False
2020-08-17,1864828.5480107004,TQQQ,118835.98837847251,0.0,14.75024127960205,False
2020-08-18,1919609.8379529116,TQQQ,118835.98837847251,0.0,14.75024127960205,False
2020-08-19,1882098.353206571,TQQQ,118835.98837847251,0.0,14.75024127960205,False
2020-08-20,1959528.1295355652,TQQQ,118835.98837847251,0.0,14.75024127960205,False
2020-08-21,2000437.6125572354,TQQQ,118835.98837847251,0.0,14.75024127960205,False
2020-08-24,2037523.7666986564,TQQQ,118835.98837847251,0.0,14.75024127960205,False
2020-08-25,2085086.2227635486,TQQQ,118835.98837847251,0.0,14.75024127960205,False
2020-08-26,2218571.1275637443,TQQQ,118835.98837847251,0.0,14.75024127960205,False
2020-08-27,2198470.3182349405,TQQQ,118835.98837847251,0.0,14.75024127960205,False
2020-08-28,2232443.2744767754,TQQQ,118835.98837847251,0.0,14.75024127960205,False
2020-08-31,2284110.5732035902,TQQQ,118835.98837847251,0.0,14.75024127960205,False
2020-09-01,2402732.3663133984,TECL,65889.06173640683,0.0,36.466331481933594,False
2020-09-02,2464224.869410686,TECL,65889.06173640683,0.0,36.466331481933594,False
2020-09-03,2210513.7770083267,CASH,0.0,2210513.7770083267,,False
2020-09-04,2210513.7770083267,CASH,0.0,2210513.7770083267,,False
2020-09-08,2210513.7770083267,CASH,0.0,2210513.7770083267,,False
2020-09-09,2210513.7770083267,CASH,0.0,2210513.7770083267,,False
2020-09-10,2210513.7770083267,CASH,0.0,2210513.7770083267,,False
2020-09-11,2210513.7770083267,CASH,0.0,2210513.7770083267,,False
2020-09-14,2210513.7770083267,CASH,0.0,2210513.7770083267,,False
2020-09-15,2210513.7770083267,CASH,0.0,2210513.7770083267,,False
2020-09-16,2210513.7770083267,CASH,0.0,2210513.7770083267,,False
2020-09-17,2210513.7770083267,CASH,0.0,2210513.7770083267,,False
2020-09-18,2210513.7770083267,CASH,0.0,2210513.7770083267,,False
2020-09-21,2210513.7770083267,CASH,0.0,2210513.7770083267,,False
2020-09-22,2210513.7770083267,CASH,0.0,2210513.7770083267,,False
2020-09-23,2210513.7770083267,CASH,0.0,2210513.7770083267,,False
2020-09-24,2210513.7770083267,CASH,0.0,2210513.7770083267,,False
2020-09-25,2210513.7770083267,CASH,0.0,2210513.7770083267,,False
2020-09-28,2210513.7770083267,CASH,0.0,2210513.7770083267,,False
2020-09-29,2210513.7770083267,CASH,0.0,2210513.7770083267,,False
2020-09-30,2210513.7770083267,CASH,0.0,2210513.7770083267,,False
2020-10-01,2210513.7770083267,TQQQ,135426.7042763233,0.0,16.32258415222168,False
2020-10-02,2033672.6748476604,CASH,0.0,2033672.6748476604,,False
2020-10-05,2033672.6748476604,CASH,0.0,2033672.6748476604,,False
2020-10-06,2033672.6748476604,CASH,0.0,2033672.6748476604,,False
2020-10-07,2033672.6748476604,CASH,0.0,2033672.6748476604,,False
2020-10-08,2033672.6748476604,CASH,0.0,2033672.6748476604,,False
2020-10-09,2033672.6748476604,CASH,0.0,2033672.6748476604,,False
2020-10-12,2033672.6748476604,CASH,0.0,2033672.6748476604,,False
2020-10-13,2033672.6748476604,CASH,0.0,2033672.6748476604,,False
2020-10-14,2033672.6748476604,CASH,0.0,2033672.6748476604,,False
2020-10-15,2033672.6748476604,CASH,0.0,2033672.6748476604,,False
2020-10-16,2033672.6748476604,CASH,0.0,2033672.6748476604,,False
2020-10-19,2033672.6748476604,CASH,0.0,2033672.6748476604,,False
2020-10-20,2033672.6748476604,CASH,0.0,2033672.6748476604,,False
2020-10-21,2033672.6748476604,CASH,0.0,2033672.6748476604,,False
2020-10-22,2033672.6748476604,CASH,0.0,2033672.6748476604,,False
2020-10-23,2033672.6748476604,CASH,0.0,2033672.6748476604,,False
2020-10-26,2033672.6748476604,CASH,0.0,2033672.6748476604,,False
2020-10-27,2033672.6748476604,CASH,0.0,2033672.6748476604,,False
2020-10-28,2033672.6748476604,CASH,0.0,2033672.6748476604,,False
2020-10-29,2033672.6748476604,CASH,0.0,2033672.6748476604,,False
2020-10-30,2033672.6748476604,CASH,0.0,2033672.6748476604,,False
2020-11-02,2033672.6748476604,TECL,85899.78153863811,0.0,23.674945831298828,False
2020-11-03,2147105.416492621,TECL,85899.78153863811,0.0,23.674945831298828,False
2020-11-04,2393993.39620148,TECL,85899.78153863811,0.0,23.674945831298828,False
2020-11-05,2621253.244371321,TECL,85899.78153863811,0.0,23.674945831298828,False
2020-11-06,2641432.5364654083,TECL,85899.78153863811,0.0,23.674945831298828,False
2020-11-09,2589800.883908768,TECL,85899.78153863811,0.0,23.674945831298828,False
2020-11-10,2437112.370708264,TECL,85899.78153863811,0.0,23.674945831298828,False
2020-11-11,2611242.078082267,TECL,85899.78153863811,0.0,23.674945831298828,False
2020-11-12,2539588.2567883506,TECL,85899.78153863811,0.0,23.674945831298828,False
2020-11-13,2607852.8666547537,TECL,85899.78153863811,0.0,23.674945831298828,False
2020-11-16,2686522.3523268066,TECL,85899.78153863811,0.0,23.674945831298828,False
2020-11-17,2640723.1056677126,TECL,85899.78153863811,0.0,23.674945831298828,False
2020-11-18,2552515.4621853465,TECL,85899.78153863811,0.0,23.674945831298828,False
2020-11-19,2616996.4957443154,TECL,85899.78153863811,0.0,23.674945831298828,False
2020-11-20,2535488.959199818,TECL,85899.78153863811,0.0,23.674945831298828,False
2020-11-23,2536434.484634807,TECL,85899.78153863811,0.0,23.674945831298828,False
2020-11-24,2634102.4615328196,TECL,85899.78153863811,0.0,23.674945831298828,False
2020-11-25,2651601.8091562577,TECL,85899.78153863811,0.0,23.674945831298828,False
2020-11-27,2698031.1876509036,TECL,85899.78153863811,0.0,23.674945831298828,False
2020-11-30,2752500.7272391575,TECL,85899.78153863811,0.0,23.674945831298828,False
2020-12-01,2863648.0531342197,TECL,85899.78153863811,0.0,32.04316329956055,False
2020-12-02,2841812.657921632,TECL,85899.78153863811,0.0,32.04316329956055,False
2020-12-03,2835032.9243399575,TECL,85899.78153863811,0.0,32.04316329956055,False
2020-12-04,2922138.246712186,TECL,85899.78153863811,0.0,32.04316329956055,False
2020-12-07,2948623.772386714,TECL,85899.78153863811,0.0,32.04316329956055,False
2020-12-08,2977237.918135991,TECL,85899.78153863811,0.0,32.04316329956055,False
2020-12-09,2797669.6782218693,TECL,85899.78153863811,0.0,32.04316329956055,False
2020-12-10,2812964.8751475248,TECL,85899.78153863811,0.0,32.04316329956055,False
2020-12-11,2798699.9093664214,TECL,85899.78153863811,0.0,32.04316329956055,False
2020-12-14,2828022.502868409,TECL,85899.78153863811,0.0,32.04316329956055,False
2020-12-15,2965207.741288045,TECL,85899.78153863811,0.0,32.04316329956055,False
2020-12-16,3026310.540755169,TECL,85899.78153863811,0.0,32.04316329956055,False
2020-12-17,3100332.1897369144,TECL,85899.78153863811,0.0,32.04316329956055,False
2020-12-18,3068710.909377728,TECL,85899.78153863811,0.0,32.04316329956055,False
2020-12-21,3072038.844334494,TECL,85899.78153863811,0.0,32.04316329956055,False
2020-12-22,3154539.9116774276,TECL,85899.78153863811,0.0,32.04316329956055,False
2020-12-23,3077349.2533448664,TECL,85899.78153863811,0.0,32.04316329956055,False
2020-12-24,3146298.06252101,TECL,85899.78153863811,0.0,32.04316329956055,False
2020-12-28,3250276.6967018973,TECL,85899.78153863811,0.0,32.04316329956055,False
2020-12-29,3204310.49623614,TECL,85899.78153863811,0.0,32.04316329956055,False
2020-12-30,3197732.286876444,TECL,85899.78153863811,0.0,32.04316329956055,False
2020-12-31,3221825.08105685,TECL,85899.78153863811,0.0,32.04316329956055,False
2021-01-04,3059674.7598732207,TQQQ,147749.93670140317,0.0,20.708467483520508,False
2021-01-05,3136408.978974984,TQQQ,147749.93670140317,0.0,20.708467483520508,False
2021-01-06,3006699.995810092,TQQQ,147749.93670140317,0.0,20.708467483520508,False
2021-01-07,3223877.9289666964,TQQQ,147749.93670140317,0.0,20.708467483520508,False
2021-01-08,3348834.175691942,TQQQ,147749.93670140317,0.0,20.708467483520508,False
2021-01-11,3200822.1550955568,TQQQ,147749.93670140317,0.0,20.708467483520508,False
2021-01-12,3186919.308993363,TQQQ,147749.93670140317,0.0,20.708467483520508,False
2021-01-13,3248868.8965011057,TQQQ,147749.93670140317,0.0,20.708467483520508,False
2021-01-14,3199415.0745712076,TQQQ,147749.93670140317,0.0,20.708467483520508,False
2021-01-15,3121624.3473809636,TQQQ,147749.93670140317,0.0,20.708467483520508,False
2021-01-19,3256965.0343709304,TQQQ,147749.93670140317,0.0,20.708467483520508,False
2021-01-20,3483998.7310320553,TQQQ,147749.93670140317,0.0,20.708467483520508,False
2021-01-21,3570589.2772596185,TQQQ,147749.93670140317,0.0,20.708467483520508,False
2021-01-22,3538205.2894015997,TQQQ,147749.93670140317,0.0,20.708467483520508,False
2021-01-25,3636410.3793364605,TQQQ,147749.93670140317,0.0,20.708467483520508,False
2021-01-26,3640282.1757161994,TQQQ,147749.93670140317,0.0,20.708467483520508,False
2021-01-27,3346722.568568179,TQQQ,147749.93670140317,0.0,20.708467483520508,False
2021-01-28,3396001.3860907825,TQQQ,147749.93670140317,0.0,20.708467483520508,False
2021-01-29,3184455.4385698927,TQQQ,147749.93670140317,0.0,20.708467483520508,False
2021-02-01,3418529.328633641,TQQQ,147749.93670140317,0.0,21.553007125854492,False
2021-02-02,3583963.728412252,TQQQ,147749.93670140317,0.0,21.553007125854492,False
2021-02-03,3542780.4851381932,TQQQ,147749.93670140317,0.0,21.553007125854492,False
2021-02-04,3668089.840595065,TQQQ,147749.93670140317,0.0,21.553007125854492,False
2021-02-05,3706456.3865246675,TQQQ,147749.93670140317,0.0,21.553007125854492,False
2021-02-08,3778967.109568264,TQQQ,147749.93670140317,0.0,21.553007125854492,False
2021-02-09,3777206.3566910084,TQQQ,147749.93670140317,0.0,21.553007125854492,False
2021-02-10,3750455.763521903,TQQQ,147749.93670140317,0.0,21.553007125854492,False
2021-02-11,3810997.425073377,TQQQ,147749.93670140317,0.0,21.553007125854492,False
2021-02-12,3875763.709925576,TQQQ,147749.93670140317,0.0,21.553007125854492,False
2021-02-16,3843380.8493101164,TQQQ,147749.93670140317,0.0,21.553007125854492,False
2021-02-17,3789878.5357293463,TQQQ,147749.93670140317,0.0,21.553007125854492,False
2021-02-18,3738840.0925720464,TQQQ,147749.93670140317,0.0,21.553007125854492,False
2021-02-19,3689560.711428163,TQQQ,147749.93670140317,0.0,21.553007125854492,False
2021-02-22,3403744.9788502604,TQQQ,147749.93670140317,0.0,21.553007125854492,False
2021-02-23,3373473.443547924,TQQQ,147749.93670140317,0.0,21.553007125854492,False
2021-02-24,3454783.7038182,TQQQ,147749.93670140317,0.0,21.553007125854492,False
2021-02-25,3093993.6595838703,TQQQ,147749.93670140317,0.0,21.553007125854492,False
2021-02-26,3140456.6251939363,TQQQ,147749.93670140317,0.0,21.553007125854492,False
2021-03-01,3414305.268954195,TQQQ,147749.93670140317,0.0,21.25521469116211,False
2021-03-02,3250629.367567721,TQQQ,147749.93670140317,0.0,21.25521469116211,False
2021-03-03,2968684.8677482777,TQQQ,147749.93670140317,0.0,21.25521469116211,False
2021-03-04,2889220.0951784216,CASH,0.0,2889220.0951784216,,False
2021-03-05,2889220.0951784216,CASH,0.0,2889220.0951784216,,False
2021-03-08,2889220.0951784216,CASH,0.0,2889220.0951784216,,False
2021-03-09,2889220.0951784216,CASH,0.0,2889220.0951784216,,False
2021-03-10,2889220.0951784216,CASH,0.0,2889220.0951784216,,False
2021-03-11,2889220.0951784216,CASH,0.0,2889220.0951784216,,False
2021-03-12,2889220.0951784216,CASH,0.0,2889220.0951784216,,False
2021-03-15,2889220.0951784216,CASH,0.0,2889220.0951784216,,False
2021-03-16,2889220.0951784216,CASH,0.0,2889220.0951784216,,False
2021-03-17,2889220.0951784216,CASH,0.0,2889220.0951784216,,False
2021-03-18,2889220.0951784216,CASH,0.0,2889220.0951784216,,False
2021-03-19,2889220.0951784216,CASH,0.0,2889220.0951784216,,False
2021-03-22,2889220.0951784216,CASH,0.0,2889220.0951784216,,False
2021-03-23,2889220.0951784216,CASH,0.0,2889220.0951784216,,False
2021-03-24,2889220.0951784216,CASH,0.0,2889220.0951784216,,False
2021-03-25,2889220.0951784216,CASH,0.0,2889220.0951784216,,False
2021-03-26,2889220.0951784216,CASH,0.0,2889220.0951784216,,False
2021-03-29,2889220.0951784216,CASH,0.0,2889220.0951784216,,False
2021-03-30,2889220.0951784216,CASH,0.0,2889220.0951784216,,False
2021-03-31,2889220.0951784216,CASH,0.0,2889220.0951784216,,False
2021-04-01,2889220.0951784216,TQQQ,126461.62749754882,0.0,22.846614837646484,False
2021-04-05,3062753.3952448145,TQQQ,126461.62749754882,0.0,22.846614837646484,False
2021-04-06,3055523.715448626,TQQQ,126461.62749754882,0.0,22.846614837646484,False
2021-04-07,3078118.7261218303,TQQQ,126461.62749754882,0.0,22.846614837646484,False
2021-04-08,3174225.4914557277,TQQQ,126461.62749754882,0.0,22.846614837646484,False
2021-04-09,3231768.899208628,TQQQ,126461.62749754882,0.0,22.846614837646484,False
2021-04-12,3219115.4520252217,TQQQ,126461.62749754882,0.0,22.846614837646484,False
2021-04-13,3329381.7573809936,TQQQ,126461.62749754882,0.0,22.846614837646484,False
2021-04-14,3212487.0998149235,TQQQ,126461.62749754882,0.0,22.846614837646484,False
2021-04-15,3354387.626145243,TQQQ,126461.62749754882,0.0,22.846614837646484,False
2021-04-16,3368547.40737353,TQQQ,126461.62749754882,0.0,22.846614837646484,False
2021-04-19,3276659.1009845342,TQQQ,126461.62749754882,0.0,22.846614837646484,False
2021-04-20,3204954.9471776974,TQQQ,126461.62749754882,0.0,22.846614837646484,False
2021-04-21,3285998.13085638,TQQQ,126461.62749754882,0.0,22.846614837646484,False
2021-04-22,3166392.313215938,TQQQ,126461.62749754882,0.0,22.846614837646484,False
2021-04-23,3285696.6228409912,TQQQ,126461.62749754882,0.0,22.846614837646484,False
2021-04-26,3350772.4244375303,TQQQ,126461.62749754882,0.0,22.846614837646484,False
2021-04-27,3306786.505501377,TQQQ,126461.62749754882,0.0,22.846614837646484,False
2021-04-28,3272741.908848609,TQQQ,126461.62749754882,0.0,22.846614837646484,False
2021-04-29,3305581.1970590604,TQQQ,126461.62749754882,0.0,22.846614837646484,False
2021-04-30,3243518.5459651067,TQQQ,126461.62749754882,0.0,22.846614837646484,False
2021-05-03,3190493.8991404343,TECL,73064.11175279421,0.0,43.66704559326172,False
2021-05-04,2935254.3872091994,CASH,0.0,2935254.3872091994,,False
2021-05-05,2935254.3872091994,CASH,0.0,2935254.3872091994,,False
2021-05-06,2935254.3872091994,CASH,0.0,2935254.3872091994,,False
2021-05-07,2935254.3872091994,CASH,0.0,2935254.3872091994,,False
2021-05-10,2935254.3872091994,CASH,0.0,2935254.3872091994,,False
2021-05-11,2935254.3872091994,CASH,0.0,2935254.3872091994,,False
2021-05-12,2935254.3872091994,CASH,0.0,2935254.3872091994,,False
2021-05-13,2935254.3872091994,CASH,0.0,2935254.3872091994,,False
2021-05-14,2935254.3872091994,CASH,0.0,2935254.3872091994,,False
2021-05-17,2935254.3872091994,CASH,0.0,2935254.3872091994,,False
2021-05-18,2935254.3872091994,CASH,0.0,2935254.3872091994,,False
2021-05-19,2935254.3872091994,CASH,0.0,2935254.3872091994,,False
2021-05-20,2935254.3872091994,CASH,0.0,2935254.3872091994,,False
2021-05-21,2935254.3872091994,CASH,0.0,2935254.3872091994,,False
2021-05-24,2935254.3872091994,CASH,0.0,2935254.3872091994,,False
2021-05-25,2935254.3872091994,CASH,0.0,2935254.3872091994,,False
2021-05-26,2935254.3872091994,CASH,0.0,2935254.3872091994,,False
2021-05-27,2935254.3872091994,CASH,0.0,2935254.3872091994,,False
2021-05-28,2935254.3872091994,CASH,0.0,2935254.3872091994,,False
2021-06-01,2935254.3872091994,TECL,70495.78020650247,0.0,41.637306213378906,False
2021-06-02,2991838.9327123235,TECL,70495.78020650247,0.0,41.637306213378906,False
2021-06-03,2909889.309310648,TECL,70495.78020650247,0.0,41.637306213378906,False
2021-06-04,3075090.667044479,TECL,70495.78020650247,0.0,41.637306213378906,False
2021-06-07,3075090.667044479,TECL,70495.78020650247,0.0,41.637306213378906,False
2021-06-08,3078342.4484099005,TECL,70495.78020650247,0.0,41.637306213378906,False
2021-06-09,3083545.2448105626,TECL,70495.78020650247,0.0,41.637306213378906,False
2021-06-10,3153138.7982157925,TECL,70495.78020650247,0.0,41.637306213378906,False
2021-06-11,3205170.258183195,TECL,70495.78020650247,0.0,41.637306213378906,False
2021-06-14,3306632.1832977585,TECL,70495.78020650247,0.0,41.637306213378906,False
2021-06-15,3244194.5926889116,TECL,70495.78020650247,0.0,41.637306213378906,False
2021-06-16,3190211.0420060284,TECL,70495.78020650247,0.0,41.637306213378906,False
2021-06-17,3304031.1884775176,TECL,70495.78020650247,0.0,41.637306213378906,False
2021-06-18,3207772.328683676,TECL,70495.78020650247,0.0,41.637306213378906,False
2021-06-21,3313786.8014938417,TECL,70495.78020650247,0.0,41.637306213378906,False
2021-06-22,3402241.3322266596,TECL,70495.78020650247,0.0,41.637306213378906,False
2021-06-23,3387282.922809673,TECL,70495.78020650247,0.0,41.637306213378906,False
2021-06-24,3455574.096364362,TECL,70495.78020650247,0.0,41.637306213378906,False
2021-06-25,3445817.6765878582,TECL,70495.78020650247,0.0,41.637306213378906,False
2021-06-28,3552483.473783324,TECL,70495.78020650247,0.0,41.637306213378906,False
2021-06-29,3627930.6101343962,TECL,70495.78020650247,0.0,41.637306213378906,False
2021-06-30,3617524.210572892,TECL,70495.78020650247,0.0,41.637306213378906,False
2021-07-01,3627930.6101343962,TQQQ,124253.03430291297,0.0,29.19792366027832,False
2021-07-02,3751072.1432568883,TQQQ,124253.03430291297,0.0,29.19792366027832,False
2021-07-06,3801394.2334796456,TQQQ,124253.03430291297,0.0,29.19792366027832,False
2021-07-07,3825667.3811128903,TQQQ,124253.03430291297,0.0,29.19792366027832,False
2021-07-08,3759360.2923574615,TQQQ,124253.03430291297,0.0,29.19792366027832,False
2021-07-09,3823003.096193851,TQQQ,124253.03430291297,0.0,29.19792366027832,False
2021-07-12,3870956.906822589,TQQQ,124253.03430291297,0.0,29.19792366027832,False
2021-07-13,3868885.8175228667,TQQQ,124253.03430291297,0.0,29.19792366027832,False
2021-07-14,3889902.195599321,TQQQ,124253.03430291297,0.0,29.19792366027832,False
2021-07-15,3809386.1402613437,TQQQ,124253.03430291297,0.0,29.19792366027832,False
2021-07-16,3715846.5616040304,TQQQ,124253.03430291297,0.0,29.19792366027832,False
2021-07-19,3626747.062822025,TQQQ,124253.03430291297,0.0,29.19792366027832,False
2021-07-20,3746335.8210627055,TQQQ,124253.03430291297,0.0,29.19792366027832,False
2021-07-21,3831883.4929383206,TQQQ,124253.03430291297,0.0,29.19792366027832,False
2021-07-22,3912398.837294732,TQQQ,124253.03430291297,0.0,29.19792366027832,False
2021-07-23,4042348.7298865505,TQQQ,124253.03430291297,0.0,29.19792366027832,False
2021-07-26,4059221.7443942833,TQQQ,124253.03430291297,0.0,29.19792366027832,False
2021-07-27,3926607.0928957155,TQQQ,124253.03430291297,0.0,29.19792366027832,False
2021-07-28,3969529.9979683813,TQQQ,124253.03430291297,0.0,29.19792366027832,False
2021-07-29,3989066.349419733,TQQQ,124253.03430291297,0.0,29.19792366027832,False
2021-07-30,3929272.3257901752,TQQQ,124253.03430291297,0.0,29.19792366027832,False
2021-08-02,3928086.8825269626,TQQQ,124253.03430291297,0.0,31.623149871826172,False
2021-08-03,3996466.24555139,TQQQ,124253.03430291297,0.0,31.623149871826172,False
2021-08-04,4016299.787297038,TQQQ,124253.03430291297,0.0,31.623149871826172,False
2021-08-05,4091782.330146536,TQQQ,124253.03430291297,0.0,31.623149871826172,False
2021-08-06,4038499.949679719,TQQQ,124253.03430291297,0.0,31.623149871826172,False
2021-08-09,4060109.5233754893,TQQQ,124253.03430291297,0.0,31.623149871826172,False
2021-08-10,3999425.8248138847,TQQQ,124253.03430291297,0.0,31.623149871826172,False
2021-08-11,3977818.1470689545,TQQQ,124253.03430291297,0.0,31.623149871826172,False
2021-08-12,4019260.314534953,TQQQ,124253.03430291297,0.0,31.623149871826172,False
2021-08-13,4059517.038737738,TQQQ,124253.03430291297,0.0,31.623149871826172,False
2021-08-16,4066622.11451365,TQQQ,124253.03430291297,0.0,31.623149871826172,False
2021-08-17,3959761.822242705,TQQQ,124253.03430291297,0.0,31.623149871826172,False
2021-08-18,3844612.6698896214,TQQQ,124253.03430291297,0.0,31.623149871826172,False
2021-08-19,3899374.602993831,TQQQ,124253.03430291297,0.0,31.623149871826172,False
2021-08-20,4019850.9032218633,TQQQ,124253.03430291297,0.0,31.623149871826172,False
2021-08-23,4198939.575717922,TQQQ,124253.03430291297,0.0,31.623149871826172,False
2021-08-24,4240379.847233079,TQQQ,124253.03430291297,0.0,31.623149871826172,False
2021-08-25,4245116.880408827,TQQQ,124253.03430291297,0.0,31.623149871826172,False
2021-08-26,4173185.4534841543,TQQQ,124253.03430291297,0.0,31.623149871826172,False
2021-08-27,4295142.965306564,TQQQ,124253.03430291297,0.0,31.623149871826172,False
2021-08-30,4437524.607561532,TQQQ,124253.03430291297,0.0,31.623149871826172,False
2021-08-31,4425092.8578983825,TQQQ,124253.03430291297,0.0,31.623149871826172,False
2021-09-01,4449366.716513192,TECL,70433.70676768386,0.0,63.17098617553711,False
2021-09-02,4441568.184641656,TECL,70433.70676768386,0.0,63.17098617553711,False
2021-09-03,4493554.904236073,TECL,70433.70676768386,0.0,63.17098617553711,False
2021-09-07,4494854.79388963,TECL,70433.70676768386,0.0,63.17098617553711,False
2021-09-08,4438969.480067616,TECL,70433.70676768386,0.0,63.17098617553711,False
2021-09-09,4384384.055899159,TECL,70433.70676768386,0.0,63.17098617553711,False
2021-09-10,4258966.4676756635,TECL,70433.70676768386,0.0,63.17098617553711,False
2021-09-13,4260266.088645952,TECL,70433.70676768386,0.0,63.17098617553711,False
2021-09-14,4245970.795339316,TECL,70433.70676768386,0.0,63.17098617553711,False
2021-09-15,4352542.401735653,TECL,70433.70676768386,0.0,63.17098617553711,False
2021-09-16,4364238.990468249,TECL,70433.70676768386,0.0,63.17098617553711,False
2021-09-17,4163442.579918219,TECL,70433.70676768386,0.0,63.17098617553711,False
2021-09-20,3973693.805272891,CASH,0.0,3973693.805272891,,False
2021-09-21,3973693.805272891,CASH,0.0,3973693.805272891,,False
2021-09-22,3973693.805272891,CASH,0.0,3973693.805272891,,False
2021-09-23,3973693.805272891,CASH,0.0,3973693.805272891,,False
2021-09-24,3973693.805272891,CASH,0.0,3973693.805272891,,False
2021-09-27,3973693.805272891,CASH,0.0,3973693.805272891,,False
2021-09-28,3973693.805272891,CASH,0.0,3973693.805272891,,False
2021-09-29,3973693.805272891,CASH,0.0,3973693.805272891,,False
2021-09-30,3973693.805272891,CASH,0.0,3973693.805272891,,False
2021-10-01,3973693.8052728907,TQQQ,131502.79436364645,0.0,30.217561721801758,False
2021-10-04,3655798.30085106,CASH,0.0,3655798.30085106,,False
2021-10-05,3655798.30085106,CASH,0.0,3655798.30085106,,False
2021-10-06,3655798.30085106,CASH,0.0,3655798.30085106,,False
2021-10-07,3655798.30085106,CASH,0.0,3655798.30085106,,False
2021-10-08,3655798.30085106,CASH,0.0,3655798.30085106,,False
2021-10-11,3655798.30085106,CASH,0.0,3655798.30085106,,False
2021-10-12,3655798.30085106,CASH,0.0,3655798.30085106,,False
2021-10-13,3655798.30085106,CASH,0.0,3655798.30085106,,False
2021-10-14,3655798.30085106,CASH,0.0,3655798.30085106,,False
2021-10-15,3655798.30085106,CASH,0.0,3655798.30085106,,False
2021-10-18,3655798.30085106,CASH,0.0,3655798.30085106,,False
2021-10-19,3655798.30085106,CASH,0.0,3655798.30085106,,False
2021-10-20,3655798.30085106,CASH,0.0,3655798.30085106,,False
2021-10-21,3655798.30085106,CASH,0.0,3655798.30085106,,False
2021-10-22,3655798.30085106,CASH,0.0,3655798.30085106,,False
2021-10-25,3655798.30085106,CASH,0.0,3655798.30085106,,False
2021-10-26,3655798.30085106,CASH,0.0,3655798.30085106,,False
2021-10-27,3655798.30085106,CASH,0.0,3655798.30085106,,False
2021-10-28,3655798.30085106,CASH,0.0,3655798.30085106,,False
2021-10-29,3655798.30085106,CASH,0.0,3655798.30085106,,False
2021-11-01,3655798.30085106,TECL,55785.728135211946,0.0,65.5328598022461,False
2021-11-02,3742779.211356804,TECL,55785.728135211946,0.0,65.5328598022461,False
2021-11-03,3808144.173677343,TECL,55785.728135211946,0.0,65.5328598022461,False
2021-11-04,3983652.2406476564,TECL,55785.728135211946,0.0,65.5328598022461,False
2021-11-05,4038208.377652935,TECL,55785.728135211946,0.0,65.5328598022461,False
2021-11-08,4108720.257776965,TECL,55785.728135211946,0.0,65.5328598022461,False
2021-11-09,4060340.1667690775,TECL,55785.728135211946,0.0,65.5328598022461,False
2021-11-10,3852921.890395249,TECL,55785.728135211946,0.0,65.5328598022461,False
2021-11-11,3914683.2015918195,TECL,55785.728135211946,0.0,65.5328598022461,False
2021-11-12,4053648.7054520776,TECL,55785.728135211946,0.0,65.5328598022461,False
2021-11-15,4041296.1878459663,TECL,55785.728135211946,0.0,65.5328598022461,False
2021-11-16,4166878.769072225,TECL,55785.728135211946,0.0,65.5328598022461,False
2021-11-17,4128277.5239630393,TECL,55785.728135211946,0.0,65.5328598022461,False
2021-11-18,4247684.059191907,TECL,55785.728135211946,0.0,65.5328598022461,False
2021-11-19,4348047.8923316505,TECL,55785.728135211946,0.0,65.5328598022461,False
2021-11-22,4202907.193696659,TECL,55785.728135211946,0.0,65.5328598022461,False
2021-11-23,4173569.8047778956,TECL,55785.728135211946,0.0,65.5328598022461,False
2021-11-24,4260551.566506297,TECL,55785.728135211946,0.0,65.5328598022461,False
2021-11-26,3944021.441733241,TECL,55785.728135211946,0.0,65.5328598022461,False
2021-11-29,4233787.849294944,TECL,55785.728135211946,0.0,65.5328598022461,False
2021-11-30,4128792.5136713185,TECL,55785.728135211946,0.0,65.5328598022461,False
2021-12-01,3956373.5337280235,TQQQ,107073.56271029577,0.0,36.950050354003906,False
2021-12-02,4030859.0641839923,TQQQ,107073.56271029577,0.0,36.950050354003906,False
2021-12-03,3828320.996378117,TQQQ,107073.56271029577,0.0,36.950050354003906,False
2021-12-06,3917856.394432137,TQQQ,107073.56271029577,0.0,36.950050354003906,False
2021-12-07,4271149.238391787,TQQQ,107073.56271029577,0.0,36.950050354003906,False
2021-12-08,4330583.267436797,TQQQ,107073.56271029577,0.0,36.950050354003906,False
2021-12-09,4143606.042215814,TQQQ,107073.56271029577,0.0,36.950050354003906,False
2021-12-10,4271914.271285755,TQQQ,107073.56271029577,0.0,36.950050354003906,False
2021-12-13,4088253.2778139054,TQQQ,107073.56271029577,0.0,36.950050354003906,False
2021-12-14,3966577.512242232,TQQQ,107073.56271029577,0.0,36.950050354003906,False
2021-12-15,4229058.950267051,TQQQ,107073.56271029577,0.0,36.950050354003906,False
2021-12-16,3906377.2249435727,TQQQ,107073.56271029577,0.0,36.950050354003906,False
2021-12-17,3846686.6872720746,TQQQ,107073.56271029577,0.0,36.950050354003906,False
2021-12-20,3639863.651029782,CASH,0.0,3639863.651029782,,False
2021-12-21,3639863.651029782,CASH,0.0,3639863.651029782,,False
2021-12-22,3639863.651029782,CASH,0.0,3639863.651029782,,False
2021-12-23,3639863.651029782,CASH,0.0,3639863.651029782,,False
2021-12-27,3639863.651029782,CASH,0.0,3639863.651029782,,False
2021-12-28,3639863.651029782,CASH,0.0,3639863.651029782,,False
2021-12-29,3639863.651029782,CASH,0.0,3639863.651029782,,False
2021-12-30,3639863.651029782,CASH,0.0,3639863.651029782,,False
2021-12-31,3639863.651029782,CASH,0.0,3639863.651029782,,False
2022-01-03,3639863.651029782,TECL,44344.29418182632,0.0,82.08189392089844,False
2022-01-04,3524526.6021267315,TECL,44344.29418182632,0.0,82.08189392089844,False
2022-01-05,3348674.5589473997,CASH,0.0,3348674.5589473997,,False
2022-01-06,3348674.5589473997,CASH,0.0,3348674.5589473997,,False
2022-01-07,3348674.5589473997,CASH,0.0,3348674.5589473997,,False
2022-01-10,3348674.5589473997,CASH,0.0,3348674.5589473997,,False
2022-01-11,3348674.5589473997,CASH,0.0,3348674.5589473997,,False
2022-01-12,3348674.5589473997,CASH,0.0,3348674.5589473997,,False
2022-01-13,3348674.5589473997,CASH,0.0,3348674.5589473997,,False
2022-01-14,3348674.5589473997,CASH,0.0,3348674.5589473997,,False
2022-01-18,3348674.5589473997,CASH,0.0,3348674.5589473997,,False
2022-01-19,3348674.5589473997,CASH,0.0,3348674.5589473997,,False
2022-01-20,3348674.5589473997,CASH,0.0,3348674.5589473997,,False
2022-01-21,3348674.5589473997,CASH,0.0,3348674.5589473997,,False
2022-01-24,3348674.5589473997,CASH,0.0,3348674.5589473997,,False
2022-01-25,3348674.5589473997,CASH,0.0,3348674.5589473997,,False
2022-01-26,3348674.5589473997,CASH,0.0,3348674.5589473997,,False
2022-01-27,3348674.5589473997,CASH,0.0,3348674.5589473997,,False
2022-01-28,3348674.5589473997,CASH,0.0,3348674.5589473997,,False
2022-01-31,3348674.5589473997,CASH,0.0,3348674.5589473997,,False
2022-02-01,3348674.5589473997,GLD,19905.335814017533,0.0,168.22999572753906,False
2022-02-02,3360816.8259432036,GLD,19905.335814017533,0.0,168.22999572753906,False
2022-02-03,3356039.739735884,GLD,19905.335814017533,0.0,168.22999572753906,False
2022-02-04,3361215.0177042536,GLD,19905.335814017533,0.0,168.22999572753906,False
2022-02-07,3386096.6874717753,GLD,19905.335814017533,0.0,168.22999572753906,False
2022-02-08,3396447.547139834,GLD,19905.335814017533,0.0,168.22999572753906,False
2022-02-09,3407992.6783597227,GLD,19905.335814017533,0.0,168.22999572753906,False
2022-02-10,3395054.027841819,GLD,19905.335814017533,0.0,168.22999572753906,False
2022-02-11,3459746.3692373764,GLD,19905.335814017533,0.0,168.22999572753906,False
2022-02-14,3478258.489484699,GLD,19905.335814017533,0.0,168.22999572753906,False
2022-02-15,3445215.559137913,GLD,19905.335814017533,0.0,168.22999572753906,False
2022-02-16,3480647.0325883585,GLD,19905.335814017533,0.0,168.22999572753906,False
2022-02-17,3528220.773034608,GLD,19905.335814017533,0.0,168.22999572753906,False
2022-02-18,3525632.982184763,GLD,19905.335814017533,0.0,168.22999572753906,False
2022-02-22,3532998.1629732475,GLD,19905.335814017533,0.0,168.22999572753906,False
2022-02-23,3548922.188639405,GLD,19905.335814017533,0.0,168.22999572753906,False
2022-02-24,3526031.173945813,GLD,19905.335814017533,0.0,168.22999572753906,False
2022-02-25,3514287.0987110594,GLD,19905.335814017533,0.0,168.22999572753906,False
2022-02-28,3550713.8996984703,GLD,19905.335814017533,0.0,168.22999572753906,False
2022-03-01,3615206.993347842,GLD,19905.335814017533,0.0,178.3800048828125,False
2022-03-02,3577585.9208086017,GLD,19905.335814017533,0.0,178.3800048828125,False
2022-03-03,3598884.775920634,GLD,19905.335814017533,0.0,178.3800048828125,False
2022-03-04,3656211.9365277067,GLD,19905.335814017533,0.0,178.3800048828125,False
2022-03-07,3710553.721986525,GLD,19905.335814017533,0.0,178.3800048828125,False
2022-03-08,3812070.7523992225,GLD,19905.335814017533,0.0,178.3800048828125,False
2022-03-09,3698809.6467517717,GLD,19905.335814017533,0.0,178.3800048828125,False
2022-03-10,3710354.47424034,GLD,19905.335814017533,0.0,178.3800048828125,False
2022-03-11,3684278.5329209883,GLD,19905.335814017533,0.0,178.3800048828125,False
2022-03-14,3628742.7796416604,GLD,19905.335814017533,0.0,178.3800048828125,False
2022-03-15,3560865.5116203437,GLD,19905.335814017533,0.0,178.3800048828125,False
2022-03-16,3583159.390538021,GLD,19905.335814017533,0.0,178.3800048828125,False
2022-03-17,3600676.183248379,GLD,19905.335814017533,0.0,178.3800048828125,False
2022-03-18,3569026.772199608,GLD,19905.335814017533,0.0,178.3800048828125,False
2022-03-21,3596296.9850707892,GLD,19905.335814017533,0.0,178.3800048828125,False
2022-03-22,3570221.0437514377,GLD,19905.335814017533,0.0,178.3800048828125,False
2022-03-23,3618989.0557495165,GLD,19905.335814017533,0.0,178.3800048828125,False
2022-03-24,3645264.2448150534,GLD,19905.335814017533,0.0,178.3800048828125,False
2022-03-25,3630335.24295454,GLD,19905.335814017533,0.0,178.3800048828125,False
2022-03-28,3564249.3822609684,GLD,19905.335814017533,0.0,178.3800048828125,False
2022-03-29,3565841.845573848,GLD,19905.335814017533,0.0,178.3800048828125,False
2022-03-30,3594505.5777430446,GLD,19905.335814017533,0.0,178.3800048828125,False
2022-03-31,3595898.7933097393,GLD,19905.335814017533,0.0,178.3800048828125,False
2022-04-01,3573007.778616147,GLD,19905.335814017533,0.0,180.64999389648438,False
2022-04-04,3590325.32358032,GLD,19905.335814017533,0.0,180.64999389648438,False
2022-04-05,3567832.500647778,GLD,19905.335814017533,0.0,180.64999389648438,False
2022-04-06,3576192.705241907,GLD,19905.335814017533,0.0,180.64999389648438,False
2022-04-07,3589728.187804405,GLD,19905.335814017533,0.0,180.64999389648438,False
2022-04-08,3612221.3144682674,GLD,19905.335814017533,0.0,180.64999389648438,False
2022-04-11,3630135.995208355,GLD,19905.335814017533,0.0,180.64999389648438,False
2022-04-12,3658003.6475867718,GLD,19905.335814017533,0.0,180.64999389648438,False
2022-04-13,3675520.136565809,GLD,19905.335814017533,0.0,180.64999389648438,False
2022-04-14,3663377.8695700057,GLD,19905.335814017533,0.0,180.64999389648438,False
2022-04-18,3674724.0567750297,GLD,19905.335814017533,0.0,180.64999389648438,False
2022-04-19,3619188.303495702,GLD,19905.335814017533,0.0,180.64999389648438,False
2022-04-20,3636904.0402209247,GLD,19905.335814017533,0.0,180.64999389648438,False
2022-04-21,3623965.389703021,GLD,19905.335814017533,0.0,180.64999389648438,False
2022-04-22,3588732.8602674403,GLD,19905.335814017533,0.0,180.64999389648438,False
2022-04-25,3524239.7666180683,GLD,19905.335814017533,0.0,180.64999389648438,False
2022-04-26,3529614.2923326227,GLD,19905.335814017533,0.0,180.64999389648438,False
2022-04-27,3502940.911506036,GLD,19905.335814017533,0.0,180.64999389648438,False
2022-04-28,3521850.9197830884,GLD,19905.335814017533,0.0,180.64999389648438,False
2022-04-29,3521453.031753359,GLD,19905.335814017533,0.0,180.64999389648438,False
2022-05-02,3456163.5545818866,GLD,19905.335814017533,0.0,176.91000366210938,False
2022-05-03,3465319.8389667952,GLD,19905.335814017533,0.0,176.91000366210938,False
2022-05-04,3499358.0968505465,GLD,19905.335814017533,0.0,176.91000366210938,False
2022-05-05,3486021.5583029133,GLD,19905.335814017533,0.0,176.91000366210938,False
2022-05-06,3491793.972047197,GLD,19905.335814017533,0.0,176.91000366210938,False
2022-05-09,3441234.5527213737,GLD,19905.335814017533,0.0,176.91000366210938,False
2022-05-10,3412172.628791127,GLD,19905.335814017533,0.0,176.91000366210938,False
2022-05-11,3440040.281169544,GLD,19905.335814017533,0.0,176.91000366210938,False
2022-05-12,3387290.959023605,GLD,19905.335814017533,0.0,176.91000366210938,False
2022-05-13,3359821.4984062384,GLD,19905.335814017533,0.0,176.91000366210938,False
2022-05-16,3391869.1012160596,GLD,19905.335814017533,0.0,176.91000366210938,False
2022-05-17,3370570.5498353476,GLD,19905.335814017533,0.0,176.91000366210938,False
2022-05-18,3372361.957163092,GLD,19905.335814017533,0.0,176.91000366210938,False
2022-05-19,3421926.352683271,GLD,19905.335814017533,0.0,176.91000366210938,False
2022-05-20,3424314.895786931,GLD,19905.335814017533,0.0,176.91000366210938,False
2022-05-23,3440239.225184409,GLD,19905.335814017533,0.0,176.91000366210938,False
2022-05-24,3466116.2224888955,GLD,19905.335814017533,0.0,176.91000366210938,False
2022-05-25,3445215.559137913,GLD,19905.335814017533,0.0,176.91000366210938,False
2022-05-26,3438845.705886394,GLD,19905.335814017533,0.0,176.91000366210938,False
2022-05-27,3440637.416945459,GLD,19905.335814017533,0.0,176.91000366210938,False
2022-05-31,3406599.159061708,GLD,19905.335814017533,0.0,176.91000366210938,False
2022-06-01,3428295.90220347,SHY,47196.020442950954,0.0,72.63951218826776,False
2022-06-02,3429119.7721888386,SHY,47196.020442950954,0.0,72.63951218826776,False
2022-06-03,3427880.8863067487,SHY,47196.020442950954,0.0,72.63951218826776,False
2022-06-06,3423345.4331052904,SHY,47196.020442950954,0.0,72.63951218826776,False
2022-06-07,3423757.1868683253,SHY,47196.020442950954,0.0,72.63951218826776,False
2022-06-08,3421283.4021564294,SHY,47196.020442950954,0.0,72.63951218826776,False
2022-06-09,3418809.9799038316,SHY,47196.020442950954,0.0,72.63951218826776,False
2022-06-10,3404375.0383432074,SHY,47196.020442950954,0.0,72.63951218826776,False
2022-06-13,3387054.5583076524,SHY,47196.020442950954,0.0,72.63951218826776,False
2022-06-14,3380456.3492387366,SHY,47196.020442950954,0.0,72.63951218826776,False
2022-06-15,3393654.217213763,SHY,47196.020442950954,0.0,72.63951218826776,False
2022-06-16,3398190.03287452,SHY,47196.020442950954,0.0,72.63951218826776,False
2022-06-17,3397365.4379705545,SHY,47196.020442950954,0.0,72.63951218826776,False
2022-06-21,3396126.9145477638,SHY,47196.020442950954,0.0,72.63951218826776,False
2022-06-22,3406025.6779883318,SHY,47196.020442950954,0.0,72.63951218826776,False
2022-06-23,3408911.9413818596,SHY,47196.020442950954,0.0,72.63951218826776,False
2022-06-24,3408087.7089371933,SHY,47196.020442950954,0.0,72.63951218826776,False
2022-06-27,3404375.0383432074,SHY,47196.020442950954,0.0,72.63951218826776,False
2022-06-28,3403550.080979944,SHY,47196.020442950954,0.0,72.63951218826776,False
2022-06-29,3407673.7804183676,SHY,47196.020442950954,0.0,72.63951218826776,False
2022-06-30,3414273.439324478,SHY,47196.020442950954,0.0,72.63951218826776,False
2022-07-01,3424552.4225691166,SHY,47196.020442950954,0.0,72.34240106009665,False
2022-07-05,3424138.8565095887,SHY,47196.020442950954,0.0,72.34240106009665,False
2022-07-06,3414643.147808893,SHY,47196.020442950954,0.0,72.34240106009665,False
2022-07-07,3412167.1883412064,SHY,47196.020442950954,0.0,72.34240106009665,False
2022-07-08,3408038.7769319033,SHY,47196.020442950954,0.0,72.34240106009665,False
2022-07-11,3409277.300354694,SHY,47196.020442950954,0.0,72.34240106009665,False
2022-07-12,3410929.389837012,SHY,47196.020442950954,0.0,72.34240106009665,False
2022-07-13,3407214.9069465343,SHY,47196.020442950954,0.0,72.34240106009665,False
2022-07-14,3405975.2961458485,SHY,47196.020442950954,0.0,72.34240106009665,False
2022-07-15,3408453.4303693254,SHY,47196.020442950954,0.0,72.34240106009665,False
2022-07-18,3406387.412368181,SHY,47196.020442950954,0.0,72.34240106009665,False
2022-07-19,3402674.7417741963,SHY,47196.020442950954,0.0,72.34240106009665,False
2022-07-20,3402260.450796072,SHY,47196.020442950954,0.0,72.34240106009665,False
2022-07-21,3411756.521956066,SHY,47196.020442950954,0.0,72.34240106009665,False
2022-07-22,3420424.0111598135,SHY,47196.020442950954,0.0,72.34240106009665,False
2022-07-25,3417534.1231733,SHY,47196.020442950954,0.0,72.34240106009665,False
2022-07-26,3415882.7586095794,SHY,47196.020442950954,0.0,72.34240106009665,False
2022-07-27,3421248.9685230767,SHY,47196.020442950954,0.0,72.34240106009665,False
2022-07-28,3428678.659222629,SHY,47196.020442950954,0.0,72.34240106009665,False
2022-07-29,3428267.2679188927,SHY,47196.020442950954,0.0,72.34240106009665,False
2022-08-01,3428184.9896581452,SHY,47196.020442950954,0.0,72.6389054785429,False
2022-08-02,3416200.2729550176,SHY,47196.020442950954,0.0,72.6389054785429,False
2022-08-03,3417439.521296406,SHY,47196.020442950954,0.0,72.6389054785429,False
2022-08-04,3421984.7608989226,SHY,47196.020442950954,0.0,72.6389054785429,False
2022-08-05,3407935.838491144,SHY,47196.020442950954,0.0,72.6389054785429,False
2022-08-08,3411241.829752273,SHY,47196.020442950954,0.0,72.6389054785429,False
2022-08-09,3407935.838491144,SHY,47196.020442950954,0.0,72.6389054785429,False
2022-08-10,3411241.829752273,SHY,47196.020442950954,0.0,72.6389054785429,False
2022-08-11,3410001.856492288,SHY,47196.020442950954,0.0,72.6389054785429,False
2022-08-12,3410827.901233447,SHY,47196.020442950954,0.0,72.6389054785429,False
2022-08-15,3413721.776272243,SHY,47196.020442950954,0.0,72.6389054785429,False
2022-08-16,3410827.901233447,SHY,47196.020442950954,0.0,72.6389054785429,False
2022-08-17,3407935.838491144,SHY,47196.020442950954,0.0,72.6389054785429,False
2022-08-18,3412894.2816938893,SHY,47196.020442950954,0.0,72.6389054785429,False
2022-08-19,3410415.7850111136,SHY,47196.020442950954,0.0,72.6389054785429,False
2022-08-22,3405869.458030701,SHY,47196.020442950954,0.0,72.6389054785429,False
2022-08-23,3407524.084728109,SHY,47196.020442950954,0.0,72.6389054785429,False
2022-08-24,3403803.440029558,SHY,47196.020442950954,0.0,72.6389054785429,False
2022-08-25,3405869.458030701,SHY,47196.020442950954,0.0,72.6389054785429,False
2022-08-26,3405043.7757488415,SHY,47196.020442950954,0.0,72.6389054785429,False
2022-08-29,3402564.1916881697,SHY,47196.020442950954,0.0,72.6389054785429,False
2022-08-30,3400911.739746553,SHY,47196.020442950954,0.0,72.6389054785429,False
2022-08-31,3400498.1736870254,SHY,47196.020442950954,0.0,72.6389054785429,False
2022-09-01,3398013.877655475,IEF,38795.761025760556,0.0,87.58724633341201,False
2022-09-02,3417049.668324169,IEF,38795.761025760556,0.0,87.58724633341201,False
2022-09-06,3378976.897026747,IEF,38795.761025760556,0.0,87.58724633341201,False
2022-09-07,3401073.8598836777,IEF,38795.761025760556,0.0,87.58724633341201,False
2022-09-08,3388495.6848311196,IEF,38795.761025760556,0.0,87.58724633341201,False
2022-09-09,3388836.01340093,IEF,38795.761025760556,0.0,87.58724633341201,False
2022-09-12,3380676.754935744,IEF,38795.761025760556,0.0,87.58724633341201,False
2022-09-13,3361640.6667770417,IEF,38795.761025760556,0.0,87.58724633341201,False
2022-09-14,3363339.3347260053,IEF,38795.761025760556,0.0,87.58724633341201,False
2022-09-15,3351782.442872885,IEF,38795.761025760556,0.0,87.58724633341201,False
2022-09-16,3354501.50155126,IEF,38795.761025760556,0.0,87.58724633341201,False
2022-09-19,3344983.011236896,IEF,38795.761025760556,0.0,87.58724633341201,False
2022-09-20,3324247.3626592048,IEF,38795.761025760556,0.0,87.58724633341201,False
2022-09-21,3337505.004891348,IEF,38795.761025760556,0.0,87.58724633341201,False
2022-09-22,3287194.089621169,IEF,38795.761025760556,0.0,87.58724633341201,False
2022-09-23,3291273.5701087574,IEF,38795.761025760556,0.0,87.58724633341201,False
2022-09-26,3236543.1432711896,IEF,38795.761025760556,0.0,87.58724633341201,False
2022-09-27,3214446.7753942763,IEF,38795.761025760556,0.0,87.58724633341201,False
2022-09-28,3286855.2485014023,IEF,38795.761025760556,0.0,87.58724633341201,False
2022-09-29,3271557.1223004437,IEF,38795.761025760556,0.0,87.58724633341201,False
2022-09-30,3263057.535265449,IEF,38795.761025760556,0.0,87.58724633341201,False
2022-10-03,3301784.7845817357,SHY,46277.40434978936,0.0,71.34766590677994,False
2022-10-04,3303002.7556193103,SHY,46277.40434978936,0.0,71.34766590677994,False
2022-10-05,3299755.0697887405,SHY,46277.40434978936,0.0,71.34766590677994,False
2022-10-06,3295691.375349395,SHY,46277.40434978936,0.0,71.34766590677994,False
2022-10-07,3291629.1025278345,SHY,46277.40434978936,0.0,71.34766590677994,False
2022-10-10,3290410.065276921,SHY,46277.40434978936,0.0,71.34766590677994,False
2022-10-11,3292036.040618884,SHY,46277.40434978936,0.0,71.34766590677994,False
2022-10-12,3295285.1480672387,SHY,46277.40434978936,0.0,71.34766590677994,False
2022-10-13,3285535.337891048,SHY,46277.40434978936,0.0,71.34766590677994,False
2022-10-14,3283910.0733579784,SHY,46277.40434978936,0.0,71.34766590677994,False
2022-10-17,3287567.185110721,SHY,46277.40434978936,0.0,71.34766590677994,False
2022-10-18,3289192.449643791,SHY,46277.40434978936,0.0,71.34766590677994,False
2022-10-19,3283098.3296025586,SHY,46277.40434978936,0.0,71.34766590677994,False
2022-10-20,3279441.573254261,SHY,46277.40434978936,0.0,71.34766590677994,False
2022-10-21,3287973.767797323,SHY,46277.40434978936,0.0,71.34766590677994,False
2022-10-24,3287159.891615226,SHY,46277.40434978936,0.0,71.34766590677994,False
2022-10-25,3290410.065276921,SHY,46277.40434978936,0.0,71.34766590677994,False
2022-10-26,3293252.94544312,SHY,46277.40434978936,0.0,71.34766590677994,False
2022-10-27,3300159.520048665,SHY,46277.40434978936,0.0,71.34766590677994,False
2022-10-28,3295285.1480672387,SHY,46277.40434978936,0.0,71.34766590677994,False
2022-10-31,3290410.065276921,SHY,46277.40434978936,0.0,71.34766590677994,False
2022-11-01,3287196.498273198,SHY,46277.40434978936,0.0,71.10187166951376,False
2022-11-02,3285567.679695664,SHY,46277.40434978936,0.0,71.10187166951376,False
2022-11-03,3279463.252925488,SHY,46277.40434978936,0.0,71.10187166951376,False
2022-11-04,3283125.695744926,SHY,46277.40434978936,0.0,71.10187166951376,False
2022-11-07,3280277.8399164784,SHY,46277.40434978936,0.0,71.10187166951376,False
2022-11-08,3283533.344644867,SHY,46277.40434978936,0.0,71.10187166951376,False
2022-11-09,3288823.8952329466,SHY,46277.40434978936,0.0,71.10187166951376,False
2022-11-10,3306728.815834642,SHY,46277.40434978936,0.0,71.10187166951376,False
2022-11-11,3305914.228843652,SHY,46277.40434978936,0.0,71.10187166951376,False
2022-11-14,3303065.3068018653,SHY,46277.40434978936,0.0,71.10187166951376,False
2022-11-15,3306321.877743593,SHY,46277.40434978936,0.0,71.10187166951376,False
2022-11-16,3306728.815834642,SHY,46277.40434978936,0.0,71.10187166951376,False
2022-11-17,3302659.790328602,SHY,46277.40434978936,0.0,71.10187166951376,False
2022-11-18,3298996.992104717,SHY,46277.40434978936,0.0,71.10187166951376,False
2022-11-21,3298183.1159226196,SHY,46277.40434978936,0.0,71.10187166951376,False
2022-11-22,3300624.744468911,SHY,46277.40434978936,0.0,71.10187166951376,False
2022-11-23,3303472.2448929134,SHY,46277.40434978936,0.0,71.10187166951376,False
2022-11-25,3303880.604601747,SHY,46277.40434978936,0.0,71.10187166951376,False
2022-11-28,3304693.7699749526,SHY,46277.40434978936,0.0,71.10187166951376,False
2022-11-29,3303472.2448929134,SHY,46277.40434978936,0.0,71.10187166951376,False
2022-11-30,3313238.759078082,SHY,46277.40434978936,0.0,71.10187166951376,False
2022-12-01,3320375.6357648494,SHY,46277.40434978936,0.0,71.59517275504159,False
2022-12-02,3319559.627156073,SHY,46277.40434978936,0.0,71.59517275504159,False
2022-12-05,3310180.1484129597,SHY,46277.40434978936,0.0,71.59517275504159,False
2022-12-06,3313851.831748002,SHY,46277.40434978936,0.0,71.59517275504159,False
2022-12-07,3320782.9292603442,SHY,46277.40434978936,0.0,71.59517275504159,False
2022-12-08,3317520.6718474743,SHY,46277.40434978936,0.0,71.59517275504159,False
2022-12-09,3315889.720843263,SHY,46277.40434978936,0.0,71.59517275504159,False
2022-12-12,3313851.831748002,SHY,46277.40434978936,0.0,71.59517275504159,False
2022-12-13,3323636.471559934,SHY,46277.40434978936,0.0,71.59517275504159,False
2022-12-14,3324046.2528865524,SHY,46277.40434978936,0.0,71.59517275504159,False
2022-12-15,3324494.06248893,SHY,46277.40434978936,0.0,71.59517275504159,False
2022-12-16,3327763.7833951726,SHY,46277.40434978936,0.0,71.59517275504159,False
2022-12-19,3323677.343071262,SHY,46277.40434978936,0.0,71.59517275504159,False
2022-12-20,3323677.343071262,SHY,46277.40434978936,0.0,71.59517275504159,False
2022-12-21,3326946.353168612,SHY,46277.40434978936,0.0,71.59517275504159,False
2022-12-22,3324902.066793317,SHY,46277.40434978936,0.0,71.59517275504159,False
2022-12-23,3323268.627957981,SHY,46277.40434978936,0.0,71.59517275504159,False
2022-12-27,3318773.4725207905,SHY,46277.40434978936,0.0,71.59517275504159,False
2022-12-28,3318773.4725207905,SHY,46277.40434978936,0.0,71.59517275504159,False
2022-12-29,3321226.4740093653,SHY,46277.40434978936,0.0,71.59517275504159,False
2022-12-30,3317138.256663223,SHY,46277.40434978936,0.0,71.59517275504159,False
2023-01-03,3319998.907051739,GLD,19408.388603036947,0.0,171.05999755859375,False
2023-01-04,3351246.4245485687,GLD,19408.388603036947,0.0,171.05999755859375,False
2023-01-05,3309518.5075114425,GLD,19408.388603036947,0.0,171.05999755859375,False
2023-01-06,3371431.3145388914,GLD,19408.388603036947,0.0,171.05999755859375,False
2023-01-09,3379000.5742481356,GLD,19408.388603036947,0.0,171.05999755859375,False
2023-01-10,3391421.931108139,GLD,19408.388603036947,0.0,171.05999755859375,False
2023-01-11,3389092.7230947893,GLD,19408.388603036947,0.0,171.05999755859375,False
2023-01-12,3428297.750994506,GLD,19408.388603036947,0.0,171.05999755859375,False
2023-01-13,3469443.4400654216,GLD,19408.388603036947,0.0,171.05999755859375,False
2023-01-17,3446735.6609376897,GLD,19408.388603036947,0.0,171.05999755859375,False
2023-01-18,3436837.4893636033,GLD,19408.388603036947,0.0,171.05999755859375,False
2023-01-19,3491375.013954376,GLD,19408.388603036947,0.0,171.05999755859375,False
2023-01-20,3479729.8623331506,GLD,19408.388603036947,0.0,171.05999755859375,False
2023-01-23,3486328.939531049,GLD,19408.388603036947,0.0,171.05999755859375,False
2023-01-24,3498944.27366362,GLD,19408.388603036947,0.0,171.05999755859375,False
2023-01-25,3515053.2717419616,GLD,19408.388603036947,0.0,171.05999755859375,False
2023-01-26,3483223.5262789214,GLD,19408.388603036947,0.0,171.05999755859375,False
2023-01-27,3478371.429128162,GLD,19408.388603036947,0.0,171.05999755859375,False
2023-01-30,3469443.4400654216,GLD,19408.388603036947,0.0,171.05999755859375,False
2023-01-31,3482059.0703465003,GLD,19408.388603036947,0.0,171.05999755859375,False
2023-02-01,3525921.9219759014,GLD,19408.388603036947,0.0,179.41000366210938,False
2023-02-02,3452752.2140208697,GLD,19408.388603036947,0.0,179.41000366210938,False
2023-02-03,3366579.217388132,GLD,19408.388603036947,0.0,179.41000366210938,False
2023-02-06,3373566.249131166,GLD,19408.388603036947,0.0,179.41000366210938,False
2023-02-07,3376671.366234786,GLD,19408.388603036947,0.0,179.41000366210938,False
2023-02-08,3385017.1273313155,GLD,19408.388603036947,0.0,179.41000366210938,False
2023-02-09,3358233.4562916025,GLD,19408.388603036947,0.0,179.41000366210938,False
2023-02-10,3364638.2600684254,GLD,19408.388603036947,0.0,179.41000366210938,False
2023-02-13,3347558.7833302305,GLD,19408.388603036947,0.0,179.41000366210938,False
2023-02-14,3350081.9686161475,GLD,19408.388603036947,0.0,179.41000366210938,False
2023-02-15,3316699.5165270437,GLD,19408.388603036947,0.0,179.41000366210938,False
2023-02-16,3313982.353968559,GLD,19408.388603036947,0.0,179.41000366210938,False
2023-02-17,3323880.525542645,GLD,19408.388603036947,0.0,179.41000366210938,False
2023-02-21,3311459.1686826413,GLD,19408.388603036947,0.0,179.41000366210938,False
2023-02-22,3292827.28146689,GLD,19408.388603036947,0.0,179.41000366210938,False
2023-02-23,3291080.5975682586,GLD,19408.388603036947,0.0,179.41000366210938,False
2023-02-24,3267402.339780673,GLD,19408.388603036947,0.0,179.41000366210938,False
2023-02-27,3280211.6511858115,GLD,19408.388603036947,0.0,179.41000366210938,False
2023-02-28,3295156.1933317324,GLD,19408.388603036947,0.0,179.41000366210938,False
2023-03-01,3314176.331241126,GLD,19408.388603036947,0.0,169.77999877929688,False
2023-03-02,3312235.6700699273,GLD,19408.388603036947,0.0,169.77999877929688,False
2023-03-03,3347753.0567513057,GLD,19408.388603036947,0.0,169.77999877929688,False
2023-03-06,3330867.557285678,GLD,19408.388603036947,0.0,169.77999877929688,False
2023-03-07,3272642.3914765674,GLD,19408.388603036947,0.0,169.77999877929688,False
2023-03-08,3271089.6848505037,GLD,19408.388603036947,0.0,169.77999877929688,False
2023-03-09,3303307.681007187,GLD,19408.388603036947,0.0,169.77999877929688,False
2023-03-10,3374536.4316425114,GLD,19408.388603036947,0.0,169.77999877929688,False
2023-03-13,3451976.0087820916,GLD,19408.388603036947,0.0,169.77999877929688,False
2023-03-14,3431985.392212844,GLD,19408.388603036947,0.0,169.77999877929688,False
2023-03-15,3458769.0632525575,GLD,19408.388603036947,0.0,169.77999877929688,False
2023-03-16,3465756.0949955913,GLD,19408.388603036947,0.0,169.77999877929688,False
2023-03-17,3566679.656501682,GLD,19408.388603036947,0.0,169.77999877929688,False
2023-03-20,3568038.0897066705,GLD,19408.388603036947,0.0,169.77999877929688,False
2023-03-21,3500690.9575622515,GLD,19408.388603036947,0.0,169.77999877929688,False
2023-03-22,3560274.8527248586,GLD,19408.388603036947,0.0,169.77999877929688,False
2023-03-23,3604914.205741545,GLD,19408.388603036947,0.0,169.77999877929688,False
2023-03-24,3564350.4484883323,GLD,19408.388603036947,0.0,169.77999877929688,False
2023-03-27,3531356.247092871,GLD,19408.388603036947,0.0,169.77999877929688,False
2023-03-28,3560274.8527248586,GLD,19408.388603036947,0.0,169.77999877929688,False
2023-03-29,3542613.1480204533,GLD,19408.388603036947,0.0,169.77999877929688,False
2023-03-30,3574636.8707560613,GLD,19408.388603036947,0.0,169.77999877929688,False
2023-03-31,3556004.98354031,GLD,19408.388603036947,0.0,169.77999877929688,False
2023-04-03,3581623.9024990946,TQQQ,264963.7449825953,0.0,13.517411231994629,False
2023-04-04,3545884.8170426153,TQQQ,264963.7449825953,0.0,13.517411231994629,False
2023-04-05,3432284.128164946,TQQQ,264963.7449825953,0.0,13.517411231994629,False
2023-04-06,3501209.8862932627,TQQQ,264963.7449825953,0.0,13.517411231994629,False
2023-04-10,3493551.637182862,TQQQ,264963.7449825953,0.0,13.517411231994629,False
2023-04-11,3425901.9591023074,TQQQ,264963.7449825953,0.0,13.517411231994629,False
2023-04-12,3335275.7648667227,TQQQ,264963.7449825953,0.0,13.517411231994629,False
2023-04-13,3526738.3098546993,TQQQ,264963.7449825953,0.0,13.517411231994629,False
2023-04-14,3506315.2172407843,TQQQ,264963.7449825953,0.0,13.517411231994629,False
2023-04-17,3510145.226207899,TQQQ,264963.7449825953,0.0,13.517411231994629,False
2023-04-18,3512697.8916816595,TQQQ,264963.7449825953,0.0,13.517411231994629,False
2023-04-19,3505039.1371930223,TQQQ,264963.7449825953,0.0,13.517411231994629,False
2023-04-20,3423348.535561192,TQQQ,264963.7449825953,0.0,13.517411231994629,False
2023-04-21,3429731.210002067,TQQQ,264963.7449825953,0.0,13.517411231994629,False
2023-04-24,3409307.864699034,TQQQ,264963.7449825953,0.0,13.517411231994629,False
2023-04-25,3295093.990299167,CASH,0.0,3295093.990299167,,False
2023-04-26,3295093.990299167,CASH,0.0,3295093.990299167,,False
2023-04-27,3295093.990299167,CASH,0.0,3295093.990299167,,False
2023-04-28,3295093.990299167,CASH,0.0,3295093.990299167,,False
2023-05-01,3295093.990299167,TECL,96933.23518612862,0.0,33.993438720703125,False
2023-05-02,3202261.14514668,TECL,96933.23518612862,0.0,33.993438720703125,False
2023-05-03,3119343.3381727547,TECL,96933.23518612862,0.0,33.993438720703125,False
2023-05-04,3074279.352835942,TECL,96933.23518612862,0.0,33.993438720703125,False
2023-05-05,3300501.5206312058,TECL,96933.23518612862,0.0,33.993438720703125,False
2023-05-08,3295093.990299167,TECL,96933.23518612862,0.0,33.993438720703125,False
2023-05-09,3218484.1059137434,TECL,96933.23518612862,0.0,33.993438720703125,False
2023-05-10,3332947.8119362793,TECL,96933.23518612862,0.0,33.993438720703125,False
2023-05-11,3286080.45368991,TECL,96933.23518612862,0.0,33.993438720703125,False
2023-05-12,3272561.2580888662,TECL,96933.23518612862,0.0,33.993438720703125,False
2023-05-15,3350973.0363000575,TECL,96933.23518612862,0.0,33.993438720703125,False
2023-05-16,3362690.3380753337,TECL,96933.23518612862,0.0,33.993438720703125,False
2023-05-17,3495178.528919753,TECL,96933.23518612862,0.0,33.993438720703125,False
2023-05-18,3709684.5042525823,TECL,96933.23518612862,0.0,33.993438720703125,False
2023-05-19,3698868.7040466103,TECL,96933.23518612862,0.0,33.993438720703125,False
2023-05-22,3717796.1695215874,TECL,96933.23518612862,0.0,33.993438720703125,False
2023-05-23,3555564.343225272,TECL,96933.23518612862,0.0,33.993438720703125,False
2023-05-24,3475350.301417366,TECL,96933.23518612862,0.0,33.993438720703125,False
2023-05-25,3874619.72594397,TECL,96933.23518612862,0.0,33.993438720703125,False
2023-05-26,4199081.529681865,TECL,96933.23518612862,0.0,33.993438720703125,False
2023-05-30,4264875.244090369,TECL,96933.23518612862,0.0,33.993438720703125,False
2023-05-31,4157622.0715384814,TECL,96933.23518612862,0.0,33.993438720703125,False
2023-06-01,4279295.571489771,TQQQ,246685.24588775836,0.0,17.34718894958496,False
2023-06-02,4375552.541386518,TQQQ,246685.24588775836,0.0,17.34718894958496,False
2023-06-05,4385059.762757993,TQQQ,246685.24588775836,0.0,17.34718894958496,False
2023-06-06,4380305.68155749,TQQQ,246685.24588775836,0.0,17.34718894958496,False
2023-06-07,4156893.037049317,TQQQ,246685.24588775836,0.0,17.34718894958496,False
2023-06-08,4299497.593503314,TQQQ,246685.24588775836,0.0,17.34718894958496,False
2023-06-09,4351785.428987362,TQQQ,246685.24588775836,0.0,17.34718894958496,False
2023-06-12,4574009.5531954095,TQQQ,246685.24588775836,0.0,17.34718894958496,False
2023-06-13,4676206.772018954,TQQQ,246685.24588775836,0.0,17.34718894958496,False
2023-06-14,4776029.773330846,TQQQ,246685.24588775836,0.0,17.34718894958496,False
2023-06-15,4943589.962484125,TQQQ,246685.24588775836,0.0,17.34718894958496,False
2023-06-16,4848520.101343204,TQQQ,246685.24588775836,0.0,17.34718894958496,False
2023-06-20,4824753.459458816,TQQQ,246685.24588775836,0.0,17.34718894958496,False
2023-06-21,4631391.181541359,TQQQ,246685.24588775836,0.0,17.34718894958496,False
2023-06-22,4785176.1098764315,TQQQ,246685.24588775836,0.0,17.34718894958496,False
2023-06-23,4643313.084694405,TQQQ,246685.24588775836,0.0,17.34718894958496,False
2023-06-26,4459726.221565317,TQQQ,246685.24588775836,0.0,17.34718894958496,False
2023-06-27,4680267.784968435,TQQQ,246685.24588775836,0.0,17.34718894958496,False
2023-06-28,4708879.787918025,TQQQ,246685.24588775836,0.0,17.34718894958496,False
2023-06-29,4676690.931713661,TQQQ,246685.24588775836,0.0,17.34718894958496,False
2023-06-30,4887697.513374081,TQQQ,246685.24588775836,0.0,17.34718894958496,False
2023-07-03,4921076.771937637,TQQQ,246685.24588775836,0.0,19.81349754333496,False
2023-07-05,4917499.918682863,TQQQ,246685.24588775836,0.0,19.81349754333496,False
2023-07-06,4801865.2686434435,TQQQ,246685.24588775836,0.0,19.81349754333496,False
2023-07-07,4752987.724186835,TQQQ,246685.24588775836,0.0,19.81349754333496,False
2023-07-10,4756564.106926842,TQQQ,246685.24588775836,0.0,19.81349754333496,False
2023-07-11,4824515.849501744,TQQQ,246685.24588775836,0.0,19.81349754333496,False
2023-07-12,5003333.5749578,TQQQ,246685.24588775836,0.0,19.81349754333496,False
2023-07-13,5252486.670795741,TQQQ,246685.24588775836,0.0,19.81349754333496,False
2023-07-14,5247718.944667009,TQQQ,246685.24588775836,0.0,19.81349754333496,False
2023-07-17,5393157.41155951,TQQQ,246685.24588775836,0.0,19.81349754333496,False
2023-07-18,5521905.778655467,TQQQ,246685.24588775836,0.0,19.81349754333496,False
2023-07-19,5521905.778655467,TQQQ,246685.24588775836,0.0,19.81349754333496,False
2023-07-20,5134466.0403755065,TQQQ,246685.24588775836,0.0,19.81349754333496,False
2023-07-21,5089166.290203204,TQQQ,246685.24588775836,0.0,19.81349754333496,False
2023-07-24,5109432.772739756,TQQQ,246685.24588775836,0.0,19.81349754333496,False
2023-07-25,5211954.646752171,TQQQ,246685.24588775836,0.0,19.81349754333496,False
2023-07-26,5158309.846681598,TQQQ,246685.24588775836,0.0,19.81349754333496,False
2023-07-27,5114200.969383255,TQQQ,246685.24588775836,0.0,19.81349754333496,False
2023-07-28,5390772.842722994,TQQQ,246685.24588775836,0.0,19.81349754333496,False
2023-07-31,5401501.049913483,TQQQ,246685.24588775836,0.0,19.81349754333496,False
2023-08-01,5359778.152995954,TECL,99741.11123124514,0.0,53.736900329589844,False
2023-08-02,4930995.900756279,CASH,0.0,4930995.900756279,,False
2023-08-03,4930995.900756279,CASH,0.0,4930995.900756279,,False
2023-08-04,4930995.900756279,CASH,0.0,4930995.900756279,,False
2023-08-07,4930995.900756279,CASH,0.0,4930995.900756279,,False
2023-08-08,4930995.900756279,CASH,0.0,4930995.900756279,,False
2023-08-09,4930995.900756279,CASH,0.0,4930995.900756279,,False
2023-08-10,4930995.900756279,CASH,0.0,4930995.900756279,,False
2023-08-11,4930995.900756279,CASH,0.0,4930995.900756279,,False
2023-08-14,4930995.900756279,CASH,0.0,4930995.900756279,,False
2023-08-15,4930995.900756279,CASH,0.0,4930995.900756279,,False
2023-08-16,4930995.900756279,CASH,0.0,4930995.900756279,,False
2023-08-17,4930995.900756279,CASH,0.0,4930995.900756279,,False
2023-08-18,4930995.900756279,CASH,0.0,4930995.900756279,,False
2023-08-21,4930995.900756279,CASH,0.0,4930995.900756279,,False
2023-08-22,4930995.900756279,CASH,0.0,4930995.900756279,,False
2023-08-23,4930995.900756279,CASH,0.0,4930995.900756279,,False
2023-08-24,4930995.900756279,CASH,0.0,4930995.900756279,,False
2023-08-25,4930995.900756279,CASH,0.0,4930995.900756279,,False
2023-08-28,4930995.900756279,CASH,0.0,4930995.900756279,,False
2023-08-29,4930995.900756279,CASH,0.0,4930995.900756279,,False
2023-08-30,4930995.900756279,CASH,0.0,4930995.900756279,,False
2023-08-31,4930995.900756279,CASH,0.0,4930995.900756279,,False
2023-09-01,4930995.900756279,TQQQ,241279.0862390323,0.0,20.43689727783203,False
2023-09-05,4943822.688116765,TQQQ,241279.0862390323,0.0,20.43689727783203,False
2023-09-06,4813230.327465489,TQQQ,241279.0862390323,0.0,20.43689727783203,False
2023-09-07,4708291.081331848,TQQQ,241279.0862390323,0.0,20.43689727783203,False
2023-09-08,4722282.643333888,TQQQ,241279.0862390323,0.0,20.43689727783203,False
2023-09-11,4883190.898695698,TQQQ,241279.0862390323,0.0,20.43689727783203,False
2023-09-12,4726946.804136791,TQQQ,241279.0862390323,0.0,20.43689727783203,False
2023-09-13,4773585.650945812,TQQQ,241279.0862390323,0.0,20.43689727783203,False
2023-09-14,4885522.748995482,TQQQ,241279.0862390323,0.0,20.43689727783203,False
2023-09-15,4634832.964753631,TQQQ,241279.0862390323,0.0,20.43689727783203,False
2023-09-18,4645327.901814332,TQQQ,241279.0862390323,0.0,20.43689727783203,False
2023-09-19,4536516.228695777,CASH,0.0,4536516.228695777,,False
2023-09-20,4536516.228695777,CASH,0.0,4536516.228695777,,False
2023-09-21,4536516.228695777,CASH,0.0,4536516.228695777,,False
2023-09-22,4536516.228695777,CASH,0.0,4536516.228695777,,False
2023-09-25,4536516.228695777,CASH,0.0,4536516.228695777,,False
2023-09-26,4536516.228695777,CASH,0.0,4536516.228695777,,False
2023-09-27,4536516.228695777,CASH,0.0,4536516.228695777,,False
2023-09-28,4536516.228695777,CASH,0.0,4536516.228695777,,False
2023-09-29,4536516.228695777,CASH,0.0,4536516.228695777,,False
2023-10-02,4536516.228695777,TECL,109508.20047346156,0.0,41.42626953125,False
2023-10-03,4300112.209385257,TECL,109508.20047346156,0.0,41.42626953125,False
2023-10-04,4458054.094319527,TECL,109508.20047346156,0.0,41.42626953125,False
2023-10-05,4475377.798366289,TECL,109508.20047346156,0.0,41.42626953125,False
2023-10-06,4722988.963376509,TECL,109508.20047346156,0.0,41.42626953125,False
2023-10-09,4794318.594186461,TECL,109508.20047346156,0.0,41.42626953125,False
2023-10-10,4815716.940366624,TECL,109508.20047346156,0.0,41.42626953125,False
2023-10-11,4942072.202824698,TECL,109508.20047346156,0.0,41.42626953125,False
2023-10-12,4950223.993535296,TECL,109508.20047346156,0.0,41.42626953125,False
2023-10-13,4738274.928615938,TECL,109508.20047346156,0.0,41.42626953125,False
2023-10-16,4875837.336773711,TECL,109508.20047346156,0.0,41.42626953125,False
2023-10-17,4806546.280252359,TECL,109508.20047346156,0.0,41.42626953125,False
2023-10-18,4648604.395318089,TECL,109508.20047346156,0.0,41.42626953125,False
2023-10-19,4573199.704634104,TECL,109508.20047346156,0.0,41.42626953125,False
2023-10-20,4333737.823890684,TECL,109508.20047346156,0.0,41.42626953125,False
2023-10-23,4348003.666504548,TECL,109508.20047346156,0.0,41.42626953125,False
2023-10-24,4437674.6175430305,TECL,109508.20047346156,0.0,41.42626953125,False
2023-10-25,4282788.923079127,TECL,109508.20047346156,0.0,41.42626953125,False
2023-10-26,4173594.9304001154,CASH,0.0,4173594.9304001154,,False
2023-10-27,4173594.9304001154,CASH,0.0,4173594.9304001154,,False
2023-10-30,4173594.9304001154,CASH,0.0,4173594.9304001154,,False
2023-10-31,4173594.9304001154,CASH,0.0,4173594.9304001154,,False
2023-11-01,4173594.9304001154,TQQQ,249668.99557825152,0.0,16.71651268005371,False
2023-11-02,4395169.687576697,TQQQ,249668.99557825152,0.0,16.71651268005371,False
2023-11-03,4550150.870840365,TQQQ,249668.99557825152,0.0,16.71651268005371,False
2023-11-06,4602214.929059447,TQQQ,249668.99557825152,0.0,16.71651268005371,False
2023-11-07,4731769.102704545,TQQQ,249668.99557825152,0.0,16.71651268005371,False
2023-11-08,4740245.566253764,TQQQ,249668.99557825152,0.0,16.71651268005371,False
2023-11-09,4627640.510060565,TQQQ,249668.99557825152,0.0,16.71651268005371,False
2023-11-10,4936392.837605959,TQQQ,249668.99557825152,0.0,16.71651268005371,False
2023-11-13,4891594.25154252,TQQQ,249668.99557825152,0.0,16.71651268005371,False
2023-11-14,5199134.635282702,TQQQ,249668.99557825152,0.0,16.71651268005371,False
2023-11-15,5213663.6747707175,TQQQ,249668.99557825152,0.0,16.71651268005371,False
2023-11-16,5222139.185908302,TQQQ,249668.99557825152,0.0,16.71651268005371,False
2023-11-17,5225772.160089031,TQQQ,249668.99557825152,0.0,16.71651268005371,False
2023-11-20,5412233.8813217,TQQQ,249668.99557825152,0.0,16.71651268005371,False
2023-11-21,5314159.769439785,TQQQ,249668.99557825152,0.0,16.71651268005371,False
2023-11-22,5375910.330190027,TQQQ,249668.99557825152,0.0,16.71651268005371,False
2023-11-24,5349272.805383698,TQQQ,249668.99557825152,0.0,16.71651268005371,False
2023-11-27,5333531.822090472,TQQQ,249668.99557825152,0.0,16.71651268005371,False
2023-11-28,5375910.330190027,TQQQ,249668.99557825152,0.0,16.71651268005371,False
2023-11-29,5356538.277539341,TQQQ,249668.99557825152,0.0,16.71651268005371,False
2023-11-30,5311737.786652632,TQQQ,249668.99557825152,0.0,16.71651268005371,False
2023-12-01,5356538.277539341,TQQQ,249668.99557825152,0.0,21.27511978149414,False
2023-12-04,5203978.124651191,TQQQ,249668.99557825152,0.0,21.27511978149414,False
2023-12-05,5241512.190970623,TQQQ,249668.99557825152,0.0,21.27511978149414,False
2023-12-06,5148281.568457197,TQQQ,249668.99557825152,0.0,21.27511978149414,False
2023-12-07,5363801.844871714,TQQQ,249668.99557825152,0.0,21.27511978149414,False
2023-12-08,5427973.912203291,TQQQ,249668.99557825152,0.0,21.27511978149414,False
2023-12-11,5566005.025603426,TQQQ,249668.99557825152,0.0,21.27511978149414,False
2023-12-12,5700402.688617013,TQQQ,249668.99557825152,0.0,21.27511978149414,False
2023-12-13,5901393.449337697,TQQQ,249668.99557825152,0.0,21.27511978149414,False
2023-12-14,5891706.946806536,TQQQ,249668.99557825152,0.0,21.27511978149414,False
2023-12-15,5961933.018694363,TQQQ,249668.99557825152,0.0,21.27511978149414,False
2023-12-18,6086643.226765155,TQQQ,249668.99557825152,0.0,21.27511978149414,False
2023-12-19,6177453.771314696,TQQQ,249668.99557825152,0.0,21.27511978149414,False
2023-12-20,5902977.786092093,TQQQ,249668.99557825152,0.0,21.27511978149414,False
2023-12-21,6098770.760316163,TQQQ,249668.99557825152,0.0,21.27511978149414,False
2023-12-22,6123092.97243843,TQQQ,249668.99557825152,0.0,21.27511978149414,False
2023-12-26,6234975.624406677,TQQQ,249668.99557825152,0.0,21.27511978149414,False
2023-12-27,6267809.063102831,TQQQ,249668.99557825152,0.0,21.27511978149414,False
2023-12-28,6252000.4585835375,TQQQ,249668.99557825152,0.0,21.27511978149414,False
2023-12-29,6165656.724600944,TQQQ,249668.99557825152,0.0,21.27511978149414,False
2024-01-02,5853117.608395808,TECL,102017.82129678743,0.0,57.37348175048828,False
2024-01-03,5651646.96618434,TECL,102017.82129678743,0.0,57.37348175048828,False
2024-01-04,5527153.187966263,TECL,102017.82129678743,0.0,57.37348175048828,False
2024-01-05,5526202.0635642195,TECL,102017.82129678743,0.0,57.37348175048828,False
2024-01-08,5941498.236036125,TECL,102017.82129678743,0.0,57.37348175048828,False
2024-01-09,5963356.1955963485,TECL,102017.82129678743,0.0,57.37348175048828,False
2024-01-10,6115410.009781665,TECL,102017.82129678743,0.0,57.37348175048828,False
2024-01-11,6198089.339349174,TECL,102017.82129678743,0.0,57.37348175048828,False
2024-01-12,6256059.671152951,TECL,102017.82129678743,0.0,57.37348175048828,False
2024-01-16,6300725.936341235,TECL,102017.82129678743,0.0,57.37348175048828,False
2024-01-17,6205692.886226068,TECL,102017.82129678743,0.0,57.37348175048828,False
2024-01-18,6579174.220880301,TECL,102017.82129678743,0.0,57.37348175048828,False
2024-01-19,7023930.732288012,TECL,102017.82129678743,0.0,57.37348175048828,False
2024-01-22,7109461.878393237,TECL,102017.82129678743,0.0,57.37348175048828,False
2024-01-23,7198792.852101388,TECL,102017.82129678743,0.0,57.37348175048828,False
2024-01-24,7345144.58987969,TECL,102017.82129678743,0.0,57.37348175048828,False
2024-01-25,7429724.611582871,TECL,102017.82129678743,0.0,57.37348175048828,False
2024-01-26,7163630.825925671,TECL,102017.82129678743,0.0,57.37348175048828,False
2024-01-29,7361299.694698691,TECL,102017.82129678743,0.0,57.37348175048828,False
2024-01-30,7184536.104415435,TECL,102017.82129678743,0.0,57.37348175048828,False
2024-01-31,6725525.958658602,TECL,102017.82129678743,0.0,57.37348175048828,False
2024-02-01,6984016.197438907,TQQQ,263088.5473770905,0.0,26.54625701904297,False
2024-02-02,7335138.305204753,TQQQ,263088.5473770905,0.0,26.54625701904297,False
2024-02-05,7297975.38190649,TQQQ,263088.5473770905,0.0,26.54625701904297,False
2024-02-06,7255688.562663121,TQQQ,263088.5473770905,0.0,26.54625701904297,False
2024-02-07,7472257.092658275,TQQQ,263088.5473770905,0.0,26.54625701904297,False
2024-02-08,7503011.507963694,TQQQ,263088.5473770905,0.0,26.54625701904297,False
2024-02-09,7723424.841673606,TQQQ,263088.5473770905,0.0,26.54625701904297,False
2024-02-12,7632440.186186117,TQQQ,263088.5473770905,0.0,26.54625701904297,False
2024-02-13,7271066.272117411,TQQQ,263088.5473770905,0.0,26.54625701904297,False
2024-02-14,7501730.408527021,TQQQ,263088.5473770905,0.0,26.54625701904297,False
2024-02-15,7564522.345780854,TQQQ,263088.5473770905,0.0,26.54625701904297,False
2024-02-16,7356924.522651888,TQQQ,263088.5473770905,0.0,26.54625701904297,False
2024-02-20,7186488.117416443,TQQQ,263088.5473770905,0.0,26.54625701904297,False
2024-02-21,7096785.564968788,TQQQ,263088.5473770905,0.0,26.54625701904297,False
2024-02-22,7710610.334695822,TQQQ,263088.5473770905,0.0,26.54625701904297,False
2024-02-23,7640129.793615635,TQQQ,263088.5473770905,0.0,26.54625701904297,False
2024-02-26,7629877.987312774,TQQQ,263088.5473770905,0.0,26.54625701904297,False
2024-02-27,7677291.211509154,TQQQ,263088.5473770905,0.0,26.54625701904297,False
2024-02-28,7552988.938239741,TQQQ,263088.5473770905,0.0,26.54625701904297,False
2024-02-29,7734958.249214719,TQQQ,263088.5473770905,0.0,26.54625701904297,False
2024-03-01,8089925.662496905,TECL,103263.67495016985,0.0,78.34241485595703,False
2024-03-04,8088963.710690918,TECL,103263.67495016985,0.0,78.34241485595703,False
2024-03-05,7442731.609497152,CASH,0.0,7442731.609497152,,False
2024-03-06,7442731.609497152,CASH,0.0,7442731.609497152,,False
2024-03-07,7442731.609497152,CASH,0.0,7442731.609497152,,False
2024-03-08,7442731.609497152,CASH,0.0,7442731.609497152,,False
2024-03-11,7442731.609497152,CASH,0.0,7442731.609497152,,False
2024-03-12,7442731.609497152,CASH,0.0,7442731.609497152,,False
2024-03-13,7442731.609497152,CASH,0.0,7442731.609497152,,False
2024-03-14,7442731.609497152,CASH,0.0,7442731.609497152,,False
2024-03-15,7442731.609497152,CASH,0.0,7442731.609497152,,False
2024-03-18,7442731.609497152,CASH,0.0,7442731.609497152,,False
2024-03-19,7442731.609497152,CASH,0.0,7442731.609497152,,False
2024-03-20,7442731.609497152,CASH,0.0,7442731.609497152,,False
2024-03-21,7442731.609497152,CASH,0.0,7442731.609497152,,False
2024-03-22,7442731.609497152,CASH,0.0,7442731.609497152,,False
2024-03-25,7442731.609497152,CASH,0.0,7442731.609497152,,False
2024-03-26,7442731.609497152,CASH,0.0,7442731.609497152,,False
2024-03-27,7442731.609497152,CASH,0.0,7442731.609497152,,False
2024-03-28,7442731.609497152,CASH,0.0,7442731.609497152,,False
2024-04-01,7442731.609497152,TECL,98814.72191429263,0.0,75.320068359375,False
2024-04-02,7230714.050985536,TECL,98814.72191429263,0.0,75.320068359375,False
2024-04-03,7278647.544287176,TECL,98814.72191429263,0.0,75.320068359375,False
2024-04-04,6933890.675303671,TECL,98814.72191429263,0.0,75.320068359375,False
2024-04-05,7161578.726443083,TECL,98814.72191429263,0.0,75.320068359375,False
2024-04-08,7135767.572007509,TECL,98814.72191429263,0.0,75.320068359375,False
2024-04-09,7233480.0972402925,TECL,98814.72191429263,0.0,75.320068359375,False
2024-04-10,6977215.599307047,TECL,98814.72191429263,0.0,75.320068359375,False
2024-04-11,7372673.515639949,TECL,98814.72191429263,0.0,75.320068359375,False
2024-04-12,7029757.661906952,TECL,98814.72191429263,0.0,75.320068359375,False
2024-04-15,6847313.080737379,CASH,0.0,6847313.080737379,,False
2024-04-16,6847313.080737379,CASH,0.0,6847313.080737379,,False
2024-04-17,6847313.080737379,CASH,0.0,6847313.080737379,,False
2024-04-18,6847313.080737379,CASH,0.0,6847313.080737379,,False
2024-04-19,6847313.080737379,CASH,0.0,6847313.080737379,,False
2024-04-22,6847313.080737379,CASH,0.0,6847313.080737379,,False
2024-04-23,6847313.080737379,CASH,0.0,6847313.080737379,,False
2024-04-24,6847313.080737379,CASH,0.0,6847313.080737379,,False
2024-04-25,6847313.080737379,CASH,0.0,6847313.080737379,,False
2024-04-26,6847313.080737379,CASH,0.0,6847313.080737379,,False
2024-04-29,6847313.080737379,CASH,0.0,6847313.080737379,,False
2024-04-30,6847313.080737379,CASH,0.0,6847313.080737379,,False
2024-05-01,6847313.080737379,TECL,115336.84673467644,0.0,59.367958068847656,False
2024-05-02,7130285.740796307,TECL,115336.84673467644,0.0,59.367958068847656,False
2024-05-03,7716674.946413634,TECL,115336.84673467644,0.0,59.367958068847656,False
2024-05-06,7985662.556231823,TECL,115336.84673467644,0.0,59.367958068847656,False
2024-05-07,7906042.892487872,TECL,115336.84673467644,0.0,59.367958068847656,False
2024-05-08,7977055.762271924,TECL,115336.84673467644,0.0,59.367958068847656,False
2024-05-09,7958763.35527485,TECL,115336.84673467644,0.0,59.367958068847656,False
2024-05-10,8037309.47964337,TECL,115336.84673467644,0.0,59.367958068847656,False
2024-05-13,8153510.437580236,TECL,115336.84673467644,0.0,59.367958068847656,False
2024-05-14,8371926.423262922,TECL,115336.84673467644,0.0,59.367958068847656,False
2024-05-15,8929266.709321495,TECL,115336.84673467644,0.0,59.367958068847656,False
2024-05-16,8833506.997033177,TECL,115336.84673467644,0.0,59.367958068847656,False
2024-05-17,8762495.007199433,TECL,115336.84673467644,0.0,59.367958068847656,False
2024-05-20,9066987.731984185,TECL,115336.84673467644,0.0,59.367958068847656,False
2024-05-21,9113251.119413046,TECL,115336.84673467644,0.0,59.367958068847656,False
2024-05-22,9174581.016010845,TECL,115336.84673467644,0.0,59.367958068847656,False
2024-05-23,8951861.193373056,TECL,115336.84673467644,0.0,59.367958068847656,False
2024-05-24,9153061.831235329,TECL,115336.84673467644,0.0,59.367958068847656,False
2024-05-28,9268189.249796765,TECL,115336.84673467644,0.0,59.367958068847656,False
2024-05-29,9087429.85758304,TECL,115336.84673467644,0.0,59.367958068847656,False
2024-05-30,8464458.47782249,TECL,115336.84673467644,0.0,59.367958068847656,False
2024-05-31,8505344.488920817,TECL,115336.84673467644,0.0,59.367958068847656,False
2024-06-03,8568824.984070707,TQQQ,277616.7774653082,0.0,30.865659713745117,False
2024-06-04,8632610.526807234,TQQQ,277616.7774653082,0.0,30.865659713745117,False
2024-06-05,9153741.392117117,TQQQ,277616.7774653082,0.0,30.865659713745117,False
2024-06-06,9142886.396507759,TQQQ,277616.7774653082,0.0,30.865659713745117,False
2024-06-07,9108957.386816774,TQQQ,277616.7774653082,0.0,30.865659713745117,False
2024-06-10,9205312.681989202,TQQQ,277616.7774653082,0.0,30.865659713745117,False
2024-06-11,9395312.170991624,TQQQ,277616.7774653082,0.0,30.865659713745117,False
2024-06-12,9765801.113818709,TQQQ,277616.7774653082,0.0,30.865659713745117,False
2024-06-13,9921869.475082222,TQQQ,277616.7774653082,0.0,30.865659713745117,False
2024-06-14,10065721.994945351,TQQQ,277616.7774653082,0.0,30.865659713745117,False
2024-06-17,10430788.735087568,TQQQ,277616.7774653082,0.0,30.865659713745117,False
2024-06-18,10436216.232892247,TQQQ,277616.7774653082,0.0,30.865659713745117,False
2024-06-20,10190576.683956163,TQQQ,277616.7774653082,0.0,30.865659713745117,False
2024-06-21,10096936.726222016,TQQQ,277616.7774653082,0.0,30.865659713745117,False
2024-06-24,9754945.05918539,TQQQ,277616.7774653082,0.0,30.865659713745117,False
2024-06-25,10080653.173784018,TQQQ,277616.7774653082,0.0,30.865659713745117,False
2024-06-26,10143726.522906175,TQQQ,277616.7774653082,0.0,30.865659713745117,False
2024-06-27,10217292.681442725,TQQQ,277616.7774653082,0.0,30.865659713745117,False
2024-06-28,10056540.257195778,TQQQ,277616.7774653082,0.0,30.865659713745117,False
2024-07-01,10221377.336863728,TQQQ,277616.7774653082,0.0,36.22454071044922,False
2024-07-02,10534709.697443727,TQQQ,277616.7774653082,0.0,36.22454071044922,False
2024-07-03,10793547.862016829,TQQQ,277616.7774653082,0.0,36.22454071044922,False
2024-07-05,11120499.270746714,TQQQ,277616.7774653082,0.0,36.22454071044922,False
2024-07-08,11194063.311235338,TQQQ,277616.7774653082,0.0,36.22454071044922,False
2024-07-09,11218586.07009683,TQQQ,277616.7774653082,0.0,36.22454071044922,False
2024-07-10,11570059.178664245,TQQQ,277616.7774653082,0.0,36.22454071044922,False
2024-07-11,10809893.896868577,TQQQ,277616.7774653082,0.0,36.22454071044922,False
2024-07-12,10985632.569200208,TQQQ,277616.7774653082,0.0,36.22454071044922,False
2024-07-15,11067368.038578765,TQQQ,277616.7774653082,0.0,36.22454071044922,False
2024-07-16,11075544.762588508,TQQQ,277616.7774653082,0.0,36.22454071044922,False
2024-07-17,10101494.765353985,TQQQ,277616.7774653082,0.0,36.22454071044922,False
2024-07-18,9950278.851883845,TQQQ,277616.7774653082,0.0,36.22454071044922,False
2024-07-19,9680542.27171895,TQQQ,277616.7774653082,0.0,36.22454071044922,False
2024-07-22,10102857.729192935,TQQQ,277616.7774653082,0.0,36.22454071044922,False
2024-07-23,9993873.573274987,TQQQ,277616.7774653082,0.0,36.22454071044922,False
2024-07-24,9252017.036620116,CASH,0.0,9252017.036620116,,False
2024-07-25,9252017.036620116,CASH,0.0,9252017.036620116,,False
2024-07-26,9252017.036620116,CASH,0.0,9252017.036620116,,False
2024-07-29,9252017.036620116,CASH,0.0,9252017.036620116,,False
2024-07-30,9252017.036620116,CASH,0.0,9252017.036620116,,False
2024-07-31,9252017.036620116,CASH,0.0,9252017.036620116,,False
2024-08-01,9252017.036620116,TECL,131257.52272705222,0.0,70.48751831054688,False
2024-08-02,8477337.546960093,CASH,0.0,8477337.546960093,,False
2024-08-05,8477337.546960093,CASH,0.0,8477337.546960093,,False
2024-08-06,8477337.546960093,CASH,0.0,8477337.546960093,,False
2024-08-07,8477337.546960093,CASH,0.0,8477337.546960093,,False
2024-08-08,8477337.546960093,CASH,0.0,8477337.546960093,,False
2024-08-09,8477337.546960093,CASH,0.0,8477337.546960093,,False
2024-08-12,8477337.546960093,CASH,0.0,8477337.546960093,,False
2024-08-13,8477337.546960093,CASH,0.0,8477337.546960093,,False
2024-08-14,8477337.546960093,CASH,0.0,8477337.546960093,,False
2024-08-15,8477337.546960093,CASH,0.0,8477337.546960093,,False
2024-08-16,8477337.546960093,CASH,0.0,8477337.546960093,,False
2024-08-19,8477337.546960093,CASH,0.0,8477337.546960093,,False
2024-08-20,8477337.546960093,CASH,0.0,8477337.546960093,,False
2024-08-21,8477337.546960093,CASH,0.0,8477337.546960093,,False
2024-08-22,8477337.546960093,CASH,0.0,8477337.546960093,,False
2024-08-23,8477337.546960093,CASH,0.0,8477337.546960093,,False
2024-08-26,8477337.546960093,CASH,0.0,8477337.546960093,,False
2024-08-27,8477337.546960093,CASH,0.0,8477337.546960093,,False
2024-08-28,8477337.546960093,CASH,0.0,8477337.546960093,,False
2024-08-29,8477337.546960093,CASH,0.0,8477337.546960093,,False
2024-08-30,8477337.546960093,CASH,0.0,8477337.546960093,,False
2024-09-03,8477337.546960093,TQQQ,277073.0246752841,0.0,30.596040725708008,False
2024-09-04,8405277.358133344,TQQQ,277073.0246752841,0.0,30.596040725708008,False
2024-09-05,8432470.031787265,TQQQ,277073.0246752841,0.0,30.596040725708008,False
2024-09-06,7799150.543203285,CASH,0.0,7799150.543203285,,False
2024-09-09,7799150.543203285,CASH,0.0,7799150.543203285,,False
2024-09-10,7799150.543203285,CASH,0.0,7799150.543203285,,False
2024-09-11,7799150.543203285,CASH,0.0,7799150.543203285,,False
2024-09-12,7799150.543203285,CASH,0.0,7799150.543203285,,False
2024-09-13,7799150.543203285,CASH,0.0,7799150.543203285,,False
2024-09-16,7799150.543203285,CASH,0.0,7799150.543203285,,False
2024-09-17,7799150.543203285,CASH,0.0,7799150.543203285,,False
2024-09-18,7799150.543203285,CASH,0.0,7799150.543203285,,False
2024-09-19,7799150.543203285,CASH,0.0,7799150.543203285,,False
2024-09-20,7799150.543203285,CASH,0.0,7799150.543203285,,False
2024-09-23,7799150.543203285,CASH,0.0,7799150.543203285,,False
2024-09-24,7799150.543203285,CASH,0.0,7799150.543203285,,False
2024-09-25,7799150.543203285,CASH,0.0,7799150.543203285,,False
2024-09-26,7799150.543203285,CASH,0.0,7799150.543203285,,False
2024-09-27,7799150.543203285,CASH,0.0,7799150.543203285,,False
2024-09-30,7799150.543203285,CASH,0.0,7799150.543203285,,False
2024-10-01,7799150.543203285,TQQQ,228211.52753087378,0.0,34.17509460449219,False
2024-10-02,7828361.242646228,TQQQ,228211.52753087378,0.0,34.17509460449219,False
2024-10-03,7810385.092774459,TQQQ,228211.52753087378,0.0,34.17509460449219,False
2024-10-04,8085637.215894516,TQQQ,228211.52753087378,0.0,34.17509460449219,False
2024-10-07,7819373.602989289,TQQQ,228211.52753087378,0.0,34.17509460449219,False
2024-10-08,8158663.093943984,TQQQ,228211.52753087378,0.0,34.17509460449219,False
2024-10-09,8355270.7583921505,TQQQ,228211.52753087378,0.0,34.17509460449219,False
2024-10-10,8326060.058949207,TQQQ,228211.52753087378,0.0,34.17509460449219,False
2024-10-11,8347407.008971273,TQQQ,228211.52753087378,0.0,34.17509460449219,False
2024-10-14,8560865.191939365,TQQQ,228211.52753087378,0.0,34.17509460449219,False
2024-10-15,8219329.6616283255,TQQQ,228211.52753087378,0.0,34.17509460449219,False
2024-10-16,8214836.7123577455,TQQQ,228211.52753087378,0.0,34.17509460449219,False
2024-10-17,8239552.7214143295,TQQQ,228211.52753087378,0.0,34.17509460449219,False
2024-10-18,8385604.477513266,TQQQ,228211.52753087378,0.0,34.17509460449219,False
2024-10-21,8431665.695476135,TQQQ,228211.52753087378,0.0,34.17509460449219,False
2024-10-22,8456382.57509061,TQQQ,228211.52753087378,0.0,34.17509460449219,False
2024-10-23,8065414.156108512,TQQQ,228211.52753087378,0.0,34.17509460449219,False
2024-10-24,8257528.000728209,TQQQ,228211.52753087378,0.0,34.17509460449219,False
2024-10-25,8396839.897642331,TQQQ,228211.52753087378,0.0,34.17509460449219,False
2024-10-28,8404702.776505318,TQQQ,228211.52753087378,0.0,34.17509460449219,False
2024-10-29,8637262.74069702,TQQQ,228211.52753087378,0.0,34.17509460449219,False
2024-10-30,8445148.025519434,TQQQ,228211.52753087378,0.0,34.17509460449219,False
2024-10-31,7802519.602237802,TQQQ,228211.52753087378,0.0,34.17509460449219,False
2024-11-01,7968795.288680633,TECL,102084.08128347444,0.0,78.06109619140625,False
2024-11-04,7945915.313889185,TECL,102084.08128347444,0.0,78.06109619140625,False
2024-11-05,8278623.185738243,TECL,102084.08128347444,0.0,78.06109619140625,False
2024-11-06,8962153.962750662,TECL,102084.08128347444,0.0,78.06109619140625,False
2024-11-07,9449300.301472463,TECL,102084.08128347444,0.0,78.06109619140625,False
2024-11-08,9404494.43056062,TECL,102084.08128347444,0.0,78.06109619140625,False
2024-11-11,9256729.84134686,TECL,102084.08128347444,0.0,78.06109619140625,False
2024-11-12,9275795.05913356,TECL,102084.08128347444,0.0,78.06109619140625,False
2024-11-13,9221456.189908503,TECL,102084.08128347444,0.0,78.06109619140625,False
2024-11-14,9089899.25550667,TECL,102084.08128347444,0.0,78.06109619140625,False
2024-11-15,8433063.210290449,TECL,102084.08128347444,0.0,78.06109619140625,False
2024-11-18,8485493.9221734,TECL,102084.08128347444,0.0,78.06109619140625,False
2024-11-19,8696177.857933842,TECL,102084.08128347444,0.0,78.06109619140625,False
2024-11-20,8652324.50801359,TECL,102084.08128347444,0.0,78.06109619140625,False
2024-11-21,8924020.411818339,TECL,102084.08128347444,0.0,78.06109619140625,False
2024-11-22,8924975.269329123,TECL,102084.08128347444,0.0,78.06109619140625,False
2024-11-25,8916394.792007498,TECL,102084.08128347444,0.0,78.06109619140625,False
2024-11-26,9055578.903899634,TECL,102084.08128347444,0.0,78.06109619140625,False
2024-11-27,8682832.439135073,TECL,102084.08128347444,0.0,78.06109619140625,False
2024-11-29,8914487.413505124,TECL,102084.08128347444,0.0,78.06109619140625,False
2024-12-02,9165210.721020801,TECL,102084.08128347444,0.0,87.324951171875,False
2024-12-03,9260543.040672146,TECL,102084.08128347444,0.0,87.324951171875,False
2024-12-04,9773427.695999896,TECL,102084.08128347444,0.0,87.324951171875,False
2024-12-05,9613271.76665842,TECL,102084.08128347444,0.0,87.324951171875,False
2024-12-06,9709555.828461623,TECL,102084.08128347444,0.0,87.324951171875,False
2024-12-09,9531287.202325039,TECL,102084.08128347444,0.0,87.324951171875,False
2024-12-10,9125171.349265566,TECL,102084.08128347444,0.0,87.324951171875,False
2024-12-11,9520798.567661308,TECL,102084.08128347444,0.0,87.324951171875,False
2024-12-12,9361061.654095363,TECL,102084.08128347444,0.0,87.324951171875,False
2024-12-13,9469778.33453205,TECL,102084.08128347444,0.0,87.324951171875,False
2024-12-16,9747292.171130896,TECL,102084.08128347444,0.0,87.324951171875,False
2024-12-17,9577541.715137418,TECL,102084.08128347444,0.0,87.324951171875,False
2024-12-18,8662987.60277717,TECL,102084.08128347444,0.0,87.324951171875,False
2024-12-19,8671569.637778258,TECL,102084.08128347444,0.0,87.324951171875,False
2024-12-20,9061614.132978808,TECL,102084.08128347444,0.0,87.324951171875,False
2024-12-23,9324388.427659549,TECL,102084.08128347444,0.0,87.324951171875,False
2024-12-24,9600991.02177257,TECL,102084.08128347444,0.0,87.324951171875,False
2024-12-26,9624836.757831044,TECL,102084.08128347444,0.0,87.324951171875,False
2024-12-27,9227099.662602747,TECL,102084.08128347444,0.0,87.324951171875,False
2024-12-30,8872283.64613613,TECL,102084.08128347444,0.0,87.324951171875,False
2024-12-31,8636694.752282413,TECL,102084.08128347444,0.0,87.324951171875,False
2025-01-02,8583281.923498075,TQQQ,221003.49958245907,0.0,38.837764739990234,False
2025-01-03,8994816.46671356,TQQQ,221003.49958245907,0.0,38.837764739990234,False
2025-01-06,9301556.786124196,TQQQ,221003.49958245907,0.0,38.837764739990234,False
2025-01-07,8800511.88005025,TQQQ,221003.49958245907,0.0,38.837764739990234,False
2025-01-08,8807061.624420734,TQQQ,221003.49958245907,0.0,38.837764739990234,False
2025-01-10,8386793.807690787,TQQQ,221003.49958245907,0.0,38.837764739990234,False
2025-01-13,8299465.287853411,TQQQ,221003.49958245907,0.0,38.837764739990234,False
2025-01-14,8269991.8597169565,TQQQ,221003.49958245907,0.0,38.837764739990234,False
2025-01-15,8828892.70055327,TQQQ,221003.49958245907,0.0,38.837764739990234,False
2025-01-16,8648779.367202913,TQQQ,221003.49958245907,0.0,38.837764739990234,False
2025-01-17,9075596.085241899,TQQQ,221003.49958245907,0.0,38.837764739990234,False
2025-01-21,9226235.9904558,TQQQ,221003.49958245907,0.0,38.837764739990234,False
2025-01-22,9584282.500258317,TQQQ,221003.49958245907,0.0,38.837764739990234,False
2025-01-23,9643230.199592672,TQQQ,221003.49958245907,0.0,38.837764739990234,False
2025-01-24,9469664.92448991,TQQQ,221003.49958245907,0.0,38.837764739990234,False
2025-01-27,8638954.329116466,TQQQ,221003.49958245907,0.0,38.837764739990234,False
2025-01-28,9022107.208767485,TQQQ,221003.49958245907,0.0,38.837764739990234,False
2025-01-29,8966435.64621054,TQQQ,221003.49958245907,0.0,38.837764739990234,False
2025-01-30,9078871.378957864,TQQQ,221003.49958245907,0.0,38.837764739990234,False
2025-01-31,9029747.874648511,TQQQ,221003.49958245907,0.0,38.837764739990234,False
2025-02-03,8811426.996585796,TECL,114297.9791110744,0.0,77.09171295166016,False
2025-02-04,9185200.189124573,TECL,114297.9791110744,0.0,77.09171295166016,False
2025-02-05,9583534.820259254,TECL,114297.9791110744,0.0,77.09171295166016,False
2025-02-06,9644405.609854816,TECL,114297.9791110744,0.0,77.09171295166016,False
2025-02-07,9381696.930038076,TECL,114297.9791110744,0.0,77.09171295166016,False
2025-02-10,9794983.291136736,TECL,114297.9791110744,0.0,77.09171295166016,False
2025-02-11,9802459.156118724,TECL,114297.9791110744,0.0,77.09171295166016,False
2025-02-12,9743723.954221856,TECL,114297.9791110744,0.0,77.09171295166016,False
2025-02-13,10153805.62573591,TECL,114297.9791110744,0.0,77.09171295166016,False
2025-02-14,10234968.422578746,TECL,114297.9791110744,0.0,77.09171295166016,False
2025-02-18,10517965.621545253,TECL,114297.9791110744,0.0,77.09171295166016,False
2025-02-19,10516898.263708096,TECL,114297.9791110744,0.0,77.09171295166016,False
2025-02-20,10417582.535414185,TECL,114297.9791110744,0.0,77.09171295166016,False
2025-02-21,9557904.279777437,TECL,114297.9791110744,0.0,77.09171295166016,False
2025-02-24,9141414.973142928,TECL,114297.9791110744,0.0,77.09171295166016,False
2025-02-25,8786864.685965514,TECL,114297.9791110744,0.0,77.09171295166016,False
2025-02-26,9067728.913306458,TECL,114297.9791110744,0.0,77.09171295166016,False
2025-02-27,8106512.836858933,CASH,0.0,8106512.836858933,,False
2025-02-28,8106512.836858933,CASH,0.0,8106512.836858933,,False
2025-03-03,8106512.836858933,TECL,121244.66662385013,0.0,66.86077880859375,False
2025-03-04,8058934.258460818,TECL,121244.66662385013,0.0,66.86077880859375,False
2025-03-05,8395384.693253096,TECL,121244.66662385013,0.0,66.86077880859375,False
2025-03-06,7703226.686600553,TECL,121244.66662385013,0.0,66.86077880859375,False
2025-03-07,7457991.809910218,CASH,0.0,7457991.809910218,,False
2025-03-10,7457991.809910218,CASH,0.0,7457991.809910218,,False
2025-03-11,7457991.809910218,CASH,0.0,7457991.809910218,,False
2025-03-12,7457991.809910218,CASH,0.0,7457991.809910218,,False
2025-03-13,7457991.809910218,CASH,0.0,7457991.809910218,,False
2025-03-14,7457991.809910218,CASH,0.0,7457991.809910218,,False
2025-03-17,7457991.809910218,CASH,0.0,7457991.809910218,,False
2025-03-18,7457991.809910218,CASH,0.0,7457991.809910218,,False
2025-03-19,7457991.809910218,CASH,0.0,7457991.809910218,,False
2025-03-20,7457991.809910218,CASH,0.0,7457991.809910218,,False
2025-03-21,7457991.809910218,CASH,0.0,7457991.809910218,,False
2025-03-24,7457991.809910218,CASH,0.0,7457991.809910218,,False
2025-03-25,7457991.809910218,CASH,0.0,7457991.809910218,,False
2025-03-26,7457991.809910218,CASH,0.0,7457991.809910218,,False
2025-03-27,7457991.809910218,CASH,0.0,7457991.809910218,,False
2025-03-28,7457991.809910218,CASH,0.0,7457991.809910218,,False
2025-03-31,7457991.809910218,CASH,0.0,7457991.809910218,,False
2025-04-01,7457991.809910218,GLD,25934.525923983994,0.0,287.57000732421875,False
2025-04-02,7473293.085230298,GLD,25934.525923983994,0.0,287.57000732421875,False
2025-04-03,7428167.263389421,GLD,25934.525923983994,0.0,287.57000732421875,False
2025-04-04,7254405.62311516,GLD,25934.525923983994,0.0,287.57000732421875,False
2025-04-07,7098538.869045162,GLD,25934.525923983994,0.0,287.57000732421875,False
2025-04-08,7137181.850863963,GLD,25934.525923983994,0.0,287.57000732421875,False
2025-04-09,7401195.13481998,GLD,25934.525923983994,0.0,287.57000732421875,False
2025-04-10,7581958.812168505,GLD,25934.525923983994,0.0,287.57000732421875,False
2025-04-11,7726673.118582411,GLD,25934.525923983994,0.0,287.57000732421875,False
2025-04-14,7682584.89938699,GLD,25934.525923983994,0.0,287.57000732421875,False
2025-04-15,7722783.097985597,GLD,25934.525923983994,0.0,287.57000732421875,False
2025-04-16,7974088.717505716,GLD,25934.525923983994,0.0,287.57000732421875,False
2025-04-17,7939076.949216553,GLD,25934.525923983994,0.0,287.57000732421875,False
2025-04-21,8184676.941375039,GLD,25934.525923983994,0.0,287.57000732421875,False
2025-04-22,8068489.980310379,GLD,25934.525923983994,0.0,287.57000732421875,False
2025-04-23,7875018.638525955,GLD,25934.525923983994,0.0,287.57000732421875,False
2025-04-24,7989649.59135189,GLD,25934.525923983994,0.0,287.57000732421875,False
2025-04-25,7903028.369740854,GLD,25934.525923983994,0.0,287.57000732421875,False
2025-04-28,8015584.117275874,GLD,25934.525923983994,0.0,287.57000732421875,False
2025-04-29,7937520.940977828,GLD,25934.525923983994,0.0,287.57000732421875,False
2025-04-30,7878130.655003406,GLD,25934.525923983994,0.0,287.57000732421875,False
2025-05-01,7714483.859739781,GLD,25934.525923983994,0.0,303.7699890136719,False
2025-05-02,7727970.319753963,GLD,25934.525923983994,0.0,303.7699890136719,False
2025-05-05,7958787.442185636,GLD,25934.525923983994,0.0,303.7699890136719,False
2025-05-06,8181824.523423682,GLD,25934.525923983994,0.0,303.7699890136719,False
2025-05-07,8059153.930878026,GLD,25934.525923983994,0.0,303.7699890136719,False
2025-05-08,7900434.758856672,GLD,25934.525923983994,0.0,303.7699890136719,False
2025-05-09,7957749.839540178,GLD,25934.525923983994,0.0,303.7699890136719,False
2025-05-12,7733416.348589501,GLD,25934.525923983994,0.0,303.7699890136719,False
2025-05-13,7766352.911587749,GLD,25934.525923983994,0.0,303.7699890136719,False
2025-05-14,7602965.714850218,GLD,25934.525923983994,0.0,303.7699890136719,False
2025-05-15,7724339.106224323,GLD,25934.525923983994,0.0,303.7699890136719,False
2025-05-16,7630974.654606196,GLD,25934.525923983994,0.0,303.7699890136719,False
2025-05-19,7729266.729466593,GLD,25934.525923983994,0.0,303.7699890136719,False
2025-05-20,7873203.031761136,GLD,25934.525923983994,0.0,303.7699890136719,False
2025-05-21,7931296.908022926,GLD,25934.525923983994,0.0,303.7699890136719,False
2025-05-22,7861013.7729185065,GLD,25934.525923983994,0.0,303.7699890136719,False
2025-05-23,8033219.404954042,GLD,25934.525923983994,0.0,303.7699890136719,False
2025-05-27,7897063.143853126,GLD,25934.525923983994,0.0,303.7699890136719,False
2025-05-28,7879168.257648864,GLD,25934.525923983994,0.0,303.7699890136719,False
2025-05-29,7925850.087728467,GLD,25934.525923983994,0.0,303.7699890136719,False
2025-05-30,7873722.228813325,GLD,25934.525923983994,0.0,303.7699890136719,False
2025-06-02,8083014.0429700175,TECL,117282.18986454225,0.0,68.91936492919922,False
2025-06-03,8444628.163105035,TECL,117282.18986454225,0.0,68.91936492919922,False
2025-06-04,8486395.268653873,TECL,117282.18986454225,0.0,68.91936492919922,False
2025-06-05,8399562.853883099,TECL,117282.18986454225,0.0,68.91936492919922,False
2025-06-06,8638075.056348408,TECL,117282.18986454225,0.0,68.91936492919922,False
2025-06-09,8764475.177691218,TECL,117282.18986454225,0.0,68.91936492919922,False
2025-06-10,8905163.339254344,TECL,117282.18986454225,0.0,68.91936492919922,False
2025-06-11,8848009.388788892,TECL,117282.18986454225,0.0,68.91936492919922,False
2025-06-12,9088719.200646803,TECL,117282.18986454225,0.0,68.91936492919922,False
2025-06-13,8693030.502629157,TECL,117282.18986454225,0.0,68.91936492919922,False
2025-06-16,9123890.793641536,TECL,117282.18986454225,0.0,68.91936492919922,False
2025-06-17,8909560.347623747,TECL,117282.18986454225,0.0,68.91936492919922,False
2025-06-18,8955724.461541986,TECL,117282.18986454225,0.0,68.91936492919922,False
2025-06-20,8819431.518764067,TECL,117282.18986454225,0.0,68.91936492919922,False
2025-06-23,9128287.802010939,TECL,117282.18986454225,0.0,68.91936492919922,False
2025-06-24,9617480.484681789,TECL,117282.18986454225,0.0,68.91936492919922,False
2025-06-25,9860974.88954857,TECL,117282.18986454225,0.0,68.91936492919922,False
2025-06-26,10071416.569108602,TECL,117282.18986454225,0.0,68.91936492919922,False
2025-06-27,10018529.882158346,TECL,117282.18986454225,0.0,68.91936492919922,False
2025-06-30,10310503.228100803,TECL,117282.18986454225,0.0,68.91936492919922,False
2025-07-01,10039464.438082349,TQQQ,249836.80165124638,0.0,40.18408966064453,False
2025-07-02,10239285.083153022,TQQQ,249836.80165124638,0.0,40.18408966064453,False
2025-07-03,10525985.927040102,TQQQ,249836.80165124638,0.0,40.18408966064453,False
2025-07-07,10291412.249391101,TQQQ,249836.80165124638,0.0,40.18408966064453,False
2025-07-08,10305064.715912,TQQQ,249836.80165124638,0.0,40.18408966064453,False
2025-07-09,10518539.733607098,TQQQ,249836.80165124638,0.0,40.18408966064453,False
2025-07-10,10470135.18755964,TQQQ,249836.80165124638,0.0,40.18408966064453,False
2025-07-11,10390704.04133153,TQQQ,249836.80165124638,0.0,40.18408966064453,False
2025-07-14,10501163.693843817,TQQQ,249836.80165124638,0.0,40.18408966064453,False
2025-07-15,10528468.626885613,TQQQ,249836.80165124638,0.0,40.18408966064453,False
2025-07-16,10558254.35366939,TQQQ,249836.80165124638,0.0,40.18408966064453,False
2025-07-17,10803998.751045542,TQQQ,249836.80165124638,0.0,40.18408966064453,False
2025-07-18,10766763.971673468,TQQQ,249836.80165124638,0.0,40.18408966064453,False
2025-07-21,10930592.616872473,TQQQ,249836.80165124638,0.0,40.18408966064453,False
2025-07-22,10760557.698585575,TQQQ,249836.80165124638,0.0,40.18408966064453,False
2025-07-23,10902044.904330276,TQQQ,249836.80165124638,0.0,40.18408966064453,False
2025-07-24,10974031.76322891,TQQQ,249836.80165124638,0.0,40.18408966064453,False
2025-07-25,11036087.822745504,TQQQ,249836.80165124638,0.0,40.18408966064453,False
2025-07-28,11144066.68151581,TQQQ,249836.80165124638,0.0,40.18408966064453,False
2025-07-29,11093178.482571075,TQQQ,249836.80165124638,0.0,40.18408966064453,False
2025-07-30,11131655.088391785,TQQQ,249836.80165124638,0.0,40.18408966064453,False
2025-07-31,10947968.656635754,TQQQ,249836.80165124638,0.0,40.18408966064453,False
2025-08-01,10291412.249391101,TQQQ,249836.80165124638,0.0,43.82048034667969,False
2025-08-04,10854883.137783218,TQQQ,249836.80165124638,0.0,43.82048034667969,False
2025-08-05,10628999.386119386,TQQQ,249836.80165124638,0.0,43.82048034667969,False
2025-08-06,11026158.929466989,TQQQ,249836.80165124638,0.0,43.82048034667969,False
2025-08-07,11137860.408427915,TQQQ,249836.80165124638,0.0,43.82048034667969,False
2025-08-08,11438213.71883589,TQQQ,249836.80165124638,0.0,43.82048034667969,False
2025-08-11,11337682.006550353,TQQQ,249836.80165124638,0.0,43.82048034667969,False
2025-08-12,11755942.115955384,TQQQ,249836.80165124638,0.0,43.82048034667969,False
2025-08-13,11773317.202666901,TQQQ,249836.80165124638,0.0,43.82048034667969,False
2025-08-14,11741047.82298585,TQQQ,249836.80165124638,0.0,43.82048034667969,False
2025-08-15,11574737.4309931,TQQQ,249836.80165124638,0.0,43.82048034667969,False
2025-08-18,11559844.09107533,TQQQ,249836.80165124638,0.0,43.82048034667969,False
2025-08-19,11088214.988983583,TQQQ,249836.80165124638,0.0,43.82048034667969,False
2025-08-20,10885910.691015633,TQQQ,249836.80165124638,0.0,43.82048034667969,False
2025-08-21,10734494.591992417,TQQQ,249836.80165124638,0.0,43.82048034667969,False
2025-08-22,11217292.507707788,TQQQ,249836.80165124638,0.0,43.82048034667969,False
2025-08-25,11119243.49526776,TQQQ,249836.80165124638,0.0,43.82048034667969,False
2025-08-26,11248321.013991965,TQQQ,249836.80165124638,0.0,43.82048034667969,False
2025-08-27,11299207.306833172,TQQQ,249836.80165124638,0.0,43.82048034667969,False
2025-08-28,11505232.318888212,TQQQ,249836.80165124638,0.0,43.82048034667969,False
2025-08-29,11090698.641880857,TQQQ,249836.80165124638,0.0,43.82048034667969,False
2025-09-02,10807720.418184396,TECL,117189.99791381609,0.0,92.22391510009766,False
2025-09-03,10981665.380450426,TECL,117189.99791381609,0.0,92.22391510009766,False
2025-09-04,11140197.14711376,TECL,117189.99791381609,0.0,92.22391510009766,False
2025-09-05,11163317.387562165,TECL,117189.99791381609,0.0,92.22391510009766,False
2025-09-08,11409923.15267289,TECL,117189.99791381609,0.0,92.22391510009766,False
2025-09-09,11480381.814977564,TECL,117189.99791381609,0.0,92.22391510009766,False
2025-09-10,12091391.323448686,TECL,117189.99791381609,0.0,92.22391510009766,False
2025-09-11,12177264.075444784,TECL,117189.99791381609,0.0,92.22391510009766,False
2025-09-12,12180565.051032994,TECL,117189.99791381609,0.0,92.22391510009766,False
2025-09-15,12499832.513077144,TECL,117189.99791381609,0.0,92.22391510009766,False
2025-09-16,12368822.58567607,TECL,117189.99791381609,0.0,92.22391510009766,False
2025-09-17,12270841.190020405,TECL,117189.99791381609,0.0,92.22391510009766,False
2025-09-18,12856530.105680559,TECL,117189.99791381609,0.0,92.22391510009766,False
2025-09-19,13235245.527329275,TECL,117189.99791381609,0.0,92.22391510009766,False
2025-09-22,13834146.39214083,TECL,117189.99791381609,0.0,92.22391510009766,False
2025-09-23,13459834.357483428,TECL,117189.99791381609,0.0,92.22391510009766,False
2025-09-24,13240750.431634964,TECL,117189.99791381609,0.0,92.22391510009766,False
2025-09-25,13143869.659204947,TECL,117189.99791381609,0.0,92.22391510009766,False
2025-09-26,13249557.205617594,TECL,117189.99791381609,0.0,92.22391510009766,False
2025-09-29,13441117.504026337,TECL,117189.99791381609,0.0,92.22391510009766,False
2025-09-30,13692127.550217105,TECL,117189.99791381609,0.0,92.22391510009766,False
2025-10-01,14075247.252945863,TQQQ,269942.92654837854,0.0,52.14156723022461,False
2025-10-02,14247061.131175375,TQQQ,269942.92654837854,0.0,52.14156723022461,False
2025-10-03,14053770.77560481,TQQQ,269942.92654837854,0.0,52.14156723022461,False
2025-10-06,14367868.375719884,TQQQ,269942.92654837854,0.0,52.14156723022461,False
2025-10-07,14135651.39009339,TQQQ,269942.92654837854,0.0,52.14156723022461,False
2025-10-08,14614848.894892538,TQQQ,269942.92654837854,0.0,52.14156723022461,False
2025-10-09,14557130.347163185,TQQQ,269942.92654837854,0.0,52.14156723022461,False
2025-10-10,13029604.569024814,TQQQ,269942.92654837854,0.0,52.14156723022461,False
2025-10-13,13856455.125158615,TQQQ,269942.92654837854,0.0,52.14156723022461,False
2025-10-14,13574574.300556207,TQQQ,269942.92654837854,0.0,52.14156723022461,False
2025-10-15,13852427.770781895,TQQQ,269942.92654837854,0.0,52.14156723022461,False
2025-10-16,13698065.075017806,TQQQ,269942.92654837854,0.0,52.14156723022461,False
2025-10-17,13958468.392528616,TQQQ,269942.92654837854,0.0,52.14156723022461,False
2025-10-20,14481961.646718957,TQQQ,269942.92654837854,0.0,52.14156723022461,False
2025-10-21,14465854.288713166,TQQQ,269942.92654837854,0.0,52.14156723022461,False
2025-10-22,14040350.03676774,TQQQ,269942.92654837854,0.0,52.14156723022461,False
2025-10-23,14392029.412728569,TQQQ,269942.92654837854,0.0,52.14156723022461,False
2025-10-24,14840352.936724138,TQQQ,269942.92654837854,0.0,52.14156723022461,False
2025-10-27,15628277.89255255,TQQQ,269942.92654837854,0.0,52.14156723022461,False
2025-10-28,15985326.387848644,TQQQ,269942.92654837854,0.0,52.14156723022461,False
2025-10-29,16189354.982089736,TQQQ,269942.92654837854,0.0,52.14156723022461,False
2025-10-30,15448409.305569602,TQQQ,269942.92654837854,0.0,52.14156723022461,False
2025-10-31,15667203.492857939,TQQQ,269942.92654837854,0.0,52.14156723022461,False
2025-11-03,15881970.325769555,TQQQ,269942.92654837854,0.0,58.03894805908203,False
2025-11-04,14910153.547583647,TQQQ,269942.92654837854,0.0,58.03894805908203,False
2025-11-05,15200087.021438405,TQQQ,269942.92654837854,0.0,58.03894805908203,False
2025-11-06,14413827.213429304,CASH,0.0,14413827.213429304,,False
2025-11-07,14413827.213429304,CASH,0.0,14413827.213429304,,False
2025-11-10,14413827.213429304,CASH,0.0,14413827.213429304,,False
2025-11-11,14413827.213429304,CASH,0.0,14413827.213429304,,False
2025-11-12,14413827.213429304,CASH,0.0,14413827.213429304,,False
2025-11-13,14413827.213429304,CASH,0.0,14413827.213429304,,False
2025-11-14,14413827.213429304,CASH,0.0,14413827.213429304,,False
2025-11-17,14413827.213429304,CASH,0.0,14413827.213429304,,False
2025-11-18,14413827.213429304,CASH,0.0,14413827.213429304,,False
2025-11-19,14413827.213429304,CASH,0.0,14413827.213429304,,False
2025-11-20,14413827.213429304,CASH,0.0,14413827.213429304,,False
2025-11-21,14413827.213429304,CASH,0.0,14413827.213429304,,False
2025-11-24,14413827.213429304,CASH,0.0,14413827.213429304,,False
2025-11-25,14413827.213429304,CASH,0.0,14413827.213429304,,False
2025-11-26,14413827.213429304,CASH,0.0,14413827.213429304,,False
2025-11-28,14413827.213429304,CASH,0.0,14413827.213429304,,False
2025-12-01,14413827.213429304,TECL,123396.75010460925,0.0,116.80880737304688,False
2025-12-02,14848537.341939231,TECL,123396.75010460925,0.0,116.80880737304688,False
2025-12-03,14944753.705902863,TECL,123396.75010460925,0.0,116.80880737304688,False
2025-12-04,15094295.255408986,TECL,123396.75010460925,0.0,116.80880737304688,False
2025-12-05,15417719.350011094,TECL,123396.75010460925,0.0,116.80880737304688,False
2025-12-08,15743459.393139642,TECL,123396.75010460925,0.0,116.80880737304688,False
2025-12-09,15862861.602757389,TECL,123396.75010460925,0.0,116.80880737304688,False
2025-12-10,16113855.81935887,TECL,123396.75010460925,0.0,116.80880737304688,False
2025-12-11,15847836.180610253,TECL,123396.75010460925,0.0,116.80880737304688,False
2025-12-12,14443847.931563884,TECL,123396.75010460925,0.0,116.80880737304688,False
2025-12-15,14053439.26232575,TECL,123396.75010460925,0.0,116.80880737304688,False
2025-12-16,14111323.853849355,TECL,123396.75010460925,0.0,116.80880737304688,False
2025-12-17,13260721.03635496,CASH,0.0,13260721.03635496,,False
2025-12-18,13260721.03635496,CASH,0.0,13260721.03635496,,False
2025-12-19,13260721.03635496,CASH,0.0,13260721.03635496,,False
2025-12-22,13260721.03635496,CASH,0.0,13260721.03635496,,False
2025-12-23,13260721.03635496,CASH,0.0,13260721.03635496,,False
2025-12-24,13260721.03635496,CASH,0.0,13260721.03635496,,False
2025-12-26,13260721.03635496,CASH,0.0,13260721.03635496,,False
2025-12-29,13260721.03635496,CASH,0.0,13260721.03635496,,False
2025-12-30,13260721.03635496,CASH,0.0,13260721.03635496,,False
2025-12-31,13260721.03635496,CASH,0.0,13260721.03635496,,False
2026-01-02,13260721.03635496,TECL,112445.3328885693,0.0,117.93038177490234,False
2026-01-05,13354991.11577538,TECL,112445.3328885693,0.0,117.93038177490234,False
2026-01-06,13909392.109391434,TECL,112445.3328885693,0.0,117.93038177490234,False
2026-01-07,13864500.451528633,TECL,112445.3328885693,0.0,117.93038177490234,False
2026-01-08,13222563.813483426,TECL,112445.3328885693,0.0,117.93038177490234,False
2026-01-09,13737684.606469527,TECL,112445.3328885693,0.0,117.93038177490234,False
2026-01-12,13912758.468997259,TECL,112445.3328885693,0.0,117.93038177490234,False
2026-01-13,13826343.228657098,TECL,112445.3328885693,0.0,117.93038177490234,False
2026-01-14,13301121.641073905,TECL,112445.3328885693,0.0,117.93038177490234,False
2026-01-15,13507619.149371712,TECL,112445.3328885693,0.0,117.93038177490234,False
2026-01-16,13545776.372243246,TECL,112445.3328885693,0.0,117.93038177490234,False
2026-01-20,12480743.923005333,TECL,112445.3328885693,0.0,117.93038177490234,False
2026-01-21,13003721.27085131,TECL,112445.3328885693,0.0,117.93038177490234,False
2026-01-22,13288778.322519211,TECL,112445.3328885693,0.0,117.93038177490234,False
2026-01-23,13338157.601966638,TECL,112445.3328885693,0.0,117.93038177490234,False
2026-01-26,13605257.304177573,TECL,112445.3328885693,0.0,117.93038177490234,False
2026-01-27,14154045.982670968,TECL,112445.3328885693,0.0,117.93038177490234,False
2026-01-28,14477259.399320595,TECL,112445.3328885693,0.0,117.93038177490234,False
2026-01-29,13772475.469735237,TECL,112445.3328885693,0.0,117.93038177490234,False
2026-01-30,12954341.991403883,TECL,112445.3328885693,0.0,117.93038177490234,False
2026-02-02,13302244.61883232,TECL,112445.3328885693,0.0,115.2056884765625,False
2026-02-03,11917994.632091573,CASH,0.0,11917994.632091573,,False
2026-02-04,11917994.632091573,CASH,0.0,11917994.632091573,,False
2026-02-05,11917994.632091573,CASH,0.0,11917994.632091573,,False
2026-02-06,11917994.632091573,CASH,0.0,11917994.632091573,,False
2026-02-09,11917994.632091573,CASH,0.0,11917994.632091573,,False
2026-02-10,11917994.632091573,CASH,0.0,11917994.632091573,,False
2026-02-11,11917994.632091573,CASH,0.0,11917994.632091573,,False
2026-02-12,11917994.632091573,CASH,0.0,11917994.632091573,,False
2026-02-13,11917994.632091573,CASH,0.0,11917994.632091573,,False
2026-02-17,11917994.632091573,CASH,0.0,11917994.632091573,,False
2026-02-18,11917994.632091573,CASH,0.0,11917994.632091573,,False
2026-02-19,11917994.632091573,CASH,0.0,11917994.632091573,,False
2026-02-20,11917994.632091573,CASH,0.0,11917994.632091573,,False
2026-02-23,11917994.632091573,CASH,0.0,11917994.632091573,,False
2026-02-24,11917994.632091573,CASH,0.0,11917994.632091573,,False
2026-02-25,11917994.632091573,CASH,0.0,11917994.632091573,,False
2026-02-26,11917994.632091573,CASH,0.0,11917994.632091573,,False
2026-02-27,11917994.632091573,CASH,0.0,11917994.632091573,,False
2026-03-02,11917994.632091573,TECL,116431.35722604868,0.0,102.3606948852539,False
2026-03-03,10964555.061524246,CASH,0.0,10964555.061524246,,False
2026-03-04,10964555.061524246,CASH,0.0,10964555.061524246,,False
2026-03-05,10964555.061524246,CASH,0.0,10964555.061524246,,False
2026-03-06,10964555.061524246,CASH,0.0,10964555.061524246,,False
2026-03-09,10964555.061524246,CASH,0.0,10964555.061524246,,False
2026-03-10,10964555.061524246,CASH,0.0,10964555.061524246,,False
2026-03-11,10964555.061524246,CASH,0.0,10964555.061524246,,False
2026-03-12,10964555.061524246,CASH,0.0,10964555.061524246,,False
2026-03-13,10964555.061524246,CASH,0.0,10964555.061524246,,False
2026-03-16,10964555.061524246,CASH,0.0,10964555.061524246,,False
2026-03-17,10964555.061524246,CASH,0.0,10964555.061524246,,False
2026-03-18,10964555.061524246,CASH,0.0,10964555.061524246,,False
2026-03-19,10964555.061524246,CASH,0.0,10964555.061524246,,False
2026-03-20,10964555.061524246,CASH,0.0,10964555.061524246,,False
2026-03-23,10964555.061524246,CASH,0.0,10964555.061524246,,False
2026-03-24,10964555.061524246,CASH,0.0,10964555.061524246,,False
2026-03-25,10964555.061524246,CASH,0.0,10964555.061524246,,False
2026-03-26,10964555.061524246,CASH,0.0,10964555.061524246,,False
2026-03-27,10964555.061524246,CASH,0.0,10964555.061524246,,False
2026-03-30,10964555.061524246,CASH,0.0,10964555.061524246,,False
2026-03-31,10964555.061524246,CASH,0.0,10964555.061524246,,False
2026-04-01,10964555.061524246,GLD,25043.52217372439,0.0,437.82000732421875,False
2026-04-02,10753938.948331106,GLD,25043.52217372439,0.0,437.82000732421875,False
2026-04-06,10709862.104739705,GLD,25043.52217372439,0.0,437.82000732421875,False
2026-04-07,10814043.248694517,GLD,25043.52217372439,0.0,437.82000732421875,False
2026-04-08,10882161.659577753,GLD,25043.52217372439,0.0,437.82000732421875,False
2026-04-09,10966808.886807764,GLD,25043.52217372439,0.0,437.82000732421875,False
2026-04-10,10947274.970082965,GLD,25043.52217372439,0.0,437.82000732421875,False
2026-04-13,10902947.44670418,GLD,25043.52217372439,0.0,437.82000732421875,False
2026-04-14,11146621.19259087,GLD,25043.52217372439,0.0,437.82000732421875,False
2026-04-15,11030669.562643703,GLD,25043.52217372439,0.0,437.82000732421875,False
2026-04-16,11021152.901934866,GLD,25043.52217372439,0.0,437.82000732421875,False
2026-04-17,11167657.659504682,GLD,25043.52217372439,0.0,437.82000732421875,False
2026-04-20,11071490.626069697,GLD,25043.52217372439,0.0,437.82000732421875,False
2026-04-21,10757946.00359102,GLD,25043.52217372439,0.0,437.82000732421875,False
2026-04-22,10900443.705900924,GLD,25043.52217372439,0.0,437.82000732421875,False
2026-04-23,10794760.0117571,GLD,25043.52217372439,0.0,437.82000732421875,False
2026-04-24,10850105.981766092,GLD,25043.52217372439,0.0,437.82000732421875,False
2026-04-27,10765960.114110846,GLD,25043.52217372439,0.0,437.82000732421875,False
2026-04-28,10566112.532028174,GLD,25043.52217372439,0.0,437.82000732421875,False
2026-04-29,10453416.682246415,GLD,25043.52217372439,0.0,437.82000732421875,False
2026-04-30,10609938.695832191,GLD,25043.52217372439,0.0,437.82000732421875,False
2026-05-01,10597917.530052451,TQQQ,162669.49012798938,0.0,65.1500015258789,False
2026-05-04,10534621.733345164,TQQQ,162669.49012798938,0.0,65.1500015258789,False
2026-05-05,10937114.294783903,TQQQ,162669.49012798938,0.0,65.1500015258789,False
2026-05-06,11615511.54745596,TQQQ,162669.49012798938,0.0,65.1500015258789,False
2026-05-07,11578182.652466416,TQQQ,162669.49012798938,0.0,65.1500015258789,False
2026-05-08,12379924.860169757,TQQQ,162669.49012798938,0.0,65.1500015258789,False
2026-05-11,12490285.74380731,TQQQ,162669.49012798938,0.0,65.1500015258789,False
2026-05-12,12165693.887521798,TQQQ,162669.49012798938,0.0,65.1500015258789,False
2026-05-13,12535728.752615647,TQQQ,162669.49012798938,0.0,65.1500015258789,False
2026-05-14,12813254.280901175,TQQQ,162669.49012798938,0.0,65.1500015258789,False
2026-05-15,12227366.36503744,TQQQ,162669.49012798938,0.0,65.1500015258789,False
2026-05-18,12061825.03958111,TQQQ,162669.49012798938,0.0,65.1500015258789,False
2026-05-19,11836233.314731067,TQQQ,162669.49012798938,0.0,65.1500015258789,False
2026-05-20,12417252.514089582,TQQQ,162669.49012798938,0.0,65.1500015258789,False
2026-05-21,12488662.424615663,TQQQ,162669.49012798938,0.0,65.1500015258789,False
2026-05-22,12633105.56485947,TQQQ,162669.49012798938,0.0,65.1500015258789,False
2026-05-26,13300140.824259724,TQQQ,162669.49012798938,0.0,65.1500015258789,False
2026-05-27,13254699.056521105,TQQQ,162669.49012798938,0.0,65.1500015258789,False
2026-05-28,13580912.990928544,TQQQ,162669.49012798938,0.0,65.1500015258789,False
2026-05-29,13723734.053050423,TQQQ,162669.49012798938,0.0,65.1500015258789,False
2026-06-01,13963931.927416123,TQQQ,162669.49012798938,0.0,84.36575317382812,False
2026-06-02,14155441.395659914,TQQQ,162669.49012798938,0.0,84.36575317382812,False
2026-06-03,14048324.668266216,TQQQ,162669.49012798938,0.0,84.36575317382812,False
2026-06-04,13830849.539374402,TQQQ,162669.49012798938,0.0,84.36575317382812,False
2026-06-05,12625835.328806391,CASH,0.0,12625835.328806391,,False
2026-06-08,12625835.328806391,CASH,0.0,12625835.328806391,,False
2026-06-09,12625835.328806391,CASH,0.0,12625835.328806391,,False
2026-06-10,12625835.328806391,CASH,0.0,12625835.328806391,,False
2026-06-11,12625835.328806391,CASH,0.0,12625835.328806391,,False
2026-06-12,12625835.328806391,CASH,0.0,12625835.328806391,,False
2026-06-15,12625835.328806391,CASH,0.0,12625835.328806391,,False
2026-06-16,12625835.328806391,CASH,0.0,12625835.328806391,,False
2026-06-17,12625835.328806391,CASH,0.0,12625835.328806391,,False
2026-06-18,12625835.328806391,CASH,0.0,12625835.328806391,,False
2026-06-22,12625835.328806391,CASH,0.0,12625835.328806391,,False
2026-06-23,12625835.328806391,CASH,0.0,12625835.328806391,,False
2026-06-24,12625835.328806391,CASH,0.0,12625835.328806391,,False
2026-06-25,12625835.328806391,CASH,0.0,12625835.328806391,,False
2026-06-26,12625835.328806391,CASH,0.0,12625835.328806391,,False
2026-06-29,12625835.328806391,CASH,0.0,12625835.328806391,,False
2026-06-30,12625835.328806391,CASH,0.0,12625835.328806391,,False
2026-07-01,12625835.328806391,TQQQ,162998.13423748568,0.0,77.45999908447266,False
2026-07-02,11955912.89760416,TQQQ,162998.13423748568,0.0,77.45999908447266,False
2026-07-06,12456317.119970158,TQQQ,162998.13423748568,0.0,77.45999908447266,False
2026-07-07,11615768.50250188,CASH,0.0,11615768.50250188,,False
2026-07-08,11615768.50250188,CASH,0.0,11615768.50250188,,False
2026-07-09,11615768.50250188,CASH,0.0,11615768.50250188,,False
2026-07-10,11615768.50250188,CASH,0.0,11615768.50250188,,False
2026-07-13,11615768.50250188,CASH,0.0,11615768.50250188,,False
2026-07-14,11615768.50250188,CASH,0.0,11615768.50250188,,False
2026-07-15,11615768.50250188,CASH,0.0,11615768.50250188,,False
2026-07-16,11615768.50250188,CASH,0.0,11615768.50250188,,False
2026-07-17,11615768.50250188,CASH,0.0,11615768.50250188,,False
2026-07-20,11615768.50250188,CASH,0.0,11615768.50250188,,False
2026-07-21,11615768.50250188,CASH,0.0,11615768.50250188,,False
2026-07-22,11615768.50250188,CASH,0.0,11615768.50250188,,False
2026-07-23,11615768.50250188,CASH,0.0,11615768.50250188,,False
2026-07-24,11615768.50250188,CASH,0.0,11615768.50250188,,False
2026-07-27,11615768.50250188,CASH,0.0,11615768.50250188,,False
2026-07-28,11615768.50250188,CASH,0.0,11615768.50250188,,False
2026-07-29,11615768.50250188,CASH,0.0,11615768.50250188,,False
2026-07-30,11615768.50250188,CASH,0.0,11615768.50250188,,False
2026-07-31,11615768.50250188,CASH,0.0,11615768.50250188,,False
2026-08-03,11615768.50250188,TECL,64090.53272148571,0.0,181.24000549316406,False
2026-08-04,13355826.07471265,TECL,64090.53272148571,0.0,181.24000549316406,False
2026-08-05,13137918.654637167,TECL,64090.53272148571,0.0,181.24000549316406,False
2026-08-06,13037296.048851352,TECL,64090.53272148571,0.0,181.24000549316406,False
2026-08-07,13564120.30605748,TECL,64090.53272148571,0.0,181.24000549316406,False
2026-08-10,13201367.65614733,TECL,64090.53272148571,0.0,181.24000549316406,False
2026-08-11,13135354.485679712,TECL,64090.53272148571,0.0,181.24000549316406,False
2026-08-12,13718578.724622801,TECL,64090.53272148571,0.0,181.24000549316406,False
2026-08-13,14137089.825058589,TECL,64090.53272148571,0.0,181.24000549316406,False
2026-08-14,13950586.140132524,TECL,64090.53272148571,0.0,181.24000549316406,False
2026-08-17,14029417.221555654,TECL,64090.53272148571,0.0,181.24000549316406,False
2026-08-18,12952697.05418983,TECL,64090.53272148571,0.0,181.24000549316406,False
2026-08-19,12522649.149333335,TECL,64090.53272148571,0.0,181.24000549316406,False
2026-08-20,12441895.430164075,TECL,64090.53272148571,0.0,181.24000549316406,False
2026-08-21,12485476.523001604,TECL,64090.53272148571,0.0,181.24000549316406,False
2026-08-24,11806117.462920208,TECL,64090.53272148571,0.0,181.24000549316406,False
2026-08-25,12140669.144017957,TECL,64090.53272148571,0.0,181.24000549316406,False
2026-08-26,12350245.459841512,TECL,64090.53272148571,0.0,181.24000549316406,False
2026-08-27,13501311.85781472,TECL,64090.53272148571,0.0,181.24000549316406,False
2026-08-28,12850151.810657885,TECL,64090.53272148571,0.0,181.24000549316406,False
2026-08-31,13037936.602118757,TECL,64090.53272148571,0.0,181.24000549316406,False
2026-09-01,12436768.070193086,TQQQ,179852.02886132564,0.0,69.1500015258789,False
2026-09-02,12485975.174738647,TQQQ,179852.02886132564,0.0,69.1500015258789,False
