date,equity,holding,shares,cash,stop_reference,entered_at_open
2010-02-11,100000.0,CASH,0.0,100000.0,,False
2010-02-12,100000.0,CASH,0.0,100000.0,,False
2010-02-16,100000.0,CASH,0.0,100000.0,,False
2010-02-17,100000.0,CASH,0.0,100000.0,,False
2010-02-18,100000.0,CASH,0.0,100000.0,,False
2010-02-19,100000.0,CASH,0.0,100000.0,,False
2010-02-22,100000.0,CASH,0.0,100000.0,,False
2010-02-23,100000.0,CASH,0.0,100000.0,,False
2010-02-24,100000.0,CASH,0.0,100000.0,,False
2010-02-25,100000.0,CASH,0.0,100000.0,,False
2010-02-26,100000.0,CASH,0.0,100000.0,,False
2010-03-01,100000.0,TECL,134152.71222954508,0.0,0.7454191446304321,False
2010-03-02,99451.16198885372,TECL,134152.71222954508,0.0,0.7454191446304321,False
2010-03-03,99714.91416399957,TECL,134152.71222954508,0.0,0.7454191446304321,False
2010-03-04,100983.52334524597,TECL,134152.71222954508,0.0,0.7454191446304321,False
2010-03-05,104946.17888386574,TECL,134152.71222954508,0.0,0.7454191446304321,False
2010-03-08,105751.50059275274,TECL,134152.71222954508,0.0,0.7454191446304321,False
2010-03-09,106906.06904269915,TECL,134152.71222954508,0.0,0.7454191446304321,False
2010-03-10,109471.8255744536,TECL,134152.71222954508,0.0,0.7454191446304321,False
2010-03-11,110462.5374358571,TECL,134152.71222954508,0.0,0.7454191446304321,False
2010-03-12,110590.84325372553,TECL,134152.71222954508,0.0,0.7454191446304321,False
2010-03-15,109086.96409372163,TECL,134152.71222954508,0.0,0.7454191446304321,False
2010-03-16,112230.0408330107,TECL,134152.71222954508,0.0,0.7454191446304321,False
2010-03-17,113498.68199875613,TECL,134152.71222954508,0.0,0.7454191446304321,False
2010-03-18,113883.53548336335,TECL,134152.71222954508,0.0,0.7454191446304321,False
2010-03-19,111025.5285878252,TECL,134152.71222954508,0.0,0.7454191446304321,False
2010-03-22,113741.00455955027,TECL,134152.71222954508,0.0,0.7454191446304321,False
2010-03-23,117223.48481032153,TECL,134152.71222954508,0.0,0.7454191446304321,False
2010-03-24,115523.0609037636,TECL,134152.71222954508,0.0,0.7454191446304321,False
2010-03-25,116023.61031749574,TECL,134152.71222954508,0.0,0.7454191446304321,False
2010-03-26,115324.3572035249,TECL,134152.71222954508,0.0,0.7454191446304321,False
2010-03-29,115442.13212508691,TECL,134152.71222954508,0.0,0.7454191446304321,False
2010-03-30,116980.514563422,TECL,134152.71222954508,0.0,0.7454191446304321,False
2010-03-31,115000.49016244768,TECL,134152.71222954508,0.0,0.7454191446304321,False
2010-04-01,114499.94074871555,TECL,134152.71222954508,0.0,0.8572356700897217,False
2010-04-05,118982.72021447527,TECL,134152.71222954508,0.0,0.8572356700897217,False
2010-04-06,119328.72052888288,TECL,134152.71222954508,0.0,0.8572356700897217,False
2010-04-07,118599.92973005564,TECL,134152.71222954508,0.0,0.8572356700897217,False
2010-04-08,118658.86116952282,TECL,134152.71222954508,0.0,0.8572356700897217,False
2010-04-09,121831.43561304451,TECL,134152.71222954508,0.0,0.8572356700897217,False
2010-04-12,122655.90804072715,TECL,134152.71222954508,0.0,0.8572356700897217,False
2010-04-13,124231.12062969804,TECL,134152.71222954508,0.0,0.8572356700897217,False
2010-04-14,130598.35481332328,TECL,134152.71222954508,0.0,0.8572356700897217,False
2010-04-15,132961.25765608955,TECL,134152.71222954508,0.0,0.8572356700897217,False
2010-04-16,127374.22135736138,TECL,134152.71222954508,0.0,0.8572356700897217,False
2010-04-19,127411.09148862096,TECL,134152.71222954508,0.0,0.8572356700897217,False
2010-04-20,129420.55762095458,TECL,134152.71222954508,0.0,0.8572356700897217,False
2010-04-21,130657.20629154287,TECL,134152.71222954508,0.0,0.8572356700897217,False
2010-04-22,132180.97980994493,TECL,134152.71222954508,0.0,0.8572356700897217,False
2010-04-23,133550.10827552536,TECL,134152.71222954508,0.0,0.8572356700897217,False
2010-04-26,132718.28740919003,TECL,134152.71222954508,0.0,0.8572356700897217,False
2010-04-27,125003.98606819192,TECL,134152.71222954508,0.0,0.8572356700897217,False
2010-04-28,125659.19652699516,TECL,134152.71222954508,0.0,0.8572356700897217,False
2010-04-29,129413.28114742473,TECL,134152.71222954508,0.0,0.8572356700897217,False
2010-04-30,120911.28955263122,TECL,134152.71222954508,0.0,0.8572356700897217,False
2010-05-03,125865.26465813609,TECL,134152.71222954508,0.0,0.9012959003448486,False
2010-05-04,114941.59070747954,TECL,134152.71222954508,0.0,0.9012959003448486,False
2010-05-05,110620.65483119425,CASH,0.0,110620.65483119425,,False
2010-05-06,110620.65483119425,CASH,0.0,110620.65483119425,,False
2010-05-07,110620.65483119425,CASH,0.0,110620.65483119425,,False
2010-05-10,110620.65483119425,CASH,0.0,110620.65483119425,,False
2010-05-11,110620.65483119425,CASH,0.0,110620.65483119425,,False
2010-05-12,110620.65483119425,CASH,0.0,110620.65483119425,,False
2010-05-13,110620.65483119425,CASH,0.0,110620.65483119425,,False
2010-05-14,110620.65483119425,CASH,0.0,110620.65483119425,,False
2010-05-17,110620.65483119425,CASH,0.0,110620.65483119425,,False
2010-05-18,110620.65483119425,CASH,0.0,110620.65483119425,,False
2010-05-19,110620.65483119425,CASH,0.0,110620.65483119425,,False
2010-05-20,110620.65483119425,CASH,0.0,110620.65483119425,,False
2010-05-21,110620.65483119425,CASH,0.0,110620.65483119425,,False
2010-05-24,110620.65483119425,CASH,0.0,110620.65483119425,,False
2010-05-25,110620.65483119425,CASH,0.0,110620.65483119425,,False
2010-05-26,110620.65483119425,CASH,0.0,110620.65483119425,,False
2010-05-27,110620.65483119425,CASH,0.0,110620.65483119425,,False
2010-05-28,110620.65483119425,CASH,0.0,110620.65483119425,,False
2010-06-01,110620.65483119425,TECL,165087.37174301982,0.0,0.670073390007019,False
2010-06-02,118157.17959217513,TECL,165087.37174301982,0.0,0.670073390007019,False
2010-06-03,122396.51597511863,TECL,165087.37174301982,0.0,0.670073390007019,False
2010-06-04,110765.58781044438,TECL,165087.37174301982,0.0,0.670073390007019,False
2010-06-07,103808.75560656743,TECL,165087.37174301982,0.0,0.670073390007019,False
2010-06-08,101771.00244469872,CASH,0.0,101771.00244469872,,False
2010-06-09,101771.00244469872,CASH,0.0,101771.00244469872,,False
2010-06-10,101771.00244469872,CASH,0.0,101771.00244469872,,False
2010-06-11,101771.00244469872,CASH,0.0,101771.00244469872,,False
2010-06-14,101771.00244469872,CASH,0.0,101771.00244469872,,False
2010-06-15,101771.00244469872,CASH,0.0,101771.00244469872,,False
2010-06-16,101771.00244469872,CASH,0.0,101771.00244469872,,False
2010-06-17,101771.00244469872,CASH,0.0,101771.00244469872,,False
2010-06-18,101771.00244469872,CASH,0.0,101771.00244469872,,False
2010-06-21,101771.00244469872,CASH,0.0,101771.00244469872,,False
2010-06-22,101771.00244469872,CASH,0.0,101771.00244469872,,False
2010-06-23,101771.00244469872,CASH,0.0,101771.00244469872,,False
2010-06-24,101771.00244469872,CASH,0.0,101771.00244469872,,False
2010-06-25,101771.00244469872,CASH,0.0,101771.00244469872,,False
2010-06-28,101771.00244469872,CASH,0.0,101771.00244469872,,False
2010-06-29,101771.00244469872,CASH,0.0,101771.00244469872,,False
2010-06-30,101771.00244469872,CASH,0.0,101771.00244469872,,False
2010-07-01,101771.00244469872,GLD,869.5403421788343,0.0,117.04000091552734,False
2010-07-02,103031.83328723151,GLD,869.5403421788343,0.0,117.04000091552734,False
2010-07-06,101310.14712479456,GLD,869.5403421788343,0.0,117.04000091552734,False
2010-07-07,102370.98740370334,GLD,869.5403421788343,0.0,117.04000091552734,False
2010-07-08,101918.8227106932,GLD,869.5403421788343,0.0,117.04000091552734,False
2010-07-09,102918.79543101213,GLD,869.5403421788343,0.0,117.04000091552734,False
2010-07-12,102031.86056691258,GLD,869.5403421788343,0.0,117.04000091552734,False
2010-07-13,102918.79543101213,GLD,869.5403421788343,0.0,117.04000091552734,False
2010-07-14,102866.62513338264,GLD,869.5403421788343,0.0,117.04000091552734,False
2010-07-15,102805.75757479276,GLD,869.5403421788343,0.0,117.04000091552734,False
2010-07-16,101449.27012982868,GLD,869.5403421788343,0.0,117.04000091552734,False
2010-07-19,100631.90671934567,GLD,869.5403421788343,0.0,117.04000091552734,False
2010-07-20,101431.8822419743,GLD,869.5403421788343,0.0,117.04000091552734,False
2010-07-21,100736.24731460468,GLD,869.5403421788343,0.0,117.04000091552734,False
2010-07-22,101614.48491774389,GLD,869.5403421788343,0.0,117.04000091552734,False
2010-07-23,100944.93513918904,GLD,869.5403421788343,0.0,117.04000091552734,False
2010-07-26,100449.29740950975,GLD,869.5403421788343,0.0,117.04000091552734,False
2010-07-27,98701.52609825805,GLD,869.5403421788343,0.0,117.04000091552734,False
2010-07-28,98936.29907165715,GLD,869.5403421788343,0.0,117.04000091552734,False
2010-07-29,99379.76650370694,GLD,869.5403421788343,0.0,117.04000091552734,False
2010-07-30,100423.212260695,GLD,869.5403421788343,0.0,117.04000091552734,False
2010-08-02,100466.69193143047,TECL,139332.85868243873,0.0,0.721055269241333,False
2010-08-03,99255.49911832574,TECL,139332.85868243873,0.0,0.721055269241333,False
2010-08-04,101708.92840671101,TECL,139332.85868243873,0.0,0.721055269241333,False
2010-08-05,100280.38012906219,TECL,139332.85868243873,0.0,0.721055269241333,False
2010-08-06,99162.33491225606,TECL,139332.85868243873,0.0,0.721055269241333,False
2010-08-09,100187.19100833587,TECL,139332.85868243873,0.0,0.721055269241333,False
2010-08-10,96056.7229618408,TECL,139332.85868243873,0.0,0.721055269241333,False
2010-08-11,91553.56971572313,CASH,0.0,91553.56971572313,,False
2010-08-12,91553.56971572313,CASH,0.0,91553.56971572313,,False
2010-08-13,91553.56971572313,CASH,0.0,91553.56971572313,,False
2010-08-16,91553.56971572313,CASH,0.0,91553.56971572313,,False
2010-08-17,91553.56971572313,CASH,0.0,91553.56971572313,,False
2010-08-18,91553.56971572313,CASH,0.0,91553.56971572313,,False
2010-08-19,91553.56971572313,CASH,0.0,91553.56971572313,,False
2010-08-20,91553.56971572313,CASH,0.0,91553.56971572313,,False
2010-08-23,91553.56971572313,CASH,0.0,91553.56971572313,,False
2010-08-24,91553.56971572313,CASH,0.0,91553.56971572313,,False
2010-08-25,91553.56971572313,CASH,0.0,91553.56971572313,,False
2010-08-26,91553.56971572313,CASH,0.0,91553.56971572313,,False
2010-08-27,91553.56971572313,CASH,0.0,91553.56971572313,,False
2010-08-30,91553.56971572313,CASH,0.0,91553.56971572313,,False
2010-08-31,91553.56971572313,CASH,0.0,91553.56971572313,,False
2010-09-01,91553.56971572313,IEF,1321.0227466437575,0.0,69.30506681155018,False
2010-09-02,91171.77757760345,IEF,1321.0227466437575,0.0,69.30506681155018,False
2010-09-03,90650.19456423626,IEF,1321.0227466437575,0.0,69.30506681155018,False
2010-09-07,91367.38518467065,IEF,1321.0227466437575,0.0,69.30506681155018,False
2010-09-08,91115.87952473942,IEF,1321.0227466437575,0.0,69.30506681155018,False
2010-09-09,90398.70923456611,IEF,1321.0227466437575,0.0,69.30506681155018,False
2010-09-10,90137.94314070884,IEF,1321.0227466437575,0.0,69.30506681155018,False
2010-09-13,90566.39322802765,IEF,1321.0227466437575,0.0,69.30506681155018,False
2010-09-14,91022.69577303827,IEF,1321.0227466437575,0.0,69.30506681155018,False
2010-09-15,90706.09261710026,IEF,1321.0227466437575,0.0,69.30506681155018,False
2010-09-16,90389.39797498737,IEF,1321.0227466437575,0.0,69.30506681155018,False
2010-09-17,90594.30667650276,IEF,1321.0227466437575,0.0,69.30506681155018,False
2010-09-20,90873.67495925637,IEF,1321.0227466437575,0.0,69.30506681155018,False
2010-09-21,91721.28420457631,IEF,1321.0227466437575,0.0,69.30506681155018,False
2010-09-22,91860.95309825728,IEF,1321.0227466437575,0.0,69.30506681155018,False
2010-09-23,91991.3412277512,IEF,1321.0227466437575,0.0,69.30506681155018,False
2010-09-24,91535.03868274056,IEF,1321.0227466437575,0.0,69.30506681155018,False
2010-09-27,92242.75540150753,IEF,1321.0227466437575,0.0,69.30506681155018,False
2010-09-28,92550.20993995552,IEF,1321.0227466437575,0.0,69.30506681155018,False
2010-09-29,92326.69904954372,IEF,1321.0227466437575,0.0,69.30506681155018,False
2010-09-30,92214.93343920734,IEF,1321.0227466437575,0.0,69.30506681155018,False
2010-10-01,92264.38679930616,TECL,123270.46663830921,0.0,0.7484711408615112,False
2010-10-04,89159.57898876414,TECL,123270.46663830921,0.0,0.7484711408615112,False
2010-10-05,95011.96687805477,TECL,123270.46663830921,0.0,0.7484711408615112,False
2010-10-06,92923.78750252504,TECL,123270.46663830921,0.0,0.7484711408615112,False
2010-10-07,93693.1360816475,TECL,123270.46663830921,0.0,0.7484711408615112,False
2010-10-08,95534.01355881029,TECL,123270.46663830921,0.0,0.7484711408615112,False
2010-10-11,95753.82848820134,TECL,123270.46663830921,0.0,0.7484711408615112,False
2010-10-12,98309.10264901193,TECL,123270.46663830921,0.0,0.7484711408615112,False
2010-10-13,100781.9526403567,TECL,123270.46663830921,0.0,0.7484711408615112,False
2010-10-14,100672.041501915,TECL,123270.46663830921,0.0,0.7484711408615112,False
2010-10-15,106744.20758313478,TECL,123270.46663830921,0.0,0.7484711408615112,False
2010-10-18,108063.07511700391,TECL,123270.46663830921,0.0,0.7484711408615112,False
2010-10-19,102348.06329265378,TECL,123270.46663830921,0.0,0.7484711408615112,False
2010-10-20,104326.32418224942,TECL,123270.46663830921,0.0,0.7484711408615112,False
2010-10-21,104353.82584621006,TECL,123270.46663830921,0.0,0.7484711408615112,False
2010-10-22,106387.02393629563,TECL,123270.46663830921,0.0,0.7484711408615112,False
2010-10-25,107458.58222430546,TECL,123270.46663830921,0.0,0.7484711408615112,False
2010-10-26,108063.07511700391,TECL,123270.46663830921,0.0,0.7484711408615112,False
2010-10-27,109821.5284247009,TECL,123270.46663830921,0.0,0.7484711408615112,False
2010-10-28,110343.55306297929,TECL,123270.46663830921,0.0,0.7484711408615112,False
2010-10-29,110563.39738233984,TECL,123270.46663830921,0.0,0.7484711408615112,False
2010-11-01,111717.36514483074,TQQQ,344590.1960783251,0.0,0.3242035508155823,False
2010-11-02,115103.56670363233,TQQQ,344590.1960783251,0.0,0.3242035508155823,False
2010-11-03,116766.86000352885,TQQQ,344590.1960783251,0.0,0.3242035508155823,False
2010-11-04,120904.1381587212,TQQQ,344590.1960783251,0.0,0.3242035508155823,False
2010-11-05,121048.94962073314,TQQQ,344590.1960783251,0.0,0.3242035508155823,False
2010-11-08,121356.19515796266,TQQQ,344590.1960783251,0.0,0.3242035508155823,False
2010-11-09,119394.14927020785,TQQQ,344590.1960783251,0.0,0.3242035508155823,False
2010-11-10,121219.60963603096,TQQQ,344590.1960783251,0.0,0.3242035508155823,False
2010-11-11,119180.91154258455,TQQQ,344590.1960783251,0.0,0.3242035508155823,False
2010-11-12,113116.29870746667,TQQQ,344590.1960783251,0.0,0.3242035508155823,False
2010-11-15,111904.99051969481,TQQQ,344590.1960783251,0.0,0.3242035508155823,False
2010-11-16,106352.0291036507,TQQQ,344590.1960783251,0.0,0.3242035508155823,False
2010-11-17,107358.26388635082,TQQQ,344590.1960783251,0.0,0.3242035508155823,False
2010-11-18,112348.50322162444,TQQQ,344590.1960783251,0.0,0.3242035508155823,False
2010-11-19,112612.8424197088,TQQQ,344590.1960783251,0.0,0.3242035508155823,False
2010-11-22,115581.46198657155,TQQQ,344590.1960783251,0.0,0.3242035508155823,False
2010-11-23,110122.15921413775,TQQQ,344590.1960783251,0.0,0.3242035508155823,False
2010-11-24,116553.62227590557,TQQQ,344590.1960783251,0.0,0.3242035508155823,False
2010-11-26,115820.22991024914,TQQQ,344590.1960783251,0.0,0.3242035508155823,False
2010-11-29,114208.03808081368,TQQQ,344590.1960783251,0.0,0.3242035508155823,False
2010-11-30,109866.34377418898,TQQQ,344590.1960783251,0.0,0.3242035508155823,False
2010-12-01,116852.3440549995,TECL,127960.85364958769,0.0,0.9131882190704346,False
2010-12-02,121501.33532820693,TECL,127960.85364958769,0.0,0.9131882190704346,False
2010-12-03,122642.22928183866,TECL,127960.85364958769,0.0,0.9131882190704346,False
2010-12-06,122813.30426515892,TECL,127960.85364958769,0.0,0.9131882190704346,False
2010-12-07,123184.10910082902,TECL,127960.85364958769,0.0,0.9131882190704346,False
2010-12-08,125865.14315507787,TECL,127960.85364958769,0.0,0.9131882190704346,False
2010-12-09,125808.07748297791,TECL,127960.85364958769,0.0,0.9131882190704346,False
2010-12-10,127690.48195615392,TECL,127960.85364958769,0.0,0.9131882190704346,False
2010-12-13,126036.25627370425,TECL,127960.85364958769,0.0,0.9131882190704346,False
2010-12-14,125922.1173024431,TECL,127960.85364958769,0.0,0.9131882190704346,False
2010-12-15,124724.25682850736,TECL,127960.85364958769,0.0,0.9131882190704346,False
2010-12-16,126549.5956295834,TECL,127960.85364958769,0.0,0.9131882190704346,False
2010-12-17,127718.98428395898,TECL,127960.85364958769,0.0,0.9131882190704346,False
2010-12-20,127776.00419369158,TECL,127960.85364958769,0.0,0.9131882190704346,False
2010-12-21,130685.224665728,TECL,127960.85364958769,0.0,0.9131882190704346,False
2010-12-22,130285.9175022528,TECL,127960.85364958769,0.0,0.9131882190704346,False
2010-12-23,129629.95972849111,TECL,127960.85364958769,0.0,0.9131882190704346,False
2010-12-27,130485.56345692917,TECL,127960.85364958769,0.0,0.9131882190704346,False
2010-12-28,130342.98317435278,TECL,127960.85364958769,0.0,0.9131882190704346,False
2010-12-29,130685.224665728,TECL,127960.85364958769,0.0,0.9131882190704346,False
2010-12-30,130114.82726481011,TECL,127960.85364958769,0.0,0.9131882190704346,False
2010-12-31,129772.57051931243,TECL,127960.85364958769,0.0,0.9131882190704346,False
2011-01-03,133337.74876511053,TQQQ,348506.228180018,0.0,0.3825978934764862,False
2011-01-04,133130.67720236658,TQQQ,348506.228180018,0.0,0.3825978934764862,False
2011-01-05,136434.83806112362,TQQQ,348506.228180018,0.0,0.3825978934764862,False
2011-01-06,137668.49101834066,TQQQ,348506.228180018,0.0,0.3825978934764862,False
2011-01-07,137349.1124481257,TQQQ,348506.228180018,0.0,0.3825978934764862,False
2011-01-10,138893.5337370306,TQQQ,348506.228180018,0.0,0.3825978934764862,False
2011-01-11,139531.89619825184,TQQQ,348506.228180018,0.0,0.3825978934764862,False
2011-01-12,142361.64226183132,TQQQ,348506.228180018,0.0,0.3825978934764862,False
2011-01-13,142810.17440995274,TQQQ,348506.228180018,0.0,0.3825978934764862,False
2011-01-14,145907.26370596586,TQQQ,348506.228180018,0.0,0.3825978934764862,False
2011-01-18,147071.71277982218,TQQQ,348506.228180018,0.0,0.3825978934764862,False
2011-01-19,142145.98123315023,TQQQ,348506.228180018,0.0,0.3825978934764862,False
2011-01-20,138953.7950204253,TQQQ,348506.228180018,0.0,0.3825978934764862,False
2011-01-21,135779.23435025828,TQQQ,348506.228180018,0.0,0.3825978934764862,False
2011-01-24,141386.70152593087,TQQQ,348506.228180018,0.0,0.3825978934764862,False
2011-01-25,141878.31602557268,TQQQ,348506.228180018,0.0,0.3825978934764862,False
2011-01-26,144078.30986645803,TQQQ,348506.228180018,0.0,0.3825978934764862,False
2011-01-27,146856.0517511411,TQQQ,348506.228180018,0.0,0.3825978934764862,False
2011-01-28,135779.23435025828,TQQQ,348506.228180018,0.0,0.3825978934764862,False
2011-01-31,137789.3771054539,TQQQ,348506.228180018,0.0,0.3825978934764862,False
2011-02-01,145441.14756046643,TQQQ,348506.228180018,0.0,0.39537134766578674,False
2011-02-02,144785.55423589604,TQQQ,348506.228180018,0.0,0.39537134766578674,False
2011-02-03,145346.41416407842,TQQQ,348506.228180018,0.0,0.39537134766578674,False
2011-02-04,147969.09905120896,TQQQ,348506.228180018,0.0,0.39537134766578674,False
2011-02-07,150117.0783269029,TQQQ,348506.228180018,0.0,0.39537134766578674,False
2011-02-08,153317.83323297504,TQQQ,348506.228180018,0.0,0.39537134766578674,False
2011-02-09,152385.9956211849,TQQQ,348506.228180018,0.0,0.39537134766578674,False
2011-02-10,153128.0444650551,TQQQ,348506.228180018,0.0,0.39537134766578674,False
2011-02-11,156268.1745674087,TQQQ,348506.228180018,0.0,0.39537134766578674,False
2011-02-14,157251.7567007212,TQQQ,348506.228180018,0.0,0.39537134766578674,False
2011-02-15,156846.24458635034,TQQQ,348506.228180018,0.0,0.39537134766578674,False
2011-02-16,159744.8725581466,TQQQ,348506.228180018,0.0,0.39537134766578674,False
2011-02-17,159606.74522138925,TQQQ,348506.228180018,0.0,0.39537134766578674,False
2011-02-18,158701.04991402937,TQQQ,348506.228180018,0.0,0.39537134766578674,False
2011-02-22,144725.26179361643,TQQQ,348506.228180018,0.0,0.39537134766578674,False
2011-02-23,141153.80963390062,TQQQ,348506.228180018,0.0,0.39537134766578674,False
2011-02-24,143163.66157283718,TQQQ,348506.228180018,0.0,0.39537134766578674,False
2011-02-25,149297.51656369888,TQQQ,348506.228180018,0.0,0.39537134766578674,False
2011-02-28,150384.43194563148,TQQQ,348506.228180018,0.0,0.39537134766578674,False
2011-03-01,143155.0513343101,TECL,127787.94349481359,0.0,1.1202547550201416,False
2011-03-02,144892.50931247536,TECL,127787.94349481359,0.0,1.1202547550201416,False
2011-03-03,152411.9830964749,TECL,127787.94349481359,0.0,1.1202547550201416,False
2011-03-04,149506.72424499283,TECL,127787.94349481359,0.0,1.1202547550201416,False
2011-03-07,143325.9560825196,TECL,127787.94349481359,0.0,1.1202547550201416,False
2011-03-08,145490.63784743377,TECL,127787.94349481359,0.0,1.1202547550201416,False
2011-03-09,142442.991378382,TECL,127787.94349481359,0.0,1.1202547550201416,False
2011-03-10,133784.17291766562,TECL,127787.94349481359,0.0,1.1202547550201416,False
2011-03-11,131702.6472275653,CASH,0.0,131702.6472275653,,False
2011-03-14,131702.6472275653,CASH,0.0,131702.6472275653,,False
2011-03-15,131702.6472275653,CASH,0.0,131702.6472275653,,False
2011-03-16,131702.6472275653,CASH,0.0,131702.6472275653,,False
2011-03-17,131702.6472275653,CASH,0.0,131702.6472275653,,False
2011-03-18,131702.6472275653,CASH,0.0,131702.6472275653,,False
2011-03-21,131702.6472275653,CASH,0.0,131702.6472275653,,False
2011-03-22,131702.6472275653,CASH,0.0,131702.6472275653,,False
2011-03-23,131702.6472275653,CASH,0.0,131702.6472275653,,False
2011-03-24,131702.6472275653,CASH,0.0,131702.6472275653,,False
2011-03-25,131702.6472275653,CASH,0.0,131702.6472275653,,False
2011-03-28,131702.6472275653,CASH,0.0,131702.6472275653,,False
2011-03-29,131702.6472275653,CASH,0.0,131702.6472275653,,False
2011-03-30,131702.6472275653,CASH,0.0,131702.6472275653,,False
2011-03-31,131702.6472275653,CASH,0.0,131702.6472275653,,False
2011-04-01,131702.6472275653,TECL,123262.33155684723,0.0,1.0684744119644165,False
2011-04-04,129210.80678036912,TECL,123262.33155684723,0.0,1.0684744119644165,False
2011-04-05,128986.81121611668,TECL,123262.33155684723,0.0,1.0684744119644165,False
2011-04-06,131730.62463207438,TECL,123262.33155684723,0.0,1.0684744119644165,False
2011-04-07,131898.60661124875,TECL,123262.33155684723,0.0,1.0684744119644165,False
2011-04-08,129658.7538268291,TECL,123262.33155684723,0.0,1.0684744119644165,False
2011-04-11,128762.84503989418,TECL,123262.33155684723,0.0,1.0684744119644165,False
2011-04-12,125291.10481617592,TECL,123262.33155684723,0.0,1.0684744119644165,False
2011-04-13,127726.931678294,TECL,123262.33155684723,0.0,1.0684744119644165,False
2011-04-14,126718.98102718794,TECL,123262.33155684723,0.0,1.0684744119644165,False
2011-04-15,125179.13642207965,TECL,123262.33155684723,0.0,1.0684744119644165,False
2011-04-18,121166.43544936007,CASH,0.0,121166.43544936007,,False
2011-04-19,121166.43544936007,CASH,0.0,121166.43544936007,,False
2011-04-20,121166.43544936007,CASH,0.0,121166.43544936007,,False
2011-04-21,121166.43544936007,CASH,0.0,121166.43544936007,,False
2011-04-25,121166.43544936007,CASH,0.0,121166.43544936007,,False
2011-04-26,121166.43544936007,CASH,0.0,121166.43544936007,,False
2011-04-27,121166.43544936007,CASH,0.0,121166.43544936007,,False
2011-04-28,121166.43544936007,CASH,0.0,121166.43544936007,,False
2011-04-29,121166.43544936007,CASH,0.0,121166.43544936007,,False
2011-05-02,121166.43544936007,TQQQ,266283.38572003896,0.0,0.45502814650535583,False
2011-05-03,119347.05149156987,TQQQ,266283.38572003896,0.0,0.45502814650535583,False
2011-05-04,118648.41776527512,TQQQ,266283.38572003896,0.0,0.45502814650535583,False
2011-05-05,116868.77661092998,TQQQ,266283.38572003896,0.0,0.45502814650535583,False
2011-05-06,117883.74178453357,TQQQ,266283.38572003896,0.0,0.45502814650535583,False
2011-05-09,119162.48711862233,TQQQ,266283.38572003896,0.0,0.45502814650535583,False
2011-05-10,122221.17516986193,TQQQ,266283.38572003896,0.0,0.45502814650535583,False
2011-05-11,119584.44490655688,TQQQ,266283.38572003896,0.0,0.45502814650535583,False
2011-05-12,121693.68627166138,TQQQ,266283.38572003896,0.0,0.45502814650535583,False
2011-05-13,117382.83802841387,TQQQ,266283.38572003896,0.0,0.45502814650535583,False
2011-05-16,111473.12061341127,CASH,0.0,111473.12061341127,,False
2011-05-17,111473.12061341127,CASH,0.0,111473.12061341127,,False
2011-05-18,111473.12061341127,CASH,0.0,111473.12061341127,,False
2011-05-19,111473.12061341127,CASH,0.0,111473.12061341127,,False
2011-05-20,111473.12061341127,CASH,0.0,111473.12061341127,,False
2011-05-23,111473.12061341127,CASH,0.0,111473.12061341127,,False
2011-05-24,111473.12061341127,CASH,0.0,111473.12061341127,,False
2011-05-25,111473.12061341127,CASH,0.0,111473.12061341127,,False
2011-05-26,111473.12061341127,CASH,0.0,111473.12061341127,,False
2011-05-27,111473.12061341127,CASH,0.0,111473.12061341127,,False
2011-05-31,111473.12061341127,CASH,0.0,111473.12061341127,,False
2011-06-01,111473.12061341127,TECL,107860.36874241765,0.0,1.0334947109222412,False
2011-06-02,111865.10831881857,TECL,107860.36874241765,0.0,1.0334947109222412,False
2011-06-03,106916.18960479328,TECL,107860.36874241765,0.0,1.0334947109222412,False
2011-06-06,104760.23150913726,TECL,107860.36874241765,0.0,1.0334947109222412,False
2011-06-07,103437.22478604538,TECL,107860.36874241765,0.0,1.0334947109222412,False
2011-06-08,102555.27096433837,CASH,0.0,102555.27096433837,,False
2011-06-09,102555.27096433837,CASH,0.0,102555.27096433837,,False
2011-06-10,102555.27096433837,CASH,0.0,102555.27096433837,,False
2011-06-13,102555.27096433837,CASH,0.0,102555.27096433837,,False
2011-06-14,102555.27096433837,CASH,0.0,102555.27096433837,,False
2011-06-15,102555.27096433837,CASH,0.0,102555.27096433837,,False
2011-06-16,102555.27096433837,CASH,0.0,102555.27096433837,,False
2011-06-17,102555.27096433837,CASH,0.0,102555.27096433837,,False
2011-06-20,102555.27096433837,CASH,0.0,102555.27096433837,,False
2011-06-21,102555.27096433837,CASH,0.0,102555.27096433837,,False
2011-06-22,102555.27096433837,CASH,0.0,102555.27096433837,,False
2011-06-23,102555.27096433837,CASH,0.0,102555.27096433837,,False
2011-06-24,102555.27096433837,CASH,0.0,102555.27096433837,,False
2011-06-27,102555.27096433837,CASH,0.0,102555.27096433837,,False
2011-06-28,102555.27096433837,CASH,0.0,102555.27096433837,,False
2011-06-29,102555.27096433837,CASH,0.0,102555.27096433837,,False
2011-06-30,102555.27096433837,CASH,0.0,102555.27096433837,,False
2011-07-01,102555.27096433837,TQQQ,240758.80278076365,0.0,0.42596685886383057,False
2011-07-05,104033.21995645913,TQQQ,240758.80278076365,0.0,0.42596685886383057,False
2011-07-06,105141.78394674297,TQQQ,240758.80278076365,0.0,0.42596685886383057,False
2011-07-07,109397.09113171215,TQQQ,240758.80278076365,0.0,0.42596685886383057,False
2011-07-08,108491.29748683557,TQQQ,240758.80278076365,0.0,0.42596685886383057,False
2011-07-11,102674.51513880133,TQQQ,240758.80278076365,0.0,0.42596685886383057,False
2011-07-12,100171.29872185437,TQQQ,240758.80278076365,0.0,0.42596685886383057,False
2011-07-13,101506.44745161507,TQQQ,240758.80278076365,0.0,0.42596685886383057,False
2011-07-14,98013.8968685043,TQQQ,240758.80278076365,0.0,0.42596685886383057,False
2011-07-15,101911.73701142854,TQQQ,240758.80278076365,0.0,0.42596685886383057,False
2011-07-18,100231.03202424344,TQQQ,240758.80278076365,0.0,0.42596685886383057,False
2011-07-19,107299.18580009304,TQQQ,240758.80278076365,0.0,0.42596685886383057,False
2011-07-20,105797.44393941706,TQQQ,240758.80278076365,0.0,0.42596685886383057,False
2011-07-21,107942.96370883244,TQQQ,240758.80278076365,0.0,0.42596685886383057,False
2011-07-22,111292.24046826691,TQQQ,240758.80278076365,0.0,0.42596685886383057,False
2011-07-25,110636.7885555651,TQQQ,240758.80278076365,0.0,0.42596685886383057,False
2011-07-26,111244.64038081357,TQQQ,240758.80278076365,0.0,0.42596685886383057,False
2011-07-27,102805.64139719898,TQQQ,240758.80278076365,0.0,0.42596685886383057,False
2011-07-28,103353.98235037355,TQQQ,240758.80278076365,0.0,0.42596685886383057,False
2011-07-29,102352.73739958923,TQQQ,240758.80278076365,0.0,0.42596685886383057,False
2011-08-01,100969.99575754664,TECL,99047.33214317041,0.0,1.019411563873291,False
2011-08-02,93995.67034372358,TECL,99047.33214317041,0.0,1.019411563873291,False
2011-08-03,92892.3960969429,CASH,0.0,92892.3960969429,,False
2011-08-04,92892.3960969429,CASH,0.0,92892.3960969429,,False
2011-08-05,92892.3960969429,CASH,0.0,92892.3960969429,,False
2011-08-08,92892.3960969429,CASH,0.0,92892.3960969429,,False
2011-08-09,92892.3960969429,CASH,0.0,92892.3960969429,,False
2011-08-10,92892.3960969429,CASH,0.0,92892.3960969429,,False
2011-08-11,92892.3960969429,CASH,0.0,92892.3960969429,,False
2011-08-12,92892.3960969429,CASH,0.0,92892.3960969429,,False
2011-08-15,92892.3960969429,CASH,0.0,92892.3960969429,,False
2011-08-16,92892.3960969429,CASH,0.0,92892.3960969429,,False
2011-08-17,92892.3960969429,CASH,0.0,92892.3960969429,,False
2011-08-18,92892.3960969429,CASH,0.0,92892.3960969429,,False
2011-08-19,92892.3960969429,CASH,0.0,92892.3960969429,,False
2011-08-22,92892.3960969429,CASH,0.0,92892.3960969429,,False
2011-08-23,92892.3960969429,CASH,0.0,92892.3960969429,,False
2011-08-24,92892.3960969429,CASH,0.0,92892.3960969429,,False
2011-08-25,92892.3960969429,CASH,0.0,92892.3960969429,,False
2011-08-26,92892.3960969429,CASH,0.0,92892.3960969429,,False
2011-08-29,92892.3960969429,CASH,0.0,92892.3960969429,,False
2011-08-30,92892.3960969429,CASH,0.0,92892.3960969429,,False
2011-08-31,92892.3960969429,CASH,0.0,92892.3960969429,,False
2011-09-01,92892.3960969429,GLD,522.2488258109069,0.0,177.8699951171875,False
2011-09-02,95696.87771038905,GLD,522.2488258109069,0.0,177.8699951171875,False
2011-09-06,95519.307053261,GLD,522.2488258109069,0.0,177.8699951171875,False
2011-09-07,92479.82303086155,GLD,522.2488258109069,0.0,177.8699951171875,False
2011-09-08,94950.05774565943,GLD,522.2488258109069,0.0,177.8699951171875,False
2011-09-09,94370.36123025394,GLD,522.2488258109069,0.0,177.8699951171875,False
2011-09-12,92265.69909974675,GLD,522.2488258109069,0.0,177.8699951171875,False
2011-09-13,93242.30185397006,GLD,522.2488258109069,0.0,177.8699951171875,False
2011-09-14,92547.71792826006,GLD,522.2488258109069,0.0,177.8699951171875,False
2011-09-15,91080.19203386828,GLD,522.2488258109069,0.0,177.8699951171875,False
2011-09-16,91931.46016998315,GLD,522.2488258109069,0.0,177.8699951171875,False
2011-09-19,90510.94272626672,GLD,522.2488258109069,0.0,177.8699951171875,False
2011-09-20,91800.89796353043,GLD,522.2488258109069,0.0,177.8699951171875,False
2011-09-21,90657.171759983,GLD,522.2488258109069,0.0,177.8699951171875,False
2011-09-22,88286.16559711074,GLD,522.2488258109069,0.0,177.8699951171875,False
2011-09-23,85461.00440918749,CASH,0.0,85461.00440918749,,False
2011-09-26,85461.00440918749,CASH,0.0,85461.00440918749,,False
2011-09-27,85461.00440918749,CASH,0.0,85461.00440918749,,False
2011-09-28,85461.00440918749,CASH,0.0,85461.00440918749,,False
2011-09-29,85461.00440918749,CASH,0.0,85461.00440918749,,False
2011-09-30,85461.00440918749,CASH,0.0,85461.00440918749,,False
2011-10-03,85461.00440918749,GLD,530.9455817873345,0.0,160.9600067138672,False
2011-10-04,83698.26118889195,GLD,530.9455817873345,0.0,160.9600067138672,False
2011-10-05,84664.58603650647,GLD,530.9455817873345,0.0,160.9600067138672,False
2011-10-06,85211.4593376205,GLD,530.9455817873345,0.0,160.9600067138672,False
2011-10-07,84515.91382014632,GLD,530.9455817873345,0.0,160.9600067138672,False
2011-10-10,86687.48740686236,GLD,530.9455817873345,0.0,160.9600067138672,False
2011-10-11,86066.28204836158,GLD,530.9455817873345,0.0,160.9600067138672,False
2011-10-12,86682.17276602905,GLD,530.9455817873345,0.0,160.9600067138672,False
2011-10-13,86172.46954440171,GLD,530.9455817873345,0.0,160.9600067138672,False
2011-10-14,86756.5048234158,GLD,530.9455817873345,0.0,160.9600067138672,False
2011-10-17,86342.36791774862,GLD,530.9455817873345,0.0,160.9600067138672,False
2011-10-18,85928.23101208142,GLD,530.9455817873345,0.0,160.9600067138672,False
2011-10-19,84882.26756783345,GLD,530.9455817873345,0.0,160.9600067138672,False
2011-10-20,83767.28670703202,GLD,530.9455817873345,0.0,160.9600067138672,False
2011-10-21,84696.44147515985,GLD,530.9455817873345,0.0,160.9600067138672,False
2011-10-24,85492.85984784085,GLD,530.9455817873345,0.0,160.9600067138672,False
2011-10-25,87919.27694378393,GLD,530.9455817873345,0.0,160.9600067138672,False
2011-10-26,88880.28715056514,GLD,530.9455817873345,0.0,160.9600067138672,False
2011-10-27,90021.8250123599,GLD,530.9455817873345,0.0,160.9600067138672,False
2011-10-28,90058.98699025996,GLD,530.9455817873345,0.0,160.9600067138672,False
2011-10-31,88848.43171191176,GLD,530.9455817873345,0.0,160.9600067138672,False
2011-11-01,88869.67407207178,IEF,1166.030599968518,0.0,76.21555907235299,False
2011-11-02,88657.08904794486,IEF,1166.030599968518,0.0,76.21555907235299,False
2011-11-03,88240.64922500972,IEF,1166.030599968518,0.0,76.21555907235299,False
2011-11-04,88504.15308642697,IEF,1166.030599968518,0.0,76.21555907235299,False
2011-11-07,88606.19712810154,IEF,1166.030599968518,0.0,76.21555907235299,False
2011-11-08,88206.58070955747,IEF,1166.030599968518,0.0,76.21555907235299,False
2011-11-09,88988.67610537252,IEF,1166.030599968518,0.0,76.21555907235299,False
2011-11-10,88555.12575861138,IEF,1166.030599968518,0.0,76.21555907235299,False
2011-11-11,88147.04828921889,IEF,1166.030599968518,0.0,76.21555907235299,False
2011-11-14,88699.6365592102,IEF,1166.030599968518,0.0,76.21555907235299,False
2011-11-15,88580.64349839176,IEF,1166.030599968518,0.0,76.21555907235299,False
2011-11-16,88903.73361504164,IEF,1166.030599968518,0.0,76.21555907235299,False
2011-11-17,89082.15142641056,IEF,1166.030599968518,0.0,76.21555907235299,False
2011-11-18,88750.6540938063,IEF,1166.030599968518,0.0,76.21555907235299,False
2011-11-21,88997.17304615032,IEF,1166.030599968518,0.0,76.21555907235299,False
2011-11-22,89269.22768323943,IEF,1166.030599968518,0.0,76.21555907235299,False
2011-11-23,89575.30597336905,IEF,1166.030599968518,0.0,76.21555907235299,False
2011-11-25,89005.6879318928,IEF,1166.030599968518,0.0,76.21555907235299,False
2011-11-28,89014.19384515293,IEF,1166.030599968518,0.0,76.21555907235299,False
2011-11-29,88844.20119470308,IEF,1166.030599968518,0.0,76.21555907235299,False
2011-11-30,88325.69041264635,IEF,1166.030599968518,0.0,76.21555907235299,False
2011-12-01,88300.0560305955,IEF,1166.030599968518,0.0,75.7490330142546,False
2011-12-02,88691.82152709037,IEF,1166.030599968518,0.0,75.7490330142546,False
2011-12-05,88640.69632270618,IEF,1166.030599968518,0.0,75.7490330142546,False
2011-12-06,88410.80338014172,IEF,1166.030599968518,0.0,75.7490330142546,False
2011-12-07,88811.10170734377,IEF,1166.030599968518,0.0,75.7490330142546,False
2011-12-08,89262.50729396533,IEF,1166.030599968518,0.0,75.7490330142546,False
2011-12-09,88649.38168561313,IEF,1166.030599968518,0.0,75.7490330142546,False
2011-12-12,88955.90859985987,IEF,1166.030599968518,0.0,75.7490330142546,False
2011-12-13,89364.78462018077,IEF,1166.030599968518,0.0,75.7490330142546,False
2011-12-14,89739.54726263775,IEF,1166.030599968518,0.0,75.7490330142546,False
2011-12-15,89662.84151109673,IEF,1166.030599968518,0.0,75.7490330142546,False
2011-12-16,90097.28910609208,IEF,1166.030599968518,0.0,75.7490330142546,False
2011-12-19,90403.89677267989,IEF,1166.030599968518,0.0,75.7490330142546,False
2011-12-20,89586.2165118968,IEF,1166.030599968518,0.0,75.7490330142546,False
2011-12-21,89296.6475892763,IEF,1166.030599968518,0.0,75.7490330142546,False
2011-12-22,89407.33213144612,IEF,1166.030599968518,0.0,75.7490330142546,False
2011-12-23,89041.04848480226,IEF,1166.030599968518,0.0,75.7490330142546,False
2011-12-27,89091.43794563445,IEF,1166.030599968518,0.0,75.7490330142546,False
2011-12-28,89654.5868273422,IEF,1166.030599968518,0.0,75.7490330142546,False
2011-12-29,89765.53157149992,IEF,1166.030599968518,0.0,75.7490330142546,False
2011-12-30,90081.24630766475,IEF,1166.030599968518,0.0,75.7490330142546,False
2012-01-03,89509.51973283816,GLD,574.0733759876725,0.0,155.9199981689453,False
2012-01-04,89963.04260528057,GLD,574.0733759876725,0.0,155.9199981689453,False
2012-01-05,90577.29656256181,GLD,574.0733759876725,0.0,155.9199981689453,False
2012-01-06,90244.33295332921,GLD,574.0733759876725,0.0,155.9199981689453,False
2012-01-09,89842.48334207076,GLD,574.0733759876725,0.0,155.9199981689453,False
2012-01-10,91071.0000162978,GLD,574.0733759876725,0.0,155.9199981689453,False
2012-01-11,91662.29489279192,GLD,574.0733759876725,0.0,155.9199981689453,False
2012-01-12,92069.89084399557,GLD,574.0733759876725,0.0,155.9199981689453,False
2012-01-13,91426.92270631749,GLD,574.0733759876725,0.0,155.9199981689453,False
2012-01-17,92138.77684602144,GLD,574.0733759876725,0.0,155.9199981689453,False
2012-01-18,92770.2610634737,GLD,574.0733759876725,0.0,155.9199981689453,False
2012-01-19,92552.11037750573,GLD,574.0733759876725,0.0,155.9199981689453,False
2012-01-20,93040.07625096106,GLD,574.0733759876725,0.0,155.9199981689453,False
2012-01-23,93665.81412846815,GLD,574.0733759876725,0.0,155.9199981689453,False
2012-01-24,93005.62449028359,GLD,574.0733759876725,0.0,155.9199981689453,False
2012-01-25,95537.29018070872,GLD,574.0733759876725,0.0,155.9199981689453,False
2012-01-26,96025.25605416406,GLD,574.0733759876725,0.0,155.9199981689453,False
2012-01-27,97001.17904141019,GLD,574.0733759876725,0.0,155.9199981689453,False
2012-01-30,96461.54866643545,GLD,574.0733759876725,0.0,155.9199981689453,False
2012-01-31,97196.3618869265,GLD,574.0733759876725,0.0,155.9199981689453,False
2012-02-01,97339.88023092343,TQQQ,222490.2303009453,0.0,0.43750181794166565,False
2012-02-02,98342.33321500577,TQQQ,222490.2303009453,0.0,0.43750181794166565,False
2012-02-03,102252.77709791998,TQQQ,222490.2303009453,0.0,0.43750181794166565,False
2012-02-06,102153.5880740953,TQQQ,222490.2303009453,0.0,0.43750181794166565,False
2012-02-07,102594.10695816622,TQQQ,222490.2303009453,0.0,0.43750181794166565,False
2012-02-08,104301.46574703355,TQQQ,222490.2303009453,0.0,0.43750181794166565,False
2012-02-09,106614.74686935388,TQQQ,222490.2303009453,0.0,0.43750181794166565,False
2012-02-10,104334.46023747754,TQQQ,222490.2303009453,0.0,0.43750181794166565,False
2012-02-13,107143.45440352631,TQQQ,222490.2303009453,0.0,0.43750181794166565,False
2012-02-14,108079.73274640467,TQQQ,222490.2303009453,0.0,0.43750181794166565,False
2012-02-15,105667.26260025964,TQQQ,222490.2303009453,0.0,0.43750181794166565,False
2012-02-16,110084.42653135104,TQQQ,222490.2303009453,0.0,0.43750181794166565,False
2012-02-17,109148.17471137497,TQQQ,222490.2303009453,0.0,0.43750181794166565,False
2012-02-21,110073.41952690229,TQQQ,222490.2303009453,0.0,0.43750181794166565,False
2012-02-22,108619.4340235747,TQQQ,222490.2303009453,0.0,0.43750181794166565,False
2012-02-23,110679.13630786259,TQQQ,222490.2303009453,0.0,0.43750181794166565,False
2012-02-24,111758.78419904881,TQQQ,222490.2303009453,0.0,0.43750181794166565,False
2012-02-27,112298.48547621885,TQQQ,222490.2303009453,0.0,0.43750181794166565,False
2012-02-28,115657.99563284485,TQQQ,222490.2303009453,0.0,0.43750181794166565,False
2012-02-29,114138.02114862927,TQQQ,222490.2303009453,0.0,0.43750181794166565,False
2012-03-01,116913.82853319249,TECL,89391.74497114762,0.0,1.3078817129135132,False
2012-03-02,116406.2144246657,TECL,89391.74497114762,0.0,1.3078817129135132,False
2012-03-05,112426.5134200199,TECL,89391.74497114762,0.0,1.3078817129135132,False
2012-03-06,107560.7222505371,CASH,0.0,107560.7222505371,,False
2012-03-07,107560.7222505371,CASH,0.0,107560.7222505371,,False
2012-03-08,107560.7222505371,CASH,0.0,107560.7222505371,,False
2012-03-09,107560.7222505371,CASH,0.0,107560.7222505371,,False
2012-03-12,107560.7222505371,CASH,0.0,107560.7222505371,,False
2012-03-13,107560.7222505371,CASH,0.0,107560.7222505371,,False
2012-03-14,107560.7222505371,CASH,0.0,107560.7222505371,,False
2012-03-15,107560.7222505371,CASH,0.0,107560.7222505371,,False
2012-03-16,107560.7222505371,CASH,0.0,107560.7222505371,,False
2012-03-19,107560.7222505371,CASH,0.0,107560.7222505371,,False
2012-03-20,107560.7222505371,CASH,0.0,107560.7222505371,,False
2012-03-21,107560.7222505371,CASH,0.0,107560.7222505371,,False
2012-03-22,107560.7222505371,CASH,0.0,107560.7222505371,,False
2012-03-23,107560.7222505371,CASH,0.0,107560.7222505371,,False
2012-03-26,107560.7222505371,CASH,0.0,107560.7222505371,,False
2012-03-27,107560.7222505371,CASH,0.0,107560.7222505371,,False
2012-03-28,107560.7222505371,CASH,0.0,107560.7222505371,,False
2012-03-29,107560.7222505371,CASH,0.0,107560.7222505371,,False
2012-03-30,107560.7222505371,CASH,0.0,107560.7222505371,,False
2012-04-02,107560.7222505371,TECL,70164.4997828568,0.0,1.5329792499542236,False
2012-04-03,107082.57095361313,TECL,70164.4997828568,0.0,1.5329792499542236,False
2012-04-04,102540.45983898207,TECL,70164.4997828568,0.0,1.5329792499542236,False
2012-04-05,103544.50562988495,TECL,70164.4997828568,0.0,1.5329792499542236,False
2012-04-09,101632.04263461198,TECL,70164.4997828568,0.0,1.5329792499542236,False
2012-04-10,98955.86447049414,CASH,0.0,98955.86447049414,,False
2012-04-11,98955.86447049414,CASH,0.0,98955.86447049414,,False
2012-04-12,98955.86447049414,CASH,0.0,98955.86447049414,,False
2012-04-13,98955.86447049414,CASH,0.0,98955.86447049414,,False
2012-04-16,98955.86447049414,CASH,0.0,98955.86447049414,,False
2012-04-17,98955.86447049414,CASH,0.0,98955.86447049414,,False
2012-04-18,98955.86447049414,CASH,0.0,98955.86447049414,,False
2012-04-19,98955.86447049414,CASH,0.0,98955.86447049414,,False
2012-04-20,98955.86447049414,CASH,0.0,98955.86447049414,,False
2012-04-23,98955.86447049414,CASH,0.0,98955.86447049414,,False
2012-04-24,98955.86447049414,CASH,0.0,98955.86447049414,,False
2012-04-25,98955.86447049414,CASH,0.0,98955.86447049414,,False
2012-04-26,98955.86447049414,CASH,0.0,98955.86447049414,,False
2012-04-27,98955.86447049414,CASH,0.0,98955.86447049414,,False
2012-04-30,98955.86447049414,CASH,0.0,98955.86447049414,,False
2012-05-01,98955.86447049413,TECL,72176.44611391077,0.0,1.3710271120071411,False
2012-05-02,99611.63477434166,TECL,72176.44611391077,0.0,1.3710271120071411,False
2012-05-03,96759.03911506663,TECL,72176.44611391077,0.0,1.3710271120071411,False
2012-05-04,91039.39531285461,CASH,0.0,91039.39531285461,,False
2012-05-07,91039.39531285461,CASH,0.0,91039.39531285461,,False
2012-05-08,91039.39531285461,CASH,0.0,91039.39531285461,,False
2012-05-09,91039.39531285461,CASH,0.0,91039.39531285461,,False
2012-05-10,91039.39531285461,CASH,0.0,91039.39531285461,,False
2012-05-11,91039.39531285461,CASH,0.0,91039.39531285461,,False
2012-05-14,91039.39531285461,CASH,0.0,91039.39531285461,,False
2012-05-15,91039.39531285461,CASH,0.0,91039.39531285461,,False
2012-05-16,91039.39531285461,CASH,0.0,91039.39531285461,,False
2012-05-17,91039.39531285461,CASH,0.0,91039.39531285461,,False
2012-05-18,91039.39531285461,CASH,0.0,91039.39531285461,,False
2012-05-21,91039.39531285461,CASH,0.0,91039.39531285461,,False
2012-05-22,91039.39531285461,CASH,0.0,91039.39531285461,,False
2012-05-23,91039.39531285461,CASH,0.0,91039.39531285461,,False
2012-05-24,91039.39531285461,CASH,0.0,91039.39531285461,,False
2012-05-25,91039.39531285461,CASH,0.0,91039.39531285461,,False
2012-05-29,91039.39531285461,CASH,0.0,91039.39531285461,,False
2012-05-30,91039.39531285461,CASH,0.0,91039.39531285461,,False
2012-05-31,91039.39531285461,CASH,0.0,91039.39531285461,,False
2012-06-01,91039.39531285461,TECL,94240.38723112902,0.0,0.9660337567329407,False
2012-06-04,91617.32293092081,TECL,94240.38723112902,0.0,0.9660337567329407,False
2012-06-05,93736.52754817373,TECL,94240.38723112902,0.0,0.9660337567329407,False
2012-06-06,100907.50124644581,TECL,94240.38723112902,0.0,0.9660337567329407,False
2012-06-07,99344.8509351783,TECL,94240.38723112902,0.0,0.9660337567329407,False
2012-06-08,102320.29683506137,TECL,94240.38723112902,0.0,0.9660337567329407,False
2012-06-11,96754.74254087755,TECL,94240.38723112902,0.0,0.9660337567329407,False
2012-06-12,100072.66697888527,TECL,94240.38723112902,0.0,0.9660337567329407,False
2012-06-13,98081.92130354432,TECL,94240.38723112902,0.0,0.9660337567329407,False
2012-06-14,98402.99844376421,TECL,94240.38723112902,0.0,0.9660337567329407,False
2012-06-15,102384.4785601165,TECL,94240.38723112902,0.0,0.9660337567329407,False
2012-06-18,104375.23546978708,TECL,94240.38723112902,0.0,0.9660337567329407,False
2012-06-19,107200.83788134778,TECL,94240.38723112902,0.0,0.9660337567329407,False
2012-06-20,107992.84688443951,TECL,94240.38723112902,0.0,0.9660337567329407,False
2012-06-21,99387.68743397671,TECL,94240.38723112902,0.0,0.9660337567329407,False
2012-06-22,102598.57117947166,TECL,94240.38723112902,0.0,0.9660337567329407,False
2012-06-25,95641.62269457709,TECL,94240.38723112902,0.0,0.9660337567329407,False
2012-06-26,96476.50189945607,TECL,94240.38723112902,0.0,0.9660337567329407,False
2012-06-27,98552.84193208657,TECL,94240.38723112902,0.0,0.9660337567329407,False
2012-06-28,95448.97641044516,TECL,94240.38723112902,0.0,0.9660337567329407,False
2012-06-29,103518.99980432175,TECL,94240.38723112902,0.0,0.9660337567329407,False
2012-07-02,104910.3827607029,TECL,94240.38723112902,0.0,1.098456859588623,False
2012-07-03,107222.25051358217,TECL,94240.38723112902,0.0,1.098456859588623,False
2012-07-05,107564.71781737724,TECL,94240.38723112902,0.0,1.098456859588623,False
2012-07-06,102598.57117947166,TECL,94240.38723112902,0.0,1.098456859588623,False
2012-07-09,101999.18599185265,TECL,94240.38723112902,0.0,1.098456859588623,False
2012-07-10,98788.30224635769,TECL,94240.38723112902,0.0,1.098456859588623,False
2012-07-11,95237.47981997601,CASH,0.0,95237.47981997601,,False
2012-07-12,95237.47981997601,CASH,0.0,95237.47981997601,,False
2012-07-13,95237.47981997601,CASH,0.0,95237.47981997601,,False
2012-07-16,95237.47981997601,CASH,0.0,95237.47981997601,,False
2012-07-17,95237.47981997601,CASH,0.0,95237.47981997601,,False
2012-07-18,95237.47981997601,CASH,0.0,95237.47981997601,,False
2012-07-19,95237.47981997601,CASH,0.0,95237.47981997601,,False
2012-07-20,95237.47981997601,CASH,0.0,95237.47981997601,,False
2012-07-23,95237.47981997601,CASH,0.0,95237.47981997601,,False
2012-07-24,95237.47981997601,CASH,0.0,95237.47981997601,,False
2012-07-25,95237.47981997601,CASH,0.0,95237.47981997601,,False
2012-07-26,95237.47981997601,CASH,0.0,95237.47981997601,,False
2012-07-27,95237.47981997601,CASH,0.0,95237.47981997601,,False
2012-07-30,95237.47981997601,CASH,0.0,95237.47981997601,,False
2012-07-31,95237.47981997601,CASH,0.0,95237.47981997601,,False
2012-08-01,95237.47981997601,TQQQ,189936.6636269464,0.0,0.5014170408248901,False
2012-08-02,94240.68461922914,TQQQ,189936.6636269464,0.0,0.5014170408248901,False
2012-08-03,99600.71384631688,TQQQ,189936.6636269464,0.0,0.5014170408248901,False
2012-08-06,101838.77224025705,TQQQ,189936.6636269464,0.0,0.5014170408248901,False
2012-08-07,104358.80545534493,TQQQ,189936.6636269464,0.0,0.5014170408248901,False
2012-08-08,104189.4530102673,TQQQ,189936.6636269464,0.0,0.5014170408248901,False
2012-08-09,105073.38243113575,TQQQ,189936.6636269464,0.0,0.5014170408248901,False
2012-08-10,105505.99590688622,TQQQ,189936.6636269464,0.0,0.5014170408248901,False
2012-08-13,106145.45733530822,TQQQ,189936.6636269464,0.0,0.5014170408248901,False
2012-08-14,106295.85824665632,TQQQ,189936.6636269464,0.0,0.5014170408248901,False
2012-08-15,107048.21375772517,TQQQ,189936.6636269464,0.0,0.5014170408248901,False
2012-08-16,110884.76722721722,TQQQ,189936.6636269464,0.0,0.5014170408248901,False
2012-08-17,112408.04486543401,TQQQ,189936.6636269464,0.0,0.5014170408248901,False
2012-08-20,112840.62437786239,TQQQ,189936.6636269464,0.0,0.5014170408248901,False
2012-08-21,111543.033014973,TQQQ,189936.6636269464,0.0,0.5014170408248901,False
2012-08-22,112746.56861787142,TQQQ,189936.6636269464,0.0,0.5014170408248901,False
2012-08-23,110245.29447768786,TQQQ,189936.6636269464,0.0,0.5014170408248901,False
2012-08-24,112201.11766501093,TQQQ,189936.6636269464,0.0,0.5014170408248901,False
2012-08-27,112746.56861787142,TQQQ,189936.6636269464,0.0,0.5014170408248901,False
2012-08-28,112727.80954296711,TQQQ,189936.6636269464,0.0,0.5014170408248901,False
2012-08-29,112765.32769277574,TQQQ,189936.6636269464,0.0,0.5014170408248901,False
2012-08-30,109323.8129436887,TQQQ,189936.6636269464,0.0,0.5014170408248901,False
2012-08-31,111655.91577651248,TQQQ,189936.6636269464,0.0,0.5014170408248901,False
2012-09-04,111185.56904991344,TECL,85982.58669883793,0.0,1.2931172847747803,False
2012-09-05,110931.66820544473,TECL,85982.58669883793,0.0,1.2931172847747803,False
2012-09-06,118196.96742921784,TECL,85982.58669883793,0.0,1.2931172847747803,False
2012-09-07,117728.2076972697,TECL,85982.58669883793,0.0,1.2931172847747803,False
2012-09-10,114115.10981364701,TECL,85982.58669883793,0.0,1.2931172847747803,False
2012-09-11,114974.44286433399,TECL,85982.58669883793,0.0,1.2931172847747803,False
2012-09-12,116478.27057807466,TECL,85982.58669883793,0.0,1.2931172847747803,False
2012-09-13,121360.81118450243,TECL,85982.58669883793,0.0,1.2931172847747803,False
2012-09-14,123157.62269939337,TECL,85982.58669883793,0.0,1.2931172847747803,False
2012-09-17,123411.49279409285,TECL,85982.58669883793,0.0,1.2931172847747803,False
2012-09-18,123548.21651797835,TECL,85982.58669883793,0.0,1.2931172847747803,False
2012-09-19,123997.39889685494,TECL,85982.58669883793,0.0,1.2931172847747803,False
2012-09-20,123391.98719048282,TECL,85982.58669883793,0.0,1.2931172847747803,False
2012-09-21,123782.57075914474,TECL,85982.58669883793,0.0,1.2931172847747803,False
2012-09-24,121282.70677067773,TECL,85982.58669883793,0.0,1.2931172847747803,False
2012-09-25,116361.1242072607,TECL,85982.58669883793,0.0,1.2931172847747803,False
2012-09-26,113802.64090873286,TECL,85982.58669883793,0.0,1.2931172847747803,False
2012-09-27,118450.81702407116,TECL,85982.58669883793,0.0,1.2931172847747803,False
2012-09-28,115618.94777731076,TECL,85982.58669883793,0.0,1.2931172847747803,False
2012-10-01,114954.93726072396,TQQQ,192277.87575445545,0.0,0.5978583693504333,False
2012-10-02,115697.51890726379,TQQQ,192277.87575445545,0.0,0.5978583693504333,False
2012-10-03,117886.92795763924,TQQQ,192277.87575445545,0.0,0.5978583693504333,False
2012-10-04,119257.70245832893,TQQQ,192277.87575445545,0.0,0.5978583693504333,False
2012-10-05,117201.54643762163,TQQQ,192277.87575445545,0.0,0.5978583693504333,False
2012-10-08,114098.26479881075,TQQQ,192277.87575445545,0.0,0.5978583693504333,False
2012-10-09,108234.46677545192,TQQQ,192277.87575445545,0.0,0.5978583693504333,False
2012-10-10,106920.7204914672,TQQQ,192277.87575445545,0.0,0.5978583693504333,False
2012-10-11,105968.84437276777,TQQQ,192277.87575445545,0.0,0.5978583693504333,False
2012-10-12,105758.54227986604,CASH,0.0,105758.54227986604,,False
2012-10-15,105758.54227986604,CASH,0.0,105758.54227986604,,False
2012-10-16,105758.54227986604,CASH,0.0,105758.54227986604,,False
2012-10-17,105758.54227986604,CASH,0.0,105758.54227986604,,False
2012-10-18,105758.54227986604,CASH,0.0,105758.54227986604,,False
2012-10-19,105758.54227986604,CASH,0.0,105758.54227986604,,False
2012-10-22,105758.54227986604,CASH,0.0,105758.54227986604,,False
2012-10-23,105758.54227986604,CASH,0.0,105758.54227986604,,False
2012-10-24,105758.54227986604,CASH,0.0,105758.54227986604,,False
2012-10-25,105758.54227986604,CASH,0.0,105758.54227986604,,False
2012-10-26,105758.54227986604,CASH,0.0,105758.54227986604,,False
2012-10-31,105758.54227986604,CASH,0.0,105758.54227986604,,False
2012-11-01,105758.54227986603,GLD,636.831080963304,0.0,166.07000732421875,False
2012-11-02,103548.73765154168,GLD,636.831080963304,0.0,166.07000732421875,False
2012-11-05,103949.93462480418,GLD,636.831080963304,0.0,166.07000732421875,False
2012-11-06,105905.01070765167,GLD,636.831080963304,0.0,166.07000732421875,False
2012-11-07,106026.01016779809,GLD,636.831080963304,0.0,166.07000732421875,False
2012-11-08,106981.25678924304,GLD,636.831080963304,0.0,166.07000732421875,False
2012-11-09,106872.99667155182,GLD,636.831080963304,0.0,166.07000732421875,False
2012-11-12,106637.36256385103,GLD,636.831080963304,0.0,166.07000732421875,False
2012-11-13,106414.47751587654,GLD,636.831080963304,0.0,166.07000732421875,False
2012-11-14,106439.94648351579,GLD,636.831080963304,0.0,166.07000732421875,False
2012-11-15,105771.27190505009,GLD,636.831080963304,0.0,166.07000732421875,False
2012-11-16,105637.54281971963,GLD,636.831080963304,0.0,166.07000732421875,False
2012-11-19,106904.83045178307,GLD,636.831080963304,0.0,166.07000732421875,False
2012-11-20,106599.15425375661,GLD,636.831080963304,0.0,166.07000732421875,False
2012-11-21,106707.41437144783,GLD,636.831080963304,0.0,166.07000732421875,False
2012-11-23,108012.92003087683,GLD,636.831080963304,0.0,166.07000732421875,False
2012-11-26,107898.28538332245,GLD,636.831080963304,0.0,166.07000732421875,False
2012-11-27,107439.7759449183,GLD,636.831080963304,0.0,166.07000732421875,False
2012-11-28,106064.2184778925,GLD,636.831080963304,0.0,166.07000732421875,False
2012-11-29,106465.41545115502,GLD,636.831080963304,0.0,166.07000732421875,False
2012-11-30,105745.80293741084,GLD,636.831080963304,0.0,166.07000732421875,False
2012-12-03,105796.75058996046,TECL,95230.89481638817,0.0,1.1109498739242554,False
2012-12-04,105061.29623450783,TECL,95230.89481638817,0.0,1.1109498739242554,False
2012-12-05,101946.43406800466,TECL,95230.89481638817,0.0,1.1109498739242554,False
2012-12-06,103893.22434112005,TECL,95230.89481638817,0.0,1.1109498739242554,False
2012-12-07,102314.1839505456,TECL,95230.89481638817,0.0,1.1109498739242554,False
2012-12-10,103179.41902641587,TECL,95230.89481638817,0.0,1.1109498739242554,False
2012-12-11,107332.5042514453,TECL,95230.89481638817,0.0,1.1109498739242554,False
2012-12-12,106618.71028914842,TECL,95230.89481638817,0.0,1.1109498739242554,False
2012-12-13,104434.00761594628,TECL,95230.89481638817,0.0,1.1109498739242554,False
2012-12-14,101362.36406408883,TECL,95230.89481638817,0.0,1.1109498739242554,False
2012-12-17,105061.29623450783,TECL,95230.89481638817,0.0,1.1109498739242554,False
2012-12-18,109560.50500614438,TECL,95230.89481638817,0.0,1.1109498739242554,False
2012-12-19,108046.3322709641,TECL,95230.89481638817,0.0,1.1109498739242554,False
2012-12-20,108608.75323413148,TECL,95230.89481638817,0.0,1.1109498739242554,False
2012-12-21,105861.60689294733,TECL,95230.89481638817,0.0,1.1109498739242554,False
2012-12-24,104671.97677806961,TECL,95230.89481638817,0.0,1.1109498739242554,False
2012-12-26,103071.24193711745,TECL,95230.89481638817,0.0,1.1109498739242554,False
2012-12-27,102660.22803030153,TECL,95230.89481638817,0.0,1.1109498739242554,False
2012-12-28,99329.11385686738,TECL,95230.89481638817,0.0,1.1109498739242554,False
2012-12-31,105407.39707630032,TECL,95230.89481638817,0.0,1.1109498739242554,False
2013-01-02,114860.09255066433,TECL,95230.89481638817,0.0,1.1068613529205322,False
2013-01-03,112740.25753285635,TECL,95230.89481638817,0.0,1.1068613529205322,False
2013-01-04,111312.64690344798,TECL,95230.89481638817,0.0,1.1068613529205322,False
2013-01-07,111031.42506945698,TECL,95230.89481638817,0.0,1.1068613529205322,False
2013-01-08,109560.50500614438,TECL,95230.89481638817,0.0,1.1068613529205322,False
2013-01-09,109971.48485573837,TECL,95230.89481638817,0.0,1.1068613529205322,False
2013-01-10,111723.62675304196,TECL,95230.89481638817,0.0,1.1068613529205322,False
2013-01-11,112372.55305994465,TECL,95230.89481638817,0.0,1.1068613529205322,False
2013-01-14,109928.25488868533,TECL,95230.89481638817,0.0,1.1068613529205322,False
2013-01-15,107786.80488735084,TECL,95230.89481638817,0.0,1.1068613529205322,False
2013-01-16,109279.33993418995,TECL,95230.89481638817,0.0,1.1068613529205322,False
2013-01-17,110447.3891227631,TECL,95230.89481638817,0.0,1.1068613529205322,False
2013-01-18,109906.60584793687,TECL,95230.89481638817,0.0,1.1068613529205322,False
2013-01-22,110685.31287525718,TECL,95230.89481638817,0.0,1.1068613529205322,False
2013-01-23,114297.68293990428,TECL,95230.89481638817,0.0,1.1068613529205322,False
2013-01-24,108370.84083404472,TECL,95230.89481638817,0.0,1.1068613529205322,False
2013-01-25,108954.84272351666,TECL,95230.89481638817,0.0,1.1068613529205322,False
2013-01-28,109603.78038282666,TECL,95230.89481638817,0.0,1.1068613529205322,False
2013-01-29,110058.02425669563,TECL,95230.89481638817,0.0,1.1068613529205322,False
2013-01-30,109430.74699054139,TECL,95230.89481638817,0.0,1.1068613529205322,False
2013-01-31,109603.78038282666,TECL,95230.89481638817,0.0,1.1068613529205322,False
2013-02-01,113562.22858445163,TQQQ,199254.40194834155,0.0,0.5699358582496643,False
2013-02-04,107781.66878957847,TQQQ,199254.40194834155,0.0,0.5699358582496643,False
2013-02-05,112516.75323567442,TQQQ,199254.40194834155,0.0,0.5699358582496643,False
2013-02-06,111471.0047276767,TQQQ,199254.40194834155,0.0,0.5699358582496643,False
2013-02-07,111747.16869960773,TQQQ,199254.40194834155,0.0,0.5699358582496643,False
2013-02-08,115140.70883136209,TQQQ,199254.40194834155,0.0,0.5699358582496643,False
2013-02-11,115101.11262087664,TQQQ,199254.40194834155,0.0,0.5699358582496643,False
2013-02-12,113759.56830653505,TQQQ,199254.40194834155,0.0,0.5699358582496643,False
2013-02-13,115081.4095275367,TQQQ,199254.40194834155,0.0,0.5699358582496643,False
2013-02-14,114844.67549526125,TQQQ,199254.40194834155,0.0,0.5699358582496643,False
2013-02-15,113858.26192055247,TQQQ,199254.40194834155,0.0,0.5699358582496643,False
2013-02-19,116344.14146851854,TQQQ,199254.40194834155,0.0,0.5699358582496643,False
2013-02-20,111036.91909682997,TQQQ,199254.40194834155,0.0,0.5699358582496643,False
2013-02-21,107426.53804994567,TQQQ,199254.40194834155,0.0,0.5699358582496643,False
2013-02-22,110583.11849615545,TQQQ,199254.40194834155,0.0,0.5699358582496643,False
2013-02-25,106459.67317423479,TQQQ,199254.40194834155,0.0,0.5699358582496643,False
2013-02-26,107742.06070260517,TQQQ,199254.40194834155,0.0,0.5699358582496643,False
2013-02-27,111017.22787997789,TQQQ,199254.40194834155,0.0,0.5699358582496643,False
2013-02-28,110602.80971300755,TQQQ,199254.40194834155,0.0,0.5699358582496643,False
2013-03-01,111747.16869960773,SHY,1638.4112595438905,0.0,68.20459029970075,False
2013-03-04,111733.88002130657,SHY,1638.4112595438905,0.0,68.20459029970075,False
2013-03-05,111720.73002940134,SHY,1638.4112595438905,0.0,68.20459029970075,False
2013-03-06,111707.42874324598,SHY,1638.4112595438905,0.0,68.20459029970075,False
2013-03-07,111680.99007303959,SHY,1638.4112595438905,0.0,68.20459029970075,False
2013-03-08,111694.27875134072,SHY,1638.4112595438905,0.0,68.20459029970075,False
2013-03-11,111680.99007303959,SHY,1638.4112595438905,0.0,68.20459029970075,False
2013-03-12,111707.42874324598,SHY,1638.4112595438905,0.0,68.20459029970075,False
2013-03-13,111680.99007303959,SHY,1638.4112595438905,0.0,68.20459029970075,False
2013-03-14,111680.99007303959,SHY,1638.4112595438905,0.0,68.20459029970075,False
2013-03-15,111720.73002940134,SHY,1638.4112595438905,0.0,68.20459029970075,False
2013-03-18,111747.16869960773,SHY,1638.4112595438905,0.0,68.20459029970075,False
2013-03-19,111733.88002130657,SHY,1638.4112595438905,0.0,68.20459029970075,False
2013-03-20,111720.73002940134,SHY,1638.4112595438905,0.0,68.20459029970075,False
2013-03-21,111733.88002130657,SHY,1638.4112595438905,0.0,68.20459029970075,False
2013-03-22,111707.42874324598,SHY,1638.4112595438905,0.0,68.20459029970075,False
2013-03-25,111707.42874324598,SHY,1638.4112595438905,0.0,68.20459029970075,False
2013-03-26,111720.73002940134,SHY,1638.4112595438905,0.0,68.20459029970075,False
2013-03-27,111747.16869960773,SHY,1638.4112595438905,0.0,68.20459029970075,False
2013-03-28,111760.43216220052,SHY,1638.4112595438905,0.0,68.20459029970075,False
2013-04-01,111770.9345047289,SHY,1638.4112595438905,0.0,68.21268561918512,False
2013-04-02,111770.9345047289,SHY,1638.4112595438905,0.0,68.21268561918512,False
2013-04-03,111757.74668926111,SHY,1638.4112595438905,0.0,68.21268561918512,False
2013-04-04,111797.4614299145,SHY,1638.4112595438905,0.0,68.21268561918512,False
2013-04-05,111797.4614299145,SHY,1638.4112595438905,0.0,68.21268561918512,False
2013-04-08,111770.9345047289,SHY,1638.4112595438905,0.0,68.21268561918512,False
2013-04-09,111770.9345047289,SHY,1638.4112595438905,0.0,68.21268561918512,False
2013-04-10,111770.9345047289,SHY,1638.4112595438905,0.0,68.21268561918512,False
2013-04-11,111770.9345047289,SHY,1638.4112595438905,0.0,68.21268561918512,False
2013-04-12,111784.21057517585,SHY,1638.4112595438905,0.0,68.21268561918512,False
2013-04-15,111797.4614299145,SHY,1638.4112595438905,0.0,68.21268561918512,False
2013-04-16,111797.4614299145,SHY,1638.4112595438905,0.0,68.21268561918512,False
2013-04-17,111797.4614299145,SHY,1638.4112595438905,0.0,68.21268561918512,False
2013-04-18,111797.4614299145,SHY,1638.4112595438905,0.0,68.21268561918512,False
2013-04-19,111797.4614299145,SHY,1638.4112595438905,0.0,68.21268561918512,False
2013-04-22,111810.72489250734,SHY,1638.4112595438905,0.0,68.21268561918512,False
2013-04-23,111797.4614299145,SHY,1638.4112595438905,0.0,68.21268561918512,False
2013-04-24,111810.72489250734,SHY,1638.4112595438905,0.0,68.21268561918512,False
2013-04-25,111797.4614299145,SHY,1638.4112595438905,0.0,68.21268561918512,False
2013-04-26,111823.9001001209,SHY,1638.4112595438905,0.0,68.21268561918512,False
2013-04-29,111850.30094676481,SHY,1638.4112595438905,0.0,68.21268561918512,False
2013-04-30,111837.03748417199,SHY,1638.4112595438905,0.0,68.21268561918512,False
2013-05-01,111859.56771958391,TQQQ,175530.06282220702,0.0,0.6372672915458679,False
2013-05-02,115909.19930126454,TQQQ,175530.06282220702,0.0,0.6372672915458679,False
2013-05-03,119958.67394683954,TQQQ,175530.06282220702,0.0,0.6372672915458679,False
2013-05-06,121505.58267761553,TQQQ,175530.06282220702,0.0,0.6372672915458679,False
2013-05-07,121210.05106590243,TQQQ,175530.06282220702,0.0,0.6372672915458679,False
2013-05-08,123104.63604508845,TQQQ,175530.06282220702,0.0,0.6372672915458679,False
2013-05-09,122669.99626934598,TQQQ,175530.06282220702,0.0,0.6372672915458679,False
2013-05-10,124755.62480111745,TQQQ,175530.06282220702,0.0,0.6372672915458679,False
2013-05-13,125242.35690152163,TQQQ,175530.06282220702,0.0,0.6372672915458679,False
2013-05-14,127084.69261994031,TQQQ,175530.06282220702,0.0,0.6372672915458679,False
2013-05-15,128023.26469326387,TQQQ,175530.06282220702,0.0,0.6372672915458679,False
2013-05-16,127553.91065095633,TQQQ,175530.06282220702,0.0,0.6372672915458679,False
2013-05-17,131151.6813349035,TQQQ,175530.06282220702,0.0,0.6372672915458679,False
2013-05-20,130560.7227355477,TQQQ,175530.06282220702,0.0,0.6372672915458679,False
2013-05-21,131047.42344873075,TQQQ,175530.06282220702,0.0,0.6372672915458679,False
2013-05-22,127849.38995063421,TQQQ,175530.06282220702,0.0,0.6372672915458679,False
2013-05-23,126459.01975401943,TQQQ,175530.06282220702,0.0,0.6372672915458679,False
2013-05-24,126389.44474719066,TQQQ,175530.06282220702,0.0,0.6372672915458679,False
2013-05-28,128996.48825871029,TQQQ,175530.06282220702,0.0,0.6372672915458679,False
2013-05-29,127049.84234208368,TQQQ,175530.06282220702,0.0,0.6372672915458679,False
2013-05-30,129118.1346653867,TQQQ,175530.06282220702,0.0,0.6372672915458679,False
2013-05-31,125433.53646539863,TQQQ,175530.06282220702,0.0,0.6372672915458679,False
2013-06-03,126163.5299919345,TQQQ,175530.06282220702,0.0,0.7145985960960388,False
2013-06-04,124269.11241126114,TQQQ,175530.06282220702,0.0,0.7145985960960388,False
2013-06-05,119506.8444363272,TQQQ,175530.06282220702,0.0,0.7145985960960388,False
2013-06-06,120966.78963977075,TQQQ,175530.06282220702,0.0,0.7145985960960388,False
2013-06-07,126024.52645197556,TQQQ,175530.06282220702,0.0,0.7145985960960388,False
2013-06-10,126076.60831423022,TQQQ,175530.06282220702,0.0,0.7145985960960388,False
2013-06-11,122426.7348432143,TQQQ,175530.06282220702,0.0,0.7145985960960388,False
2013-06-12,118185.89231043555,TQQQ,175530.06282220702,0.0,0.7145985960960388,False
2013-06-13,122426.7348432143,TQQQ,175530.06282220702,0.0,0.7145985960960388,False
2013-06-14,120271.51037979998,TQQQ,175530.06282220702,0.0,0.7145985960960388,False
2013-06-17,123608.53695544842,TQQQ,175530.06282220702,0.0,0.7145985960960388,False
2013-06-18,126528.41689992849,TQQQ,175530.06282220702,0.0,0.7145985960960388,False
2013-06-19,122548.36032507662,TQQQ,175530.06282220702,0.0,0.7145985960960388,False
2013-06-20,115398.85354816675,CASH,0.0,115398.85354816675,,False
2013-06-21,115398.85354816675,CASH,0.0,115398.85354816675,,False
2013-06-24,115398.85354816675,CASH,0.0,115398.85354816675,,False
2013-06-25,115398.85354816675,CASH,0.0,115398.85354816675,,False
2013-06-26,115398.85354816675,CASH,0.0,115398.85354816675,,False
2013-06-27,115398.85354816675,CASH,0.0,115398.85354816675,,False
2013-06-28,115398.85354816675,CASH,0.0,115398.85354816675,,False
2013-07-01,115398.85354816675,TECL,87685.19948098982,0.0,1.3160585165023804,False
2013-07-02,116414.6340721779,TECL,87685.19948098982,0.0,1.3160585165023804,False
2013-07-03,118107.56328493194,TECL,87685.19948098982,0.0,1.3160585165023804,False
2013-07-05,120477.68299799018,TECL,87685.19948098982,0.0,1.3160585165023804,False
2013-07-08,120059.44194993627,TECL,87685.19948098982,0.0,1.3160585165023804,False
2013-07-09,121493.47397489166,TECL,87685.19948098982,0.0,1.3160585165023804,False
2013-07-10,122529.15680209923,TECL,87685.19948098982,0.0,1.3160585165023804,False
2013-07-11,128922.48947590592,TECL,87685.19948098982,0.0,1.3160585165023804,False
2013-07-12,128962.33589386007,TECL,87685.19948098982,0.0,1.3160585165023804,False
2013-07-15,129798.84934863888,TECL,87685.19948098982,0.0,1.3160585165023804,False
2013-07-16,130316.65417712649,TECL,87685.19948098982,0.0,1.3160585165023804,False
2013-07-17,130695.10107167791,TECL,87685.19948098982,0.0,1.3160585165023804,False
2013-07-18,129599.6695233198,TECL,87685.19948098982,0.0,1.3160585165023804,False
2013-07-19,123146.5776754722,TECL,87685.19948098982,0.0,1.3160585165023804,False
2013-07-22,124361.50666613145,TECL,87685.19948098982,0.0,1.3160585165023804,False
2013-07-23,122768.16213959179,TECL,87685.19948098982,0.0,1.3160585165023804,False
2013-07-24,125078.52267860914,TECL,87685.19948098982,0.0,1.3160585165023804,False
2013-07-25,125138.25049397902,TECL,87685.19948098982,0.0,1.3160585165023804,False
2013-07-26,125775.61548210976,TECL,87685.19948098982,0.0,1.3160585165023804,False
2013-07-29,125596.36931865808,TECL,87685.19948098982,0.0,1.3160585165023804,False
2013-07-30,127368.96000864942,TECL,87685.19948098982,0.0,1.3160585165023804,False
2013-07-31,126333.30854011285,TECL,87685.19948098982,0.0,1.3160585165023804,False
2013-08-01,130296.75187393009,TECL,87685.19948098982,0.0,1.4407597780227661,False
2013-08-02,131810.4558290131,TECL,87685.19948098982,0.0,1.4407597780227661,False
2013-08-05,132866.04095941706,TECL,87685.19948098982,0.0,1.4407597780227661,False
2013-08-06,130894.28089699699,TECL,87685.19948098982,0.0,1.4407597780227661,False
2013-08-07,129719.17741851124,TECL,87685.19948098982,0.0,1.4407597780227661,False
2013-08-08,131133.2653287089,TECL,87685.19948098982,0.0,1.4407597780227661,False
2013-08-09,129002.16140603356,TECL,87685.19948098982,0.0,1.4407597780227661,False
2013-08-12,131511.69131747965,TECL,87685.19948098982,0.0,1.4407597780227661,False
2013-08-13,134100.91406483404,TECL,87685.19948098982,0.0,1.4407597780227661,False
2013-08-14,134021.2107760354,TECL,87685.19948098982,0.0,1.4407597780227661,False
2013-08-15,127329.1554022566,TECL,87685.19948098982,0.0,1.4407597780227661,False
2013-08-16,127010.46768174607,TECL,87685.19948098982,0.0,1.4407597780227661,False
2013-08-19,125954.8825513421,TECL,87685.19948098982,0.0,1.4407597780227661,False
2013-08-20,126492.61058880678,TECL,87685.19948098982,0.0,1.4407597780227661,False
2013-08-21,125277.68159814755,TECL,87685.19948098982,0.0,1.4407597780227661,False
2013-08-22,127169.801089111,TECL,87685.19948098982,0.0,1.4407597780227661,False
2013-08-23,129978.09551209056,TECL,87685.19948098982,0.0,1.4407597780227661,False
2013-08-26,128225.3966724053,TECL,87685.19948098982,0.0,1.4407597780227661,False
2013-08-27,121334.14056752673,TECL,87685.19948098982,0.0,1.4407597780227661,False
2013-08-28,121652.79692936626,TECL,87685.19948098982,0.0,1.4407597780227661,False
2013-08-29,123525.00366424296,TECL,87685.19948098982,0.0,1.4407597780227661,False
2013-08-30,121851.95584890468,TECL,87685.19948098982,0.0,1.4407597780227661,False
2013-09-03,122051.1461271141,TQQQ,154679.47477030545,0.0,0.7890584468841553,False
2013-09-04,126033.30996056624,TQQQ,154679.47477030545,0.0,0.7890584468841553,False
2013-09-05,126584.71670332155,TQQQ,154679.47477030545,0.0,0.7890584468841553,False
2013-09-06,127044.16700459344,TQQQ,154679.47477030545,0.0,0.7890584468841553,False
2013-09-09,131516.26118699586,TQQQ,154679.47477030545,0.0,0.7890584468841553,False
2013-09-10,133507.34771352948,TQQQ,154679.47477030545,0.0,0.7890584468841553,False
2013-09-11,132833.5137012275,TQQQ,154679.47477030545,0.0,0.7890584468841553,False
2013-09-12,132236.12873773047,TQQQ,154679.47477030545,0.0,0.7890584468841553,False
2013-09-13,132665.04367363307,TQQQ,154679.47477030545,0.0,0.7890584468841553,False
2013-09-16,131547.01782312867,TQQQ,154679.47477030545,0.0,0.7890584468841553,False
2013-09-17,134181.20938467694,TQQQ,154679.47477030545,0.0,0.7890584468841553,False
2013-09-18,139112.94748026933,TQQQ,154679.47477030545,0.0,0.7890584468841553,False
2013-09-19,139970.53764208072,TQQQ,154679.47477030545,0.0,0.7890584468841553,False
2013-09-20,138439.0673698916,TQQQ,154679.47477030545,0.0,0.7890584468841553,False
2013-09-23,137657.89859803976,TQQQ,154679.47477030545,0.0,0.7890584468841553,False
2013-09-24,137688.47084186962,TQQQ,154679.47477030545,0.0,0.7890584468841553,False
2013-09-25,136386.698061471,TQQQ,154679.47477030545,0.0,0.7890584468841553,False
2013-09-26,139511.08734080882,TQQQ,154679.47477030545,0.0,0.7890584468841553,False
2013-09-27,138852.52101119145,TQQQ,154679.47477030545,0.0,0.7890584468841553,False
2013-09-30,137979.62628823487,TQQQ,154679.47477030545,0.0,0.7890584468841553,False
2013-10-01,142114.88183121503,TECL,92746.28042326838,0.0,1.5322973728179932,False
2013-10-02,142241.28757386972,TECL,92746.28042326838,0.0,1.5322973728179932,False
2013-10-03,138386.10590671957,TECL,92746.28042326838,0.0,1.5322973728179932,False
2013-10-04,140387.45830000084,TECL,92746.28042326838,0.0,1.5322973728179932,False
2013-10-07,138006.93290362824,TECL,92746.28042326838,0.0,1.5322973728179932,False
2013-10-08,131307.77128569284,TECL,92746.28042326838,0.0,1.5322973728179932,False
2013-10-09,130745.69128471782,CASH,0.0,130745.69128471782,,False
2013-10-10,130745.69128471782,CASH,0.0,130745.69128471782,,False
2013-10-11,130745.69128471782,CASH,0.0,130745.69128471782,,False
2013-10-14,130745.69128471782,CASH,0.0,130745.69128471782,,False
2013-10-15,130745.69128471782,CASH,0.0,130745.69128471782,,False
2013-10-16,130745.69128471782,CASH,0.0,130745.69128471782,,False
2013-10-17,130745.69128471782,CASH,0.0,130745.69128471782,,False
2013-10-18,130745.69128471782,CASH,0.0,130745.69128471782,,False
2013-10-21,130745.69128471782,CASH,0.0,130745.69128471782,,False
2013-10-22,130745.69128471782,CASH,0.0,130745.69128471782,,False
2013-10-23,130745.69128471782,CASH,0.0,130745.69128471782,,False
2013-10-24,130745.69128471782,CASH,0.0,130745.69128471782,,False
2013-10-25,130745.69128471782,CASH,0.0,130745.69128471782,,False
2013-10-28,130745.69128471782,CASH,0.0,130745.69128471782,,False
2013-10-29,130745.69128471782,CASH,0.0,130745.69128471782,,False
2013-10-30,130745.69128471782,CASH,0.0,130745.69128471782,,False
2013-10-31,130745.69128471782,CASH,0.0,130745.69128471782,,False
2013-11-01,130745.69128471783,TECL,75838.3383019749,0.0,1.7240052223205566,False
2013-11-04,131934.2906150925,TECL,75838.3383019749,0.0,1.7240052223205566,False
2013-11-05,130952.41443158712,TECL,75838.3383019749,0.0,1.7240052223205566,False
2013-11-06,134655.9916914196,TECL,75838.3383019749,0.0,1.7240052223205566,False
2013-11-07,129436.51701295438,TECL,75838.3383019749,0.0,1.7240052223205566,False
2013-11-08,133088.41800638675,TECL,75838.3383019749,0.0,1.7240052223205566,False
2013-11-11,133277.90970403305,TECL,75838.3383019749,0.0,1.7240052223205566,False
2013-11-12,134535.41675003082,TECL,75838.3383019749,0.0,1.7240052223205566,False
2013-11-13,137963.4264318119,TECL,75838.3383019749,0.0,1.7240052223205566,False
2013-11-14,136774.8180608028,TECL,75838.3383019749,0.0,1.7240052223205566,False
2013-11-15,138118.44619037778,TECL,75838.3383019749,0.0,1.7240052223205566,False
2013-11-18,135861.82247101725,TECL,75838.3383019749,0.0,1.7240052223205566,False
2013-11-19,134828.27002111176,TECL,75838.3383019749,0.0,1.7240052223205566,False
2013-11-20,133174.56621186726,TECL,75838.3383019749,0.0,1.7240052223205566,False
2013-11-21,136671.4384060993,TECL,75838.3383019749,0.0,1.7240052223205566,False
2013-11-22,135999.61078036015,TECL,75838.3383019749,0.0,1.7240052223205566,False
2013-11-25,135637.9040374627,TECL,75838.3383019749,0.0,1.7240052223205566,False
2013-11-26,137394.95133887298,TECL,75838.3383019749,0.0,1.7240052223205566,False
2013-11-27,140547.29399562394,TECL,75838.3383019749,0.0,1.7240052223205566,False
2013-11-29,142545.51830171508,TECL,75838.3383019749,0.0,1.7240052223205566,False
2013-12-02,140340.60701129236,TECL,75838.3383019749,0.0,1.8795970678329468,False
2013-12-03,142011.55131039428,TECL,75838.3383019749,0.0,1.8795970678329468,False
2013-12-04,142304.36841893752,TECL,75838.3383019749,0.0,1.8795970678329468,False
2013-12-05,140874.57400261317,TECL,75838.3383019749,0.0,1.8795970678329468,False
2013-12-06,144113.10102738236,TECL,75838.3383019749,0.0,1.8795970678329468,False
2013-12-09,145439.49770773438,TECL,75838.3383019749,0.0,1.8795970678329468,False
2013-12-10,144319.83321488608,TECL,75838.3383019749,0.0,1.8795970678329468,False
2013-12-11,140685.11846750457,TECL,75838.3383019749,0.0,1.8795970678329468,False
2013-12-12,137360.488440427,TECL,75838.3383019749,0.0,1.8795970678329468,False
2013-12-13,136481.9738303563,TECL,75838.3383019749,0.0,1.8795970678329468,False
2013-12-16,140116.67049646893,TECL,75838.3383019749,0.0,1.8795970678329468,False
2013-12-17,139686.02891604506,TECL,75838.3383019749,0.0,1.8795970678329468,False
2013-12-18,143492.9406274089,TECL,75838.3383019749,0.0,1.8795970678329468,False
2013-12-19,144095.86053752495,TECL,75838.3383019749,0.0,1.8795970678329468,False
2013-12-20,147162.10923260197,TECL,75838.3383019749,0.0,1.8795970678329468,False
2013-12-23,153070.68818920146,TECL,75838.3383019749,0.0,1.8795970678329468,False
2013-12-24,155017.19102572036,TECL,75838.3383019749,0.0,1.8795970678329468,False
2013-12-26,155947.4180647289,TECL,75838.3383019749,0.0,1.8795970678329468,False
2013-12-27,155206.66464209778,TECL,75838.3383019749,0.0,1.8795970678329468,False
2013-12-30,154448.6797702437,TECL,75838.3383019749,0.0,1.8795970678329468,False
2013-12-31,157273.82378571533,TECL,75838.3383019749,0.0,1.8795970678329468,False
2014-01-02,152450.53682986242,TECL,75838.3383019749,0.0,2.073803663253784,False
2014-01-03,150572.8693838912,TECL,75838.3383019749,0.0,2.073803663253784,False
2014-01-06,149883.85551210123,TECL,75838.3383019749,0.0,2.073803663253784,False
2014-01-07,153673.62618058635,TECL,75838.3383019749,0.0,2.073803663253784,False
2014-01-08,153880.25892111135,TECL,75838.3383019749,0.0,2.073803663253784,False
2014-01-09,150865.73169560658,TECL,75838.3383019749,0.0,2.073803663253784,False
2014-01-10,151589.18134393927,TECL,75838.3383019749,0.0,2.073803663253784,False
2014-01-13,146541.96691389737,TECL,75838.3383019749,0.0,2.073803663253784,False
2014-01-14,154224.79749922684,TECL,75838.3383019749,0.0,2.073803663253784,False
2014-01-15,159874.92279875037,TECL,75838.3383019749,0.0,2.073803663253784,False
2014-01-16,159857.70943079624,TECL,75838.3383019749,0.0,2.073803663253784,False
2014-01-17,157084.332088069,TECL,75838.3383019749,0.0,2.073803663253784,False
2014-01-21,158634.6200800723,TECL,75838.3383019749,0.0,2.073803663253784,False
2014-01-22,158720.7592449184,TECL,75838.3383019749,0.0,2.073803663253784,False
2014-01-23,157377.14015597783,TECL,75838.3383019749,0.0,2.073803663253784,False
2014-01-24,148591.86748638863,TECL,75838.3383019749,0.0,2.073803663253784,False
2014-01-27,144691.9178828581,CASH,0.0,144691.9178828581,,False
2014-01-28,144691.9178828581,CASH,0.0,144691.9178828581,,False
2014-01-29,144691.9178828581,CASH,0.0,144691.9178828581,,False
2014-01-30,144691.9178828581,CASH,0.0,144691.9178828581,,False
2014-01-31,144691.9178828581,CASH,0.0,144691.9178828581,,False
2014-02-03,144691.91788285808,TQQQ,134657.00599966967,0.0,1.0745220184326172,False
2014-02-04,147518.49875318268,TQQQ,134657.00599966967,0.0,1.0745220184326172,False
2014-02-05,146158.55835648207,TQQQ,134657.00599966967,0.0,1.0745220184326172,False
2014-02-06,151758.45834668266,TQQQ,134657.00599966967,0.0,1.0745220184326172,False
2014-02-07,159811.73774964944,TQQQ,134657.00599966967,0.0,1.0745220184326172,False
2014-02-10,162745.00264453137,TQQQ,134657.00599966967,0.0,1.0745220184326172,False
2014-02-11,168318.31991660575,TQQQ,134657.00599966967,0.0,1.0745220184326172,False
2014-02-12,169118.2735247595,TQQQ,134657.00599966967,0.0,1.0745220184326172,False
2014-02-13,173464.91714281682,TQQQ,134657.00599966967,0.0,1.0745220184326172,False
2014-02-14,173971.61007618307,TQQQ,134657.00599966967,0.0,1.0745220184326172,False
2014-02-18,176691.61928851245,TQQQ,134657.00599966967,0.0,1.0745220184326172,False
2014-02-19,172824.89325730293,TQQQ,134657.00599966967,0.0,1.0745220184326172,False
2014-02-20,175331.58257761574,TQQQ,134657.00599966967,0.0,1.0745220184326172,False
2014-02-21,174424.88073544056,TQQQ,134657.00599966967,0.0,1.0745220184326172,False
2014-02-24,177491.60500139827,TQQQ,134657.00599966967,0.0,1.0745220184326172,False
2014-02-25,176851.5971682504,TQQQ,134657.00599966967,0.0,1.0745220184326172,False
2014-02-26,176264.80292845305,TQQQ,134657.00599966967,0.0,1.0745220184326172,False
2014-02-27,179731.5682079517,TQQQ,134657.00599966967,0.0,1.0745220184326172,False
2014-02-28,178824.80215631248,TQQQ,134657.00599966967,0.0,1.0745220184326172,False
2014-03-03,174904.87858411844,TQQQ,134657.00599966967,0.0,1.3280022144317627,False
2014-03-04,181944.77212035272,TQQQ,134657.00599966967,0.0,1.3280022144317627,False
2014-03-05,183438.15583576311,TQQQ,134657.00599966967,0.0,1.3280022144317627,False
2014-03-06,182744.80599033658,TQQQ,134657.00599966967,0.0,1.3280022144317627,False
2014-03-07,180131.5450120286,TQQQ,134657.00599966967,0.0,1.3280022144317627,False
2014-03-10,180504.84278378313,TQQQ,134657.00599966967,0.0,1.3280022144317627,False
2014-03-11,178264.8153677656,TQQQ,134657.00599966967,0.0,1.3280022144317627,False
2014-03-12,180264.7796499801,TQQQ,134657.00599966967,0.0,1.3280022144317627,False
2014-03-13,172611.6375747504,TQQQ,134657.00599966967,0.0,1.3280022144317627,False
2014-03-14,169064.8994077488,TQQQ,134657.00599966967,0.0,1.3280022144317627,False
2014-03-17,173571.60116737415,TQQQ,134657.00599966967,0.0,1.3280022144317627,False
2014-03-18,179811.58925255272,TQQQ,134657.00599966967,0.0,1.3280022144317627,False
2014-03-19,176851.5971682504,TQQQ,134657.00599966967,0.0,1.3280022144317627,False
2014-03-20,178238.2487020054,TQQQ,134657.00599966967,0.0,1.3280022144317627,False
2014-03-21,171704.90362784322,TQQQ,134657.00599966967,0.0,1.3280022144317627,False
2014-03-24,164518.81798380747,CASH,0.0,164518.81798380747,,False
2014-03-25,164518.81798380747,CASH,0.0,164518.81798380747,,False
2014-03-26,164518.81798380747,CASH,0.0,164518.81798380747,,False
2014-03-27,164518.81798380747,CASH,0.0,164518.81798380747,,False
2014-03-28,164518.81798380747,CASH,0.0,164518.81798380747,,False
2014-03-31,164518.81798380747,CASH,0.0,164518.81798380747,,False
2014-04-01,164518.81798380747,TQQQ,128244.67156626118,0.0,1.2828510999679565,False
2014-04-02,165814.05949576135,TQQQ,128244.67156626118,0.0,1.2828510999679565,False
2014-04-03,161903.01810445558,TQQQ,128244.67156626118,0.0,1.2828510999679565,False
2014-04-04,151357.3125451029,CASH,0.0,151357.3125451029,,False
2014-04-07,151357.3125451029,CASH,0.0,151357.3125451029,,False
2014-04-08,151357.3125451029,CASH,0.0,151357.3125451029,,False
2014-04-09,151357.3125451029,CASH,0.0,151357.3125451029,,False
2014-04-10,151357.3125451029,CASH,0.0,151357.3125451029,,False
2014-04-11,151357.3125451029,CASH,0.0,151357.3125451029,,False
2014-04-14,151357.3125451029,CASH,0.0,151357.3125451029,,False
2014-04-15,151357.3125451029,CASH,0.0,151357.3125451029,,False
2014-04-16,151357.3125451029,CASH,0.0,151357.3125451029,,False
2014-04-17,151357.3125451029,CASH,0.0,151357.3125451029,,False
2014-04-21,151357.3125451029,CASH,0.0,151357.3125451029,,False
2014-04-22,151357.3125451029,CASH,0.0,151357.3125451029,,False
2014-04-23,151357.3125451029,CASH,0.0,151357.3125451029,,False
2014-04-24,151357.3125451029,CASH,0.0,151357.3125451029,,False
2014-04-25,151357.3125451029,CASH,0.0,151357.3125451029,,False
2014-04-28,151357.3125451029,CASH,0.0,151357.3125451029,,False
2014-04-29,151357.3125451029,CASH,0.0,151357.3125451029,,False
2014-04-30,151357.3125451029,CASH,0.0,151357.3125451029,,False
2014-05-01,151357.3125451029,TECL,69622.45618067654,0.0,2.1739726066589355,False
2014-05-02,150598.26034568436,TECL,69622.45618067654,0.0,2.1739726066589355,False
2014-05-05,152432.6807590447,TECL,69622.45618067654,0.0,2.1739726066589355,False
2014-05-06,147530.29711183353,TECL,69622.45618067654,0.0,2.1739726066589355,False
2014-05-07,148052.21189608207,TECL,69622.45618067654,0.0,2.1739726066589355,False
2014-05-08,148716.3659712862,TECL,69622.45618067654,0.0,2.1739726066589355,False
2014-05-09,149475.4513692789,TECL,69622.45618067654,0.0,2.1739726066589355,False
2014-05-12,155579.68979795222,TECL,69622.45618067654,0.0,2.1739726066589355,False
2014-05-13,155405.74586868114,TECL,69622.45618067654,0.0,2.1739726066589355,False
2014-05-14,153666.2235795352,TECL,69622.45618067654,0.0,2.1739726066589355,False
2014-05-15,150281.97752973525,TECL,69622.45618067654,0.0,2.1739726066589355,False
2014-05-16,153808.49606906495,TECL,69622.45618067654,0.0,2.1739726066589355,False
2014-05-19,156876.49250148996,TECL,69622.45618067654,0.0,2.1739726066589355,False
2014-05-20,153887.57507269576,TECL,69622.45618067654,0.0,2.1739726066589355,False
2014-05-21,157066.23895205752,TECL,69622.45618067654,0.0,2.1739726066589355,False
2014-05-22,158078.36388223915,TECL,69622.45618067654,0.0,2.1739726066589355,False
2014-05-23,161968.6225992687,TECL,69622.45618067654,0.0,2.1739726066589355,False
2014-05-27,166064.49668531062,TECL,69622.45618067654,0.0,2.1739726066589355,False
2014-05-28,165084.00999629614,TECL,69622.45618067654,0.0,2.1739726066589355,False
2014-05-29,167456.0979173403,TECL,69622.45618067654,0.0,2.1739726066589355,False
2014-05-30,168009.60114489478,TECL,69622.45618067654,0.0,2.1739726066589355,False
2014-06-02,167377.10191014485,TQQQ,124002.6912097966,0.0,1.3497860431671143,False
2014-06-03,167131.6127070588,TQQQ,124002.6912097966,0.0,1.3497860431671143,False
2014-06-04,168899.66121818713,TQQQ,124002.6912097966,0.0,1.3497860431671143,False
2014-06-05,173295.18479419927,TQQQ,124002.6912097966,0.0,1.3497860431671143,False
2014-06-06,176094.6220376524,TQQQ,124002.6912097966,0.0,1.3497860431671143,False
2014-06-09,175775.44320504967,TQQQ,124002.6912097966,0.0,1.3497860431671143,False
2014-06-10,176782.2933646568,TQQQ,124002.6912097966,0.0,1.3497860431671143,False
2014-06-11,176512.1325483986,TQQQ,124002.6912097966,0.0,1.3497860431671143,False
2014-06-12,171895.49573701815,TQQQ,124002.6912097966,0.0,1.3497860431671143,False
2014-06-13,173074.18981701278,TQQQ,124002.6912097966,0.0,1.3497860431671143,False
2014-06-16,173712.69530494546,TQQQ,124002.6912097966,0.0,1.3497860431671143,False
2014-06-17,173958.1992903042,TQQQ,124002.6912097966,0.0,1.3497860431671143,False
2014-06-18,177126.0403345227,TQQQ,124002.6912097966,0.0,1.3497860431671143,False
2014-06-19,176438.4577011546,TQQQ,124002.6912097966,0.0,1.3497860431671143,False
2014-06-20,177076.99275363272,TQQQ,124002.6912097966,0.0,1.3497860431671143,False
2014-06-23,177273.34568219248,TQQQ,124002.6912097966,0.0,1.3497860431671143,False
2014-06-24,176782.2933646568,TQQQ,124002.6912097966,0.0,1.3497860431671143,False
2014-06-25,180029.14565657172,TQQQ,124002.6912097966,0.0,1.3497860431671143,False
2014-06-26,180520.39014365277,TQQQ,124002.6912097966,0.0,1.3497860431671143,False
2014-06-27,182313.2728729532,TQQQ,124002.6912097966,0.0,1.3497860431671143,False
2014-06-30,183664.1508656079,TQQQ,124002.6912097966,0.0,1.3497860431671143,False
2014-07-01,189828.8464054752,TECL,72194.94794825776,0.0,2.629392385482788,False
2014-07-02,190222.34404061205,TECL,72194.94794825776,0.0,2.629392385482788,False
2014-07-03,192682.11305986907,TECL,72194.94794825776,0.0,2.629392385482788,False
2014-07-07,192829.72846247323,TECL,72194.94794825776,0.0,2.629392385482788,False
2014-07-08,187942.9804591692,TECL,72194.94794825776,0.0,2.629392385482788,False
2014-07-09,190337.16940800622,TECL,72194.94794825776,0.0,2.629392385482788,False
2014-07-10,189500.82556505685,TECL,72194.94794825776,0.0,2.629392385482788,False
2014-07-11,191616.25618306664,TECL,72194.94794825776,0.0,2.629392385482788,False
2014-07-14,196207.79059377924,TECL,72194.94794825776,0.0,2.629392385482788,False
2014-07-15,195650.22229427405,TECL,72194.94794825776,0.0,2.629392385482788,False
2014-07-16,200373.037334145,TECL,72194.94794825776,0.0,2.629392385482788,False
2014-07-17,192600.16379076944,TECL,72194.94794825776,0.0,2.629392385482788,False
2014-07-18,200110.66541461428,TECL,72194.94794825776,0.0,2.629392385482788,False
2014-07-21,198995.52881560387,TECL,72194.94794825776,0.0,2.629392385482788,False
2014-07-22,204144.6659510555,TECL,72194.94794825776,0.0,2.629392385482788,False
2014-07-23,205030.22066574523,TECL,72194.94794825776,0.0,2.629392385482788,False
2014-07-24,204062.66504410515,TECL,72194.94794825776,0.0,2.629392385482788,False
2014-07-25,203341.18099378378,TECL,72194.94794825776,0.0,2.629392385482788,False
2014-07-28,204817.00798010416,TECL,72194.94794825776,0.0,2.629392385482788,False
2014-07-29,203783.90671327792,TECL,72194.94794825776,0.0,2.629392385482788,False
2014-07-30,204390.61703405585,TECL,72194.94794825776,0.0,2.629392385482788,False
2014-07-31,192452.54838816528,TECL,72194.94794825776,0.0,2.629392385482788,False
2014-08-01,189386.0174102796,TQQQ,125532.49769081963,0.0,1.5086612701416016,False
2014-08-04,193264.74731087533,TQQQ,125532.49769081963,0.0,1.5086612701416016,False
2014-08-05,188739.51503882074,TQQQ,125532.49769081963,0.0,1.5086612701416016,False
2014-08-06,188416.38357021022,TQQQ,125532.49769081963,0.0,1.5086612701416016,False
2014-08-07,186601.33736559298,TQQQ,125532.49769081963,0.0,1.5086612701416016,False
2014-08-08,190579.47736881362,TQQQ,125532.49769081963,0.0,1.5086612701416016,False
2014-08-11,194035.48612249558,TQQQ,125532.49769081963,0.0,1.5086612701416016,False
2014-08-12,193587.9536026852,TQQQ,125532.49769081963,0.0,1.5086612701416016,False
2014-08-13,199878.51954572464,TQQQ,125532.49769081963,0.0,1.5086612701416016,False
2014-08-14,202961.5496154049,TQQQ,125532.49769081963,0.0,1.5086612701416016,False
2014-08-15,205721.43325183477,TQQQ,125532.49769081963,0.0,1.5086612701416016,False
2014-08-18,210694.16811442003,TQQQ,125532.49769081963,0.0,1.5086612701416016,False
2014-08-19,214324.1857004552,TQQQ,125532.49769081963,0.0,1.5086612701416016,False
2014-08-20,214324.1857004552,TQQQ,125532.49769081963,0.0,1.5086612701416016,False
2014-08-21,215542.57674900474,TQQQ,125532.49769081963,0.0,1.5086612701416016,False
2014-08-22,216387.89932571343,TQQQ,125532.49769081963,0.0,1.5086612701416016,False
2014-08-25,218799.66054495782,TQQQ,125532.49769081963,0.0,1.5086612701416016,False
2014-08-26,219545.5730190416,TQQQ,125532.49769081963,0.0,1.5086612701416016,False
2014-08-27,219570.47417977737,TQQQ,125532.49769081963,0.0,1.5086612701416016,False
2014-08-28,218675.40914015658,TQQQ,125532.49769081963,0.0,1.5086612701416016,False
2014-08-29,221236.30796029812,TQQQ,125532.49769081963,0.0,1.5086612701416016,False
2014-09-02,223076.22539637142,TQQQ,125532.49769081963,0.0,1.7623827457427979,False
2014-09-03,219247.17810012834,TQQQ,125532.49769081963,0.0,1.7623827457427979,False
2014-09-04,218551.05298287628,TQQQ,125532.49769081963,0.0,1.7623827457427979,False
2014-09-05,221932.44804219005,TQQQ,125532.49769081963,0.0,1.7623827457427979,False
2014-09-08,223051.32423563563,TQQQ,125532.49769081963,0.0,1.7623827457427979,False
2014-09-09,217631.13167643928,TQQQ,125532.49769081963,0.0,1.7623827457427979,False
2014-09-10,222678.36051627382,TQQQ,125532.49769081963,0.0,1.7623827457427979,False
2014-09-11,222504.33671928072,TQQQ,125532.49769081963,0.0,1.7623827457427979,False
2014-09-12,218998.60046732656,TQQQ,125532.49769081963,0.0,1.7623827457427979,False
2014-09-15,212409.72939321306,TQQQ,125532.49769081963,0.0,1.7623827457427979,False
2014-09-16,218153.262925978,TQQQ,125532.49769081963,0.0,1.7623827457427979,False
2014-09-17,219222.3517625919,TQQQ,125532.49769081963,0.0,1.7623827457427979,False
2014-09-18,223946.40423989628,TQQQ,125532.49769081963,0.0,1.7623827457427979,False
2014-09-19,223449.18911573323,TQQQ,125532.49769081963,0.0,1.7623827457427979,False
2014-09-22,217382.4343265186,TQQQ,125532.49769081963,0.0,1.7623827457427979,False
2014-09-23,215492.83428609264,TQQQ,125532.49769081963,0.0,1.7623827457427979,False
2014-09-24,222479.51038174427,TQQQ,125532.49769081963,0.0,1.7623827457427979,False
2014-09-25,208356.91583706476,TQQQ,125532.49769081963,0.0,1.7623827457427979,False
2014-09-26,215020.4155701863,TQQQ,125532.49769081963,0.0,1.7623827457427979,False
2014-09-29,214299.329433639,TQQQ,125532.49769081963,0.0,1.7623827457427979,False
2014-09-30,215095.02926455447,TQQQ,125532.49769081963,0.0,1.7623827457427979,False
2014-10-01,204801.48201611804,TQQQ,125532.49769081963,0.0,1.713460922241211,False
2014-10-02,197887.42692339013,CASH,0.0,197887.42692339013,,False
2014-10-03,197887.42692339013,CASH,0.0,197887.42692339013,,False
2014-10-06,197887.42692339013,CASH,0.0,197887.42692339013,,False
2014-10-07,197887.42692339013,CASH,0.0,197887.42692339013,,False
2014-10-08,197887.42692339013,CASH,0.0,197887.42692339013,,False
2014-10-09,197887.42692339013,CASH,0.0,197887.42692339013,,False
2014-10-10,197887.42692339013,CASH,0.0,197887.42692339013,,False
2014-10-13,197887.42692339013,CASH,0.0,197887.42692339013,,False
2014-10-14,197887.42692339013,CASH,0.0,197887.42692339013,,False
2014-10-15,197887.42692339013,CASH,0.0,197887.42692339013,,False
2014-10-16,197887.42692339013,CASH,0.0,197887.42692339013,,False
2014-10-17,197887.42692339013,CASH,0.0,197887.42692339013,,False
2014-10-20,197887.42692339013,CASH,0.0,197887.42692339013,,False
2014-10-21,197887.42692339013,CASH,0.0,197887.42692339013,,False
2014-10-22,197887.42692339013,CASH,0.0,197887.42692339013,,False
2014-10-23,197887.42692339013,CASH,0.0,197887.42692339013,,False
2014-10-24,197887.42692339013,CASH,0.0,197887.42692339013,,False
2014-10-27,197887.42692339013,CASH,0.0,197887.42692339013,,False
2014-10-28,197887.42692339013,CASH,0.0,197887.42692339013,,False
2014-10-29,197887.42692339013,CASH,0.0,197887.42692339013,,False
2014-10-30,197887.42692339013,CASH,0.0,197887.42692339013,,False
2014-10-31,197887.42692339013,CASH,0.0,197887.42692339013,,False
2014-11-03,197887.42692339013,TQQQ,107257.46310579003,0.0,1.8449758291244507,False
2014-11-04,195784.30757165074,TQQQ,107257.46310579003,0.0,1.8449758291244507,False
2014-11-05,195763.08266893082,TQQQ,107257.46310579003,0.0,1.8449758291244507,False
2014-11-06,197441.2948115204,TQQQ,107257.46310579003,0.0,1.8449758291244507,False
2014-11-07,196952.66174986694,TQQQ,107257.46310579003,0.0,1.8449758291244507,False
2014-11-10,198970.85591855465,TQQQ,107257.46310579003,0.0,1.8449758291244507,False
2014-11-11,200861.598382235,TQQQ,107257.46310579003,0.0,1.8449758291244507,False
2014-11-12,201966.30342446337,TQQQ,107257.46310579003,0.0,1.8449758291244507,False
2014-11-13,204558.04305177028,TQQQ,107257.46310579003,0.0,1.8449758291244507,False
2014-11-14,206448.69601284878,TQQQ,107257.46310579003,0.0,1.8449758291244507,False
2014-11-17,204515.52931590052,TQQQ,107257.46310579003,0.0,1.8449758291244507,False
2014-11-18,209104.2509952612,TQQQ,107257.46310579003,0.0,1.8449758291244507,False
2014-11-19,206448.69601284878,TQQQ,107257.46310579003,0.0,1.8449758291244507,False
2014-11-20,209189.12503396897,TQQQ,107257.46310579003,0.0,1.8449758291244507,False
2014-11-21,210697.53795479913,TQQQ,107257.46310579003,0.0,1.8449758291244507,False
2014-11-24,215456.23786112288,TQQQ,107257.46310579003,0.0,1.8449758291244507,False
2014-11-25,216157.27338300736,TQQQ,107257.46310579003,0.0,1.8449758291244507,False
2014-11-26,220575.9401188891,TQQQ,107257.46310579003,0.0,1.8449758291244507,False
2014-11-28,223868.81755676828,TQQQ,107257.46310579003,0.0,1.8449758291244507,False
2014-12-01,215604.91446885018,TECL,65300.567281422416,0.0,3.3017311096191406,False
2014-12-02,215189.6460402629,TECL,65300.567281422416,0.0,3.3017311096191406,False
2014-12-03,217444.15831392154,TECL,65300.567281422416,0.0,3.3017311096191406,False
2014-12-04,217740.77639593123,TECL,65300.567281422416,0.0,3.3017311096191406,False
2014-12-05,216954.64195162102,TECL,65300.567281422416,0.0,3.3017311096191406,False
2014-12-08,210487.7387815233,TECL,65300.567281422416,0.0,3.3017311096191406,False
2014-12-09,210784.32572579608,TECL,65300.567281422416,0.0,3.3017311096191406,False
2014-12-10,200891.10382809563,TECL,65300.567281422416,0.0,3.3017311096191406,False
2014-12-11,203219.77062225668,TECL,65300.567281422416,0.0,3.3017311096191406,False
2014-12-12,198356.5213113422,CASH,0.0,198356.5213113422,,False
2014-12-15,198356.5213113422,CASH,0.0,198356.5213113422,,False
2014-12-16,198356.5213113422,CASH,0.0,198356.5213113422,,False
2014-12-17,198356.5213113422,CASH,0.0,198356.5213113422,,False
2014-12-18,198356.5213113422,CASH,0.0,198356.5213113422,,False
2014-12-19,198356.5213113422,CASH,0.0,198356.5213113422,,False
2014-12-22,198356.5213113422,CASH,0.0,198356.5213113422,,False
2014-12-23,198356.5213113422,CASH,0.0,198356.5213113422,,False
2014-12-24,198356.5213113422,CASH,0.0,198356.5213113422,,False
2014-12-26,198356.5213113422,CASH,0.0,198356.5213113422,,False
2014-12-29,198356.5213113422,CASH,0.0,198356.5213113422,,False
2014-12-30,198356.5213113422,CASH,0.0,198356.5213113422,,False
2014-12-31,198356.5213113422,CASH,0.0,198356.5213113422,,False
2015-01-02,198356.5213113422,TECL,62911.34914054587,0.0,3.1529529094696045,False
2015-01-05,189411.1278649134,TECL,62911.34914054587,0.0,3.1529529094696045,False
2015-01-06,182487.99960643484,CASH,0.0,182487.99960643484,,False
2015-01-07,182487.99960643484,CASH,0.0,182487.99960643484,,False
2015-01-08,182487.99960643484,CASH,0.0,182487.99960643484,,False
2015-01-09,182487.99960643484,CASH,0.0,182487.99960643484,,False
2015-01-12,182487.99960643484,CASH,0.0,182487.99960643484,,False
2015-01-13,182487.99960643484,CASH,0.0,182487.99960643484,,False
2015-01-14,182487.99960643484,CASH,0.0,182487.99960643484,,False
2015-01-15,182487.99960643484,CASH,0.0,182487.99960643484,,False
2015-01-16,182487.99960643484,CASH,0.0,182487.99960643484,,False
2015-01-20,182487.99960643484,CASH,0.0,182487.99960643484,,False
2015-01-21,182487.99960643484,CASH,0.0,182487.99960643484,,False
2015-01-22,182487.99960643484,CASH,0.0,182487.99960643484,,False
2015-01-23,182487.99960643484,CASH,0.0,182487.99960643484,,False
2015-01-26,182487.99960643484,CASH,0.0,182487.99960643484,,False
2015-01-27,182487.99960643484,CASH,0.0,182487.99960643484,,False
2015-01-28,182487.99960643484,CASH,0.0,182487.99960643484,,False
2015-01-29,182487.99960643484,CASH,0.0,182487.99960643484,,False
2015-01-30,182487.99960643484,CASH,0.0,182487.99960643484,,False
2015-02-02,182487.99960643484,TECL,62992.82626244814,0.0,2.8969647884368896,False
2015-02-03,188840.89284188356,TECL,62992.82626244814,0.0,2.8969647884368896,False
2015-02-04,189756.61058739605,TECL,62992.82626244814,0.0,2.8969647884368896,False
2015-02-05,194878.99496098477,TECL,62992.82626244814,0.0,2.8969647884368896,False
2015-02-06,193262.11604859246,TECL,62992.82626244814,0.0,2.8969647884368896,False
2015-02-09,192446.57276615434,TECL,62992.82626244814,0.0,2.8969647884368896,False
2015-02-10,200630.91651128815,TECL,62992.82626244814,0.0,2.8969647884368896,False
2015-02-11,202805.7686848705,TECL,62992.82626244814,0.0,2.8969647884368896,False
2015-02-12,211691.16846626322,TECL,62992.82626244814,0.0,2.8969647884368896,False
2015-02-13,215697.56126149144,TECL,62992.82626244814,0.0,2.8969647884368896,False
2015-02-17,215740.45455482582,TECL,62992.82626244814,0.0,2.8969647884368896,False
2015-02-18,216455.86843017003,TECL,62992.82626244814,0.0,2.8969647884368896,False
2015-02-19,218387.49340292945,TECL,62992.82626244814,0.0,2.8969647884368896,False
2015-02-20,222079.03500716964,TECL,62992.82626244814,0.0,2.8969647884368896,False
2015-02-23,222665.70892787018,TECL,62992.82626244814,0.0,2.8969647884368896,False
2015-02-24,224325.4510962766,TECL,62992.82626244814,0.0,2.8969647884368896,False
2015-02-25,220562.3455765118,TECL,62992.82626244814,0.0,2.8969647884368896,False
2015-02-26,225098.10108538036,TECL,62992.82626244814,0.0,2.8969647884368896,False
2015-02-27,222179.19445158384,TECL,62992.82626244814,0.0,2.8969647884368896,False
2015-03-02,227931.08596456697,TQQQ,100664.4469091912,0.0,2.264266014099121,False
2015-03-03,224660.6645734308,TQQQ,100664.4469091912,0.0,2.264266014099121,False
2015-03-04,222168.04407498942,TQQQ,100664.4469091912,0.0,2.264266014099121,False
2015-03-05,223145.19124683505,TQQQ,100664.4469091912,0.0,2.264266014099121,False
2015-03-06,215467.69546906714,TQQQ,100664.4469091912,0.0,2.264266014099121,False
2015-03-09,217541.5831800843,TQQQ,100664.4469091912,0.0,2.264266014099121,False
2015-03-10,209696.5990874016,CASH,0.0,209696.5990874016,,False
2015-03-11,209696.5990874016,CASH,0.0,209696.5990874016,,False
2015-03-12,209696.5990874016,CASH,0.0,209696.5990874016,,False
2015-03-13,209696.5990874016,CASH,0.0,209696.5990874016,,False
2015-03-16,209696.5990874016,CASH,0.0,209696.5990874016,,False
2015-03-17,209696.5990874016,CASH,0.0,209696.5990874016,,False
2015-03-18,209696.5990874016,CASH,0.0,209696.5990874016,,False
2015-03-19,209696.5990874016,CASH,0.0,209696.5990874016,,False
2015-03-20,209696.5990874016,CASH,0.0,209696.5990874016,,False
2015-03-23,209696.5990874016,CASH,0.0,209696.5990874016,,False
2015-03-24,209696.5990874016,CASH,0.0,209696.5990874016,,False
2015-03-25,209696.5990874016,CASH,0.0,209696.5990874016,,False
2015-03-26,209696.5990874016,CASH,0.0,209696.5990874016,,False
2015-03-27,209696.5990874016,CASH,0.0,209696.5990874016,,False
2015-03-30,209696.5990874016,CASH,0.0,209696.5990874016,,False
2015-03-31,209696.5990874016,CASH,0.0,209696.5990874016,,False
2015-04-01,209696.5990874016,TQQQ,104537.4266735181,0.0,2.0059475898742676,False
2015-04-02,210048.72062271318,TQQQ,104537.4266735181,0.0,2.0059475898742676,False
2015-04-06,215102.14318879705,TQQQ,104537.4266735181,0.0,2.0059475898742676,False
2015-04-07,214108.0628210237,TQQQ,104537.4266735181,0.0,2.0059475898742676,False
2015-04-08,219202.8586705601,TQQQ,104537.4266735181,0.0,2.0059475898742676,False
2015-04-09,223282.91243426158,TQQQ,104537.4266735181,0.0,2.0059475898742676,False
2015-04-10,225954.60467504043,TQQQ,104537.4266735181,0.0,2.0059475898742676,False
2015-04-13,224277.09249669386,TQQQ,104537.4266735181,0.0,2.0059475898742676,False
2015-04-14,222350.91691533173,TQQQ,104537.4266735181,0.0,2.0059475898742676,False
2015-04-15,226285.96479763158,TQQQ,104537.4266735181,0.0,2.0059475898742676,False
2015-04-16,225498.87546544446,TQQQ,104537.4266735181,0.0,2.0059475898742676,False
2015-04-17,214957.16223106012,TQQQ,104537.4266735181,0.0,2.0059475898742676,False
2015-04-20,224566.97964117353,TQQQ,104537.4266735181,0.0,2.0059475898742676,False
2015-04-21,227445.7875358623,TQQQ,104537.4266735181,0.0,2.0059475898742676,False
2015-04-22,231132.27170980553,TQQQ,104537.4266735181,0.0,2.0059475898742676,False
2015-04-23,233907.5716248688,TQQQ,104537.4266735181,0.0,2.0059475898742676,False
2015-04-24,243061.70967271572,TQQQ,104537.4266735181,0.0,2.0059475898742676,False
2015-04-27,241508.31734472667,TQQQ,104537.4266735181,0.0,2.0059475898742676,False
2015-04-28,239934.38791699978,TQQQ,104537.4266735181,0.0,2.0059475898742676,False
2015-04-29,235357.28150757923,TQQQ,104537.4266735181,0.0,2.0059475898742676,False
2015-04-30,224297.65452009646,TQQQ,104537.4266735181,0.0,2.0059475898742676,False
2015-05-01,233369.09584836778,TQQQ,104537.4266735181,0.0,2.145620584487915,False
2015-05-04,234197.40892201904,TQQQ,104537.4266735181,0.0,2.145620584487915,False
2015-05-05,223096.5332694074,TQQQ,104537.4266735181,0.0,2.145620584487915,False
2015-05-06,218333.02277146792,TQQQ,104537.4266735181,0.0,2.145620584487915,False
2015-05-07,222081.6167179194,TQQQ,104537.4266735181,0.0,2.145620584487915,False
2015-05-08,230220.91298527247,TQQQ,104537.4266735181,0.0,2.145620584487915,False
2015-05-11,227694.27647322475,TQQQ,104537.4266735181,0.0,2.145620584487915,False
2015-05-12,224753.30895869827,TQQQ,104537.4266735181,0.0,2.145620584487915,False
2015-05-13,225913.13169692902,TQQQ,104537.4266735181,0.0,2.145620584487915,False
2015-05-14,235916.44392580652,TQQQ,104537.4266735181,0.0,2.145620584487915,False
2015-05-15,235895.73236041554,TQQQ,104537.4266735181,0.0,2.145620584487915,False
2015-05-18,238795.2518204953,TQQQ,104537.4266735181,0.0,2.145620584487915,False
2015-05-19,238111.72031526314,TQQQ,104537.4266735181,0.0,2.145620584487915,False
2015-05-20,238505.33975235088,TQQQ,104537.4266735181,0.0,2.145620584487915,False
2015-05-21,242253.9586224671,TQQQ,104537.4266735181,0.0,2.145620584487915,False
2015-05-22,241591.16360629065,TQQQ,104537.4266735181,0.0,2.145620584487915,False
2015-05-26,233224.08996696613,TQQQ,104537.4266735181,0.0,2.145620584487915,False
2015-05-27,244449.25993558843,TQQQ,104537.4266735181,0.0,2.145620584487915,False
2015-05-28,242647.40359390172,TQQQ,104537.4266735181,0.0,2.145620584487915,False
2015-05-29,238546.68811213868,TQQQ,104537.4266735181,0.0,2.145620584487915,False
2015-06-01,240638.50636929926,TECL,66967.16188862297,0.0,3.5933806896209717,False
2015-06-02,239178.30015685354,TECL,66967.16188862297,0.0,3.5933806896209717,False
2015-06-03,240638.50636929926,TECL,66967.16188862297,0.0,3.5933806896209717,False
2015-06-04,234249.8806628311,TECL,66967.16188862297,0.0,3.5933806896209717,False
2015-06-05,231876.98170274447,TECL,66967.16188862297,0.0,3.5933806896209717,False
2015-06-08,224393.1374720797,TECL,66967.16188862297,0.0,3.5933806896209717,False
2015-06-09,221387.42585975534,CASH,0.0,221387.42585975534,,False
2015-06-10,221387.42585975534,CASH,0.0,221387.42585975534,,False
2015-06-11,221387.42585975534,CASH,0.0,221387.42585975534,,False
2015-06-12,221387.42585975534,CASH,0.0,221387.42585975534,,False
2015-06-15,221387.42585975534,CASH,0.0,221387.42585975534,,False
2015-06-16,221387.42585975534,CASH,0.0,221387.42585975534,,False
2015-06-17,221387.42585975534,CASH,0.0,221387.42585975534,,False
2015-06-18,221387.42585975534,CASH,0.0,221387.42585975534,,False
2015-06-19,221387.42585975534,CASH,0.0,221387.42585975534,,False
2015-06-22,221387.42585975534,CASH,0.0,221387.42585975534,,False
2015-06-23,221387.42585975534,CASH,0.0,221387.42585975534,,False
2015-06-24,221387.42585975534,CASH,0.0,221387.42585975534,,False
2015-06-25,221387.42585975534,CASH,0.0,221387.42585975534,,False
2015-06-26,221387.42585975534,CASH,0.0,221387.42585975534,,False
2015-06-29,221387.42585975534,CASH,0.0,221387.42585975534,,False
2015-06-30,221387.42585975534,CASH,0.0,221387.42585975534,,False
2015-07-01,221387.42585975534,TECL,69282.52413604099,0.0,3.195429563522339,False
2015-07-02,221576.19631745864,TECL,69282.52413604099,0.0,3.195429563522339,False
2015-07-06,219310.0753582484,TECL,69282.52413604099,0.0,3.195429563522339,False
2015-07-07,220128.40553370147,TECL,69282.52413604099,0.0,3.195429563522339,False
2015-07-08,209427.27786419532,TECL,69282.52413604099,0.0,3.195429563522339,False
2015-07-09,206972.32037431796,TECL,69282.52413604099,0.0,3.195429563522339,False
2015-07-10,216729.24887224758,TECL,69282.52413604099,0.0,3.195429563522339,False
2015-07-13,226611.99681157776,TECL,69282.52413604099,0.0,3.195429563522339,False
2015-07-14,229192.88937054243,TECL,69282.52413604099,0.0,3.195429563522339,False
2015-07-15,229318.7583666659,TECL,69282.52413604099,0.0,3.195429563522339,False
2015-07-16,238005.6186968955,TECL,69282.52413604099,0.0,3.195429563522339,False
2015-07-17,248580.81129731433,TECL,69282.52413604099,0.0,3.195429563522339,False
2015-07-20,252168.85404415824,TECL,69282.52413604099,0.0,3.195429563522339,False
2015-07-21,248077.23620337472,TECL,69282.52413604099,0.0,3.195429563522339,False
2015-07-22,236054.2197827168,TECL,69282.52413604099,0.0,3.195429563522339,False
2015-07-23,234102.8208685381,TECL,69282.52413604099,0.0,3.195429563522339,False
2015-07-24,230451.86014187342,TECL,69282.52413604099,0.0,3.195429563522339,False
2015-07-27,224408.89294163405,TECL,69282.52413604099,0.0,3.195429563522339,False
2015-07-28,230200.0725949036,TECL,69282.52413604099,0.0,3.195429563522339,False
2015-07-29,234984.1020602939,TECL,69282.52413604099,0.0,3.195429563522339,False
2015-07-30,235865.35021556774,TECL,69282.52413604099,0.0,3.195429563522339,False
2015-07-31,233851.01680332734,TECL,69282.52413604099,0.0,3.195429563522339,False
2015-08-03,230200.0725949036,TECL,69282.52413604099,0.0,3.3753247261047363,False
2015-08-04,225919.61822345294,TECL,69282.52413604099,0.0,3.3753247261047363,False
2015-08-05,231836.73294580978,TECL,69282.52413604099,0.0,3.3753247261047363,False
2015-08-06,225730.76517454485,TECL,69282.52413604099,0.0,3.3753247261047363,False
2015-08-07,225730.76517454485,TECL,69282.52413604099,0.0,3.3753247261047363,False
2015-08-10,236557.72880369256,TECL,69282.52413604099,0.0,3.3753247261047363,False
2015-08-11,226045.50373781737,TECL,69282.52413604099,0.0,3.3753247261047363,False
2015-08-12,215142.93545906115,CASH,0.0,215142.93545906115,,False
2015-08-13,215142.93545906115,CASH,0.0,215142.93545906115,,False
2015-08-14,215142.93545906115,CASH,0.0,215142.93545906115,,False
2015-08-17,215142.93545906115,CASH,0.0,215142.93545906115,,False
2015-08-18,215142.93545906115,CASH,0.0,215142.93545906115,,False
2015-08-19,215142.93545906115,CASH,0.0,215142.93545906115,,False
2015-08-20,215142.93545906115,CASH,0.0,215142.93545906115,,False
2015-08-21,215142.93545906115,CASH,0.0,215142.93545906115,,False
2015-08-24,215142.93545906115,CASH,0.0,215142.93545906115,,False
2015-08-25,215142.93545906115,CASH,0.0,215142.93545906115,,False
2015-08-26,215142.93545906115,CASH,0.0,215142.93545906115,,False
2015-08-27,215142.93545906115,CASH,0.0,215142.93545906115,,False
2015-08-28,215142.93545906115,CASH,0.0,215142.93545906115,,False
2015-08-31,215142.93545906115,CASH,0.0,215142.93545906115,,False
2015-09-01,215142.93545906115,IEF,2573.454889584657,0.0,83.60081862316389,False
2015-09-02,214558.10930049504,IEF,2573.454889584657,0.0,83.60081862316389,False
2015-09-03,215082.51814250735,IEF,2573.454889584657,0.0,83.60081862316389,False
2015-09-04,215748.1779576362,IEF,2573.454889584657,0.0,83.60081862316389,False
2015-09-08,214800.1944184469,IEF,2573.454889584657,0.0,83.60081862316389,False
2015-09-09,214880.86965530048,IEF,2573.454889584657,0.0,83.60081862316389,False
2015-09-10,214396.71922186055,IEF,2573.454889584657,0.0,83.60081862316389,False
2015-09-11,214961.42607737234,IEF,2573.454889584657,0.0,83.60081862316389,False
2015-09-14,215163.1339719701,IEF,2573.454889584657,0.0,83.60081862316389,False
2015-09-15,213469.0728128255,IEF,2573.454889584657,0.0,83.60081862316389,False
2015-09-16,213408.47727409893,IEF,2573.454889584657,0.0,83.60081862316389,False
2015-09-17,215183.33248487895,IEF,2573.454889584657,0.0,83.60081862316389,False
2015-09-18,216191.81255047664,IEF,2573.454889584657,0.0,83.60081862316389,False
2015-09-21,214961.42607737234,IEF,2573.454889584657,0.0,83.60081862316389,False
2015-09-22,216030.42247184212,IEF,2573.454889584657,0.0,83.60081862316389,False
2015-09-23,215788.41656374483,IEF,2573.454889584657,0.0,83.60081862316389,False
2015-09-24,216111.07790623212,IEF,2573.454889584657,0.0,83.60081862316389,False
2015-09-25,215546.43045811116,IEF,2573.454889584657,0.0,83.60081862316389,False
2015-09-28,216776.73772136102,IEF,2573.454889584657,0.0,83.60081862316389,False
2015-09-29,217522.993563489,IEF,2573.454889584657,0.0,83.60081862316389,False
2015-09-30,217563.33118191577,IEF,2573.454889584657,0.0,83.60081862316389,False
2015-10-01,217732.89967803206,IEF,2573.454889584657,0.0,84.54134248182972,False
2015-10-02,218783.32136161116,IEF,2573.454889584657,0.0,84.54134248182972,False
2015-10-05,217571.4105870793,IEF,2573.454889584657,0.0,84.54134248182972,False
2015-10-06,218015.79767353798,IEF,2573.454889584657,0.0,84.54134248182972,False
2015-10-07,217470.29920775318,IEF,2573.454889584657,0.0,84.54134248182972,False
2015-10-08,216904.8992660141,IEF,2573.454889584657,0.0,84.54134248182972,False
2015-10-09,217026.01113361274,IEF,2573.454889584657,0.0,84.54134248182972,False
2015-10-12,217753.23680818637,IEF,2573.454889584657,0.0,84.54134248182972,False
2015-10-13,217955.1427274205,IEF,2573.454889584657,0.0,84.54134248182972,False
2015-10-14,219146.97380382527,IEF,2573.454889584657,0.0,84.54134248182972,False
2015-10-15,218399.4902089518,IEF,2573.454889584657,0.0,84.54134248182972,False
2015-10-16,218217.7233952357,IEF,2573.454889584657,0.0,84.54134248182972,False
2015-10-19,218116.77043561862,IEF,2573.454889584657,0.0,84.54134248182972,False
2015-10-20,217369.26703828154,IEF,2573.454889584657,0.0,84.54134248182972,False
2015-10-21,218116.77043561862,IEF,2573.454889584657,0.0,84.54134248182972,False
2015-10-22,218338.91447268886,IEF,2573.454889584657,0.0,84.54134248182972,False
2015-10-23,217106.78538278452,IEF,2573.454889584657,0.0,84.54134248182972,False
2015-10-26,217672.4229540873,IEF,2573.454889584657,0.0,84.54134248182972,False
2015-10-27,218217.7233952357,IEF,2573.454889584657,0.0,84.54134248182972,False
2015-10-28,217086.58686987567,IEF,2573.454889584657,0.0,84.54134248182972,False
2015-10-29,215753.36620310886,IEF,2573.454889584657,0.0,84.54134248182972,False
2015-10-30,216177.6339865132,IEF,2573.454889584657,0.0,84.54134248182972,False
2015-11-02,215556.509912102,TECL,59926.49498990812,0.0,3.597015142440796,False
2015-11-03,218768.91731200338,TECL,59926.49498990812,0.0,3.597015142440796,False
2015-11-04,219095.60305246097,TECL,59926.49498990812,0.0,3.597015142440796,False
2015-11-05,217843.29580771536,TECL,59926.49498990812,0.0,3.597015142440796,False
2015-11-06,219640.06023643725,TECL,59926.49498990812,0.0,3.597015142440796,False
2015-11-09,213596.424044536,TECL,59926.49498990812,0.0,3.597015142440796,False
2015-11-10,209839.55946065835,TECL,59926.49498990812,0.0,3.597015142440796,False
2015-11-11,209349.52370617707,TECL,59926.49498990812,0.0,3.597015142440796,False
2015-11-12,203850.3304106623,TECL,59926.49498990812,0.0,3.597015142440796,False
2015-11-13,198311.98911913382,CASH,0.0,198311.98911913382,,False
2015-11-16,198311.98911913382,CASH,0.0,198311.98911913382,,False
2015-11-17,198311.98911913382,CASH,0.0,198311.98911913382,,False
2015-11-18,198311.98911913382,CASH,0.0,198311.98911913382,,False
2015-11-19,198311.98911913382,CASH,0.0,198311.98911913382,,False
2015-11-20,198311.98911913382,CASH,0.0,198311.98911913382,,False
2015-11-23,198311.98911913382,CASH,0.0,198311.98911913382,,False
2015-11-24,198311.98911913382,CASH,0.0,198311.98911913382,,False
2015-11-25,198311.98911913382,CASH,0.0,198311.98911913382,,False
2015-11-27,198311.98911913382,CASH,0.0,198311.98911913382,,False
2015-11-30,198311.98911913382,CASH,0.0,198311.98911913382,,False
2015-12-01,198311.98911913382,TQQQ,80193.68497348278,0.0,2.4729127883911133,False
2015-12-02,194705.42769911443,TQQQ,80193.68497348278,0.0,2.4729127883911133,False
2015-12-03,182447.02998960312,CASH,0.0,182447.02998960312,,False
2015-12-04,182447.02998960312,CASH,0.0,182447.02998960312,,False
2015-12-07,182447.02998960312,CASH,0.0,182447.02998960312,,False
2015-12-08,182447.02998960312,CASH,0.0,182447.02998960312,,False
2015-12-09,182447.02998960312,CASH,0.0,182447.02998960312,,False
2015-12-10,182447.02998960312,CASH,0.0,182447.02998960312,,False
2015-12-11,182447.02998960312,CASH,0.0,182447.02998960312,,False
2015-12-14,182447.02998960312,CASH,0.0,182447.02998960312,,False
2015-12-15,182447.02998960312,CASH,0.0,182447.02998960312,,False
2015-12-16,182447.02998960312,CASH,0.0,182447.02998960312,,False
2015-12-17,182447.02998960312,CASH,0.0,182447.02998960312,,False
2015-12-18,182447.02998960312,CASH,0.0,182447.02998960312,,False
2015-12-21,182447.02998960312,CASH,0.0,182447.02998960312,,False
2015-12-22,182447.02998960312,CASH,0.0,182447.02998960312,,False
2015-12-23,182447.02998960312,CASH,0.0,182447.02998960312,,False
2015-12-24,182447.02998960312,CASH,0.0,182447.02998960312,,False
2015-12-28,182447.02998960312,CASH,0.0,182447.02998960312,,False
2015-12-29,182447.02998960312,CASH,0.0,182447.02998960312,,False
2015-12-30,182447.02998960312,CASH,0.0,182447.02998960312,,False
2015-12-31,182447.02998960312,CASH,0.0,182447.02998960312,,False
2016-01-04,182447.02998960312,TECL,57537.98242874917,0.0,3.1708972454071045,False
2016-01-05,180721.89358596865,TECL,57537.98242874917,0.0,3.1708972454071045,False
2016-01-06,174605.48965825397,TECL,57537.98242874917,0.0,3.1708972454071045,False
2016-01-07,165875.24256183687,CASH,0.0,165875.24256183687,,False
2016-01-08,165875.24256183687,CASH,0.0,165875.24256183687,,False
2016-01-11,165875.24256183687,CASH,0.0,165875.24256183687,,False
2016-01-12,165875.24256183687,CASH,0.0,165875.24256183687,,False
2016-01-13,165875.24256183687,CASH,0.0,165875.24256183687,,False
2016-01-14,165875.24256183687,CASH,0.0,165875.24256183687,,False
2016-01-15,165875.24256183687,CASH,0.0,165875.24256183687,,False
2016-01-19,165875.24256183687,CASH,0.0,165875.24256183687,,False
2016-01-20,165875.24256183687,CASH,0.0,165875.24256183687,,False
2016-01-21,165875.24256183687,CASH,0.0,165875.24256183687,,False
2016-01-22,165875.24256183687,CASH,0.0,165875.24256183687,,False
2016-01-25,165875.24256183687,CASH,0.0,165875.24256183687,,False
2016-01-26,165875.24256183687,CASH,0.0,165875.24256183687,,False
2016-01-27,165875.24256183687,CASH,0.0,165875.24256183687,,False
2016-01-28,165875.24256183687,CASH,0.0,165875.24256183687,,False
2016-01-29,165875.24256183687,CASH,0.0,165875.24256183687,,False
2016-02-01,165875.24256183687,SHY,2393.6008236986286,0.0,69.29945917445161,False
2016-02-02,166090.41526742082,SHY,2393.6008236986286,0.0,69.29945917445161,False
2016-02-03,166129.5559966937,SHY,2393.6008236986286,0.0,69.29945917445161,False
2016-02-04,166168.69672596653,SHY,2393.6008236986286,0.0,69.29945917445161,False
2016-02-05,166129.5559966937,SHY,2393.6008236986286,0.0,69.29945917445161,False
2016-02-08,166325.03861305755,SHY,2393.6008236986286,0.0,69.29945917445161,False
2016-02-09,166266.373567065,SHY,2393.6008236986286,0.0,69.29945917445161,False
2016-02-10,166266.373567065,SHY,2393.6008236986286,0.0,69.29945917445161,False
2016-02-11,166422.7891308228,SHY,2393.6008236986286,0.0,69.29945917445161,False
2016-02-12,166227.26967612552,SHY,2393.6008236986286,0.0,69.29945917445161,False
2016-02-16,166129.5559966937,SHY,2393.6008236986286,0.0,69.29945917445161,False
2016-02-17,166168.69672596653,SHY,2393.6008236986286,0.0,69.29945917445161,False
2016-02-18,166305.51429633787,SHY,2393.6008236986286,0.0,69.29945917445161,False
2016-02-19,166149.04347507987,SHY,2393.6008236986286,0.0,69.29945917445161,False
2016-02-22,166168.69672596653,SHY,2393.6008236986286,0.0,69.29945917445161,False
2016-02-23,166188.2210426862,SHY,2393.6008236986286,0.0,69.29945917445161,False
2016-02-24,166227.26967612552,SHY,2393.6008236986286,0.0,69.29945917445161,False
2016-02-25,166266.373567065,SHY,2393.6008236986286,0.0,69.29945917445161,False
2016-02-26,166051.1640231476,SHY,2393.6008236986286,0.0,69.29945917445161,False
2016-02-29,166149.04347507987,SHY,2393.6008236986286,0.0,69.29945917445161,False
2016-03-01,165927.92137864648,GLD,1408.9150556871934,0.0,117.7699966430664,False
2016-03-02,167210.03923892288,GLD,1408.9150556871934,0.0,117.7699966430664,False
2016-03-03,170098.31940274916,GLD,1408.9150556871934,0.0,117.7699966430664,False
2016-03-04,169830.62210243454,GLD,1408.9150556871934,0.0,117.7699966430664,False
2016-03-07,170675.96898601312,GLD,1408.9150556871934,0.0,117.7699966430664,False
2016-03-08,169886.9799945623,GLD,1408.9150556871934,0.0,117.7699966430664,False
2016-03-09,168478.06493887512,GLD,1408.9150556871934,0.0,117.7699966430664,False
2016-03-10,171183.179265994,GLD,1408.9150556871934,0.0,117.7699966430664,False
2016-03-11,168238.5519592088,GLD,1408.9150556871934,0.0,117.7699966430664,False
2016-03-14,166068.82148355027,GLD,1408.9150556871934,0.0,117.7699966430664,False
2016-03-15,166195.6186789611,GLD,1408.9150556871934,0.0,117.7699966430664,False
2016-03-16,169901.06140571763,GLD,1408.9150556871934,0.0,117.7699966430664,False
2016-03-17,169252.96177000177,GLD,1408.9150556871934,0.0,117.7699966430664,False
2016-03-18,168788.0279709933,GLD,1408.9150556871934,0.0,117.7699966430664,False
2016-03-21,167604.53373464828,GLD,1408.9150556871934,0.0,117.7699966430664,False
2016-03-22,168097.65185430503,GLD,1408.9150556871934,0.0,117.7699966430664,False
2016-03-23,164293.58550361713,GLD,1408.9150556871934,0.0,117.7699966430664,False
2016-03-24,163899.09100789172,GLD,1408.9150556871934,0.0,117.7699966430664,False
2016-03-28,164279.493343293,GLD,1408.9150556871934,0.0,117.7699966430664,False
2016-03-29,167322.75502317835,GLD,1408.9150556871934,0.0,117.7699966430664,False
2016-03-30,164983.9508711366,GLD,1408.9150556871934,0.0,117.7699966430664,False
2016-03-31,165744.76629110792,GLD,1408.9150556871934,0.0,117.7699966430664,False
2016-04-01,164744.43789147027,TQQQ,78588.56795842371,0.0,2.096290111541748,False
2016-04-04,162704.67461402118,TQQQ,78588.56795842371,0.0,2.096290111541748,False
2016-04-05,158329.66596800502,TQQQ,78588.56795842371,0.0,2.096290111541748,False
2016-04-06,165912.14489213997,TQQQ,78588.56795842371,0.0,2.096290111541748,False
2016-04-07,158750.048732515,TQQQ,78588.56795842371,0.0,2.096290111541748,False
2016-04-08,158376.37724594778,TQQQ,78588.56795842371,0.0,2.096290111541748,False
2016-04-11,156679.20081402818,TQQQ,78588.56795842371,0.0,2.096290111541748,False
2016-04-12,160338.10102374526,TQQQ,78588.56795842371,0.0,2.096290111541748,False
2016-04-13,166597.22489832548,TQQQ,78588.56795842371,0.0,2.096290111541748,False
2016-04-14,166706.21788019186,TQQQ,78588.56795842371,0.0,2.096290111541748,False
2016-04-15,165429.51789765578,TQQQ,78588.56795842371,0.0,2.096290111541748,False
2016-04-18,167873.92488086157,TQQQ,78588.56795842371,0.0,2.096290111541748,False
2016-04-19,164977.97554420927,TQQQ,78588.56795842371,0.0,2.096290111541748,False
2016-04-20,165382.82535668774,TQQQ,78588.56795842371,0.0,2.096290111541748,False
2016-04-21,165429.51789765578,TQQQ,78588.56795842371,0.0,2.096290111541748,False
2016-04-22,157940.4053184822,TQQQ,78588.56795842371,0.0,2.096290111541748,False
2016-04-25,157815.8606476096,TQQQ,78588.56795842371,0.0,2.096290111541748,False
2016-04-26,155651.5901732373,TQQQ,78588.56795842371,0.0,2.096290111541748,False
2016-04-27,150933.92396706415,CASH,0.0,150933.92396706415,,False
2016-04-28,150933.92396706415,CASH,0.0,150933.92396706415,,False
2016-04-29,150933.92396706415,CASH,0.0,150933.92396706415,,False
2016-05-02,150933.92396706415,GLD,1224.7154055772357,0.0,123.23999786376953,False
2016-05-03,150591.00514851647,GLD,1224.7154055772357,0.0,123.23999786376953,False
2016-05-04,149672.46859433354,GLD,1224.7154055772357,0.0,123.23999786376953,False
2016-05-05,149501.0091850597,GLD,1224.7154055772357,0.0,123.23999786376953,False
2016-05-06,150860.44403275737,GLD,1224.7154055772357,0.0,123.23999786376953,False
2016-05-09,147761.9155516609,GLD,1224.7154055772357,0.0,123.23999786376953,False
2016-05-10,148166.07387802226,GLD,1224.7154055772357,0.0,123.23999786376953,False
2016-05-11,149562.24869287334,GLD,1224.7154055772357,0.0,123.23999786376953,False
2016-05-12,148386.52302477966,GLD,1224.7154055772357,0.0,123.23999786376953,False
2016-05-13,149060.11089154493,GLD,1224.7154055772357,0.0,123.23999786376953,False
2016-05-16,149170.34013684213,GLD,1224.7154055772357,0.0,123.23999786376953,False
2016-05-17,149684.71836466368,GLD,1224.7154055772357,0.0,123.23999786376953,False
2016-05-18,147088.31834105862,GLD,1224.7154055772357,0.0,123.23999786376953,False
2016-05-19,146806.6390303246,GLD,1224.7154055772357,0.0,123.23999786376953,False
2016-05-20,146610.68008039045,GLD,1224.7154055772357,0.0,123.23999786376953,False
2016-05-23,146194.28132753595,GLD,1224.7154055772357,0.0,123.23999786376953,False
2016-05-24,143659.12081174456,GLD,1224.7154055772357,0.0,123.23999786376953,False
2016-05-25,143267.21225571333,GLD,1224.7154055772357,0.0,123.23999786376953,False
2016-05-26,142777.32422471503,GLD,1224.7154055772357,0.0,123.23999786376953,False
2016-05-27,141601.59855662132,GLD,1224.7154055772357,0.0,123.23999786376953,False
2016-05-31,142140.46698126613,GLD,1224.7154055772357,0.0,123.23999786376953,False
2016-06-01,141993.50711265256,GLD,1224.7154055772357,0.0,116.05999755859375,False
2016-06-02,141662.828720598,GLD,1224.7154055772357,0.0,116.05999755859375,False
2016-06-03,145594.16405124046,GLD,1224.7154055772357,0.0,116.05999755859375,False
2016-06-06,145643.15378872398,GLD,1224.7154055772357,0.0,116.05999755859375,False
2016-06-07,145520.68411693367,GLD,1224.7154055772357,0.0,116.05999755859375,False
2016-06-08,147676.18584702397,GLD,1224.7154055772357,0.0,116.05999755859375,False
2016-06-09,148496.74292623982,GLD,1224.7154055772357,0.0,116.05999755859375,False
2016-06-10,149096.8508586983,GLD,1224.7154055772357,0.0,116.05999755859375,False
2016-06-13,150199.09659248524,GLD,1224.7154055772357,0.0,116.05999755859375,False
2016-06-14,150358.30623142896,GLD,1224.7154055772357,0.0,116.05999755859375,False
2016-06-15,151472.801735546,GLD,1224.7154055772357,0.0,116.05999755859375,False
2016-06-16,149880.66797076078,GLD,1224.7154055772357,0.0,116.05999755859375,False
2016-06-17,151803.47078376357,GLD,1224.7154055772357,0.0,116.05999755859375,False
2016-06-20,150897.18399991078,GLD,1224.7154055772357,0.0,116.05999755859375,False
2016-06-21,147994.6051249114,GLD,1224.7154055772357,0.0,116.05999755859375,False
2016-06-22,148068.0944030552,GLD,1224.7154055772357,0.0,116.05999755859375,False
2016-06-23,147100.56811138874,GLD,1224.7154055772357,0.0,116.05999755859375,False
2016-06-24,154314.1411027317,GLD,1224.7154055772357,0.0,116.05999755859375,False
2016-06-27,155146.9479522777,GLD,1224.7154055772357,0.0,116.05999755859375,False
2016-06-28,153481.3342531857,GLD,1224.7154055772357,0.0,116.05999755859375,False
2016-06-29,154118.18215279758,GLD,1224.7154055772357,0.0,116.05999755859375,False
2016-06-30,154889.75883836692,GLD,1224.7154055772357,0.0,116.05999755859375,False
2016-07-01,157265.70971521462,SHY,2250.019740354691,0.0,69.89525775912678,False
2016-07-05,157339.3993155096,SHY,2250.019740354691,0.0,69.89525775912678,False
2016-07-06,157265.70971521462,SHY,2250.019740354691,0.0,69.89525775912678,False
2016-07-07,157191.95085777654,SHY,2250.019740354691,0.0,69.89525775912678,False
2016-07-08,157191.95085777654,SHY,2250.019740354691,0.0,69.89525775912678,False
2016-07-11,157025.99342854082,SHY,2250.019740354691,0.0,69.89525775912678,False
2016-07-12,156970.70891403378,SHY,2250.019740354691,0.0,69.89525775912678,False
2016-07-13,157007.6229713244,SHY,2250.019740354691,0.0,69.89525775912678,False
2016-07-14,156915.37245666943,SHY,2250.019740354691,0.0,69.89525775912678,False
2016-07-15,156841.63091351712,SHY,2250.019740354691,0.0,69.89525775912678,False
2016-07-18,156933.81217102893,SHY,2250.019740354691,0.0,69.89525775912678,False
2016-07-19,156952.23457110272,SHY,2250.019740354691,0.0,69.89525775912678,False
2016-07-20,156878.4930279504,SHY,2250.019740354691,0.0,69.89525775912678,False
2016-07-21,156989.07937125018,SHY,2250.019740354691,0.0,69.89525775912678,False
2016-07-22,156933.81217102893,SHY,2250.019740354691,0.0,69.89525775912678,False
2016-07-25,156823.10462772867,SHY,2250.019740354691,0.0,69.89525775912678,False
2016-07-26,156841.63091351712,SHY,2250.019740354691,0.0,69.89525775912678,False
2016-07-27,156952.23457110272,SHY,2250.019740354691,0.0,69.89525775912678,False
2016-07-28,156933.81217102893,SHY,2250.019740354691,0.0,69.89525775912678,False
2016-07-29,157136.5624575548,SHY,2250.019740354691,0.0,69.89525775912678,False
2016-08-01,157083.04400019773,TQQQ,66150.09697626134,0.0,2.374645709991455,False
2016-08-02,153544.52266080864,TQQQ,66150.09697626134,0.0,2.374645709991455,False
2016-08-03,154999.29348695462,TQQQ,66150.09697626134,0.0,2.374645709991455,False
2016-08-04,156388.43946723384,TQQQ,66150.09697626134,0.0,2.374645709991455,False
2016-08-05,160909.92983894446,TQQQ,66150.09697626134,0.0,2.374645709991455,False
2016-08-08,160398.79414327157,TQQQ,66150.09697626134,0.0,2.374645709991455,False
2016-08-09,161460.30480799312,TQQQ,66150.09697626134,0.0,2.374645709991455,False
2016-08-10,160215.27799174422,TQQQ,66150.09697626134,0.0,2.374645709991455,False
2016-08-11,162286.00131856918,TQQQ,66150.09697626134,0.0,2.374645709991455,False
2016-08-12,162587.34569010863,TQQQ,66150.09697626134,0.0,2.374645709991455,False
2016-08-15,164631.82538715174,TQQQ,66150.09697626134,0.0,2.374645709991455,False
2016-08-16,162036.9391782357,TQQQ,66150.09697626134,0.0,2.374645709991455,False
2016-08-17,162797.0897000057,TQQQ,66150.09697626134,0.0,2.374645709991455,False
2016-08-18,162954.3622217512,TQQQ,66150.09697626134,0.0,2.374645709991455,False
2016-08-19,162731.55948261172,TQQQ,66150.09697626134,0.0,2.374645709991455,False
2016-08-22,162888.80046153298,TQQQ,66150.09697626134,0.0,2.374645709991455,False
2016-08-23,163858.66345037575,TQQQ,66150.09697626134,0.0,2.374645709991455,False
2016-08-24,160700.15428622314,TQQQ,66150.09697626134,0.0,2.374645709991455,False
2016-08-25,159940.0668501017,TQQQ,66150.09697626134,0.0,2.374645709991455,False
2016-08-26,160713.30764393831,TQQQ,66150.09697626134,0.0,2.374645709991455,False
2016-08-29,161158.88157939303,TQQQ,66150.09697626134,0.0,2.374645709991455,False
2016-08-30,159704.11075324705,TQQQ,66150.09697626134,0.0,2.374645709991455,False
2016-08-31,159284.74890474995,TQQQ,66150.09697626134,0.0,2.374645709991455,False
2016-09-01,159992.47525260475,TECL,37942.965035274974,0.0,4.2166571617126465,False
2016-09-02,161991.9987605996,TECL,37942.965035274974,0.0,4.2166571617126465,False
2016-09-06,164439.62207968527,TECL,37942.965035274974,0.0,4.2166571617126465,False
2016-09-07,165439.2933706046,TECL,37942.965035274974,0.0,4.2166571617126465,False
2016-09-08,161681.7284953113,TECL,37942.965035274974,0.0,4.2166571617126465,False
2016-09-09,149891.69361835823,TECL,37942.965035274974,0.0,4.2166571617126465,False
2016-09-12,146961.48106281407,CASH,0.0,146961.48106281407,,False
2016-09-13,146961.48106281407,CASH,0.0,146961.48106281407,,False
2016-09-14,146961.48106281407,CASH,0.0,146961.48106281407,,False
2016-09-15,146961.48106281407,CASH,0.0,146961.48106281407,,False
2016-09-16,146961.48106281407,CASH,0.0,146961.48106281407,,False
2016-09-19,146961.48106281407,CASH,0.0,146961.48106281407,,False
2016-09-20,146961.48106281407,CASH,0.0,146961.48106281407,,False
2016-09-21,146961.48106281407,CASH,0.0,146961.48106281407,,False
2016-09-22,146961.48106281407,CASH,0.0,146961.48106281407,,False
2016-09-23,146961.48106281407,CASH,0.0,146961.48106281407,,False
2016-09-26,146961.48106281407,CASH,0.0,146961.48106281407,,False
2016-09-27,146961.48106281407,CASH,0.0,146961.48106281407,,False
2016-09-28,146961.48106281407,CASH,0.0,146961.48106281407,,False
2016-09-29,146961.48106281407,CASH,0.0,146961.48106281407,,False
2016-09-30,146961.48106281407,CASH,0.0,146961.48106281407,,False
2016-10-03,146961.48106281407,TECL,33642.03433880945,0.0,4.368388652801514,False
2016-10-04,145555.4037008341,TECL,33642.03433880945,0.0,4.368388652801514,False
2016-10-05,147053.17583185353,TECL,33642.03433880945,0.0,4.368388652801514,False
2016-10-06,148061.8343330596,TECL,33642.03433880945,0.0,4.368388652801514,False
2016-10-07,146869.73816845845,TECL,33642.03433880945,0.0,4.368388652801514,False
2016-10-10,149834.67472942534,TECL,33642.03433880945,0.0,4.368388652801514,False
2016-10-11,145035.74653703702,TECL,33642.03433880945,0.0,4.368388652801514,False
2016-10-12,145494.3166328666,TECL,33642.03433880945,0.0,4.368388652801514,False
2016-10-13,142926.75080735746,TECL,33642.03433880945,0.0,4.368388652801514,False
2016-10-14,144546.7612414001,TECL,33642.03433880945,0.0,4.368388652801514,False
2016-10-17,143538.0706566499,TECL,33642.03433880945,0.0,4.368388652801514,False
2016-10-18,146136.1800161428,TECL,33642.03433880945,0.0,4.368388652801514,False
2016-10-19,146380.73683104946,TECL,33642.03433880945,0.0,4.368388652801514,False
2016-10-20,144607.89643468373,TECL,33642.03433880945,0.0,4.368388652801514,False
2016-10-21,145494.3166328666,TECL,33642.03433880945,0.0,4.368388652801514,False
2016-10-24,149895.82596448105,TECL,33642.03433880945,0.0,4.368388652801514,False
2016-10-25,148428.6454927615,TECL,33642.03433880945,0.0,4.368388652801514,False
2016-10-26,146105.63648215905,TECL,33642.03433880945,0.0,4.368388652801514,False
2016-10-27,145035.74653703702,TECL,33642.03433880945,0.0,4.368388652801514,False
2016-10-28,144546.7612414001,TECL,33642.03433880945,0.0,4.368388652801514,False
2016-10-31,144607.89643468373,TECL,33642.03433880945,0.0,4.368388652801514,False
2016-11-01,140848.25048634553,TQQQ,59175.12086316138,0.0,2.3801937103271484,False
2016-11-02,137178.6995343819,TQQQ,59175.12086316138,0.0,2.3801937103271484,False
2016-11-03,133227.84023307342,TQQQ,59175.12086316138,0.0,2.3801937103271484,False
2016-11-04,131715.47101614316,TQQQ,59175.12086316138,0.0,2.3801937103271484,False
2016-11-07,141152.99296820766,TQQQ,59175.12086316138,0.0,2.3801937103271484,False
2016-11-08,143919.8289683441,TQQQ,59175.12086316138,0.0,2.3801937103271484,False
2016-11-09,145936.2648237915,TQQQ,59175.12086316138,0.0,2.3801937103271484,False
2016-11-10,138995.88177541547,TQQQ,59175.12086316138,0.0,2.3801937103271484,False
2016-11-11,138878.64057058794,TQQQ,59175.12086316138,0.0,2.3801937103271484,False
2016-11-14,134189.1616788661,TQQQ,59175.12086316138,0.0,2.3801937103271484,False
2016-11-15,140402.73390800096,TQQQ,59175.12086316138,0.0,2.3801937103271484,False
2016-11-16,142688.8386429999,TQQQ,59175.12086316138,0.0,2.3801937103271484,False
2016-11-17,145994.89953465352,TQQQ,59175.12086316138,0.0,2.3801937103271484,False
2016-11-18,144353.55088396475,TQQQ,59175.12086316138,0.0,2.3801937103271484,False
2016-11-21,148691.40492034168,TQQQ,59175.12086316138,0.0,2.3801937103271484,False
2016-11-22,150027.8841131342,TQQQ,59175.12086316138,0.0,2.3801937103271484,False
2016-11-23,148222.38366723867,TQQQ,59175.12086316138,0.0,2.3801937103271484,False
2016-11-25,149652.7263661344,TQQQ,59175.12086316138,0.0,2.3801937103271484,False
2016-11-28,148820.29970341077,TQQQ,59175.12086316138,0.0,2.3801937103271484,False
2016-11-29,150250.6424023065,TQQQ,59175.12086316138,0.0,2.3801937103271484,False
2016-11-30,145385.3158117916,TQQQ,59175.12086316138,0.0,2.3801937103271484,False
2016-12-01,137401.47193200243,TECL,34230.15490788893,0.0,4.014047622680664,False
2016-12-02,138832.09729798522,TECL,34230.15490788893,0.0,4.014047622680664,False
2016-12-05,142844.01485359613,TECL,34230.15490788893,0.0,4.014047622680664,False
2016-12-06,144150.24865876074,TECL,34230.15490788893,0.0,4.014047622680664,False
2016-12-07,152236.35300033574,TECL,34230.15490788893,0.0,4.014047622680664,False
2016-12-08,153884.63503388327,TECL,34230.15490788893,0.0,4.014047622680664,False
2016-12-09,156745.91841026844,TECL,34230.15490788893,0.0,4.014047622680664,False
2016-12-12,155626.26378522627,TECL,34230.15490788893,0.0,4.014047622680664,False
2016-12-13,161162.15342461548,TECL,34230.15490788893,0.0,4.014047622680664,False
2016-12-14,159762.63819049456,TECL,34230.15490788893,0.0,4.014047622680664,False
2016-12-15,161535.34442927988,TECL,34230.15490788893,0.0,4.014047622680664,False
2016-12-16,158487.54716161144,TECL,34230.15490788893,0.0,4.014047622680664,False
2016-12-19,161690.8134775404,TECL,34230.15490788893,0.0,4.014047622680664,False
2016-12-20,163339.1444777173,TECL,34230.15490788893,0.0,4.014047622680664,False
2016-12-21,162468.38722978006,TECL,34230.15490788893,0.0,4.014047622680664,False
2016-12-22,161317.65511729557,TECL,34230.15490788893,0.0,4.014047622680664,False
2016-12-23,161535.34442927988,TECL,34230.15490788893,0.0,4.014047622680664,False
2016-12-27,163650.18050749708,TECL,34230.15490788893,0.0,4.014047622680664,False
2016-12-28,159576.02636595257,TECL,34230.15490788893,0.0,4.014047622680664,False
2016-12-29,159420.54099548227,TECL,34230.15490788893,0.0,4.014047622680664,False
2016-12-30,155315.26039986606,TECL,34230.15490788893,0.0,4.014047622680664,False
2017-01-03,159793.71567793688,TQQQ,61895.25483920341,0.0,2.581679582595825,False
2017-01-04,162516.03883977057,TQQQ,61895.25483920341,0.0,2.581679582595825,False
2017-01-05,165397.722614714,TQQQ,61895.25483920341,0.0,2.581679582595825,False
2017-01-06,169591.49363786788,TQQQ,61895.25483920341,0.0,2.581679582595825,False
2017-01-09,171308.29102725195,TQQQ,61895.25483920341,0.0,2.581679582595825,False
2017-01-10,172289.26118712497,TQQQ,61895.25483920341,0.0,2.581679582595825,False
2017-01-11,173613.64099860244,TQQQ,61895.25483920341,0.0,2.581679582595825,False
2017-01-12,172730.70144831252,TQQQ,61895.25483920341,0.0,2.581679582595825,False
2017-01-13,174717.25640855,TQQQ,61895.25483920341,0.0,2.581679582595825,False
2017-01-17,173074.08158595953,TQQQ,61895.25483920341,0.0,2.581679582595825,False
2017-01-18,174251.2900487433,TQQQ,61895.25483920341,0.0,2.581679582595825,False
2017-01-19,173785.30893195787,TQQQ,61895.25483920341,0.0,2.581679582595825,False
2017-01-20,174913.49471146072,TQQQ,61895.25483920341,0.0,2.581679582595825,False
2017-01-23,175305.85326145252,TQQQ,61895.25483920341,0.0,2.581679582595825,False
2017-01-24,178960.10914289963,TQQQ,61895.25483920341,0.0,2.581679582595825,False
2017-01-25,184183.9763080584,TQQQ,61895.25483920341,0.0,2.581679582595825,False
2017-01-26,184944.2706082738,TQQQ,61895.25483920341,0.0,2.581679582595825,False
2017-01-27,185827.15113064885,TQQQ,61895.25483920341,0.0,2.581679582595825,False
2017-01-30,181608.86876585454,TQQQ,61895.25483920341,0.0,2.581679582595825,False
2017-01-31,180603.3134794475,TQQQ,61895.25483920341,0.0,2.581679582595825,False
2017-02-01,184036.86398727956,TECL,35914.430432831636,0.0,5.12431526184082,False
2017-02-02,183416.8754862268,TECL,35914.430432831636,0.0,5.12431526184082,False
2017-02-03,186810.50036048086,TECL,35914.430432831636,0.0,5.12431526184082,False
2017-02-06,187136.75511653855,TECL,35914.430432831636,0.0,5.12431526184082,False
2017-02-07,189420.94941698102,TECL,35914.430432831636,0.0,5.12431526184082,False
2017-02-08,190530.3799907926,TECL,35914.430432831636,0.0,5.12431526184082,False
2017-02-09,192553.46430931226,TECL,35914.430432831636,0.0,5.12431526184082,False
2017-02-10,193728.1766599383,TECL,35914.430432831636,0.0,5.12431526184082,False
2017-02-13,196403.85611724804,TECL,35914.430432831636,0.0,5.12431526184082,False
2017-02-14,198524.88022632428,TECL,35914.430432831636,0.0,5.12431526184082,False
2017-02-15,200580.60543325118,TECL,35914.430432831636,0.0,5.12431526184082,False
2017-02-16,202179.5123304915,TECL,35914.430432831636,0.0,5.12431526184082,False
2017-02-17,203582.59102262344,TECL,35914.430432831636,0.0,5.12431526184082,False
2017-02-21,207139.38608824371,TECL,35914.430432831636,0.0,5.12431526184082,False
2017-02-22,208020.39894454455,TECL,35914.430432831636,0.0,5.12431526184082,False
2017-02-23,207563.61488552787,TECL,35914.430432831636,0.0,5.12431526184082,False
2017-02-24,209129.82951835613,TECL,35914.430432831636,0.0,5.12431526184082,False
2017-02-27,208575.17417012266,TECL,35914.430432831636,0.0,5.12431526184082,False
2017-02-28,205932.0499745454,TECL,35914.430432831636,0.0,5.12431526184082,False
2017-03-01,214416.02653350582,TECL,35914.430432831636,0.0,5.733963966369629,False
2017-03-02,210467.67780967848,TECL,35914.430432831636,0.0,5.733963966369629,False
2017-03-03,211022.43590992165,TECL,35914.430432831636,0.0,5.733963966369629,False
2017-03-06,210369.8236457966,TECL,35914.430432831636,0.0,5.733963966369629,False
2017-03-07,210565.6176002351,TECL,35914.430432831636,0.0,5.733963966369629,False
2017-03-08,211087.6491853963,TECL,35914.430432831636,0.0,5.733963966369629,False
2017-03-09,210859.26571855543,TECL,35914.430432831636,0.0,5.733963966369629,False
2017-03-10,214220.21545373238,TECL,35914.430432831636,0.0,5.733963966369629,False
2017-03-13,215199.13384991995,TECL,35914.430432831636,0.0,5.733963966369629,False
2017-03-14,213241.31418287978,TECL,35914.430432831636,0.0,5.733963966369629,False
2017-03-15,217515.93478809972,TECL,35914.430432831636,0.0,5.733963966369629,False
2017-03-16,218886.4239678293,TECL,35914.430432831636,0.0,5.733963966369629,False
2017-03-17,219277.96050070142,TECL,35914.430432831636,0.0,5.733963966369629,False
2017-03-20,219832.66722493974,TECL,35914.430432831636,0.0,5.733963966369629,False
2017-03-21,210761.37730400366,TECL,35914.430432831636,0.0,5.733963966369629,False
2017-03-22,214611.80336260935,TECL,35914.430432831636,0.0,5.733963966369629,False
2017-03-23,212719.21409637877,TECL,35914.430432831636,0.0,5.733963966369629,False
2017-03-24,212980.27270229676,TECL,35914.430432831636,0.0,5.733963966369629,False
2017-03-27,212980.27270229676,TECL,35914.430432831636,0.0,5.733963966369629,False
2017-03-28,217059.11647841317,TECL,35914.430432831636,0.0,5.733963966369629,False
2017-03-29,218462.24654654996,TECL,35914.430432831636,0.0,5.733963966369629,False
2017-03-30,219473.73732980495,TECL,35914.430432831636,0.0,5.733963966369629,False
2017-03-31,218462.24654654996,TECL,35914.430432831636,0.0,5.733963966369629,False
2017-04-03,217809.63428242493,TECL,35914.430432831636,0.0,6.082854270935059,False
2017-04-04,218070.6243870031,TECL,35914.430432831636,0.0,6.082854270935059,False
2017-04-05,216014.93343074614,TECL,35914.430432831636,0.0,6.082854270935059,False
2017-04-06,215558.09799572462,TECL,35914.430432831636,0.0,6.082854270935059,False
2017-04-07,215362.32116662108,TECL,35914.430432831636,0.0,6.082854270935059,False
2017-04-10,214187.64306666495,TECL,35914.430432831636,0.0,6.082854270935059,False
2017-04-11,211740.31282552617,TECL,35914.430432831636,0.0,6.082854270935059,False
2017-04-12,209521.40030189816,TECL,35914.430432831636,0.0,6.082854270935059,False
2017-04-13,207074.1556874341,TECL,35914.430432831636,0.0,6.082854270935059,False
2017-04-17,212392.92508965122,TECL,35914.430432831636,0.0,6.082854270935059,False
2017-04-18,212164.52449747542,TECL,35914.430432831636,0.0,6.082854270935059,False
2017-04-19,211609.81777323707,TECL,35914.430432831636,0.0,6.082854270935059,False
2017-04-20,217091.7231161505,TECL,35914.430432831636,0.0,6.082854270935059,False
2017-04-21,216178.0522461075,TECL,35914.430432831636,0.0,6.082854270935059,False
2017-04-24,223715.73417195264,TECL,35914.430432831636,0.0,6.082854270935059,False
2017-04-25,227337.74251304756,TECL,35914.430432831636,0.0,6.082854270935059,False
2017-04-26,226619.88272277795,TECL,35914.430432831636,0.0,6.082854270935059,False
2017-04-27,229752.39761510922,TECL,35914.430432831636,0.0,6.082854270935059,False
2017-04-28,230894.50332799793,TECL,35914.430432831636,0.0,6.082854270935059,False
2017-05-01,235952.24837496696,TECL,35914.430432831636,0.0,6.429017543792725,False
2017-05-02,237387.98508084106,TECL,35914.430432831636,0.0,6.429017543792725,False
2017-05-03,235919.60748655975,TECL,35914.430432831636,0.0,6.429017543792725,False
2017-05-04,235723.84778279116,TECL,35914.430432831636,0.0,6.429017543792725,False
2017-05-05,238464.80901691533,TECL,35914.430432831636,0.0,6.429017543792725,False
2017-05-08,241401.5299548081,TECL,35914.430432831636,0.0,6.429017543792725,False
2017-05-09,242217.3295356343,TECL,35914.430432831636,0.0,6.429017543792725,False
2017-05-10,245056.21343498013,TECL,35914.430432831636,0.0,6.429017543792725,False
2017-05-11,244240.44810482382,TECL,35914.430432831636,0.0,6.429017543792725,False
2017-05-12,246230.9086602712,TECL,35914.430432831636,0.0,6.429017543792725,False
2017-05-15,249689.72968466498,TECL,35914.430432831636,0.0,6.429017543792725,False
2017-05-16,253377.01980257433,TECL,35914.430432831636,0.0,6.429017543792725,False
2017-05-17,232428.1626990937,TECL,35914.430432831636,0.0,6.429017543792725,False
2017-05-18,237290.11379162426,TECL,35914.430432831636,0.0,6.429017543792725,False
2017-05-19,240912.08788204927,TECL,35914.430432831636,0.0,6.429017543792725,False
2017-05-22,246916.0933114637,TECL,35914.430432831636,0.0,6.429017543792725,False
2017-05-23,247666.66249148027,TECL,35914.430432831636,0.0,6.429017543792725,False
2017-05-24,250440.24748867674,TECL,35914.430432831636,0.0,6.429017543792725,False
2017-05-25,256542.22695931766,TECL,35914.430432831636,0.0,6.429017543792725,False
2017-05-26,256313.74074046712,TECL,35914.430432831636,0.0,6.429017543792725,False
2017-05-30,259185.28265355513,TECL,35914.430432831636,0.0,6.429017543792725,False
2017-05-31,257618.96526871718,TECL,35914.430432831636,0.0,6.429017543792725,False
2017-06-01,259348.38434358154,TECL,35914.430432831636,0.0,7.173132419586182,False
2017-06-02,266494.5468618895,TECL,35914.430432831636,0.0,7.173132419586182,False
2017-06-05,267440.8072443349,TECL,35914.430432831636,0.0,7.173132419586182,False
2017-06-06,266102.95895301254,TECL,35914.430432831636,0.0,7.173132419586182,False
2017-06-07,268093.43663379486,TECL,35914.430432831636,0.0,7.173132419586182,False
2017-06-08,270312.28065608314,TECL,35914.430432831636,0.0,7.173132419586182,False
2017-06-09,237009.4480472198,CASH,0.0,237009.4480472198,,False
2017-06-12,237009.4480472198,CASH,0.0,237009.4480472198,,False
2017-06-13,237009.4480472198,CASH,0.0,237009.4480472198,,False
2017-06-14,237009.4480472198,CASH,0.0,237009.4480472198,,False
2017-06-15,237009.4480472198,CASH,0.0,237009.4480472198,,False
2017-06-16,237009.4480472198,CASH,0.0,237009.4480472198,,False
2017-06-19,237009.4480472198,CASH,0.0,237009.4480472198,,False
2017-06-20,237009.4480472198,CASH,0.0,237009.4480472198,,False
2017-06-21,237009.4480472198,CASH,0.0,237009.4480472198,,False
2017-06-22,237009.4480472198,CASH,0.0,237009.4480472198,,False
2017-06-23,237009.4480472198,CASH,0.0,237009.4480472198,,False
2017-06-26,237009.4480472198,CASH,0.0,237009.4480472198,,False
2017-06-27,237009.4480472198,CASH,0.0,237009.4480472198,,False
2017-06-28,237009.4480472198,CASH,0.0,237009.4480472198,,False
2017-06-29,237009.4480472198,CASH,0.0,237009.4480472198,,False
2017-06-30,237009.4480472198,CASH,0.0,237009.4480472198,,False
2017-07-03,237009.4480472198,TQQQ,62963.306280064164,0.0,3.764247179031372,False
2017-07-05,243770.51747665834,TQQQ,62963.306280064164,0.0,3.764247179031372,False
2017-07-06,237333.7741409366,TQQQ,62963.306280064164,0.0,3.764247179031372,False
2017-07-07,244444.05893339918,TQQQ,62963.306280064164,0.0,3.764247179031372,False
2017-07-10,249558.48853197033,TQQQ,62963.306280064164,0.0,3.764247179031372,False
2017-07-11,251604.2873923184,TQQQ,62963.306280064164,0.0,3.764247179031372,False
2017-07-12,260560.74649552268,TQQQ,62963.306280064164,0.0,3.764247179031372,False
2017-07-13,262282.21926215396,TQQQ,62963.306280064164,0.0,3.764247179031372,False
2017-07-14,268444.4000311513,TQQQ,62963.306280064164,0.0,3.764247179031372,False
2017-07-17,268594.0959259231,TQQQ,62963.306280064164,0.0,3.764247179031372,False
2017-07-18,273933.03934340784,TQQQ,62963.306280064164,0.0,3.764247179031372,False
2017-07-19,278947.67167879775,TQQQ,62963.306280064164,0.0,3.764247179031372,False
2017-07-20,279995.5129189561,TQQQ,62963.306280064164,0.0,3.764247179031372,False
2017-07-21,279571.3745504361,TQQQ,62963.306280064164,0.0,3.764247179031372,False
2017-07-24,283213.8245403289,TQQQ,62963.306280064164,0.0,3.764247179031372,False
2017-07-25,281317.6765398865,TQQQ,62963.306280064164,0.0,3.764247179031372,False
2017-07-26,283837.55743521126,TQQQ,62963.306280064164,0.0,3.764247179031372,False
2017-07-27,278772.99644498667,TQQQ,62963.306280064164,0.0,3.764247179031372,False
2017-07-28,277874.8811228442,TQQQ,62963.306280064164,0.0,3.764247179031372,False
2017-07-31,274257.44049523474,TQQQ,62963.306280064164,0.0,3.764247179031372,False
2017-08-01,276053.6110930317,TQQQ,62963.306280064164,0.0,4.35582971572876,False
2017-08-02,278074.5056724505,TQQQ,62963.306280064164,0.0,4.35582971572876,False
2017-08-03,275180.3850401964,TQQQ,62963.306280064164,0.0,4.35582971572876,False
2017-08-04,276253.2956891262,TQQQ,62963.306280064164,0.0,4.35582971572876,False
2017-08-07,281143.12139905157,TQQQ,62963.306280064164,0.0,4.35582971572876,False
2017-08-08,280095.37022862537,TQQQ,62963.306280064164,0.0,4.35582971572876,False
2017-08-09,278997.5402871443,TQQQ,62963.306280064164,0.0,4.35582971572876,False
2017-08-10,260885.05757761747,TQQQ,62963.306280064164,0.0,4.35582971572876,False
2017-08-11,266847.7038667405,TQQQ,62963.306280064164,0.0,4.35582971572876,False
2017-08-14,277226.19891216647,TQQQ,62963.306280064164,0.0,4.35582971572876,False
2017-08-15,277725.21525131643,TQQQ,62963.306280064164,0.0,4.35582971572876,False
2017-08-16,279172.2455441995,TQQQ,62963.306280064164,0.0,4.35582971572876,False
2017-08-17,262007.6867186736,TQQQ,62963.306280064164,0.0,4.35582971572876,False
2017-08-18,261084.59205749174,TQQQ,62963.306280064164,0.0,4.35582971572876,False
2017-08-21,260610.5850806252,TQQQ,62963.306280064164,0.0,4.35582971572876,False
2017-08-22,272211.62662326463,TQQQ,62963.306280064164,0.0,4.35582971572876,False
2017-08-23,269167.9902357029,TQQQ,62963.306280064164,0.0,4.35582971572876,False
2017-08-24,266922.55181412643,TQQQ,62963.306280064164,0.0,4.35582971572876,False
2017-08-25,265126.35119308543,TQQQ,62963.306280064164,0.0,4.35582971572876,False
2017-08-28,267446.48744582763,TQQQ,62963.306280064164,0.0,4.35582971572876,False
2017-08-29,270739.64701458625,TQQQ,62963.306280064164,0.0,4.35582971572876,False
2017-08-30,280120.25949793257,TQQQ,62963.306280064164,0.0,4.35582971572876,False
2017-08-31,288078.7910041911,TQQQ,62963.306280064164,0.0,4.35582971572876,False
2017-09-01,287879.16645458475,TECL,36087.68749825549,0.0,7.977212905883789,False
2017-09-05,280010.0740059557,TECL,36087.68749825549,0.0,7.977212905883789,False
2017-09-06,280600.27228715573,TECL,36087.68749825549,0.0,7.977212905883789,False
2017-09-07,283157.80390833924,TECL,36087.68749825549,0.0,7.977212905883789,False
2017-09-08,276239.43350875156,TECL,36087.68749825549,0.0,7.977212905883789,False
2017-09-11,287682.5312059034,TECL,36087.68749825549,0.0,7.977212905883789,False
2017-09-12,290108.8349976965,TECL,36087.68749825549,0.0,7.977212905883789,False
2017-09-13,288502.1975050579,TECL,36087.68749825549,0.0,7.977212905883789,False
2017-09-14,285682.41672049783,TECL,36087.68749825549,0.0,7.977212905883789,False
2017-09-15,289026.79907951306,TECL,36087.68749825549,0.0,7.977212905883789,False
2017-09-18,289420.24165637925,TECL,36087.68749825549,0.0,7.977212905883789,False
2017-09-19,294207.35578092275,TECL,36087.68749825549,0.0,7.977212905883789,False
2017-09-20,290305.55628612963,TECL,36087.68749825549,0.0,7.977212905883789,False
2017-09-21,285387.3175798978,TECL,36087.68749825549,0.0,7.977212905883789,False
2017-09-22,286108.69206663716,TECL,36087.68749825549,0.0,7.977212905883789,False
2017-09-25,275846.0769716371,TECL,36087.68749825549,0.0,7.977212905883789,False
2017-09-26,278108.35458066745,TECL,36087.68749825549,0.0,7.977212905883789,False
2017-09-27,286502.2206832551,TECL,36087.68749825549,0.0,7.977212905883789,False
2017-09-28,288108.7377202413,TECL,36087.68749825549,0.0,7.977212905883789,False
2017-09-29,293715.5181439393,TECL,36087.68749825549,0.0,7.977212905883789,False
2017-10-02,294731.95735537796,TECL,36087.68749825549,0.0,8.13893985748291,False
2017-10-03,297092.64723247587,TECL,36087.68749825549,0.0,8.13893985748291,False
2017-10-04,296043.37525176414,TECL,36087.68749825549,0.0,8.13893985748291,False
2017-10-05,304437.13810664974,TECL,36087.68749825549,0.0,8.13893985748291,False
2017-10-06,306207.76736615045,TECL,36087.68749825549,0.0,8.13893985748291,False
2017-10-09,308273.44414240017,TECL,36087.68749825549,0.0,8.13893985748291,False
2017-10-10,308994.80142118916,TECL,36087.68749825549,0.0,8.13893985748291,False
2017-10-11,312470.2567380415,TECL,36087.68749825549,0.0,8.13893985748291,False
2017-10-12,310339.0520868484,TECL,36087.68749825549,0.0,8.13893985748291,False
2017-10-13,314503.1351609188,TECL,36087.68749825549,0.0,8.13893985748291,False
2017-10-16,317847.53472788434,TECL,36087.68749825549,0.0,8.13893985748291,False
2017-10-17,317454.09215101815,TECL,36087.68749825549,0.0,8.13893985748291,False
2017-10-18,319945.9410257051,TECL,36087.68749825549,0.0,8.13893985748291,False
2017-10-19,317027.7823889781,TECL,36087.68749825549,0.0,8.13893985748291,False
2017-10-20,322929.5931214747,TECL,36087.68749825549,0.0,8.13893985748291,False
2017-10-23,318995.09852101124,TECL,36087.68749825549,0.0,8.13893985748291,False
2017-10-24,321388.58675148163,TECL,36087.68749825549,0.0,8.13893985748291,False
2017-10-25,317060.64957415196,TECL,36087.68749825549,0.0,8.13893985748291,False
2017-10-26,320208.259020883,TECL,36087.68749825549,0.0,8.13893985748291,False
2017-10-27,345455.04104458255,TECL,36087.68749825549,0.0,8.13893985748291,False
2017-10-30,349094.59137599915,TECL,36087.68749825549,0.0,8.13893985748291,False
2017-10-31,353225.9105125978,TECL,36087.68749825549,0.0,8.13893985748291,False
2017-11-01,352897.9269788736,TQQQ,68625.71054505587,0.0,5.142357349395752,False
2017-11-02,351103.3163747248,TQQQ,68625.71054505587,0.0,5.142357349395752,False
2017-11-03,360892.5209413294,TQQQ,68625.71054505587,0.0,5.142357349395752,False
2017-11-06,364563.3540318842,TQQQ,68625.71054505587,0.0,5.142357349395752,False
2017-11-07,365161.6011976523,TQQQ,68625.71054505587,0.0,5.142357349395752,False
2017-11-08,369729.9359300143,TQQQ,68625.71054505587,0.0,5.142357349395752,False
2017-11-09,363801.98127146834,TQQQ,68625.71054505587,0.0,5.142357349395752,False
2017-11-10,363693.2417827993,TQQQ,68625.71054505587,0.0,5.142357349395752,False
2017-11-13,364780.8657325111,TQQQ,68625.71054505587,0.0,5.142357349395752,False
2017-11-14,361109.9671953787,TQQQ,68625.71054505587,0.0,5.142357349395752,False
2017-11-15,355807.5509254565,TQQQ,68625.71054505587,0.0,5.142357349395752,False
2017-11-16,369131.59059437993,TQQQ,68625.71054505587,0.0,5.142357349395752,False
2017-11-17,364998.4101564267,TQQQ,68625.71054505587,0.0,5.142357349395752,False
2017-11-20,364101.1375776411,TQQQ,68625.71054505587,0.0,5.142357349395752,False
2017-11-21,375576.1150898592,TQQQ,68625.71054505587,0.0,5.142357349395752,False
2017-11-22,377071.6675577016,TQQQ,68625.71054505587,0.0,5.142357349395752,False
2017-11-24,381313.6856541902,TQQQ,68625.71054505587,0.0,5.142357349395752,False
2017-11-27,380688.2781587215,TQQQ,68625.71054505587,0.0,5.142357349395752,False
2017-11-28,383489.0317234802,TQQQ,68625.71054505587,0.0,5.142357349395752,False
2017-11-29,363774.78821847885,TQQQ,68625.71054505587,0.0,5.142357349395752,False
2017-11-30,372802.5545780899,TQQQ,68625.71054505587,0.0,5.142357349395752,False
2017-12-01,367826.38949746365,TQQQ,68625.71054505587,0.0,5.432403564453125,False
2017-12-04,355127.7573240089,TQQQ,68625.71054505587,0.0,5.432403564453125,False
2017-12-05,355644.359884231,TQQQ,68625.71054505587,0.0,5.432403564453125,False
2017-12-06,360348.5944349627,TQQQ,68625.71054505587,0.0,5.432403564453125,False
2017-12-07,363910.7862067149,TQQQ,68625.71054505587,0.0,5.432403564453125,False
2017-12-08,368723.7602461157,TQQQ,68625.71054505587,0.0,5.432403564453125,False
2017-12-11,377180.4070463706,TQQQ,68625.71054505587,0.0,5.432403564453125,False
2017-12-12,375766.56463065173,TQQQ,68625.71054505587,0.0,5.432403564453125,False
2017-12-13,377642.7871170577,TQQQ,68625.71054505587,0.0,5.432403564453125,False
2017-12-14,377098.860610691,TQQQ,68625.71054505587,0.0,5.432403564453125,False
2017-12-15,389362.43665960326,TQQQ,68625.71054505587,0.0,5.432403564453125,False
2017-12-18,399369.12020354596,TQQQ,68625.71054505587,0.0,5.432403564453125,False
2017-12-19,392870.2423253766,TQQQ,68625.71054505587,0.0,5.432403564453125,False
2017-12-20,391238.6591460093,TQQQ,68625.71054505587,0.0,5.432403564453125,False
2017-12-21,391048.4386682383,TQQQ,68625.71054505587,0.0,5.432403564453125,False
2017-12-22,389743.10667816683,TQQQ,68625.71054505587,0.0,5.432403564453125,False
2017-12-26,383434.6456175013,TQQQ,68625.71054505587,0.0,5.432403564453125,False
2017-12-27,383434.6456175013,TQQQ,68625.71054505587,0.0,5.432403564453125,False
2017-12-28,384467.88346123416,TQQQ,68625.71054505587,0.0,5.432403564453125,False
2017-12-29,377207.66554593766,TQQQ,68625.71054505587,0.0,5.432403564453125,False
2018-01-02,396568.36663878727,TQQQ,68625.71054505587,0.0,5.496593952178955,False
2018-01-03,408179.3421392414,TQQQ,68625.71054505587,0.0,5.496593952178955,False
2018-01-04,410572.29807902465,TQQQ,68625.71054505587,0.0,5.496593952178955,False
2018-01-05,422971.83939288417,TQQQ,68625.71054505587,0.0,5.496593952178955,False
2018-01-08,427675.9757737495,TQQQ,68625.71054505587,0.0,5.496593952178955,False
2018-01-09,428002.39057948935,TQQQ,68625.71054505587,0.0,5.496593952178955,False
2018-01-10,424956.93226111436,TQQQ,68625.71054505587,0.0,5.496593952178955,False
2018-01-11,433467.9651673482,TQQQ,68625.71054505587,0.0,5.496593952178955,False
2018-01-12,442658.85712160723,TQQQ,68625.71054505587,0.0,5.496593952178955,False
2018-01-16,439232.6306148023,TQQQ,68625.71054505587,0.0,5.496593952178955,False
2018-01-17,453073.4037371029,TQQQ,68625.71054505587,0.0,5.496593952178955,False
2018-01-18,453508.4598616454,TQQQ,68625.71054505587,0.0,5.496593952178955,False
2018-01-19,457859.11927693663,TQQQ,68625.71054505587,0.0,5.496593952178955,False
2018-01-22,472162.174300058,TQQQ,68625.71054505587,0.0,5.496593952178955,False
2018-01-23,484126.62676608626,TQQQ,68625.71054505587,0.0,5.496593952178955,False
2018-01-24,474310.42548622494,TQQQ,68625.71054505587,0.0,5.496593952178955,False
2018-01-25,473712.1455971681,TQQQ,68625.71054505587,0.0,5.496593952178955,False
2018-01-26,494867.52274074417,TQQQ,68625.71054505587,0.0,5.496593952178955,False
2018-01-29,488314.2260333071,TQQQ,68625.71054505587,0.0,5.496593952178955,False
2018-01-30,475833.1055604792,TQQQ,68625.71054505587,0.0,5.496593952178955,False
2018-01-31,481706.57594317995,TQQQ,68625.71054505587,0.0,5.496593952178955,False
2018-02-01,469660.60976476094,TQQQ,68625.71054505587,0.0,7.019330978393555,False
2018-02-02,443170.0498677255,CASH,0.0,443170.0498677255,,False
2018-02-05,443170.0498677255,CASH,0.0,443170.0498677255,,False
2018-02-06,443170.0498677255,CASH,0.0,443170.0498677255,,False
2018-02-07,443170.0498677255,CASH,0.0,443170.0498677255,,False
2018-02-08,443170.0498677255,CASH,0.0,443170.0498677255,,False
2018-02-09,443170.0498677255,CASH,0.0,443170.0498677255,,False
2018-02-12,443170.0498677255,CASH,0.0,443170.0498677255,,False
2018-02-13,443170.0498677255,CASH,0.0,443170.0498677255,,False
2018-02-14,443170.0498677255,CASH,0.0,443170.0498677255,,False
2018-02-15,443170.0498677255,CASH,0.0,443170.0498677255,,False
2018-02-16,443170.0498677255,CASH,0.0,443170.0498677255,,False
2018-02-20,443170.0498677255,CASH,0.0,443170.0498677255,,False
2018-02-21,443170.0498677255,CASH,0.0,443170.0498677255,,False
2018-02-22,443170.0498677255,CASH,0.0,443170.0498677255,,False
2018-02-23,443170.0498677255,CASH,0.0,443170.0498677255,,False
2018-02-26,443170.0498677255,CASH,0.0,443170.0498677255,,False
2018-02-27,443170.0498677255,CASH,0.0,443170.0498677255,,False
2018-02-28,443170.0498677255,CASH,0.0,443170.0498677255,,False
2018-03-01,443170.04986772547,TECL,39056.63454626401,0.0,11.346857070922852,False
2018-03-02,455672.6679278105,TECL,39056.63454626401,0.0,11.346857070922852,False
2018-03-05,469169.8636395434,TECL,39056.63454626401,0.0,11.346857070922852,False
2018-03-06,472402.07339450746,TECL,39056.63454626401,0.0,11.346857070922852,False
2018-03-07,480287.3287631637,TECL,39056.63454626401,0.0,11.346857070922852,False
2018-03-08,486112.3982097805,TECL,39056.63454626401,0.0,11.346857070922852,False
2018-03-09,513533.0478403267,TECL,39056.63454626401,0.0,11.346857070922852,False
2018-03-12,518434.681995967,TECL,39056.63454626401,0.0,11.346857070922852,False
2018-03-13,501101.423151676,TECL,39056.63454626401,0.0,11.346857070922852,False
2018-03-14,499609.6311688227,TECL,39056.63454626401,0.0,11.346857070922852,False
2018-03-15,500462.0730883648,TECL,39056.63454626401,0.0,11.346857070922852,False
2018-03-16,498153.261377068,TECL,39056.63454626401,0.0,11.346857070922852,False
2018-03-19,468495.0541378243,TECL,39056.63454626401,0.0,11.346857070922852,False
2018-03-20,468210.8571682312,TECL,39056.63454626401,0.0,11.346857070922852,False
2018-03-21,459615.29561213864,TECL,39056.63454626401,0.0,11.346857070922852,False
2018-03-22,423137.29228539317,TECL,39056.63454626401,0.0,11.346857070922852,False
2018-03-23,407716.44587830745,CASH,0.0,407716.44587830745,,False
2018-03-26,407716.44587830745,CASH,0.0,407716.44587830745,,False
2018-03-27,407716.44587830745,CASH,0.0,407716.44587830745,,False
2018-03-28,407716.44587830745,CASH,0.0,407716.44587830745,,False
2018-03-29,407716.44587830745,CASH,0.0,407716.44587830745,,False
2018-04-02,407716.44587830745,TQQQ,78463.64412261256,0.0,5.19624662399292,False
2018-04-03,421396.15379152424,TQQQ,78463.64412261256,0.0,5.19624662399292,False
2018-04-04,441324.88646243484,TQQQ,78463.64412261256,0.0,5.19624662399292,False
2018-04-05,448257.9957638993,TQQQ,78463.64412261256,0.0,5.19624662399292,False
2018-04-06,414805.04934756405,TQQQ,78463.64412261256,0.0,5.19624662399292,False
2018-04-09,423106.06583590235,TQQQ,78463.64412261256,0.0,5.19624662399292,False
2018-04-10,451056.1050821546,TQQQ,78463.64412261256,0.0,5.19624662399292,False
2018-04-11,443470.15224512597,TQQQ,78463.64412261256,0.0,5.19624662399292,False
2018-04-12,459015.19154175086,TQQQ,78463.64412261256,0.0,5.19624662399292,False
2018-04-13,452206.5224717774,TQQQ,78463.64412261256,0.0,5.19624662399292,False
2018-04-16,462186.43448257376,TQQQ,78463.64412261256,0.0,5.19624662399292,False
2018-04-17,491753.2239643008,TQQQ,78463.64412261256,0.0,5.19624662399292,False
2018-04-18,495173.0854674381,TQQQ,78463.64412261256,0.0,5.19624662399292,False
2018-04-19,481711.01700899674,TQQQ,78463.64412261256,0.0,5.19624662399292,False
2018-04-20,458611.0039828822,TQQQ,78463.64412261256,0.0,5.19624662399292,False
2018-04-23,455004.5943756516,TQQQ,78463.64412261256,0.0,5.19624662399292,False
2018-04-24,425997.4492062043,TQQQ,78463.64412261256,0.0,5.19624662399292,False
2018-04-25,427676.41955742455,TQQQ,78463.64412261256,0.0,5.19624662399292,False
2018-04-26,454196.1444291521,TQQQ,78463.64412261256,0.0,5.19624662399292,False
2018-04-27,455253.36259549035,TQQQ,78463.64412261256,0.0,5.19624662399292,False
2018-04-30,445553.19791207166,TQQQ,78463.64412261256,0.0,5.19624662399292,False
2018-05-01,460041.2435286448,TQQQ,78463.64412261256,0.0,5.678466796875,False
2018-05-02,452019.97436768416,TQQQ,78463.64412261256,0.0,5.678466796875,False
2018-05-03,452050.9534752231,TQQQ,78463.64412261256,0.0,5.678466796875,False
2018-05-04,477482.8178025032,TQQQ,78463.64412261256,0.0,5.678466796875,False
2018-05-07,488830.71182893554,TQQQ,78463.64412261256,0.0,5.678466796875,False
2018-05-08,487213.9241790797,TQQQ,78463.64412261256,0.0,5.678466796875,False
2018-05-09,503536.28465714084,TQQQ,78463.64412261256,0.0,5.678466796875,False
2018-05-10,519205.8390140189,TQQQ,78463.64412261256,0.0,5.678466796875,False
2018-05-11,517651.23406552745,TQQQ,78463.64412261256,0.0,5.678466796875,False
2018-05-14,519951.8443584864,TQQQ,78463.64412261256,0.0,5.678466796875,False
2018-05-15,503132.20934141544,TQQQ,78463.64412261256,0.0,5.678466796875,False
2018-05-16,512396.9454577589,TQQQ,78463.64412261256,0.0,5.678466796875,False
2018-05-17,506614.21613153606,TQQQ,78463.64412261256,0.0,5.678466796875,False
2018-05-18,498499.6355041477,TQQQ,78463.64412261256,0.0,5.678466796875,False
2018-05-21,507204.98920887907,TQQQ,78463.64412261256,0.0,5.678466796875,False
2018-05-22,504562.1869865104,TQQQ,78463.64412261256,0.0,5.678466796875,False
2018-05-23,517247.15874980204,TQQQ,78463.64412261256,0.0,5.678466796875,False
2018-05-24,516811.76759710786,TQQQ,78463.64412261256,0.0,5.678466796875,False
2018-05-25,518117.5294969984,TQQQ,78463.64412261256,0.0,5.678466796875,False
2018-05-29,511495.44594549923,TQQQ,78463.64412261256,0.0,5.678466796875,False
2018-05-30,522408.09847676184,TQQQ,78463.64412261256,0.0,5.678466796875,False
2018-05-31,521288.80985220236,TQQQ,78463.64412261256,0.0,5.678466796875,False
2018-06-01,545539.1654391775,TQQQ,78463.64412261256,0.0,6.643698692321777,False
2018-06-04,559529.7868592164,TQQQ,78463.64412261256,0.0,6.643698692321777,False
2018-06-05,565312.5910142014,TQQQ,78463.64412261256,0.0,6.643698692321777,False
2018-06-06,574639.4724175282,TQQQ,78463.64412261256,0.0,6.643698692321777,False
2018-06-07,561301.8441905779,TQQQ,78463.64412261256,0.0,6.643698692321777,False
2018-06-08,560928.7479823914,TQQQ,78463.64412261256,0.0,6.643698692321777,False
2018-06-11,565312.5910142014,TQQQ,78463.64412261256,0.0,6.643698692321777,False
2018-06-12,574266.4510381039,TQQQ,78463.64412261256,0.0,6.643698692321777,False
2018-06-13,573613.6075025398,TQQQ,78463.64412261256,0.0,6.643698692321777,False
2018-06-14,591055.144362017,TQQQ,78463.64412261256,0.0,6.643698692321777,False
2018-06-15,585179.1783981286,TQQQ,78463.64412261256,0.0,6.643698692321777,False
2018-06-18,583873.379083857,TQQQ,78463.64412261256,0.0,6.643698692321777,False
2018-06-19,578650.1818267707,TQQQ,78463.64412261256,0.0,6.643698692321777,False
2018-06-20,590775.3970346394,TQQQ,78463.64412261256,0.0,6.643698692321777,False
2018-06-21,575478.9388859478,TQQQ,78463.64412261256,0.0,6.643698692321777,False
2018-06-22,569696.1721453439,TQQQ,78463.64412261256,0.0,6.643698692321777,False
2018-06-25,533320.6761792622,TQQQ,78463.64412261256,0.0,6.643698692321777,False
2018-06-26,539196.7169719128,TQQQ,78463.64412261256,0.0,6.643698692321777,False
2018-06-27,517558.0722566241,TQQQ,78463.64412261256,0.0,6.643698692321777,False
2018-06-28,530242.8569480103,TQQQ,78463.64412261256,0.0,6.643698692321777,False
2018-06-29,532667.795229317,TQQQ,78463.64412261256,0.0,6.643698692321777,False
2018-07-02,544606.4623330923,TECL,43543.12967303645,0.0,12.507287979125977,False
2018-07-03,524610.71383925,TECL,43543.12967303645,0.0,12.507287979125977,False
2018-07-05,546193.5016414917,TECL,43543.12967303645,0.0,12.507287979125977,False
2018-07-06,565951.2233072493,TECL,43543.12967303645,0.0,12.507287979125977,False
2018-07-09,578726.2710029937,TECL,43543.12967303645,0.0,12.507287979125977,False
2018-07-10,582773.0177621862,TECL,43543.12967303645,0.0,12.507287979125977,False
2018-07-11,573727.2923535686,TECL,43543.12967303645,0.0,12.507287979125977,False
2018-07-12,602372.0271919109,TECL,43543.12967303645,0.0,12.507287979125977,False
2018-07-13,600705.7148174241,TECL,43543.12967303645,0.0,12.507287979125977,False
2018-07-16,596619.3522881699,TECL,43543.12967303645,0.0,12.507287979125977,False
2018-07-17,609076.9755118488,TECL,43543.12967303645,0.0,12.507287979125977,False
2018-07-18,606379.1166550774,TECL,43543.12967303645,0.0,12.507287979125977,False
2018-07-19,600269.3599832449,TECL,43543.12967303645,0.0,12.507287979125977,False
2018-07-20,599356.8269150028,TECL,43543.12967303645,0.0,12.507287979125977,False
2018-07-23,608323.0716277107,TECL,43543.12967303645,0.0,12.507287979125977,False
2018-07-24,618955.7532927986,TECL,43543.12967303645,0.0,12.507287979125977,False
2018-07-25,641133.6081652523,TECL,43543.12967303645,0.0,12.507287979125977,False
2018-07-26,612568.2294449265,TECL,43543.12967303645,0.0,12.507287979125977,False
2018-07-27,579599.1467752097,TECL,43543.12967303645,0.0,12.507287979125977,False
2018-07-30,553453.90126158,TECL,43543.12967303645,0.0,12.507287979125977,False
2018-07-31,558095.6320390557,TECL,43543.12967303645,0.0,12.507287979125977,False
2018-08-01,571902.3092690133,TECL,43543.12967303645,0.0,12.817076683044434,False
2018-08-02,594397.5470875682,TECL,43543.12967303645,0.0,12.817076683044434,False
2018-08-03,600666.1405733268,TECL,43543.12967303645,0.0,12.817076683044434,False
2018-08-06,610743.2878863356,TECL,43543.12967303645,0.0,12.817076683044434,False
2018-08-07,616972.0994981751,TECL,43543.12967303645,0.0,12.817076683044434,False
2018-08-08,621534.640261492,TECL,43543.12967303645,0.0,12.817076683044434,False
2018-08-09,622288.4610937012,TECL,43543.12967303645,0.0,12.817076683044434,False
2018-08-10,607648.6484394823,TECL,43543.12967303645,0.0,12.817076683044434,False
2018-08-13,605307.9959286959,TECL,43543.12967303645,0.0,12.817076683044434,False
2018-08-14,616257.9774879562,TECL,43543.12967303645,0.0,12.817076683044434,False
2018-08-15,599991.5512812408,TECL,43543.12967303645,0.0,12.817076683044434,False
2018-08-16,606815.5960671499,TECL,43543.12967303645,0.0,12.817076683044434,False
2018-08-17,609711.6583521223,TECL,43543.12967303645,0.0,12.817076683044434,False
2018-08-20,606498.1300691199,TECL,43543.12967303645,0.0,12.817076683044434,False
2018-08-21,608957.7959939487,TECL,43543.12967303645,0.0,12.817076683044434,False
2018-08-22,614274.3236933326,TECL,43543.12967303645,0.0,12.817076683044434,False
2018-08-23,617725.9203303843,TECL,43543.12967303645,0.0,12.817076683044434,False
2018-08-24,636491.7528098833,TECL,43543.12967303645,0.0,12.817076683044434,False
2018-08-27,654186.5060889652,TECL,43543.12967303645,0.0,12.817076683044434,False
2018-08-28,656249.5575275697,TECL,43543.12967303645,0.0,12.817076683044434,False
2018-08-29,674578.9105949963,TECL,43543.12967303645,0.0,12.817076683044434,False
2018-08-30,668865.768409388,TECL,43543.12967303645,0.0,12.817076683044434,False
2018-08-31,670452.766191823,TECL,43543.12967303645,0.0,12.817076683044434,False
2018-09-04,662716.3544415295,TECL,43543.12967303645,0.0,15.397440910339355,False
2018-09-05,635976.0003317234,TECL,43543.12967303645,0.0,15.397440910339355,False
2018-09-06,616816.5448964771,CASH,0.0,616816.5448964771,,False
2018-09-07,616816.5448964771,CASH,0.0,616816.5448964771,,False
2018-09-10,616816.5448964771,CASH,0.0,616816.5448964771,,False
2018-09-11,616816.5448964771,CASH,0.0,616816.5448964771,,False
2018-09-12,616816.5448964771,CASH,0.0,616816.5448964771,,False
2018-09-13,616816.5448964771,CASH,0.0,616816.5448964771,,False
2018-09-14,616816.5448964771,CASH,0.0,616816.5448964771,,False
2018-09-17,616816.5448964771,CASH,0.0,616816.5448964771,,False
2018-09-18,616816.5448964771,CASH,0.0,616816.5448964771,,False
2018-09-19,616816.5448964771,CASH,0.0,616816.5448964771,,False
2018-09-20,616816.5448964771,CASH,0.0,616816.5448964771,,False
2018-09-21,616816.5448964771,CASH,0.0,616816.5448964771,,False
2018-09-24,616816.5448964771,CASH,0.0,616816.5448964771,,False
2018-09-25,616816.5448964771,CASH,0.0,616816.5448964771,,False
2018-09-26,616816.5448964771,CASH,0.0,616816.5448964771,,False
2018-09-27,616816.5448964771,CASH,0.0,616816.5448964771,,False
2018-09-28,616816.5448964771,CASH,0.0,616816.5448964771,,False
2018-10-01,616816.5448964771,TQQQ,72522.1442337496,0.0,8.505216598510742,False
2018-10-02,613282.064173171,TQQQ,72522.1442337496,0.0,8.505216598510742,False
2018-10-03,615092.3927762654,TQQQ,72522.1442337496,0.0,8.505216598510742,False
2018-10-04,567471.221304759,CASH,0.0,567471.221304759,,False
2018-10-05,567471.221304759,CASH,0.0,567471.221304759,,False
2018-10-08,567471.221304759,CASH,0.0,567471.221304759,,False
2018-10-09,567471.221304759,CASH,0.0,567471.221304759,,False
2018-10-10,567471.221304759,CASH,0.0,567471.221304759,,False
2018-10-11,567471.221304759,CASH,0.0,567471.221304759,,False
2018-10-12,567471.221304759,CASH,0.0,567471.221304759,,False
2018-10-15,567471.221304759,CASH,0.0,567471.221304759,,False
2018-10-16,567471.221304759,CASH,0.0,567471.221304759,,False
2018-10-17,567471.221304759,CASH,0.0,567471.221304759,,False
2018-10-18,567471.221304759,CASH,0.0,567471.221304759,,False
2018-10-19,567471.221304759,CASH,0.0,567471.221304759,,False
2018-10-22,567471.221304759,CASH,0.0,567471.221304759,,False
2018-10-23,567471.221304759,CASH,0.0,567471.221304759,,False
2018-10-24,567471.221304759,CASH,0.0,567471.221304759,,False
2018-10-25,567471.221304759,CASH,0.0,567471.221304759,,False
2018-10-26,567471.221304759,CASH,0.0,567471.221304759,,False
2018-10-29,567471.221304759,CASH,0.0,567471.221304759,,False
2018-10-30,567471.221304759,CASH,0.0,567471.221304759,,False
2018-10-31,567471.221304759,CASH,0.0,567471.221304759,,False
2018-11-01,567471.221304759,SHY,8118.9221685894645,0.0,69.89489608610798,False
2018-11-02,566787.4785842219,SHY,8118.9221685894645,0.0,69.89489608610798,False
2018-11-05,566992.7138580674,SHY,8118.9221685894645,0.0,69.89489608610798,False
2018-11-06,566855.7653891878,SHY,8118.9221685894645,0.0,69.89489608610798,False
2018-11-07,566650.90497429,SHY,8118.9221685894645,0.0,69.89489608610798,False
2018-11-08,566581.9309279203,SHY,8118.9221685894645,0.0,69.89489608610798,False
2018-11-09,566855.7653891878,SHY,8118.9221685894645,0.0,69.89489608610798,False
2018-11-12,567266.2359368787,SHY,8118.9221685894645,0.0,69.89489608610798,False
2018-11-13,567334.8976007922,SHY,8118.9221685894645,0.0,69.89489608610798,False
2018-11-14,567744.9308130443,SHY,8118.9221685894645,0.0,69.89489608610798,False
2018-11-15,568018.6403213294,SHY,8118.9221685894645,0.0,69.89489608610798,False
2018-11-16,568428.798486564,SHY,8118.9221685894645,0.0,69.89489608610798,False
2018-11-19,568907.5558392209,SHY,8118.9221685894645,0.0,69.89489608610798,False
2018-11-20,568770.9197527978,SHY,8118.9221685894645,0.0,69.89489608610798,False
2018-11-21,568770.9197527978,SHY,8118.9221685894645,0.0,69.89489608610798,False
2018-11-23,568634.0962369007,SHY,8118.9221685894645,0.0,69.89489608610798,False
2018-11-26,568702.4455183579,SHY,8118.9221685894645,0.0,69.89489608610798,False
2018-11-27,568770.9197527978,SHY,8118.9221685894645,0.0,69.89489608610798,False
2018-11-28,568975.7801676955,SHY,8118.9221685894645,0.0,69.89489608610798,False
2018-11-29,569112.7911130664,SHY,8118.9221685894645,0.0,69.89489608610798,False
2018-11-30,569317.8389574378,SHY,8118.9221685894645,0.0,69.89489608610798,False
2018-12-03,568852.0767149668,GLD,4886.625365686885,0.0,116.41000366210938,False
2018-12-04,572321.5762507654,GLD,4886.625365686885,0.0,116.41000366210938,False
2018-12-06,572419.2923540022,GLD,4886.625365686885,0.0,116.41000366210938,False
2018-12-07,577061.5715386077,GLD,4886.625365686885,0.0,116.41000366210938,False
2018-12-10,575058.0745253123,GLD,4886.625365686885,0.0,116.41000366210938,False
2018-12-11,574373.9499566756,GLD,4886.625365686885,0.0,116.41000366210938,False
2018-12-12,575595.6062980973,GLD,4886.625365686885,0.0,116.41000366210938,False
2018-12-13,574325.0732640608,GLD,4886.625365686885,0.0,116.41000366210938,False
2018-12-14,572028.353377069,GLD,4886.625365686885,0.0,116.41000366210938,False
2018-12-17,575986.5452750305,GLD,4886.625365686885,0.0,116.41000366210938,False
2018-12-18,577354.7944123041,GLD,4886.625365686885,0.0,116.41000366210938,False
2018-12-19,573836.4181838906,GLD,4886.625365686885,0.0,116.41000366210938,False
2018-12-20,582681.1981655462,GLD,4886.625365686885,0.0,116.41000366210938,False
2018-12-21,580140.1693794659,GLD,4886.625365686885,0.0,116.41000366210938,False
2018-12-24,586492.7599856631,GLD,4886.625365686885,0.0,116.41000366210938,False
2018-12-26,584733.6091534492,GLD,4886.625365686885,0.0,116.41000366210938,False
2018-12-27,589180.418849588,GLD,4886.625365686885,0.0,116.41000366210938,False
2018-12-28,591574.8548398166,GLD,4886.625365686885,0.0,116.41000366210938,False
2018-12-31,592503.3255895348,GLD,4886.625365686885,0.0,116.41000366210938,False
2019-01-02,592894.2645664681,GLD,4886.625365686885,0.0,121.25,False
2019-01-03,598269.545012325,GLD,4886.625365686885,0.0,121.25,False
2019-01-04,593431.796339253,GLD,4886.625365686885,0.0,121.25,False
2019-01-07,595484.1700451632,GLD,4886.625365686885,0.0,121.25,False
2019-01-08,593871.5747268082,GLD,4886.625365686885,0.0,121.25,False
2019-01-09,597683.1365469252,GLD,4886.625365686885,0.0,121.25,False
2019-01-10,594164.7603185117,GLD,4886.625365686885,0.0,121.25,False
2019-01-11,595190.9844534597,GLD,4886.625365686885,0.0,121.25,False
2019-01-14,596608.0730013552,GLD,4886.625365686885,0.0,121.25,False
2019-01-15,595581.8861484001,GLD,4886.625365686885,0.0,121.25,False
2019-01-16,597487.6670584586,GLD,4886.625365686885,0.0,121.25,False
2019-01-17,596705.8263865849,GLD,4886.625365686885,0.0,121.25,False
2019-01-18,591379.38535135,GLD,4886.625365686885,0.0,121.25,False
2019-01-22,593480.635749875,GLD,4886.625365686885,0.0,121.25,False
2019-01-23,592649.9183853866,GLD,4886.625365686885,0.0,121.25,False
2019-01-24,591721.4476356683,GLD,4886.625365686885,0.0,121.25,False
2019-01-25,600370.7954108501,GLD,4886.625365686885,0.0,121.25,False
2019-01-28,602472.0458093751,GLD,4886.625365686885,0.0,121.25,False
2019-01-29,605843.8292419368,GLD,4886.625365686885,0.0,121.25,False
2019-01-30,609313.3287777354,GLD,4886.625365686885,0.0,121.25,False
2019-01-31,609606.5143694389,GLD,4886.625365686885,0.0,121.25,False
2019-02-01,608384.8580280172,GLD,4886.625365686885,0.0,124.75,False
2019-02-04,605746.0758567071,GLD,4886.625365686885,0.0,124.75,False
2019-02-05,607309.7944824472,GLD,4886.625365686885,0.0,124.75,False
2019-02-06,603205.0470706268,GLD,4886.625365686885,0.0,124.75,False
2019-02-07,604671.0123111372,GLD,4886.625365686885,0.0,124.75,False
2019-02-08,606967.7321981288,GLD,4886.625365686885,0.0,124.75,False
2019-02-11,603986.8877425004,GLD,4886.625365686885,0.0,124.75,False
2019-02-12,605257.420776537,GLD,4886.625365686885,0.0,124.75,False
2019-02-13,602862.9847863084,GLD,4886.625365686885,0.0,124.75,False
2019-02-14,606234.7309368772,GLD,4886.625365686885,0.0,124.75,False
2019-02-15,609850.8605505204,GLD,4886.625365686885,0.0,124.75,False
2019-02-19,619135.4189197312,GLD,4886.625365686885,0.0,124.75,False
2019-02-20,618060.392656154,GLD,4886.625365686885,0.0,124.75,False
2019-02-21,611072.5168919421,GLD,4886.625365686885,0.0,124.75,False
2019-02-22,613271.483393704,GLD,4886.625365686885,0.0,124.75,False
2019-02-25,612636.2355176822,GLD,4886.625365686885,0.0,124.75,False
2019-02-26,613662.4223706373,GLD,4886.625365686885,0.0,124.75,False
2019-02-27,609313.3287777354,GLD,4886.625365686885,0.0,124.75,False
2019-02-28,605892.6686525588,GLD,4886.625365686885,0.0,124.75,False
2019-03-01,595581.8861484001,GLD,4886.625365686885,0.0,123.98999786376953,False
2019-03-04,594018.16752266,GLD,4886.625365686885,0.0,123.98999786376953,False
2019-03-05,594800.0454765265,GLD,4886.625365686885,0.0,123.98999786376953,False
2019-03-06,594262.5137037415,GLD,4886.625365686885,0.0,123.98999786376953,False
2019-03-07,593773.8586235713,GLD,4886.625365686885,0.0,123.98999786376953,False
2019-03-08,600273.0420256204,GLD,4886.625365686885,0.0,123.98999786376953,False
2019-03-11,597341.0742626068,GLD,4886.625365686885,0.0,123.98999786376953,False
2019-03-12,600957.20387625,GLD,4886.625365686885,0.0,123.98999786376953,False
2019-03-13,605159.6673913073,GLD,4886.625365686885,0.0,123.98999786376953,False
2019-03-14,598171.8289090882,GLD,4886.625365686885,0.0,123.98999786376953,False
2019-03-15,600908.3271836351,GLD,4886.625365686885,0.0,123.98999786376953,False
2019-03-18,601250.3894679535,GLD,4886.625365686885,0.0,123.98999786376953,False
2019-03-19,602911.8241969304,GLD,4886.625365686885,0.0,123.98999786376953,False
2019-03-20,606821.1394022771,GLD,4886.625365686885,0.0,123.98999786376953,False
2019-03-21,604377.8267194337,GLD,4886.625365686885,0.0,123.98999786376953,False
2019-03-22,605794.9525493219,GLD,4886.625365686885,0.0,123.98999786376953,False
2019-03-25,610437.2317339274,GLD,4886.625365686885,0.0,123.98999786376953,False
2019-03-26,607407.5478676769,GLD,4886.625365686885,0.0,123.98999786376953,False
2019-03-27,604231.2339235819,GLD,4886.625365686885,0.0,123.98999786376953,False
2019-03-28,595679.6395336299,GLD,4886.625365686885,0.0,123.98999786376953,False
2019-03-29,596217.1713064148,GLD,4886.625365686885,0.0,123.98999786376953,False
2019-04-01,593871.5747268082,GLD,4886.625365686885,0.0,122.01000213623047,False
2019-04-02,596070.578510563,GLD,4886.625365686885,0.0,122.01000213623047,False
2019-04-03,595190.9844534597,GLD,4886.625365686885,0.0,122.01000213623047,False
2019-04-04,596705.8263865849,GLD,4886.625365686885,0.0,122.01000213623047,False
2019-04-05,596070.578510563,GLD,4886.625365686885,0.0,122.01000213623047,False
2019-04-08,598660.4839892583,GLD,4886.625365686885,0.0,122.01000213623047,False
2019-04-09,601787.9212407385,GLD,4886.625365686885,0.0,122.01000213623047,False
2019-04-10,603644.825458182,GLD,4886.625365686885,0.0,122.01000213623047,False
2019-04-11,595923.9484327185,GLD,4886.625365686885,0.0,122.01000213623047,False
2019-04-12,595337.5772493115,GLD,4886.625365686885,0.0,122.01000213623047,False
2019-04-15,594213.6370111266,GLD,4886.625365686885,0.0,122.01000213623047,False
2019-04-16,588887.2332578845,GLD,4886.625365686885,0.0,122.01000213623047,False
2019-04-17,587763.2930196996,GLD,4886.625365686885,0.0,122.01000213623047,False
2019-04-18,588203.1086892477,GLD,4886.625365686885,0.0,122.01000213623047,False
2019-04-22,588203.1086892477,GLD,4886.625365686885,0.0,122.01000213623047,False
2019-04-23,586981.452347826,GLD,4886.625365686885,0.0,122.01000213623047,False
2019-04-24,588691.7637694179,GLD,4886.625365686885,0.0,122.01000213623047,False
2019-04-25,589180.418849588,GLD,4886.625365686885,0.0,122.01000213623047,False
2019-04-26,593089.7340549346,GLD,4886.625365686885,0.0,122.01000213623047,False
2019-04-29,590450.9518836245,GLD,4886.625365686885,0.0,122.01000213623047,False
2019-04-30,592258.9794084533,GLD,4886.625365686885,0.0,122.01000213623047,False
2019-05-01,588349.7014850995,TQQQ,75632.19281777735,0.0,7.779090881347656,False
2019-05-02,581145.1122176548,TQQQ,75632.19281777735,0.0,7.779090881347656,False
2019-05-03,608522.6668395123,TQQQ,75632.19281777735,0.0,7.779090881347656,False
2019-05-06,597625.6764349754,TQQQ,75632.19281777735,0.0,7.779090881347656,False
2019-05-07,562863.3195389333,TQQQ,75632.19281777735,0.0,7.779090881347656,False
2019-05-08,557910.1847037,TQQQ,75632.19281777735,0.0,7.779090881347656,False
2019-05-09,539988.5097879255,CASH,0.0,539988.5097879255,,False
2019-05-10,539988.5097879255,CASH,0.0,539988.5097879255,,False
2019-05-13,539988.5097879255,CASH,0.0,539988.5097879255,,False
2019-05-14,539988.5097879255,CASH,0.0,539988.5097879255,,False
2019-05-15,539988.5097879255,CASH,0.0,539988.5097879255,,False
2019-05-16,539988.5097879255,CASH,0.0,539988.5097879255,,False
2019-05-17,539988.5097879255,CASH,0.0,539988.5097879255,,False
2019-05-20,539988.5097879255,CASH,0.0,539988.5097879255,,False
2019-05-21,539988.5097879255,CASH,0.0,539988.5097879255,,False
2019-05-22,539988.5097879255,CASH,0.0,539988.5097879255,,False
2019-05-23,539988.5097879255,CASH,0.0,539988.5097879255,,False
2019-05-24,539988.5097879255,CASH,0.0,539988.5097879255,,False
2019-05-28,539988.5097879255,CASH,0.0,539988.5097879255,,False
2019-05-29,539988.5097879255,CASH,0.0,539988.5097879255,,False
2019-05-30,539988.5097879255,CASH,0.0,539988.5097879255,,False
2019-05-31,539988.5097879255,CASH,0.0,539988.5097879255,,False
2019-06-03,539988.5097879255,TECL,50323.59435631943,0.0,10.730324745178223,False
2019-06-04,593752.6255330715,TECL,50323.59435631943,0.0,10.730324745178223,False
2019-06-05,618701.3368128871,TECL,50323.59435631943,0.0,10.730324745178223,False
2019-06-06,639185.0826529633,TECL,50323.59435631943,0.0,10.730324745178223,False
2019-06-07,674122.4833715751,TECL,50323.59435631943,0.0,10.730324745178223,False
2019-06-10,694099.9102414869,TECL,50323.59435631943,0.0,10.730324745178223,False
2019-06-11,695250.7180695033,TECL,50323.59435631943,0.0,10.730324745178223,False
2019-06-12,683052.4622433734,TECL,50323.59435631943,0.0,10.730324745178223,False
2019-06-13,688898.5026598353,TECL,50323.59435631943,0.0,10.730324745178223,False
2019-06-14,670117.8602599701,TECL,50323.59435631943,0.0,10.730324745178223,False
2019-06-17,673708.2616624292,TECL,50323.59435631943,0.0,10.730324745178223,False
2019-06-18,708737.7596420596,TECL,50323.59435631943,0.0,10.730324745178223,False
2019-06-19,716977.3689986146,TECL,50323.59435631943,0.0,10.730324745178223,False
2019-06-20,747265.5617631305,TECL,50323.59435631943,0.0,10.730324745178223,False
2019-06-21,736770.6013464893,TECL,50323.59435631943,0.0,10.730324745178223,False
2019-06-24,740867.3697114323,TECL,50323.59435631943,0.0,10.730324745178223,False
2019-06-25,699807.7327779419,TECL,50323.59435631943,0.0,10.730324745178223,False
2019-06-26,722178.8725649051,TECL,50323.59435631943,0.0,10.730324745178223,False
2019-06-27,727518.4020419248,TECL,50323.59435631943,0.0,10.730324745178223,False
2019-06-28,729958.0436086869,TECL,50323.59435631943,0.0,10.730324745178223,False
2019-07-01,762962.2657076593,TECL,50323.59435631943,0.0,14.505284309387207,False
2019-07-02,768716.2088631027,TECL,50323.59435631943,0.0,14.505284309387207,False
2019-07-03,784182.4056973283,TECL,50323.59435631943,0.0,14.505284309387207,False
2019-07-05,781420.5916901194,TECL,50323.59435631943,0.0,14.505284309387207,False
2019-07-08,762547.8520292356,TECL,50323.59435631943,0.0,14.505284309387207,False
2019-07-09,770005.1385864873,TECL,50323.59435631943,0.0,14.505284309387207,False
2019-07-10,787726.7824654379,TECL,50323.59435631943,0.0,14.505284309387207,False
2019-07-11,796978.837793044,TECL,50323.59435631943,0.0,14.505284309387207,False
2019-07-12,814931.1807515757,TECL,50323.59435631943,0.0,14.505284309387207,False
2019-07-15,821375.5894069012,TECL,50323.59435631943,0.0,14.505284309387207,False
2019-07-16,798728.109844563,TECL,50323.59435631943,0.0,14.505284309387207,False
2019-07-17,792928.2860317284,TECL,50323.59435631943,0.0,14.505284309387207,False
2019-07-18,811110.5122004106,TECL,50323.59435631943,0.0,14.505284309387207,False
2019-07-19,797347.418806396,TECL,50323.59435631943,0.0,14.505284309387207,False
2019-07-22,827267.2225268377,TECL,50323.59435631943,0.0,14.505284309387207,False
2019-07-23,839603.5522560163,TECL,50323.59435631943,0.0,14.505284309387207,False
2019-07-24,861238.2019087479,TECL,50323.59435631943,0.0,14.505284309387207,False
2019-07-25,840386.2110015558,TECL,50323.59435631943,0.0,14.505284309387207,False
2019-07-26,855484.1147763461,TECL,50323.59435631943,0.0,14.505284309387207,False
2019-07-29,854379.523551957,TECL,50323.59435631943,0.0,14.505284309387207,False
2019-07-30,836703.5683611198,TECL,50323.59435631943,0.0,14.505284309387207,False
2019-07-31,798129.9335749772,TECL,50323.59435631943,0.0,14.505284309387207,False
2019-08-01,786990.2923312063,TECL,50323.59435631943,0.0,15.859954833984375,False
2019-08-02,734279.538888979,CASH,0.0,734279.538888979,,False
2019-08-05,734279.538888979,CASH,0.0,734279.538888979,,False
2019-08-06,734279.538888979,CASH,0.0,734279.538888979,,False
2019-08-07,734279.538888979,CASH,0.0,734279.538888979,,False
2019-08-08,734279.538888979,CASH,0.0,734279.538888979,,False
2019-08-09,734279.538888979,CASH,0.0,734279.538888979,,False
2019-08-12,734279.538888979,CASH,0.0,734279.538888979,,False
2019-08-13,734279.538888979,CASH,0.0,734279.538888979,,False
2019-08-14,734279.538888979,CASH,0.0,734279.538888979,,False
2019-08-15,734279.538888979,CASH,0.0,734279.538888979,,False
2019-08-16,734279.538888979,CASH,0.0,734279.538888979,,False
2019-08-19,734279.538888979,CASH,0.0,734279.538888979,,False
2019-08-20,734279.538888979,CASH,0.0,734279.538888979,,False
2019-08-21,734279.538888979,CASH,0.0,734279.538888979,,False
2019-08-22,734279.538888979,CASH,0.0,734279.538888979,,False
2019-08-23,734279.538888979,CASH,0.0,734279.538888979,,False
2019-08-26,734279.538888979,CASH,0.0,734279.538888979,,False
2019-08-27,734279.538888979,CASH,0.0,734279.538888979,,False
2019-08-28,734279.538888979,CASH,0.0,734279.538888979,,False
2019-08-29,734279.538888979,CASH,0.0,734279.538888979,,False
2019-08-30,734279.538888979,CASH,0.0,734279.538888979,,False
2019-09-03,734279.538888979,TQQQ,104999.02143428005,0.0,6.993203639984131,False
2019-09-04,765161.1327937908,TQQQ,104999.02143428005,0.0,6.993203639984131,False
2019-09-05,807420.0005593931,TQQQ,104999.02143428005,0.0,6.993203639984131,False
2019-09-06,805169.5194238104,TQQQ,104999.02143428005,0.0,6.993203639984131,False
2019-09-09,800043.5152941697,TQQQ,104999.02143428005,0.0,6.993203639984131,False
2019-09-10,793417.0902726037,TQQQ,104999.02143428005,0.0,6.993203639984131,False
2019-09-11,814796.5859594865,TQQQ,104999.02143428005,0.0,6.993203639984131,False
2019-09-12,824923.675968456,TQQQ,104999.02143428005,0.0,6.993203639984131,False
2019-09-13,816171.8382639246,TQQQ,104999.02143428005,0.0,6.993203639984131,False
2019-09-16,804919.4325860112,TQQQ,104999.02143428005,0.0,6.993203639984131,False
2019-09-17,815546.8464728841,TQQQ,104999.02143428005,0.0,6.993203639984131,False
2019-09-18,815046.6227298507,TQQQ,104999.02143428005,0.0,6.993203639984131,False
2019-09-19,818672.4563047414,TQQQ,104999.02143428005,0.0,6.993203639984131,False
2019-09-20,792916.9666644403,TQQQ,104999.02143428005,0.0,6.993203639984131,False
2019-09-23,793667.0769755329,TQQQ,104999.02143428005,0.0,6.993203639984131,False
2019-09-24,762285.5096648626,TQQQ,104999.02143428005,0.0,6.993203639984131,False
2019-09-25,786665.5967984208,TQQQ,104999.02143428005,0.0,6.993203639984131,False
2019-09-26,778788.9378575989,TQQQ,104999.02143428005,0.0,6.993203639984131,False
2019-09-27,750532.980378786,TQQQ,104999.02143428005,0.0,6.993203639984131,False
2019-09-30,770537.1236263608,TQQQ,104999.02143428005,0.0,6.993203639984131,False
2019-10-01,751908.3328180941,TQQQ,104999.02143428005,0.0,7.338517189025879,False
2019-10-02,708894.153736252,CASH,0.0,708894.153736252,,False
2019-10-03,708894.153736252,CASH,0.0,708894.153736252,,False
2019-10-04,708894.153736252,CASH,0.0,708894.153736252,,False
2019-10-07,708894.153736252,CASH,0.0,708894.153736252,,False
2019-10-08,708894.153736252,CASH,0.0,708894.153736252,,False
2019-10-09,708894.153736252,CASH,0.0,708894.153736252,,False
2019-10-10,708894.153736252,CASH,0.0,708894.153736252,,False
2019-10-11,708894.153736252,CASH,0.0,708894.153736252,,False
2019-10-14,708894.153736252,CASH,0.0,708894.153736252,,False
2019-10-15,708894.153736252,CASH,0.0,708894.153736252,,False
2019-10-16,708894.153736252,CASH,0.0,708894.153736252,,False
2019-10-17,708894.153736252,CASH,0.0,708894.153736252,,False
2019-10-18,708894.153736252,CASH,0.0,708894.153736252,,False
2019-10-21,708894.153736252,CASH,0.0,708894.153736252,,False
2019-10-22,708894.153736252,CASH,0.0,708894.153736252,,False
2019-10-23,708894.153736252,CASH,0.0,708894.153736252,,False
2019-10-24,708894.153736252,CASH,0.0,708894.153736252,,False
2019-10-25,708894.153736252,CASH,0.0,708894.153736252,,False
2019-10-28,708894.153736252,CASH,0.0,708894.153736252,,False
2019-10-29,708894.153736252,CASH,0.0,708894.153736252,,False
2019-10-30,708894.153736252,CASH,0.0,708894.153736252,,False
2019-10-31,708894.153736252,CASH,0.0,708894.153736252,,False
2019-11-01,708894.153736252,TECL,40561.00400847487,0.0,17.47723388671875,False
2019-11-04,720029.1507358778,TECL,40561.00400847487,0.0,17.47723388671875,False
2019-11-05,717022.8640103275,TECL,40561.00400847487,0.0,17.47723388671875,False
2019-11-06,717690.7472111735,TECL,40561.00400847487,0.0,17.47723388671875,False
2019-11-07,733094.2241973021,TECL,40561.00400847487,0.0,17.47723388671875,False
2019-11-08,745343.0303527926,TECL,40561.00400847487,0.0,17.47723388671875,False
2019-11-11,746679.1835743623,TECL,40561.00400847487,0.0,17.47723388671875,False
2019-11-12,753063.2588360112,TECL,40561.00400847487,0.0,17.47723388671875,False
2019-11-13,759558.6608584636,TECL,40561.00400847487,0.0,17.47723388671875,False
2019-11-14,756366.6232276392,TECL,40561.00400847487,0.0,17.47723388671875,False
2019-11-15,774256.8104795843,TECL,40561.00400847487,0.0,17.47723388671875,False
2019-11-18,781309.0783979814,TECL,40561.00400847487,0.0,17.47723388671875,False
2019-11-19,786097.1348442179,TECL,40561.00400847487,0.0,17.47723388671875,False
2019-11-20,770508.1390447419,TECL,40561.00400847487,0.0,17.47723388671875,False
2019-11-21,760263.756131545,TECL,40561.00400847487,0.0,17.47723388671875,False
2019-11-22,757294.6814782298,TECL,40561.00400847487,0.0,17.47723388671875,False
2019-11-25,789029.3068811999,TECL,40561.00400847487,0.0,17.47723388671875,False
2019-11-26,789771.7689544675,TECL,40561.00400847487,0.0,17.47723388671875,False
2019-11-27,803579.1497612083,TECL,40561.00400847487,0.0,17.47723388671875,False
2019-11-29,795413.5368707998,TECL,40561.00400847487,0.0,17.47723388671875,False
2019-12-02,763604.4099593837,TQQQ,85232.16106448816,0.0,8.959111213684082,False
2019-12-03,746452.8128657476,TQQQ,85232.16106448816,0.0,8.959111213684082,False
2019-12-04,757515.4462740229,TQQQ,85232.16106448816,0.0,8.959111213684082,False
2019-12-05,761473.3133113689,TQQQ,85232.16106448816,0.0,8.959111213684082,False
2019-12-06,785018.688051387,TQQQ,85232.16106448816,0.0,8.959111213684082,False
2019-12-09,775377.381822423,TQQQ,85232.16106448816,0.0,8.959111213684082,False
2019-12-10,773651.9722355967,TQQQ,85232.16106448816,0.0,8.959111213684082,False
2019-12-11,785323.4207286853,TQQQ,85232.16106448816,0.0,8.959111213684082,False
2019-12-12,803286.7170795903,TQQQ,85232.16106448816,0.0,8.959111213684082,False
2019-12-13,810492.6004018559,TQQQ,85232.16106448816,0.0,8.959111213684082,False
2019-12-16,833733.4050320216,TQQQ,85232.16106448816,0.0,8.959111213684082,False
2019-12-17,834849.9182503116,TQQQ,85232.16106448816,0.0,8.959111213684082,False
2019-12-18,836778.2120095936,TQQQ,85232.16106448816,0.0,8.959111213684082,False
2019-12-19,853828.3670170018,TQQQ,85232.16106448816,0.0,8.959111213684082,False
2019-12-20,863977.1275282741,TQQQ,85232.16106448816,0.0,8.959111213684082,False
2019-12-23,870371.1490258249,TQQQ,85232.16106448816,0.0,8.959111213684082,False
2019-12-24,871497.9852769283,TQQQ,85232.16106448816,0.0,8.959111213684082,False
2019-12-26,894138.3470457435,TQQQ,85232.16106448816,0.0,8.959111213684082,False
2019-12-27,891498.7394270223,TQQQ,85232.16106448816,0.0,8.959111213684082,False
2019-12-30,873731.5806995691,TQQQ,85232.16106448816,0.0,8.959111213684082,False
2019-12-31,878706.5509620508,TQQQ,85232.16106448816,0.0,8.959111213684082,False
2020-01-02,922261.0520756257,TQQQ,85232.16106448816,0.0,10.309565544128418,False
2020-01-03,897184.2919954368,TQQQ,85232.16106448816,0.0,10.309565544128418,False
2020-01-06,914240.6245657884,TQQQ,85232.16106448816,0.0,10.309565544128418,False
2020-01-07,913123.7049288836,TQQQ,85232.16106448816,0.0,10.309565544128418,False
2020-01-08,934139.5302110398,TQQQ,85232.16106448816,0.0,10.309565544128418,False
2020-01-09,957693.5210256894,TQQQ,85232.16106448816,0.0,10.309565544128418,False
2020-01-10,949876.2215394768,TQQQ,85232.16106448816,0.0,10.309565544128418,False
2020-01-13,983075.1763506226,TQQQ,85232.16106448816,0.0,10.309565544128418,False
2020-01-14,971602.6291275659,TQQQ,85232.16106448816,0.0,10.309565544128418,False
2020-01-15,972211.8506309936,TQQQ,85232.16106448816,0.0,10.309565544128418,False
2020-01-16,999319.2406776447,TQQQ,85232.16106448816,0.0,10.309565544128418,False
2020-01-17,1014243.5011953063,TQQQ,85232.16106448816,0.0,10.309565544128418,False
2020-01-21,1013735.8843455522,TQQQ,85232.16106448816,0.0,10.309565544128418,False
2020-01-22,1020639.7173533764,TQQQ,85232.16106448816,0.0,10.309565544128418,False
2020-01-23,1030081.5533262481,TQQQ,85232.16106448816,0.0,10.309565544128418,False
2020-01-24,1003380.1754756774,TQQQ,85232.16106448816,0.0,10.309565544128418,False
2020-01-27,941347.6894775478,TQQQ,85232.16106448816,0.0,10.309565544128418,False
2020-01-28,985105.5624659159,TQQQ,85232.16106448816,0.0,10.309565544128418,False
2020-01-29,988659.0429816403,TQQQ,85232.16106448816,0.0,10.309565544128418,False
2020-01-30,999826.7762436758,TQQQ,85232.16106448816,0.0,10.309565544128418,False
2020-01-31,950688.2459316374,TQQQ,85232.16106448816,0.0,10.309565544128418,False
2020-02-03,994344.351698886,TECL,38960.5056156952,0.0,25.521854400634766,False
2020-02-04,1074171.3726206317,TECL,38960.5056156952,0.0,25.521854400634766,False
2020-02-05,1092826.3244958469,TECL,38960.5056156952,0.0,25.521854400634766,False
2020-02-06,1121147.3887529348,TECL,38960.5056156952,0.0,25.521854400634766,False
2020-02-07,1091542.15148875,TECL,38960.5056156952,0.0,25.521854400634766,False
2020-02-10,1134380.5905790909,TECL,38960.5056156952,0.0,25.521854400634766,False
2020-02-11,1123252.0324603012,TECL,38960.5056156952,0.0,25.521854400634766,False
2020-02-12,1158457.2181920982,TECL,38960.5056156952,0.0,25.521854400634766,False
2020-02-13,1149860.9651229493,TECL,38960.5056156952,0.0,25.521854400634766,False
2020-02-14,1164663.6952219424,TECL,38960.5056156952,0.0,25.521854400634766,False
2020-02-18,1152964.2779491383,TECL,38960.5056156952,0.0,25.521854400634766,False
2020-02-19,1190630.5042254084,TECL,38960.5056156952,0.0,25.521854400634766,False
2020-02-20,1155068.401477635,TECL,38960.5056156952,0.0,25.521854400634766,False
2020-02-21,1076775.1651092416,TECL,38960.5056156952,0.0,25.521854400634766,False
2020-02-24,914796.8035629751,CASH,0.0,914796.8035629751,,False
2020-02-25,914796.8035629751,CASH,0.0,914796.8035629751,,False
2020-02-26,914796.8035629751,CASH,0.0,914796.8035629751,,False
2020-02-27,914796.8035629751,CASH,0.0,914796.8035629751,,False
2020-02-28,914796.8035629751,CASH,0.0,914796.8035629751,,False
2020-03-02,914796.803562975,TQQQ,87759.41935667544,0.0,10.42391586303711,False
2020-03-03,841613.0592779372,CASH,0.0,841613.0592779372,,False
2020-03-04,841613.0592779372,CASH,0.0,841613.0592779372,,False
2020-03-05,841613.0592779372,CASH,0.0,841613.0592779372,,False
2020-03-06,841613.0592779372,CASH,0.0,841613.0592779372,,False
2020-03-09,841613.0592779372,CASH,0.0,841613.0592779372,,False
2020-03-10,841613.0592779372,CASH,0.0,841613.0592779372,,False
2020-03-11,841613.0592779372,CASH,0.0,841613.0592779372,,False
2020-03-12,841613.0592779372,CASH,0.0,841613.0592779372,,False
2020-03-13,841613.0592779372,CASH,0.0,841613.0592779372,,False
2020-03-16,841613.0592779372,CASH,0.0,841613.0592779372,,False
2020-03-17,841613.0592779372,CASH,0.0,841613.0592779372,,False
2020-03-18,841613.0592779372,CASH,0.0,841613.0592779372,,False
2020-03-19,841613.0592779372,CASH,0.0,841613.0592779372,,False
2020-03-20,841613.0592779372,CASH,0.0,841613.0592779372,,False
2020-03-23,841613.0592779372,CASH,0.0,841613.0592779372,,False
2020-03-24,841613.0592779372,CASH,0.0,841613.0592779372,,False
2020-03-25,841613.0592779372,CASH,0.0,841613.0592779372,,False
2020-03-26,841613.0592779372,CASH,0.0,841613.0592779372,,False
2020-03-27,841613.0592779372,CASH,0.0,841613.0592779372,,False
2020-03-30,841613.0592779372,CASH,0.0,841613.0592779372,,False
2020-03-31,841613.0592779372,CASH,0.0,841613.0592779372,,False
2020-04-01,841613.0592779372,IEF,8090.367592329051,0.0,104.02655375954976,False
2020-04-02,841751.2794883576,IEF,8090.367592329051,0.0,104.02655375954976,False
2020-04-03,842372.9602462671,IEF,8090.367592329051,0.0,104.02655375954976,False
2020-04-06,838573.8276313953,IEF,8090.367592329051,0.0,104.02655375954976,False
2020-04-07,834843.1227059731,IEF,8090.367592329051,0.0,104.02655375954976,False
2020-04-08,833806.595203413,IEF,8090.367592329051,0.0,104.02655375954976,False
2020-04-09,835603.0857120997,IEF,8090.367592329051,0.0,104.02655375954976,False
2020-04-13,833806.595203413,IEF,8090.367592329051,0.0,104.02655375954976,False
2020-04-14,834912.3568867762,IEF,8090.367592329051,0.0,104.02655375954976,False
2020-04-15,842372.9602462671,IEF,8090.367592329051,0.0,104.02655375954976,False
2020-04-16,843270.8953116285,IEF,8090.367592329051,0.0,104.02655375954976,False
2020-04-17,841060.6747386269,IEF,8090.367592329051,0.0,104.02655375954976,False
2020-04-20,843270.8953116285,IEF,8090.367592329051,0.0,104.02655375954976,False
2020-04-21,845619.7703596252,IEF,8090.367592329051,0.0,104.02655375954976,False
2020-04-22,842994.5789663804,IEF,8090.367592329051,0.0,104.02655375954976,False
2020-04-23,843547.3977702656,IEF,8090.367592329051,0.0,104.02655375954976,False
2020-04-24,843754.6040103034,IEF,8090.367592329051,0.0,104.02655375954976,False
2020-04-27,839264.5564567188,IEF,8090.367592329051,0.0,104.02655375954976,False
2020-04-28,842925.4068233737,IEF,8090.367592329051,0.0,104.02655375954976,False
2020-04-29,842511.0563810947,IEF,8090.367592329051,0.0,104.02655375954976,False
2020-04-30,840508.1040859274,IEF,8090.367592329051,0.0,104.02655375954976,False
2020-05-01,841669.6997860671,TECL,62321.27151551041,0.0,13.505335807800293,False
2020-05-04,874782.8083169509,TECL,62321.27151551041,0.0,13.505335807800293,False
2020-05-05,916646.2352238169,TECL,62321.27151551041,0.0,13.505335807800293,False
2020-05-06,934603.6237721194,TECL,62321.27151551041,0.0,13.505335807800293,False
2020-05-07,979669.781199383,TECL,62321.27151551041,0.0,13.505335807800293,False
2020-05-08,1020846.7431423322,TECL,62321.27151551041,0.0,13.505335807800293,False
2020-05-11,1042350.3918639706,TECL,62321.27151551041,0.0,13.505335807800293,False
2020-05-12,974694.0097436116,TECL,62321.27151551041,0.0,13.505335807800293,False
2020-05-13,923680.510058399,TECL,62321.27151551041,0.0,13.505335807800293,False
2020-05-14,961712.0360459045,TECL,62321.27151551041,0.0,13.505335807800293,False
2020-05-15,972692.5631929707,TECL,62321.27151551041,0.0,13.505335807800293,False
2020-05-18,1046068.0008244038,TECL,62321.27151551041,0.0,13.505335807800293,False
2020-05-19,1033772.1354854376,TECL,62321.27151551041,0.0,13.505335807800293,False
2020-05-20,1099540.709237927,TECL,62321.27151551041,0.0,13.505335807800293,False
2020-05-21,1058649.7446461786,TECL,62321.27151551041,0.0,13.505335807800293,False
2020-05-22,1067514.2361126964,TECL,62321.27151551041,0.0,13.505335807800293,False
2020-05-26,1067628.58750582,TECL,62321.27151551041,0.0,13.505335807800293,False
2020-05-27,1083070.18597121,TECL,62321.27151551041,0.0,13.505335807800293,False
2020-05-28,1074834.5082984793,TECL,62321.27151551041,0.0,13.505335807800293,False
2020-05-29,1113209.3856363352,TECL,62321.27151551041,0.0,13.505335807800293,False
2020-06-01,1114753.248311894,TECL,62321.27151551041,0.0,17.862430572509766,False
2020-06-02,1146665.4889123933,TECL,62321.27151551041,0.0,17.862430572509766,False
2020-06-03,1173030.1416573077,TECL,62321.27151551041,0.0,17.862430572509766,False
2020-06-04,1143806.1097423462,TECL,62321.27151551041,0.0,17.862430572509766,False
2020-06-05,1232336.5541460086,TECL,62321.27151551041,0.0,17.862430572509766,False
2020-06-08,1254011.8488257243,TECL,62321.27151551041,0.0,17.862430572509766,False
2020-06-09,1269853.4394302624,TECL,62321.27151551041,0.0,17.862430572509766,False
2020-06-10,1336994.9431105857,TECL,62321.27151551041,0.0,17.862430572509766,False
2020-06-11,1105374.1755763206,TECL,62321.27151551041,0.0,17.862430572509766,False
2020-06-12,1144034.9313969852,TECL,62321.27151551041,0.0,17.862430572509766,False
2020-06-15,1177491.2724098274,TECL,62321.27151551041,0.0,17.862430572509766,False
2020-06-16,1257729.2200493733,TECL,62321.27151551041,0.0,17.862430572509766,False
2020-06-17,1255613.124934629,TECL,62321.27151551041,0.0,17.862430572509766,False
2020-06-18,1273856.8080051122,TECL,62321.27151551041,0.0,17.862430572509766,False
2020-06-19,1246462.7549853025,TECL,62321.27151551041,0.0,17.862430572509766,False
2020-06-22,1316520.8135322346,TECL,62321.27151551041,0.0,17.862430572509766,False
2020-06-23,1345173.0884815787,TECL,62321.27151551041,0.0,17.862430572509766,False
2020-06-24,1252925.2728542672,TECL,62321.27151551041,0.0,17.862430572509766,False
2020-06-25,1300736.1608874742,TECL,62321.27151551041,0.0,17.862430572509766,False
2020-06-26,1226045.563366729,TECL,62321.27151551041,0.0,17.862430572509766,False
2020-06-29,1260988.8290953527,TECL,62321.27151551041,0.0,17.862430572509766,False
2020-06-30,1331904.998564279,TECL,62321.27151551041,0.0,17.862430572509766,False
2020-07-01,1335793.7780092212,TECL,62321.27151551041,0.0,21.37159538269043,False
2020-07-02,1359928.1031146597,TECL,62321.27151551041,0.0,21.37159538269043,False
2020-07-06,1432102.3756447283,TECL,62321.27151551041,0.0,21.37159538269043,False
2020-07-07,1389381.194421044,TECL,62321.27151551041,0.0,21.37159538269043,False
2020-07-08,1451947.5725609001,TECL,62321.27151551041,0.0,21.37159538269043,False
2020-07-09,1470305.488156115,TECL,62321.27151551041,0.0,21.37159538269043,False
2020-07-10,1468303.744434494,TECL,62321.27151551041,0.0,21.37159538269043,False
2020-07-13,1379372.5946813314,TECL,62321.27151551041,0.0,21.37159538269043,False
2020-07-14,1421636.4892009138,TECL,62321.27151551041,0.0,21.37159538269043,False
2020-07-15,1449659.7126196865,TECL,62321.27151551041,0.0,21.37159538269043,False
2020-07-16,1395443.2446772924,TECL,62321.27151551041,0.0,21.37159538269043,False
2020-07-17,1411971.1813773555,TECL,62321.27151551041,0.0,21.37159538269043,False
2020-07-20,1519031.6628078779,TECL,62321.27151551041,0.0,21.37159538269043,False
2020-07-21,1476939.6519831568,TECL,62321.27151551041,0.0,21.37159538269043,False
2020-07-22,1512969.6125516293,TECL,62321.27151551041,0.0,21.37159538269043,False
2020-07-23,1394757.2551869438,TECL,62321.27151551041,0.0,21.37159538269043,False
2020-07-24,1344086.6313785135,TECL,62321.27151551041,0.0,21.37159538269043,False
2020-07-27,1404193.622487471,TECL,62321.27151551041,0.0,21.37159538269043,False
2020-07-28,1357812.1268683074,TECL,62321.27151551041,0.0,21.37159538269043,False
2020-07-29,1414544.919801378,TECL,62321.27151551041,0.0,21.37159538269043,False
2020-07-30,1437421.022977282,TECL,62321.27151551041,0.0,21.37159538269043,False
2020-07-31,1549457.0975609878,TECL,62321.27151551041,0.0,21.37159538269043,False
2020-08-03,1658976.490548841,TQQQ,112471.14261398705,0.0,14.75024127960205,False
2020-08-04,1680546.001917418,TQQQ,112471.14261398705,0.0,14.75024127960205,False
2020-08-05,1693943.2026219114,TQQQ,112471.14261398705,0.0,14.75024127960205,False
2020-08-06,1758785.8127777027,TQQQ,112471.14261398705,0.0,14.75024127960205,False
2020-08-07,1701311.5932898368,TQQQ,112471.14261398705,0.0,14.75024127960205,False
2020-08-10,1678402.2867682222,TQQQ,112471.14261398705,0.0,14.75024127960205,False
2020-08-11,1583148.546937872,TQQQ,112471.14261398705,0.0,14.75024127960205,False
2020-08-12,1701579.7453899563,TQQQ,112471.14261398705,0.0,14.75024127960205,False
2020-08-13,1713503.3966738726,TQQQ,112471.14261398705,0.0,14.75024127960205,False
2020-08-14,1708546.2296902225,TQQQ,112471.14261398705,0.0,14.75024127960205,False
2020-08-17,1764948.4843426503,TQQQ,112471.14261398705,0.0,14.75024127960205,False
2020-08-18,1816795.6929007673,TQQQ,112471.14261398705,0.0,14.75024127960205,False
2020-08-19,1781293.320192498,TQQQ,112471.14261398705,0.0,14.75024127960205,False
2020-08-20,1854575.9640691322,TQQQ,112471.14261398705,0.0,14.75024127960205,False
2020-08-21,1893294.3385445552,TQQQ,112471.14261398705,0.0,14.75024127960205,False
2020-08-24,1928394.1613201252,TQQQ,112471.14261398705,0.0,14.75024127960205,False
2020-08-25,1973409.176149716,TQQQ,112471.14261398705,0.0,14.75024127960205,False
2020-08-26,2099744.6404266045,TQQQ,112471.14261398705,0.0,14.75024127960205,False
2020-08-27,2080720.4287923623,TQQQ,112471.14261398705,0.0,14.75024127960205,False
2020-08-28,2112873.7962918184,TQQQ,112471.14261398705,0.0,14.75024127960205,False
2020-08-31,2161773.7987479414,TQQQ,112471.14261398705,0.0,14.75024127960205,False
2020-09-01,2274042.218374238,TECL,62360.0490085179,0.0,36.466331481933594,False
2020-09-02,2332241.1880627754,TECL,62360.0490085179,0.0,36.466331481933594,False
2020-09-03,2092118.840904299,CASH,0.0,2092118.840904299,,False
2020-09-04,2092118.840904299,CASH,0.0,2092118.840904299,,False
2020-09-08,2092118.840904299,CASH,0.0,2092118.840904299,,False
2020-09-09,2092118.840904299,CASH,0.0,2092118.840904299,,False
2020-09-10,2092118.840904299,CASH,0.0,2092118.840904299,,False
2020-09-11,2092118.840904299,CASH,0.0,2092118.840904299,,False
2020-09-14,2092118.840904299,CASH,0.0,2092118.840904299,,False
2020-09-15,2092118.840904299,CASH,0.0,2092118.840904299,,False
2020-09-16,2092118.840904299,CASH,0.0,2092118.840904299,,False
2020-09-17,2092118.840904299,CASH,0.0,2092118.840904299,,False
2020-09-18,2092118.840904299,CASH,0.0,2092118.840904299,,False
2020-09-21,2092118.840904299,CASH,0.0,2092118.840904299,,False
2020-09-22,2092118.840904299,CASH,0.0,2092118.840904299,,False
2020-09-23,2092118.840904299,CASH,0.0,2092118.840904299,,False
2020-09-24,2092118.840904299,CASH,0.0,2092118.840904299,,False
2020-09-25,2092118.840904299,CASH,0.0,2092118.840904299,,False
2020-09-28,2092118.840904299,CASH,0.0,2092118.840904299,,False
2020-09-29,2092118.840904299,CASH,0.0,2092118.840904299,,False
2020-09-30,2092118.840904299,CASH,0.0,2092118.840904299,,False
2020-10-01,2092118.840904299,TQQQ,128173.26113276854,0.0,16.32258415222168,False
2020-10-02,1924749.3336319549,CASH,0.0,1924749.3336319549,,False
2020-10-05,1924749.3336319549,CASH,0.0,1924749.3336319549,,False
2020-10-06,1924749.3336319549,CASH,0.0,1924749.3336319549,,False
2020-10-07,1924749.3336319549,CASH,0.0,1924749.3336319549,,False
2020-10-08,1924749.3336319549,CASH,0.0,1924749.3336319549,,False
2020-10-09,1924749.3336319549,CASH,0.0,1924749.3336319549,,False
2020-10-12,1924749.3336319549,CASH,0.0,1924749.3336319549,,False
2020-10-13,1924749.3336319549,CASH,0.0,1924749.3336319549,,False
2020-10-14,1924749.3336319549,CASH,0.0,1924749.3336319549,,False
2020-10-15,1924749.3336319549,CASH,0.0,1924749.3336319549,,False
2020-10-16,1924749.3336319549,CASH,0.0,1924749.3336319549,,False
2020-10-19,1924749.3336319549,CASH,0.0,1924749.3336319549,,False
2020-10-20,1924749.3336319549,CASH,0.0,1924749.3336319549,,False
2020-10-21,1924749.3336319549,CASH,0.0,1924749.3336319549,,False
2020-10-22,1924749.3336319549,CASH,0.0,1924749.3336319549,,False
2020-10-23,1924749.3336319549,CASH,0.0,1924749.3336319549,,False
2020-10-26,1924749.3336319549,CASH,0.0,1924749.3336319549,,False
2020-10-27,1924749.3336319549,CASH,0.0,1924749.3336319549,,False
2020-10-28,1924749.3336319549,CASH,0.0,1924749.3336319549,,False
2020-10-29,1924749.3336319549,CASH,0.0,1924749.3336319549,,False
2020-10-30,1924749.3336319549,CASH,0.0,1924749.3336319549,,False
2020-11-02,1924749.3336319549,TQQQ,137530.83042705688,0.0,13.995038986206055,False
2020-11-03,2021568.6112749816,TQQQ,137530.83042705688,0.0,13.995038986206055,False
2020-11-04,2294824.597631024,TQQQ,137530.83042705688,0.0,13.995038986206055,False
2020-11-05,2471916.0551705365,TQQQ,137530.83042705688,0.0,13.995038986206055,False
2020-11-06,2480270.9230086366,TQQQ,137530.83042705688,0.0,13.995038986206055,False
2020-11-09,2328899.867086886,TQQQ,137530.83042705688,0.0,13.995038986206055,False
2020-11-10,2203247.1142289657,TQQQ,137530.83042705688,0.0,13.995038986206055,False
2020-11-11,2351343.1144220293,TQQQ,137530.83042705688,0.0,13.995038986206055,False
2020-11-12,2316940.732872161,TQQQ,137530.83042705688,0.0,13.995038986206055,False
2020-11-13,2377718.0025470452,TQQQ,137530.83042705688,0.0,13.995038986206055,False
2020-11-16,2432434.910788221,TQQQ,137530.83042705688,0.0,13.995038986206055,False
2020-11-17,2409991.401133836,TQQQ,137530.83042705688,0.0,13.995038986206055,False
2020-11-18,2354127.633169327,TQQQ,137530.83042705688,0.0,13.995038986206055,False
2020-11-19,2412448.807787127,TQQQ,137530.83042705688,0.0,13.995038986206055,False
2020-11-20,2363466.1981626195,TQQQ,137530.83042705688,0.0,13.995038986206055,False
2020-11-23,2363956.99746325,TQQQ,137530.83042705688,0.0,13.995038986206055,False
2020-11-24,2460612.1944207908,TQQQ,137530.83042705688,0.0,13.995038986206055,False
2020-11-25,2506974.234823866,TQQQ,137530.83042705688,0.0,13.995038986206055,False
2020-11-27,2575452.148148837,TQQQ,137530.83042705688,0.0,13.995038986206055,False
2020-11-30,2588722.0916127604,TQQQ,137530.83042705688,0.0,13.995038986206055,False
2020-12-01,2690455.2644450245,TQQQ,137530.83042705688,0.0,18.82284927368164,False
2020-12-02,2701268.063574898,TQQQ,137530.83042705688,0.0,18.82284927368164,False
2020-12-03,2712243.762953672,TQQQ,137530.83042705688,0.0,18.82284927368164,False
2020-12-04,2745499.547099448,TQQQ,137530.83042705688,0.0,18.82284927368164,False
2020-12-07,2792025.2747091474,TQQQ,137530.83042705688,0.0,18.82284927368164,False
2020-12-08,2817581.9891202846,TQQQ,137530.83042705688,0.0,18.82284927368164,False
2020-12-09,2628857.984821572,TQQQ,137530.83042705688,0.0,18.82284927368164,False
2020-12-10,2661131.1210891213,TQQQ,137530.83042705688,0.0,18.82284927368164,False
2020-12-11,2642455.3026987435,TQQQ,137530.83042705688,0.0,18.82284927368164,False
2020-12-14,2698810.394602366,TQQQ,137530.83042705688,0.0,18.82284927368164,False
2020-12-15,2782687.4966735793,TQQQ,137530.83042705688,0.0,18.82284927368164,False
2020-12-16,2829376.3868514197,TQQQ,137530.83042705688,0.0,18.82284927368164,False
2020-12-17,2887370.187055972,TQQQ,137530.83042705688,0.0,18.82284927368164,False
2020-12-18,2855916.0114600253,TQQQ,137530.83042705688,0.0,18.82284927368164,False
2020-12-21,2845267.4241752583,TQQQ,137530.83042705688,0.0,18.82284927368164,False
2020-12-22,2867711.458468126,TQQQ,137530.83042705688,0.0,18.82284927368164,False
2020-12-23,2824462.0981833204,TQQQ,137530.83042705688,0.0,18.82284927368164,False
2020-12-24,2861158.7238183385,TQQQ,137530.83042705688,0.0,18.82284927368164,False
2020-12-28,2947001.121646005,TQQQ,137530.83042705688,0.0,18.82284927368164,False
2020-12-29,2955684.4131743186,TQQQ,137530.83042705688,0.0,18.82284927368164,False
2020-12-30,2955192.302277481,TQQQ,137530.83042705688,0.0,18.82284927368164,False
2020-12-31,2978291.6100353277,TQQQ,137530.83042705688,0.0,18.82284927368164,False
2021-01-04,2848052.7298802803,TECL,79958.53367021763,0.0,35.61912155151367,False
2021-01-05,2905372.85729667,TECL,79958.53367021763,0.0,35.61912155151367,False
2021-01-06,2745955.1037670337,TECL,79958.53367021763,0.0,35.61912155151367,False
2021-01-07,2966012.4912511944,TECL,79958.53367021763,0.0,35.61912155151367,False
2021-01-08,3025840.168355171,TECL,79958.53367021763,0.0,35.61912155151367,False
2021-01-11,2946758.2552666496,TECL,79958.53367021763,0.0,35.61912155151367,False
2021-01-12,2910020.410464139,TECL,79958.53367021763,0.0,35.61912155151367,False
2021-01-13,2965569.9107139497,TECL,79958.53367021763,0.0,35.61912155151367,False
2021-01-14,2886339.7590719475,TECL,79958.53367021763,0.0,35.61912155151367,False
2021-01-15,2799217.88707148,TECL,79958.53367021763,0.0,35.61912155151367,False
2021-01-19,2907881.627054656,TECL,79958.53367021763,0.0,35.61912155151367,False
2021-01-20,3079766.9749742844,TECL,79958.53367021763,0.0,35.61912155151367,False
2021-01-21,3195808.1756427386,TECL,79958.53367021763,0.0,35.61912155151367,False
2021-01-22,3158405.3924727617,TECL,79958.53367021763,0.0,35.61912155151367,False
2021-01-25,3243389.701134145,TECL,79958.53367021763,0.0,35.61912155151367,False
2021-01-26,3248184.5778022963,TECL,79958.53367021763,0.0,35.61912155151367,False
2021-01-27,3064126.8925292385,TECL,79958.53367021763,0.0,35.61912155151367,False
2021-01-28,3104111.344663543,TECL,79958.53367021763,0.0,35.61912155151367,False
2021-01-29,2882725.300514849,TECL,79958.53367021763,0.0,35.61912155151367,False
2021-02-01,3099168.229441911,TECL,79958.53367021763,0.0,36.05275344848633,False
2021-02-02,3221405.8626493914,TECL,79958.53367021763,0.0,36.05275344848633,False
2021-02-03,3193077.96310733,TECL,79958.53367021763,0.0,36.05275344848633,False
2021-02-04,3335233.2455788227,TECL,79958.53367021763,0.0,36.05275344848633,False
2021-02-05,3319667.892445717,TECL,79958.53367021763,0.0,36.05275344848633,False
2021-02-08,3421987.571371585,TECL,79958.53367021763,0.0,36.05275344848633,False
2021-02-09,3407160.055812287,TECL,79958.53367021763,0.0,36.05275344848633,False
2021-02-10,3391077.3928299965,TECL,79958.53367021763,0.0,36.05275344848633,False
2021-02-11,3504536.3144989237,TECL,79958.53367021763,0.0,36.05275344848633,False
2021-02-12,3561118.2993239057,TECL,79958.53367021763,0.0,36.05275344848633,False
2021-02-16,3531757.915206673,TECL,79958.53367021763,0.0,36.05275344848633,False
2021-02-17,3428700.398706997,TECL,79958.53367021763,0.0,36.05275344848633,False
2021-02-18,3383996.1042340808,TECL,79958.53367021763,0.0,36.05275344848633,False
2021-02-19,3362823.307547076,TECL,79958.53367021763,0.0,36.05275344848633,False
2021-02-22,3145864.593858828,TECL,79958.53367021763,0.0,36.05275344848633,False
2021-02-23,3117979.2748540114,TECL,79958.53367021763,0.0,36.05275344848633,False
2021-02-24,3261241.4661950157,TECL,79958.53367021763,0.0,36.05275344848633,False
2021-02-25,2921382.011037419,TECL,79958.53367021763,0.0,36.05275344848633,False
2021-02-26,2968447.1417324403,TECL,79958.53367021763,0.0,36.05275344848633,False
2021-03-01,3239553.1897644247,TQQQ,140187.75154077876,0.0,23.108675003051758,False
2021-03-02,3084254.601426267,TQQQ,140187.75154077876,0.0,23.108675003051758,False
2021-03-03,2980388.9345832705,CASH,0.0,2980388.9345832705,,False
2021-03-04,2980388.9345832705,CASH,0.0,2980388.9345832705,,False
2021-03-05,2980388.9345832705,CASH,0.0,2980388.9345832705,,False
2021-03-08,2980388.9345832705,CASH,0.0,2980388.9345832705,,False
2021-03-09,2980388.9345832705,CASH,0.0,2980388.9345832705,,False
2021-03-10,2980388.9345832705,CASH,0.0,2980388.9345832705,,False
2021-03-11,2980388.9345832705,CASH,0.0,2980388.9345832705,,False
2021-03-12,2980388.9345832705,CASH,0.0,2980388.9345832705,,False
2021-03-15,2980388.9345832705,CASH,0.0,2980388.9345832705,,False
2021-03-16,2980388.9345832705,CASH,0.0,2980388.9345832705,,False
2021-03-17,2980388.9345832705,CASH,0.0,2980388.9345832705,,False
2021-03-18,2980388.9345832705,CASH,0.0,2980388.9345832705,,False
2021-03-19,2980388.9345832705,CASH,0.0,2980388.9345832705,,False
2021-03-22,2980388.9345832705,CASH,0.0,2980388.9345832705,,False
2021-03-23,2980388.9345832705,CASH,0.0,2980388.9345832705,,False
2021-03-24,2980388.9345832705,CASH,0.0,2980388.9345832705,,False
2021-03-25,2980388.9345832705,CASH,0.0,2980388.9345832705,,False
2021-03-26,2980388.9345832705,CASH,0.0,2980388.9345832705,,False
2021-03-29,2980388.9345832705,CASH,0.0,2980388.9345832705,,False
2021-03-30,2980388.9345832705,CASH,0.0,2980388.9345832705,,False
2021-03-31,2980388.9345832705,CASH,0.0,2980388.9345832705,,False
2021-04-01,2980388.9345832705,TECL,73787.0079047723,0.0,40.39178466796875,False
2021-04-05,3164876.439077109,TECL,73787.0079047723,0.0,40.39178466796875,False
2021-04-06,3130837.937036566,TECL,73787.0079047723,0.0,40.39178466796875,False
2021-04-07,3181895.5493598324,TECL,73787.0079047723,0.0,40.39178466796875,False
2021-04-08,3319409.9266672228,TECL,73787.0079047723,0.0,40.39178466796875,False
2021-04-09,3411313.797734161,TECL,73787.0079047723,0.0,40.39178466796875,False
2021-04-12,3368424.8742094343,TECL,73787.0079047723,0.0,40.39178466796875,False
2021-04-13,3461689.3958966862,TECL,73787.0079047723,0.0,40.39178466796875,False
2021-04-14,3346640.6720046382,TECL,73787.0079047723,0.0,40.39178466796875,False
2021-04-15,3522278.3179644877,TECL,73787.0079047723,0.0,40.39178466796875,False
2021-04-16,3518873.595187632,TECL,73787.0079047723,0.0,40.39178466796875,False
2021-04-19,3427652.0197565323,TECL,73787.0079047723,0.0,40.39178466796875,False
2021-04-20,3339152.027041158,TECL,73787.0079047723,0.0,40.39178466796875,False
2021-04-21,3438543.698646284,TECL,73787.0079047723,0.0,40.39178466796875,False
2021-04-22,3320091.0964026717,TECL,73787.0079047723,0.0,40.39178466796875,False
2021-04-23,3460328.745276372,TECL,73787.0079047723,0.0,40.39178466796875,False
2021-04-26,3521596.8667539414,TECL,73787.0079047723,0.0,40.39178466796875,False
2021-04-27,3493004.9078460173,TECL,73787.0079047723,0.0,40.39178466796875,False
2021-04-28,3395655.9010219467,TECL,73787.0079047723,0.0,40.39178466796875,False
2021-04-29,3388167.537533564,TECL,73787.0079047723,0.0,40.39178466796875,False
2021-04-30,3250652.597275979,TECL,73787.0079047723,0.0,40.39178466796875,False
2021-05-03,3222060.6383680548,TECL,73787.0079047723,0.0,44.05453872680664,False
2021-05-04,2990600.389493901,CASH,0.0,2990600.389493901,,False
2021-05-05,2990600.389493901,CASH,0.0,2990600.389493901,,False
2021-05-06,2990600.389493901,CASH,0.0,2990600.389493901,,False
2021-05-07,2990600.389493901,CASH,0.0,2990600.389493901,,False
2021-05-10,2990600.389493901,CASH,0.0,2990600.389493901,,False
2021-05-11,2990600.389493901,CASH,0.0,2990600.389493901,,False
2021-05-12,2990600.389493901,CASH,0.0,2990600.389493901,,False
2021-05-13,2990600.389493901,CASH,0.0,2990600.389493901,,False
2021-05-14,2990600.389493901,CASH,0.0,2990600.389493901,,False
2021-05-17,2990600.389493901,CASH,0.0,2990600.389493901,,False
2021-05-18,2990600.389493901,CASH,0.0,2990600.389493901,,False
2021-05-19,2990600.389493901,CASH,0.0,2990600.389493901,,False
2021-05-20,2990600.389493901,CASH,0.0,2990600.389493901,,False
2021-05-21,2990600.389493901,CASH,0.0,2990600.389493901,,False
2021-05-24,2990600.389493901,CASH,0.0,2990600.389493901,,False
2021-05-25,2990600.389493901,CASH,0.0,2990600.389493901,,False
2021-05-26,2990600.389493901,CASH,0.0,2990600.389493901,,False
2021-05-27,2990600.389493901,CASH,0.0,2990600.389493901,,False
2021-05-28,2990600.389493901,CASH,0.0,2990600.389493901,,False
2021-06-01,2990600.389493901,TECL,71825.0209119667,0.0,41.637306213378906,False
2021-06-02,3048251.8709322345,TECL,71825.0209119667,0.0,41.637306213378906,False
2021-06-03,2964757.037662623,TECL,71825.0209119667,0.0,41.637306213378906,False
2021-06-04,3133073.3672239096,TECL,71825.0209119667,0.0,41.637306213378906,False
2021-06-07,3133073.3672239096,TECL,71825.0209119667,0.0,41.637306213378906,False
2021-06-08,3136386.462899826,TECL,71825.0209119667,0.0,41.637306213378906,False
2021-06-09,3141687.3611831507,TECL,71825.0209119667,0.0,41.637306213378906,False
2021-06-10,3212593.1432601274,TECL,71825.0209119667,0.0,41.637306213378906,False
2021-06-11,3265605.6879726136,TECL,71825.0209119667,0.0,41.637306213378906,False
2021-06-14,3368980.7392419907,TECL,71825.0209119667,0.0,41.637306213378906,False
2021-06-15,3305365.8499814337,TECL,71825.0209119667,0.0,41.637306213378906,False
2021-06-16,3250364.406698696,TECL,71825.0209119667,0.0,41.637306213378906,False
2021-06-17,3366330.701086395,TECL,71825.0209119667,0.0,41.637306213378906,False
2021-06-18,3268256.8220910532,TECL,71825.0209119667,0.0,41.637306213378906,False
2021-06-21,3376270.262104856,TECL,71825.0209119667,0.0,41.637306213378906,False
2021-06-22,3466392.656679855,TECL,71825.0209119667,0.0,41.637306213378906,False
2021-06-23,3451152.1973780696,TECL,71825.0209119667,0.0,41.637306213378906,False
2021-06-24,3520731.0424422724,TECL,71825.0209119667,0.0,41.637306213378906,False
2021-06-25,3510790.659451679,TECL,71825.0209119667,0.0,41.637306213378906,False
2021-06-28,3619467.7049672236,TECL,71825.0209119667,0.0,41.637306213378906,False
2021-06-29,3696337.4428478456,TECL,71825.0209119667,0.0,41.637306213378906,False
2021-06-30,3685734.824309064,TECL,71825.0209119667,0.0,41.637306213378906,False
2021-07-01,3696337.4428478456,TQQQ,126595.90064880016,0.0,29.19792366027832,False
2021-07-02,3821800.884287122,TQQQ,126595.90064880016,0.0,29.19792366027832,False
2021-07-06,3873071.8280513566,TQQQ,126595.90064880016,0.0,29.19792366027832,False
2021-07-07,3897802.660609704,TQQQ,126595.90064880016,0.0,29.19792366027832,False
2021-07-08,3830245.311467393,TQQQ,126595.90064880016,0.0,29.19792366027832,False
2021-07-09,3895088.1389820985,TQQQ,126595.90064880016,0.0,29.19792366027832,False
2021-07-12,3943946.147803738,TQQQ,126595.90064880016,0.0,29.19792366027832,False
2021-07-13,3941836.0068587423,TQQQ,126595.90064880016,0.0,29.19792366027832,False
2021-07-14,3963248.6614944288,TQQQ,126595.90064880016,0.0,29.19792366027832,False
2021-07-15,3881214.4270840995,TQQQ,126595.90064880016,0.0,29.19792366027832,False
2021-07-16,3785911.1029208987,TQQQ,126595.90064880016,0.0,29.19792366027832,False
2021-07-19,3695131.579032843,TQQQ,126595.90064880016,0.0,29.19792366027832,False
2021-07-20,3816975.2558644493,TQQQ,126595.90064880016,0.0,29.19792366027832,False
2021-07-21,3904135.9809949067,TQQQ,126595.90064880016,0.0,29.19792366027832,False
2021-07-22,3986169.491017682,TQQQ,126595.90064880016,0.0,29.19792366027832,False
2021-07-23,4118569.667674699,TQQQ,126595.90064880016,0.0,29.19792366027832,False
2021-07-26,4135760.8331078044,TQQQ,126595.90064880016,0.0,29.19792366027832,False
2021-07-27,4000645.6518981466,TQQQ,126595.90064880016,0.0,29.19792366027832,False
2021-07-28,4044377.894387211,TQQQ,126595.90064880016,0.0,29.19792366027832,False
2021-07-29,4064282.6155978497,TQQQ,126595.90064880016,0.0,29.19792366027832,False
2021-07-30,4003361.1393758235,TQQQ,126595.90064880016,0.0,29.19792366027832,False
2021-08-02,4002153.343860677,TQQQ,126595.90064880016,0.0,31.623149871826172,False
2021-08-03,4071822.0412605735,TQQQ,126595.90064880016,0.0,31.623149871826172,False
2021-08-04,4092029.556468812,TQQQ,126595.90064880016,0.0,31.623149871826172,False
2021-08-05,4168935.3684588685,TQQQ,126595.90064880016,0.0,31.623149871826172,False
2021-08-06,4114648.316382019,TQQQ,126595.90064880016,0.0,31.623149871826172,False
2021-08-09,4136665.3517003153,TQQQ,126595.90064880016,0.0,31.623149871826172,False
2021-08-10,4074837.4251856343,TQQQ,126595.90064880016,0.0,31.623149871826172,False
2021-08-11,4052822.321567482,TQQQ,126595.90064880016,0.0,31.623149871826172,False
2021-08-12,4095045.9062439445,TQQQ,126595.90064880016,0.0,31.623149871826172,False
2021-08-13,4136061.6954052597,TQQQ,126595.90064880016,0.0,31.623149871826172,False
2021-08-16,4143300.7416955642,TQQQ,126595.90064880016,0.0,31.623149871826172,False
2021-08-17,4034425.533781892,TQQQ,126595.90064880016,0.0,31.623149871826172,False
2021-08-18,3917105.174300395,TQQQ,126595.90064880016,0.0,31.623149871826172,False
2021-08-19,3972899.6768772565,TQQQ,126595.90064880016,0.0,31.623149871826172,False
2021-08-20,4095647.6308388556,TQQQ,126595.90064880016,0.0,31.623149871826172,False
2021-08-23,4278113.128907622,TQQQ,126595.90064880016,0.0,31.623149871826172,False
2021-08-24,4320334.78188394,TQQQ,126595.90064880016,0.0,31.623149871826172,False
2021-08-25,4325161.134694167,TQQQ,126595.90064880016,0.0,31.623149871826172,False
2021-08-26,4251873.397074155,TQQQ,126595.90064880016,0.0,31.623149871826172,False
2021-08-27,4376130.491773392,TQQQ,126595.90064880016,0.0,31.623149871826172,False
2021-08-30,4521196.826275779,TQQQ,126595.90064880016,0.0,31.623149871826172,False
2021-08-31,4508530.668430408,TQQQ,126595.90064880016,0.0,31.623149871826172,False
2021-09-01,4533262.22537631,TECL,71761.77704079931,0.0,63.17098617553711,False
2021-09-02,4525316.647454979,TECL,71761.77704079931,0.0,63.17098617553711,False
2021-09-03,4578283.608187604,TECL,71761.77704079931,0.0,63.17098617553711,False
2021-09-07,4579608.00804922,TECL,71761.77704079931,0.0,63.17098617553711,False
2021-09-08,4522668.942729566,TECL,71761.77704079931,0.0,63.17098617553711,False
2021-09-09,4467054.277271529,TECL,71761.77704079931,0.0,63.17098617553711,False
2021-09-10,4339271.864331441,TECL,71761.77704079931,0.0,63.17098617553711,False
2021-09-13,4340595.990443601,TECL,71761.77704079931,0.0,63.17098617553711,False
2021-09-14,4326031.15070874,TECL,71761.77704079931,0.0,63.17098617553711,False
2021-09-15,4434612.229400492,TECL,71761.77704079931,0.0,63.17098617553711,False
2021-09-16,4446529.364409941,TECL,71761.77704079931,0.0,63.17098617553711,False
2021-09-17,4241946.815716148,TECL,71761.77704079931,0.0,63.17098617553711,False
2021-09-20,4048620.212804622,CASH,0.0,4048620.212804622,,False
2021-09-21,4048620.212804622,CASH,0.0,4048620.212804622,,False
2021-09-22,4048620.212804622,CASH,0.0,4048620.212804622,,False
2021-09-23,4048620.212804622,CASH,0.0,4048620.212804622,,False
2021-09-24,4048620.212804622,CASH,0.0,4048620.212804622,,False
2021-09-27,4048620.212804622,CASH,0.0,4048620.212804622,,False
2021-09-28,4048620.212804622,CASH,0.0,4048620.212804622,,False
2021-09-29,4048620.212804622,CASH,0.0,4048620.212804622,,False
2021-09-30,4048620.212804622,CASH,0.0,4048620.212804622,,False
2021-10-01,4048620.212804622,TECL,74225.88038660563,0.0,54.54458999633789,False
2021-10-04,3724730.5957802525,CASH,0.0,3724730.5957802525,,False
2021-10-05,3724730.5957802525,CASH,0.0,3724730.5957802525,,False
2021-10-06,3724730.5957802525,CASH,0.0,3724730.5957802525,,False
2021-10-07,3724730.5957802525,CASH,0.0,3724730.5957802525,,False
2021-10-08,3724730.5957802525,CASH,0.0,3724730.5957802525,,False
2021-10-11,3724730.5957802525,CASH,0.0,3724730.5957802525,,False
2021-10-12,3724730.5957802525,CASH,0.0,3724730.5957802525,,False
2021-10-13,3724730.5957802525,CASH,0.0,3724730.5957802525,,False
2021-10-14,3724730.5957802525,CASH,0.0,3724730.5957802525,,False
2021-10-15,3724730.5957802525,CASH,0.0,3724730.5957802525,,False
2021-10-18,3724730.5957802525,CASH,0.0,3724730.5957802525,,False
2021-10-19,3724730.5957802525,CASH,0.0,3724730.5957802525,,False
2021-10-20,3724730.5957802525,CASH,0.0,3724730.5957802525,,False
2021-10-21,3724730.5957802525,CASH,0.0,3724730.5957802525,,False
2021-10-22,3724730.5957802525,CASH,0.0,3724730.5957802525,,False
2021-10-25,3724730.5957802525,CASH,0.0,3724730.5957802525,,False
2021-10-26,3724730.5957802525,CASH,0.0,3724730.5957802525,,False
2021-10-27,3724730.5957802525,CASH,0.0,3724730.5957802525,,False
2021-10-28,3724730.5957802525,CASH,0.0,3724730.5957802525,,False
2021-10-29,3724730.5957802525,CASH,0.0,3724730.5957802525,,False
2021-11-01,3724730.5957802525,TECL,56837.60188430827,0.0,65.5328598022461,False
2021-11-02,3813351.5841247533,TECL,56837.60188430827,0.0,65.5328598022461,False
2021-11-03,3879949.042466658,TECL,56837.60188430827,0.0,65.5328598022461,False
2021-11-04,4058766.4205201445,TECL,56837.60188430827,0.0,65.5328598022461,False
2021-11-05,4114351.246587774,TECL,56837.60188430827,0.0,65.5328598022461,False
2021-11-08,4186192.6709909807,TECL,56837.60188430827,0.0,65.5328598022461,False
2021-11-09,4136900.34401502,TECL,56837.60188430827,0.0,65.5328598022461,False
2021-11-10,3925571.0701998454,TECL,56837.60188430827,0.0,65.5328598022461,False
2021-11-11,3988496.92838951,TECL,56837.60188430827,0.0,65.5328598022461,False
2021-11-12,4130082.71113519,TECL,56837.60188430827,0.0,65.5328598022461,False
2021-11-15,4117497.2793153636,TECL,56837.60188430827,0.0,65.5328598022461,False
2021-11-16,4245447.796301383,TECL,56837.60188430827,0.0,65.5328598022461,False
2021-11-17,4206118.701296354,TECL,56837.60188430827,0.0,65.5328598022461,False
2021-11-18,4327776.719190705,TECL,56837.60188430827,0.0,65.5328598022461,False
2021-11-19,4430032.973294865,TECL,56837.60188430827,0.0,65.5328598022461,False
2021-11-22,4282155.558730495,TECL,56837.60188430827,0.0,65.5328598022461,False
2021-11-23,4252264.995544724,TECL,56837.60188430827,0.0,65.5328598022461,False
2021-11-24,4340886.851162203,TECL,56837.60188430827,0.0,65.5328598022461,False
2021-11-26,4018388.3588482593,TECL,56837.60188430827,0.0,65.5328598022461,False
2021-11-29,4313618.487825328,TECL,56837.60188430827,0.0,65.5328598022461,False
2021-11-30,4206643.401448026,TECL,56837.60188430827,0.0,65.5328598022461,False
2021-12-01,4030973.3570315964,TQQQ,109092.49969654778,0.0,36.950050354003906,False
2021-12-02,4106863.3573545576,TQQQ,109092.49969654778,0.0,36.950050354003906,False
2021-12-03,3900506.311400699,TQQQ,109092.49969654778,0.0,36.950050354003906,False
2021-12-06,3991729.9537060023,TQQQ,109092.49969654778,0.0,36.950050354003906,False
2021-12-07,4351684.348580683,TQQQ,109092.49969654778,0.0,36.950050354003906,False
2021-12-08,4412239.042301861,TQQQ,109092.49969654778,0.0,36.950050354003906,False
2021-12-09,4221736.24806057,TQQQ,109092.49969654778,0.0,36.950050354003906,False
2021-12-10,4352463.806634011,TQQQ,109092.49969654778,0.0,36.950050354003906,False
2021-12-13,4165339.773703435,TQQQ,109092.49969654778,0.0,36.950050354003906,False
2021-12-14,4041369.737751426,TQQQ,109092.49969654778,0.0,36.950050354003906,False
2021-12-15,4308800.422537249,TQQQ,109092.49969654778,0.0,36.950050354003906,False
2021-12-16,3980034.3375123385,TQQQ,109092.49969654778,0.0,36.950050354003906,False
2021-12-17,3919218.2985388963,TQQQ,109092.49969654778,0.0,36.950050354003906,False
2021-12-20,3708495.488469069,CASH,0.0,3708495.488469069,,False
2021-12-21,3708495.488469069,CASH,0.0,3708495.488469069,,False
2021-12-22,3708495.488469069,CASH,0.0,3708495.488469069,,False
2021-12-23,3708495.488469069,CASH,0.0,3708495.488469069,,False
2021-12-27,3708495.488469069,CASH,0.0,3708495.488469069,,False
2021-12-28,3708495.488469069,CASH,0.0,3708495.488469069,,False
2021-12-29,3708495.488469069,CASH,0.0,3708495.488469069,,False
2021-12-30,3708495.488469069,CASH,0.0,3708495.488469069,,False
2021-12-31,3708495.488469069,CASH,0.0,3708495.488469069,,False
2022-01-03,3708495.488469069,TQQQ,90963.73719856005,0.0,40.768943786621094,False
2022-01-04,3564385.713117454,TQQQ,90963.73719856005,0.0,40.768943786621094,False
2022-01-05,3411815.849391544,CASH,0.0,3411815.849391544,,False
2022-01-06,3411815.849391544,CASH,0.0,3411815.849391544,,False
2022-01-07,3411815.849391544,CASH,0.0,3411815.849391544,,False
2022-01-10,3411815.849391544,CASH,0.0,3411815.849391544,,False
2022-01-11,3411815.849391544,CASH,0.0,3411815.849391544,,False
2022-01-12,3411815.849391544,CASH,0.0,3411815.849391544,,False
2022-01-13,3411815.849391544,CASH,0.0,3411815.849391544,,False
2022-01-14,3411815.849391544,CASH,0.0,3411815.849391544,,False
2022-01-18,3411815.849391544,CASH,0.0,3411815.849391544,,False
2022-01-19,3411815.849391544,CASH,0.0,3411815.849391544,,False
2022-01-20,3411815.849391544,CASH,0.0,3411815.849391544,,False
2022-01-21,3411815.849391544,CASH,0.0,3411815.849391544,,False
2022-01-24,3411815.849391544,CASH,0.0,3411815.849391544,,False
2022-01-25,3411815.849391544,CASH,0.0,3411815.849391544,,False
2022-01-26,3411815.849391544,CASH,0.0,3411815.849391544,,False
2022-01-27,3411815.849391544,CASH,0.0,3411815.849391544,,False
2022-01-28,3411815.849391544,CASH,0.0,3411815.849391544,,False
2022-01-31,3411815.849391544,CASH,0.0,3411815.849391544,,False
2022-02-01,3411815.849391544,GLD,20280.6629973244,0.0,168.22999572753906,False
2022-02-02,3424187.066198246,GLD,20280.6629973244,0.0,168.22999572753906,False
2022-02-03,3419319.905132238,GLD,20280.6629973244,0.0,168.22999572753906,False
2022-02-04,3424592.766106533,GLD,20280.6629973244,0.0,168.22999572753906,False
2022-02-07,3449943.5948531884,GLD,20280.6629973244,0.0,168.22999572753906,False
2022-02-08,3460489.6262601377,GLD,20280.6629973244,0.0,168.22999572753906,False
2022-02-09,3472252.4479335886,GLD,20280.6629973244,0.0,168.22999572753906,False
2022-02-10,3459069.8313103127,GLD,20280.6629973244,0.0,168.22999572753906,False
2022-02-11,3524981.9860516167,GLD,20280.6629973244,0.0,168.22999572753906,False
2022-02-14,3543843.163557475,GLD,20280.6629973244,0.0,168.22999572753906,False
2022-02-15,3510177.1887119105,GLD,20280.6629973244,0.0,168.22999572753906,False
2022-02-16,3546276.7440904793,GLD,20280.6629973244,0.0,168.22999572753906,False
2022-02-17,3594747.51627575,GLD,20280.6629973244,0.0,168.22999572753906,False
2022-02-18,3592110.9310594234,GLD,20280.6629973244,0.0,168.22999572753906,False
2022-02-22,3599614.9868001174,GLD,20280.6629973244,0.0,168.22999572753906,False
2022-02-23,3615839.26963129,GLD,20280.6629973244,0.0,168.22999572753906,False
2022-02-24,3592516.63096771,GLD,20280.6629973244,0.0,168.22999572753906,False
2022-02-25,3580551.1140692947,GLD,20280.6629973244,0.0,168.22999572753906,False
2022-02-28,3617664.7644894016,GLD,20280.6629973244,0.0,168.22999572753906,False
2022-03-01,3683373.914547383,GLD,20280.6629973244,0.0,178.3800048828125,False
2022-03-02,3645043.473860774,GLD,20280.6629973244,0.0,178.3800048828125,False
2022-03-03,3666743.9318079236,GLD,20280.6629973244,0.0,178.3800048828125,False
2022-03-04,3725152.030808534,GLD,20280.6629973244,0.0,178.3800048828125,False
2022-03-07,3780518.463601248,GLD,20280.6629973244,0.0,178.3800048828125,False
2022-03-08,3883949.659212587,GLD,20280.6629973244,0.0,178.3800048828125,False
2022-03-09,3768552.9467028324,GLD,20280.6629973244,0.0,178.3800048828125,False
2022-03-10,3780315.458917925,GLD,20280.6629973244,0.0,178.3800048828125,False
2022-03-11,3753747.8399047675,GLD,20280.6629973244,0.0,178.3800048828125,False
2022-03-14,3697164.92630391,GLD,20280.6629973244,0.0,178.3800048828125,False
2022-03-15,3628007.7912130277,GLD,20280.6629973244,0.0,178.3800048828125,False
2022-03-16,3650722.0347433565,GLD,20280.6629973244,0.0,178.3800048828125,False
2022-03-17,3668569.1172076766,GLD,20280.6629973244,0.0,178.3800048828125,False
2022-03-18,3636322.937311937,GLD,20280.6629973244,0.0,178.3800048828125,False
2022-03-21,3664107.3465915965,GLD,20280.6629973244,0.0,178.3800048828125,False
2022-03-22,3637539.727578439,GLD,20280.6629973244,0.0,178.3800048828125,False
2022-03-23,3687227.290030212,GLD,20280.6629973244,0.0,178.3800048828125,False
2022-03-24,3713997.9137266926,GLD,20280.6629973244,0.0,178.3800048828125,False
2022-03-25,3698787.416478699,GLD,20280.6629973244,0.0,178.3800048828125,False
2022-03-28,3631455.46678757,GLD,20280.6629973244,0.0,178.3800048828125,False
2022-03-29,3633077.956962359,GLD,20280.6629973244,0.0,178.3800048828125,False
2022-03-30,3662282.1611918435,GLD,20280.6629973244,0.0,178.3800048828125,False
2022-03-31,3663701.6466833097,GLD,20280.6629973244,0.0,178.3800048828125,False
2022-04-01,3640379.00801973,GLD,20280.6629973244,0.0,180.64999389648438,False
2022-04-04,3658023.0858007274,GLD,20280.6629973244,0.0,180.64999389648438,False
2022-04-05,3635106.147045435,GLD,20280.6629973244,0.0,180.64999389648438,False
2022-04-06,3643623.988369308,GLD,20280.6629973244,0.0,180.64999389648438,False
2022-04-07,3657414.6906674765,GLD,20280.6629973244,0.0,180.64999389648438,False
2022-04-08,3680331.938881128,GLD,20280.6629973244,0.0,180.64999389648438,False
2022-04-11,3698584.4117953763,GLD,20280.6629973244,0.0,180.64999389648438,False
2022-04-12,3726977.5256666457,GLD,20280.6629973244,0.0,180.64999389648438,False
2022-04-13,3744824.298672607,GLD,20280.6629973244,0.0,180.64999389648438,False
2022-04-14,3732453.081865905,GLD,20280.6629973244,0.0,180.64999389648438,False
2022-04-18,3744013.2083143923,GLD,20280.6629973244,0.0,180.64999389648438,False
2022-04-19,3687430.294713535,GLD,20280.6629973244,0.0,180.64999389648438,False
2022-04-20,3705480.072402819,GLD,20280.6629973244,0.0,180.64999389648438,False
2022-04-21,3692297.455779543,GLD,20280.6629973244,0.0,180.64999389648438,False
2022-04-22,3656400.5956259384,GLD,20280.6629973244,0.0,180.64999389648438,False
2022-04-25,3590691.445567957,GLD,20280.6629973244,0.0,180.64999389648438,False
2022-04-26,3596167.311225575,GLD,20280.6629973244,0.0,180.64999389648438,False
2022-04-27,3568990.9876208077,GLD,20280.6629973244,0.0,180.64999389648438,False
2022-04-28,3588257.555576594,GLD,20280.6629973244,0.0,180.64999389648438,False
2022-04-29,3587852.165126666,GLD,20280.6629973244,0.0,180.64999389648438,False
2022-05-02,3521331.6152521106,GLD,20280.6629973244,0.0,176.91000366210938,False
2022-05-03,3530660.546934199,GLD,20280.6629973244,0.0,176.91000366210938,False
2022-05-04,3565340.6168213016,GLD,20280.6629973244,0.0,176.91000366210938,False
2022-05-05,3551752.609748097,GLD,20280.6629973244,0.0,176.91000366210938,False
2022-05-06,3557633.8658556435,GLD,20280.6629973244,0.0,176.91000366210938,False
2022-05-09,3506121.118004117,GLD,20280.6629973244,0.0,176.91000366210938,False
2022-05-10,3476511.213866346,GLD,20280.6629973244,0.0,176.91000366210938,False
2022-05-11,3504904.3277376154,GLD,20280.6629973244,0.0,176.91000366210938,False
2022-05-12,3451160.3851196906,GLD,20280.6629973244,0.0,176.91000366210938,False
2022-05-13,3423172.971156708,GLD,20280.6629973244,0.0,176.91000366210938,False
2022-05-16,3455824.8509607348,GLD,20280.6629973244,0.0,176.91000366210938,False
2022-05-17,3434124.702471944,GLD,20280.6629973244,0.0,176.91000366210938,False
2022-05-18,3435949.887871697,GLD,20280.6629973244,0.0,176.91000366210938,False
2022-05-19,3486448.850140044,GLD,20280.6629973244,0.0,176.91000366210938,False
2022-05-20,3488882.430673048,GLD,20280.6629973244,0.0,176.91000366210938,False
2022-05-23,3505107.0229625795,GLD,20280.6629973244,0.0,176.91000366210938,False
2022-05-24,3531471.9467507727,GLD,20280.6629973244,0.0,176.91000366210938,False
2022-05-25,3510177.1887119105,GLD,20280.6629973244,0.0,176.91000366210938,False
2022-05-26,3503687.2280127546,GLD,20280.6629973244,0.0,176.91000366210938,False
2022-05-27,3505512.7228708663,GLD,20280.6629973244,0.0,176.91000366210938,False
2022-05-31,3470832.6529837637,GLD,20280.6629973244,0.0,176.91000366210938,False
2022-06-01,3492938.5013808412,SHY,48085.93004214856,0.0,72.63951218826776,False
2022-06-02,3493777.905934624,SHY,48085.93004214856,0.0,72.63951218826776,False
2022-06-03,3492515.6601075972,SHY,48085.93004214856,0.0,72.63951218826776,False
2022-06-06,3487894.688184374,SHY,48085.93004214856,0.0,72.63951218826776,False
2022-06-07,3488314.205814421,SHY,48085.93004214856,0.0,72.63951218826776,False
2022-06-08,3485793.7763909413,SHY,48085.93004214856,0.0,72.63951218826776,False
2022-06-09,3483273.71626115,SHY,48085.93004214856,0.0,72.63951218826776,False
2022-06-10,3468566.5951197455,SHY,48085.93004214856,0.0,72.63951218826776,False
2022-06-13,3450919.526924814,SHY,48085.93004214856,0.0,72.63951218826776,False
2022-06-14,3444196.9046207815,SHY,48085.93004214856,0.0,72.63951218826776,False
2022-06-15,3457643.6264036014,SHY,48085.93004214856,0.0,72.63951218826776,False
2022-06-16,3462264.9676205134,SHY,48085.93004214856,0.0,72.63951218826776,False
2022-06-17,3461424.824479353,SHY,48085.93004214856,0.0,72.63951218826776,False
2022-06-21,3460162.9479460157,SHY,48085.93004214856,0.0,72.63951218826776,False
2022-06-22,3470248.358576819,SHY,48085.93004214856,0.0,72.63951218826776,False
2022-06-23,3473189.044217723,SHY,48085.93004214856,0.0,72.63951218826776,False
2022-06-24,3472349.270370252,SHY,48085.93004214856,0.0,72.63951218826776,False
2022-06-27,3468566.5951197455,SHY,48085.93004214856,0.0,72.63951218826776,False
2022-06-28,3467726.082684898,SHY,48085.93004214856,0.0,72.63951218826776,False
2022-06-29,3471927.536978074,SHY,48085.93004214856,0.0,72.63951218826776,False
2022-06-30,3478651.636456861,SHY,48085.93004214856,0.0,72.63951218826776,False
2022-07-01,3489124.436166819,SHY,48085.93004214856,0.0,72.34240106009665,False
2022-07-05,3488703.072068329,SHY,48085.93004214856,0.0,72.34240106009665,False
2022-07-06,3479028.3160190512,SHY,48085.93004214856,0.0,72.34240106009665,False
2022-07-07,3476505.670833441,SHY,48085.93004214856,0.0,72.34240106009665,False
2022-07-08,3472299.415722315,SHY,48085.93004214856,0.0,72.34240106009665,False
2022-07-11,3473561.2922556526,SHY,48085.93004214856,0.0,72.34240106009665,False
2022-07-12,3475244.53288748,SHY,48085.93004214856,0.0,72.34240106009665,False
2022-07-13,3471460.0111685316,SHY,48085.93004214856,0.0,72.34240106009665,False
2022-07-14,3470197.026754129,SHY,48085.93004214856,0.0,72.34240106009665,False
2022-07-15,3472721.8877018695,SHY,48085.93004214856,0.0,72.34240106009665,False
2022-07-18,3470616.9136778642,SHY,48085.93004214856,0.0,72.34240106009665,False
2022-07-19,3466834.2384273587,SHY,48085.93004214856,0.0,72.34240106009665,False
2022-07-20,3466412.1357414923,SHY,48085.93004214856,0.0,72.34240106009665,False
2022-07-21,3476087.2610844583,SHY,48085.93004214856,0.0,72.34240106009665,False
2022-07-22,3484918.1810556934,SHY,48085.93004214856,0.0,72.34240106009665,False
2022-07-25,3481973.802477904,SHY,48085.93004214856,0.0,72.34240106009665,False
2022-07-26,3480291.3004334546,SHY,48085.93004214856,0.0,72.34240106009665,False
2022-07-27,3485758.693490541,SHY,48085.93004214856,0.0,72.34240106009665,False
2022-07-28,3493328.475515814,SHY,48085.93004214856,0.0,72.34240106009665,False
2022-07-29,3492909.3271794557,SHY,48085.93004214856,0.0,72.34240106009665,False
2022-08-01,3492825.4975121836,SHY,48085.93004214856,0.0,72.6389054785429,False
2022-08-02,3480614.8017045115,SHY,48085.93004214856,0.0,72.6389054785429,False
2022-08-03,3481877.4168252265,SHY,48085.93004214856,0.0,72.6389054785429,False
2022-08-04,3486508.359678038,SHY,48085.93004214856,0.0,72.6389054785429,False
2022-08-05,3472194.536314803,SHY,48085.93004214856,0.0,72.6389054785429,False
2022-08-08,3475562.8640468996,SHY,48085.93004214856,0.0,72.6389054785429,False
2022-08-09,3472194.536314803,SHY,48085.93004214856,0.0,72.6389054785429,False
2022-08-10,3475562.8640468996,SHY,48085.93004214856,0.0,72.6389054785429,False
2022-08-11,3474299.510338808,SHY,48085.93004214856,0.0,72.6389054785429,False
2022-08-12,3475141.1306547215,SHY,48085.93004214856,0.0,72.6389054785429,False
2022-08-15,3478089.571463083,SHY,48085.93004214856,0.0,72.6389054785429,False
2022-08-16,3475141.1306547215,SHY,48085.93004214856,0.0,72.6389054785429,False
2022-08-17,3472194.536314803,SHY,48085.93004214856,0.0,72.6389054785429,False
2022-08-18,3477246.473972415,SHY,48085.93004214856,0.0,72.6389054785429,False
2022-08-19,3474721.243730986,SHY,48085.93004214856,0.0,72.6389054785429,False
2022-08-22,3470089.192997109,SHY,48085.93004214856,0.0,72.6389054785429,False
2022-08-23,3471775.018684756,SHY,48085.93004214856,0.0,72.6389054785429,False
2022-08-24,3467984.2189731044,SHY,48085.93004214856,0.0,72.6389054785429,False
2022-08-25,3470089.192997109,SHY,48085.93004214856,0.0,72.6389054785429,False
2022-08-26,3469247.9419748844,SHY,48085.93004214856,0.0,72.6389054785429,False
2022-08-29,3466721.60385239,SHY,48085.93004214856,0.0,72.6389054785429,False
2022-08-30,3465037.9939268734,SHY,48085.93004214856,0.0,72.6389054785429,False
2022-08-31,3464616.629828384,SHY,48085.93004214856,0.0,72.6389054785429,False
2022-09-01,3462085.490887941,IEF,39527.27863722386,0.0,87.58724633341201,False
2022-09-02,3481480.2129386747,IEF,39527.27863722386,0.0,87.58724633341201,False
2022-09-06,3442689.556439754,IEF,39527.27863722386,0.0,87.58724633341201,False
2022-09-07,3465203.1709375423,IEF,39527.27863722386,0.0,87.58724633341201,False
2022-09-08,3452387.826763211,IEF,39527.27863722386,0.0,87.58724633341201,False
2022-09-09,3452734.5724346815,IEF,39527.27863722386,0.0,87.58724633341201,False
2022-09-12,3444421.466200927,IEF,39527.27863722386,0.0,87.58724633341201,False
2022-09-13,3425026.441050829,IEF,39527.27863722386,0.0,87.58724633341201,False
2022-09-14,3426757.138414549,IEF,39527.27863722386,0.0,87.58724633341201,False
2022-09-15,3414982.334353992,IEF,39527.27863722386,0.0,87.58724633341201,False
2022-09-16,3417752.662533396,IEF,39527.27863722386,0.0,87.58724633341201,False
2022-09-19,3408054.695309303,IEF,39527.27863722386,0.0,87.58724633341201,False
2022-09-20,3386928.0634973957,IEF,39527.27863722386,0.0,87.58724633341201,False
2022-09-21,3400435.686617215,IEF,39527.27863722386,0.0,87.58724633341201,False
2022-09-22,3349176.12851607,IEF,39527.27863722386,0.0,87.58724633341201,False
2022-09-23,3353332.530083266,IEF,39527.27863722386,0.0,87.58724633341201,False
2022-09-26,3297570.1278428184,IEF,39527.27863722386,0.0,87.58724633341201,False
2022-09-27,3275057.119543757,IEF,39527.27863722386,0.0,87.58724633341201,False
2022-09-28,3348830.8983414154,IEF,39527.27863722386,0.0,87.58724633341201,False
2022-09-29,3333244.316689591,IEF,39527.27863722386,0.0,87.58724633341201,False
2022-09-30,3324584.464784366,IEF,39527.27863722386,0.0,87.58724633341201,False
2022-10-03,3364041.939882268,SHY,47149.99288522758,0.0,71.34766590677994,False
2022-10-04,3365282.8765026974,SHY,47149.99288522758,0.0,71.34766590677994,False
2022-10-05,3361973.9535854263,SHY,47149.99288522758,0.0,71.34766590677994,False
2022-10-06,3357833.6357219904,SHY,47149.99288522758,0.0,71.34766590677994,False
2022-10-07,3353694.7662818055,SHY,47149.99288522758,0.0,71.34766590677994,False
2022-10-10,3352452.7433439377,SHY,47149.99288522758,0.0,71.34766590677994,False
2022-10-11,3354109.3774374505,SHY,47149.99288522758,0.0,71.34766590677994,False
2022-10-12,3357419.7487779716,SHY,47149.99288522758,0.0,71.34766590677994,False
2022-10-13,3347486.1000157157,SHY,47149.99288522758,0.0,71.34766590677994,False
2022-10-14,3345830.1901338296,SHY,47149.99288522758,0.0,71.34766590677994,False
2022-10-17,3349556.258947434,SHY,47149.99288522758,0.0,71.34766590677994,False
2022-10-18,3351212.1688293205,SHY,47149.99288522758,0.0,71.34766590677994,False
2022-10-19,3345003.140457418,SHY,47149.99288522758,0.0,71.34766590677994,False
2022-10-20,3341277.4337496255,SHY,47149.99288522758,0.0,71.34766590677994,False
2022-10-21,3349970.5079972646,SHY,47149.99288522758,0.0,71.34766590677994,False
2022-10-24,3349141.285685977,SHY,47149.99288522758,0.0,71.34766590677994,False
2022-10-25,3352452.7433439377,SHY,47149.99288522758,0.0,71.34766590677994,False
2022-10-26,3355349.227740441,SHY,47149.99288522758,0.0,71.34766590677994,False
2022-10-27,3362386.030000381,SHY,47149.99288522758,0.0,71.34766590677994,False
2022-10-28,3357419.7487779716,SHY,47149.99288522758,0.0,71.34766590677994,False
2022-10-31,3352452.7433439377,SHY,47149.99288522758,0.0,71.34766590677994,False
2022-11-01,3349178.5825846945,SHY,47149.99288522758,0.0,71.10187166951376,False
2022-11-02,3347519.0516446796,SHY,47149.99288522758,0.0,71.10187166951376,False
2022-11-03,3341299.5222042063,SHY,47149.99288522758,0.0,71.10187166951376,False
2022-11-04,3345031.022605003,SHY,47149.99288522758,0.0,71.10187166951376,False
2022-11-07,3342129.46872712,SHY,47149.99288522758,0.0,71.10187166951376,False
2022-11-08,3345446.357972272,SHY,47149.99288522758,0.0,71.10187166951376,False
2022-11-09,3350836.665101458,SHY,47149.99288522758,0.0,71.10187166951376,False
2022-11-10,3369079.1938439836,SHY,47149.99288522758,0.0,71.10187166951376,False
2022-11-11,3368249.2473210697,SHY,47149.99288522758,0.0,71.10187166951376,False
2022-11-14,3365346.607125749,SHY,47149.99288522758,0.0,71.10187166951376,False
2022-11-15,3368664.582688339,SHY,47149.99288522758,0.0,71.10187166951376,False
2022-11-16,3369079.1938439836,SHY,47149.99288522758,0.0,71.10187166951376,False
2022-11-17,3364933.4443933563,SHY,47149.99288522758,0.0,71.10187166951376,False
2022-11-18,3361201.581886746,SHY,47149.99288522758,0.0,71.10187166951376,False
2022-11-21,3360372.3595754583,SHY,47149.99288522758,0.0,71.10187166951376,False
2022-11-22,3362860.026509322,SHY,47149.99288522758,0.0,71.10187166951376,False
2022-11-23,3365761.2182813925,SHY,47149.99288522758,0.0,71.10187166951376,False
2022-11-25,3366177.2778602876,SHY,47149.99288522758,0.0,71.10187166951376,False
2022-11-28,3367005.775959951,SHY,47149.99288522758,0.0,71.10187166951376,False
2022-11-29,3365761.2182813925,SHY,47149.99288522758,0.0,71.10187166951376,False
2022-11-30,3375711.8860168504,SHY,47149.99288522758,0.0,71.10187166951376,False
2022-12-01,3382983.3328434774,SHY,47149.99288522758,0.0,71.59517275504159,False
2022-12-02,3382151.937897312,SHY,47149.99288522758,0.0,71.59517275504159,False
2022-12-05,3372595.603391983,SHY,47149.99288522758,0.0,71.59517275504159,False
2022-12-06,3376336.5185439116,SHY,47149.99288522758,0.0,71.59517275504159,False
2022-12-07,3383398.3061049343,SHY,47149.99288522758,0.0,71.59517275504159,False
2022-12-08,3380074.5368493386,SHY,47149.99288522758,0.0,71.59517275504159,False
2022-12-09,3378412.8332744474,SHY,47149.99288522758,0.0,71.59517275504159,False
2022-12-12,3376336.5185439116,SHY,47149.99288522758,0.0,71.59517275504159,False
2022-12-13,3386305.653675822,SHY,47149.99288522758,0.0,71.59517275504159,False
2022-12-14,3386723.1616779673,SHY,47149.99288522758,0.0,71.59517275504159,False
2022-12-15,3387179.415002083,SHY,47149.99288522758,0.0,71.59517275504159,False
2022-12-16,3390510.7884797473,SHY,47149.99288522758,0.0,71.59517275504159,False
2022-12-19,3386347.2958442927,SHY,47149.99288522758,0.0,71.59517275504159,False
2022-12-20,3386347.2958442927,SHY,47149.99288522758,0.0,71.59517275504159,False
2022-12-21,3389677.945110331,SHY,47149.99288522758,0.0,71.59517275504159,False
2022-12-22,3387595.112475165,SHY,47149.99288522758,0.0,71.59517275504159,False
2022-12-23,3385930.874159584,SHY,47149.99288522758,0.0,71.59517275504159,False
2022-12-27,3381350.9598394223,SHY,47149.99288522758,0.0,71.59517275504159,False
2022-12-28,3381350.9598394223,SHY,47149.99288522758,0.0,71.59517275504159,False
2022-12-29,3383850.2141592954,SHY,47149.99288522758,0.0,71.59517275504159,False
2022-12-30,3379684.910994777,SHY,47149.99288522758,0.0,71.59517275504159,False
2023-01-03,3382599.5006819204,GLD,19774.345545183744,0.0,171.05999755859375,False
2023-01-04,3414436.209078969,GLD,19774.345545183744,0.0,171.05999755859375,False
2023-01-05,3371921.486849851,GLD,19774.345545183744,0.0,171.05999755859375,False
2023-01-06,3435001.697416198,GLD,19774.345545183744,0.0,171.05999755859375,False
2023-01-09,3442713.6801095167,GLD,19774.345545183744,0.0,171.05999755859375,False
2023-01-10,3455369.2491891314,GLD,19774.345545183744,0.0,171.05999755859375,False
2023-01-11,3452996.1225455636,GLD,19774.345545183744,0.0,171.05999755859375,False
2023-01-12,3492940.385031954,GLD,19774.345545183744,0.0,171.05999755859375,False
2023-01-13,3534861.901033322,GLD,19774.345545183744,0.0,171.05999755859375,False
2023-01-17,3511725.9529533647,GLD,19774.345545183744,0.0,171.05999755859375,False
2023-01-18,3501641.1453490453,GLD,19774.345545183744,0.0,171.05999755859375,False
2023-01-19,3557207.008053801,GLD,19774.345545183744,0.0,171.05999755859375,False
2023-01-20,3545342.280033664,GLD,19774.345545183744,0.0,171.05999755859375,False
2023-01-23,3552065.7868357776,GLD,19774.345545183744,0.0,171.05999755859375,False
2023-01-24,3564918.9907471198,GLD,19774.345545183744,0.0,171.05999755859375,False
2023-01-25,3581331.7337575303,GLD,19774.345545183744,0.0,171.05999755859375,False
2023-01-26,3548901.8191327318,GLD,19774.345545183744,0.0,171.05999755859375,False
2023-01-27,3543958.232746436,GLD,19774.345545183744,0.0,171.05999755859375,False
2023-01-30,3534861.901033322,GLD,19774.345545183744,0.0,171.05999755859375,False
2023-01-31,3547715.4066772317,GLD,19774.345545183744,0.0,171.05999755859375,False
2023-02-01,3592405.3189856224,GLD,19774.345545183744,0.0,179.41000366210938,False
2023-02-02,3517855.951795161,GLD,19774.345545183744,0.0,179.41000366210938,False
2023-02-03,3430058.111029902,GLD,19774.345545183744,0.0,179.41000366210938,False
2023-02-06,3437176.8874954707,GLD,19774.345545183744,0.0,179.41000366210938,False
2023-02-07,3440340.553465949,GLD,19774.345545183744,0.0,179.41000366210938,False
2023-02-08,3448843.678951313,GLD,19774.345545183744,0.0,179.41000366210938,False
2023-02-09,3421554.9855445377,GLD,19774.345545183744,0.0,179.41000366210938,False
2023-02-10,3428080.5557823563,GLD,19774.345545183744,0.0,179.41000366210938,False
2023-02-13,3410679.035148173,GLD,19774.345545183744,0.0,179.41000366210938,False
2023-02-14,3413249.796623469,GLD,19774.345545183744,0.0,179.41000366210938,False
2023-02-15,3379237.898147147,GLD,19774.345545183744,0.0,179.41000366210938,False
2023-02-16,3376469.5018401244,GLD,19774.345545183744,0.0,179.41000366210938,False
2023-02-17,3386554.309444444,GLD,19774.345545183744,0.0,179.41000366210938,False
2023-02-21,3373898.7403648286,GLD,19774.345545183744,0.0,179.41000366210938,False
2023-02-22,3354915.5376116903,GLD,19774.345545183744,0.0,179.41000366210938,False
2023-02-23,3353135.9189284397,GLD,19774.345545183744,0.0,179.41000366210938,False
2023-02-24,3329011.1932247104,GLD,19774.345545183744,0.0,179.41000366210938,False
2023-02-27,3342062.03196778,GLD,19774.345545183744,0.0,179.41000366210938,False
2023-02-28,3357288.3625226906,GLD,19774.345545183744,0.0,179.41000366210938,False
2023-03-01,3376667.136671852,GLD,19774.345545183744,0.0,169.77999877929688,False
2023-03-02,3374689.8831568738,GLD,19774.345545183744,0.0,169.77999877929688,False
2023-03-03,3410876.971712468,GLD,19774.345545183744,0.0,169.77999877929688,False
2023-03-06,3393673.0859100125,GLD,19774.345545183744,0.0,169.77999877929688,False
2023-03-07,3334350.0492744613,GLD,19774.345545183744,0.0,169.77999877929688,False
2023-03-08,3332768.065422938,GLD,19774.345545183744,0.0,169.77999877929688,False
2023-03-09,3365593.55144376,GLD,19774.345545183744,0.0,169.77999877929688,False
2023-03-10,3438165.3633866757,GLD,19774.345545183744,0.0,169.77999877929688,False
2023-03-13,3517065.1107356832,GLD,19774.345545183744,0.0,169.77999877929688,False
2023-03-14,3496697.5589627493,GLD,19774.345545183744,0.0,169.77999877929688,False
2023-03-15,3523986.2523695244,GLD,19774.345545183744,0.0,169.77999877929688,False
2023-03-16,3531105.0288350936,GLD,19774.345545183744,0.0,169.77999877929688,False
2023-03-17,3633931.5653235354,GLD,19774.345545183744,0.0,169.77999877929688,False
2023-03-20,3635315.6126107634,GLD,19774.345545183744,0.0,169.77999877929688,False
2023-03-21,3566698.6094303704,GLD,19774.345545183744,0.0,169.77999877929688,False
2023-03-22,3627405.9950857167,GLD,19774.345545183744,0.0,169.77999877929688,False
2023-03-23,3672887.050186153,GLD,19774.345545183744,0.0,169.77999877929688,False
2023-03-24,3631558.4386799675,GLD,19774.345545183744,0.0,169.77999877929688,False
2023-03-27,3597942.111599669,GLD,19774.345545183744,0.0,169.77999877929688,False
2023-03-28,3627405.9950857167,GLD,19774.345545183744,0.0,169.77999877929688,False
2023-03-29,3609411.2682237835,GLD,19774.345545183744,0.0,169.77999877929688,False
2023-03-30,3642038.8176803095,GLD,19774.345545183744,0.0,169.77999877929688,False
2023-03-31,3623055.614927171,GLD,19774.345545183744,0.0,169.77999877929688,False
2023-04-03,3649157.594145878,TECL,106100.9951282935,0.0,34.393245697021484,False
2023-04-04,3590953.0969785983,TECL,106100.9951282935,0.0,34.393245697021484,False
2023-04-05,3465664.037362687,TECL,106100.9951282935,0.0,34.393245697021484,False
2023-04-06,3357224.986614208,CASH,0.0,3357224.986614208,,False
2023-04-10,3357224.986614208,CASH,0.0,3357224.986614208,,False
2023-04-11,3357224.986614208,CASH,0.0,3357224.986614208,,False
2023-04-12,3357224.986614208,CASH,0.0,3357224.986614208,,False
2023-04-13,3357224.986614208,CASH,0.0,3357224.986614208,,False
2023-04-14,3357224.986614208,CASH,0.0,3357224.986614208,,False
2023-04-17,3357224.986614208,CASH,0.0,3357224.986614208,,False
2023-04-18,3357224.986614208,CASH,0.0,3357224.986614208,,False
2023-04-19,3357224.986614208,CASH,0.0,3357224.986614208,,False
2023-04-20,3357224.986614208,CASH,0.0,3357224.986614208,,False
2023-04-21,3357224.986614208,CASH,0.0,3357224.986614208,,False
2023-04-24,3357224.986614208,CASH,0.0,3357224.986614208,,False
2023-04-25,3357224.986614208,CASH,0.0,3357224.986614208,,False
2023-04-26,3357224.986614208,CASH,0.0,3357224.986614208,,False
2023-04-27,3357224.986614208,CASH,0.0,3357224.986614208,,False
2023-04-28,3357224.986614208,CASH,0.0,3357224.986614208,,False
2023-05-01,3357224.986614208,TQQQ,247393.1312314365,0.0,13.570405006408691,False
2023-05-02,3267841.9683427336,TQQQ,247393.1312314365,0.0,13.570405006408691,False
2023-05-03,3203485.4873898462,TQQQ,247393.1312314365,0.0,13.570405006408691,False
2023-05-04,3167732.751946207,TQQQ,247393.1312314365,0.0,13.570405006408691,False
2023-05-05,3361991.5304129114,TQQQ,247393.1312314365,0.0,13.570405006408691,False
2023-05-08,3389402.637259464,TQQQ,247393.1312314365,0.0,13.570405006408691,False
2023-05-09,3323855.1691712076,TQQQ,247393.1312314365,0.0,13.570405006408691,False
2023-05-10,3431114.555164502,TQQQ,247393.1312314365,0.0,13.570405006408691,False
2023-05-11,3459717.356943849,TQQQ,247393.1312314365,0.0,13.570405006408691,False
2023-05-12,3423963.9137027836,TQQQ,247393.1312314365,0.0,13.570405006408691,False
2023-05-15,3476402.029732874,TQQQ,247393.1312314365,0.0,13.570405006408691,False
2023-05-16,3489511.6177235153,TQQQ,247393.1312314365,0.0,13.570405006408691,False
2023-05-17,3614647.371438629,TQQQ,247393.1312314365,0.0,13.570405006408691,False
2023-05-18,3808906.3858378087,TQQQ,247393.1312314365,0.0,13.570405006408691,False
2023-05-19,3782687.4457890014,TQQQ,247393.1312314365,0.0,13.570405006408691,False
2023-05-22,3822015.9738284503,TQQQ,247393.1312314365,0.0,13.570405006408691,False
2023-05-23,3674236.364862913,TQQQ,247393.1312314365,0.0,13.570405006408691,False
2023-05-24,3614647.371438629,TQQQ,247393.1312314365,0.0,13.570405006408691,False
2023-05-25,3875646.0207238104,TQQQ,247393.1312314365,0.0,13.570405006408691,False
2023-05-26,4168821.6128568207,TQQQ,247393.1312314365,0.0,13.570405006408691,False
2023-05-30,4227219.147280785,TQQQ,247393.1312314365,0.0,13.570405006408691,False
2023-05-31,4141411.4497401696,TQQQ,247393.1312314365,0.0,13.570405006408691,False
2023-06-01,4291575.392301197,TECL,97211.39376126605,0.0,44.14683532714844,False
2023-06-02,4368404.74475959,TECL,97211.39376126605,0.0,44.14683532714844,False
2023-06-05,4289767.5861161,TECL,97211.39376126605,0.0,44.14683532714844,False
2023-06-06,4284344.909224884,TECL,97211.39376126605,0.0,44.14683532714844,False
2023-06-07,4090915.9515641076,TECL,97211.39376126605,0.0,44.14683532714844,False
2023-06-08,4220169.458398097,TECL,97211.39376126605,0.0,44.14683532714844,False
2023-06-09,4279824.466682046,TECL,97211.39376126605,0.0,44.14683532714844,False
2023-06-12,4556409.913033036,TECL,97211.39376126605,0.0,44.14683532714844,False
2023-06-13,4638661.942382645,TECL,97211.39376126605,0.0,44.14683532714844,False
2023-06-14,4777857.456154575,TECL,97211.39376126605,0.0,44.14683532714844,False
2023-06-15,4962247.012057826,TECL,97211.39376126605,0.0,44.14683532714844,False
2023-06-16,4835705.399917501,TECL,97211.39376126605,0.0,44.14683532714844,False
2023-06-20,4734472.332704465,TECL,97211.39376126605,0.0,44.14683532714844,False
2023-06-21,4521900.283579669,TECL,97211.39376126605,0.0,44.14683532714844,False
2023-06-22,4637683.687466484,TECL,97211.39376126605,0.0,44.14683532714844,False
2023-06-23,4476672.495732892,TECL,97211.39376126605,0.0,44.14683532714844,False
2023-06-26,4374456.352787201,TECL,97211.39376126605,0.0,44.14683532714844,False
2023-06-27,4637683.687466484,TECL,97211.39376126605,0.0,44.14683532714844,False
2023-06-28,4642206.725833587,TECL,97211.39376126605,0.0,44.14683532714844,False
2023-06-29,4670248.302880704,TECL,97211.39376126605,0.0,44.14683532714844,False
2023-06-30,4886438.189367923,TECL,97211.39376126605,0.0,44.14683532714844,False
2023-07-03,4851160.566763923,TQQQ,243180.46490909756,0.0,19.948808670043945,False
2023-07-05,4847634.531656808,TQQQ,243180.46490909756,0.0,19.948808670043945,False
2023-07-06,4733642.761070814,TQQQ,243180.46490909756,0.0,19.948808670043945,False
2023-07-07,4685459.644395967,TQQQ,243180.46490909756,0.0,19.948808670043945,False
2023-07-10,4688985.215673155,TQQQ,243180.46490909756,0.0,19.948808670043945,False
2023-07-11,4755971.533769644,TQQQ,243180.46490909756,0.0,19.948808670043945,False
2023-07-12,4932248.706139234,TQQQ,243180.46490909756,0.0,19.948808670043945,False
2023-07-13,5177861.959016868,TQQQ,243180.46490909756,0.0,19.948808670043945,False
2023-07-14,5173161.97036383,TQQQ,243180.46490909756,0.0,19.948808670043945,False
2023-07-17,5316534.120032956,TQQQ,243180.46490909756,0.0,19.948808670043945,False
2023-07-18,5443453.294521922,TQQQ,243180.46490909756,0.0,19.948808670043945,False
2023-07-19,5443453.294521922,TQQQ,243180.46490909756,0.0,19.948808670043945,False
2023-07-20,5061518.106869683,TQQQ,243180.46490909756,0.0,19.948808670043945,False
2023-07-21,5016861.952961805,TQQQ,243180.46490909756,0.0,19.948808670043945,False
2023-07-24,5036840.499419153,TQQQ,243180.46490909756,0.0,19.948808670043945,False
2023-07-25,5137905.793762029,TQQQ,243180.46490909756,0.0,19.948808670043945,False
2023-07-26,5085023.152264072,TQQQ,243180.46490909756,0.0,19.948808670043945,False
2023-07-27,5041540.951902118,TQQQ,243180.46490909756,0.0,19.948808670043945,False
2023-07-28,5314183.429961546,TQQQ,243180.46490909756,0.0,19.948808670043945,False
2023-07-31,5324759.216133255,TQQQ,243180.46490909756,0.0,19.948808670043945,False
2023-08-01,5283629.097332492,TQQQ,243180.46490909756,0.0,21.89632797241211,False
2023-08-02,4898778.478842595,CASH,0.0,4898778.478842595,,False
2023-08-03,4898778.478842595,CASH,0.0,4898778.478842595,,False
2023-08-04,4898778.478842595,CASH,0.0,4898778.478842595,,False
2023-08-07,4898778.478842595,CASH,0.0,4898778.478842595,,False
2023-08-08,4898778.478842595,CASH,0.0,4898778.478842595,,False
2023-08-09,4898778.478842595,CASH,0.0,4898778.478842595,,False
2023-08-10,4898778.478842595,CASH,0.0,4898778.478842595,,False
2023-08-11,4898778.478842595,CASH,0.0,4898778.478842595,,False
2023-08-14,4898778.478842595,CASH,0.0,4898778.478842595,,False
2023-08-15,4898778.478842595,CASH,0.0,4898778.478842595,,False
2023-08-16,4898778.478842595,CASH,0.0,4898778.478842595,,False
2023-08-17,4898778.478842595,CASH,0.0,4898778.478842595,,False
2023-08-18,4898778.478842595,CASH,0.0,4898778.478842595,,False
2023-08-21,4898778.478842595,CASH,0.0,4898778.478842595,,False
2023-08-22,4898778.478842595,CASH,0.0,4898778.478842595,,False
2023-08-23,4898778.478842595,CASH,0.0,4898778.478842595,,False
2023-08-24,4898778.478842595,CASH,0.0,4898778.478842595,,False
2023-08-25,4898778.478842595,CASH,0.0,4898778.478842595,,False
2023-08-28,4898778.478842595,CASH,0.0,4898778.478842595,,False
2023-08-29,4898778.478842595,CASH,0.0,4898778.478842595,,False
2023-08-30,4898778.478842595,CASH,0.0,4898778.478842595,,False
2023-08-31,4898778.478842595,CASH,0.0,4898778.478842595,,False
2023-09-01,4898778.478842595,TQQQ,239702.65213185348,0.0,20.43689727783203,False
2023-09-05,4911521.460410396,TQQQ,239702.65213185348,0.0,20.43689727783203,False
2023-09-06,4781782.345080446,TQQQ,239702.65213185348,0.0,20.43689727783203,False
2023-09-07,4677528.735689573,TQQQ,239702.65213185348,0.0,20.43689727783203,False
2023-09-08,4691428.881664237,TQQQ,239702.65213185348,0.0,20.43689727783203,False
2023-09-11,4851285.818132922,TQQQ,239702.65213185348,0.0,20.43689727783203,False
2023-09-12,4696062.568453476,TQQQ,239702.65213185348,0.0,20.43689727783203,False
2023-09-13,4742396.693166707,TQQQ,239702.65213185348,0.0,20.43689727783203,False
2023-09-14,4853602.432929278,TQQQ,239702.65213185348,0.0,20.43689727783203,False
2023-09-15,4604550.569040826,TQQQ,239702.65213185348,0.0,20.43689727783203,False
2023-09-18,4614976.935812269,TQQQ,239702.65213185348,0.0,20.43689727783203,False
2023-09-19,4506876.2005351875,CASH,0.0,4506876.2005351875,,False
2023-09-20,4506876.2005351875,CASH,0.0,4506876.2005351875,,False
2023-09-21,4506876.2005351875,CASH,0.0,4506876.2005351875,,False
2023-09-22,4506876.2005351875,CASH,0.0,4506876.2005351875,,False
2023-09-25,4506876.2005351875,CASH,0.0,4506876.2005351875,,False
2023-09-26,4506876.2005351875,CASH,0.0,4506876.2005351875,,False
2023-09-27,4506876.2005351875,CASH,0.0,4506876.2005351875,,False
2023-09-28,4506876.2005351875,CASH,0.0,4506876.2005351875,,False
2023-09-29,4506876.2005351875,CASH,0.0,4506876.2005351875,,False
2023-10-02,4506876.2005351875,TQQQ,254821.13723853912,0.0,17.686429977416992,False
2023-10-03,4268371.668670479,TQQQ,254821.13723853912,0.0,17.686429977416992,False
2023-10-04,4441379.885550192,TQQQ,254821.13723853912,0.0,17.686429977416992,False
2023-10-05,4394421.345596123,TQQQ,254821.13723853912,0.0,17.686429977416992,False
2023-10-06,4615624.083707364,TQQQ,254821.13723853912,0.0,17.686429977416992,False
2023-10-09,4683591.389181788,TQQQ,254821.13723853912,0.0,17.686429977416992,False
2023-10-10,4760210.077565692,TQQQ,254821.13723853912,0.0,17.686429977416992,False
2023-10-11,4861544.017204093,TQQQ,254821.13723853912,0.0,17.686429977416992,False
2023-10-12,4804698.59909583,TQQQ,254821.13723853912,0.0,17.686429977416992,False
2023-10-13,4623038.999306636,TQQQ,254821.13723853912,0.0,17.686429977416992,False
2023-10-16,4778746.880531125,TQQQ,254821.13723853912,0.0,17.686429977416992,False
2023-10-17,4733022.863756274,TQQQ,254821.13723853912,0.0,17.686429977416992,False
2023-10-18,4532827.433067145,TQQQ,254821.13723853912,0.0,17.686429977416992,False
2023-10-19,4411722.167284094,TQQQ,254821.13723853912,0.0,17.686429977416992,False
2023-10-20,4212761.74580693,TQQQ,254821.13723853912,0.0,17.686429977416992,False
2023-10-23,4146326.1044923733,CASH,0.0,4146326.1044923733,,False
2023-10-24,4146326.1044923733,CASH,0.0,4146326.1044923733,,False
2023-10-25,4146326.1044923733,CASH,0.0,4146326.1044923733,,False
2023-10-26,4146326.1044923733,CASH,0.0,4146326.1044923733,,False
2023-10-27,4146326.1044923733,CASH,0.0,4146326.1044923733,,False
2023-10-30,4146326.1044923733,CASH,0.0,4146326.1044923733,,False
2023-10-31,4146326.1044923733,CASH,0.0,4146326.1044923733,,False
2023-11-01,4146326.1044923733,TQQQ,248037.74470495907,0.0,16.71651268005371,False
2023-11-02,4366453.168833461,TQQQ,248037.74470495907,0.0,16.71651268005371,False
2023-11-03,4520421.758643315,TQQQ,248037.74470495907,0.0,16.71651268005371,False
2023-11-06,4572145.648311471,TQQQ,248037.74470495907,0.0,16.71651268005371,False
2023-11-07,4700853.3597901,TQQQ,248037.74470495907,0.0,16.71651268005371,False
2023-11-08,4709274.44105793,TQQQ,248037.74470495907,0.0,16.71651268005371,False
2023-11-09,4597405.107359336,TQQQ,248037.74470495907,0.0,16.71651268005371,False
2023-11-10,4904140.153973339,TQQQ,248037.74470495907,0.0,16.71651268005371,False
2023-11-13,4859634.266378402,TQQQ,248037.74470495907,0.0,16.71651268005371,False
2023-11-14,5165165.287608887,TQQQ,248037.74470495907,0.0,16.71651268005371,False
2023-11-15,5179599.399377511,TQQQ,248037.74470495907,0.0,16.71651268005371,False
2023-11-16,5188019.534456435,TQQQ,248037.74470495907,0.0,16.71651268005371,False
2023-11-17,5191628.77204027,TQQQ,248037.74470495907,0.0,16.71651268005371,False
2023-11-20,5376872.21687105,TQQQ,248037.74470495907,0.0,16.71651268005371,False
2023-11-21,5279438.887318892,TQQQ,248037.74470495907,0.0,16.71651268005371,False
2023-11-22,5340785.9912605835,TQQQ,248037.74470495907,0.0,16.71651268005371,False
2023-11-24,5314322.506829199,TQQQ,248037.74470495907,0.0,16.71651268005371,False
2023-11-27,5298684.3696770575,TQQQ,248037.74470495907,0.0,16.71651268005371,False
2023-11-28,5340785.9912605835,TQQQ,248037.74470495907,0.0,16.71651268005371,False
2023-11-29,5321540.508902418,TQQQ,248037.74470495907,0.0,16.71651268005371,False
2023-11-30,5277032.728929669,TQQQ,248037.74470495907,0.0,16.71651268005371,False
2023-12-01,5321540.508902418,TQQQ,248037.74470495907,0.0,21.27511978149414,False
2023-12-04,5169977.131292881,TQQQ,248037.74470495907,0.0,21.27511978149414,False
2023-12-05,5207265.963003506,TQQQ,248037.74470495907,0.0,21.27511978149414,False
2023-12-06,5114644.4771353435,TQQQ,248037.74470495907,0.0,21.27511978149414,False
2023-12-07,5328756.618597824,TQQQ,248037.74470495907,0.0,21.27511978149414,False
2023-12-08,5392509.407834286,TQQQ,248037.74470495907,0.0,21.27511978149414,False
2023-12-11,5529638.673675199,TQQQ,248037.74470495907,0.0,21.27511978149414,False
2023-12-12,5663158.228837823,TQQQ,248037.74470495907,0.0,21.27511978149414,False
2023-12-13,5862835.785437226,TQQQ,248037.74470495907,0.0,21.27511978149414,False
2023-12-14,5853212.57116369,TQQQ,248037.74470495907,0.0,21.27511978149414,False
2023-12-15,5922979.8101843055,TQQQ,248037.74470495907,0.0,21.27511978149414,False
2023-12-18,6046875.204884487,TQQQ,248037.74470495907,0.0,21.27511978149414,False
2023-12-19,6137092.424741239,TQQQ,248037.74470495907,0.0,21.27511978149414,False
2023-12-20,5864409.770683185,TQQQ,248037.74470495907,0.0,21.27511978149414,False
2023-12-21,6058923.501325376,TQQQ,248037.74470495907,0.0,21.27511978149414,False
2023-12-22,6083086.800525065,TQQQ,248037.74470495907,0.0,21.27511978149414,False
2023-12-26,6194238.44993808,TQQQ,248037.74470495907,0.0,21.27511978149414,False
2023-12-27,6226857.366300685,TQQQ,248037.74470495907,0.0,21.27511978149414,False
2023-12-28,6211152.049736181,TQQQ,248037.74470495907,0.0,21.27511978149414,False
2023-12-29,6125372.455850904,TQQQ,248037.74470495907,0.0,21.27511978149414,False
2024-01-02,5814875.362144666,TQQQ,248037.74470495907,0.0,24.695323944091797,False
2024-01-03,5635342.659382832,CASH,0.0,5635342.659382832,,False
2024-01-04,5635342.659382832,CASH,0.0,5635342.659382832,,False
2024-01-05,5635342.659382832,CASH,0.0,5635342.659382832,,False
2024-01-08,5635342.659382832,CASH,0.0,5635342.659382832,,False
2024-01-09,5635342.659382832,CASH,0.0,5635342.659382832,,False
2024-01-10,5635342.659382832,CASH,0.0,5635342.659382832,,False
2024-01-11,5635342.659382832,CASH,0.0,5635342.659382832,,False
2024-01-12,5635342.659382832,CASH,0.0,5635342.659382832,,False
2024-01-16,5635342.659382832,CASH,0.0,5635342.659382832,,False
2024-01-17,5635342.659382832,CASH,0.0,5635342.659382832,,False
2024-01-18,5635342.659382832,CASH,0.0,5635342.659382832,,False
2024-01-19,5635342.659382832,CASH,0.0,5635342.659382832,,False
2024-01-22,5635342.659382832,CASH,0.0,5635342.659382832,,False
2024-01-23,5635342.659382832,CASH,0.0,5635342.659382832,,False
2024-01-24,5635342.659382832,CASH,0.0,5635342.659382832,,False
2024-01-25,5635342.659382832,CASH,0.0,5635342.659382832,,False
2024-01-26,5635342.659382832,CASH,0.0,5635342.659382832,,False
2024-01-29,5635342.659382832,CASH,0.0,5635342.659382832,,False
2024-01-30,5635342.659382832,CASH,0.0,5635342.659382832,,False
2024-01-31,5635342.659382832,CASH,0.0,5635342.659382832,,False
2024-02-01,5635342.659382832,TECL,82317.30341374392,0.0,68.45878601074219,False
2024-02-02,5795608.0532598095,TECL,82317.30341374392,0.0,68.45878601074219,False
2024-02-05,5837782.859423189,TECL,82317.30341374392,0.0,68.45878601074219,False
2024-02-06,5750365.314760186,TECL,82317.30341374392,0.0,68.45878601074219,False
2024-02-07,5981944.905698605,TECL,82317.30341374392,0.0,68.45878601074219,False
2024-02-08,6034089.078884612,TECL,82317.30341374392,0.0,68.45878601074219,False
2024-02-09,6276402.97882837,TECL,82317.30341374392,0.0,68.45878601074219,False
2024-02-12,6125340.125897756,TECL,82317.30341374392,0.0,68.45878601074219,False
2024-02-13,5814779.333197614,TECL,82317.30341374392,0.0,68.45878601074219,False
2024-02-14,5990380.620568702,TECL,82317.30341374392,0.0,68.45878601074219,False
2024-02-15,5943604.229916548,TECL,82317.30341374392,0.0,68.45878601074219,False
2024-02-16,5780272.159765697,TECL,82317.30341374392,0.0,68.45878601074219,False
2024-02-20,5602369.76613463,TECL,82317.30341374392,0.0,68.45878601074219,False
2024-02-21,5489647.588986072,TECL,82317.30341374392,0.0,68.45878601074219,False
2024-02-22,6024120.33989317,TECL,82317.30341374392,0.0,68.45878601074219,False
2024-02-23,5977343.949241016,TECL,82317.30341374392,0.0,68.45878601074219,False
2024-02-26,5999581.277421511,TECL,82317.30341374392,0.0,68.45878601074219,False
2024-02-27,6014151.600901727,TECL,82317.30341374392,0.0,68.45878601074219,False
2024-02-28,5925967.858193642,TECL,82317.30341374392,0.0,68.45878601074219,False
2024-02-29,6124573.29982149,TECL,82317.30341374392,0.0,68.45878601074219,False
2024-03-01,6448936.333863215,TQQQ,209722.72960042936,0.0,30.749820709228516,False
2024-03-04,6372321.583191122,TQQQ,209722.72960042936,0.0,30.749820709228516,False
2024-03-05,5933021.427154158,CASH,0.0,5933021.427154158,,False
2024-03-06,5933021.427154158,CASH,0.0,5933021.427154158,,False
2024-03-07,5933021.427154158,CASH,0.0,5933021.427154158,,False
2024-03-08,5933021.427154158,CASH,0.0,5933021.427154158,,False
2024-03-11,5933021.427154158,CASH,0.0,5933021.427154158,,False
2024-03-12,5933021.427154158,CASH,0.0,5933021.427154158,,False
2024-03-13,5933021.427154158,CASH,0.0,5933021.427154158,,False
2024-03-14,5933021.427154158,CASH,0.0,5933021.427154158,,False
2024-03-15,5933021.427154158,CASH,0.0,5933021.427154158,,False
2024-03-18,5933021.427154158,CASH,0.0,5933021.427154158,,False
2024-03-19,5933021.427154158,CASH,0.0,5933021.427154158,,False
2024-03-20,5933021.427154158,CASH,0.0,5933021.427154158,,False
2024-03-21,5933021.427154158,CASH,0.0,5933021.427154158,,False
2024-03-22,5933021.427154158,CASH,0.0,5933021.427154158,,False
2024-03-25,5933021.427154158,CASH,0.0,5933021.427154158,,False
2024-03-26,5933021.427154158,CASH,0.0,5933021.427154158,,False
2024-03-27,5933021.427154158,CASH,0.0,5933021.427154158,,False
2024-03-28,5933021.427154158,CASH,0.0,5933021.427154158,,False
2024-04-01,5933021.427154158,TQQQ,195944.7749793227,0.0,30.279048919677734,False
2024-04-02,5774015.124502747,TQQQ,195944.7749793227,0.0,30.279048919677734,False
2024-04-03,5812330.062830738,TQQQ,195944.7749793227,0.0,30.279048919677734,False
2024-04-04,5538380.066400353,TQQQ,195944.7749793227,0.0,30.279048919677734,False
2024-04-05,5733784.4205716085,TQQQ,195944.7749793227,0.0,30.279048919677734,False
2024-04-08,5737616.699247904,TQQQ,195944.7749793227,0.0,30.279048919677734,False
2024-04-09,5797003.938005542,TQQQ,195944.7749793227,0.0,30.279048919677734,False
2024-04-10,5644703.9361701505,TQQQ,195944.7749793227,0.0,30.279048919677734,False
2024-04-11,5910032.987386363,TQQQ,195944.7749793227,0.0,30.279048919677734,False
2024-04-12,5624588.771072079,TQQQ,195944.7749793227,0.0,30.279048919677734,False
2024-04-15,5458379.712981826,CASH,0.0,5458379.712981826,,False
2024-04-16,5458379.712981826,CASH,0.0,5458379.712981826,,False
2024-04-17,5458379.712981826,CASH,0.0,5458379.712981826,,False
2024-04-18,5458379.712981826,CASH,0.0,5458379.712981826,,False
2024-04-19,5458379.712981826,CASH,0.0,5458379.712981826,,False
2024-04-22,5458379.712981826,CASH,0.0,5458379.712981826,,False
2024-04-23,5458379.712981826,CASH,0.0,5458379.712981826,,False
2024-04-24,5458379.712981826,CASH,0.0,5458379.712981826,,False
2024-04-25,5458379.712981826,CASH,0.0,5458379.712981826,,False
2024-04-26,5458379.712981826,CASH,0.0,5458379.712981826,,False
2024-04-29,5458379.712981826,CASH,0.0,5458379.712981826,,False
2024-04-30,5458379.712981826,CASH,0.0,5458379.712981826,,False
2024-05-01,5458379.712981826,TECL,91941.51004236778,0.0,59.367958068847656,False
2024-05-02,5683953.191042773,TECL,91941.51004236778,0.0,59.367958068847656,False
2024-05-03,6151397.122131209,TECL,91941.51004236778,0.0,59.367958068847656,False
2024-05-06,6365822.327341332,TECL,91941.51004236778,0.0,59.367958068847656,False
2024-05-07,6302352.999707256,TECL,91941.51004236778,0.0,59.367958068847656,False
2024-05-08,6358961.366116018,TECL,91941.51004236778,0.0,59.367958068847656,False
2024-05-09,6344379.456091293,TECL,91941.51004236778,0.0,59.367958068847656,False
2024-05-10,6406993.004899595,TECL,91941.51004236778,0.0,59.367958068847656,False
2024-05-13,6499623.346750905,TECL,91941.51004236778,0.0,59.367958068847656,False
2024-05-14,6673735.0561446445,TECL,91941.51004236778,0.0,59.367958068847656,False
2024-05-15,7118022.453957334,TECL,91941.51004236778,0.0,59.367958068847656,False
2024-05-16,7041686.982698402,TECL,91941.51004236778,0.0,59.367958068847656,False
2024-05-17,6985079.317747695,TECL,91941.51004236778,0.0,59.367958068847656,False
2024-05-20,7227807.653975118,TECL,91941.51004236778,0.0,59.367958068847656,False
2024-05-21,7264686.8111595465,TECL,91941.51004236778,0.0,59.367958068847656,False
2024-05-22,7313576.333143059,TECL,91941.51004236778,0.0,59.367958068847656,False
2024-05-23,7136033.792407635,TECL,91941.51004236778,0.0,59.367958068847656,False
2024-05-24,7296422.176434638,TECL,91941.51004236778,0.0,59.367958068847656,False
2024-05-28,7388196.739460175,TECL,91941.51004236778,0.0,59.367958068847656,False
2024-05-29,7244103.22602555,TECL,91941.51004236778,0.0,59.367958068847656,False
2024-05-30,6747497.579261826,TECL,91941.51004236778,0.0,59.367958068847656,False
2024-05-31,6780090.126278798,TECL,91941.51004236778,0.0,59.367958068847656,False
2024-06-03,6830694.011746072,TQQQ,221304.0017642721,0.0,30.865659713745117,False
2024-06-04,6881541.067861272,TQQQ,221304.0017642721,0.0,30.865659713745117,False
2024-06-05,7296963.89276733,TQQQ,221304.0017642721,0.0,30.865659713745117,False
2024-06-06,7288310.763120709,TQQQ,221304.0017642721,0.0,30.865659713745117,False
2024-06-07,7261264.034572568,TQQQ,221304.0017642721,0.0,30.865659713745117,False
2024-06-10,7338074.278562598,TQQQ,221304.0017642721,0.0,30.865659713745117,False
2024-06-11,7489533.594650428,TQQQ,221304.0017642721,0.0,30.865659713745117,False
2024-06-12,7784871.241047877,TQQQ,221304.0017642721,0.0,30.865659713745117,False
2024-06-13,7909282.140172025,TQQQ,221304.0017642721,0.0,30.865659713745117,False
2024-06-14,8023955.102664586,TQQQ,221304.0017642721,0.0,30.865659713745117,False
2024-06-17,8314970.405277577,TQQQ,221304.0017642721,0.0,30.865659713745117,False
2024-06-18,8319296.970100888,TQQQ,221304.0017642721,0.0,30.865659713745117,False
2024-06-20,8123483.821963905,TQQQ,221304.0017642721,0.0,30.865659713745117,False
2024-06-21,8048838.126697186,TQQQ,221304.0017642721,0.0,30.865659713745117,False
2024-06-24,7776217.267193486,TQQQ,221304.0017642721,0.0,30.865659713745117,False
2024-06-25,8035857.588019485,TQQQ,221304.0017642721,0.0,30.865659713745117,False
2024-06-26,8086136.914409089,TQQQ,221304.0017642721,0.0,30.865659713745117,False
2024-06-27,8144780.651387838,TQQQ,221304.0017642721,0.0,30.865659713745117,False
2024-06-28,8016635.821295201,TQQQ,221304.0017642721,0.0,30.865659713745117,False
2024-07-01,8148036.760758278,TQQQ,221304.0017642721,0.0,36.22454071044922,False
2024-07-02,8397811.669579359,TQQQ,221304.0017642721,0.0,36.22454071044922,False
2024-07-03,8604146.179158863,TQQQ,221304.0017642721,0.0,36.22454071044922,False
2024-07-05,8864777.599907313,TQQQ,221304.0017642721,0.0,36.22454071044922,False
2024-07-08,8923419.648470521,TQQQ,221304.0017642721,0.0,36.22454071044922,False
2024-07-09,8942968.12360195,TQQQ,221304.0017642721,0.0,36.22454071044922,False
2024-07-10,9223147.175274061,TQQQ,221304.0017642721,0.0,36.22454071044922,False
2024-07-11,8617176.526095018,TQQQ,221304.0017642721,0.0,36.22454071044922,False
2024-07-12,8757267.740346614,TQQQ,221304.0017642721,0.0,36.22454071044922,False
2024-07-15,8822423.696066244,TQQQ,221304.0017642721,0.0,36.22454071044922,False
2024-07-16,8828941.824261516,TQQQ,221304.0017642721,0.0,36.22454071044922,False
2024-07-17,8052471.596940997,TQQQ,221304.0017642721,0.0,36.22454071044922,False
2024-07-18,7931928.85782083,TQQQ,221304.0017642721,0.0,36.22454071044922,False
2024-07-19,7716906.60607612,TQQQ,221304.0017642721,0.0,36.22454071044922,False
2024-07-22,8053558.092341504,TQQQ,221304.0017642721,0.0,36.22454071044922,False
2024-07-23,7966680.67068943,TQQQ,221304.0017642721,0.0,36.22454071044922,False
2024-07-24,7375304.955591585,CASH,0.0,7375304.955591585,,False
2024-07-25,7375304.955591585,CASH,0.0,7375304.955591585,,False
2024-07-26,7375304.955591585,CASH,0.0,7375304.955591585,,False
2024-07-29,7375304.955591585,CASH,0.0,7375304.955591585,,False
2024-07-30,7375304.955591585,CASH,0.0,7375304.955591585,,False
2024-07-31,7375304.955591585,CASH,0.0,7375304.955591585,,False
2024-08-01,7375304.955591585,TQQQ,237211.62696133513,0.0,31.09166717529297,False
2024-08-02,6785280.559144258,CASH,0.0,6785280.559144258,,False
2024-08-05,6785280.559144258,CASH,0.0,6785280.559144258,,False
2024-08-06,6785280.559144258,CASH,0.0,6785280.559144258,,False
2024-08-07,6785280.559144258,CASH,0.0,6785280.559144258,,False
2024-08-08,6785280.559144258,CASH,0.0,6785280.559144258,,False
2024-08-09,6785280.559144258,CASH,0.0,6785280.559144258,,False
2024-08-12,6785280.559144258,CASH,0.0,6785280.559144258,,False
2024-08-13,6785280.559144258,CASH,0.0,6785280.559144258,,False
2024-08-14,6785280.559144258,CASH,0.0,6785280.559144258,,False
2024-08-15,6785280.559144258,CASH,0.0,6785280.559144258,,False
2024-08-16,6785280.559144258,CASH,0.0,6785280.559144258,,False
2024-08-19,6785280.559144258,CASH,0.0,6785280.559144258,,False
2024-08-20,6785280.559144258,CASH,0.0,6785280.559144258,,False
2024-08-21,6785280.559144258,CASH,0.0,6785280.559144258,,False
2024-08-22,6785280.559144258,CASH,0.0,6785280.559144258,,False
2024-08-23,6785280.559144258,CASH,0.0,6785280.559144258,,False
2024-08-26,6785280.559144258,CASH,0.0,6785280.559144258,,False
2024-08-27,6785280.559144258,CASH,0.0,6785280.559144258,,False
2024-08-28,6785280.559144258,CASH,0.0,6785280.559144258,,False
2024-08-29,6785280.559144258,CASH,0.0,6785280.559144258,,False
2024-08-30,6785280.559144258,CASH,0.0,6785280.559144258,,False
2024-09-03,6785280.559144258,TQQQ,221769.88911650243,0.0,30.596040725708008,False
2024-09-04,6727603.417515075,TQQQ,221769.88911650243,0.0,30.596040725708008,False
2024-09-05,6749368.496335284,TQQQ,221769.88911650243,0.0,30.596040725708008,False
2024-09-06,6242458.1144127175,CASH,0.0,6242458.1144127175,,False
2024-09-09,6242458.1144127175,CASH,0.0,6242458.1144127175,,False
2024-09-10,6242458.1144127175,CASH,0.0,6242458.1144127175,,False
2024-09-11,6242458.1144127175,CASH,0.0,6242458.1144127175,,False
2024-09-12,6242458.1144127175,CASH,0.0,6242458.1144127175,,False
2024-09-13,6242458.1144127175,CASH,0.0,6242458.1144127175,,False
2024-09-16,6242458.1144127175,CASH,0.0,6242458.1144127175,,False
2024-09-17,6242458.1144127175,CASH,0.0,6242458.1144127175,,False
2024-09-18,6242458.1144127175,CASH,0.0,6242458.1144127175,,False
2024-09-19,6242458.1144127175,CASH,0.0,6242458.1144127175,,False
2024-09-20,6242458.1144127175,CASH,0.0,6242458.1144127175,,False
2024-09-23,6242458.1144127175,CASH,0.0,6242458.1144127175,,False
2024-09-24,6242458.1144127175,CASH,0.0,6242458.1144127175,,False
2024-09-25,6242458.1144127175,CASH,0.0,6242458.1144127175,,False
2024-09-26,6242458.1144127175,CASH,0.0,6242458.1144127175,,False
2024-09-27,6242458.1144127175,CASH,0.0,6242458.1144127175,,False
2024-09-30,6242458.1144127175,CASH,0.0,6242458.1144127175,,False
2024-10-01,6242458.1144127175,TQQQ,182661.0339095351,0.0,34.17509460449219,False
2024-10-02,6265838.42573703,TQQQ,182661.0339095351,0.0,34.17509460449219,False
2024-10-03,6251450.273846474,TQQQ,182661.0339095351,0.0,34.17509460449219,False
2024-10-04,6471762.70915105,TQQQ,182661.0339095351,0.0,34.17509460449219,False
2024-10-07,6258644.698190025,TQQQ,182661.0339095351,0.0,34.17509460449219,False
2024-10-08,6530212.790665284,TQQQ,182661.0339095351,0.0,34.17509460449219,False
2024-10-09,6687578.019543928,TQQQ,182661.0339095351,0.0,34.17509460449219,False
2024-10-10,6664197.708219616,TQQQ,182661.0339095351,0.0,34.17509460449219,False
2024-10-11,6681283.856338573,TQQQ,182661.0339095351,0.0,34.17509460449219,False
2024-10-14,6852136.2791730305,TQQQ,182661.0339095351,0.0,34.17509460449219,False
2024-10-15,6578770.451607567,TQQQ,182661.0339095351,0.0,34.17509460449219,False
2024-10-16,6575174.284630612,TQQQ,182661.0339095351,0.0,34.17509460449219,False
2024-10-17,6594957.035384875,TQQQ,182661.0339095351,0.0,34.17509460449219,False
2024-10-18,6711857.198413343,TQQQ,182661.0339095351,0.0,34.17509460449219,False
2024-10-21,6748724.70369347,TQQQ,182661.0339095351,0.0,34.17509460449219,False
2024-10-22,6768508.15124428,TQQQ,182661.0339095351,0.0,34.17509460449219,False
2024-10-23,6455576.125373743,TQQQ,182661.0339095351,0.0,34.17509460449219,False
2024-10-24,6609344.490478884,TQQQ,182661.0339095351,0.0,34.17509460449219,False
2024-10-25,6720850.054643646,TQQQ,182661.0339095351,0.0,34.17509460449219,False
2024-10-28,6727143.5210524555,TQQQ,182661.0339095351,0.0,34.17509460449219,False
2024-10-29,6913285.053712212,TQQQ,182661.0339095351,0.0,34.17509460449219,False
2024-10-30,6759515.991810524,TQQQ,182661.0339095351,0.0,34.17509460449219,False
2024-10-31,6245154.717048024,TQQQ,182661.0339095351,0.0,34.17509460449219,False
2024-11-01,6378242.160650347,TECL,81708.33452057683,0.0,78.06109619140625,False
2024-11-04,6359928.975963985,TECL,81708.33452057683,0.0,78.06109619140625,False
2024-11-05,6626229.125300518,TECL,81708.33452057683,0.0,78.06109619140625,False
2024-11-06,7173328.738492429,TECL,81708.33452057683,0.0,78.06109619140625,False
2024-11-07,7563241.793537953,TECL,81708.33452057683,0.0,78.06109619140625,False
2024-11-08,7527379.070937899,TECL,81708.33452057683,0.0,78.06109619140625,False
2024-11-11,7409107.952326892,TECL,81708.33452057683,0.0,78.06109619140625,False
2024-11-12,7424367.796692807,TECL,81708.33452057683,0.0,78.06109619140625,False
2024-11-13,7380874.8402172355,TECL,81708.33452057683,0.0,78.06109619140625,False
2024-11-14,7275576.3659648495,TECL,81708.33452057683,0.0,78.06109619140625,False
2024-11-15,6749843.277779749,TECL,81708.33452057683,0.0,78.06109619140625,False
2024-11-18,6791808.940709976,TECL,81708.33452057683,0.0,78.06109619140625,False
2024-11-19,6960440.849669641,TECL,81708.33452057683,0.0,78.06109619140625,False
2024-11-20,6925340.527072018,TECL,81708.33452057683,0.0,78.06109619140625,False
2024-11-21,7142806.556220118,TECL,81708.33452057683,0.0,78.06109619140625,False
2024-11-22,7143570.826377911,TECL,81708.33452057683,0.0,78.06109619140625,False
2024-11-25,7136702.992504824,TECL,81708.33452057683,0.0,78.06109619140625,False
2024-11-26,7248106.277242744,TECL,81708.33452057683,0.0,78.06109619140625,False
2024-11-27,6949759.145629037,TECL,81708.33452057683,0.0,78.06109619140625,False
2024-11-29,7135176.3223446,TECL,81708.33452057683,0.0,78.06109619140625,False
2024-12-02,7335855.83696656,TQQQ,180666.21639332848,0.0,40.604469299316406,False
2024-12-03,7400782.069295991,TQQQ,180666.21639332848,0.0,40.604469299316406,False
2024-12-04,7671163.882404171,TQQQ,180666.21639332848,0.0,40.604469299316406,False
2024-12-05,7608015.063145718,TQQQ,180666.21639332848,0.0,40.604469299316406,False
2024-12-06,7803684.878823725,TQQQ,180666.21639332848,0.0,40.604469299316406,False
2024-12-09,7621355.654388416,TQQQ,180666.21639332848,0.0,40.604469299316406,False
2024-12-10,7538640.818423852,TQQQ,180666.21639332848,0.0,40.604469299316406,False
2024-12-11,7941544.317138507,TQQQ,180666.21639332848,0.0,40.604469299316406,False
2024-12-12,7784117.483743771,TQQQ,180666.21639332848,0.0,40.604469299316406,False
2024-12-13,7951327.3254915625,TQQQ,180666.21639332848,0.0,40.604469299316406,False
2024-12-16,8297308.80878502,TQQQ,180666.21639332848,0.0,40.604469299316406,False
2024-12-17,8186131.242142555,TQQQ,180666.21639332848,0.0,40.604469299316406,False
2024-12-18,7301167.680825245,TQQQ,180666.21639332848,0.0,40.604469299316406,False
2024-12-19,7197995.709464856,TQQQ,180666.21639332848,0.0,40.604469299316406,False
2024-12-20,7384772.9462926015,TQQQ,180666.21639332848,0.0,40.604469299316406,False
2024-12-23,7590463.539811638,TQQQ,180666.21639332848,0.0,40.604469299316406,False
2024-12-24,7892082.060957428,TQQQ,180666.21639332848,0.0,40.604469299316406,False
2024-12-26,7875128.062684434,TQQQ,180666.21639332848,0.0,40.604469299316406,False
2024-12-27,7554769.17076469,TQQQ,180666.21639332848,0.0,40.604469299316406,False
2024-12-30,7251364.966304863,TQQQ,180666.21639332848,0.0,40.604469299316406,False
2024-12-31,7061290.659243866,TQQQ,180666.21639332848,0.0,40.604469299316406,False
2025-01-02,7016672.008748258,TECL,83451.82204950998,0.0,84.08051300048828,False
2025-01-03,7342593.930002305,TECL,83451.82204950998,0.0,84.08051300048828,False
2025-01-06,7624071.923963213,TECL,83451.82204950998,0.0,84.08051300048828,False
2025-01-07,7168717.291250832,TECL,83451.82204950998,0.0,84.08051300048828,False
2025-01-08,7164038.279408167,TECL,83451.82204950998,0.0,84.08051300048828,False
2025-01-10,6686072.349025297,TECL,83451.82204950998,0.0,84.08051300048828,False
2025-01-13,6353912.7711926475,CASH,0.0,6353912.7711926475,,False
2025-01-14,6353912.7711926475,CASH,0.0,6353912.7711926475,,False
2025-01-15,6353912.7711926475,CASH,0.0,6353912.7711926475,,False
2025-01-16,6353912.7711926475,CASH,0.0,6353912.7711926475,,False
2025-01-17,6353912.7711926475,CASH,0.0,6353912.7711926475,,False
2025-01-21,6353912.7711926475,CASH,0.0,6353912.7711926475,,False
2025-01-22,6353912.7711926475,CASH,0.0,6353912.7711926475,,False
2025-01-23,6353912.7711926475,CASH,0.0,6353912.7711926475,,False
2025-01-24,6353912.7711926475,CASH,0.0,6353912.7711926475,,False
2025-01-27,6353912.7711926475,CASH,0.0,6353912.7711926475,,False
2025-01-28,6353912.7711926475,CASH,0.0,6353912.7711926475,,False
2025-01-29,6353912.7711926475,CASH,0.0,6353912.7711926475,,False
2025-01-30,6353912.7711926475,CASH,0.0,6353912.7711926475,,False
2025-01-31,6353912.7711926475,CASH,0.0,6353912.7711926475,,False
2025-02-03,6353912.7711926475,TECL,82420.17887417843,0.0,77.09171295166016,False
2025-02-04,6623440.313385507,TECL,82420.17887417843,0.0,77.09171295166016,False
2025-02-05,6910679.088779738,TECL,82420.17887417843,0.0,77.09171295166016,False
2025-02-06,6954572.965169303,TECL,82420.17887417843,0.0,77.09171295166016,False
2025-02-07,6765133.951892847,TECL,82420.17887417843,0.0,77.09171295166016,False
2025-02-10,7063154.40748557,TECL,82420.17887417843,0.0,77.09171295166016,False
2025-02-11,7068545.247584815,TECL,82420.17887417843,0.0,77.09171295166016,False
2025-02-12,7026191.341731007,TECL,82420.17887417843,0.0,77.09171295166016,False
2025-02-13,7321900.8982959995,TECL,82420.17887417843,0.0,77.09171295166016,False
2025-02-14,7380427.324447544,TECL,82420.17887417843,0.0,77.09171295166016,False
2025-02-18,7584496.372221732,TECL,82420.17887417843,0.0,77.09171295166016,False
2025-02-19,7583726.701361883,TECL,82420.17887417843,0.0,77.09171295166016,False
2025-02-20,7512110.211248365,TECL,82420.17887417843,0.0,77.09171295166016,False
2025-02-21,6892196.927086395,TECL,82420.17887417843,0.0,77.09171295166016,False
2025-02-24,6591866.8300980665,TECL,82420.17887417843,0.0,77.09171295166016,False
2025-02-25,6336200.909175214,TECL,82420.17887417843,0.0,77.09171295166016,False
2025-02-26,6538731.87286183,TECL,82420.17887417843,0.0,77.09171295166016,False
2025-02-27,5845599.749497237,CASH,0.0,5845599.749497237,,False
2025-02-28,5845599.749497237,CASH,0.0,5845599.749497237,,False
2025-03-03,5845599.749497237,TECL,87429.4295349412,0.0,66.86077880859375,False
2025-03-04,5811290.875686433,TECL,87429.4295349412,0.0,66.86077880859375,False
2025-03-05,6053905.007918171,TECL,87429.4295349412,0.0,66.86077880859375,False
2025-03-06,5554790.437729152,TECL,87429.4295349412,0.0,66.86077880859375,False
2025-03-07,5377951.769537458,CASH,0.0,5377951.769537458,,False
2025-03-10,5377951.769537458,CASH,0.0,5377951.769537458,,False
2025-03-11,5377951.769537458,CASH,0.0,5377951.769537458,,False
2025-03-12,5377951.769537458,CASH,0.0,5377951.769537458,,False
2025-03-13,5377951.769537458,CASH,0.0,5377951.769537458,,False
2025-03-14,5377951.769537458,CASH,0.0,5377951.769537458,,False
2025-03-17,5377951.769537458,CASH,0.0,5377951.769537458,,False
2025-03-18,5377951.769537458,CASH,0.0,5377951.769537458,,False
2025-03-19,5377951.769537458,CASH,0.0,5377951.769537458,,False
2025-03-20,5377951.769537458,CASH,0.0,5377951.769537458,,False
2025-03-21,5377951.769537458,CASH,0.0,5377951.769537458,,False
2025-03-24,5377951.769537458,CASH,0.0,5377951.769537458,,False
2025-03-25,5377951.769537458,CASH,0.0,5377951.769537458,,False
2025-03-26,5377951.769537458,CASH,0.0,5377951.769537458,,False
2025-03-27,5377951.769537458,CASH,0.0,5377951.769537458,,False
2025-03-28,5377951.769537458,CASH,0.0,5377951.769537458,,False
2025-03-31,5377951.769537458,CASH,0.0,5377951.769537458,,False
2025-04-01,5377951.769537457,GLD,18701.365346053368,0.0,287.57000732421875,False
2025-04-02,5388985.506605184,GLD,18701.365346053368,0.0,287.57000732421875,False
2025-04-03,5356445.313533572,GLD,18701.365346053368,0.0,287.57000732421875,False
2025-04-04,5231145.937426863,GLD,18701.365346053368,0.0,287.57000732421875,False
2025-04-07,5118750.549066561,GLD,18701.365346053368,0.0,287.57000732421875,False
2025-04-08,5146615.971522038,GLD,18701.365346053368,0.0,287.57000732421875,False
2025-04-09,5336995.7337719705,GLD,18701.365346053368,0.0,287.57000732421875,False
2025-04-10,5467344.273062778,GLD,18701.365346053368,0.0,287.57000732421875,False
2025-04-11,5571697.640576789,GLD,18701.365346053368,0.0,287.57000732421875,False
2025-04-14,5539905.661920725,GLD,18701.365346053368,0.0,287.57000732421875,False
2025-04-15,5568892.549918957,GLD,18701.365346053368,0.0,287.57000732421875,False
2025-04-16,5750108.825779844,GLD,18701.365346053368,0.0,287.57000732421875,False
2025-04-17,5724861.868418597,GLD,18701.365346053368,0.0,287.57000732421875,False
2025-04-21,5901963.821074537,GLD,18701.365346053368,0.0,287.57000732421875,False
2025-04-22,5818181.498864882,GLD,18701.365346053368,0.0,287.57000732421875,False
2025-04-23,5678669.47318503,GLD,18701.365346053368,0.0,287.57000732421875,False
2025-04-24,5761329.759131552,GLD,18701.365346053368,0.0,287.57000732421875,False
2025-04-25,5698867.267362179,GLD,18701.365346053368,0.0,287.57000732421875,False
2025-04-28,5780031.124477605,GLD,18701.365346053368,0.0,287.57000732421875,False
2025-04-29,5723739.832155463,GLD,18701.365346053368,0.0,287.57000732421875,False
2025-04-30,5680913.545711296,GLD,18701.365346053368,0.0,287.57000732421875,False
2025-05-01,5562907.976035329,GLD,18701.365346053368,0.0,303.7699890136719,False
2025-05-02,5572633.051276319,GLD,18701.365346053368,0.0,303.7699890136719,False
2025-05-05,5739075.088712118,GLD,18701.365346053368,0.0,303.7699890136719,False
2025-05-06,5899906.944832252,GLD,18701.365346053368,0.0,303.7699890136719,False
2025-05-07,5811449.281286084,GLD,18701.365346053368,0.0,303.7699890136719,False
2025-05-08,5696997.0166834975,GLD,18701.365346053368,0.0,303.7699890136719,False
2025-05-09,5738326.87429657,GLD,18701.365346053368,0.0,303.7699890136719,False
2025-05-12,5576560.178197284,GLD,18701.365346053368,0.0,303.7699890136719,False
2025-05-13,5600310.706727436,GLD,18701.365346053368,0.0,303.7699890136719,False
2025-05-14,5482492.333335451,GLD,18701.365346053368,0.0,303.7699890136719,False
2025-05-15,5570014.5861820895,GLD,18701.365346053368,0.0,303.7699890136719,False
2025-05-16,5502689.556792222,GLD,18701.365346053368,0.0,303.7699890136719,False
2025-05-19,5573567.89125547,GLD,18701.365346053368,0.0,303.7699890136719,False
2025-05-20,5677360.240637915,GLD,18701.365346053368,0.0,303.7699890136719,False
2025-05-21,5719251.687102932,GLD,18701.365346053368,0.0,303.7699890136719,False
2025-05-22,5668570.576096455,GLD,18701.365346053368,0.0,303.7699890136719,False
2025-05-23,5792747.9159400305,GLD,18701.365346053368,0.0,303.7699890136719,False
2025-05-27,5694565.74787325,GLD,18701.365346053368,0.0,303.7699890136719,False
2025-05-28,5681661.760126843,GLD,18701.365346053368,0.0,303.7699890136719,False
2025-05-29,5715323.989461589,GLD,18701.365346053368,0.0,303.7699890136719,False
2025-05-30,5677734.633205878,GLD,18701.365346053368,0.0,303.7699890136719,False
2025-06-02,5828654.788521419,TECL,84572.09079783584,0.0,68.91936492919922,False
2025-06-03,6089414.4335891,TECL,84572.09079783584,0.0,68.91936492919922,False
2025-06-04,6119532.659100737,TECL,84572.09079783584,0.0,68.91936492919922,False
2025-06-05,6056917.876117312,TECL,84572.09079783584,0.0,68.91936492919922,False
2025-06-06,6228908.829446077,TECL,84572.09079783584,0.0,68.91936492919922,False
2025-06-09,6320055.853145143,TECL,84572.09079783584,0.0,68.91936492919922,False
2025-06-10,6421505.970913573,TECL,84572.09079783584,0.0,68.91936492919922,False
2025-06-11,6380292.304168418,TECL,84572.09079783584,0.0,68.91936492919922,False
2025-06-12,6553867.951825487,TECL,84572.09079783584,0.0,68.91936492919922,False
2025-06-13,6268537.156629081,TECL,84572.09079783584,0.0,68.91936492919922,False
2025-06-16,6579230.158650672,TECL,84572.09079783584,0.0,68.91936492919922,False
2025-06-17,6424676.650037875,TECL,84572.09079783584,0.0,68.91936492919922,False
2025-06-18,6457965.554673816,TECL,84572.09079783584,0.0,68.91936492919922,False
2025-06-20,6359684.825561994,TECL,84572.09079783584,0.0,68.91936492919922,False
2025-06-23,6582400.837774974,TECL,84572.09079783584,0.0,68.91936492919922,False
2025-06-24,6935157.279518258,TECL,84572.09079783584,0.0,68.91936492919922,False
2025-06-25,7110740.894907283,TECL,84572.09079783584,0.0,68.91936492919922,False
2025-06-26,7262490.2172208885,TECL,84572.09079783584,0.0,68.91936492919922,False
2025-06-27,7224353.670692217,TECL,84572.09079783584,0.0,68.91936492919922,False
2025-06-30,7434895.410679447,TECL,84572.09079783584,0.0,68.91936492919922,False
2025-07-01,7239449.561777316,TQQQ,180157.1125018538,0.0,40.18408966064453,False
2025-07-02,7383540.064842764,TQQQ,180157.1125018538,0.0,40.18408966064453,False
2025-07-03,7590279.807927701,TQQQ,180157.1125018538,0.0,40.18408966064453,False
2025-07-07,7421128.921609613,TQQQ,180157.1125018538,0.0,40.18408966064453,False
2025-07-08,7430973.70400627,TQQQ,180157.1125018538,0.0,40.18408966064453,False
2025-07-09,7584910.363958062,TQQQ,180157.1125018538,0.0,40.18408966064453,False
2025-07-10,7550005.88555361,TQQQ,180157.1125018538,0.0,40.18408966064453,False
2025-07-11,7492728.151238292,TQQQ,180157.1125018538,0.0,40.18408966064453,False
2025-07-14,7572380.515954164,TQQQ,180157.1125018538,0.0,40.18408966064453,False
2025-07-15,7592070.080747477,TQQQ,180157.1125018538,0.0,40.18408966064453,False
2025-07-16,7613548.543870876,TQQQ,180157.1125018538,0.0,40.18408966064453,False
2025-07-17,7790754.627010688,TQQQ,180157.1125018538,0.0,40.18408966064453,False
2025-07-18,7763904.6581831165,TQQQ,180157.1125018538,0.0,40.18408966064453,False
2025-07-21,7882041.3596981475,TQQQ,180157.1125018538,0.0,40.18408966064453,False
2025-07-22,7759429.319756099,TQQQ,180157.1125018538,0.0,40.18408966064453,False
2025-07-23,7861455.62762768,TQQQ,180157.1125018538,0.0,40.18408966064453,False
2025-07-24,7913365.292463047,TQQQ,180157.1125018538,0.0,40.18408966064453,False
2025-07-25,7958113.866019311,TQQQ,180157.1125018538,0.0,40.18408966064453,False
2025-07-28,8035977.332405096,TQQQ,180157.1125018538,0.0,40.18408966064453,False
2025-07-29,7999281.893936023,TQQQ,180157.1125018538,0.0,40.18408966064453,False
2025-07-30,8027027.342795905,TQQQ,180157.1125018538,0.0,40.18408966064453,False
2025-07-31,7894571.207702045,TQQQ,180157.1125018538,0.0,40.18408966064453,False
2025-08-01,7421128.921609613,TECL,81784.89000165093,0.0,90.73960876464844,False
2025-08-04,7852151.864540067,TECL,81784.89000165093,0.0,90.73960876464844,False
2025-08-05,7690807.158677282,TECL,81784.89000165093,0.0,90.73960876464844,False
2025-08-06,7932825.465409844,TECL,81784.89000165093,0.0,90.73960876464844,False
2025-08-07,7942045.234198482,TECL,81784.89000165093,0.0,90.73960876464844,False
2025-08-08,8164855.273308586,TECL,81784.89000165093,0.0,90.73960876464844,False
2025-08-11,8014265.924417226,TECL,81784.89000165093,0.0,90.73960876464844,False
2025-08-12,8366153.3505374575,TECL,81784.89000165093,0.0,90.73960876464844,False
2025-08-13,8379983.003720415,TECL,81784.89000165093,0.0,90.73960876464844,False
2025-08-14,8328506.169306915,TECL,81784.89000165093,0.0,90.73960876464844,False
2025-08-15,8128744.928199215,TECL,81784.89000165093,0.0,90.73960876464844,False
2025-08-18,8170233.263778894,TECL,81784.89000165093,0.0,90.73960876464844,False
2025-08-19,7743820.829211952,TECL,81784.89000165093,0.0,90.73960876464844,False
2025-08-20,7584779.817607942,TECL,81784.89000165093,0.0,90.73960876464844,False
2025-08-21,7499497.580282231,TECL,81784.89000165093,0.0,90.73960876464844,False
2025-08-22,7801443.760171749,TECL,81784.89000165093,0.0,90.73960876464844,False
2025-08-25,7745357.04136393,TECL,81784.89000165093,0.0,90.73960876464844,False
2025-08-26,7850615.652388088,TECL,81784.89000165093,0.0,90.73960876464844,False
2025-08-27,7963557.820048907,TECL,81784.89000165093,0.0,90.73960876464844,False
2025-08-28,8152562.456246799,TECL,81784.89000165093,0.0,90.73960876464844,False
2025-08-29,7779162.444276142,TECL,81784.89000165093,0.0,90.73960876464844,False
2025-09-02,7542522.751983081,TECL,81784.89000165093,0.0,95.11735534667969,False
2025-09-03,7663915.958387356,TECL,81784.89000165093,0.0,95.11735534667969,False
2025-09-04,7774552.559881823,TECL,81784.89000165093,0.0,95.11735534667969,False
2025-09-05,7790687.779231132,TECL,81784.89000165093,0.0,95.11735534667969,False
2025-09-08,7962789.713972919,TECL,81784.89000165093,0.0,95.11735534667969,False
2025-09-09,8011961.606189258,TECL,81784.89000165093,0.0,95.11735534667969,False
2025-09-10,8438374.664725393,TECL,81784.89000165093,0.0,95.11735534667969,False
2025-09-11,8498303.785820734,TECL,81784.89000165093,0.0,95.11735534667969,False
2025-09-12,8500607.48007951,TECL,81784.89000165093,0.0,95.11735534667969,False
2025-09-15,8723418.767127998,TECL,81784.89000165093,0.0,95.11735534667969,False
2025-09-16,8631989.185317604,TECL,81784.89000165093,0.0,95.11735534667969,False
2025-09-17,8563609.649447998,TECL,81784.89000165093,0.0,95.11735534667969,False
2025-09-18,8972351.900452038,TECL,81784.89000165093,0.0,95.11735534667969,False
2025-09-19,9236650.899111014,TECL,81784.89000165093,0.0,95.11735534667969,False
2025-09-22,9654613.542872883,TECL,81784.89000165093,0.0,95.11735534667969,False
2025-09-23,9393387.592487056,TECL,81784.89000165093,0.0,95.11735534667969,False
2025-09-24,9240492.677429345,TECL,81784.89000165093,0.0,95.11735534667969,False
2025-09-25,9172881.247635728,TECL,81784.89000165093,0.0,95.11735534667969,False
2025-09-26,9246638.77397564,TECL,81784.89000165093,0.0,95.11735534667969,False
2025-09-29,9380325.421410896,TECL,81784.89000165093,0.0,95.11735534667969,False
2025-09-30,9555501.028395023,TECL,81784.89000165093,0.0,95.11735534667969,False
2025-10-01,9822873.69929634,TQQQ,188388.53952978938,0.0,52.14156723022461,False
2025-10-02,9942779.658694783,TQQQ,188388.53952978938,0.0,52.14156723022461,False
2025-10-03,9807885.634032845,TQQQ,188388.53952978938,0.0,52.14156723022461,False
2025-10-06,10027088.963092428,TQQQ,188388.53952978938,0.0,52.14156723022461,False
2025-10-07,9865028.710817786,TQQQ,188388.53952978938,0.0,52.14156723022461,False
2025-10-08,10199452.432267852,TQQQ,188388.53952978938,0.0,52.14156723022461,False
2025-10-09,10159171.647549588,TQQQ,188388.53952978938,0.0,52.14156723022461,False
2025-10-10,9093137.600585887,TQQQ,188388.53952978938,0.0,52.14156723022461,False
2025-10-13,9670182.425101874,TQQQ,188388.53952978938,0.0,52.14156723022461,False
2025-10-14,9473462.631228026,TQQQ,188388.53952978938,0.0,52.14156723022461,False
2025-10-15,9667371.803542346,TQQQ,188388.53952978938,0.0,52.14156723022461,False
2025-10-16,9559644.725138362,TQQQ,188388.53952978938,0.0,52.14156723022461,False
2025-10-17,9741375.73510347,TQQQ,188388.53952978938,0.0,52.14156723022461,False
2025-10-20,10106712.700482115,TQQQ,188388.53952978938,0.0,52.14156723022461,False
2025-10-21,10095471.651534494,TQQQ,188388.53952978938,0.0,52.14156723022461,False
2025-10-22,9798519.530533656,TQQQ,188388.53952978938,0.0,52.14156723022461,False
2025-10-23,10043950.536513858,TQQQ,188388.53952978938,0.0,52.14156723022461,False
2025-10-24,10356827.836179782,TQQQ,188388.53952978938,0.0,52.14156723022461,False
2025-10-27,10906707.15172831,TQQQ,188388.53952978938,0.0,52.14156723022461,False
2025-10-28,11155885.174024384,TQQQ,188388.53952978938,0.0,52.14156723022461,False
2025-10-29,11298273.231318068,TQQQ,188388.53952978938,0.0,52.14156723022461,False
2025-10-30,10781179.94921081,TQQQ,188388.53952978938,0.0,52.14156723022461,False
2025-10-31,10933872.660695769,TQQQ,188388.53952978938,0.0,52.14156723022461,False
2025-11-03,11083754.750621198,TECL,79056.37893786369,0.0,140.2006378173828,False
2025-11-04,10197054.370571503,CASH,0.0,10197054.370571503,,False
2025-11-05,10197054.370571503,CASH,0.0,10197054.370571503,,False
2025-11-06,10197054.370571503,CASH,0.0,10197054.370571503,,False
2025-11-07,10197054.370571503,CASH,0.0,10197054.370571503,,False
2025-11-10,10197054.370571503,CASH,0.0,10197054.370571503,,False
2025-11-11,10197054.370571503,CASH,0.0,10197054.370571503,,False
2025-11-12,10197054.370571503,CASH,0.0,10197054.370571503,,False
2025-11-13,10197054.370571503,CASH,0.0,10197054.370571503,,False
2025-11-14,10197054.370571503,CASH,0.0,10197054.370571503,,False
2025-11-17,10197054.370571503,CASH,0.0,10197054.370571503,,False
2025-11-18,10197054.370571503,CASH,0.0,10197054.370571503,,False
2025-11-19,10197054.370571503,CASH,0.0,10197054.370571503,,False
2025-11-20,10197054.370571503,CASH,0.0,10197054.370571503,,False
2025-11-21,10197054.370571503,CASH,0.0,10197054.370571503,,False
2025-11-24,10197054.370571503,CASH,0.0,10197054.370571503,,False
2025-11-25,10197054.370571503,CASH,0.0,10197054.370571503,,False
2025-11-26,10197054.370571503,CASH,0.0,10197054.370571503,,False
2025-11-28,10197054.370571503,CASH,0.0,10197054.370571503,,False
2025-12-01,10197054.370571503,TQQQ,189703.25542716542,0.0,53.75265884399414,False
2025-12-02,10432878.679992426,TQQQ,189703.25542716542,0.0,53.75265884399414,False
2025-12-03,10506456.136628097,TQQQ,189703.25542716542,0.0,53.75265884399414,False
2025-12-04,10472497.644485706,TQQQ,189703.25542716542,0.0,53.75265884399414,False
2025-12-05,10593240.397201857,TQQQ,189703.25542716542,0.0,53.75265884399414,False
2025-12-08,10527209.272153383,TQQQ,189703.25542716542,0.0,53.75265884399414,False
2025-12-09,10566826.789325682,TQQQ,189703.25542716542,0.0,53.75265884399414,False
2025-12-10,10687570.265702324,TQQQ,189703.25542716542,0.0,53.75265884399414,False
2025-12-11,10585693.341954168,TQQQ,189703.25542716542,0.0,53.75265884399414,False
2025-12-12,9965002.503283689,TQQQ,189703.25542716542,0.0,53.75265884399414,False
2025-12-15,9814075.147879235,TQQQ,189703.25542716542,0.0,53.75265884399414,False
2025-12-16,9872560.665001001,TQQQ,189703.25542716542,0.0,53.75265884399414,False
2025-12-17,9381290.020925783,CASH,0.0,9381290.020925783,,False
2025-12-18,9381290.020925783,CASH,0.0,9381290.020925783,,False
2025-12-19,9381290.020925783,CASH,0.0,9381290.020925783,,False
2025-12-22,9381290.020925783,CASH,0.0,9381290.020925783,,False
2025-12-23,9381290.020925783,CASH,0.0,9381290.020925783,,False
2025-12-24,9381290.020925783,CASH,0.0,9381290.020925783,,False
2025-12-26,9381290.020925783,CASH,0.0,9381290.020925783,,False
2025-12-29,9381290.020925783,CASH,0.0,9381290.020925783,,False
2025-12-30,9381290.020925783,CASH,0.0,9381290.020925783,,False
2025-12-31,9381290.020925783,CASH,0.0,9381290.020925783,,False
2026-01-02,9381290.020925783,TECL,79549.39074845161,0.0,117.93038177490234,False
2026-01-05,9447981.33830695,TECL,79549.39074845161,0.0,117.93038177490234,False
2026-01-06,9840192.025398761,TECL,79549.39074845161,0.0,117.93038177490234,False
2026-01-07,9808433.445999004,TECL,79549.39074845161,0.0,117.93038177490234,False
2026-01-08,9354295.713966938,TECL,79549.39074845161,0.0,117.93038177490234,False
2026-01-09,9718717.644083962,TECL,79549.39074845161,0.0,117.93038177490234,False
2026-01-12,9842573.55470553,TECL,79549.39074845161,0.0,117.93038177490234,False
2026-01-13,9781439.139040159,TECL,79549.39074845161,0.0,117.93038177490234,False
2026-01-14,9409871.407175453,TECL,79549.39074845161,0.0,117.93038177490234,False
2026-01-15,9555957.95922864,TECL,79549.39074845161,0.0,117.93038177490234,False
2026-01-16,9582952.266187485,TECL,79549.39074845161,0.0,117.93038177490234,False
2026-01-20,8829495.628301363,TECL,79549.39074845161,0.0,117.93038177490234,False
2026-01-21,9199475.673961556,TECL,79549.39074845161,0.0,117.93038177490234,False
2026-01-22,9401139.133050632,TECL,79549.39074845161,0.0,117.93038177490234,False
2026-01-23,9436072.477945728,TECL,79549.39074845161,0.0,117.93038177490234,False
2026-01-26,9625032.019743951,TECL,79549.39074845161,0.0,117.93038177490234,False
2026-01-27,10013272.277497105,TECL,79549.39074845161,0.0,117.93038177490234,False
2026-01-28,10241929.436631339,TECL,79549.39074845161,0.0,117.93038177490234,False
2026-01-29,9743330.421736037,TECL,79549.39074845161,0.0,117.93038177490234,False
2026-01-30,9164542.32906646,TECL,79549.39074845161,0.0,117.93038177490234,False
2026-02-02,9410665.857191397,TECL,79549.39074845161,0.0,115.2056884765625,False
2026-02-03,8431378.942741143,CASH,0.0,8431378.942741143,,False
2026-02-04,8431378.942741143,CASH,0.0,8431378.942741143,,False
2026-02-05,8431378.942741143,CASH,0.0,8431378.942741143,,False
2026-02-06,8431378.942741143,CASH,0.0,8431378.942741143,,False
2026-02-09,8431378.942741143,CASH,0.0,8431378.942741143,,False
2026-02-10,8431378.942741143,CASH,0.0,8431378.942741143,,False
2026-02-11,8431378.942741143,CASH,0.0,8431378.942741143,,False
2026-02-12,8431378.942741143,CASH,0.0,8431378.942741143,,False
2026-02-13,8431378.942741143,CASH,0.0,8431378.942741143,,False
2026-02-17,8431378.942741143,CASH,0.0,8431378.942741143,,False
2026-02-18,8431378.942741143,CASH,0.0,8431378.942741143,,False
2026-02-19,8431378.942741143,CASH,0.0,8431378.942741143,,False
2026-02-20,8431378.942741143,CASH,0.0,8431378.942741143,,False
2026-02-23,8431378.942741143,CASH,0.0,8431378.942741143,,False
2026-02-24,8431378.942741143,CASH,0.0,8431378.942741143,,False
2026-02-25,8431378.942741143,CASH,0.0,8431378.942741143,,False
2026-02-26,8431378.942741143,CASH,0.0,8431378.942741143,,False
2026-02-27,8431378.942741143,CASH,0.0,8431378.942741143,,False
2026-03-02,8431378.942741143,TECL,82369.3015389618,0.0,102.3606948852539,False
2026-03-03,7756868.627321852,CASH,0.0,7756868.627321852,,False
2026-03-04,7756868.627321852,CASH,0.0,7756868.627321852,,False
2026-03-05,7756868.627321852,CASH,0.0,7756868.627321852,,False
2026-03-06,7756868.627321852,CASH,0.0,7756868.627321852,,False
2026-03-09,7756868.627321852,CASH,0.0,7756868.627321852,,False
2026-03-10,7756868.627321852,CASH,0.0,7756868.627321852,,False
2026-03-11,7756868.627321852,CASH,0.0,7756868.627321852,,False
2026-03-12,7756868.627321852,CASH,0.0,7756868.627321852,,False
2026-03-13,7756868.627321852,CASH,0.0,7756868.627321852,,False
2026-03-16,7756868.627321852,CASH,0.0,7756868.627321852,,False
2026-03-17,7756868.627321852,CASH,0.0,7756868.627321852,,False
2026-03-18,7756868.627321852,CASH,0.0,7756868.627321852,,False
2026-03-19,7756868.627321852,CASH,0.0,7756868.627321852,,False
2026-03-20,7756868.627321852,CASH,0.0,7756868.627321852,,False
2026-03-23,7756868.627321852,CASH,0.0,7756868.627321852,,False
2026-03-24,7756868.627321852,CASH,0.0,7756868.627321852,,False
2026-03-25,7756868.627321852,CASH,0.0,7756868.627321852,,False
2026-03-26,7756868.627321852,CASH,0.0,7756868.627321852,,False
2026-03-27,7756868.627321852,CASH,0.0,7756868.627321852,,False
2026-03-30,7756868.627321852,CASH,0.0,7756868.627321852,,False
2026-03-31,7756868.627321852,CASH,0.0,7756868.627321852,,False
2026-04-01,7756868.627321851,GLD,17717.026397968286,0.0,437.82000732421875,False
2026-04-02,7607868.37043325,GLD,17717.026397968286,0.0,437.82000732421875,False
2026-04-06,7576686.23095499,GLD,17717.026397968286,0.0,437.82000732421875,False
2026-04-07,7650389.125652227,GLD,17717.026397968286,0.0,437.82000732421875,False
2026-04-08,7698579.45908193,GLD,17717.026397968286,0.0,437.82000732421875,False
2026-04-09,7758463.094815981,GLD,17717.026397968286,0.0,437.82000732421875,False
2026-04-10,7744643.835852794,GLD,17717.026397968286,0.0,437.82000732421875,False
2026-04-13,7713284.353092719,GLD,17717.026397968286,0.0,437.82000732421875,False
2026-04-14,7885671.214590016,GLD,17717.026397968286,0.0,437.82000732421875,False
2026-04-15,7803641.295858505,GLD,17717.026397968286,0.0,437.82000732421875,False
2026-04-16,7796908.739318359,GLD,17717.026397968286,0.0,437.82000732421875,False
2026-04-17,7900553.45188262,GLD,17717.026397968286,0.0,437.82000732421875,False
2026-04-20,7832520.135396111,GLD,17717.026397968286,0.0,437.82000732421875,False
2026-04-21,7610703.159538614,GLD,17717.026397968286,0.0,437.82000732421875,False
2026-04-22,7711513.082997512,GLD,17717.026397968286,0.0,437.82000732421875,False
2026-04-23,7636747.209970856,GLD,17717.026397968286,0.0,437.82000732421875,False
2026-04-24,7675901.68691976,GLD,17717.026397968286,0.0,437.82000732421875,False
2026-04-27,7616372.73774934,GLD,17717.026397968286,0.0,437.82000732421875,False
2026-04-28,7474990.672448488,GLD,17717.026397968286,0.0,437.82000732421875,False
2026-04-29,7395264.05365763,GLD,17717.026397968286,0.0,437.82000732421875,False
2026-04-30,7505995.468644933,GLD,17717.026397968286,0.0,437.82000732421875,False
2026-05-01,7497491.101328842,TECL,49155.175512215625,0.0,152.52699279785156,False
2026-05-04,7521555.655942092,TECL,49155.175512215625,0.0,152.52699279785156,False
2026-05-05,8011697.319969842,TECL,49155.175512215625,0.0,152.52699279785156,False
2026-05-06,8645245.998347096,TECL,49155.175512215625,0.0,152.52699279785156,False
2026-05-07,8586802.222774712,TECL,49155.175512215625,0.0,152.52699279785156,False
2026-05-08,9483102.625383088,TECL,49155.175512215625,0.0,152.52699279785156,False
2026-05-11,9856848.020003747,TECL,49155.175512215625,0.0,152.52699279785156,False
2026-05-12,9413854.401824048,TECL,49155.175512215625,0.0,152.52699279785156,False
2026-05-13,9682498.506713493,TECL,49155.175512215625,0.0,152.52699279785156,False
2026-05-14,10105356.324084463,TECL,49155.175512215625,0.0,152.52699279785156,False
2026-05-15,9579363.09398145,TECL,49155.175512215625,0.0,152.52699279785156,False
2026-05-18,9238032.543417668,TECL,49155.175512215625,0.0,152.52699279785156,False
2026-05-19,9058281.181158314,TECL,49155.175512215625,0.0,152.52699279785156,False
2026-05-20,9670220.963562256,TECL,49155.175512215625,0.0,152.52699279785156,False
2026-05-21,9902030.938901084,TECL,49155.175512215625,0.0,152.52699279785156,False
2026-05-22,10208001.205127282,TECL,49155.175512215625,0.0,152.52699279785156,False
2026-05-26,11004112.385332778,TECL,49155.175512215625,0.0,152.52699279785156,False
2026-05-27,10857267.148867978,TECL,49155.175512215625,0.0,152.52699279785156,False
2026-05-28,11308117.524608262,TECL,49155.175512215625,0.0,152.52699279785156,False
2026-05-29,12051678.809996605,TECL,49155.175512215625,0.0,152.52699279785156,False
2026-06-01,12949453.057818018,TQQQ,150851.5608140301,0.0,85.84235382080078,False
2026-06-02,13127049.373958863,TQQQ,150851.5608140301,0.0,85.84235382080078,False
2026-06-03,13027714.670789164,TQQQ,150851.5608140301,0.0,85.84235382080078,False
2026-06-04,12826039.097786812,TQQQ,150851.5608140301,0.0,85.84235382080078,False
2026-06-05,11913496.813192576,CASH,0.0,11913496.813192576,,False
2026-06-08,11913496.813192576,CASH,0.0,11913496.813192576,,False
2026-06-09,11913496.813192576,CASH,0.0,11913496.813192576,,False
2026-06-10,11913496.813192576,CASH,0.0,11913496.813192576,,False
2026-06-11,11913496.813192576,CASH,0.0,11913496.813192576,,False
2026-06-12,11913496.813192576,CASH,0.0,11913496.813192576,,False
2026-06-15,11913496.813192576,CASH,0.0,11913496.813192576,,False
2026-06-16,11913496.813192576,CASH,0.0,11913496.813192576,,False
2026-06-17,11913496.813192576,CASH,0.0,11913496.813192576,,False
2026-06-18,11913496.813192576,CASH,0.0,11913496.813192576,,False
2026-06-22,11913496.813192576,CASH,0.0,11913496.813192576,,False
2026-06-23,11913496.813192576,CASH,0.0,11913496.813192576,,False
2026-06-24,11913496.813192576,CASH,0.0,11913496.813192576,,False
2026-06-25,11913496.813192576,CASH,0.0,11913496.813192576,,False
2026-06-26,11913496.813192576,CASH,0.0,11913496.813192576,,False
2026-06-29,11913496.813192576,CASH,0.0,11913496.813192576,,False
2026-06-30,11913496.813192576,CASH,0.0,11913496.813192576,,False
2026-07-01,11913496.813192576,TQQQ,153801.9229796339,0.0,77.45999908447266,False
2026-07-02,11281370.815873036,TQQQ,153801.9229796339,0.0,77.45999908447266,False
2026-07-06,11753542.672483891,TQQQ,153801.9229796339,0.0,77.45999908447266,False
2026-07-07,10960417.06813717,CASH,0.0,10960417.06813717,,False
2026-07-08,10960417.06813717,CASH,0.0,10960417.06813717,,False
2026-07-09,10960417.06813717,CASH,0.0,10960417.06813717,,False
2026-07-10,10960417.06813717,CASH,0.0,10960417.06813717,,False
2026-07-13,10960417.06813717,CASH,0.0,10960417.06813717,,False
2026-07-14,10960417.06813717,CASH,0.0,10960417.06813717,,False
2026-07-15,10960417.06813717,CASH,0.0,10960417.06813717,,False
2026-07-16,10960417.06813717,CASH,0.0,10960417.06813717,,False
2026-07-17,10960417.06813717,CASH,0.0,10960417.06813717,,False
2026-07-20,10960417.06813717,CASH,0.0,10960417.06813717,,False
2026-07-21,10960417.06813717,CASH,0.0,10960417.06813717,,False
2026-07-22,10960417.06813717,CASH,0.0,10960417.06813717,,False
2026-07-23,10960417.06813717,CASH,0.0,10960417.06813717,,False
2026-07-24,10960417.06813717,CASH,0.0,10960417.06813717,,False
2026-07-27,10960417.06813717,CASH,0.0,10960417.06813717,,False
2026-07-28,10960417.06813717,CASH,0.0,10960417.06813717,,False
2026-07-29,10960417.06813717,CASH,0.0,10960417.06813717,,False
2026-07-30,10960417.06813717,CASH,0.0,10960417.06813717,,False
2026-07-31,10960417.06813717,CASH,0.0,10960417.06813717,,False
2026-08-03,10960417.06813717,TECL,60474.60127974103,0.0,181.24000549316406,False
2026-08-04,12602302.123774465,TECL,60474.60127974103,0.0,181.24000549316406,False
2026-08-05,12396688.84853102,TECL,60474.60127974103,0.0,181.24000549316406,False
2026-08-06,12301743.281592619,TECL,60474.60127974103,0.0,181.24000549316406,False
2026-08-07,12798844.577933624,TECL,60474.60127974103,0.0,181.24000549316406,False
2026-08-10,12456558.113225685,TECL,60474.60127974103,0.0,181.24000549316406,False
2026-08-11,12394269.347729087,TECL,60474.60127974103,0.0,181.24000549316406,False
2026-08-12,12944588.588482404,TECL,60474.60127974103,0.0,181.24000549316406,False
2026-08-13,13339487.661017578,TECL,60474.60127974103,0.0,181.24000549316406,False
2026-08-14,13163506.349828927,TECL,60474.60127974103,0.0,181.24000549316406,False
2026-08-17,13237889.851027638,TECL,60474.60127974103,0.0,181.24000549316406,False
2026-08-18,12221917.287743336,TECL,60474.60127974103,0.0,181.24000549316406,False
2026-08-19,11816132.307137832,TECL,60474.60127974103,0.0,181.24000549316406,False
2026-08-20,11739934.641722266,TECL,60474.60127974103,0.0,181.24000549316406,False
2026-08-21,11781056.92766328,TECL,60474.60127974103,0.0,181.24000549316406,False
2026-08-24,11140026.707759537,TECL,60474.60127974103,0.0,181.24000549316406,False
2026-08-25,11455703.277492134,TECL,60474.60127974103,0.0,181.24000549316406,False
2026-08-26,11653455.48205226,TECL,60474.60127974103,0.0,181.24000549316406,False
2026-08-27,12739579.72705485,TECL,60474.60127974103,0.0,181.24000549316406,False
2026-08-28,12125157.556588076,TECL,60474.60127974103,0.0,181.24000549316406,False
2026-08-31,12302347.695408508,TECL,60474.60127974103,0.0,181.24000549316406,False
2026-09-01,11735096.562887583,TQQQ,169704.93570409835,0.0,69.1500015258789,False
2026-09-02,11781527.445908248,TQQQ,169704.93570409835,0.0,69.1500015258789,False
