date,equity,holding,shares,cash,stop_reference,entered_at_open
2010-02-11,100000.0,CASH,0.0,100000.0,,False
2010-02-12,100000.0,CASH,0.0,100000.0,,False
2010-02-16,100000.0,CASH,0.0,100000.0,,False
2010-02-17,100000.0,CASH,0.0,100000.0,,False
2010-02-18,100000.0,CASH,0.0,100000.0,,False
2010-02-19,100000.0,CASH,0.0,100000.0,,False
2010-02-22,100000.0,CASH,0.0,100000.0,,False
2010-02-23,100000.0,CASH,0.0,100000.0,,False
2010-02-24,100000.0,CASH,0.0,100000.0,,False
2010-02-25,100000.0,CASH,0.0,100000.0,,False
2010-02-26,100000.0,CASH,0.0,100000.0,,False
2010-03-01,100000.0,TECL,134152.71222954508,0.0,0.7454191446304321,False
2010-03-02,99451.16198885372,TECL,134152.71222954508,0.0,0.7454191446304321,False
2010-03-03,99714.91416399957,TECL,134152.71222954508,0.0,0.7454191446304321,False
2010-03-04,100983.52334524597,TECL,134152.71222954508,0.0,0.7454191446304321,False
2010-03-05,104946.17888386574,TECL,134152.71222954508,0.0,0.7454191446304321,False
2010-03-08,105751.50059275274,TECL,134152.71222954508,0.0,0.7454191446304321,False
2010-03-09,106906.06904269915,TECL,134152.71222954508,0.0,0.7454191446304321,False
2010-03-10,109471.8255744536,TECL,134152.71222954508,0.0,0.7454191446304321,False
2010-03-11,110462.5374358571,TECL,134152.71222954508,0.0,0.7454191446304321,False
2010-03-12,110590.84325372553,TECL,134152.71222954508,0.0,0.7454191446304321,False
2010-03-15,109086.96409372163,TECL,134152.71222954508,0.0,0.7454191446304321,False
2010-03-16,112230.0408330107,TECL,134152.71222954508,0.0,0.7454191446304321,False
2010-03-17,113498.68199875613,TECL,134152.71222954508,0.0,0.7454191446304321,False
2010-03-18,113883.53548336335,TECL,134152.71222954508,0.0,0.7454191446304321,False
2010-03-19,111025.5285878252,TECL,134152.71222954508,0.0,0.7454191446304321,False
2010-03-22,113741.00455955027,TECL,134152.71222954508,0.0,0.7454191446304321,False
2010-03-23,117223.48481032153,TECL,134152.71222954508,0.0,0.7454191446304321,False
2010-03-24,115523.0609037636,TECL,134152.71222954508,0.0,0.7454191446304321,False
2010-03-25,116023.61031749574,TECL,134152.71222954508,0.0,0.7454191446304321,False
2010-03-26,115324.3572035249,TECL,134152.71222954508,0.0,0.7454191446304321,False
2010-03-29,115442.13212508691,TECL,134152.71222954508,0.0,0.7454191446304321,False
2010-03-30,116980.514563422,TECL,134152.71222954508,0.0,0.7454191446304321,False
2010-03-31,115000.49016244768,TECL,134152.71222954508,0.0,0.7454191446304321,False
2010-04-01,114499.94074871555,TECL,134152.71222954508,0.0,0.8572356700897217,False
2010-04-05,118982.72021447527,TECL,134152.71222954508,0.0,0.8572356700897217,False
2010-04-06,119328.72052888288,TECL,134152.71222954508,0.0,0.8572356700897217,False
2010-04-07,118599.92973005564,TECL,134152.71222954508,0.0,0.8572356700897217,False
2010-04-08,118658.86116952282,TECL,134152.71222954508,0.0,0.8572356700897217,False
2010-04-09,121831.43561304451,TECL,134152.71222954508,0.0,0.8572356700897217,False
2010-04-12,122655.90804072715,TECL,134152.71222954508,0.0,0.8572356700897217,False
2010-04-13,124231.12062969804,TECL,134152.71222954508,0.0,0.8572356700897217,False
2010-04-14,130598.35481332328,TECL,134152.71222954508,0.0,0.8572356700897217,False
2010-04-15,132961.25765608955,TECL,134152.71222954508,0.0,0.8572356700897217,False
2010-04-16,127374.22135736138,TECL,134152.71222954508,0.0,0.8572356700897217,False
2010-04-19,127411.09148862096,TECL,134152.71222954508,0.0,0.8572356700897217,False
2010-04-20,129420.55762095458,TECL,134152.71222954508,0.0,0.8572356700897217,False
2010-04-21,130657.20629154287,TECL,134152.71222954508,0.0,0.8572356700897217,False
2010-04-22,132180.97980994493,TECL,134152.71222954508,0.0,0.8572356700897217,False
2010-04-23,133550.10827552536,TECL,134152.71222954508,0.0,0.8572356700897217,False
2010-04-26,132718.28740919003,TECL,134152.71222954508,0.0,0.8572356700897217,False
2010-04-27,125003.98606819192,TECL,134152.71222954508,0.0,0.8572356700897217,False
2010-04-28,125659.19652699516,TECL,134152.71222954508,0.0,0.8572356700897217,False
2010-04-29,129413.28114742473,TECL,134152.71222954508,0.0,0.8572356700897217,False
2010-04-30,120911.28955263122,TECL,134152.71222954508,0.0,0.8572356700897217,False
2010-05-03,125865.26465813609,TECL,134152.71222954508,0.0,0.9012959003448486,False
2010-05-04,114941.59070747954,TECL,134152.71222954508,0.0,0.9012959003448486,False
2010-05-05,113358.93372635887,TECL,134152.71222954508,0.0,0.9012959003448486,False
2010-05-06,108820.1605973681,CASH,0.0,108820.1605973681,,False
2010-05-07,108820.1605973681,CASH,0.0,108820.1605973681,,False
2010-05-10,108820.1605973681,CASH,0.0,108820.1605973681,,False
2010-05-11,108820.1605973681,CASH,0.0,108820.1605973681,,False
2010-05-12,108820.1605973681,CASH,0.0,108820.1605973681,,False
2010-05-13,108820.1605973681,CASH,0.0,108820.1605973681,,False
2010-05-14,108820.1605973681,CASH,0.0,108820.1605973681,,False
2010-05-17,108820.1605973681,CASH,0.0,108820.1605973681,,False
2010-05-18,108820.1605973681,CASH,0.0,108820.1605973681,,False
2010-05-19,108820.1605973681,CASH,0.0,108820.1605973681,,False
2010-05-20,108820.1605973681,CASH,0.0,108820.1605973681,,False
2010-05-21,108820.1605973681,CASH,0.0,108820.1605973681,,False
2010-05-24,108820.1605973681,CASH,0.0,108820.1605973681,,False
2010-05-25,108820.1605973681,CASH,0.0,108820.1605973681,,False
2010-05-26,108820.1605973681,CASH,0.0,108820.1605973681,,False
2010-05-27,108820.1605973681,CASH,0.0,108820.1605973681,,False
2010-05-28,108820.1605973681,CASH,0.0,108820.1605973681,,False
2010-06-01,108820.1605973681,TQQQ,496561.733589579,0.0,0.21914729475975037,False
2010-06-02,116478.03279737235,TQQQ,496561.733589579,0.0,0.21914729475975037,False
2010-06-03,119501.70912388235,TQQQ,496561.733589579,0.0,0.21914729475975037,False
2010-06-04,107701.49780595195,TQQQ,496561.733589579,0.0,0.21914729475975037,False
2010-06-07,101457.30773907035,TQQQ,496561.733589579,0.0,0.21914729475975037,False
2010-06-08,97938.14453763129,CASH,0.0,97938.14453763129,,False
2010-06-09,97938.14453763129,CASH,0.0,97938.14453763129,,False
2010-06-10,97938.14453763129,CASH,0.0,97938.14453763129,,False
2010-06-11,97938.14453763129,CASH,0.0,97938.14453763129,,False
2010-06-14,97938.14453763129,CASH,0.0,97938.14453763129,,False
2010-06-15,97938.14453763129,CASH,0.0,97938.14453763129,,False
2010-06-16,97938.14453763129,CASH,0.0,97938.14453763129,,False
2010-06-17,97938.14453763129,CASH,0.0,97938.14453763129,,False
2010-06-18,97938.14453763129,CASH,0.0,97938.14453763129,,False
2010-06-21,97938.14453763129,CASH,0.0,97938.14453763129,,False
2010-06-22,97938.14453763129,CASH,0.0,97938.14453763129,,False
2010-06-23,97938.14453763129,CASH,0.0,97938.14453763129,,False
2010-06-24,97938.14453763129,CASH,0.0,97938.14453763129,,False
2010-06-25,97938.14453763129,CASH,0.0,97938.14453763129,,False
2010-06-28,97938.14453763129,CASH,0.0,97938.14453763129,,False
2010-06-29,97938.14453763129,CASH,0.0,97938.14453763129,,False
2010-06-30,97938.14453763129,CASH,0.0,97938.14453763129,,False
2010-07-01,97938.14453763129,GLD,836.7920691346999,0.0,117.04000091552734,False
2010-07-02,99151.49048418988,GLD,836.7920691346999,0.0,117.04000091552734,False
2010-07-06,97494.6457624646,GLD,836.7920691346999,0.0,117.04000091552734,False
2010-07-07,98515.53310828362,GLD,836.7920691346999,0.0,117.04000091552734,False
2010-07-08,98080.39765717216,GLD,836.7920691346999,0.0,117.04000091552734,False
2010-07-09,99042.70981352043,GLD,836.7920691346999,0.0,117.04000091552734,False
2010-07-12,98189.1783278416,GLD,836.7920691346999,0.0,117.04000091552734,False
2010-07-13,99042.70981352043,GLD,836.7920691346999,0.0,117.04000091552734,False
2010-07-14,98992.50433232173,GLD,836.7920691346999,0.0,117.04000091552734,False
2010-07-15,98933.92914285098,GLD,836.7920691346999,0.0,117.04000091552734,False
2010-07-16,97628.52917373339,GLD,836.7920691346999,0.0,117.04000091552734,False
2010-07-19,96841.94897001423,GLD,836.7920691346999,0.0,117.04000091552734,False
2010-07-20,97611.79614140611,GLD,836.7920691346999,0.0,117.04000091552734,False
2010-07-21,96942.35993241161,GLD,836.7920691346999,0.0,117.04000091552734,False
2010-07-22,97787.52170981838,GLD,836.7920691346999,0.0,117.04000091552734,False
2010-07-23,97143.18824142322,GLD,836.7920691346999,0.0,117.04000091552734,False
2010-07-26,96666.21701738512,GLD,836.7920691346999,0.0,117.04000091552734,False
2010-07-27,94984.2695550605,GLD,836.7920691346999,0.0,117.04000091552734,False
2010-07-28,95210.20060467145,GLD,836.7920691346999,0.0,117.04000091552734,False
2010-07-29,95636.96634751087,GLD,836.7920691346999,0.0,117.04000091552734,False
2010-07-30,96641.11427678578,GLD,836.7920691346999,0.0,117.04000091552734,False
2010-08-02,96682.95643392924,TECL,134085.361494765,0.0,0.721055269241333,False
2010-08-03,95517.37906961815,TECL,134085.361494765,0.0,0.721055269241333,False
2010-08-04,97878.40830669679,TECL,134085.361494765,0.0,0.721055269241333,False
2010-08-05,96503.66143052859,TECL,134085.361494765,0.0,0.721055269241333,False
2010-08-06,95427.72357580748,TECL,134085.361494765,0.0,0.721055269241333,False
2010-08-09,96413.9819603869,TECL,134085.361494765,0.0,0.721055269241333,False
2010-08-10,92439.07391361278,TECL,134085.361494765,0.0,0.721055269241333,False
2010-08-11,87014.66079053632,CASH,0.0,87014.66079053632,,False
2010-08-12,87014.66079053632,CASH,0.0,87014.66079053632,,False
2010-08-13,87014.66079053632,CASH,0.0,87014.66079053632,,False
2010-08-16,87014.66079053632,CASH,0.0,87014.66079053632,,False
2010-08-17,87014.66079053632,CASH,0.0,87014.66079053632,,False
2010-08-18,87014.66079053632,CASH,0.0,87014.66079053632,,False
2010-08-19,87014.66079053632,CASH,0.0,87014.66079053632,,False
2010-08-20,87014.66079053632,CASH,0.0,87014.66079053632,,False
2010-08-23,87014.66079053632,CASH,0.0,87014.66079053632,,False
2010-08-24,87014.66079053632,CASH,0.0,87014.66079053632,,False
2010-08-25,87014.66079053632,CASH,0.0,87014.66079053632,,False
2010-08-26,87014.66079053632,CASH,0.0,87014.66079053632,,False
2010-08-27,87014.66079053632,CASH,0.0,87014.66079053632,,False
2010-08-30,87014.66079053632,CASH,0.0,87014.66079053632,,False
2010-08-31,87014.66079053632,CASH,0.0,87014.66079053632,,False
2010-09-01,87014.66079053632,IEF,1255.5310137300771,0.0,69.30506681155018,False
2010-09-02,86651.79658443127,IEF,1255.5310137300771,0.0,69.30506681155018,False
2010-09-03,86156.07185056045,IEF,1255.5310137300771,0.0,69.30506681155018,False
2010-09-07,86837.7066437534,IEF,1255.5310137300771,0.0,69.30506681155018,False
2010-09-08,86598.66976344638,IEF,1255.5310137300771,0.0,69.30506681155018,False
2010-09-09,85917.05429261058,IEF,1255.5310137300771,0.0,69.30506681155018,False
2010-09-10,85669.21607862158,IEF,1255.5310137300771,0.0,69.30506681155018,False
2010-09-13,86076.42509438668,IEF,1255.5310137300771,0.0,69.30506681155018,False
2010-09-14,86510.10573944775,IEF,1255.5310137300771,0.0,69.30506681155018,False
2010-09-15,86209.19867154532,IEF,1255.5310137300771,0.0,69.30506681155018,False
2010-09-16,85908.20465303572,IEF,1255.5310137300771,0.0,69.30506681155018,False
2010-09-17,86102.95469075411,IEF,1255.5310137300771,0.0,69.30506681155018,False
2010-09-20,86368.47286153567,IEF,1255.5310137300771,0.0,69.30506681155018,False
2010-09-21,87174.06057584814,IEF,1255.5310137300771,0.0,69.30506681155018,False
2010-09-22,87306.80516947103,IEF,1255.5310137300771,0.0,69.30506681155018,False
2010-09-23,87430.72910705484,IEF,1255.5310137300771,0.0,69.30506681155018,False
2010-09-24,86997.04846199375,IEF,1255.5310137300771,0.0,69.30506681155018,False
2010-09-27,87669.67903675466,IEF,1255.5310137300771,0.0,69.30506681155018,False
2010-09-28,87961.89104393942,IEF,1255.5310137300771,0.0,69.30506681155018,False
2010-09-29,87749.46104942844,IEF,1255.5310137300771,0.0,69.30506681155018,False
2010-09-30,87643.23639099443,IEF,1255.5310137300771,0.0,69.30506681155018,False
2010-10-01,87690.23802476264,TQQQ,325116.29783115326,0.0,0.26971960067749023,False
2010-10-04,84648.04557030143,TQQQ,325116.29783115326,0.0,0.26971960067749023,False
2010-10-05,90949.66280779894,TQQQ,325116.29783115326,0.0,0.26971960067749023,False
2010-10-06,88631.8655621361,TQQQ,325116.29783115326,0.0,0.26971960067749023,False
2010-10-07,89500.9111470851,TQQQ,325116.29783115326,0.0,0.26971960067749023,False
2010-10-08,91303.85227127184,TQQQ,325116.29783115326,0.0,0.26971960067749023,False
2010-10-11,91488.95514393458,TQQQ,325116.29783115326,0.0,0.26971960067749023,False
2010-10-12,93388.32339274127,TQQQ,325116.29783115326,0.0,0.26971960067749023,False
2010-10-13,95657.64546713467,TQQQ,325116.29783115326,0.0,0.26971960067749023,False
2010-10-14,95126.68586081949,TQQQ,325116.29783115326,0.0,0.26971960067749023,False
2010-10-15,101194.70567594338,TQQQ,325116.29783115326,0.0,0.26971960067749023,False
2010-10-18,101194.70567594338,TQQQ,325116.29783115326,0.0,0.26971960067749023,False
2010-10-19,97170.67541811467,TQQQ,325116.29783115326,0.0,0.26971960067749023,False
2010-10-20,99190.87793853866,TQQQ,325116.29783115326,0.0,0.26971960067749023,False
2010-10-21,99882.81425792014,TQQQ,325116.29783115326,0.0,0.26971960067749023,False
2010-10-22,101830.3960690368,TQQQ,325116.29783115326,0.0,0.26971960067749023,False
2010-10-25,103375.5845435913,TQQQ,325116.29783115326,0.0,0.26971960067749023,False
2010-10-26,103995.21989794927,TQQQ,325116.29783115326,0.0,0.26971960067749023,False
2010-10-27,105065.71407091811,TQQQ,325116.29783115326,0.0,0.26971960067749023,False
2010-10-28,105669.29438654063,TQQQ,325116.29783115326,0.0,0.26971960067749023,False
2010-10-29,105162.15088475878,TQQQ,325116.29783115326,0.0,0.26971960067749023,False
2010-11-01,105403.85818487628,TQQQ,325116.29783115326,0.0,0.32346010208129883,False
2010-11-02,108598.69462258334,TQQQ,325116.29783115326,0.0,0.32346010208129883,False
2010-11-03,110167.98987829285,TQQQ,325116.29783115326,0.0,0.32346010208129883,False
2010-11-04,114071.45716268447,TQQQ,325116.29783115326,0.0,0.32346010208129883,False
2010-11-05,114208.08486407774,TQQQ,325116.29783115326,0.0,0.32346010208129883,False
2010-11-08,114497.96696962233,TQQQ,325116.29783115326,0.0,0.32346010208129883,False
2010-11-09,112646.80259390488,TQQQ,325116.29783115326,0.0,0.32346010208129883,False
2010-11-10,114369.10033402694,TQQQ,325116.29783115326,0.0,0.32346010208129883,False
2010-11-11,112445.61561484453,TQQQ,325116.29783115326,0.0,0.32346010208129883,False
2010-11-12,106723.73352077401,TQQQ,325116.29783115326,0.0,0.32346010208129883,False
2010-11-15,105580.88024745732,TQQQ,325116.29783115326,0.0,0.32346010208129883,False
2010-11-16,100341.73450817127,TQQQ,325116.29783115326,0.0,0.32346010208129883,False
2010-11-17,101291.10373290117,TQQQ,325116.29783115326,0.0,0.32346010208129883,False
2010-11-18,105999.32862275493,TQQQ,325116.29783115326,0.0,0.32346010208129883,False
2010-11-19,106248.72916412525,TQQQ,325116.29783115326,0.0,0.32346010208129883,False
2010-11-22,109049.58250885639,TQQQ,325116.29783115326,0.0,0.32346010208129883,False
2010-11-23,103898.80246255004,TQQQ,325116.29783115326,0.0,0.32346010208129883,False
2010-11-24,109966.8028992325,TQQQ,325116.29783115326,0.0,0.32346010208129883,False
2010-11-26,109274.8568906303,TQQQ,325116.29783115326,0.0,0.32346010208129883,False
2010-11-29,107753.77519723076,TQQQ,325116.29783115326,0.0,0.32346010208129883,False
2010-11-30,103657.44397437852,TQQQ,325116.29783115326,0.0,0.32346010208129883,False
2010-12-01,110248.64295157827,TECL,120729.37500639695,0.0,0.9131882190704346,False
2010-12-02,114634.90480289044,TECL,120729.37500639695,0.0,0.9131882190704346,False
2010-12-03,115711.32317649496,TECL,120729.37500639695,0.0,0.9131882190704346,False
2010-12-06,115872.73016329143,TECL,120729.37500639695,0.0,0.9131882190704346,False
2010-12-07,116222.57962727199,TECL,120729.37500639695,0.0,0.9131882190704346,False
2010-12-08,118752.0998399669,TECL,120729.37500639695,0.0,0.9131882190704346,False
2010-12-09,118698.25913220002,TECL,120729.37500639695,0.0,0.9131882190704346,False
2010-12-10,120474.28288535602,TECL,120729.37500639695,0.0,0.9131882190704346,False
2010-12-13,118913.54280692093,TECL,120729.37500639695,0.0,0.9131882190704346,False
2010-12-14,118805.85419535566,TECL,120729.37500639695,0.0,0.9131882190704346,False
2010-12-15,117675.68866239389,TECL,120729.37500639695,0.0,0.9131882190704346,False
2010-12-16,119397.87170778301,TECL,120729.37500639695,0.0,0.9131882190704346,False
2010-12-17,120501.17445511342,TECL,120729.37500639695,0.0,0.9131882190704346,False
2010-12-20,120554.97198669123,TECL,120729.37500639695,0.0,0.9131882190704346,False
2010-12-21,123299.78307013857,TECL,120729.37500639695,0.0,0.9131882190704346,False
2010-12-22,122923.04203640061,TECL,120729.37500639695,0.0,0.9131882190704346,False
2010-12-23,122304.15454231041,TECL,120729.37500639695,0.0,0.9131882190704346,False
2010-12-27,123111.40535723808,TECL,120729.37500639695,0.0,0.9131882190704346,False
2010-12-28,122976.88274416751,TECL,120729.37500639695,0.0,0.9131882190704346,False
2010-12-29,123299.78307013857,TECL,120729.37500639695,0.0,0.9131882190704346,False
2010-12-30,122761.62065754113,TECL,120729.37500639695,0.0,0.9131882190704346,False
2010-12-31,122438.70593950704,TECL,120729.37500639695,0.0,0.9131882190704346,False
2011-01-03,125802.40451704459,TQQQ,328811.0223868135,0.0,0.3825978934764862,False
2011-01-04,125607.0352330905,TQQQ,328811.0223868135,0.0,0.3825978934764862,False
2011-01-05,128724.46735409467,TQQQ,328811.0223868135,0.0,0.3825978934764862,False
2011-01-06,129888.4026221999,TQQQ,328811.0223868135,0.0,0.3825978934764862,False
2011-01-07,129587.07316031556,TQQQ,328811.0223868135,0.0,0.3825978934764862,False
2011-01-10,131044.21424399935,TQQQ,328811.0223868135,0.0,0.3825978934764862,False
2011-01-11,131646.50079314847,TQQQ,328811.0223868135,0.0,0.3825978934764862,False
2011-01-12,134316.32882210414,TQQQ,328811.0223868135,0.0,0.3825978934764862,False
2011-01-13,134739.51297857487,TQQQ,328811.0223868135,0.0,0.3825978934764862,False
2011-01-14,137661.57581562494,TQQQ,328811.0223868135,0.0,0.3825978934764862,False
2011-01-18,138760.2181339892,TQQQ,328811.0223868135,0.0,0.3825978934764862,False
2011-01-19,134112.8554905085,TQQQ,328811.0223868135,0.0,0.3825978934764862,False
2011-01-20,131101.06996880757,TQQQ,328811.0223868135,0.0,0.3825978934764862,False
2011-01-21,128105.91391366985,TQQQ,328811.0223868135,0.0,0.3825978934764862,False
2011-01-24,133396.48511712337,TQQQ,328811.0223868135,0.0,0.3825978934764862,False
2011-01-25,133860.31690311918,TQQQ,328811.0223868135,0.0,0.3825978934764862,False
2011-01-26,135935.9820292315,TQQQ,328811.0223868135,0.0,0.3825978934764862,False
2011-01-27,138556.74480239354,TQQQ,328811.0223868135,0.0,0.3825978934764862,False
2011-01-28,128105.91391366985,TQQQ,328811.0223868135,0.0,0.3825978934764862,False
2011-01-31,130002.45704843962,TQQQ,328811.0223868135,0.0,0.3825978934764862,False
2011-02-01,137221.80138991942,TQQQ,328811.0223868135,0.0,0.39537134766578674,False
2011-02-02,136603.2577488267,TQQQ,328811.0223868135,0.0,0.39537134766578674,False
2011-02-03,137132.42168189186,TQQQ,328811.0223868135,0.0,0.39537134766578674,False
2011-02-04,139606.89022622554,TQQQ,328811.0223868135,0.0,0.39537134766578674,False
2011-02-07,141633.48029721214,TQQQ,328811.0223868135,0.0,0.39537134766578674,False
2011-02-08,144653.35026789043,TQQQ,328811.0223868135,0.0,0.39537134766578674,False
2011-02-09,143774.17379109893,TQQQ,328811.0223868135,0.0,0.39537134766578674,False
2011-02-10,144474.28707254044,TQQQ,328811.0223868135,0.0,0.39537134766578674,False
2011-02-11,147436.95834178722,TQQQ,328811.0223868135,0.0,0.39537134766578674,False
2011-02-14,148364.95509107003,TQQQ,328811.0223868135,0.0,0.39537134766578674,False
2011-02-15,147982.3597681318,TQQQ,328811.0223868135,0.0,0.39537134766578674,False
2011-02-16,150717.17696753357,TQQQ,328811.0223868135,0.0,0.39537134766578674,False
2011-02-17,150586.85565001814,TQQQ,328811.0223868135,0.0,0.39537134766578674,False
2011-02-18,149732.3440921067,TQQQ,328811.0223868135,0.0,0.39537134766578674,False
2011-02-22,136546.37262602217,TQQQ,328811.0223868135,0.0,0.39537134766578674,False
2011-02-23,133176.7546935841,TQQQ,328811.0223868135,0.0,0.39537134766578674,False
2011-02-24,135073.02344705525,TQQQ,328811.0223868135,0.0,0.39537134766578674,False
2011-02-25,140860.2346003546,TQQQ,328811.0223868135,0.0,0.39537134766578674,False
2011-02-28,141885.72490463863,TQQQ,328811.0223868135,0.0,0.39537134766578674,False
2011-03-01,135064.8998007495,TECL,120566.23655957711,0.0,1.1202547550201416,False
2011-03-02,136704.16845066167,TECL,120566.23655957711,0.0,1.1202547550201416,False
2011-03-03,143798.69263073054,TECL,120566.23655957711,0.0,1.1202547550201416,False
2011-03-04,141057.6192839417,TECL,120566.23655957711,0.0,1.1202547550201416,False
2011-03-07,135226.14617296786,TECL,120566.23655957711,0.0,1.1202547550201416,False
2011-03-08,137268.49482188743,TECL,120566.23655957711,0.0,1.1202547550201416,False
2011-03-09,134393.08063891664,TECL,120566.23655957711,0.0,1.1202547550201416,False
2011-03-10,126223.59980754594,TECL,120566.23655957711,0.0,1.1202547550201416,False
2011-03-11,128400.30366526284,TECL,120566.23655957711,0.0,1.1202547550201416,False
2011-03-14,127056.63659636634,TECL,120566.23655957711,0.0,1.1202547550201416,False
2011-03-15,115877.41241391168,CASH,0.0,115877.41241391168,,False
2011-03-16,115877.41241391168,CASH,0.0,115877.41241391168,,False
2011-03-17,115877.41241391168,CASH,0.0,115877.41241391168,,False
2011-03-18,115877.41241391168,CASH,0.0,115877.41241391168,,False
2011-03-21,115877.41241391168,CASH,0.0,115877.41241391168,,False
2011-03-22,115877.41241391168,CASH,0.0,115877.41241391168,,False
2011-03-23,115877.41241391168,CASH,0.0,115877.41241391168,,False
2011-03-24,115877.41241391168,CASH,0.0,115877.41241391168,,False
2011-03-25,115877.41241391168,CASH,0.0,115877.41241391168,,False
2011-03-28,115877.41241391168,CASH,0.0,115877.41241391168,,False
2011-03-29,115877.41241391168,CASH,0.0,115877.41241391168,,False
2011-03-30,115877.41241391168,CASH,0.0,115877.41241391168,,False
2011-03-31,115877.41241391168,CASH,0.0,115877.41241391168,,False
2011-04-01,115877.41241391168,TECL,108451.27512306841,0.0,1.0684744119644165,False
2011-04-04,113684.98857697469,TECL,108451.27512306841,0.0,1.0684744119644165,False
2011-04-05,113487.90805563242,TECL,108451.27512306841,0.0,1.0684744119644165,False
2011-04-06,115902.02808648026,TECL,108451.27512306841,0.0,1.0684744119644165,False
2011-04-07,116049.82554908752,TECL,108451.27512306841,0.0,1.0684744119644165,False
2011-04-08,114079.1108344609,TECL,108451.27512306841,0.0,1.0684744119644165,False
2011-04-11,113290.85339108904,TECL,108451.27512306841,0.0,1.0684744119644165,False
2011-04-12,110236.2733794766,TECL,108451.27512306841,0.0,1.0684744119644165,False
2011-04-13,112379.41415767855,TECL,108451.27512306841,0.0,1.0684744119644165,False
2011-04-14,111492.57766843718,TECL,108451.27512306841,0.0,1.0684744119644165,False
2011-04-15,110137.75897560437,TECL,108451.27512306841,0.0,1.0684744119644165,False
2011-04-18,104289.67117252051,CASH,0.0,104289.67117252051,,False
2011-04-19,104289.67117252051,CASH,0.0,104289.67117252051,,False
2011-04-20,104289.67117252051,CASH,0.0,104289.67117252051,,False
2011-04-21,104289.67117252051,CASH,0.0,104289.67117252051,,False
2011-04-25,104289.67117252051,CASH,0.0,104289.67117252051,,False
2011-04-26,104289.67117252051,CASH,0.0,104289.67117252051,,False
2011-04-27,104289.67117252051,CASH,0.0,104289.67117252051,,False
2011-04-28,104289.67117252051,CASH,0.0,104289.67117252051,,False
2011-04-29,104289.67117252051,CASH,0.0,104289.67117252051,,False
2011-05-02,104289.67117252051,TECL,90972.7393188643,0.0,1.1463837623596191,False
2011-05-03,103318.50887971299,TECL,90972.7393188643,0.0,1.1463837623596191,False
2011-05-04,102925.91643337597,TECL,90972.7393188643,0.0,1.1463837623596191,False
2011-05-05,101768.72251645681,TECL,90972.7393188643,0.0,1.1463837623596191,False
2011-05-06,102636.58813095822,TECL,90972.7393188643,0.0,1.1463837623596191,False
2011-05-09,103318.50887971299,TECL,90972.7393188643,0.0,1.1463837623596191,False
2011-05-10,106149.42348426442,TECL,90972.7393188643,0.0,1.1463837623596191,False
2011-05-11,103731.76066171122,TECL,90972.7393188643,0.0,1.1463837623596191,False
2011-05-12,105570.84279299827,TECL,90972.7393188643,0.0,1.1463837623596191,False
2011-05-13,101706.73366467751,TECL,90972.7393188643,0.0,1.1463837623596191,False
2011-05-16,96809.43001258743,TECL,90972.7393188643,0.0,1.1463837623596191,False
2011-05-17,93860.70405526846,CASH,0.0,93860.70405526846,,False
2011-05-18,93860.70405526846,CASH,0.0,93860.70405526846,,False
2011-05-19,93860.70405526846,CASH,0.0,93860.70405526846,,False
2011-05-20,93860.70405526846,CASH,0.0,93860.70405526846,,False
2011-05-23,93860.70405526846,CASH,0.0,93860.70405526846,,False
2011-05-24,93860.70405526846,CASH,0.0,93860.70405526846,,False
2011-05-25,93860.70405526846,CASH,0.0,93860.70405526846,,False
2011-05-26,93860.70405526846,CASH,0.0,93860.70405526846,,False
2011-05-27,93860.70405526846,CASH,0.0,93860.70405526846,,False
2011-05-31,93860.70405526846,CASH,0.0,93860.70405526846,,False
2011-06-01,93860.70405526846,TECL,90818.75607424411,0.0,1.0334947109222412,False
2011-06-02,94190.75888649664,TECL,90818.75607424411,0.0,1.0334947109222412,False
2011-06-03,90023.75439021431,TECL,90818.75607424411,0.0,1.0334947109222412,False
2011-06-06,88208.4311655805,TECL,90818.75607424411,0.0,1.0334947109222412,False
2011-06-07,87094.45551103768,TECL,90818.75607424411,0.0,1.0334947109222412,False
2011-06-08,84474.6336497416,CASH,0.0,84474.6336497416,,False
2011-06-09,84474.6336497416,CASH,0.0,84474.6336497416,,False
2011-06-10,84474.6336497416,CASH,0.0,84474.6336497416,,False
2011-06-13,84474.6336497416,CASH,0.0,84474.6336497416,,False
2011-06-14,84474.6336497416,CASH,0.0,84474.6336497416,,False
2011-06-15,84474.6336497416,CASH,0.0,84474.6336497416,,False
2011-06-16,84474.6336497416,CASH,0.0,84474.6336497416,,False
2011-06-17,84474.6336497416,CASH,0.0,84474.6336497416,,False
2011-06-20,84474.6336497416,CASH,0.0,84474.6336497416,,False
2011-06-21,84474.6336497416,CASH,0.0,84474.6336497416,,False
2011-06-22,84474.6336497416,CASH,0.0,84474.6336497416,,False
2011-06-23,84474.6336497416,CASH,0.0,84474.6336497416,,False
2011-06-24,84474.6336497416,CASH,0.0,84474.6336497416,,False
2011-06-27,84474.6336497416,CASH,0.0,84474.6336497416,,False
2011-06-28,84474.6336497416,CASH,0.0,84474.6336497416,,False
2011-06-29,84474.6336497416,CASH,0.0,84474.6336497416,,False
2011-06-30,84474.6336497416,CASH,0.0,84474.6336497416,,False
2011-07-01,84474.6336497416,TECL,80778.21025034809,0.0,1.045760154724121,False
2011-07-05,85263.59891337431,TECL,80778.21025034809,0.0,1.045760154724121,False
2011-07-06,86474.56795713495,TECL,80778.21025034809,0.0,1.045760154724121,False
2011-07-07,89832.29249384046,TECL,80778.21025034809,0.0,1.045760154724121,False
2011-07-08,88584.61574631368,TECL,80778.21025034809,0.0,1.045760154724121,False
2011-07-11,83979.22409159444,TECL,80778.21025034809,0.0,1.045760154724121,False
2011-07-12,81337.09755855464,TECL,80778.21025034809,0.0,1.045760154724121,False
2011-07-13,82034.36096936338,TECL,80778.21025034809,0.0,1.045760154724121,False
2011-07-14,79667.43628992606,TECL,80778.21025034809,0.0,1.045760154724121,False
2011-07-15,83061.83964185855,TECL,80778.21025034809,0.0,1.045760154724121,False
2011-07-18,82217.82245208966,TECL,80778.21025034809,0.0,1.045760154724121,False
2011-07-19,88896.53493319538,TECL,80778.21025034809,0.0,1.045760154724121,False
2011-07-20,87520.42937005236,TECL,80778.21025034809,0.0,1.045760154724121,False
2011-07-21,88639.65804293679,TECL,80778.21025034809,0.0,1.045760154724121,False
2011-07-22,92162.48058097246,TECL,80778.21025034809,0.0,1.045760154724121,False
2011-07-25,91575.35954048827,TECL,80778.21025034809,0.0,1.045760154724121,False
2011-07-26,92639.54591674959,TECL,80778.21025034809,0.0,1.045760154724121,False
2011-07-27,84162.72409237296,TECL,80778.21025034809,0.0,1.045760154724121,False
2011-07-28,84694.80283623404,TECL,80778.21025034809,0.0,1.045760154724121,False
2011-07-29,82768.27430685992,TECL,80778.21025034809,0.0,1.045760154724121,False
2011-08-01,82346.24163819285,TECL,80778.21025034809,0.0,1.024636149406433,False
2011-08-02,76658.31938484228,TECL,80778.21025034809,0.0,1.024636149406433,False
2011-08-03,74491.44687617394,CASH,0.0,74491.44687617394,,False
2011-08-04,74491.44687617394,CASH,0.0,74491.44687617394,,False
2011-08-05,74491.44687617394,CASH,0.0,74491.44687617394,,False
2011-08-08,74491.44687617394,CASH,0.0,74491.44687617394,,False
2011-08-09,74491.44687617394,CASH,0.0,74491.44687617394,,False
2011-08-10,74491.44687617394,CASH,0.0,74491.44687617394,,False
2011-08-11,74491.44687617394,CASH,0.0,74491.44687617394,,False
2011-08-12,74491.44687617394,CASH,0.0,74491.44687617394,,False
2011-08-15,74491.44687617394,CASH,0.0,74491.44687617394,,False
2011-08-16,74491.44687617394,CASH,0.0,74491.44687617394,,False
2011-08-17,74491.44687617394,CASH,0.0,74491.44687617394,,False
2011-08-18,74491.44687617394,CASH,0.0,74491.44687617394,,False
2011-08-19,74491.44687617394,CASH,0.0,74491.44687617394,,False
2011-08-22,74491.44687617394,CASH,0.0,74491.44687617394,,False
2011-08-23,74491.44687617394,CASH,0.0,74491.44687617394,,False
2011-08-24,74491.44687617394,CASH,0.0,74491.44687617394,,False
2011-08-25,74491.44687617394,CASH,0.0,74491.44687617394,,False
2011-08-26,74491.44687617394,CASH,0.0,74491.44687617394,,False
2011-08-29,74491.44687617394,CASH,0.0,74491.44687617394,,False
2011-08-30,74491.44687617394,CASH,0.0,74491.44687617394,,False
2011-08-31,74491.44687617394,CASH,0.0,74491.44687617394,,False
2011-09-01,74491.44687617394,GLD,418.79714915995896,0.0,177.8699951171875,False
2011-09-02,76740.39191259233,GLD,418.79714915995896,0.0,177.8699951171875,False
2011-09-06,76597.99602522155,GLD,418.79714915995896,0.0,177.8699951171875,False
2011-09-07,74160.59994008602,GLD,418.79714915995896,0.0,177.8699951171875,False
2011-09-08,76141.50866631816,GLD,418.79714915995896,0.0,177.8699951171875,False
2011-09-09,75676.64357513712,GLD,418.79714915995896,0.0,177.8699951171875,False
2011-09-12,73988.89157524946,GLD,418.79714915995896,0.0,177.8699951171875,False
2011-09-13,74772.04019927063,GLD,418.79714915995896,0.0,177.8699951171875,False
2011-09-14,74215.04561438477,GLD,418.79714915995896,0.0,177.8699951171875,False
2011-09-15,73038.2202573619,GLD,418.79714915995896,0.0,177.8699951171875,False
2011-09-16,73720.86165540059,GLD,418.79714915995896,0.0,177.8699951171875,False
2011-09-19,72581.7328984585,GLD,418.79714915995896,0.0,177.8699951171875,False
2011-09-20,73616.1623681106,GLD,418.79714915995896,0.0,177.8699951171875,False
2011-09-21,72698.99558899632,GLD,418.79714915995896,0.0,177.8699951171875,False
2011-09-22,70797.65934355854,GLD,418.79714915995896,0.0,177.8699951171875,False
2011-09-23,67042.30218855655,CASH,0.0,67042.30218855655,,False
2011-09-26,67042.30218855655,CASH,0.0,67042.30218855655,,False
2011-09-27,67042.30218855655,CASH,0.0,67042.30218855655,,False
2011-09-28,67042.30218855655,CASH,0.0,67042.30218855655,,False
2011-09-29,67042.30218855655,CASH,0.0,67042.30218855655,,False
2011-09-30,67042.30218855655,CASH,0.0,67042.30218855655,,False
2011-10-03,67042.30218855655,GLD,416.51527952365984,0.0,160.9600067138672,False
2011-10-04,65659.46840988898,GLD,416.51527952365984,0.0,160.9600067138672,False
2011-10-05,66417.52926927106,GLD,416.51527952365984,0.0,160.9600067138672,False
2011-10-06,66846.53949873893,GLD,416.51527952365984,0.0,160.9600067138672,False
2011-10-07,66300.89914392715,GLD,416.51527952365984,0.0,160.9600067138672,False
2011-10-10,68004.4514673732,GLD,416.51527952365984,0.0,160.9600067138672,False
2011-10-11,67517.12935299278,GLD,416.51527952365984,0.0,160.9600067138672,False
2011-10-12,68000.28224704594,GLD,416.51527952365984,0.0,160.9600067138672,False
2011-10-13,67600.43113779376,GLD,416.51527952365984,0.0,160.9600067138672,False
2011-10-14,68058.5941319585,GLD,416.51527952365984,0.0,160.9600067138672,False
2011-10-17,67733.71272237155,GLD,416.51527952365984,0.0,160.9600067138672,False
2011-10-18,67408.8313127846,GLD,416.51527952365984,0.0,160.9600067138672,False
2011-10-19,66588.29570368149,GLD,416.51527952365984,0.0,160.9600067138672,False
2011-10-20,65713.61742999307,GLD,416.51527952365984,0.0,160.9600067138672,False
2011-10-21,66442.51916915948,GLD,416.51527952365984,0.0,160.9600067138672,False
2011-10-24,67067.29208844497,GLD,416.51527952365984,0.0,160.9600067138672,False
2011-10-25,68970.76361099833,GLD,416.51527952365984,0.0,160.9600067138672,False
2011-10-26,69724.65525005314,GLD,416.51527952365984,0.0,160.9600067138672,False
2011-10-27,70620.16691434028,GLD,416.51527952365984,0.0,160.9600067138672,False
2011-10-28,70649.31967903717,GLD,416.51527952365984,0.0,160.9600067138672,False
2011-10-31,69699.66535016472,GLD,416.51527952365984,0.0,160.9600067138672,False
2011-11-01,69716.3295204362,IEF,914.7256855290277,0.0,76.21555907235299,False
2011-11-02,69549.56118525447,IEF,914.7256855290277,0.0,76.21555907235299,False
2011-11-03,69222.87318707825,IEF,914.7256855290277,0.0,76.21555907235299,False
2011-11-04,69429.58624442079,IEF,914.7256855290277,0.0,76.21555907235299,False
2011-11-07,69509.63757924635,IEF,914.7256855290277,0.0,76.21555907235299,False
2011-11-08,69196.14717649769,IEF,914.7256855290277,0.0,76.21555907235299,False
2011-11-09,69809.68403145272,IEF,914.7256855290277,0.0,76.21555907235299,False
2011-11-10,69469.57319888697,IEF,914.7256855290277,0.0,76.21555907235299,False
2011-11-11,69149.44528547795,IEF,914.7256855290277,0.0,76.21555907235299,False
2011-11-14,69582.93878393053,IEF,914.7256855290277,0.0,76.21555907235299,False
2011-11-15,69489.59131163152,IEF,914.7256855290277,0.0,76.21555907235299,False
2011-11-16,69743.04849229916,IEF,914.7256855290277,0.0,76.21555907235299,False
2011-11-17,69883.01339100717,IEF,914.7256855290277,0.0,76.21555907235299,False
2011-11-18,69622.9609319845,IEF,914.7256855290277,0.0,76.21555907235299,False
2011-11-21,69816.34969698336,IEF,914.7256855290277,0.0,76.21555907235299,False
2011-11-22,70029.7706521619,IEF,914.7256855290277,0.0,76.21555907235299,False
2011-11-23,70269.88242433316,IEF,914.7256855290277,0.0,76.21555907235299,False
2011-11-25,69823.02943994911,IEF,914.7256855290277,0.0,76.21555907235299,False
2011-11-28,69829.70214419729,IEF,914.7256855290277,0.0,76.21555907235299,False
2011-11-29,69696.34660127944,IEF,914.7256855290277,0.0,76.21555907235299,False
2011-11-30,69289.58615212499,IEF,914.7256855290277,0.0,76.21555907235299,False
2011-12-01,69269.47653605213,IEF,914.7256855290277,0.0,75.7490330142546,False
2011-12-02,69576.80806093455,IEF,914.7256855290277,0.0,75.7490330142546,False
2011-12-05,69536.70144826983,IEF,914.7256855290277,0.0,75.7490330142546,False
2011-12-06,69356.35542691221,IEF,914.7256855290277,0.0,75.7490330142546,False
2011-12-07,69670.38077219551,IEF,914.7256855290277,0.0,75.7490330142546,False
2011-12-08,70024.49865270843,IEF,914.7256855290277,0.0,75.7490330142546,False
2011-12-09,69543.51492686923,IEF,914.7256855290277,0.0,75.7490330142546,False
2011-12-12,69783.97863491859,IEF,914.7256855290277,0.0,75.7490330142546,False
2011-12-13,70104.73299419056,IEF,914.7256855290277,0.0,75.7490330142546,False
2011-12-14,70398.72614929419,IEF,914.7256855290277,0.0,75.7490330142546,False
2011-12-15,70338.55215286197,IEF,914.7256855290277,0.0,75.7490330142546,False
2011-12-16,70679.36685718386,IEF,914.7256855290277,0.0,75.7490330142546,False
2011-12-19,70919.89391369127,IEF,914.7256855290277,0.0,75.7490330142546,False
2011-12-20,70278.44150488779,IEF,914.7256855290277,0.0,75.7490330142546,False
2011-12-21,70051.28097302947,IEF,914.7256855290277,0.0,75.7490330142546,False
2011-12-22,70138.11059286662,IEF,914.7256855290277,0.0,75.7490330142546,False
2011-12-23,69850.76902585849,IEF,914.7256855290277,0.0,75.7490330142546,False
2011-12-27,69890.2984636832,IEF,914.7256855290277,0.0,75.7490330142546,False
2011-12-28,70332.07653270551,IEF,914.7256855290277,0.0,75.7490330142546,False
2011-12-29,70419.11027535194,IEF,914.7256855290277,0.0,75.7490330142546,False
2011-12-30,70666.78163018412,IEF,914.7256855290277,0.0,75.7490330142546,False
2012-01-03,70218.27454717315,GLD,450.34809756147473,0.0,155.9199981689453,False
2012-01-04,70574.05339243602,GLD,450.34809756147473,0.0,155.9199981689453,False
2012-01-05,71055.92228350816,GLD,450.34809756147473,0.0,155.9199981689453,False
2012-01-06,70794.7195623105,GLD,450.34809756147473,0.0,155.9199981689453,False
2012-01-09,70479.4772683708,GLD,450.34809756147473,0.0,155.9199981689453,False
2012-01-10,71443.2219222817,GLD,450.34809756147473,0.0,155.9199981689453,False
2012-01-11,71907.07991302868,GLD,450.34809756147473,0.0,155.9199981689453,False
2012-01-12,72226.83008587464,GLD,450.34809756147473,0.0,155.9199981689453,False
2012-01-13,71722.43554380449,GLD,450.34809756147473,0.0,155.9199981689453,False
2012-01-17,72280.86965861669,GLD,450.34809756147473,0.0,155.9199981689453,False
2012-01-18,72776.25531464096,GLD,450.34809756147473,0.0,155.9199981689453,False
2012-01-19,72605.12083860229,GLD,450.34809756147473,0.0,155.9199981689453,False
2012-01-20,72987.91947023619,GLD,450.34809756147473,0.0,155.9199981689453,False
2012-01-23,73478.7972473542,GLD,450.34809756147473,0.0,155.9199981689453,False
2012-01-24,72960.89281209854,GLD,450.34809756147473,0.0,155.9199981689453,False
2012-01-25,74946.92957156863,GLD,450.34809756147473,0.0,155.9199981689453,False
2012-01-26,75329.72820320254,GLD,450.34809756147473,0.0,155.9199981689453,False
2012-01-27,76095.31859470371,GLD,450.34809756147473,0.0,155.9199981689453,False
2012-01-30,75671.99028351327,GLD,450.34809756147473,0.0,155.9199981689453,False
2012-01-31,76248.43529865063,GLD,450.34809756147473,0.0,155.9199981689453,False
2012-02-01,76361.02232304099,TQQQ,174538.7543354679,0.0,0.43750181794166565,False
2012-02-02,77147.42492096602,TQQQ,174538.7543354679,0.0,0.43750181794166565,False
2012-02-03,80215.08323252156,TQQQ,174538.7543354679,0.0,0.43750181794166565,False
2012-02-06,80137.27159720303,TQQQ,174538.7543354679,0.0,0.43750181794166565,False
2012-02-07,80482.84909596776,TQQQ,174538.7543354679,0.0,0.43750181794166565,False
2012-02-08,81822.23499084293,TQQQ,174538.7543354679,0.0,0.43750181794166565,False
2012-02-09,83636.95379881673,TQQQ,174538.7543354679,0.0,0.43750181794166565,False
2012-02-10,81848.11845212677,TQQQ,174538.7543354679,0.0,0.43750181794166565,False
2012-02-13,84051.7133785853,TQQQ,174538.7543354679,0.0,0.43750181794166565,False
2012-02-14,84786.20340745633,TQQQ,174538.7543354679,0.0,0.43750181794166565,False
2012-02-15,82893.67296416401,TQQQ,174538.7543354679,0.0,0.43750181794166565,False
2012-02-16,86358.84215017917,TQQQ,174538.7543354679,0.0,0.43750181794166565,False
2012-02-17,85624.37292794905,TQQQ,174538.7543354679,0.0,0.43750181794166565,False
2012-02-21,86350.20739420426,TQQQ,174538.7543354679,0.0,0.43750181794166565,False
2012-02-22,85209.58733987935,TQQQ,174538.7543354679,0.0,0.43750181794166565,False
2012-02-23,86825.37905583587,TQQQ,174538.7543354679,0.0,0.43750181794166565,False
2012-02-24,87672.33938211028,TQQQ,174538.7543354679,0.0,0.43750181794166565,False
2012-02-27,88095.72331453332,TQQQ,174538.7543354679,0.0,0.43750181794166565,False
2012-02-28,90731.18608124323,TQQQ,174538.7543354679,0.0,0.43750181794166565,False
2012-02-29,89538.79910435063,TQQQ,174538.7543354679,0.0,0.43750181794166565,False
2012-03-01,91716.35972137876,TQQQ,174538.7543354679,0.0,0.5130023956298828,False
2012-03-02,91439.77704384974,TQQQ,174538.7543354679,0.0,0.5130023956298828,False
2012-03-05,88588.14368147386,TQQQ,174538.7543354679,0.0,0.5130023956298828,False
2012-03-06,86047.76726369253,TQQQ,174538.7543354679,0.0,0.5130023956298828,False
2012-03-07,88000.688982207,TQQQ,174538.7543354679,0.0,0.5130023956298828,False
2012-03-08,90791.75421291305,TQQQ,174538.7543354679,0.0,0.5130023956298828,False
2012-03-09,91889.07564751795,TQQQ,174538.7543354679,0.0,0.5130023956298828,False
2012-03-12,92036.06416218009,TQQQ,174538.7543354679,0.0,0.5130023956298828,False
2012-03-13,97220.69415245303,TQQQ,174538.7543354679,0.0,0.5130023956298828,False
2012-03-14,98309.40163772392,TQQQ,174538.7543354679,0.0,0.5130023956298828,False
2012-03-15,99061.11436360276,TQQQ,174538.7543354679,0.0,0.5130023956298828,False
2012-03-16,98845.12062438446,TQQQ,174538.7543354679,0.0,0.5130023956298828,False
2012-03-19,100996.77697348784,TQQQ,174538.7543354679,0.0,0.5130023956298828,False
2012-03-20,101549.75506877775,TQQQ,174538.7543354679,0.0,0.5130023956298828,False
2012-03-21,101515.23685151899,TQQQ,174538.7543354679,0.0,0.5130023956298828,False
2012-03-22,100901.70102787971,TQQQ,174538.7543354679,0.0,0.5130023956298828,False
2012-03-23,100763.4721090379,TQQQ,174538.7543354679,0.0,0.5130023956298828,False
2012-03-26,106025.9397429305,TQQQ,174538.7543354679,0.0,0.5130023956298828,False
2012-03-27,106431.91892023782,TQQQ,174538.7543354679,0.0,0.5130023956298828,False
2012-03-28,105187.62977761167,TQQQ,174538.7543354679,0.0,0.5130023956298828,False
2012-03-29,104107.56745163613,TQQQ,174538.7543354679,0.0,0.5130023956298828,False
2012-03-30,103381.69657375934,TQQQ,174538.7543354679,0.0,0.5130023956298828,False
2012-04-02,106535.64002514131,TQQQ,174538.7543354679,0.0,0.5923137068748474,False
2012-04-03,106544.430830923,TQQQ,174538.7543354679,0.0,0.5923137068748474,False
2012-04-04,102197.97556280303,TQQQ,174538.7543354679,0.0,0.5923137068748474,False
2012-04-05,104064.42488172291,TQQQ,174538.7543354679,0.0,0.5923137068748474,False
2012-04-09,101670.8705254765,TQQQ,174538.7543354679,0.0,0.5923137068748474,False
2012-04-10,96762.6047430031,TQQQ,174538.7543354679,0.0,0.5923137068748474,False
2012-04-11,98162.58997950946,TQQQ,174538.7543354679,0.0,0.5923137068748474,False
2012-04-12,101454.66871984917,TQQQ,174538.7543354679,0.0,0.5923137068748474,False
2012-04-13,96866.31544458616,TQQQ,174538.7543354679,0.0,0.5923137068748474,False
2012-04-16,93043.5269163834,CASH,0.0,93043.5269163834,,False
2012-04-17,93043.5269163834,CASH,0.0,93043.5269163834,,False
2012-04-18,93043.5269163834,CASH,0.0,93043.5269163834,,False
2012-04-19,93043.5269163834,CASH,0.0,93043.5269163834,,False
2012-04-20,93043.5269163834,CASH,0.0,93043.5269163834,,False
2012-04-23,93043.5269163834,CASH,0.0,93043.5269163834,,False
2012-04-24,93043.5269163834,CASH,0.0,93043.5269163834,,False
2012-04-25,93043.5269163834,CASH,0.0,93043.5269163834,,False
2012-04-26,93043.5269163834,CASH,0.0,93043.5269163834,,False
2012-04-27,93043.5269163834,CASH,0.0,93043.5269163834,,False
2012-04-30,93043.5269163834,CASH,0.0,93043.5269163834,,False
2012-05-01,93043.5269163834,TECL,67864.104291979,0.0,1.3710271120071411,False
2012-05-02,93660.11676927884,TECL,67864.104291979,0.0,1.3710271120071411,False
2012-05-03,90977.9557632027,TECL,67864.104291979,0.0,1.3710271120071411,False
2012-05-04,84657.89359096116,TECL,67864.104291979,0.0,1.3710271120071411,False
2012-05-07,82746.4575946097,CASH,0.0,82746.4575946097,,False
2012-05-08,82746.4575946097,CASH,0.0,82746.4575946097,,False
2012-05-09,82746.4575946097,CASH,0.0,82746.4575946097,,False
2012-05-10,82746.4575946097,CASH,0.0,82746.4575946097,,False
2012-05-11,82746.4575946097,CASH,0.0,82746.4575946097,,False
2012-05-14,82746.4575946097,CASH,0.0,82746.4575946097,,False
2012-05-15,82746.4575946097,CASH,0.0,82746.4575946097,,False
2012-05-16,82746.4575946097,CASH,0.0,82746.4575946097,,False
2012-05-17,82746.4575946097,CASH,0.0,82746.4575946097,,False
2012-05-18,82746.4575946097,CASH,0.0,82746.4575946097,,False
2012-05-21,82746.4575946097,CASH,0.0,82746.4575946097,,False
2012-05-22,82746.4575946097,CASH,0.0,82746.4575946097,,False
2012-05-23,82746.4575946097,CASH,0.0,82746.4575946097,,False
2012-05-24,82746.4575946097,CASH,0.0,82746.4575946097,,False
2012-05-25,82746.4575946097,CASH,0.0,82746.4575946097,,False
2012-05-29,82746.4575946097,CASH,0.0,82746.4575946097,,False
2012-05-30,82746.4575946097,CASH,0.0,82746.4575946097,,False
2012-05-31,82746.4575946097,CASH,0.0,82746.4575946097,,False
2012-06-01,82746.4575946097,TECL,85655.86556152292,0.0,0.9660337567329407,False
2012-06-04,83271.74077533306,TECL,85655.86556152292,0.0,0.9660337567329407,False
2012-06-05,85197.90333817975,TECL,85655.86556152292,0.0,0.9660337567329407,False
2012-06-06,91715.6605025043,TECL,85655.86556152292,0.0,0.9660337567329407,False
2012-06-07,90295.35474067282,TECL,85655.86556152292,0.0,0.9660337567329407,False
2012-06-08,92999.76207041883,TECL,85655.86556152292,0.0,0.9660337567329407,False
2012-06-11,87941.18384929182,TECL,85655.86556152292,0.0,0.9660337567329407,False
2012-06-12,90956.87274823774,TECL,85655.86556152292,0.0,0.9660337567329407,False
2012-06-13,89147.4675776501,TECL,85655.86556152292,0.0,0.9660337567329407,False
2012-06-14,89439.29723970467,TECL,85655.86556152292,0.0,0.9660337567329407,False
2012-06-15,93058.09736990511,TECL,85655.86556152292,0.0,0.9660337567329407,False
2012-06-18,94867.51275146764,TECL,85655.86556152292,0.0,0.9660337567329407,False
2012-06-19,97435.7260982716,TECL,85655.86556152292,0.0,0.9660337567329407,False
2012-06-20,98155.58961629769,TECL,85655.86556152292,0.0,0.9660337567329407,False
2012-06-21,90334.28918788815,TECL,85655.86556152292,0.0,0.9660337567329407,False
2012-06-22,93252.68791818271,TECL,85655.86556152292,0.0,0.9660337567329407,False
2012-06-25,86929.46003628652,TECL,85655.86556152292,0.0,0.9660337567329407,False
2012-06-26,87688.28863445256,TECL,85655.86556152292,0.0,0.9660337567329407,False
2012-06-27,89575.49122264673,TECL,85655.86556152292,0.0,0.9660337567329407,False
2012-06-28,86754.36223905376,TECL,85655.86556152292,0.0,0.9660337567329407,False
2012-06-29,94089.27309005575,TECL,85655.86556152292,0.0,0.9660337567329407,False
2012-07-02,95353.91253985008,TECL,85655.86556152292,0.0,1.098456859588623,False
2012-07-03,97455.18821639182,TECL,85655.86556152292,0.0,1.098456859588623,False
2012-07-05,97766.45957461686,TECL,85655.86556152292,0.0,1.098456859588623,False
2012-07-06,93252.68791818271,TECL,85655.86556152292,0.0,1.098456859588623,False
2012-07-09,92707.90177543962,TECL,85655.86556152292,0.0,1.098456859588623,False
2012-07-10,89789.50304514504,TECL,85655.86556152292,0.0,1.098456859588623,False
2012-07-11,88427.59384864912,TECL,85655.86556152292,0.0,1.098456859588623,False
2012-07-12,84680.34578105019,CASH,0.0,84680.34578105019,,False
2012-07-13,84680.34578105019,CASH,0.0,84680.34578105019,,False
2012-07-16,84680.34578105019,CASH,0.0,84680.34578105019,,False
2012-07-17,84680.34578105019,CASH,0.0,84680.34578105019,,False
2012-07-18,84680.34578105019,CASH,0.0,84680.34578105019,,False
2012-07-19,84680.34578105019,CASH,0.0,84680.34578105019,,False
2012-07-20,84680.34578105019,CASH,0.0,84680.34578105019,,False
2012-07-23,84680.34578105019,CASH,0.0,84680.34578105019,,False
2012-07-24,84680.34578105019,CASH,0.0,84680.34578105019,,False
2012-07-25,84680.34578105019,CASH,0.0,84680.34578105019,,False
2012-07-26,84680.34578105019,CASH,0.0,84680.34578105019,,False
2012-07-27,84680.34578105019,CASH,0.0,84680.34578105019,,False
2012-07-30,84680.34578105019,CASH,0.0,84680.34578105019,,False
2012-07-31,84680.34578105019,CASH,0.0,84680.34578105019,,False
2012-08-01,84680.34578105019,TQQQ,168882.0659978788,0.0,0.5014170408248901,False
2012-08-02,83794.04595002052,TQQQ,168882.0659978788,0.0,0.5014170408248901,False
2012-08-03,88559.91259416414,TQQQ,168882.0659978788,0.0,0.5014170408248901,False
2012-08-06,90549.88081922929,TQQQ,168882.0659978788,0.0,0.5014170408248901,False
2012-08-07,92790.56678064648,TQQQ,168882.0659978788,0.0,0.5014170408248901,False
2012-08-08,92639.98715973308,TQQQ,168882.0659978788,0.0,0.5014170408248901,False
2012-08-09,93425.93245297972,TQQQ,168882.0659978788,0.0,0.5014170408248901,False
2012-08-10,93810.59045511649,TQQQ,168882.0659978788,0.0,0.5014170408248901,False
2012-08-13,94379.16718535732,TQQQ,168882.0659978788,0.0,0.5014170408248901,False
2012-08-14,94512.89606187544,TQQQ,168882.0659978788,0.0,0.5014170408248901,False
2012-08-15,95181.85249528817,TQQQ,168882.0659978788,0.0,0.5014170408248901,False
2012-08-16,98593.12161977767,TQQQ,168882.0659978788,0.0,0.5014170408248901,False
2012-08-17,99947.54298170962,TQQQ,168882.0659978788,0.0,0.5014170408248901,False
2012-08-20,100332.17078537973,TQQQ,168882.0659978788,0.0,0.5014170408248901,False
2012-08-21,99178.41823439159,TQQQ,168882.0659978788,0.0,0.5014170408248901,False
2012-08-22,100248.54116504759,TQQQ,168882.0659978788,0.0,0.5014170408248901,False
2012-08-23,98024.53482338128,TQQQ,168882.0659978788,0.0,0.5014170408248901,False
2012-08-24,99763.55379051669,TQQQ,168882.0659978788,0.0,0.5014170408248901,False
2012-08-27,100248.54116504759,TQQQ,168882.0659978788,0.0,0.5014170408248901,False
2012-08-28,100231.86154529669,TQQQ,168882.0659978788,0.0,0.5014170408248901,False
2012-08-29,100265.22078479847,TQQQ,168882.0659978788,0.0,0.5014170408248901,False
2012-08-30,97205.2000921662,TQQQ,168882.0659978788,0.0,0.5014170408248901,False
2012-08-31,99278.78787140794,TQQQ,168882.0659978788,0.0,0.5014170408248901,False
2012-09-04,98860.57937281391,TECL,76451.36333479006,0.0,1.2931172847747803,False
2012-09-05,98634.8235953159,TECL,76451.36333479006,0.0,1.2931172847747803,False
2012-09-06,105094.7598686701,TECL,76451.36333479006,0.0,1.2931172847747803,False
2012-09-07,104677.9624453801,TECL,76451.36333479006,0.0,1.2931172847747803,False
2012-09-10,101465.37871569413,TECL,76451.36333479006,0.0,1.2931172847747803,False
2012-09-11,102229.454161735,TECL,76451.36333479006,0.0,1.2931172847747803,False
2012-09-12,103566.5816354502,TECL,76451.36333479006,0.0,1.2931172847747803,False
2012-09-13,107907.88957035,TECL,76451.36333479006,0.0,1.2931172847747803,False
2012-09-14,109505.52340812006,TECL,76451.36333479006,0.0,1.2931172847747803,False
2012-09-17,109731.25184447996,TECL,76451.36333479006,0.0,1.2931172847747803,False
2012-09-18,109852.81965829636,TECL,76451.36333479006,0.0,1.2931172847747803,False
2012-09-19,110252.20989031346,TECL,76451.36333479006,0.0,1.2931172847747803,False
2012-09-20,109713.90844919601,TECL,76451.36333479006,0.0,1.2931172847747803,False
2012-09-21,110061.19558565959,TECL,76451.36333479006,0.0,1.2931172847747803,False
2012-09-24,107838.44307951254,TECL,76451.36333479006,0.0,1.2931172847747803,False
2012-09-25,103462.4210129067,TECL,76451.36333479006,0.0,1.2931172847747803,False
2012-09-26,101187.54718378071,TECL,76451.36333479006,0.0,1.2931172847747803,False
2012-09-27,105320.47007760456,TECL,76451.36333479006,0.0,1.2931172847747803,False
2012-09-28,102802.51530312203,TECL,76451.36333479006,0.0,1.2931172847747803,False
2012-10-01,102212.11076645106,TQQQ,170963.75330080837,0.0,0.5978583693504333,False
2012-10-02,102872.3767743139,TQQQ,170963.75330080837,0.0,0.5978583693504333,False
2012-10-03,104819.08846589172,TQQQ,170963.75330080837,0.0,0.5978583693504333,False
2012-10-04,106037.9117582097,TQQQ,170963.75330080837,0.0,0.5978583693504333,False
2012-10-05,104209.68191484963,TQQQ,170963.75330080837,0.0,0.5978583693504333,False
2012-10-08,101450.40098125892,TQQQ,170963.75330080837,0.0,0.5978583693504333,False
2012-10-09,96236.60862611815,TQQQ,170963.75330080837,0.0,0.5978583693504333,False
2012-10-10,95068.49193711414,TQQQ,170963.75330080837,0.0,0.5978583693504333,False
2012-10-11,94222.13187987033,TQQQ,170963.75330080837,0.0,0.5978583693504333,False
2012-10-12,94205.22628202107,TQQQ,170963.75330080837,0.0,0.5978583693504333,False
2012-10-15,96084.15253846133,TQQQ,170963.75330080837,0.0,0.5978583693504333,False
2012-10-16,100265.39907487323,TQQQ,170963.75330080837,0.0,0.5978583693504333,False
2012-10-17,99960.70089446908,TQQQ,170963.75330080837,0.0,0.5978583693504333,False
2012-10-18,96541.33737722367,TQQQ,170963.75330080837,0.0,0.5978583693504333,False
2012-10-19,91990.89968980596,CASH,0.0,91990.89968980596,,False
2012-10-22,91990.89968980596,CASH,0.0,91990.89968980596,,False
2012-10-23,91990.89968980596,CASH,0.0,91990.89968980596,,False
2012-10-24,91990.89968980596,CASH,0.0,91990.89968980596,,False
2012-10-25,91990.89968980596,CASH,0.0,91990.89968980596,,False
2012-10-26,91990.89968980596,CASH,0.0,91990.89968980596,,False
2012-10-31,91990.89968980596,CASH,0.0,91990.89968980596,,False
2012-11-01,91990.89968980596,GLD,553.9284376028958,0.0,166.07000732421875,False
2012-11-02,90068.76733514173,GLD,553.9284376028958,0.0,166.07000732421875,False
2012-11-05,90417.73650328307,GLD,553.9284376028958,0.0,166.07000732421875,False
2012-11-06,92118.300863817,GLD,553.9284376028958,0.0,166.07000732421875,False
2012-11-07,92223.5486193259,GLD,553.9284376028958,0.0,166.07000732421875,False
2012-11-08,93054.44127573025,GLD,553.9284376028958,0.0,166.07000732421875,False
2012-11-09,92960.27445561101,GLD,553.9284376028958,0.0,166.07000732421875,False
2012-11-12,92755.31518614946,GLD,553.9284376028958,0.0,166.07000732421875,False
2012-11-13,92561.44530435475,GLD,553.9284376028958,0.0,166.07000732421875,False
2012-11-14,92583.59872285691,GLD,553.9284376028958,0.0,166.07000732421875,False
2012-11-15,92001.97217291844,GLD,553.9284376028958,0.0,166.07000732421875,False
2012-11-16,91885.65193429704,GLD,553.9284376028958,0.0,166.07000732421875,False
2012-11-19,92987.96411566941,GLD,553.9284376028958,0.0,166.07000732421875,False
2012-11-20,92722.08083225763,GLD,553.9284376028958,0.0,166.07000732421875,False
2012-11-21,92816.24765237687,GLD,553.9284376028958,0.0,166.07000732421875,False
2012-11-23,93951.80263991824,GLD,553.9284376028958,0.0,166.07000732421875,False
2012-11-26,93852.09112596558,GLD,553.9284376028958,0.0,166.07000732421875,False
2012-11-27,93453.2704269865,GLD,553.9284376028958,0.0,166.07000732421875,False
2012-11-28,92256.78297321773,GLD,553.9284376028958,0.0,166.07000732421875,False
2012-11-29,92605.75214135907,GLD,553.9284376028958,0.0,166.07000732421875,False
2012-11-30,91979.81875441628,GLD,553.9284376028958,0.0,166.07000732421875,False
2012-12-03,92024.13404369778,TECL,82833.74093075597,0.0,1.1109498739242554,False
2012-12-04,91384.42110533445,TECL,82833.74093075597,0.0,1.1109498739242554,False
2012-12-05,88675.05156478137,TECL,82833.74093075597,0.0,1.1109498739242554,False
2012-12-06,90368.40876194598,TECL,82833.74093075597,0.0,1.1109498739242554,False
2012-12-07,88994.92778306585,TECL,82833.74093075597,0.0,1.1109498739242554,False
2012-12-10,89747.52659311616,TECL,82833.74093075597,0.0,1.1109498739242554,False
2012-12-11,93359.96335806229,TECL,82833.74093075597,0.0,1.1109498739242554,False
2012-12-12,92739.09106378388,TECL,82833.74093075597,0.0,1.1109498739242554,False
2012-12-13,90838.79289277883,TECL,82833.74093075597,0.0,1.1109498739242554,False
2012-12-14,88167.01576943291,TECL,82833.74093075597,0.0,1.1109498739242554,False
2012-12-17,91384.42110533445,TECL,82833.74093075597,0.0,1.1109498739242554,False
2012-12-18,95297.92306813436,TECL,82833.74093075597,0.0,1.1109498739242554,False
2012-12-19,93980.86527599492,TECL,82833.74093075597,0.0,1.1109498739242554,False
2012-12-20,94470.07030180987,TECL,82833.74093075597,0.0,1.1109498739242554,False
2012-12-21,92080.54735588704,TECL,82833.74093075597,0.0,1.1109498739242554,False
2012-12-24,91045.78323937632,TECL,82833.74093075597,0.0,1.1109498739242554,False
2012-12-26,89653.43199275706,TECL,82833.74093075597,0.0,1.1109498739242554,False
2012-12-27,89295.92385905978,TECL,82833.74093075597,0.0,1.1109498739242554,False
2012-12-28,86398.45398875116,TECL,82833.74093075597,0.0,1.1109498739242554,False
2012-12-31,91685.46655408542,TECL,82833.74093075597,0.0,1.1109498739242554,False
2013-01-02,99907.61052879533,TQQQ,178269.50802497318,0.0,0.5604301691055298,False
2013-01-03,98460.32770129584,TQQQ,178269.50802497318,0.0,0.5604301691055298,False
2013-01-04,97489.5327218615,TQQQ,178269.50802497318,0.0,0.5604301691055298,False
2013-01-07,97595.43898106951,TQQQ,178269.50802497318,0.0,0.5604301691055298,False
2013-01-08,97030.46038085385,TQQQ,178269.50802497318,0.0,0.5604301691055298,False
2013-01-09,98019.08526928298,TQQQ,178269.50802497318,0.0,0.5604301691055298,False
2013-01-10,99748.84145835425,TQQQ,178269.50802497318,0.0,0.5604301691055298,False
2013-01-11,100119.46554997416,TQQQ,178269.50802497318,0.0,0.5604301691055298,False
2013-01-14,98830.89866446225,TQQQ,178269.50802497318,0.0,0.5604301691055298,False
2013-01-15,97365.82843073079,TQQQ,178269.50802497318,0.0,0.5604301691055298,False
2013-01-16,98460.32770129584,TQQQ,178269.50802497318,0.0,0.5604301691055298,False
2013-01-17,99978.28199764177,TQQQ,178269.50802497318,0.0,0.5604301691055298,False
2013-01-18,99413.5159112401,TQQQ,178269.50802497318,0.0,0.5604301691055298,False
2013-01-22,99819.50230150999,TQQQ,178269.50802497318,0.0,0.5604301691055298,False
2013-01-23,101443.41598551744,TQQQ,178269.50802497318,0.0,0.5604301691055298,False
2013-01-24,97401.22260645287,TQQQ,178269.50802497318,0.0,0.5604301691055298,False
2013-01-25,98848.53731102444,TQQQ,178269.50802497318,0.0,0.5604301691055298,False
2013-01-28,99554.65696080969,TQQQ,178269.50802497318,0.0,0.5604301691055298,False
2013-01-29,99554.65696080969,TQQQ,178269.50802497318,0.0,0.5604301691055298,False
2013-01-30,99007.48701820742,TQQQ,178269.50802497318,0.0,0.5604301691055298,False
2013-01-31,98372.02821157791,TQQQ,178269.50802497318,0.0,0.5604301691055298,False
2013-02-01,101602.18505595851,TECL,85201.45402909022,0.0,1.1924935579299927,False
2013-02-04,97402.66113065959,TECL,85201.45402909022,0.0,1.1924935579299927,False
2013-02-05,101118.36565914372,TECL,85201.45402909022,0.0,1.1924935579299927,False
2013-02-06,100750.66901164736,TECL,85201.45402909022,0.0,1.1924935579299927,False
2013-02-07,100789.39690836311,TECL,85201.45402909022,0.0,1.1924935579299927,False
2013-02-08,103324.61664175549,TECL,85201.45402909022,0.0,1.1924935579299927,False
2013-02-11,103653.57523573129,TECL,85201.45402909022,0.0,1.1924935579299927,False
2013-02-12,102821.40790457082,TECL,85201.45402909022,0.0,1.1924935579299927,False
2013-02-13,102724.64402520786,TECL,85201.45402909022,0.0,1.1924935579299927,False
2013-02-14,102008.58928656101,TECL,85201.45402909022,0.0,1.1924935579299927,False
2013-02-15,101737.67683203722,TECL,85201.45402909022,0.0,1.1924935579299927,False
2013-02-19,103692.29297564224,TECL,85201.45402909022,0.0,1.1924935579299927,False
2013-02-20,99415.33357052143,TECL,85201.45402909022,0.0,1.1924935579299927,False
2013-02-21,97073.65175265977,TECL,85201.45402909022,0.0,1.1924935579299927,False
2013-02-22,100595.8488360276,TECL,85201.45402909022,0.0,1.1924935579299927,False
2013-02-25,96280.16153419102,TECL,85201.45402909022,0.0,1.1924935579299927,False
2013-02-26,98060.62910263521,TECL,85201.45402909022,0.0,1.1924935579299927,False
2013-02-27,100576.48996607211,TECL,85201.45402909022,0.0,1.1924935579299927,False
2013-02-28,99860.43522742527,TECL,85201.45402909022,0.0,1.1924935579299927,False
2013-03-01,100286.20848478805,SHY,1470.3732995699565,0.0,68.20459029970075,False
2013-03-04,100274.28271361992,SHY,1470.3732995699565,0.0,68.20459029970075,False
2013-03-05,100262.48140495924,SHY,1470.3732995699565,0.0,68.20459029970075,False
2013-03-06,100250.54431901769,SHY,1470.3732995699565,0.0,68.20459029970075,False
2013-03-07,100226.81723918888,SHY,1470.3732995699565,0.0,68.20459029970075,False
2013-03-08,100238.74301035698,SHY,1470.3732995699565,0.0,68.20459029970075,False
2013-03-11,100226.81723918888,SHY,1470.3732995699565,0.0,68.20459029970075,False
2013-03-12,100250.54431901769,SHY,1470.3732995699565,0.0,68.20459029970075,False
2013-03-13,100226.81723918888,SHY,1470.3732995699565,0.0,68.20459029970075,False
2013-03-14,100226.81723918888,SHY,1470.3732995699565,0.0,68.20459029970075,False
2013-03-15,100262.48140495924,SHY,1470.3732995699565,0.0,68.20459029970075,False
2013-03-18,100286.20848478805,SHY,1470.3732995699565,0.0,68.20459029970075,False
2013-03-19,100274.28271361992,SHY,1470.3732995699565,0.0,68.20459029970075,False
2013-03-20,100262.48140495924,SHY,1470.3732995699565,0.0,68.20459029970075,False
2013-03-21,100274.28271361992,SHY,1470.3732995699565,0.0,68.20459029970075,False
2013-03-22,100250.54431901769,SHY,1470.3732995699565,0.0,68.20459029970075,False
2013-03-25,100250.54431901769,SHY,1470.3732995699565,0.0,68.20459029970075,False
2013-03-26,100262.48140495924,SHY,1470.3732995699565,0.0,68.20459029970075,False
2013-03-27,100286.20848478805,SHY,1470.3732995699565,0.0,68.20459029970075,False
2013-03-28,100298.11162640936,SHY,1470.3732995699565,0.0,68.20459029970075,False
2013-04-01,100307.53683265515,SHY,1470.3732995699565,0.0,68.21268561918512,False
2013-04-02,100307.53683265515,SHY,1470.3732995699565,0.0,68.21268561918512,False
2013-04-03,100295.70157967425,SHY,1470.3732995699565,0.0,68.21268561918512,False
2013-04-04,100331.34311589778,SHY,1470.3732995699565,0.0,68.21268561918512,False
2013-04-05,100331.34311589778,SHY,1470.3732995699565,0.0,68.21268561918512,False
2013-04-08,100307.53683265515,SHY,1470.3732995699565,0.0,68.21268561918512,False
2013-04-09,100307.53683265515,SHY,1470.3732995699565,0.0,68.21268561918512,False
2013-04-10,100307.53683265515,SHY,1470.3732995699565,0.0,68.21268561918512,False
2013-04-11,100307.53683265515,SHY,1470.3732995699565,0.0,68.21268561918512,False
2013-04-12,100319.45128904986,SHY,1470.3732995699565,0.0,68.21268561918512,False
2013-04-15,100331.34311589778,SHY,1470.3732995699565,0.0,68.21268561918512,False
2013-04-16,100331.34311589778,SHY,1470.3732995699565,0.0,68.21268561918512,False
2013-04-17,100331.34311589778,SHY,1470.3732995699565,0.0,68.21268561918512,False
2013-04-18,100331.34311589778,SHY,1470.3732995699565,0.0,68.21268561918512,False
2013-04-19,100331.34311589778,SHY,1470.3732995699565,0.0,68.21268561918512,False
2013-04-22,100343.24625751913,SHY,1470.3732995699565,0.0,68.21268561918512,False
2013-04-23,100331.34311589778,SHY,1470.3732995699565,0.0,68.21268561918512,False
2013-04-24,100343.24625751913,SHY,1470.3732995699565,0.0,68.21268561918512,False
2013-04-25,100331.34311589778,SHY,1470.3732995699565,0.0,68.21268561918512,False
2013-04-26,100355.0701957266,SHY,1470.3732995699565,0.0,68.21268561918512,False
2013-04-29,100378.76333123523,SHY,1470.3732995699565,0.0,68.21268561918512,False
2013-04-30,100366.8601896139,SHY,1470.3732995699565,0.0,68.21268561918512,False
2013-05-01,100387.0796896874,TECL,78056.86834072716,0.0,1.2860761880874634,False
2013-05-02,103915.34243042998,TECL,78056.86834072716,0.0,1.2860761880874634,False
2013-05-03,106823.0571025568,TECL,78056.86834072716,0.0,1.2860761880874634,False
2013-05-06,108330.11171715605,TECL,78056.86834072716,0.0,1.2860761880874634,False
2013-05-07,108064.14393468451,TECL,78056.86834072716,0.0,1.2860761880874634,False
2013-05-08,110510.88376359544,TECL,78056.86834072716,0.0,1.2860761880874634,False
2013-05-09,109624.38652271578,TECL,78056.86834072716,0.0,1.2860761880874634,False
2013-05-10,110954.12307893146,TECL,78056.86834072716,0.0,1.2860761880874634,False
2013-05-13,110014.42855951596,TECL,78056.86834072716,0.0,1.2860761880874634,False
2013-05-14,111025.04658024336,TECL,78056.86834072716,0.0,1.2860761880874634,False
2013-05-15,111876.09137557089,TECL,78056.86834072716,0.0,1.2860761880874634,False
2013-05-16,113666.8213852101,TECL,78056.86834072716,0.0,1.2860761880874634,False
2013-05-17,117195.07482084888,TECL,78056.86834072716,0.0,1.2860761880874634,False
2013-05-20,117070.96334610495,TECL,78056.86834072716,0.0,1.2860761880874634,False
2013-05-21,116184.4754103291,TECL,78056.86834072716,0.0,1.2860761880874634,False
2013-05-22,112425.71594287475,TECL,78056.86834072716,0.0,1.2860761880874634,False
2013-05-23,112390.25419221881,TECL,78056.86834072716,0.0,1.2860761880874634,False
2013-05-24,111681.04709441125,TECL,78056.86834072716,0.0,1.2860761880874634,False
2013-05-28,113436.3060482907,TECL,78056.86834072716,0.0,1.2860761880874634,False
2013-05-29,112390.25419221881,TECL,78056.86834072716,0.0,1.2860761880874634,False
2013-05-30,114163.25797908194,TECL,78056.86834072716,0.0,1.2860761880874634,False
2013-05-31,111131.41322200357,TECL,78056.86834072716,0.0,1.2860761880874634,False
2013-06-03,112798.03175689887,TECL,78056.86834072716,0.0,1.4237236976623535,False
2013-06-04,111397.36239426747,TECL,78056.86834072716,0.0,1.4237236976623535,False
2013-06-05,108152.8029638763,TECL,78056.86834072716,0.0,1.4237236976623535,False
2013-06-06,109305.24937701986,TECL,78056.86834072716,0.0,1.4237236976623535,False
2013-06-07,111982.4580173311,TECL,78056.86834072716,0.0,1.4237236976623535,False
2013-06-10,112496.63944418666,TECL,78056.86834072716,0.0,1.4237236976623535,False
2013-06-11,109216.5531274128,TECL,78056.86834072716,0.0,1.4237236976623535,False
2013-06-12,106716.64393527749,TECL,78056.86834072716,0.0,1.4237236976623535,False
2013-06-13,110404.4985116276,TECL,78056.86834072716,0.0,1.4237236976623535,False
2013-06-14,108223.70785498056,TECL,78056.86834072716,0.0,1.4237236976623535,False
2013-06-17,111113.70560943514,TECL,78056.86834072716,0.0,1.4237236976623535,False
2013-06-18,113613.61480157045,TECL,78056.86834072716,0.0,1.4237236976623535,False
2013-06-19,109695.30071892386,TECL,78056.86834072716,0.0,1.4237236976623535,False
2013-06-20,102355.09053729489,TECL,78056.86834072716,0.0,1.4237236976623535,False
2013-06-21,100018.2718998032,CASH,0.0,100018.2718998032,,False
2013-06-24,100018.2718998032,CASH,0.0,100018.2718998032,,False
2013-06-25,100018.2718998032,CASH,0.0,100018.2718998032,,False
2013-06-26,100018.2718998032,CASH,0.0,100018.2718998032,,False
2013-06-27,100018.2718998032,CASH,0.0,100018.2718998032,,False
2013-06-28,100018.2718998032,CASH,0.0,100018.2718998032,,False
2013-07-01,100018.2718998032,TECL,75998.34706865202,0.0,1.3160585165023804,False
2013-07-02,100898.66723751482,TECL,75998.34706865202,0.0,1.3160585165023804,False
2013-07-03,102365.95958143467,TECL,75998.34706865202,0.0,1.3160585165023804,False
2013-07-05,104420.18517039857,TECL,75998.34706865202,0.0,1.3160585165023804,False
2013-07-08,104057.68809544753,TECL,75998.34706865202,0.0,1.3160585165023804,False
2013-07-09,105300.58956781916,TECL,75998.34706865202,0.0,1.3160585165023804,False
2013-07-10,106198.23459139268,TECL,75998.34706865202,0.0,1.3160585165023804,False
2013-07-11,111739.45156238964,TECL,75998.34706865202,0.0,1.3160585165023804,False
2013-07-12,111773.9871729493,TECL,75998.34706865202,0.0,1.3160585165023804,False
2013-07-15,112499.00850197827,TECL,75998.34706865202,0.0,1.3160585165023804,False
2013-07-16,112947.79930478368,TECL,75998.34706865202,0.0,1.3160585165023804,False
2013-07-17,113275.80606771985,TECL,75998.34706865202,0.0,1.3160585165023804,False
2013-07-18,112326.37574772474,TECL,75998.34706865202,0.0,1.3160585165023804,False
2013-07-19,106733.36442059725,TECL,75998.34706865202,0.0,1.3160585165023804,False
2013-07-22,107786.36533343552,TECL,75998.34706865202,0.0,1.3160585165023804,False
2013-07-23,106405.38483678795,TECL,75998.34706865202,0.0,1.3160585165023804,False
2013-07-24,108407.81606962133,TECL,75998.34706865202,0.0,1.3160585165023804,False
2013-07-25,108459.58324662498,TECL,75998.34706865202,0.0,1.3160585165023804,False
2013-07-26,109011.9990005273,TECL,75998.34706865202,0.0,1.3160585165023804,False
2013-07-29,108856.64311126257,TECL,75998.34706865202,0.0,1.3160585165023804,False
2013-07-30,110392.97949717486,TECL,75998.34706865202,0.0,1.3160585165023804,False
2013-07-31,109495.36165272821,TECL,75998.34706865202,0.0,1.3160585165023804,False
2013-08-01,112930.54961892177,TECL,75998.34706865202,0.0,1.4407597780227661,False
2013-08-02,114242.50419299479,TECL,75998.34706865202,0.0,1.4407597780227661,False
2013-08-05,115157.39890243024,TECL,75998.34706865202,0.0,1.4407597780227661,False
2013-08-06,113448.43882197338,TECL,75998.34706865202,0.0,1.4407597780227661,False
2013-08-07,112429.95540027686,TECL,75998.34706865202,0.0,1.4407597780227661,False
2013-08-08,113655.57094795073,TECL,75998.34706865202,0.0,1.4407597780227661,False
2013-08-09,111808.50466409104,TECL,75998.34706865202,0.0,1.4407597780227661,False
2013-08-12,113983.55959146899,TECL,75998.34706865202,0.0,1.4407597780227661,False
2013-08-13,116227.68573996625,TECL,75998.34706865202,0.0,1.4407597780227661,False
2013-08-14,116158.60545913797,TECL,75998.34706865202,0.0,1.4407597780227661,False
2013-08-15,110358.48012545104,TECL,75998.34706865202,0.0,1.4407597780227661,False
2013-08-16,110082.2677186454,TECL,75998.34706865202,0.0,1.4407597780227661,False
2013-08-19,109167.37300920996,TECL,75998.34706865202,0.0,1.4407597780227661,False
2013-08-20,109633.4316172952,TECL,75998.34706865202,0.0,1.4407597780227661,False
2013-08-21,108580.43070445693,TECL,75998.34706865202,0.0,1.4407597780227661,False
2013-08-22,110220.36486233927,TECL,75998.34706865202,0.0,1.4407597780227661,False
2013-08-23,112654.364391243,TECL,75998.34706865202,0.0,1.4407597780227661,False
2013-08-26,111135.26863148366,TECL,75998.34706865202,0.0,1.4407597780227661,False
2013-08-27,105162.49242412529,TECL,75998.34706865202,0.0,1.4407597780227661,False
2013-08-28,105438.67765180406,TECL,75998.34706865202,0.0,1.4407597780227661,False
2013-08-29,107061.35306411551,TECL,75998.34706865202,0.0,1.4407597780227661,False
2013-08-30,105611.29228663965,TECL,75998.34706865202,0.0,1.4407597780227661,False
2013-09-03,105783.93410060214,TECL,75998.34706865202,0.0,1.3896524906158447,False
2013-09-04,108770.32220428133,TECL,75998.34706865202,0.0,1.3896524906158447,False
2013-09-05,108822.1075007029,TECL,75998.34706865202,0.0,1.3896524906158447,False
2013-09-06,109270.9254826352,TECL,75998.34706865202,0.0,1.3896524906158447,False
2013-09-09,112982.33491534334,TECL,75998.34706865202,0.0,1.3896524906158447,False
2013-09-10,115243.72886912044,TECL,75998.34706865202,0.0,1.3896524906158447,False
2013-09-11,113793.67715135355,TECL,75998.34706865202,0.0,1.3896524906158447,False
2013-09-12,114156.19234572252,TECL,75998.34706865202,0.0,1.3896524906158447,False
2013-09-13,114259.74481914775,TECL,75998.34706865202,0.0,1.3896524906158447,False
2013-09-16,113482.96537282408,TECL,75998.34706865202,0.0,1.3896524906158447,False
2013-09-17,115502.63723181041,TECL,75998.34706865202,0.0,1.3896524906158447,False
2013-09-18,119680.15963085755,TECL,75998.34706865202,0.0,1.3896524906158447,False
2013-09-19,120232.56632505092,TECL,75998.34706865202,0.0,1.3896524906158447,False
2013-09-20,117556.8899999012,TECL,75998.34706865202,0.0,1.3896524906158447,False
2013-09-23,118281.9022692212,TECL,75998.34706865202,0.0,1.3896524906158447,False
2013-09-24,117453.31034734909,TECL,75998.34706865202,0.0,1.3896524906158447,False
2013-09-25,116313.97946782062,TECL,75998.34706865202,0.0,1.3896524906158447,False
2013-09-26,117660.46059274435,TECL,75998.34706865202,0.0,1.3896524906158447,False
2013-09-27,115260.97855498236,TECL,75998.34706865202,0.0,1.3896524906158447,False
2013-09-30,113569.25910067845,TECL,75998.34706865202,0.0,1.3896524906158447,False
2013-10-01,116452.06755180552,TECL,75998.34706865202,0.0,1.494364857673645,False
2013-10-02,116555.64720435764,TECL,75998.34706865202,0.0,1.494364857673645,False
2013-10-03,113396.62634642492,TECL,75998.34706865202,0.0,1.494364857673645,False
2013-10-04,115036.57862372517,TECL,75998.34706865202,0.0,1.494364857673645,False
2013-10-07,113085.92362760442,TECL,75998.34706865202,0.0,1.494364857673645,False
2013-10-08,107596.48289332008,TECL,75998.34706865202,0.0,1.494364857673645,False
2013-10-09,109219.15830563153,TECL,75998.34706865202,0.0,1.494364857673645,False
2013-10-10,114484.15381011389,TECL,75998.34706865202,0.0,1.494364857673645,False
2013-10-11,117177.1070002524,TECL,75998.34706865202,0.0,1.494364857673645,False
2013-10-14,118851.55864927649,TECL,75998.34706865202,0.0,1.494364857673645,False
2013-10-15,116762.82462887978,TECL,75998.34706865202,0.0,1.494364857673645,False
2013-10-16,119887.30081654387,TECL,75998.34706865202,0.0,1.494364857673645,False
2013-10-17,119956.35391824528,TECL,75998.34706865202,0.0,1.494364857673645,False
2013-10-18,126015.44197287594,TECL,75998.34706865202,0.0,1.494364857673645,False
2013-10-21,128225.03251081353,TECL,75998.34706865202,0.0,1.494364857673645,False
2013-10-22,127966.12414812356,TECL,75998.34706865202,0.0,1.494364857673645,False
2013-10-23,126136.28943070788,TECL,75998.34706865202,0.0,1.494364857673645,False
2013-10-24,127016.65758929262,TECL,75998.34706865202,0.0,1.494364857673645,False
2013-10-25,129036.35662740582,TECL,75998.34706865202,0.0,1.494364857673645,False
2013-10-28,130244.74966834467,TECL,75998.34706865202,0.0,1.494364857673645,False
2013-10-29,132644.18640756185,TECL,75998.34706865202,0.0,1.494364857673645,False
2013-10-30,131677.4882822869,TECL,75998.34706865202,0.0,1.494364857673645,False
2013-10-31,130728.10326083661,TECL,75998.34706865202,0.0,1.494364857673645,False
2013-11-01,131021.54723408625,TECL,75998.34706865202,0.0,1.7201440334320068,False
2013-11-04,132212.65435032733,TECL,75998.34706865202,0.0,1.7201440334320068,False
2013-11-05,131228.70653919046,TECL,75998.34706865202,0.0,1.7201440334320068,False
2013-11-06,134940.0978524807,TECL,75998.34706865202,0.0,1.7201440334320068,False
2013-11-07,129709.61077943114,TECL,75998.34706865202,0.0,1.7201440334320068,False
2013-11-08,133369.2167962998,TECL,75998.34706865202,0.0,1.7201440334320068,False
2013-11-11,133559.10829612418,TECL,75998.34706865202,0.0,1.7201440334320068,False
2013-11-12,134819.26851406667,TECL,75998.34706865202,0.0,1.7201440334320068,False
2013-11-13,138254.510838514,TECL,75998.34706865202,0.0,1.7201440334320068,False
2013-11-14,137063.39466256395,TECL,75998.34706865202,0.0,1.7201440334320068,False
2013-11-15,138409.85766806977,TECL,75998.34706865202,0.0,1.7201440334320068,False
2013-11-18,136148.47277400162,TECL,75998.34706865202,0.0,1.7201440334320068,False
2013-11-19,135112.7396664432,TECL,75998.34706865202,0.0,1.7201440334320068,False
2013-11-20,133455.54676298998,TECL,75998.34706865202,0.0,1.7201440334320068,False
2013-11-21,136959.79689059392,TECL,75998.34706865202,0.0,1.7201440334320068,False
2013-11-22,136286.55179827756,TECL,75998.34706865202,0.0,1.7201440334320068,False
2013-11-25,135924.08190245338,TECL,75998.34706865202,0.0,1.7201440334320068,False
2013-11-26,137684.8363390408,TECL,75998.34706865202,0.0,1.7201440334320068,False
2013-11-27,140843.83001784663,TECL,75998.34706865202,0.0,1.7201440334320068,False
2013-11-29,142846.27031038897,TECL,75998.34706865202,0.0,1.7201440334320068,False
2013-12-02,140636.70695157824,TECL,75998.34706865202,0.0,1.8795970678329468,False
2013-12-03,142311.17672002024,TECL,75998.34706865202,0.0,1.8795970678329468,False
2013-12-04,142604.6116335609,TECL,75998.34706865202,0.0,1.8795970678329468,False
2013-12-05,141171.80054194696,TECL,75998.34706865202,0.0,1.8795970678329468,False
2013-12-06,144417.16042627883,TECL,75998.34706865202,0.0,1.8795970678329468,False
2013-12-09,145746.3556265048,TECL,75998.34706865202,0.0,1.8795970678329468,False
2013-12-10,144624.32879109203,TECL,75998.34706865202,0.0,1.8795970678329468,False
2013-12-11,140981.9452809584,TECL,75998.34706865202,0.0,1.8795970678329468,False
2013-12-12,137650.30072848112,TECL,75998.34706865202,0.0,1.8795970678329468,False
2013-12-13,136769.9325698964,TECL,75998.34706865202,0.0,1.8795970678329468,False
2013-12-16,140412.29796061208,TECL,75998.34706865202,0.0,1.8795970678329468,False
2013-12-17,139980.74778395964,TECL,75998.34706865202,0.0,1.8795970678329468,False
2013-12-18,143795.6915706751,TECL,75998.34706865202,0.0,1.8795970678329468,False
2013-12-19,144399.88356129004,TECL,75998.34706865202,0.0,1.8795970678329468,False
2013-12-20,147472.60163165943,TECL,75998.34706865202,0.0,1.8795970678329468,False
2013-12-23,153393.64690085,TECL,75998.34706865202,0.0,1.8795970678329468,False
2013-12-24,155344.25659842594,TECL,75998.34706865202,0.0,1.8795970678329468,False
2013-12-26,156276.44629226808,TECL,75998.34706865202,0.0,1.8795970678329468,False
2013-12-27,155534.1299788324,TECL,75998.34706865202,0.0,1.8795970678329468,False
2013-12-30,154774.5458601169,TECL,75998.34706865202,0.0,1.8795970678329468,False
2013-12-31,157605.65055220303,TECL,75998.34706865202,0.0,1.8795970678329468,False
2014-01-02,152772.18710495523,TQQQ,127291.81516939428,0.0,1.2001729011535645,False
2014-01-03,149444.76711602148,TQQQ,127291.81516939428,0.0,1.2001729011535645,False
2014-01-06,147856.6785787614,TQQQ,127291.81516939428,0.0,1.2001729011535645,False
2014-01-07,151688.31242945252,TQQQ,127291.81516939428,0.0,1.2001729011535645,False
2014-01-08,152822.64187473804,TQQQ,127291.81516939428,0.0,1.2001729011535645,False
2014-01-09,151247.13288759827,TQQQ,127291.81516939428,0.0,1.2001729011535645,False
2014-01-10,152759.60755483495,TQQQ,127291.81516939428,0.0,1.2001729011535645,False
2014-01-13,145966.0738639404,TQQQ,127291.81516939428,0.0,1.2001729011535645,False
2014-01-14,154322.50664312075,TQQQ,127291.81516939428,0.0,1.2001729011535645,False
2014-01-15,157927.19266317374,TQQQ,127291.81516939428,0.0,1.2001729011535645,False
2014-01-16,158254.95898717636,TQQQ,127291.81516939428,0.0,1.2001729011535645,False
2014-01-17,155444.30206138655,TQQQ,127291.81516939428,0.0,1.2001729011535645,False
2014-01-21,158922.9953134676,TQQQ,127291.81516939428,0.0,1.2001729011535645,False
2014-01-22,160397.54923794122,TQQQ,127291.81516939428,0.0,1.2001729011535645,False
2014-01-23,158469.20587275937,TQQQ,127291.81516939428,0.0,1.2001729011535645,False
2014-01-24,149079.15592109005,TQQQ,127291.81516939428,0.0,1.2001729011535645,False
2014-01-27,144743.4903010438,TQQQ,127291.81516939428,0.0,1.2001729011535645,False
2014-01-28,144693.02035689415,TQQQ,127291.81516939428,0.0,1.2001729011535645,False
2014-01-29,140130.49795241092,TQQQ,127291.81516939428,0.0,1.2001729011535645,False
2014-01-30,147516.39340210592,TQQQ,127291.81516939428,0.0,1.2001729011535645,False
2014-01-31,146482.83692708434,TQQQ,127291.81516939428,0.0,1.2001729011535645,False
2014-02-03,136777.85816576917,TECL,77033.37482052884,0.0,1.7755662202835083,False
2014-02-04,139035.02591009418,TECL,77033.37482052884,0.0,1.7755662202835083,False
2014-02-05,138895.04801001956,TECL,77033.37482052884,0.0,1.7755662202835083,False
2014-02-06,143654.38844349614,TECL,77033.37482052884,0.0,1.7755662202835083,False
2014-02-07,149691.0145883997,TECL,77033.37482052884,0.0,1.7755662202835083,False
2014-02-10,151038.29384141095,TECL,77033.37482052884,0.0,1.7755662202835083,False
2014-02-11,156235.0434027728,TECL,77033.37482052884,0.0,1.7755662202835083,False
2014-02-12,157722.4107529853,TECL,77033.37482052884,0.0,1.7755662202835083,False
2014-02-13,161956.75370911052,TECL,77033.37482052884,0.0,1.7755662202835083,False
2014-02-14,162359.13851692202,TECL,77033.37482052884,0.0,1.7755662202835083,False
2014-02-18,162849.1116741996,TECL,77033.37482052884,0.0,1.7755662202835083,False
2014-02-19,160679.4771807774,TECL,77033.37482052884,0.0,1.7755662202835083,False
2014-02-20,162901.60223884086,TECL,77033.37482052884,0.0,1.7755662202835083,False
2014-02-21,160976.86249311862,TECL,77033.37482052884,0.0,1.7755662202835083,False
2014-02-24,162726.64593416188,TECL,77033.37482052884,0.0,1.7755662202835083,False
2014-02-25,161204.36446100217,TECL,77033.37482052884,0.0,1.7755662202835083,False
2014-02-26,161361.8545211137,TECL,77033.37482052884,0.0,1.7755662202835083,False
2014-02-27,165158.78834935365,TECL,77033.37482052884,0.0,1.7755662202835083,False
2014-02-28,164388.93285667783,TECL,77033.37482052884,0.0,1.7755662202835083,False
2014-03-03,160434.45386976306,TECL,77033.37482052884,0.0,2.1339962482452393,False
2014-03-04,167293.50871982868,TECL,77033.37482052884,0.0,2.1339962482452393,False
2014-03-05,168028.37662480623,TECL,77033.37482052884,0.0,2.1339962482452393,False
2014-03-06,168080.86718944748,TECL,77033.37482052884,0.0,2.1339962482452393,False
2014-03-07,166978.51023341782,TECL,77033.37482052884,0.0,2.1339962482452393,False
2014-03-10,165946.20191753577,TECL,77033.37482052884,0.0,2.1339962482452393,False
2014-03-11,164896.35389233514,TECL,77033.37482052884,0.0,2.1339962482452393,False
2014-03-12,165876.19000976373,TECL,77033.37482052884,0.0,2.1339962482452393,False
2014-03-13,158877.18480890515,TECL,77033.37482052884,0.0,2.1339962482452393,False
2014-03-14,156130.08063967808,TECL,77033.37482052884,0.0,2.1339962482452393,False
2014-03-17,161379.3023994934,TECL,77033.37482052884,0.0,2.1339962482452393,False
2014-03-18,167958.38308322197,TECL,77033.37482052884,0.0,2.1339962482452393,False
2014-03-19,165508.73769108718,TECL,77033.37482052884,0.0,2.1339962482452393,False
2014-03-20,169725.65113502045,TECL,77033.37482052884,0.0,2.1339962482452393,False
2014-03-21,167345.9625520944,TECL,77033.37482052884,0.0,2.1339962482452393,False
2014-03-24,166523.59812858957,TECL,77033.37482052884,0.0,2.1339962482452393,False
2014-03-25,169585.7191504152,TECL,77033.37482052884,0.0,2.1339962482452393,False
2014-03-26,163898.978065588,TECL,77033.37482052884,0.0,2.1339962482452393,False
2014-03-27,161484.32026115147,TECL,77033.37482052884,0.0,2.1339962482452393,False
2014-03-28,163094.09825283842,TECL,77033.37482052884,0.0,2.1339962482452393,False
2014-03-31,167205.97546892587,TECL,77033.37482052884,0.0,2.1339962482452393,False
2014-04-01,173032.6485383583,TQQQ,134881.31907333623,0.0,1.2828510999679565,False
2014-04-02,174394.91865466963,TQQQ,134881.31907333623,0.0,1.2828510999679565,False
2014-04-03,170281.48130583463,TQQQ,134881.31907333623,0.0,1.2828510999679565,False
2014-04-04,155729.38368452247,CASH,0.0,155729.38368452247,,False
2014-04-07,155729.38368452247,CASH,0.0,155729.38368452247,,False
2014-04-08,155729.38368452247,CASH,0.0,155729.38368452247,,False
2014-04-09,155729.38368452247,CASH,0.0,155729.38368452247,,False
2014-04-10,155729.38368452247,CASH,0.0,155729.38368452247,,False
2014-04-11,155729.38368452247,CASH,0.0,155729.38368452247,,False
2014-04-14,155729.38368452247,CASH,0.0,155729.38368452247,,False
2014-04-15,155729.38368452247,CASH,0.0,155729.38368452247,,False
2014-04-16,155729.38368452247,CASH,0.0,155729.38368452247,,False
2014-04-17,155729.38368452247,CASH,0.0,155729.38368452247,,False
2014-04-21,155729.38368452247,CASH,0.0,155729.38368452247,,False
2014-04-22,155729.38368452247,CASH,0.0,155729.38368452247,,False
2014-04-23,155729.38368452247,CASH,0.0,155729.38368452247,,False
2014-04-24,155729.38368452247,CASH,0.0,155729.38368452247,,False
2014-04-25,155729.38368452247,CASH,0.0,155729.38368452247,,False
2014-04-28,155729.38368452247,CASH,0.0,155729.38368452247,,False
2014-04-29,155729.38368452247,CASH,0.0,155729.38368452247,,False
2014-04-30,155729.38368452247,CASH,0.0,155729.38368452247,,False
2014-05-01,155729.38368452244,TECL,71633.55380261887,0.0,2.1739726066589355,False
2014-05-02,154948.40568476703,TECL,71633.55380261887,0.0,2.1739726066589355,False
2014-05-05,156835.81472756295,TECL,71633.55380261887,0.0,2.1739726066589355,False
2014-05-06,151791.82199851802,TECL,71633.55380261887,0.0,2.1739726066589355,False
2014-05-07,152328.8126884303,TECL,71633.55380261887,0.0,2.1739726066589355,False
2014-05-08,153012.1513594462,TECL,71633.55380261887,0.0,2.1739726066589355,False
2014-05-09,153793.16351674183,TECL,71633.55380261887,0.0,2.1739726066589355,False
2014-05-12,160073.727517093,TECL,71633.55380261887,0.0,2.1739726066589355,False
2014-05-13,159894.7590850724,TECL,71633.55380261887,0.0,2.1739726066589355,False
2014-05-14,158104.98937101607,TECL,71633.55380261887,0.0,2.1739726066589355,False
2014-05-15,154622.9867990222,TECL,71633.55380261887,0.0,2.1739726066589355,False
2014-05-16,158251.37150965986,TECL,71633.55380261887,0.0,2.1739726066589355,False
2014-05-19,161407.9893534491,TECL,71633.55380261887,0.0,2.1739726066589355,False
2014-05-20,158332.73477048113,TECL,71633.55380261887,0.0,2.1739726066589355,False
2014-05-21,161603.21677461785,TECL,71633.55380261887,0.0,2.1739726066589355,False
2014-05-22,162644.57770352546,TECL,71633.55380261887,0.0,2.1739726066589355,False
2014-05-23,166647.20950366277,TECL,71633.55380261887,0.0,2.1739726066589355,False
2014-05-27,170861.39602919747,TECL,71633.55380261887,0.0,2.1739726066589355,False
2014-05-28,169852.58723612642,TECL,71633.55380261887,0.0,2.1739726066589355,False
2014-05-29,172293.19472167242,TECL,71633.55380261887,0.0,2.1739726066589355,False
2014-05-30,172862.68631111094,TECL,71633.55380261887,0.0,2.1739726066589355,False
2014-06-02,172211.91685470173,TECL,71633.55380261887,0.0,2.4131524562835693,False
2014-06-03,171300.7303116001,TECL,71633.55380261887,0.0,2.4131524562835693,False
2014-06-04,172439.6793329369,TECL,71633.55380261887,0.0,2.4131524562835693,False
2014-06-05,175856.59471202779,TECL,71633.55380261887,0.0,2.4131524562835693,False
2014-06-06,178085.6987084868,TECL,71633.55380261887,0.0,2.4131524562835693,False
2014-06-09,179566.35976225682,TECL,71633.55380261887,0.0,2.4131524562835693,False
2014-06-10,179891.7957267718,TECL,71633.55380261887,0.0,2.4131524562835693,False
2014-06-11,178866.71086578246,TECL,71633.55380261887,0.0,2.4131524562835693,False
2014-06-12,174245.70803614144,TECL,71633.55380261887,0.0,2.4131524562835693,False
2014-06-13,177011.80272251274,TECL,71633.55380261887,0.0,2.4131524562835693,False
2014-06-16,177516.2241978184,TECL,71633.55380261887,0.0,2.4131524562835693,False
2014-06-17,178459.91164044623,TECL,71633.55380261887,0.0,2.4131524562835693,False
2014-06-18,181258.52430511388,TECL,71633.55380261887,0.0,2.4131524562835693,False
2014-06-19,180217.2146125166,TECL,71633.55380261887,0.0,2.4131524562835693,False
2014-06-20,179094.49042278773,TECL,71633.55380261887,0.0,2.4131524562835693,False
2014-06-23,180054.43685456374,TECL,71633.55380261887,0.0,2.4131524562835693,False
2014-06-24,177467.37891529346,TECL,71633.55380261887,0.0,2.4131524562835693,False
2014-06-25,180200.93854459832,TECL,71633.55380261887,0.0,2.4131524562835693,False
2014-06-26,179013.14424073658,TECL,71633.55380261887,0.0,2.4131524562835693,False
2014-06-27,181974.41511196631,TECL,71633.55380261887,0.0,2.4131524562835693,False
2014-06-30,182820.54861970517,TECL,71633.55380261887,0.0,2.4131524562835693,False
2014-07-01,188352.72091367768,TECL,71633.55380261887,0.0,2.552163600921631,False
2014-07-02,188743.15867724505,TECL,71633.55380261887,0.0,2.552163600921631,False
2014-07-03,191183.8003203313,TECL,71633.55380261887,0.0,2.552163600921631,False
2014-07-07,191330.26785282567,TECL,71633.55380261887,0.0,2.552163600921631,False
2014-07-08,186481.5196237196,TECL,71633.55380261887,0.0,2.552163600921631,False
2014-07-09,188857.09115267298,TECL,71633.55380261887,0.0,2.552163600921631,False
2014-07-10,188027.2507916225,TECL,71633.55380261887,0.0,2.552163600921631,False
2014-07-11,190126.2316385859,TECL,71633.55380261887,0.0,2.552163600921631,False
2014-07-14,194682.06188147332,TECL,71633.55380261887,0.0,2.552163600921631,False
2014-07-15,194128.829281183,TECL,71633.55380261887,0.0,2.552163600921631,False
2014-07-16,198814.91930372696,TECL,71633.55380261887,0.0,2.552163600921631,False
2014-07-17,191102.4882958204,TECL,71633.55380261887,0.0,2.552163600921631,False
2014-07-18,198554.58761088512,TECL,71633.55380261887,0.0,2.552163600921631,False
2014-07-21,197448.1224103044,TECL,71633.55380261887,0.0,2.552163600921631,False
2014-07-22,202557.21941102244,TECL,71633.55380261887,0.0,2.552163600921631,False
2014-07-23,203435.88797582776,TECL,71633.55380261887,0.0,2.552163600921631,False
2014-07-24,202475.85615020117,TECL,71633.55380261887,0.0,2.552163600921631,False
2014-07-25,201759.98242211886,TECL,71633.55380261887,0.0,2.552163600921631,False
2014-07-28,203224.33325043038,TECL,71633.55380261887,0.0,2.552163600921631,False
2014-07-29,202199.26546821118,TECL,71633.55380261887,0.0,2.552163600921631,False
2014-07-30,202801.2579571759,TECL,71633.55380261887,0.0,2.552163600921631,False
2014-07-31,190956.02076332603,TECL,71633.55380261887,0.0,2.552163600921631,False
2014-08-01,187913.3353949647,TQQQ,124556.34615537478,0.0,1.5086612701416016,False
2014-08-04,191761.90395712067,TQQQ,124556.34615537478,0.0,1.5086612701416016,False
2014-08-05,187271.86028173918,TQQQ,124556.34615537478,0.0,1.5086612701416016,False
2014-08-06,186951.2415113147,TQQQ,124556.34615537478,0.0,1.5086612701416016,False
2014-08-07,185150.30926262226,TQQQ,124556.34615537478,0.0,1.5086612701416016,False
2014-08-08,189097.5149058661,TQQQ,124556.34615537478,0.0,1.5086612701416016,False
2014-08-11,192526.64943722732,TQQQ,124556.34615537478,0.0,1.5086612701416016,False
2014-08-12,192082.59696891284,TQQQ,124556.34615537478,0.0,1.5086612701416016,False
2014-08-13,198324.24692830603,TQQQ,124556.34615537478,0.0,1.5086612701416016,False
2014-08-14,201383.3030901003,TQQQ,124556.34615537478,0.0,1.5086612701416016,False
2014-08-15,204121.7256331965,TQQQ,124556.34615537478,0.0,1.5086612701416016,False
2014-08-18,209055.79208034542,TQQQ,124556.34615537478,0.0,1.5086612701416016,False
2014-08-19,212657.5823363626,TQQQ,124556.34615537478,0.0,1.5086612701416016,False
2014-08-20,212657.5823363626,TQQQ,124556.34615537478,0.0,1.5086612701416016,False
2014-08-21,213866.499070972,TQQQ,124556.34615537478,0.0,1.5086612701416016,False
2014-08-22,214705.2483463732,TQQQ,124556.34615537478,0.0,1.5086612701416016,False
2014-08-25,217098.2555022428,TQQQ,124556.34615537478,0.0,1.5086612701416016,False
2014-08-26,217838.36769655615,TQQQ,124556.34615537478,0.0,1.5086612701416016,False
2014-08-27,217863.0752237171,TQQQ,124556.34615537478,0.0,1.5086612701416016,False
2014-08-28,216974.97028708813,TQQQ,124556.34615537478,0.0,1.5086612701416016,False
2014-08-29,219515.9553369998,TQQQ,124556.34615537478,0.0,1.5086612701416016,False
2014-09-02,221341.56541630608,TECL,75387.98118884242,0.0,2.93603253364563,False
2014-09-03,217762.74716410672,TECL,75387.98118884242,0.0,2.93603253364563,False
2014-09-04,216718.1762615754,TECL,75387.98118884242,0.0,2.93603253364563,False
2014-09-05,220708.00357888907,TECL,75387.98118884242,0.0,2.93603253364563,False
2014-09-08,221221.7334559651,TECL,75387.98118884242,0.0,2.93603253364563,False
2014-09-09,216701.0291654054,TECL,75387.98118884242,0.0,2.93603253364563,False
2014-09-10,221290.26791895897,TECL,75387.98118884242,0.0,2.93603253364563,False
2014-09-11,222283.4155068757,TECL,75387.98118884242,0.0,2.93603253364563,False
2014-09-12,218875.74468625977,TECL,75387.98118884242,0.0,2.93603253364563,False
2014-09-15,215245.5570411319,TECL,75387.98118884242,0.0,2.93603253364563,False
2014-09-16,220023.0364007528,TECL,75387.98118884242,0.0,2.93603253364563,False
2014-09-17,221410.11785319532,TECL,75387.98118884242,0.0,2.93603253364563,False
2014-09-18,225879.38085524505,TECL,75387.98118884242,0.0,2.93603253364563,False
2014-09-19,224406.72568701085,TECL,75387.98118884242,0.0,2.93603253364563,False
2014-09-22,219440.8619301597,TECL,75387.98118884242,0.0,2.93603253364563,False
2014-09-23,217985.31791030476,TECL,75387.98118884242,0.0,2.93603253364563,False
2014-09-24,221975.18117540915,TECL,75387.98118884242,0.0,2.93603253364563,False
2014-09-25,208207.7345231788,TECL,75387.98118884242,0.0,2.93603253364563,False
2014-09-26,214492.10932168784,TECL,75387.98118884242,0.0,2.93603253364563,False
2014-09-29,214064.0430298803,TECL,75387.98118884242,0.0,2.93603253364563,False
2014-09-30,216067.5032757791,TECL,75387.98118884242,0.0,2.93603253364563,False
2014-10-01,206015.83595836372,TQQQ,126276.8325557343,0.0,1.6314618587493896,False
2014-10-02,205915.74609128886,TQQQ,126276.8325557343,0.0,1.6314618587493896,False
2014-10-03,212118.48781608877,TQQQ,126276.8325557343,0.0,1.6314618587493896,False
2014-10-06,210667.89977864941,TQQQ,126276.8325557343,0.0,1.6314618587493896,False
2014-10-07,201763.95096591953,TQQQ,126276.8325557343,0.0,1.6314618587493896,False
2014-10-08,213419.06900657358,TQQQ,126276.8325557343,0.0,1.6314618587493896,False
2014-10-09,202789.44684569206,TQQQ,126276.8325557343,0.0,1.6314618587493896,False
2014-10-10,187607.62493102727,TQQQ,126276.8325557343,0.0,1.6314618587493896,False
2014-10-13,185414.25236252736,CASH,0.0,185414.25236252736,,False
2014-10-14,185414.25236252736,CASH,0.0,185414.25236252736,,False
2014-10-15,185414.25236252736,CASH,0.0,185414.25236252736,,False
2014-10-16,185414.25236252736,CASH,0.0,185414.25236252736,,False
2014-10-17,185414.25236252736,CASH,0.0,185414.25236252736,,False
2014-10-20,185414.25236252736,CASH,0.0,185414.25236252736,,False
2014-10-21,185414.25236252736,CASH,0.0,185414.25236252736,,False
2014-10-22,185414.25236252736,CASH,0.0,185414.25236252736,,False
2014-10-23,185414.25236252736,CASH,0.0,185414.25236252736,,False
2014-10-24,185414.25236252736,CASH,0.0,185414.25236252736,,False
2014-10-27,185414.25236252736,CASH,0.0,185414.25236252736,,False
2014-10-28,185414.25236252736,CASH,0.0,185414.25236252736,,False
2014-10-29,185414.25236252736,CASH,0.0,185414.25236252736,,False
2014-10-30,185414.25236252736,CASH,0.0,185414.25236252736,,False
2014-10-31,185414.25236252736,CASH,0.0,185414.25236252736,,False
2014-11-03,185414.25236252736,TECL,61756.20142592213,0.0,3.0023584365844727,False
2014-11-04,185596.62166882024,TECL,61756.20142592213,0.0,3.0023584365844727,False
2014-11-05,186971.32638796617,TECL,61756.20142592213,0.0,3.0023584365844727,False
2014-11-06,186859.08666393333,TECL,61756.20142592213,0.0,3.0023584365844727,False
2014-11-07,187237.81291102406,TECL,61756.20142592213,0.0,3.0023584365844727,False
2014-11-10,188668.6154064477,TECL,61756.20142592213,0.0,3.0023584365844727,False
2014-11-11,188921.11429500065,TECL,61756.20142592213,0.0,3.0023584365844727,False
2014-11-12,191123.38636676225,TECL,61756.20142592213,0.0,3.0023584365844727,False
2014-11-13,194069.16746967775,TECL,61756.20142592213,0.0,3.0023584365844727,False
2014-11-14,198263.3670378982,TECL,61756.20142592213,0.0,3.0023584365844727,False
2014-11-17,196986.89968445434,TECL,61756.20142592213,0.0,3.0023584365844727,False
2014-11-18,199357.47980887492,TECL,61756.20142592213,0.0,3.0023584365844727,False
2014-11-19,195177.3267704626,TECL,61756.20142592213,0.0,3.0023584365844727,False
2014-11-20,198109.07606739577,TECL,61756.20142592213,0.0,3.0023584365844727,False
2014-11-21,198908.57980804678,TECL,61756.20142592213,0.0,3.0023584365844727,False
2014-11-24,202106.8450756894,TECL,61756.20142592213,0.0,3.0023584365844727,False
2014-11-25,202752.1020173154,TECL,61756.20142592213,0.0,3.0023584365844727,False
2014-11-26,207605.60505696994,TECL,61756.20142592213,0.0,3.0023584365844727,False
2014-11-28,210677.628242249,TECL,61756.20142592213,0.0,3.0023584365844727,False
2014-12-01,203902.37145987304,TECL,61756.20142592213,0.0,3.411440849304199,False
2014-12-02,203509.64285445158,TECL,61756.20142592213,0.0,3.411440849304199,False
2014-12-03,205641.78534395315,TECL,61756.20142592213,0.0,3.411440849304199,False
2014-12-04,205922.30367299335,TECL,61756.20142592213,0.0,3.411440849304199,False
2014-12-05,205178.83881331686,TECL,61756.20142592213,0.0,3.411440849304199,False
2014-12-08,199062.9443976782,TECL,61756.20142592213,0.0,3.411440849304199,False
2014-12-09,189609.8654180241,CASH,0.0,189609.8654180241,,False
2014-12-10,189609.8654180241,CASH,0.0,189609.8654180241,,False
2014-12-11,189609.8654180241,CASH,0.0,189609.8654180241,,False
2014-12-12,189609.8654180241,CASH,0.0,189609.8654180241,,False
2014-12-15,189609.8654180241,CASH,0.0,189609.8654180241,,False
2014-12-16,189609.8654180241,CASH,0.0,189609.8654180241,,False
2014-12-17,189609.8654180241,CASH,0.0,189609.8654180241,,False
2014-12-18,189609.8654180241,CASH,0.0,189609.8654180241,,False
2014-12-19,189609.8654180241,CASH,0.0,189609.8654180241,,False
2014-12-22,189609.8654180241,CASH,0.0,189609.8654180241,,False
2014-12-23,189609.8654180241,CASH,0.0,189609.8654180241,,False
2014-12-24,189609.8654180241,CASH,0.0,189609.8654180241,,False
2014-12-26,189609.8654180241,CASH,0.0,189609.8654180241,,False
2014-12-29,189609.8654180241,CASH,0.0,189609.8654180241,,False
2014-12-30,189609.8654180241,CASH,0.0,189609.8654180241,,False
2014-12-31,189609.8654180241,CASH,0.0,189609.8654180241,,False
2015-01-02,189609.8654180241,TQQQ,99032.51661816167,0.0,1.9146223068237305,False
2015-01-05,181075.97788594046,TQQQ,99032.51661816167,0.0,1.9146223068237305,False
2015-01-06,173895.71998530914,TQQQ,99032.51661816167,0.0,1.9146223068237305,False
2015-01-07,180585.45537428124,TQQQ,99032.51661816167,0.0,1.9146223068237305,False
2015-01-08,190885.011447611,TQQQ,99032.51661816167,0.0,1.9146223068237305,False
2015-01-09,187020.29614112974,TQQQ,99032.51661816167,0.0,1.9146223068237305,False
2015-01-12,181272.1278626244,TQQQ,99032.51661816167,0.0,1.9146223068237305,False
2015-01-13,181115.1488532975,TQQQ,99032.51661816167,0.0,1.9146223068237305,False
2015-01-14,178329.38237733537,TQQQ,99032.51661816167,0.0,1.9146223068237305,False
2015-01-15,170648.87887622172,CASH,0.0,170648.87887622172,,False
2015-01-16,170648.87887622172,CASH,0.0,170648.87887622172,,False
2015-01-20,170648.87887622172,CASH,0.0,170648.87887622172,,False
2015-01-21,170648.87887622172,CASH,0.0,170648.87887622172,,False
2015-01-22,170648.87887622172,CASH,0.0,170648.87887622172,,False
2015-01-23,170648.87887622172,CASH,0.0,170648.87887622172,,False
2015-01-26,170648.87887622172,CASH,0.0,170648.87887622172,,False
2015-01-27,170648.87887622172,CASH,0.0,170648.87887622172,,False
2015-01-28,170648.87887622172,CASH,0.0,170648.87887622172,,False
2015-01-29,170648.87887622172,CASH,0.0,170648.87887622172,,False
2015-01-30,170648.87887622172,CASH,0.0,170648.87887622172,,False
2015-02-02,170648.87887622172,TECL,58906.09356294539,0.0,2.8969647884368896,False
2015-02-03,176589.6207912393,TECL,58906.09356294539,0.0,2.8969647884368896,False
2015-02-04,177445.9302854295,TECL,58906.09356294539,0.0,2.8969647884368896,False
2015-02-05,182235.99402886027,TECL,58906.09356294539,0.0,2.8969647884368896,False
2015-02-06,180724.01201210622,TECL,58906.09356294539,0.0,2.8969647884368896,False
2015-02-09,179961.37804645777,TECL,58906.09356294539,0.0,2.8969647884368896,False
2015-02-10,187614.75299416287,TECL,58906.09356294539,0.0,2.8969647884368896,False
2015-02-11,189648.50910932527,TECL,58906.09356294539,0.0,2.8969647884368896,False
2015-02-12,197957.45826944435,TECL,58906.09356294539,0.0,2.8969647884368896,False
2015-02-13,201703.93168313702,TECL,58906.09356294539,0.0,2.8969647884368896,False
2015-02-17,201744.04222429375,TECL,58906.09356294539,0.0,2.8969647884368896,False
2015-02-18,202413.04279432178,TECL,58906.09356294539,0.0,2.8969647884368896,False
2015-02-19,204219.35135555107,TECL,58906.09356294539,0.0,2.8969647884368896,False
2015-02-20,207671.3999146186,TECL,58906.09356294539,0.0,2.8969647884368896,False
2015-02-23,208220.012683948,TECL,58906.09356294539,0.0,2.8969647884368896,False
2015-02-24,209772.07715324452,TECL,58906.09356294539,0.0,2.8969647884368896,False
2015-02-25,206253.10747071347,TECL,58906.09356294539,0.0,2.8969647884368896,False
2015-02-26,210494.60057773622,TECL,58906.09356294539,0.0,2.8969647884368896,False
2015-02-27,207765.06139885326,TECL,58906.09356294539,0.0,2.8969647884368896,False
2015-03-02,213143.79227554167,TQQQ,94133.72410676965,0.0,2.264266014099121,False
2015-03-03,210085.54326709278,TQQQ,94133.72410676965,0.0,2.264266014099121,False
2015-03-04,207754.63441587912,TQQQ,94133.72410676965,0.0,2.264266014099121,False
2015-03-05,208668.38803108752,TQQQ,94133.72410676965,0.0,2.264266014099121,False
2015-03-06,201488.97870072836,TQQQ,94133.72410676965,0.0,2.264266014099121,False
2015-03-09,203428.3205399918,TQQQ,94133.72410676965,0.0,2.264266014099121,False
2015-03-10,192165.09642035747,TQQQ,94133.72410676965,0.0,2.264266014099121,False
2015-03-11,191829.41304798747,CASH,0.0,191829.41304798747,,False
2015-03-12,191829.41304798747,CASH,0.0,191829.41304798747,,False
2015-03-13,191829.41304798747,CASH,0.0,191829.41304798747,,False
2015-03-16,191829.41304798747,CASH,0.0,191829.41304798747,,False
2015-03-17,191829.41304798747,CASH,0.0,191829.41304798747,,False
2015-03-18,191829.41304798747,CASH,0.0,191829.41304798747,,False
2015-03-19,191829.41304798747,CASH,0.0,191829.41304798747,,False
2015-03-20,191829.41304798747,CASH,0.0,191829.41304798747,,False
2015-03-23,191829.41304798747,CASH,0.0,191829.41304798747,,False
2015-03-24,191829.41304798747,CASH,0.0,191829.41304798747,,False
2015-03-25,191829.41304798747,CASH,0.0,191829.41304798747,,False
2015-03-26,191829.41304798747,CASH,0.0,191829.41304798747,,False
2015-03-27,191829.41304798747,CASH,0.0,191829.41304798747,,False
2015-03-30,191829.41304798747,CASH,0.0,191829.41304798747,,False
2015-03-31,191829.41304798747,CASH,0.0,191829.41304798747,,False
2015-04-01,191829.41304798747,TECL,61313.822001107874,0.0,3.1286487579345703,False
2015-04-02,192957.5260692772,TECL,61313.822001107874,0.0,3.1286487579345703,False
2015-04-06,197135.59791770225,TECL,61313.822001107874,0.0,3.1286487579345703,False
2015-04-07,196174.6603964251,TECL,61313.822001107874,0.0,3.1286487579345703,False
2015-04-08,197776.27653251952,TECL,61313.822001107874,0.0,3.1286487579345703,False
2015-04-09,200088.08155822658,TECL,61313.822001107874,0.0,3.1286487579345703,False
2015-04-10,201996.1130192391,TECL,61313.822001107874,0.0,3.1286487579345703,False
2015-04-13,200352.73224485017,TECL,61313.822001107874,0.0,3.1286487579345703,False
2015-04-14,198166.17727896365,TECL,61313.822001107874,0.0,3.1286487579345703,False
2015-04-15,203221.64275372252,TECL,61313.822001107874,0.0,3.1286487579345703,False
2015-04-16,201369.3510777352,TECL,61313.822001107874,0.0,3.1286487579345703,False
2015-04-17,192706.8651477386,TECL,61313.822001107874,0.0,3.1286487579345703,False
2015-04-20,202678.5124172879,TECL,61313.822001107874,0.0,3.1286487579345703,False
2015-04-21,202037.8776575336,TECL,61313.822001107874,0.0,3.1286487579345703,False
2015-04-22,208277.13746519008,TECL,61313.822001107874,0.0,3.1286487579345703,False
2015-04-23,211187.8418490656,TECL,61313.822001107874,0.0,3.1286487579345703,False
2015-04-24,216117.99879058666,TECL,61313.822001107874,0.0,3.1286487579345703,False
2015-04-27,218513.40618465433,TECL,61313.822001107874,0.0,3.1286487579345703,False
2015-04-28,220449.24175558498,TECL,61313.822001107874,0.0,3.1286487579345703,False
2015-04-29,217496.74349670633,TECL,61313.822001107874,0.0,3.1286487579345703,False
2015-04-30,208513.88171341526,TECL,61313.822001107874,0.0,3.1286487579345703,False
2015-05-01,215714.07904234892,TQQQ,96628.88155073921,0.0,2.2323975563049316,False
2015-05-04,216479.72794368208,TQQQ,96628.88155073921,0.0,2.2323975563049316,False
2015-05-05,206218.6642014518,TQQQ,96628.88155073921,0.0,2.2323975563049316,False
2015-05-06,201815.5264323479,TQQQ,96628.88155073921,0.0,2.2323975563049316,False
2015-05-07,205280.52889089068,TQQQ,96628.88155073921,0.0,2.2323975563049316,False
2015-05-08,212804.0649100117,TQQQ,96628.88155073921,0.0,2.2323975563049316,False
2015-05-11,210468.57543018233,TQQQ,96628.88155073921,0.0,2.2323975563049316,False
2015-05-12,207750.10023284194,TQQQ,96628.88155073921,0.0,2.2323975563049316,False
2015-05-13,208822.1791768011,TQQQ,96628.88155073921,0.0,2.2323975563049316,False
2015-05-14,218068.7132004297,TQQQ,96628.88155073921,0.0,2.2323975563049316,False
2015-05-15,218049.56852217828,TQQQ,96628.88155073921,0.0,2.2323975563049316,False
2015-05-18,220729.7313248952,TQQQ,96628.88155073921,0.0,2.2323975563049316,False
2015-05-19,220097.9108663569,TQQQ,96628.88155073921,0.0,2.2323975563049316,False
2015-05-20,220461.75190561652,TQQQ,96628.88155073921,0.0,2.2323975563049316,False
2015-05-21,223926.77740227996,TQQQ,96628.88155073921,0.0,2.2323975563049316,False
2015-05-22,223314.1246601137,TQQQ,96628.88155073921,0.0,2.2323975563049316,False
2015-05-26,215580.0432564683,TQQQ,96628.88155073921,0.0,2.2323975563049316,False
2015-05-27,225955.99810632778,TQQQ,96628.88155073921,0.0,2.2323975563049316,False
2015-05-28,224290.4571746951,TQQQ,96628.88155073921,0.0,2.2323975563049316,False
2015-05-29,220499.97214775745,TQQQ,96628.88155073921,0.0,2.2323975563049316,False
2015-06-01,222433.53857491008,TECL,61900.91108837463,0.0,3.5933806896209717,False
2015-06-02,221083.80099639922,TECL,61900.91108837463,0.0,3.5933806896209717,False
2015-06-03,222433.53857491008,TECL,61900.91108837463,0.0,3.5933806896209717,False
2015-06-04,216528.23005234337,TECL,61900.91108837463,0.0,3.5933806896209717,False
2015-06-05,214334.84745395416,TECL,61900.91108837463,0.0,3.5933806896209717,False
2015-06-08,207417.17671419523,TECL,61900.91108837463,0.0,3.5933806896209717,False
2015-06-09,206067.38010237532,TECL,61900.91108837463,0.0,3.5933806896209717,False
2015-06-10,214784.78457733657,TECL,61900.91108837463,0.0,3.5933806896209717,False
2015-06-11,215459.65336659199,TECL,61900.91108837463,0.0,3.5933806896209717,False
2015-06-12,209891.82351363476,TECL,61900.91108837463,0.0,3.5933806896209717,False
2015-06-15,206123.65360424356,TECL,61900.91108837463,0.0,3.5933806896209717,False
2015-06-16,209498.13037546608,TECL,61900.91108837463,0.0,3.5933806896209717,False
2015-06-17,210791.65348541777,TECL,61900.91108837463,0.0,3.5933806896209717,False
2015-06-18,215515.8973518057,TECL,61900.91108837463,0.0,3.5933806896209717,False
2015-06-19,211129.0878800455,TECL,61900.91108837463,0.0,3.5933806896209717,False
2015-06-22,215122.23373029154,TECL,61900.91108837463,0.0,3.5933806896209717,False
2015-06-23,216190.8251743702,TECL,61900.91108837463,0.0,3.5933806896209717,False
2015-06-24,213266.2560098755,TECL,61900.91108837463,0.0,3.5933806896209717,False
2015-06-25,211803.98618595544,TECL,61900.91108837463,0.0,3.5933806896209717,False
2015-06-26,206573.5316943169,TECL,61900.91108837463,0.0,3.5933806896209717,False
2015-06-29,199993.36328370683,CASH,0.0,199993.36328370683,,False
2015-06-30,199993.36328370683,CASH,0.0,199993.36328370683,,False
2015-07-01,199993.36328370683,TECL,62587.31707522074,0.0,3.195429563522339,False
2015-07-02,200163.89166208275,TECL,62587.31707522074,0.0,3.195429563522339,False
2015-07-06,198116.76025667376,TECL,62587.31707522074,0.0,3.195429563522339,False
2015-07-07,198856.01002856047,TECL,62587.31707522074,0.0,3.195429563522339,False
2015-07-08,189188.9997851304,TECL,62587.31707522074,0.0,3.195429563522339,False
2015-07-09,186971.2803134287,TECL,62587.31707522074,0.0,3.195429563522339,False
2015-07-10,195785.33530341584,TECL,62587.31707522074,0.0,3.195429563522339,False
2015-07-13,204713.05100902158,TECL,62587.31707522074,0.0,3.195429563522339,False
2015-07-14,207044.53565019637,TECL,62587.31707522074,0.0,3.195429563522339,False
2015-07-15,207158.24113175258,TECL,62587.31707522074,0.0,3.195429563522339,False
2015-07-16,215005.63538674059,TECL,62587.31707522074,0.0,3.195429563522339,False
2015-07-17,224558.88046069763,TECL,62587.31707522074,0.0,3.195429563522339,False
2015-07-20,227800.18801807263,TECL,62587.31707522074,0.0,3.195429563522339,False
2015-07-21,224103.9690025975,TECL,62587.31707522074,0.0,3.195429563522339,False
2015-07-22,213242.81245115979,TECL,62587.31707522074,0.0,3.195429563522339,False
2015-07-23,211479.98951557899,TECL,62587.31707522074,0.0,3.195429563522339,False
2015-07-24,208181.8441394051,TECL,62587.31707522074,0.0,3.195429563522339,False
2015-07-27,202722.84695428677,TECL,62587.31707522074,0.0,3.195429563522339,False
2015-07-28,207954.38841035502,TECL,62587.31707522074,0.0,3.195429563522339,False
2015-07-29,212276.106950223,TECL,62587.31707522074,0.0,3.195429563522339,False
2015-07-30,213072.19454090862,TECL,62587.31707522074,0.0,3.195429563522339,False
2015-07-31,211252.51886454973,TECL,62587.31707522074,0.0,3.195429563522339,False
2015-08-03,207954.38841035502,TECL,62587.31707522074,0.0,3.3753247261047363,False
2015-08-04,204087.58132858714,TECL,62587.31707522074,0.0,3.3753247261047363,False
2015-08-05,209432.88795412844,TECL,62587.31707522074,0.0,3.3753247261047363,False
2015-08-06,203916.9783403152,TECL,62587.31707522074,0.0,3.3753247261047363,False
2015-08-07,203916.9783403152,TECL,62587.31707522074,0.0,3.3753247261047363,False
2015-08-10,213697.6642213431,TECL,62587.31707522074,0.0,3.3753247261047363,False
2015-08-11,204201.30173212258,TECL,62587.31707522074,0.0,3.3753247261047363,False
2015-08-12,206646.49185485355,TECL,62587.31707522074,0.0,3.3753247261047363,False
2015-08-13,205395.4778840886,TECL,62587.31707522074,0.0,3.3753247261047363,False
2015-08-14,207954.38841035502,TECL,62587.31707522074,0.0,3.3753247261047363,False
2015-08-17,211593.6949971352,TECL,62587.31707522074,0.0,3.3753247261047363,False
2015-08-18,208579.9028567271,TECL,62587.31707522074,0.0,3.3753247261047363,False
2015-08-19,204258.1992388383,TECL,62587.31707522074,0.0,3.3753247261047363,False
2015-08-20,190127.26697809476,CASH,0.0,190127.26697809476,,False
2015-08-21,190127.26697809476,CASH,0.0,190127.26697809476,,False
2015-08-24,190127.26697809476,CASH,0.0,190127.26697809476,,False
2015-08-25,190127.26697809476,CASH,0.0,190127.26697809476,,False
2015-08-26,190127.26697809476,CASH,0.0,190127.26697809476,,False
2015-08-27,190127.26697809476,CASH,0.0,190127.26697809476,,False
2015-08-28,190127.26697809476,CASH,0.0,190127.26697809476,,False
2015-08-31,190127.26697809476,CASH,0.0,190127.26697809476,,False
2015-09-01,190127.26697809473,IEF,2274.227335441603,0.0,83.60081862316389,False
2015-09-02,189610.44127360103,IEF,2274.227335441603,0.0,83.60081862316389,False
2015-09-03,190073.87466358524,IEF,2274.227335441603,0.0,83.60081862316389,False
2015-09-04,190662.1351199072,IEF,2274.227335441603,0.0,83.60081862316389,False
2015-09-08,189824.3780303625,IEF,2274.227335441603,0.0,83.60081862316389,False
2015-09-09,189895.6727826771,IEF,2274.227335441603,0.0,83.60081862316389,False
2015-09-10,189467.81676909345,IEF,2274.227335441603,0.0,83.60081862316389,False
2015-09-11,189966.8625353565,IEF,2274.227335441603,0.0,83.60081862316389,False
2015-09-14,190145.11691608225,IEF,2274.227335441603,0.0,83.60081862316389,False
2015-09-15,188648.0321171106,IEF,2274.227335441603,0.0,83.60081862316389,False
2015-09-16,188594.48230314822,IEF,2274.227335441603,0.0,83.60081862316389,False
2015-09-17,190162.96685406973,IEF,2274.227335441603,0.0,83.60081862316389,False
2015-09-18,191054.18625788073,IEF,2274.227335441603,0.0,83.60081862316389,False
2015-09-21,189966.8625353565,IEF,2274.227335441603,0.0,83.60081862316389,False
2015-09-22,190911.56175337313,IEF,2274.227335441603,0.0,83.60081862316389,False
2015-09-23,190697.6949963685,IEF,2274.227335441603,0.0,83.60081862316389,False
2015-09-24,190982.83900574854,IEF,2274.227335441603,0.0,83.60081862316389,False
2015-09-25,190483.84573930304,IEF,2274.227335441603,0.0,83.60081862316389,False
2015-09-28,191571.09946207053,IEF,2274.227335441603,0.0,83.60081862316389,False
2015-09-29,192230.58467095034,IEF,2274.227335441603,0.0,83.60081862316389,False
2015-09-30,192266.2320471076,IEF,2274.227335441603,0.0,83.60081862316389,False
2015-10-01,192416.08402650626,IEF,2274.227335441603,0.0,84.54134248182972,False
2015-10-02,193344.3683015501,IEF,2274.227335441603,0.0,84.54134248182972,False
2015-10-05,192273.3720223026,IEF,2274.227335441603,0.0,84.54134248182972,False
2015-10-06,192666.0881579659,IEF,2274.227335441603,0.0,84.54134248182972,False
2015-10-07,192184.01733273006,IEF,2274.227335441603,0.0,84.54134248182972,False
2015-10-08,191684.35906859487,IEF,2274.227335441603,0.0,84.54134248182972,False
2015-10-09,191791.3886967628,IEF,2274.227335441603,0.0,84.54134248182972,False
2015-10-12,192434.05646406813,IEF,2274.227335441603,0.0,84.54134248182972,False
2015-10-13,192612.4858441859,IEF,2274.227335441603,0.0,84.54134248182972,False
2015-10-14,193665.73718508118,IEF,2274.227335441603,0.0,84.54134248182972,False
2015-10-15,193005.16697997076,IEF,2274.227335441603,0.0,84.54134248182972,False
2015-10-16,192844.53503802285,IEF,2274.227335441603,0.0,84.54134248182972,False
2015-10-19,192755.32034796395,IEF,2274.227335441603,0.0,84.54134248182972,False
2015-10-20,192094.73264291434,IEF,2274.227335441603,0.0,84.54134248182972,False
2015-10-21,192755.32034796395,IEF,2274.227335441603,0.0,84.54134248182972,False
2015-10-22,192951.63466594758,IEF,2274.227335441603,0.0,84.54134248182972,False
2015-10-23,191862.77094877342,IEF,2274.227335441603,0.0,84.54134248182972,False
2015-10-26,192362.63921217909,IEF,2274.227335441603,0.0,84.54134248182972,False
2015-10-27,192844.53503802285,IEF,2274.227335441603,0.0,84.54134248182972,False
2015-10-28,191844.92101078597,IEF,2274.227335441603,0.0,84.54134248182972,False
2015-10-29,190666.7201039785,IEF,2274.227335441603,0.0,84.54134248182972,False
2015-10-30,191041.65630141113,IEF,2274.227335441603,0.0,84.54134248182972,False
2015-11-02,190492.75320835758,TECL,52958.56304877731,0.0,3.597015142440796,False
2015-11-03,193331.63907769945,TECL,52958.56304877731,0.0,3.597015142440796,False
2015-11-04,193620.33954960378,TECL,52958.56304877731,0.0,3.597015142440796,False
2015-11-05,192513.64388538265,TECL,52958.56304877731,0.0,3.597015142440796,False
2015-11-06,194101.4901677039,TECL,52958.56304877731,0.0,3.597015142440796,False
2015-11-09,188760.5756295422,TECL,52958.56304877731,0.0,3.597015142440796,False
2015-11-10,185440.53914210023,TECL,52958.56304877731,0.0,3.597015142440796,False
2015-11-11,185007.48212109104,TECL,52958.56304877731,0.0,3.597015142440796,False
2015-11-12,180147.7055747241,TECL,52958.56304877731,0.0,3.597015142440796,False
2015-11-13,171443.47788752182,CASH,0.0,171443.47788752182,,False
2015-11-16,171443.47788752182,CASH,0.0,171443.47788752182,,False
2015-11-17,171443.47788752182,CASH,0.0,171443.47788752182,,False
2015-11-18,171443.47788752182,CASH,0.0,171443.47788752182,,False
2015-11-19,171443.47788752182,CASH,0.0,171443.47788752182,,False
2015-11-20,171443.47788752182,CASH,0.0,171443.47788752182,,False
2015-11-23,171443.47788752182,CASH,0.0,171443.47788752182,,False
2015-11-24,171443.47788752182,CASH,0.0,171443.47788752182,,False
2015-11-25,171443.47788752182,CASH,0.0,171443.47788752182,,False
2015-11-27,171443.47788752182,CASH,0.0,171443.47788752182,,False
2015-11-30,171443.47788752182,CASH,0.0,171443.47788752182,,False
2015-12-01,171443.47788752182,TECL,46951.14075184945,0.0,3.651529550552368,False
2015-12-02,168286.7406566718,TECL,46951.14075184945,0.0,3.651529550552368,False
2015-12-03,161888.02370019193,TECL,46951.14075184945,0.0,3.651529550552368,False
2015-12-04,173533.6932624755,TECL,46951.14075184945,0.0,3.651529550552368,False
2015-12-07,171272.82498759803,TECL,46951.14075184945,0.0,3.651529550552368,False
2015-12-08,170035.7621720206,TECL,46951.14075184945,0.0,3.651529550552368,False
2015-12-09,162613.2173681921,TECL,46951.14075184945,0.0,3.651529550552368,False
2015-12-10,163764.97052484402,TECL,46951.14075184945,0.0,3.651529550552368,False
2015-12-11,154299.13009876962,CASH,0.0,154299.13009876962,,False
2015-12-14,154299.13009876962,CASH,0.0,154299.13009876962,,False
2015-12-15,154299.13009876962,CASH,0.0,154299.13009876962,,False
2015-12-16,154299.13009876962,CASH,0.0,154299.13009876962,,False
2015-12-17,154299.13009876962,CASH,0.0,154299.13009876962,,False
2015-12-18,154299.13009876962,CASH,0.0,154299.13009876962,,False
2015-12-21,154299.13009876962,CASH,0.0,154299.13009876962,,False
2015-12-22,154299.13009876962,CASH,0.0,154299.13009876962,,False
2015-12-23,154299.13009876962,CASH,0.0,154299.13009876962,,False
2015-12-24,154299.13009876962,CASH,0.0,154299.13009876962,,False
2015-12-28,154299.13009876962,CASH,0.0,154299.13009876962,,False
2015-12-29,154299.13009876962,CASH,0.0,154299.13009876962,,False
2015-12-30,154299.13009876962,CASH,0.0,154299.13009876962,,False
2015-12-31,154299.13009876962,CASH,0.0,154299.13009876962,,False
2016-01-04,154299.13009876962,TECL,48661.03129713984,0.0,3.1708972454071045,False
2016-01-05,152840.14747571628,TECL,48661.03129713984,0.0,3.1708972454071045,False
2016-01-06,147667.38141077757,TECL,48661.03129713984,0.0,3.1708972454071045,False
2016-01-07,138869.21708889265,CASH,0.0,138869.21708889265,,False
2016-01-08,138869.21708889265,CASH,0.0,138869.21708889265,,False
2016-01-11,138869.21708889265,CASH,0.0,138869.21708889265,,False
2016-01-12,138869.21708889265,CASH,0.0,138869.21708889265,,False
2016-01-13,138869.21708889265,CASH,0.0,138869.21708889265,,False
2016-01-14,138869.21708889265,CASH,0.0,138869.21708889265,,False
2016-01-15,138869.21708889265,CASH,0.0,138869.21708889265,,False
2016-01-19,138869.21708889265,CASH,0.0,138869.21708889265,,False
2016-01-20,138869.21708889265,CASH,0.0,138869.21708889265,,False
2016-01-21,138869.21708889265,CASH,0.0,138869.21708889265,,False
2016-01-22,138869.21708889265,CASH,0.0,138869.21708889265,,False
2016-01-25,138869.21708889265,CASH,0.0,138869.21708889265,,False
2016-01-26,138869.21708889265,CASH,0.0,138869.21708889265,,False
2016-01-27,138869.21708889265,CASH,0.0,138869.21708889265,,False
2016-01-28,138869.21708889265,CASH,0.0,138869.21708889265,,False
2016-01-29,138869.21708889265,CASH,0.0,138869.21708889265,,False
2016-02-01,138869.21708889265,SHY,2003.900445158006,0.0,69.29945917445161,False
2016-02-02,139049.35768553536,SHY,2003.900445158006,0.0,69.29945917445161,False
2016-02-03,139082.1259416444,SHY,2003.900445158006,0.0,69.29945917445161,False
2016-02-04,139114.89419775337,SHY,2003.900445158006,0.0,69.29945917445161,False
2016-02-05,139082.1259416444,SHY,2003.900445158006,0.0,69.29945917445161,False
2016-02-08,139245.78217791975,SHY,2003.900445158006,0.0,69.29945917445161,False
2016-02-09,139196.66834464573,SHY,2003.900445158006,0.0,69.29945917445161,False
2016-02-10,139196.66834464573,SHY,2003.900445158006,0.0,69.29945917445161,False
2016-02-11,139327.61800623534,SHY,2003.900445158006,0.0,69.29945917445161,False
2016-02-12,139163.9309292483,SHY,2003.900445158006,0.0,69.29945917445161,False
2016-02-16,139082.1259416444,SHY,2003.900445158006,0.0,69.29945917445161,False
2016-02-17,139114.89419775337,SHY,2003.900445158006,0.0,69.29945917445161,False
2016-02-18,139229.43660075477,SHY,2003.900445158006,0.0,69.29945917445161,False
2016-02-19,139098.4406780977,SHY,2003.900445158006,0.0,69.29945917445161,False
2016-02-22,139114.89419775337,SHY,2003.900445158006,0.0,69.29945917445161,False
2016-02-23,139131.23977491836,SHY,2003.900445158006,0.0,69.29945917445161,False
2016-02-24,139163.9309292483,SHY,2003.900445158006,0.0,69.29945917445161,False
2016-02-25,139196.66834464573,SHY,2003.900445158006,0.0,69.29945917445161,False
2016-02-26,139016.4969072914,SHY,2003.900445158006,0.0,69.29945917445161,False
2016-02-29,139098.4406780977,SHY,2003.900445158006,0.0,69.29945917445161,False
2016-03-01,138913.31930652645,GLD,1179.53063824516,0.0,117.7699966430664,False
2016-03-02,139986.69650689975,GLD,1179.53063824516,0.0,117.7699966430664,False
2016-03-03,142404.73791494418,GLD,1179.53063824516,0.0,117.7699966430664,False
2016-03-04,142180.62421396413,GLD,1179.53063824516,0.0,117.7699966430664,False
2016-03-07,142888.34079709032,GLD,1179.53063824516,0.0,117.7699966430664,False
2016-03-08,142227.80651938647,GLD,1179.53063824516,0.0,117.7699966430664,False
2016-03-09,141048.27588114134,GLD,1179.53063824516,0.0,117.7699966430664,False
2016-03-10,143312.97254678694,GLD,1179.53063824516,0.0,117.7699966430664,False
2016-03-11,140847.75783242474,GLD,1179.53063824516,0.0,117.7699966430664,False
2016-03-14,139031.27956963464,GLD,1179.53063824516,0.0,117.7699966430664,False
2016-03-15,139137.4330075065,GLD,1179.53063824516,0.0,117.7699966430664,False
2016-03-16,142239.59534641364,GLD,1179.53063824516,0.0,117.7699966430664,False
2016-03-17,141697.0123327134,GLD,1179.53063824516,0.0,117.7699966430664,False
2016-03-18,141307.774061412,GLD,1179.53063824516,0.0,117.7699966430664,False
2016-03-21,140316.96364575168,GLD,1179.53063824516,0.0,117.7699966430664,False
2016-03-22,140729.79756931655,GLD,1179.53063824516,0.0,117.7699966430664,False
2016-03-23,137545.06844569647,GLD,1179.53063824516,0.0,117.7699966430664,False
2016-03-24,137214.80130684457,GLD,1179.53063824516,0.0,117.7699966430664,False
2016-03-28,137533.27061956472,GLD,1179.53063824516,0.0,117.7699966430664,False
2016-03-29,140081.06111774448,GLD,1179.53063824516,0.0,117.7699966430664,False
2016-03-30,138123.0359386873,GLD,1179.53063824516,0.0,117.7699966430664,False
2016-03-31,138759.98356323224,GLD,1179.53063824516,0.0,117.7699966430664,False
2016-04-01,137922.51788997074,TQQQ,65793.62137454035,0.0,2.096290111541748,False
2016-04-04,136214.84696204166,TQQQ,65793.62137454035,0.0,2.096290111541748,False
2016-04-05,132552.1302356266,TQQQ,65793.62137454035,0.0,2.096290111541748,False
2016-04-06,138900.1113781115,TQQQ,65793.62137454035,0.0,2.096290111541748,False
2016-04-07,132904.07079338282,TQQQ,65793.62137454035,0.0,2.096290111541748,False
2016-04-08,132591.2364849797,TQQQ,65793.62137454035,0.0,2.096290111541748,False
2016-04-11,131170.37609181684,TQQQ,65793.62137454035,0.0,2.096290111541748,False
2016-04-12,134233.57346643636,TQQQ,65793.62137454035,0.0,2.096290111541748,False
2016-04-13,139473.6540155353,TQQQ,65793.62137454035,0.0,2.096290111541748,False
2016-04-14,139564.90193069258,TQQQ,65793.62137454035,0.0,2.096290111541748,False
2016-04-15,138496.06052739455,TQQQ,65793.62137454035,0.0,2.096290111541748,False
2016-04-18,140542.49541883334,TQQQ,65793.62137454035,0.0,2.096290111541748,False
2016-04-19,138118.03345031454,TQQQ,65793.62137454035,0.0,2.096290111541748,False
2016-04-20,138456.96996446318,TQQQ,65793.62137454035,0.0,2.096290111541748,False
2016-04-21,138496.06052739455,TQQQ,65793.62137454035,0.0,2.096290111541748,False
2016-04-22,132226.2448243507,TQQQ,65793.62137454035,0.0,2.096290111541748,False
2016-04-25,132121.97717916415,TQQQ,65793.62137454035,0.0,2.096290111541748,False
2016-04-26,130310.06997889196,TQQQ,65793.62137454035,0.0,2.096290111541748,False
2016-04-27,124130.26610097366,CASH,0.0,124130.26610097366,,False
2016-04-28,124130.26610097366,CASH,0.0,124130.26610097366,,False
2016-04-29,124130.26610097366,CASH,0.0,124130.26610097366,,False
2016-05-02,124130.26610097366,GLD,1007.2238579408954,0.0,123.23999786376953,False
2016-05-03,123848.24465027152,GLD,1007.2238579408954,0.0,123.23999786376953,False
2016-05-04,123092.82675681585,GLD,1007.2238579408954,0.0,123.23999786376953,False
2016-05-05,122951.81603146477,GLD,1007.2238579408954,0.0,123.23999786376953,False
2016-05-06,124069.83512853982,GLD,1007.2238579408954,0.0,123.23999786376953,False
2016-05-09,121521.55999747067,GLD,1007.2238579408954,0.0,123.23999786376953,False
2016-05-10,121853.94571487313,GLD,1007.2238579408954,0.0,123.23999786376953,False
2016-05-11,123002.1802981651,GLD,1007.2238579408954,0.0,123.23999786376953,False
2016-05-12,122035.24631668282,GLD,1007.2238579408954,0.0,123.23999786376953,False
2016-05-13,122589.2148278454,GLD,1007.2238579408954,0.0,123.23999786376953,False
2016-05-16,122679.86897100434,GLD,1007.2238579408954,0.0,123.23999786376953,False
2016-05-17,123102.90114705755,GLD,1007.2238579408954,0.0,123.23999786376953,False
2016-05-18,120967.5838017999,GLD,1007.2238579408954,0.0,123.23999786376953,False
2016-05-19,120735.92661779809,GLD,1007.2238579408954,0.0,123.23999786376953,False
2016-05-20,120574.7671119636,GLD,1007.2238579408954,0.0,123.23999786376953,False
2016-05-23,120232.31468882764,GLD,1007.2238579408954,0.0,123.23999786376953,False
2016-05-24,118147.36161027031,GLD,1007.2238579408954,0.0,123.23999786376953,False
2016-05-25,117825.05028310955,GLD,1007.2238579408954,0.0,123.23999786376953,False
2016-05-26,117422.15920303155,GLD,1007.2238579408954,0.0,123.23999786376953,False
2016-05-27,116455.22522154928,GLD,1007.2238579408954,0.0,123.23999786376953,False
2016-05-31,116898.3984935777,GLD,1007.2238579408954,0.0,123.23999786376953,False
2016-06-01,116777.53654871004,GLD,1007.2238579408954,0.0,116.05999755859375,False
2016-06-02,116505.5818037414,GLD,1007.2238579408954,0.0,116.05999755859375,False
2016-06-03,119738.7694655907,GLD,1007.2238579408954,0.0,116.05999755859375,False
2016-06-06,119779.05934204931,GLD,1007.2238579408954,0.0,116.05999755859375,False
2016-06-07,119678.33849315687,GLD,1007.2238579408954,0.0,116.05999755859375,False
2016-06-08,121451.05463479513,GLD,1007.2238579408954,0.0,116.05999755859375,False
2016-06-09,122125.89277533357,GLD,1007.2238579408954,0.0,116.05999755859375,False
2016-06-10,122619.43031406231,GLD,1007.2238579408954,0.0,116.05999755859375,False
2016-06-13,123525.93332311076,GLD,1007.2238579408954,0.0,116.05999755859375,False
2016-06-14,123656.86965822012,GLD,1007.2238579408954,0.0,116.05999755859375,False
2016-06-15,124573.44705751028,GLD,1007.2238579408954,0.0,116.05999755859375,False
2016-06-16,123264.05296838382,GLD,1007.2238579408954,0.0,116.05999755859375,False
2016-06-17,124845.3941179707,GLD,1007.2238579408954,0.0,116.05999755859375,False
2016-06-20,124100.05061475674,GLD,1007.2238579408954,0.0,116.05999755859375,False
2016-06-21,121712.92730501387,GLD,1007.2238579408954,0.0,116.05999755859375,False
2016-06-22,121773.36596195589,GLD,1007.2238579408954,0.0,116.05999755859375,False
2016-06-23,120977.6581920416,GLD,1007.2238579408954,0.0,116.05999755859375,False
2016-06-24,126910.20610055282,GLD,1007.2238579408954,0.0,116.05999755859375,False
2016-06-27,127595.11863133295,GLD,1007.2238579408954,0.0,116.05999755859375,False
2016-06-28,126225.29356977268,GLD,1007.2238579408954,0.0,116.05999755859375,False
2016-06-29,126749.04659471834,GLD,1007.2238579408954,0.0,116.05999755859375,False
2016-06-30,127383.60254330635,GLD,1007.2238579408954,0.0,116.05999755859375,False
2016-07-01,129337.61928675431,SHY,1850.4491353687822,0.0,69.89525775912678,False
2016-07-05,129398.22269156265,SHY,1850.4491353687822,0.0,69.89525775912678,False
2016-07-06,129337.61928675431,SHY,1850.4491353687822,0.0,69.89525775912678,False
2016-07-07,129276.95892385874,SHY,1850.4491353687822,0.0,69.89525775912678,False
2016-07-08,129276.95892385874,SHY,1850.4491353687822,0.0,69.89525775912678,False
2016-07-11,129140.47310734371,SHY,1850.4491353687822,0.0,69.89525775912678,False
2016-07-12,129095.0063142156,SHY,1850.4491353687822,0.0,69.89525775912678,False
2016-07-13,129125.36497470702,SHY,1850.4491353687822,0.0,69.89525775912678,False
2016-07-14,129049.49680252213,SHY,1850.4491353687822,0.0,69.89525775912678,False
2016-07-15,128988.85067914838,SHY,1850.4491353687822,0.0,69.89525775912678,False
2016-07-18,129064.66189324603,SHY,1850.4491353687822,0.0,69.89525775912678,False
2016-07-19,129079.81274444814,SHY,1850.4491353687822,0.0,69.89525775912678,False
2016-07-20,129019.16662107437,SHY,1850.4491353687822,0.0,69.89525775912678,False
2016-07-21,129110.1144468523,SHY,1850.4491353687822,0.0,69.89525775912678,False
2016-07-22,129064.66189324603,SHY,1850.4491353687822,0.0,69.89525775912678,False
2016-07-25,128973.61439081543,SHY,1850.4491353687822,0.0,69.89525775912678,False
2016-07-26,128988.85067914838,SHY,1850.4491353687822,0.0,69.89525775912678,False
2016-07-27,129079.81274444814,SHY,1850.4491353687822,0.0,69.89525775912678,False
2016-07-28,129064.66189324603,SHY,1850.4491353687822,0.0,69.89525775912678,False
2016-07-29,129231.40669359981,SHY,1850.4491353687822,0.0,69.89525775912678,False
2016-08-01,129187.39233169601,TQQQ,54402.80703270084,0.0,2.374645709991455,False
2016-08-02,126277.26064017392,TQQQ,54402.80703270084,0.0,2.374645709991455,False
2016-08-03,127473.68543997464,TQQQ,54402.80703270084,0.0,2.374645709991455,False
2016-08-04,128616.13940693562,TQQQ,54402.80703270084,0.0,2.374645709991455,False
2016-08-05,132334.67920409815,TQQQ,54402.80703270084,0.0,2.374645709991455,False
2016-08-08,131914.3137338979,TQQQ,54402.80703270084,0.0,2.374645709991455,False
2016-08-09,132787.31562649866,TQQQ,54402.80703270084,0.0,2.374645709991455,False
2016-08-10,131763.3873674179,TQQQ,54402.80703270084,0.0,2.374645709991455,False
2016-08-11,133466.38051053902,TQQQ,54402.80703270084,0.0,2.374645709991455,False
2016-08-12,133714.21052809944,TQQQ,54402.80703270084,0.0,2.374645709991455,False
2016-08-15,135395.62052634064,TQQQ,54402.80703270084,0.0,2.374645709991455,False
2016-08-16,133261.54816441904,TQQQ,54402.80703270084,0.0,2.374645709991455,False
2016-08-17,133886.7070688194,TQQQ,54402.80703270084,0.0,2.374645709991455,False
2016-08-18,134016.0502904195,TQQQ,54402.80703270084,0.0,2.374645709991455,False
2016-08-19,133832.8140598194,TQQQ,54402.80703270084,0.0,2.374645709991455,False
2016-08-22,133962.13134013955,TQQQ,54402.80703270084,0.0,2.374645709991455,False
2016-08-23,134759.76084397998,TQQQ,54402.80703270084,0.0,2.374645709991455,False
2016-08-24,132162.15672209827,TQQQ,54402.80703270084,0.0,2.374645709991455,False
2016-08-25,131537.04970025772,TQQQ,54402.80703270084,0.0,2.374645709991455,False
2016-08-26,132172.97423581814,TQQQ,54402.80703270084,0.0,2.374645709991455,False
2016-08-29,132539.42075573845,TQQQ,54402.80703270084,0.0,2.374645709991455,False
2016-08-30,131342.99595593775,TQQQ,54402.80703270084,0.0,2.374645709991455,False
2016-08-31,130998.10663961744,TQQQ,54402.80703270084,0.0,2.374645709991455,False
2016-09-01,131580.1511368178,TQQQ,54402.80703270084,0.0,2.4079291820526123,False
2016-09-02,133121.42634101896,TQQQ,54402.80703270084,0.0,2.4079291820526123,False
2016-09-06,135589.5964468209,TQQQ,54402.80703270084,0.0,2.4079291820526123,False
2016-09-07,135837.54320014094,TQQQ,54402.80703270084,0.0,2.4079291820526123,False
2016-09-08,133509.46897645915,TQQQ,54402.80703270084,0.0,2.4079291820526123,False
2016-09-09,123388.73803481166,TQQQ,54402.80703270084,0.0,2.4079291820526123,False
2016-09-12,129715.55679053628,TQQQ,54402.80703270084,0.0,2.4079291820526123,False
2016-09-13,126654.5246738141,TQQQ,54402.80703270084,0.0,2.4079291820526123,False
2016-09-14,128281.98978049547,TQQQ,54402.80703270084,0.0,2.4079291820526123,False
2016-09-15,134231.58341449976,TQQQ,54402.80703270084,0.0,2.4079291820526123,False
2016-09-16,134080.68298929968,TQQQ,54402.80703270084,0.0,2.4079291820526123,False
2016-09-19,132323.80980781847,TQQQ,54402.80703270084,0.0,2.4079291820526123,False
2016-09-20,133056.76770085888,TQQQ,54402.80703270084,0.0,2.4079291820526123,False
2016-09-21,136926.14307002173,TQQQ,54402.80703270084,0.0,2.4079291820526123,False
2016-09-22,140127.297010144,TQQQ,54402.80703270084,0.0,2.4079291820526123,False
2016-09-23,137605.19498342215,TQQQ,54402.80703270084,0.0,2.4079291820526123,False
2016-09-26,134188.46900729975,TQQQ,54402.80703270084,0.0,2.4079291820526123,False
2016-09-27,137993.23761886233,TQQQ,54402.80703270084,0.0,2.4079291820526123,False
2016-09-28,138747.6489503831,TQQQ,54402.80703270084,0.0,2.4079291820526123,False
2016-09-29,135805.2073947409,TQQQ,54402.80703270084,0.0,2.4079291820526123,False
2016-09-30,138596.73555454306,TQQQ,54402.80703270084,0.0,2.4079291820526123,False
2016-10-03,138284.19501426275,TECL,31655.65292034604,0.0,4.368388652801514,False
2016-10-04,136961.13896771902,TECL,31655.65292034604,0.0,4.368388652801514,False
2016-10-05,138370.47569973176,TECL,31655.65292034604,0.0,4.368388652801514,False
2016-10-06,139319.57833448242,TECL,31655.65292034604,0.0,4.368388652801514,False
2016-10-07,138197.869045019,TECL,31655.65292034604,0.0,4.368388652801514,False
2016-10-10,140987.74202831057,TECL,31655.65292034604,0.0,4.368388652801514,False
2016-10-11,136472.1647680894,TECL,31655.65292034604,0.0,4.368388652801514,False
2016-10-12,136903.6587629839,TECL,31655.65292034604,0.0,4.368388652801514,False
2016-10-13,134487.69390771067,TECL,31655.65292034604,0.0,4.368388652801514,False
2016-10-14,136012.05142755996,TECL,31655.65292034604,0.0,4.368388652801514,False
2016-10-17,135062.91860362614,TECL,31655.65292034604,0.0,4.368388652801514,False
2016-10-18,137507.62356126696,TECL,31655.65292034604,0.0,4.368388652801514,False
2016-10-19,137737.74060989797,TECL,31655.65292034604,0.0,4.368388652801514,False
2016-10-20,136069.5769160698,TECL,31655.65292034604,0.0,4.368388652801514,False
2016-10-21,136903.6587629839,TECL,31655.65292034604,0.0,4.368388652801514,False
2016-10-24,141045.28261141203,TECL,31655.65292034604,0.0,4.368388652801514,False
2016-10-25,139664.7312655416,TECL,31655.65292034604,0.0,4.368388652801514,False
2016-10-26,137478.8834588994,TECL,31655.65292034604,0.0,4.368388652801514,False
2016-10-27,136472.1647680894,TECL,31655.65292034604,0.0,4.368388652801514,False
2016-10-28,136012.05142755996,TECL,31655.65292034604,0.0,4.368388652801514,False
2016-10-31,136069.5769160698,TECL,31655.65292034604,0.0,4.368388652801514,False
2016-11-01,132531.91786592477,TQQQ,55681.1478372106,0.0,2.3801937103271484,False
2016-11-02,129079.0341865665,TQQQ,55681.1478372106,0.0,2.3801937103271484,False
2016-11-03,125361.45190483554,TQQQ,55681.1478372106,0.0,2.3801937103271484,False
2016-11-04,123938.3799664263,TQQQ,55681.1478372106,0.0,2.3801937103271484,False
2016-11-07,132818.66694116677,TQQQ,55681.1478372106,0.0,2.3801937103271484,False
2016-11-08,135422.13613764156,TQQQ,55681.1478372106,0.0,2.3801937103271484,False
2016-11-09,137319.51228717327,TQQQ,55681.1478372106,0.0,2.3801937103271484,False
2016-11-10,130788.92157731847,TQQQ,55681.1478372106,0.0,2.3801937103271484,False
2016-11-11,130678.6028358712,TQQQ,55681.1478372106,0.0,2.3801937103271484,False
2016-11-14,126266.0124830225,TQQQ,55681.1478372106,0.0,2.3801937103271484,False
2016-11-15,132112.70664842517,TQQQ,55681.1478372106,0.0,2.3801937103271484,False
2016-11-16,134263.82917870575,TQQQ,55681.1478372106,0.0,2.3801937103271484,False
2016-11-17,137374.68493331707,TQQQ,55681.1478372106,0.0,2.3801937103271484,False
2016-11-18,135830.24910389568,TQQQ,55681.1478372106,0.0,2.3801937103271484,False
2016-11-21,139911.97616034365,TQQQ,55681.1478372106,0.0,2.3801937103271484,False
2016-11-22,141169.5434357417,TQQQ,55681.1478372106,0.0,2.3801937103271484,False
2016-11-23,139470.648092874,TQQQ,55681.1478372106,0.0,2.3801937103271484,False
2016-11-25,140816.53673853062,TQQQ,55681.1478372106,0.0,2.3801937103271484,False
2016-11-28,140033.2603988349,TQQQ,55681.1478372106,0.0,2.3801937103271484,False
2016-11-29,141379.1490444915,TQQQ,55681.1478372106,0.0,2.3801937103271484,False
2016-11-30,136801.09385489204,TQQQ,55681.1478372106,0.0,2.3801937103271484,False
2016-12-01,129288.65307073644,TECL,32209.048128929473,0.0,4.014047622680664,False
2016-12-02,130634.80769350701,TECL,32209.048128929473,0.0,4.014047622680664,False
2016-12-05,134409.84306760016,TECL,32209.048128929473,0.0,4.014047622680664,False
2016-12-06,135638.95078304567,TECL,32209.048128929473,0.0,4.014047622680664,False
2016-12-07,143247.61409801393,TECL,32209.048128929473,0.0,4.014047622680664,False
2016-12-08,144798.57393127916,TECL,32209.048128929473,0.0,4.014047622680664,False
2016-12-09,147490.91389376222,TECL,32209.048128929473,0.0,4.014047622680664,False
2016-12-12,146437.36886006885,TECL,32209.048128929473,0.0,4.014047622680664,False
2016-12-13,151646.39395245703,TECL,32209.048128929473,0.0,4.014047622680664,False
2016-12-14,150329.512575371,TECL,32209.048128929473,0.0,4.014047622680664,False
2016-12-15,151997.5500329032,TECL,32209.048128929473,0.0,4.014047622680664,False
2016-12-16,149129.70882255194,TECL,32209.048128929473,0.0,4.014047622680664,False
2016-12-19,152143.8394689708,TECL,32209.048128929473,0.0,4.014047622680664,False
2016-12-20,153694.84537764898,TECL,32209.048128929473,0.0,4.014047622680664,False
2016-12-21,152875.50166790254,TECL,32209.048128929473,0.0,4.014047622680664,False
2016-12-22,151792.7141054666,TECL,32209.048128929473,0.0,4.014047622680664,False
2016-12-23,151997.5500329032,TECL,32209.048128929473,0.0,4.014047622680664,False
2016-12-27,153987.51640061004,TECL,32209.048128929473,0.0,4.014047622680664,False
2016-12-28,150153.91917667692,TECL,32209.048128929473,0.0,4.014047622680664,False
2016-12-29,150007.61438213833,TECL,32209.048128929473,0.0,4.014047622680664,False
2016-12-30,146144.7285540497,TECL,32209.048128929473,0.0,4.014047622680664,False
2017-01-03,150358.75510411352,TQQQ,58240.672513252364,0.0,2.581679582595825,False
2017-01-04,152920.33970628525,TQQQ,58240.672513252364,0.0,2.581679582595825,False
2017-01-05,155631.8755333731,TQQQ,58240.672513252364,0.0,2.581679582595825,False
2017-01-06,159578.0269045824,TQQQ,58240.672513252364,0.0,2.581679582595825,False
2017-01-09,161193.4566299544,TQQQ,58240.672513252364,0.0,2.581679582595825,False
2017-01-10,162116.50577119892,TQQQ,58240.672513252364,0.0,2.581679582595825,False
2017-01-11,163362.68806875637,TQQQ,58240.672513252364,0.0,2.581679582595825,False
2017-01-12,162531.88135617354,TQQQ,58240.672513252364,0.0,2.581679582595825,False
2017-01-13,164401.14091685132,TQQQ,58240.672513252364,0.0,2.581679582595825,False
2017-01-17,162854.9867411697,TQQQ,58240.672513252364,0.0,2.581679582595825,False
2017-01-18,163962.68736763828,TQQQ,58240.672513252364,0.0,2.581679582595825,False
2017-01-19,163524.21993276686,TQQQ,58240.672513252364,0.0,2.581679582595825,False
2017-01-20,164585.7924020754,TQQQ,58240.672513252364,0.0,2.581679582595825,False
2017-01-23,164954.98428725643,TQQQ,58240.672513252364,0.0,2.581679582595825,False
2017-01-24,168393.4759878542,TQQQ,58240.672513252364,0.0,2.581679582595825,False
2017-01-25,173308.9018570768,TQQQ,58240.672513252364,0.0,2.581679582595825,False
2017-01-26,174024.30486280916,TQQQ,58240.672513252364,0.0,2.581679582595825,False
2017-01-27,174855.05603275844,TQQQ,58240.672513252364,0.0,2.581679582595825,False
2017-01-30,170885.8405829691,TQQQ,58240.672513252364,0.0,2.581679582595825,False
2017-01-31,169939.6579348526,TQQQ,58240.672513252364,0.0,2.581679582595825,False
2017-02-01,173170.4757286215,TECL,33793.87623126315,0.0,5.12431526184082,False
2017-02-02,172587.09421826823,TECL,33793.87623126315,0.0,5.12431526184082,False
2017-02-03,175780.3437726601,TECL,33793.87623126315,0.0,5.12431526184082,False
2017-02-06,176087.33493786023,TECL,33793.87623126315,0.0,5.12431526184082,False
2017-02-07,178236.65983448294,TECL,33793.87623126315,0.0,5.12431526184082,False
2017-02-08,179280.58449225212,TECL,33793.87623126315,0.0,5.12431526184082,False
2017-02-09,181184.2165488241,TECL,33793.87623126315,0.0,5.12431526184082,False
2017-02-10,182289.56844514993,TECL,33793.87623126315,0.0,5.12431526184082,False
2017-02-13,184807.2634030017,TECL,33793.87623126315,0.0,5.12431526184082,False
2017-02-14,186803.05243158457,TECL,33793.87623126315,0.0,5.12431526184082,False
2017-02-15,188737.39810743488,TECL,33793.87623126315,0.0,5.12431526184082,False
2017-02-16,190241.89814097175,TECL,33793.87623126315,0.0,5.12431526184082,False
2017-02-17,191562.13257301453,TECL,33793.87623126315,0.0,5.12431526184082,False
2017-02-21,194908.91799544625,TECL,33793.87623126315,0.0,5.12431526184082,False
2017-02-22,195737.9117749707,TECL,33793.87623126315,0.0,5.12431526184082,False
2017-02-23,195308.0983610091,TECL,33793.87623126315,0.0,5.12431526184082,False
2017-02-24,196781.8364327399,TECL,33793.87623126315,0.0,5.12431526184082,False
2017-02-27,196259.93050347097,TECL,33793.87623126315,0.0,5.12431526184082,False
2017-02-28,193772.868594018,TECL,33793.87623126315,0.0,5.12431526184082,False
2017-03-01,201755.91190911815,TECL,33793.87623126315,0.0,5.733963966369629,False
2017-03-02,198040.69196875373,TECL,33793.87623126315,0.0,5.733963966369629,False
2017-03-03,198562.6945830781,TECL,33793.87623126315,0.0,5.733963966369629,False
2017-03-06,197948.61556762236,TECL,33793.87623126315,0.0,5.733963966369629,False
2017-03-07,198132.84894076464,TECL,33793.87623126315,0.0,5.733963966369629,False
2017-03-08,198624.05736493113,TECL,33793.87623126315,0.0,5.733963966369629,False
2017-03-09,198409.15871503824,TECL,33793.87623126315,0.0,5.733963966369629,False
2017-03-10,201571.6624218,TECL,33793.87623126315,0.0,5.733963966369629,False
2017-03-13,202492.78094498353,TECL,33793.87623126315,0.0,5.733963966369629,False
2017-03-14,200650.56001279232,TECL,33793.87623126315,0.0,5.733963966369629,False
2017-03-15,204672.78723253278,TECL,33793.87623126315,0.0,5.733963966369629,False
2017-03-16,205962.35638782496,TECL,33793.87623126315,0.0,5.733963966369629,False
2017-03-17,206330.77479158173,TECL,33793.87623126315,0.0,5.733963966369629,False
2017-03-20,206852.72906337839,TECL,33793.87623126315,0.0,5.733963966369629,False
2017-03-21,198317.05008555506,TECL,33793.87623126315,0.0,5.733963966369629,False
2017-03-22,201940.1291680845,TECL,33793.87623126315,0.0,5.733963966369629,False
2017-03-23,200159.2871319222,TECL,33793.87623126315,0.0,5.733963966369629,False
2017-03-24,200404.93162944523,TECL,33793.87623126315,0.0,5.733963966369629,False
2017-03-27,200404.93162944523,TECL,33793.87623126315,0.0,5.733963966369629,False
2017-03-28,204242.94159021933,TECL,33793.87623126315,0.0,5.733963966369629,False
2017-03-29,205563.2243647898,TECL,33793.87623126315,0.0,5.733963966369629,False
2017-03-30,206514.99205054808,TECL,33793.87623126315,0.0,5.733963966369629,False
2017-03-31,205563.2243647898,TECL,33793.87623126315,0.0,5.733963966369629,False
2017-04-03,204949.1453493341,TECL,33793.87623126315,0.0,6.082854270935059,False
2017-04-04,205194.7253901535,TECL,33793.87623126315,0.0,6.082854270935059,False
2017-04-05,203260.411942655,TECL,33793.87623126315,0.0,6.082854270935059,False
2017-04-06,202830.55018616564,TECL,33793.87623126315,0.0,6.082854270935059,False
2017-04-07,202646.33292719928,TECL,33793.87623126315,0.0,6.082854270935059,False
2017-04-10,201541.01325922526,TECL,33793.87623126315,0.0,6.082854270935059,False
2017-04-11,199238.18472291454,TECL,33793.87623126315,0.0,6.082854270935059,False
2017-04-12,197150.2870648485,TECL,33793.87623126315,0.0,6.082854270935059,False
2017-04-13,194847.5390994173,TECL,33793.87623126315,0.0,6.082854270935059,False
2017-04-17,199852.26373837027,TECL,33793.87623126315,0.0,6.082854270935059,False
2017-04-18,199637.34897430148,TECL,33793.87623126315,0.0,6.082854270935059,False
2017-04-19,199115.39470250485,TECL,33793.87623126315,0.0,6.082854270935059,False
2017-04-20,204273.62298114583,TECL,33793.87623126315,0.0,6.082854270935059,False
2017-04-21,203413.8994681671,TECL,33793.87623126315,0.0,6.082854270935059,False
2017-04-24,210506.52176518613,TECL,33793.87623126315,0.0,6.082854270935059,False
2017-04-25,213914.66996947088,TECL,33793.87623126315,0.0,6.082854270935059,False
2017-04-26,213239.1959438103,TECL,33793.87623126315,0.0,6.082854270935059,False
2017-04-27,216186.75265815147,TECL,33793.87623126315,0.0,6.082854270935059,False
2017-04-28,217261.42316355076,TECL,33793.87623126315,0.0,6.082854270935059,False
2017-05-01,222020.53553333253,TECL,33793.87623126315,0.0,6.429017543792725,False
2017-05-02,223371.49969882955,TECL,33793.87623126315,0.0,6.429017543792725,False
2017-05-03,221989.8219140542,TECL,33793.87623126315,0.0,6.429017543792725,False
2017-05-04,221805.62076926374,TECL,33793.87623126315,0.0,6.429017543792725,False
2017-05-05,224384.7429656722,TECL,33793.87623126315,0.0,6.429017543792725,False
2017-05-08,227148.0663068711,TECL,33793.87623126315,0.0,6.429017543792725,False
2017-05-09,227915.69730454253,TECL,33793.87623126315,0.0,6.429017543792725,False
2017-05-10,230586.96035878596,TECL,33793.87623126315,0.0,6.429017543792725,False
2017-05-11,229819.36158946634,TECL,33793.87623126315,0.0,6.429017543792725,False
2017-05-12,231692.29614093588,TECL,33793.87623126315,0.0,6.429017543792725,False
2017-05-15,234946.89236300488,TECL,33793.87623126315,0.0,6.429017543792725,False
2017-05-16,238416.4678058463,TECL,33793.87623126315,0.0,6.429017543792725,False
2017-05-17,218704.5281868828,TECL,33793.87623126315,0.0,6.429017543792725,False
2017-05-18,223279.40718352227,TECL,33793.87623126315,0.0,6.429017543792725,False
2017-05-19,226687.52315945522,TECL,33793.87623126315,0.0,6.429017543792725,False
2017-05-22,232337.02431896632,TECL,33793.87623126315,0.0,6.429017543792725,False
2017-05-23,233043.2764206088,TECL,33793.87623126315,0.0,6.429017543792725,False
2017-05-24,235653.0961221197,TECL,33793.87623126315,0.0,6.429017543792725,False
2017-05-25,241394.78648199348,TECL,33793.87623126315,0.0,6.429017543792725,False
2017-05-26,241179.79114704518,TECL,33793.87623126315,0.0,6.429017543792725,False
2017-05-30,243881.78393474285,TECL,33793.87623126315,0.0,6.429017543792725,False
2017-05-31,242407.94917795662,TECL,33793.87623126315,0.0,6.429017543792725,False
2017-06-01,244035.25534607907,TECL,33793.87623126315,0.0,7.173132419586182,False
2017-06-02,250759.4753535172,TECL,33793.87623126315,0.0,7.173132419586182,False
2017-06-05,251649.86414324652,TECL,33793.87623126315,0.0,7.173132419586182,False
2017-06-06,250391.00860723265,TECL,33793.87623126315,0.0,7.173132419586182,False
2017-06-07,252263.95927287813,TECL,33793.87623126315,0.0,7.173132419586182,False
2017-06-08,254351.79247424056,TECL,33793.87623126315,0.0,7.173132419586182,False
2017-06-09,235039.0493350158,TECL,33793.87623126315,0.0,7.173132419586182,False
2017-06-12,230832.57262795718,TECL,33793.87623126315,0.0,7.173132419586182,False
2017-06-13,235745.20475160287,TECL,33793.87623126315,0.0,7.173132419586182,False
2017-06-14,232552.0357680905,TECL,33793.87623126315,0.0,7.173132419586182,False
2017-06-15,229328.07259442031,TECL,33793.87623126315,0.0,7.173132419586182,False
2017-06-16,227639.40364444483,TECL,33793.87623126315,0.0,7.173132419586182,False
2017-06-19,238048.00105956176,TECL,33793.87623126315,0.0,7.173132419586182,False
2017-06-20,232705.53940777853,TECL,33793.87623126315,0.0,7.173132419586182,False
2017-06-21,236205.79624154646,TECL,33793.87623126315,0.0,7.173132419586182,False
2017-06-22,236512.7874067466,TECL,33793.87623126315,0.0,7.173132419586182,False
2017-06-23,240535.04685483887,TECL,33793.87623126315,0.0,7.173132419586182,False
2017-06-26,236789.11329519612,TECL,33793.87623126315,0.0,7.173132419586182,False
2017-06-27,225336.5589939582,TECL,33793.87623126315,0.0,7.173132419586182,False
2017-06-28,233565.21457822953,TECL,33793.87623126315,0.0,7.173132419586182,False
2017-06-29,218167.15426016093,CASH,0.0,218167.15426016093,,False
2017-06-30,218167.15426016093,CASH,0.0,218167.15426016093,,False
2017-07-03,218167.15426016095,TECL,34151.94786272726,0.0,6.388132095336914,False
2017-07-05,224404.04977567648,TECL,34151.94786272726,0.0,6.388132095336914,False
2017-07-06,218539.52518979748,TECL,34151.94786272726,0.0,6.388132095336914,False
2017-07-07,225676.2275515536,TECL,34151.94786272726,0.0,6.388132095336914,False
2017-07-10,230640.89643643875,TECL,34151.94786272726,0.0,6.388132095336914,False
2017-07-11,232688.85512485087,TECL,34151.94786272726,0.0,6.388132095336914,False
2017-07-12,241315.00863531762,TECL,34151.94786272726,0.0,6.388132095336914,False
2017-07-13,242618.2580342922,TECL,34151.94786272726,0.0,6.388132095336914,False
2017-07-14,248730.99733676002,TECL,34151.94786272726,0.0,6.388132095336914,False
2017-07-17,249320.59278447676,TECL,34151.94786272726,0.0,6.388132095336914,False
2017-07-18,252516.524180965,TECL,34151.94786272726,0.0,6.388132095336914,False
2017-07-19,256053.93401808772,TECL,34151.94786272726,0.0,6.388132095336914,False
2017-07-20,258163.93824318817,TECL,34151.94786272726,0.0,6.388132095336914,False
2017-07-21,256674.6173738197,TECL,34151.94786272726,0.0,6.388132095336914,False
2017-07-24,259032.73860600236,TECL,34151.94786272726,0.0,6.388132095336914,False
2017-07-25,257450.21915225926,TECL,34151.94786272726,0.0,6.388132095336914,False
2017-07-26,260211.848076847,TECL,34151.94786272726,0.0,6.388132095336914,False
2017-07-27,257108.93613063794,TECL,34151.94786272726,0.0,6.388132095336914,False
2017-07-28,256053.93401808772,TECL,34151.94786272726,0.0,6.388132095336914,False
2017-07-31,253106.1359135995,TECL,34151.94786272726,0.0,6.388132095336914,False
2017-08-01,256209.09671456183,TECL,34151.94786272726,0.0,7.411177158355713,False
2017-08-02,258908.66381754348,TECL,34151.94786272726,0.0,7.411177158355713,False
2017-08-03,256271.15853616793,TECL,34151.94786272726,0.0,7.411177158355713,False
2017-08-04,258381.11390651506,TECL,34151.94786272726,0.0,7.411177158355713,False
2017-08-07,262601.12235671596,TECL,34151.94786272726,0.0,7.411177158355713,False
2017-08-08,261328.92829592107,TECL,34151.94786272726,0.0,7.411177158355713,False
2017-08-09,261577.15929742766,TECL,34151.94786272726,0.0,7.411177158355713,False
2017-08-10,246062.48557195807,TECL,34151.94786272726,0.0,7.411177158355713,False
2017-08-11,251027.13817192544,TECL,34151.94786272726,0.0,7.411177158355713,False
2017-08-14,262632.1614099779,TECL,34151.94786272726,0.0,7.411177158355713,False
2017-08-15,264555.98017026007,TECL,34151.94786272726,0.0,7.411177158355713,False
2017-08-16,266200.56144560926,TECL,34151.94786272726,0.0,7.411177158355713,False
2017-08-17,250716.89420356607,TECL,34151.94786272726,0.0,7.411177158355713,False
2017-08-18,249786.015734228,TECL,34151.94786272726,0.0,7.411177158355713,False
2017-08-21,249754.9766809661,TECL,34151.94786272726,0.0,7.411177158355713,False
2017-08-22,260429.04002509167,TECL,34151.94786272726,0.0,7.411177158355713,False
2017-08-23,259125.83948087037,TECL,34151.94786272726,0.0,7.411177158355713,False
2017-08-24,257822.60636681356,TECL,34151.94786272726,0.0,7.411177158355713,False
2017-08-25,257419.18009899734,TECL,34151.94786272726,0.0,7.411177158355713,False
2017-08-28,259684.4284451607,TECL,34151.94786272726,0.0,7.411177158355713,False
2017-08-29,262570.08330345404,TECL,34151.94786272726,0.0,7.411177158355713,False
2017-08-30,267751.9441365838,TECL,34151.94786272726,0.0,7.411177158355713,False
2017-08-31,272778.7725525816,TECL,34151.94786272726,0.0,7.411177158355713,False
2017-09-01,272437.3592516182,TQQQ,59585.96137382391,0.0,4.572173595428467,False
2017-09-05,265141.8328825256,TQQQ,59585.96137382391,0.0,4.572173595428467,False
2017-09-06,267431.9898404449,TQQQ,59585.96137382391,0.0,4.572173595428467,False
2017-09-07,269084.73403216485,TQQQ,59585.96137382391,0.0,4.572173595428467,False
2017-09-08,262450.2598792794,TQQQ,59585.96137382391,0.0,4.572173595428467,False
2017-09-11,270808.31133550714,TQQQ,59585.96137382391,0.0,4.572173595428467,False
2017-09-12,273098.46829342644,TQQQ,59585.96137382391,0.0,4.572173595428467,False
2017-09-13,274231.71284098184,TQQQ,59585.96137382391,0.0,4.572173595428467,False
2017-09-14,269604.1200251274,TQQQ,59585.96137382391,0.0,4.572173595428467,False
2017-09-15,271776.27862261055,TQQQ,59585.96137382391,0.0,4.572173595428467,False
2017-09-18,271115.1695808023,TQQQ,59585.96137382391,0.0,4.572173595428467,False
2017-09-19,272272.08199116617,TQQQ,59585.96137382391,0.0,4.572173595428467,False
2017-09-20,270005.5644832548,TQQQ,59585.96137382391,0.0,4.572173595428467,False
2017-09-21,264811.33518722246,TQQQ,59585.96137382391,0.0,4.572173595428467,False
2017-09-22,264150.2261454143,TQQQ,59585.96137382391,0.0,4.572173595428467,False
2017-09-25,255863.0930392103,TQQQ,59585.96137382391,0.0,4.572173595428467,False
2017-09-26,257610.22455415907,TQQQ,59585.96137382391,0.0,4.572173595428467,False
2017-09-27,264598.77902675455,TQQQ,59585.96137382391,0.0,4.572173595428467,False
2017-09-28,264150.2261454143,TQQQ,59585.96137382391,0.0,4.572173595428467,False
2017-09-29,269745.78624837205,TQQQ,59585.96137382391,0.0,4.572173595428467,False
2017-10-02,270501.33943901,TQQQ,59585.96137382391,0.0,4.527002334594727,False
2017-10-03,272201.27729234437,TQQQ,59585.96137382391,0.0,4.527002334594727,False
2017-10-04,272909.60840856744,TQQQ,59585.96137382391,0.0,4.527002334594727,False
2017-10-05,280771.71443223703,TQQQ,59585.96137382391,0.0,4.527002334594727,False
2017-10-06,281787.07427055825,TQQQ,59585.96137382391,0.0,4.527002334594727,False
2017-10-09,281078.7431543352,TQQQ,59585.96137382391,0.0,4.527002334594727,False
2017-10-10,281668.9338461196,TQQQ,59585.96137382391,0.0,4.527002334594727,False
2017-10-11,284124.3680644909,TQQQ,59585.96137382391,0.0,4.527002334594727,False
2017-10-12,282589.76429720956,TQQQ,59585.96137382391,0.0,4.527002334594727,False
2017-10-13,285753.50121900346,TQQQ,59585.96137382391,0.0,4.527002334594727,False
2017-10-16,288704.7388059305,TQQQ,59585.96137382391,0.0,4.527002334594727,False
2017-10-17,289720.0418186507,TQQQ,59585.96137382391,0.0,4.527002334594727,False
2017-10-18,288610.26624430023,TQQQ,59585.96137382391,0.0,4.527002334594727,False
2017-10-19,285422.9466980994,TQQQ,59585.96137382391,0.0,4.527002334594727,False
2017-10-20,287500.6611467527,TQQQ,59585.96137382391,0.0,4.527002334594727,False
2017-10-23,282141.1545902683,TQQQ,59585.96137382391,0.0,4.527002334594727,False
2017-10-24,283581.31420871994,TQQQ,59585.96137382391,0.0,4.527002334594727,False
2017-10-25,280134.2732532373,TQQQ,59585.96137382391,0.0,4.527002334594727,False
2017-10-26,277537.08757321985,TQQQ,59585.96137382391,0.0,4.527002334594727,False
2017-10-27,301454.24429313774,TQQQ,59585.96137382391,0.0,4.527002334594727,False
2017-10-30,303602.76344061294,TQQQ,59585.96137382391,0.0,4.527002334594727,False
2017-10-31,306813.7508496222,TQQQ,59585.96137382391,0.0,4.527002334594727,False
2017-11-01,306412.3063914948,TQQQ,59585.96137382391,0.0,5.149094581604004,False
2017-11-02,304854.091587006,TQQQ,59585.96137382391,0.0,5.149094581604004,False
2017-11-03,313353.80926647835,TQQQ,59585.96137382391,0.0,5.149094581604004,False
2017-11-06,316541.10039987875,TQQQ,59585.96137382391,0.0,5.149094581604004,False
2017-11-07,317060.5432184423,TQQQ,59585.96137382391,0.0,5.149094581604004,False
2017-11-08,321027.11223088996,TQQQ,59585.96137382391,0.0,5.149094581604004,False
2017-11-09,315880.01977087103,TQQQ,59585.96137382391,0.0,5.149094581604004,False
2017-11-10,315785.60403484176,TQQQ,59585.96137382391,0.0,5.149094581604004,False
2017-11-13,316729.9602847377,TQQQ,59585.96137382391,0.0,5.149094581604004,False
2017-11-14,313542.6123257364,TQQQ,59585.96137382391,0.0,5.149094581604004,False
2017-11-15,308938.6589598899,TQQQ,59585.96137382391,0.0,5.149094581604004,False
2017-11-16,320507.58417392493,TQQQ,59585.96137382391,0.0,5.149094581604004,False
2017-11-17,316918.8485823972,TQQQ,59585.96137382391,0.0,5.149094581604004,False
2017-11-20,316139.7695929533,TQQQ,59585.96137382391,0.0,5.149094581604004,False
2017-11-21,326103.2011024837,TQQQ,59585.96137382391,0.0,5.149094581604004,False
2017-11-22,327401.7513232917,TQQQ,59585.96137382391,0.0,5.149094581604004,False
2017-11-24,331084.98788925016,TQQQ,59585.96137382391,0.0,5.149094581604004,False
2017-11-27,330541.9624462796,TQQQ,59585.96137382391,0.0,5.149094581604004,False
2017-11-28,332973.7856274435,TQQQ,59585.96137382391,0.0,5.149094581604004,False
2017-11-29,315856.40873366356,TQQQ,59585.96137382391,0.0,5.149094581604004,False
2017-11-30,323694.9889585273,TQQQ,59585.96137382391,0.0,5.149094581604004,False
2017-12-01,319374.311213569,TECL,32040.33471175835,0.0,9.967883110046387,False
2017-12-04,303741.869503859,TECL,32040.33471175835,0.0,9.967883110046387,False
2017-12-05,303945.7088754088,TECL,32040.33471175835,0.0,9.967883110046387,False
2017-12-06,309680.49782636465,TECL,32040.33471175835,0.0,9.967883110046387,False
2017-12-07,315357.10806896636,TECL,32040.33471175835,0.0,9.967883110046387,False
2017-12-08,320043.9163684395,TECL,32040.33471175835,0.0,9.967883110046387,False
2017-12-11,327845.5467121395,TECL,32040.33471175835,0.0,9.967883110046387,False
2017-12-12,327321.5716644203,TECL,32040.33471175835,0.0,9.967883110046387,False
2017-12-13,328020.20506137924,TECL,32040.33471175835,0.0,9.967883110046387,False
2017-12-14,326593.78780119563,TECL,32040.33471175835,0.0,9.967883110046387,False
2017-12-15,338005.1869947532,TECL,32040.33471175835,0.0,9.967883110046387,False
2017-12-18,346709.3206630062,TECL,32040.33471175835,0.0,9.967883110046387,False
2017-12-19,340188.17191189557,TECL,32040.33471175835,0.0,9.967883110046387,False
2017-12-20,340188.17191189557,TECL,32040.33471175835,0.0,9.967883110046387,False
2017-12-21,338090.25502209464,TECL,32040.33471175835,0.0,9.967883110046387,False
2017-12-22,337070.4775995042,TECL,32040.33471175835,0.0,9.967883110046387,False
2017-12-26,330310.3500258945,TECL,32040.33471175835,0.0,9.967883110046387,False
2017-12-27,331446.7904256364,TECL,32040.33471175835,0.0,9.967883110046387,False
2017-12-28,332641.4095337324,TECL,32040.33471175835,0.0,9.967883110046387,False
2017-12-29,326842.972342492,TECL,32040.33471175835,0.0,9.967883110046387,False
2018-01-02,338993.5528037995,TQQQ,58662.45366096808,0.0,5.778714179992676,False
2018-01-03,348918.81706473324,TQQQ,58662.45366096808,0.0,5.778714179992676,False
2018-01-04,350964.3575161958,TQQQ,58662.45366096808,0.0,5.778714179992676,False
2018-01-05,361563.7015807498,TQQQ,58662.45366096808,0.0,5.778714179992676,False
2018-01-08,365584.87936187035,TQQQ,58662.45366096808,0.0,5.778714179992676,False
2018-01-09,365863.9044278971,TQQQ,58662.45366096808,0.0,5.778714179992676,False
2018-01-10,363260.593568758,TQQQ,58662.45366096808,0.0,5.778714179992676,False
2018-01-11,370535.97286178725,TQQQ,58662.45366096808,0.0,5.778714179992676,False
2018-01-12,378392.5075204077,TQQQ,58662.45366096808,0.0,5.778714179992676,False
2018-01-16,375463.7093762272,TQQQ,58662.45366096808,0.0,5.778714179992676,False
2018-01-17,387295.04351426667,TQQQ,58662.45366096808,0.0,5.778714179992676,False
2018-01-18,387666.93707344716,TQQQ,58662.45366096808,0.0,5.778714179992676,False
2018-01-19,391385.9565825656,TQQQ,58662.45366096808,0.0,5.778714179992676,False
2018-01-22,403612.4573479494,TQQQ,58662.45366096808,0.0,5.778714179992676,False
2018-01-23,413839.87988088524,TQQQ,58662.45366096808,0.0,5.778714179992676,False
2018-01-24,405448.8199103144,TQQQ,58662.45366096808,0.0,5.778714179992676,False
2018-01-25,404937.39983190165,TQQQ,58662.45366096808,0.0,5.778714179992676,False
2018-01-26,423021.3849958956,TQQQ,58662.45366096808,0.0,5.778714179992676,False
2018-01-29,417419.51273295993,TQQQ,58662.45366096808,0.0,5.778714179992676,False
2018-01-30,406750.4333812274,TQQQ,58662.45366096808,0.0,5.778714179992676,False
2018-01-31,411771.1782510096,TQQQ,58662.45366096808,0.0,5.778714179992676,False
2018-02-01,401474.0763757708,TECL,32218.71036173567,0.0,12.460898399353027,False
2018-02-02,365551.7580045421,TECL,32218.71036173567,0.0,12.460898399353027,False
2018-02-05,354241.79446138616,CASH,0.0,354241.79446138616,,False
2018-02-06,354241.79446138616,CASH,0.0,354241.79446138616,,False
2018-02-07,354241.79446138616,CASH,0.0,354241.79446138616,,False
2018-02-08,354241.79446138616,CASH,0.0,354241.79446138616,,False
2018-02-09,354241.79446138616,CASH,0.0,354241.79446138616,,False
2018-02-12,354241.79446138616,CASH,0.0,354241.79446138616,,False
2018-02-13,354241.79446138616,CASH,0.0,354241.79446138616,,False
2018-02-14,354241.79446138616,CASH,0.0,354241.79446138616,,False
2018-02-15,354241.79446138616,CASH,0.0,354241.79446138616,,False
2018-02-16,354241.79446138616,CASH,0.0,354241.79446138616,,False
2018-02-20,354241.79446138616,CASH,0.0,354241.79446138616,,False
2018-02-21,354241.79446138616,CASH,0.0,354241.79446138616,,False
2018-02-22,354241.79446138616,CASH,0.0,354241.79446138616,,False
2018-02-23,354241.79446138616,CASH,0.0,354241.79446138616,,False
2018-02-26,354241.79446138616,CASH,0.0,354241.79446138616,,False
2018-02-27,354241.79446138616,CASH,0.0,354241.79446138616,,False
2018-02-28,354241.79446138616,CASH,0.0,354241.79446138616,,False
2018-03-01,354241.79446138616,TQQQ,56501.04368043626,0.0,6.269650459289551,False
2018-03-02,363980.55362778995,TQQQ,56501.04368043626,0.0,6.269650459289551,False
2018-03-05,375398.35253151774,TQQQ,56501.04368043626,0.0,6.269650459289551,False
2018-03-06,380144.50033476553,TQQQ,56501.04368043626,0.0,6.269650459289551,False
2018-03-07,382987.7759503485,TQQQ,56501.04368043626,0.0,6.269650459289551,False
2018-03-08,388696.66193131387,TQQQ,56501.04368043626,0.0,6.269650459289551,False
2018-03-09,411330.7081546337,TQQQ,56501.04368043626,0.0,6.269650459289551,False
2018-03-12,417487.36680346896,TQQQ,56501.04368043626,0.0,6.269650459289551,False
2018-03-13,402330.82777380955,TQQQ,56501.04368043626,0.0,6.269650459289551,False
2018-03-14,400965.09419500903,TQQQ,56501.04368043626,0.0,6.269650459289551,False
2018-03-15,399174.08434892044,TQQQ,56501.04368043626,0.0,6.269650459289551,False
2018-03-16,396532.3603174731,TQQQ,56501.04368043626,0.0,6.269650459289551,False
2018-03-19,371637.1698885984,TQQQ,56501.04368043626,0.0,6.269650459289551,False
2018-03-20,374368.529279011,TQQQ,56501.04368043626,0.0,6.269650459289551,False
2018-03-21,368950.6147067698,TQQQ,56501.04368043626,0.0,6.269650459289551,False
2018-03-22,341995.6969474903,TQQQ,56501.04368043626,0.0,6.269650459289551,False
2018-03-23,318817.61501524755,CASH,0.0,318817.61501524755,,False
2018-03-26,318817.61501524755,CASH,0.0,318817.61501524755,,False
2018-03-27,318817.61501524755,CASH,0.0,318817.61501524755,,False
2018-03-28,318817.61501524755,CASH,0.0,318817.61501524755,,False
2018-03-29,318817.61501524755,CASH,0.0,318817.61501524755,,False
2018-04-02,318817.61501524755,TQQQ,61355.366302891234,0.0,5.19624662399292,False
2018-04-03,329514.58810791187,TQQQ,61355.366302891234,0.0,5.19624662399292,False
2018-04-04,345098.0434348833,TQQQ,61355.366302891234,0.0,5.19624662399292,False
2018-04-05,350519.4518535976,TQQQ,61355.366302891234,0.0,5.19624662399292,False
2018-04-06,324360.6135248827,TQQQ,61355.366302891234,0.0,5.19624662399292,False
2018-04-09,330851.669516782,TQQQ,61355.366302891234,0.0,5.19624662399292,False
2018-04-10,352707.459103284,TQQQ,61355.366302891234,0.0,5.19624662399292,False
2018-04-11,346775.55369311693,TQQQ,61355.366302891234,0.0,5.19624662399292,False
2018-04-12,358931.1397725352,TQQQ,61355.366302891234,0.0,5.19624662399292,False
2018-04-13,353607.03853437974,TQQQ,61355.366302891234,0.0,5.19624662399292,False
2018-04-16,361410.92228130565,TQQQ,61355.366302891234,0.0,5.19624662399292,False
2018-04-17,384530.9445455919,TQQQ,61355.366302891234,0.0,5.19624662399292,False
2018-04-18,387205.1366198506,TQQQ,61355.366302891234,0.0,5.19624662399292,False
2018-04-19,376678.34869534953,TQQQ,61355.366302891234,0.0,5.19624662399292,False
2018-04-20,358615.0816030891,TQQQ,61355.366302891234,0.0,5.19624662399292,False
2018-04-23,355795.0165275476,TQQQ,61355.366302891234,0.0,5.19624662399292,False
2018-04-24,333112.6132671098,TQQQ,61355.366302891234,0.0,5.19624662399292,False
2018-04-25,334425.4995351734,TQQQ,61355.366302891234,0.0,5.19624662399292,False
2018-04-26,355162.8416756185,TQQQ,61355.366302891234,0.0,5.19624662399292,False
2018-04-27,355989.5431191099,TQQQ,61355.366302891234,0.0,5.19624662399292,False
2018-04-30,348404.4103610711,TQQQ,61355.366302891234,0.0,5.19624662399292,False
2018-05-01,359733.47053610906,TECL,33791.459951450524,0.0,10.645691871643066,False
2018-05-02,358442.8173349528,TECL,33791.459951450524,0.0,10.645691871643066,False
2018-05-03,361300.7199026966,TECL,33791.459951450524,0.0,10.645691871643066,False
2018-05-04,381890.29611752625,TECL,33791.459951450524,0.0,10.645691871643066,False
2018-05-07,389911.00484617974,TECL,33791.459951450524,0.0,10.645691871643066,False
2018-05-08,391447.57501557627,TECL,33791.459951450524,0.0,10.645691871643066,False
2018-05-09,405890.9994570097,TECL,33791.459951450524,0.0,10.645691871643066,False
2018-05-10,421870.86516364984,TECL,33791.459951450524,0.0,10.645691871643066,False
2018-05-11,420119.21835344145,TECL,33791.459951450524,0.0,10.645691871643066,False
2018-05-14,419750.5523703896,TECL,33791.459951450524,0.0,10.645691871643066,False
2018-05-15,407704.0691136951,TECL,33791.459951450524,0.0,10.645691871643066,False
2018-05-16,413297.09300832363,TECL,33791.459951450524,0.0,10.645691871643066,False
2018-05-17,407027.90218568867,TECL,33791.459951450524,0.0,10.645691871643066,False
2018-05-18,401773.02620715834,TECL,33791.459951450524,0.0,10.645691871643066,False
2018-05-21,411883.40075792855,TECL,33791.459951450524,0.0,10.645691871643066,False
2018-05-22,409793.7993879068,TECL,33791.459951450524,0.0,10.645691871643066,False
2018-05-23,419166.61639024096,TECL,33791.459951450524,0.0,10.645691871643066,False
2018-05-24,417476.4568786045,TECL,33791.459951450524,0.0,10.645691871643066,False
2018-05-25,416585.14885769115,TECL,33791.459951450524,0.0,10.645691871643066,False
2018-05-29,408625.9274276096,TECL,33791.459951450524,0.0,10.645691871643066,False
2018-05-30,417630.0462208445,TECL,33791.459951450524,0.0,10.645691871643066,False
2018-05-31,417783.7644672743,TECL,33791.459951450524,0.0,10.645691871643066,False
2018-06-01,439756.1603790232,TECL,33791.459951450524,0.0,12.363590240478516,False
2018-06-04,449805.1120833164,TECL,33791.459951450524,0.0,12.363590240478516,False
2018-06-05,455520.98167089885,TECL,33791.459951450524,0.0,12.363590240478516,False
2018-06-06,463326.5493066455,TECL,33791.459951450524,0.0,12.363590240478516,False
2018-06-07,450788.4576958028,TECL,33791.459951450524,0.0,12.363590240478516,False
2018-06-08,450173.9069705581,TECL,33791.459951450524,0.0,12.363590240478516,False
2018-06-11,453984.50817964476,TECL,33791.459951450524,0.0,12.363590240478516,False
2018-06-12,458563.41058645333,TECL,33791.459951450524,0.0,12.363590240478516,False
2018-06-13,451187.9962323305,TECL,33791.459951450524,0.0,12.363590240478516,False
2018-06-14,460038.46123123047,TECL,33791.459951450524,0.0,12.363590240478516,False
2018-06-15,455674.69991732866,TECL,33791.459951450524,0.0,12.363590240478516,False
2018-06-18,456565.87903405214,TECL,33791.459951450524,0.0,12.363590240478516,False
2018-06-19,448994.8847978365,TECL,33791.459951450524,0.0,12.363590240478516,False
2018-06-20,452412.42490593676,TECL,33791.459951450524,0.0,12.363590240478516,False
2018-06-21,441636.3246665402,TECL,33791.459951450524,0.0,12.363590240478516,False
2018-06-22,437110.3696557241,TECL,33791.459951450524,0.0,12.363590240478516,False
2018-06-25,410077.7108661137,TECL,33791.459951450524,0.0,12.363590240478516,False
2018-06-26,414665.1854015492,TECL,33791.459951450524,0.0,12.363590240478516,False
2018-06-27,397916.051715763,TECL,33791.459951450524,0.0,12.363590240478516,False
2018-06-28,411894.2609359258,TECL,33791.459951450524,0.0,12.363590240478516,False
2018-06-29,410385.598523638,TECL,33791.459951450524,0.0,12.363590240478516,False
2018-07-02,422639.520847894,TECL,33791.459951450524,0.0,12.144654273986816,False
2018-07-03,407121.90556615737,TECL,33791.459951450524,0.0,12.144654273986816,False
2018-07-05,423871.13593008596,TECL,33791.459951450524,0.0,12.144654273986816,False
2018-07-06,439204.03150772705,TECL,33791.459951450524,0.0,12.144654273986816,False
2018-07-09,449118.0527512652,TECL,33791.459951450524,0.0,12.144654273986816,False
2018-07-10,452258.51330322213,TECL,33791.459951450524,0.0,12.144654273986816,False
2018-07-11,445238.6167047835,TECL,33791.459951450524,0.0,12.144654273986816,False
2018-07-12,467468.24092743447,TECL,33791.459951450524,0.0,12.144654273986816,False
2018-07-13,466175.1063206231,TECL,33791.459951450524,0.0,12.144654273986816,False
2018-07-16,463003.9021193802,TECL,33791.459951450524,0.0,12.144654273986816,False
2018-07-17,472671.5874560609,TECL,33791.459951450524,0.0,12.144654273986816,False
2018-07-18,470577.92560405796,TECL,33791.459951450524,0.0,12.144654273986816,False
2018-07-19,465836.4750138129,TECL,33791.459951450524,0.0,12.144654273986816,False
2018-07-20,465128.3076206691,TECL,33791.459951450524,0.0,12.144654273986816,False
2018-07-23,472086.5235642509,TECL,33791.459951450524,0.0,12.144654273986816,False
2018-07-24,480337.9707927865,TECL,33791.459951450524,0.0,12.144654273986816,False
2018-07-25,497549.00041695405,TECL,33791.459951450524,0.0,12.144654273986816,False
2018-07-26,475380.96017101745,TECL,33791.459951450524,0.0,12.144654273986816,False
2018-07-27,449795.4442690755,TECL,33791.459951450524,0.0,12.144654273986816,False
2018-07-30,429505.5380696654,TECL,33791.459951450524,0.0,12.144654273986816,False
2018-07-31,433107.7334297663,TECL,33791.459951450524,0.0,12.144654273986816,False
2018-08-01,443822.3463705909,TECL,33791.459951450524,0.0,12.817076683044434,False
2018-08-02,461279.67967556836,TECL,33791.459951450524,0.0,12.817076683044434,False
2018-08-03,466144.39489738457,TECL,33791.459951450524,0.0,12.817076683044434,False
2018-08-06,473964.7220628723,TECL,33791.459951450524,0.0,12.817076683044434,False
2018-08-07,478798.5647312127,TECL,33791.459951450524,0.0,12.817076683044434,False
2018-08-08,482339.30501878913,TECL,33791.459951450524,0.0,12.817076683044434,False
2018-08-09,482924.3044585042,TECL,33791.459951450524,0.0,12.817076683044434,False
2018-08-10,471563.1403272976,TECL,33791.459951450524,0.0,12.817076683044434,False
2018-08-13,469746.68693562795,TECL,33791.459951450524,0.0,12.817076683044434,False
2018-08-14,478244.3733928785,TECL,33791.459951450524,0.0,12.817076683044434,False
2018-08-15,465620.8827562414,TECL,33791.459951450524,0.0,12.817076683044434,False
2018-08-16,470916.65358901065,TECL,33791.459951450524,0.0,12.817076683044434,False
2018-08-17,473164.1303655858,TECL,33791.459951450524,0.0,12.817076683044434,False
2018-08-20,470670.2854561058,TECL,33791.459951450524,0.0,12.817076683044434,False
2018-08-21,472579.09869982325,TECL,33791.459951450524,0.0,12.817076683044434,False
2018-08-22,476704.9673313047,TECL,33791.459951450524,0.0,12.817076683044434,False
2018-08-23,479383.56417092774,TECL,33791.459951450524,0.0,12.817076683044434,False
2018-08-24,493946.7083787107,TECL,33791.459951450524,0.0,12.817076683044434,False
2018-08-27,507678.64614411106,TECL,33791.459951450524,0.0,12.817076683044434,False
2018-08-28,509279.6684084467,TECL,33791.459951450524,0.0,12.817076683044434,False
2018-08-29,523504.084631277,TECL,33791.459951450524,0.0,12.817076683044434,False
2018-08-30,519070.4250204137,TECL,33791.459951450524,0.0,12.817076683044434,False
2018-08-31,520302.00787655823,TECL,33791.459951450524,0.0,12.817076683044434,False
2018-09-04,514298.19855483517,TQQQ,60561.65305949851,0.0,8.492142677307129,False
2018-09-05,493852.9458964765,TQQQ,60561.65305949851,0.0,8.492142677307129,False
2018-09-06,480390.7514282841,TQQQ,60561.65305949851,0.0,8.492142677307129,False
2018-09-07,475639.4464308975,TQQQ,60561.65305949851,0.0,8.492142677307129,False
2018-09-10,479814.9231802571,TQQQ,60561.65305949851,0.0,8.492142677307129,False
2018-09-11,490469.3629393636,TQQQ,60561.65305949851,0.0,8.492142677307129,False
2018-09-12,486222.03761021007,TQQQ,60561.65305949851,0.0,8.492142677307129,False
2018-09-13,500619.93854242313,TQQQ,60561.65305949851,0.0,8.492142677307129,False
2018-09-14,496804.5132773365,TQQQ,60561.65305949851,0.0,8.492142677307129,False
2018-09-17,475855.48309707054,TQQQ,60561.65305949851,0.0,8.492142677307129,False
2018-09-18,487157.91734250996,TQQQ,60561.65305949851,0.0,8.492142677307129,False
2018-09-19,486078.10942624987,TQQQ,60561.65305949851,0.0,8.492142677307129,False
2018-09-20,501339.86824268964,TQQQ,60561.65305949851,0.0,8.492142677307129,False
2018-09-21,493349.0239843365,TQQQ,60561.65305949851,0.0,8.492142677307129,False
2018-09-24,497596.4648256762,TQQQ,60561.65305949851,0.0,8.492142677307129,False
2018-09-25,499612.32574251544,TQQQ,60561.65305949851,0.0,8.492142677307129,False
2018-09-26,499108.34607428237,TQQQ,60561.65305949851,0.0,8.492142677307129,False
2018-09-27,512930.2454901892,TQQQ,60561.65305949851,0.0,8.492142677307129,False
2018-09-28,512138.40945403563,TQQQ,60561.65305949851,0.0,8.492142677307129,False
2018-10-01,515089.9768348956,TECL,33297.44036911798,0.0,15.469356536865234,False
2018-10-02,514877.59997218975,TECL,33297.44036911798,0.0,15.469356536865234,False
2018-10-03,519583.36063073965,TECL,33297.44036911798,0.0,15.469356536865234,False
2018-10-04,492593.3035015554,TECL,33297.44036911798,0.0,15.469356536865234,False
2018-10-05,463580.9791514061,CASH,0.0,463580.9791514061,,False
2018-10-08,463580.9791514061,CASH,0.0,463580.9791514061,,False
2018-10-09,463580.9791514061,CASH,0.0,463580.9791514061,,False
2018-10-10,463580.9791514061,CASH,0.0,463580.9791514061,,False
2018-10-11,463580.9791514061,CASH,0.0,463580.9791514061,,False
2018-10-12,463580.9791514061,CASH,0.0,463580.9791514061,,False
2018-10-15,463580.9791514061,CASH,0.0,463580.9791514061,,False
2018-10-16,463580.9791514061,CASH,0.0,463580.9791514061,,False
2018-10-17,463580.9791514061,CASH,0.0,463580.9791514061,,False
2018-10-18,463580.9791514061,CASH,0.0,463580.9791514061,,False
2018-10-19,463580.9791514061,CASH,0.0,463580.9791514061,,False
2018-10-22,463580.9791514061,CASH,0.0,463580.9791514061,,False
2018-10-23,463580.9791514061,CASH,0.0,463580.9791514061,,False
2018-10-24,463580.9791514061,CASH,0.0,463580.9791514061,,False
2018-10-25,463580.9791514061,CASH,0.0,463580.9791514061,,False
2018-10-26,463580.9791514061,CASH,0.0,463580.9791514061,,False
2018-10-29,463580.9791514061,CASH,0.0,463580.9791514061,,False
2018-10-30,463580.9791514061,CASH,0.0,463580.9791514061,,False
2018-10-31,463580.9791514061,CASH,0.0,463580.9791514061,,False
2018-11-01,463580.9791514061,SHY,6632.544078473071,0.0,69.89489608610798,False
2018-11-02,463022.4131696009,SHY,6632.544078473071,0.0,69.89489608610798,False
2018-11-05,463190.0748335474,SHY,6632.544078473071,0.0,69.89489608610798,False
2018-11-06,463078.19831379986,SHY,6632.544078473071,0.0,69.89489608610798,False
2018-11-07,462910.8428812031,SHY,6632.544078473071,0.0,69.89489608610798,False
2018-11-08,462854.4963128632,SHY,6632.544078473071,0.0,69.89489608610798,False
2018-11-09,463078.19831379986,SHY,6632.544078473071,0.0,69.89489608610798,False
2018-11-12,463413.5216416928,SHY,6632.544078473071,0.0,69.89489608610798,False
2018-11-13,463469.6130172413,SHY,6632.544078473071,0.0,69.89489608610798,False
2018-11-14,463804.5790752263,SHY,6632.544078473071,0.0,69.89489608610798,False
2018-11-15,464028.17899904645,SHY,6632.544078473071,0.0,69.89489608610798,False
2018-11-16,464363.24713414797,SHY,6632.544078473071,0.0,69.89489608610798,False
2018-11-19,464754.3556062399,SHY,6632.544078473071,0.0,69.89489608610798,False
2018-11-20,464642.7342792838,SHY,6632.544078473071,0.0,69.89489608610798,False
2018-11-21,464642.7342792838,SHY,6632.544078473071,0.0,69.89489608610798,False
2018-11-23,464530.9598366527,SHY,6632.544078473071,0.0,69.89489608610798,False
2018-11-26,464586.79601940996,SHY,6632.544078473071,0.0,69.89489608610798,False
2018-11-27,464642.7342792838,SHY,6632.544078473071,0.0,69.89489608610798,False
2018-11-28,464810.0897118805,SHY,6632.544078473071,0.0,69.89489608610798,False
2018-11-29,464922.0172701864,SHY,6632.544078473071,0.0,69.89489608610798,False
2018-11-30,465089.5258184578,SHY,6632.544078473071,0.0,69.89489608610798,False
2018-12-03,464709.0333664882,GLD,3992.002566337412,0.0,116.41000366210938,False
2018-12-04,467543.35153380025,GLD,3992.002566337412,0.0,116.41000366210938,False
2018-12-06,467623.1781842395,GLD,3992.002566337412,0.0,116.41000366210938,False
2018-12-07,471415.568439635,GLD,3992.002566337412,0.0,116.41000366210938,False
2018-12-10,469778.86322484916,GLD,3992.002566337412,0.0,116.41000366210938,False
2018-12-11,469219.9853020869,GLD,3992.002566337412,0.0,116.41000366210938,False
2018-12-12,470217.9859436713,GLD,3992.002566337412,0.0,116.41000366210938,False
2018-12-13,469180.05674858607,GLD,3992.002566337412,0.0,116.41000366210938,False
2018-12-14,467303.8106693575,GLD,3992.002566337412,0.0,116.41000366210938,False
2018-12-17,470537.3534585533,GLD,3992.002566337412,0.0,116.41000366210938,False
2018-12-18,471655.10930407775,GLD,3992.002566337412,0.0,116.41000366210938,False
2018-12-19,468780.8625832648,GLD,3992.002566337412,0.0,116.41000366210938,False
2018-12-20,476006.3774822355,GLD,3992.002566337412,0.0,116.41000366210938,False
2018-12-21,473930.5495486276,GLD,3992.002566337412,0.0,116.41000366210938,False
2018-12-24,479120.1346109287,GLD,3992.002566337412,0.0,116.41000366210938,False
2018-12-26,477683.04170708475,GLD,3992.002566337412,0.0,116.41000366210938,False
2018-12-27,481315.7482050393,GLD,3992.002566337412,0.0,116.41000366210938,False
2018-12-28,483271.8209347071,GLD,3992.002566337412,0.0,116.41000366210938,False
2018-12-31,484030.3111684112,GLD,3992.002566337412,0.0,116.41000366210938,False
2019-01-02,484349.6786832932,GLD,3992.002566337412,0.0,121.25,False
2019-01-03,488740.8754149519,GLD,3992.002566337412,0.0,121.25,False
2019-01-04,484788.8014021154,GLD,3992.002566337412,0.0,121.25,False
2019-01-07,486465.43517040205,GLD,3992.002566337412,0.0,121.25,False
2019-01-08,485148.0670139357,GLD,3992.002566337412,0.0,121.25,False
2019-01-09,488261.8241426289,GLD,3992.002566337412,0.0,121.25,False
2019-01-10,485387.57742181595,GLD,3992.002566337412,0.0,121.25,False
2019-01-11,486225.9247625218,GLD,3992.002566337412,0.0,121.25,False
2019-01-14,487383.5787049846,GLD,3992.002566337412,0.0,121.25,False
2019-01-15,486545.2618208413,GLD,3992.002566337412,0.0,121.25,False
2019-01-16,488102.1403851879,GLD,3992.002566337412,0.0,121.25,False
2019-01-17,487463.4358119864,GLD,3992.002566337412,0.0,121.25,False
2019-01-18,483112.1371772661,GLD,3992.002566337412,0.0,121.25,False
2019-01-22,484828.6994990537,GLD,3992.002566337412,0.0,121.25,False
2019-01-23,484150.0663723514,GLD,3992.002566337412,0.0,121.25,False
2019-01-24,483391.5761386472,GLD,3992.002566337412,0.0,121.25,False
2019-01-25,490457.43773673946,GLD,3992.002566337412,0.0,121.25,False
2019-01-28,492174.00005852705,GLD,3992.002566337412,0.0,121.25,False
2019-01-29,494928.4915753999,GLD,3992.002566337412,0.0,121.25,False
2019-01-30,497762.80974271195,GLD,3992.002566337412,0.0,121.25,False
2019-01-31,498002.3201505922,GLD,3992.002566337412,0.0,121.25,False
2019-02-01,497004.3195090078,GLD,3992.002566337412,0.0,124.75,False
2019-02-04,494848.6344683981,GLD,3992.002566337412,0.0,124.75,False
2019-02-05,496126.0740713636,GLD,3992.002566337412,0.0,124.75,False
2019-02-06,492772.8065347902,GLD,3992.002566337412,0.0,124.75,False
2019-02-07,493970.38903075387,GLD,3992.002566337412,0.0,124.75,False
2019-02-08,495846.63510998245,GLD,3992.002566337412,0.0,124.75,False
2019-02-11,493411.5111079916,GLD,3992.002566337412,0.0,124.75,False
2019-02-12,494449.4403030769,GLD,3992.002566337412,0.0,124.75,False
2019-02-13,492493.36757340905,GLD,3992.002566337412,0.0,124.75,False
2019-02-14,495247.82863371936,GLD,3992.002566337412,0.0,124.75,False
2019-02-15,498201.93246153404,GLD,3992.002566337412,0.0,124.75,False
2019-02-19,505786.7129723251,GLD,3992.002566337412,0.0,124.75,False
2019-02-20,504908.49799124344,GLD,3992.002566337412,0.0,124.75,False
2019-02-21,499199.93310311844,GLD,3992.002566337412,0.0,124.75,False
2019-02-22,500996.3220753452,GLD,3992.002566337412,0.0,124.75,False
2019-02-25,500477.3727060839,GLD,3992.002566337412,0.0,124.75,False
2019-02-26,501315.6895902272,GLD,3992.002566337412,0.0,124.75,False
2019-02-27,497762.80974271195,GLD,3992.002566337412,0.0,124.75,False
2019-02-28,494968.3896723382,GLD,3992.002566337412,0.0,124.75,False
2019-03-01,486545.2618208413,GLD,3992.002566337412,0.0,123.98999786376953,False
2019-03-04,485267.8222178758,GLD,3992.002566337412,0.0,123.98999786376953,False
2019-03-05,485906.5572476398,GLD,3992.002566337412,0.0,123.98999786376953,False
2019-03-06,485467.4345288177,GLD,3992.002566337412,0.0,123.98999786376953,False
2019-03-07,485068.2403634965,GLD,3992.002566337412,0.0,123.98999786376953,False
2019-03-08,490377.5806297377,GLD,3992.002566337412,0.0,123.98999786376953,False
2019-03-11,487982.3851812478,GLD,3992.002566337412,0.0,123.98999786376953,False
2019-03-12,490936.48900906247,GLD,3992.002566337412,0.0,123.98999786376953,False
2019-03-13,494369.5831960751,GLD,3992.002566337412,0.0,123.98999786376953,False
2019-03-14,488661.04876451264,GLD,3992.002566337412,0.0,123.98999786376953,False
2019-03-15,490896.56045556156,GLD,3992.002566337412,0.0,123.98999786376953,False
2019-03-18,491175.9994169427,GLD,3992.002566337412,0.0,123.98999786376953,False
2019-03-19,492533.2656703474,GLD,3992.002566337412,0.0,123.98999786376953,False
2019-03-20,495726.87990604236,GLD,3992.002566337412,0.0,123.98999786376953,False
2019-03-21,493730.8786228736,GLD,3992.002566337412,0.0,123.98999786376953,False
2019-03-22,494888.56302189897,GLD,3992.002566337412,0.0,123.98999786376953,False
2019-03-25,498680.9532772945,GLD,3992.002566337412,0.0,123.98999786376953,False
2019-03-26,496205.93117836537,GLD,3992.002566337412,0.0,123.98999786376953,False
2019-03-27,493611.12341893354,GLD,3992.002566337412,0.0,123.98999786376953,False
2019-03-28,486625.11892784305,GLD,3992.002566337412,0.0,123.98999786376953,False
2019-03-29,487064.24164666515,GLD,3992.002566337412,0.0,123.98999786376953,False
2019-04-01,485148.0670139357,GLD,3992.002566337412,0.0,122.01000213623047,False
2019-04-02,486944.48644272506,GLD,3992.002566337412,0.0,122.01000213623047,False
2019-04-03,486225.9247625218,GLD,3992.002566337412,0.0,122.01000213623047,False
2019-04-04,487463.4358119864,GLD,3992.002566337412,0.0,122.01000213623047,False
2019-04-05,486944.48644272506,GLD,3992.002566337412,0.0,122.01000213623047,False
2019-04-08,489060.2429298339,GLD,3992.002566337412,0.0,122.01000213623047,False
2019-04-09,491615.1221357648,GLD,3992.002566337412,0.0,122.01000213623047,False
2019-04-10,493132.07214661053,GLD,3992.002566337412,0.0,122.01000213623047,False
2019-04-11,486824.7007822224,GLD,3992.002566337412,0.0,122.01000213623047,False
2019-04-12,486345.67996646196,GLD,3992.002566337412,0.0,122.01000213623047,False
2019-04-15,485427.5059753168,GLD,3992.002566337412,0.0,122.01000213623047,False
2019-04-16,481076.23779715906,GLD,3992.002566337412,0.0,122.01000213623047,False
2019-04-17,480158.0638060139,GLD,3992.002566337412,0.0,122.01000213623047,False
2019-04-18,480517.3598743968,GLD,3992.002566337412,0.0,122.01000213623047,False
2019-04-22,480517.3598743968,GLD,3992.002566337412,0.0,122.01000213623047,False
2019-04-23,479519.3592328125,GLD,3992.002566337412,0.0,122.01000213623047,False
2019-04-24,480916.55403971806,GLD,3992.002566337412,0.0,122.01000213623047,False
2019-04-25,481315.7482050393,GLD,3992.002566337412,0.0,122.01000213623047,False
2019-04-26,484509.3624407342,GLD,3992.002566337412,0.0,122.01000213623047,False
2019-04-29,482353.67740012455,GLD,3992.002566337412,0.0,122.01000213623047,False
2019-04-30,483830.6988574693,GLD,3992.002566337412,0.0,122.01000213623047,False
2019-05-01,480637.1150783369,TQQQ,61785.76936680176,0.0,7.779090881347656,False
2019-05-02,474751.5116827913,TQQQ,61785.76936680176,0.0,7.779090881347656,False
2019-05-03,497116.8988634669,TQQQ,61785.76936680176,0.0,7.779090881347656,False
2019-05-06,488214.8835860688,TQQQ,61785.76936680176,0.0,7.779090881347656,False
2019-05-07,459816.67264168826,TQQQ,61785.76936680176,0.0,7.779090881347656,False
2019-05-08,455770.3368794854,TQQQ,61785.76936680176,0.0,7.779090881347656,False
2019-05-09,432573.40357050323,CASH,0.0,432573.40357050323,,False
2019-05-10,432573.40357050323,CASH,0.0,432573.40357050323,,False
2019-05-13,432573.40357050323,CASH,0.0,432573.40357050323,,False
2019-05-14,432573.40357050323,CASH,0.0,432573.40357050323,,False
2019-05-15,432573.40357050323,CASH,0.0,432573.40357050323,,False
2019-05-16,432573.40357050323,CASH,0.0,432573.40357050323,,False
2019-05-17,432573.40357050323,CASH,0.0,432573.40357050323,,False
2019-05-20,432573.40357050323,CASH,0.0,432573.40357050323,,False
2019-05-21,432573.40357050323,CASH,0.0,432573.40357050323,,False
2019-05-22,432573.40357050323,CASH,0.0,432573.40357050323,,False
2019-05-23,432573.40357050323,CASH,0.0,432573.40357050323,,False
2019-05-24,432573.40357050323,CASH,0.0,432573.40357050323,,False
2019-05-28,432573.40357050323,CASH,0.0,432573.40357050323,,False
2019-05-29,432573.40357050323,CASH,0.0,432573.40357050323,,False
2019-05-30,432573.40357050323,CASH,0.0,432573.40357050323,,False
2019-05-31,432573.40357050323,CASH,0.0,432573.40357050323,,False
2019-06-03,432573.40357050323,TQQQ,77277.54730006168,0.0,5.597659587860107,False
2019-06-04,467632.02092257404,TQQQ,77277.54730006168,0.0,5.597659587860107,False
2019-06-05,477937.89499793015,TQQQ,77277.54730006168,0.0,5.597659587860107,False
2019-06-06,488979.9713693087,TQQQ,77277.54730006168,0.0,5.597659587860107,False
2019-06-07,516861.25197706564,TQQQ,77277.54730006168,0.0,5.597659587860107,False
2019-06-10,535724.8190712739,TQQQ,77277.54730006168,0.0,5.597659587860107,False
2019-06-11,537749.1819291037,TQQQ,77277.54730006168,0.0,5.597659587860107,False
2019-06-12,528639.4937956604,TQQQ,77277.54730006168,0.0,5.597659587860107,False
2019-06-13,537289.124585601,TQQQ,77277.54730006168,0.0,5.597659587860107,False
2019-06-14,530295.7739298821,TQQQ,77277.54730006168,0.0,5.597659587860107,False
2019-06-17,539957.6782707527,TQQQ,77277.54730006168,0.0,5.597659587860107,False
2019-06-18,563330.0652729291,TQQQ,77277.54730006168,0.0,5.597659587860107,False
2019-06-19,569955.2595074278,TQQQ,77277.54730006168,0.0,5.597659587860107,False
2019-06-20,585598.2409530872,TQQQ,77277.54730006168,0.0,5.597659587860107,False
2019-06-21,582929.7241167417,TQQQ,77277.54730006168,0.0,5.597659587860107,False
2019-06-24,582745.6643305345,TQQQ,77277.54730006168,0.0,5.597659587860107,False
2019-06-25,552932.1060312605,TQQQ,77277.54730006168,0.0,5.597659587860107,False
2019-06-26,559925.3461405612,TQQQ,77277.54730006168,0.0,5.597659587860107,False
2019-06-27,565998.5452604687,TQQQ,77277.54730006168,0.0,5.597659587860107,False
2019-06-28,568390.9908419068,TQQQ,77277.54730006168,0.0,5.597659587860107,False
2019-07-01,591027.2123968669,TECL,38983.072986734725,0.0,15.161124229431152,False
2019-07-02,595484.493099075,TECL,38983.072986734725,0.0,15.161124229431152,False
2019-07-03,607465.3519333389,TECL,38983.072986734725,0.0,15.161124229431152,False
2019-07-05,605325.918166814,TECL,38983.072986734725,0.0,15.161124229431152,False
2019-07-08,590706.1876592794,TECL,38983.072986734725,0.0,15.161124229431152,False
2019-07-09,596482.9599638561,TECL,38983.072986734725,0.0,15.161124229431152,False
2019-07-10,610210.9963971539,TECL,38983.072986734725,0.0,15.161124229431152,False
2019-07-11,617378.0827852924,TECL,38983.072986734725,0.0,15.161124229431152,False
2019-07-12,631284.8298049923,TECL,38983.072986734725,0.0,15.161124229431152,False
2019-07-15,636276.9782431206,TECL,38983.072986734725,0.0,15.161124229431152,False
2019-07-16,618733.1529254572,TECL,38983.072986734725,0.0,15.161124229431152,False
2019-07-17,614240.3308626083,TECL,38983.072986734725,0.0,15.161124229431152,False
2019-07-18,628325.1564570672,TECL,38983.072986734725,0.0,15.161124229431152,False
2019-07-19,617663.6033393944,TECL,38983.072986734725,0.0,15.161124229431152,False
2019-07-22,640840.9202044067,TECL,38983.072986734725,0.0,15.161124229431152,False
2019-07-23,650397.2336667539,TECL,38983.072986734725,0.0,15.161124229431152,False
2019-07-24,667156.4722951243,TECL,38983.072986734725,0.0,15.161124229431152,False
2019-07-25,651003.518718355,TECL,38983.072986734725,0.0,15.161124229431152,False
2019-07-26,662699.0800614497,TECL,38983.072986734725,0.0,15.161124229431152,False
2019-07-29,661843.4106508751,TECL,38983.072986734725,0.0,15.161124229431152,False
2019-07-30,648150.7668695962,TECL,38983.072986734725,0.0,15.161124229431152,False
2019-07-31,618269.7768595291,TECL,38983.072986734725,0.0,15.161124229431152,False
2019-08-01,609640.4757691266,TQQQ,79156.67807481969,0.0,7.701693534851074,False
2019-08-02,581741.0335688924,TQQQ,79156.67807481969,0.0,7.701693534851074,False
2019-08-05,546112.6561528726,CASH,0.0,546112.6561528726,,False
2019-08-06,546112.6561528726,CASH,0.0,546112.6561528726,,False
2019-08-07,546112.6561528726,CASH,0.0,546112.6561528726,,False
2019-08-08,546112.6561528726,CASH,0.0,546112.6561528726,,False
2019-08-09,546112.6561528726,CASH,0.0,546112.6561528726,,False
2019-08-12,546112.6561528726,CASH,0.0,546112.6561528726,,False
2019-08-13,546112.6561528726,CASH,0.0,546112.6561528726,,False
2019-08-14,546112.6561528726,CASH,0.0,546112.6561528726,,False
2019-08-15,546112.6561528726,CASH,0.0,546112.6561528726,,False
2019-08-16,546112.6561528726,CASH,0.0,546112.6561528726,,False
2019-08-19,546112.6561528726,CASH,0.0,546112.6561528726,,False
2019-08-20,546112.6561528726,CASH,0.0,546112.6561528726,,False
2019-08-21,546112.6561528726,CASH,0.0,546112.6561528726,,False
2019-08-22,546112.6561528726,CASH,0.0,546112.6561528726,,False
2019-08-23,546112.6561528726,CASH,0.0,546112.6561528726,,False
2019-08-26,546112.6561528726,CASH,0.0,546112.6561528726,,False
2019-08-27,546112.6561528726,CASH,0.0,546112.6561528726,,False
2019-08-28,546112.6561528726,CASH,0.0,546112.6561528726,,False
2019-08-29,546112.6561528726,CASH,0.0,546112.6561528726,,False
2019-08-30,546112.6561528726,CASH,0.0,546112.6561528726,,False
2019-09-03,546112.6561528726,TQQQ,78091.91384481288,0.0,6.993203639984131,False
2019-09-04,569080.5156401584,TQQQ,78091.91384481288,0.0,6.993203639984131,False
2019-09-05,600510.1024653681,TQQQ,78091.91384481288,0.0,6.993203639984131,False
2019-09-06,598836.33087637,TQQQ,78091.91384481288,0.0,6.993203639984131,False
2019-09-09,595023.9194139392,TQQQ,78091.91384481288,0.0,6.993203639984131,False
2019-09-10,590095.5857512571,TQQQ,78091.91384481288,0.0,6.993203639984131,False
2019-09-11,605996.3599910495,TQQQ,78091.91384481288,0.0,6.993203639984131,False
2019-09-12,613528.2762858514,TQQQ,78091.91384481288,0.0,6.993203639984131,False
2019-09-13,607019.1893756097,TQQQ,78091.91384481288,0.0,6.993203639984131,False
2019-09-16,598650.3314306193,TQQQ,78091.91384481288,0.0,6.993203639984131,False
2019-09-17,606554.3583283015,TQQQ,78091.91384481288,0.0,6.993203639984131,False
2019-09-18,606182.3221996739,TQQQ,78091.91384481288,0.0,6.993203639984131,False
2019-09-19,608878.9976474848,TQQQ,78091.91384481288,0.0,6.993203639984131,False
2019-09-20,589723.6240968822,TQQQ,78091.91384481288,0.0,6.993203639984131,False
2019-09-23,590281.5107227552,TQQQ,78091.91384481288,0.0,6.993203639984131,False
2019-09-24,566941.8012924732,TQQQ,78091.91384481288,0.0,6.993203639984131,False
2019-09-25,585074.2337471367,TQQQ,78091.91384481288,0.0,6.993203639984131,False
2019-09-26,579216.0518042066,TQQQ,78091.91384481288,0.0,6.993203639984131,False
2019-09-27,558200.9816931079,TQQQ,78091.91384481288,0.0,6.993203639984131,False
2019-09-30,573078.8520740874,TQQQ,78091.91384481288,0.0,6.993203639984131,False
2019-10-01,559223.8855519206,TQQQ,78091.91384481288,0.0,7.338517189025879,False
2019-10-02,530583.8435674553,TQQQ,78091.91384481288,0.0,7.338517189025879,False
2019-10-03,515770.9668666786,CASH,0.0,515770.9668666786,,False
2019-10-04,515770.9668666786,CASH,0.0,515770.9668666786,,False
2019-10-07,515770.9668666786,CASH,0.0,515770.9668666786,,False
2019-10-08,515770.9668666786,CASH,0.0,515770.9668666786,,False
2019-10-09,515770.9668666786,CASH,0.0,515770.9668666786,,False
2019-10-10,515770.9668666786,CASH,0.0,515770.9668666786,,False
2019-10-11,515770.9668666786,CASH,0.0,515770.9668666786,,False
2019-10-14,515770.9668666786,CASH,0.0,515770.9668666786,,False
2019-10-15,515770.9668666786,CASH,0.0,515770.9668666786,,False
2019-10-16,515770.9668666786,CASH,0.0,515770.9668666786,,False
2019-10-17,515770.9668666786,CASH,0.0,515770.9668666786,,False
2019-10-18,515770.9668666786,CASH,0.0,515770.9668666786,,False
2019-10-21,515770.9668666786,CASH,0.0,515770.9668666786,,False
2019-10-22,515770.9668666786,CASH,0.0,515770.9668666786,,False
2019-10-23,515770.9668666786,CASH,0.0,515770.9668666786,,False
2019-10-24,515770.9668666786,CASH,0.0,515770.9668666786,,False
2019-10-25,515770.9668666786,CASH,0.0,515770.9668666786,,False
2019-10-28,515770.9668666786,CASH,0.0,515770.9668666786,,False
2019-10-29,515770.9668666786,CASH,0.0,515770.9668666786,,False
2019-10-30,515770.9668666786,CASH,0.0,515770.9668666786,,False
2019-10-31,515770.9668666786,CASH,0.0,515770.9668666786,,False
2019-11-01,515770.9668666786,TECL,29511.01817425593,0.0,17.47723388671875,False
2019-11-04,523872.4699447972,TECL,29511.01817425593,0.0,17.47723388671875,False
2019-11-05,521685.1823180856,TECL,29511.01817425593,0.0,17.47723388671875,False
2019-11-06,522171.1148969322,TECL,29511.01817425593,0.0,17.47723388671875,False
2019-11-07,533378.2410614964,TECL,29511.01817425593,0.0,17.47723388671875,False
2019-11-08,542290.1195986276,TECL,29511.01817425593,0.0,17.47723388671875,False
2019-11-11,543262.2661953217,TECL,29511.01817425593,0.0,17.47723388671875,False
2019-11-12,547907.1354651498,TECL,29511.01817425593,0.0,17.47723388671875,False
2019-11-13,552633.0028794189,TECL,29511.01817425593,0.0,17.47723388671875,False
2019-11-14,550310.5682445049,TECL,29511.01817425593,0.0,17.47723388671875,False
2019-11-15,563326.9531698554,TECL,29511.01817425593,0.0,17.47723388671875,False
2019-11-18,568457.9801697307,TECL,29511.01817425593,0.0,17.47723388671875,False
2019-11-19,571941.6321221018,TECL,29511.01817425593,0.0,17.47723388671875,False
2019-11-20,560599.5278127358,TECL,29511.01817425593,0.0,17.47723388671875,False
2019-11-21,553146.0098901462,TECL,29511.01817425593,0.0,17.47723388671875,False
2019-11-22,550985.7966953152,TECL,29511.01817425593,0.0,17.47723388671875,False
2019-11-25,574074.9960362529,TECL,29511.01817425593,0.0,17.47723388671875,False
2019-11-26,574615.1900544611,TECL,29511.01817425593,0.0,17.47723388671875,False
2019-11-27,584661.0426137681,TECL,29511.01817425593,0.0,17.47723388671875,False
2019-11-29,578719.9778816813,TECL,29511.01817425593,0.0,17.47723388671875,False
2019-12-02,555576.5733891821,TQQQ,62012.46531470649,0.0,8.959111213684082,False
2019-12-03,543097.5653882447,TQQQ,62012.46531470649,0.0,8.959111213684082,False
2019-12-04,551146.4188016991,TQQQ,62012.46531470649,0.0,8.959111213684082,False
2019-12-05,554026.0488534108,TQQQ,62012.46531470649,0.0,8.959111213684082,False
2019-12-06,571156.985299835,TQQQ,62012.46531470649,0.0,8.959111213684082,False
2019-12-09,564142.2486013283,TQQQ,62012.46531470649,0.0,8.959111213684082,False
2019-12-10,562886.8902856362,TQQQ,62012.46531470649,0.0,8.959111213684082,False
2019-12-11,571378.7000181433,TQQQ,62012.46531470649,0.0,8.959111213684082,False
2019-12-12,584448.2770180207,TQQQ,62012.46531470649,0.0,8.959111213684082,False
2019-12-13,589691.070160925,TQQQ,62012.46531470649,0.0,8.959111213684082,False
2019-12-16,606600.4101684319,TQQQ,62012.46531470649,0.0,8.959111213684082,False
2019-12-17,607412.7530253759,TQQQ,62012.46531470649,0.0,8.959111213684082,False
2019-12-18,608815.7240209554,TQQQ,62012.46531470649,0.0,8.959111213684082,False
2019-12-19,621220.9256819491,TQQQ,62012.46531470649,0.0,8.959111213684082,False
2019-12-20,628604.8714992603,TQQQ,62012.46531470649,0.0,8.959111213684082,False
2019-12-23,633256.9773638336,TQQQ,62012.46531470649,0.0,8.959111213684082,False
2019-12-24,634076.8309621019,TQQQ,62012.46531470649,0.0,8.959111213684082,False
2019-12-26,650549.3060391891,TQQQ,62012.46531470649,0.0,8.959111213684082,False
2019-12-27,648628.803568572,TQQQ,62012.46531470649,0.0,8.959111213684082,False
2019-12-30,635701.930653858,TQQQ,62012.46531470649,0.0,8.959111213684082,False
2019-12-31,639321.5757149566,TQQQ,62012.46531470649,0.0,8.959111213684082,False
2020-01-02,671010.5761564841,TQQQ,62012.46531470649,0.0,10.309565544128418,False
2020-01-03,652765.447847449,TQQQ,62012.46531470649,0.0,10.309565544128418,False
2020-01-06,665175.1441252982,TQQQ,62012.46531470649,0.0,10.309565544128418,False
2020-01-07,664362.5055698771,TQQQ,62012.46531470649,0.0,10.309565544128418,False
2020-01-08,679653.0146933474,TQQQ,62012.46531470649,0.0,10.309565544128418,False
2020-01-09,696790.2199474912,TQQQ,62012.46531470649,0.0,10.309565544128418,False
2020-01-10,691102.578015279,TQQQ,62012.46531470649,0.0,10.309565544128418,False
2020-01-13,715257.1812542256,TQQQ,62012.46531470649,0.0,10.309565544128418,False
2020-01-14,706910.0863565278,TQQQ,62012.46531470649,0.0,10.309565544128418,False
2020-01-15,707353.338374058,TQQQ,62012.46531470649,0.0,10.309565544128418,False
2020-01-16,727075.8945552664,TQQQ,62012.46531470649,0.0,10.309565544128418,False
2020-01-17,737934.3566209987,TQQQ,62012.46531470649,0.0,10.309565544128418,False
2020-01-21,737565.0292228031,TQQQ,62012.46531470649,0.0,10.309565544128418,False
2020-01-22,742588.0592573496,TQQQ,62012.46531470649,0.0,10.309565544128418,False
2020-01-23,749457.6671431785,TQQQ,62012.46531470649,0.0,10.309565544128418,False
2020-01-24,730030.513740831,TQQQ,62012.46531470649,0.0,10.309565544128418,False
2020-01-27,684897.4637477248,TQQQ,62012.46531470649,0.0,10.309565544128418,False
2020-01-28,716734.4317073125,TQQQ,62012.46531470649,0.0,10.309565544128418,False
2020-01-29,719319.8417740725,TQQQ,62012.46531470649,0.0,10.309565544128418,False
2020-01-30,727445.1628137665,TQQQ,62012.46531470649,0.0,10.309565544128418,False
2020-01-31,691693.3835730011,TQQQ,62012.46531470649,0.0,10.309565544128418,False
2020-02-03,723456.3086338631,TQQQ,62012.46531470649,0.0,11.154102325439453,False
2020-02-04,772873.6747254293,TQQQ,62012.46531470649,0.0,11.154102325439453,False
2020-02-05,781811.3977617626,TQQQ,62012.46531470649,0.0,11.154102325439453,False
2020-02-06,800869.3420453053,TQQQ,62012.46531470649,0.0,11.154102325439453,False
2020-02-07,790527.8791973514,TQQQ,62012.46531470649,0.0,11.154102325439453,False
2020-02-10,819040.6048747014,TQQQ,62012.46531470649,0.0,11.154102325439453,False
2020-02-11,819631.5878515097,TQQQ,62012.46531470649,0.0,11.154102325439453,False
2020-02-12,843638.4009914824,TQQQ,62012.46531470649,0.0,11.154102325439453,False
2020-02-13,840388.2016079703,TQQQ,62012.46531470649,0.0,11.154102325439453,False
2020-02-14,846076.0800989643,TQQQ,62012.46531470649,0.0,11.154102325439453,False
2020-02-18,847553.4488314422,TQQQ,62012.46531470649,0.0,11.154102325439453,False
2020-02-19,872077.3794685842,TQQQ,62012.46531470649,0.0,11.154102325439453,False
2020-02-20,847258.0460525812,TQQQ,62012.46531470649,0.0,11.154102325439453,False
2020-02-21,798801.0494757146,TQQQ,62012.46531470649,0.0,11.154102325439453,False
2020-02-24,706762.3553972496,TQQQ,62012.46531470649,0.0,11.154102325439453,False
2020-02-25,649589.0548038805,TQQQ,62012.46531470649,0.0,11.154102325439453,False
2020-02-26,658527.0143989958,TQQQ,62012.46531470649,0.0,11.154102325439453,False
2020-02-27,607927.9438396193,CASH,0.0,607927.9438396193,,False
2020-02-28,607927.9438396193,CASH,0.0,607927.9438396193,,False
2020-03-02,607927.9438396193,TECL,27299.26316927243,0.0,22.269023895263672,False
2020-03-03,547135.1494556573,CASH,0.0,547135.1494556573,,False
2020-03-04,547135.1494556573,CASH,0.0,547135.1494556573,,False
2020-03-05,547135.1494556573,CASH,0.0,547135.1494556573,,False
2020-03-06,547135.1494556573,CASH,0.0,547135.1494556573,,False
2020-03-09,547135.1494556573,CASH,0.0,547135.1494556573,,False
2020-03-10,547135.1494556573,CASH,0.0,547135.1494556573,,False
2020-03-11,547135.1494556573,CASH,0.0,547135.1494556573,,False
2020-03-12,547135.1494556573,CASH,0.0,547135.1494556573,,False
2020-03-13,547135.1494556573,CASH,0.0,547135.1494556573,,False
2020-03-16,547135.1494556573,CASH,0.0,547135.1494556573,,False
2020-03-17,547135.1494556573,CASH,0.0,547135.1494556573,,False
2020-03-18,547135.1494556573,CASH,0.0,547135.1494556573,,False
2020-03-19,547135.1494556573,CASH,0.0,547135.1494556573,,False
2020-03-20,547135.1494556573,CASH,0.0,547135.1494556573,,False
2020-03-23,547135.1494556573,CASH,0.0,547135.1494556573,,False
2020-03-24,547135.1494556573,CASH,0.0,547135.1494556573,,False
2020-03-25,547135.1494556573,CASH,0.0,547135.1494556573,,False
2020-03-26,547135.1494556573,CASH,0.0,547135.1494556573,,False
2020-03-27,547135.1494556573,CASH,0.0,547135.1494556573,,False
2020-03-30,547135.1494556573,CASH,0.0,547135.1494556573,,False
2020-03-31,547135.1494556573,CASH,0.0,547135.1494556573,,False
2020-04-01,547135.1494556573,IEF,5259.57200043676,0.0,104.02655375954976,False
2020-04-02,547225.0068249702,IEF,5259.57200043676,0.0,104.02655375954976,False
2020-04-03,547629.1633321,IEF,5259.57200043676,0.0,104.02655375954976,False
2020-04-06,545159.3359356204,IEF,5259.57200043676,0.0,104.02655375954976,False
2020-04-07,542733.9935832843,IEF,5259.57200043676,0.0,104.02655375954976,False
2020-04-08,542060.1439753486,IEF,5259.57200043676,0.0,104.02655375954976,False
2020-04-09,543228.0477906829,IEF,5259.57200043676,0.0,104.02655375954976,False
2020-04-13,542060.1439753486,IEF,5259.57200043676,0.0,104.02655375954976,False
2020-04-14,542779.0029298522,IEF,5259.57200043676,0.0,104.02655375954976,False
2020-04-15,547629.1633321,IEF,5259.57200043676,0.0,104.02655375954976,False
2020-04-16,548212.9135849887,IEF,5259.57200043676,0.0,104.02655375954976,False
2020-04-17,546776.042626051,IEF,5259.57200043676,0.0,104.02655375954976,False
2020-04-20,548212.9135849887,IEF,5259.57200043676,0.0,104.02655375954976,False
2020-04-21,549739.9242299292,IEF,5259.57200043676,0.0,104.02655375954976,False
2020-04-22,548033.2795082742,IEF,5259.57200043676,0.0,104.02655375954976,False
2020-04-23,548392.6686545704,IEF,5259.57200043676,0.0,104.02655375954976,False
2020-04-24,548527.3740466284,IEF,5259.57200043676,0.0,104.02655375954976,False
2020-04-27,545608.3807964509,IEF,5259.57200043676,0.0,104.02655375954976,False
2020-04-28,547988.310492662,IEF,5259.57200043676,0.0,104.02655375954976,False
2020-04-29,547718.9400395016,IEF,5259.57200043676,0.0,104.02655375954976,False
2020-04-30,546416.8148035777,IEF,5259.57200043676,0.0,104.02655375954976,False
2020-05-01,547171.9716182168,TECL,40515.24370850417,0.0,13.505335807800293,False
2020-05-04,568698.9018211896,TECL,40515.24370850417,0.0,13.505335807800293,False
2020-05-05,595914.439989128,TECL,40515.24370850417,0.0,13.505335807800293,False
2020-05-06,607588.591618427,TECL,40515.24370850417,0.0,13.505335807800293,False
2020-05-07,636886.234409893,TECL,40515.24370850417,0.0,13.505335807800293,False
2020-05-08,663655.4996659652,TECL,40515.24370850417,0.0,13.505335807800293,False
2020-05-11,677635.0855664617,TECL,40515.24370850417,0.0,13.505335807800293,False
2020-05-12,633651.4706082876,TECL,40515.24370850417,0.0,13.505335807800293,False
2020-05-13,600487.4429511225,TECL,40515.24370850417,0.0,13.505335807800293,False
2020-05-14,625211.8509505101,TECL,40515.24370850417,0.0,13.505335807800293,False
2020-05-15,632350.3242613524,TECL,40515.24370850417,0.0,13.505335807800293,False
2020-05-18,680051.9141930628,TECL,40515.24370850417,0.0,13.505335807800293,False
2020-05-19,672058.3356170676,TECL,40515.24370850417,0.0,13.505335807800293,False
2020-05-20,714814.6807484354,TECL,40515.24370850417,0.0,13.505335807800293,False
2020-05-21,688231.3432198007,TECL,40515.24370850417,0.0,13.505335807800293,False
2020-05-22,693994.1754500215,TECL,40515.24370850417,0.0,13.505335807800293,False
2020-05-26,694068.5156303186,TECL,40515.24370850417,0.0,13.505335807800293,False
2020-05-27,704107.144654735,TECL,40515.24370850417,0.0,13.505335807800293,False
2020-05-28,698753.1061394532,TECL,40515.24370850417,0.0,13.505335807800293,False
2020-05-29,723700.7278714688,TECL,40515.24370850417,0.0,13.505335807800293,False
2020-06-01,724704.3975821737,TECL,40515.24370850417,0.0,17.862430572509766,False
2020-06-02,745450.6399769853,TECL,40515.24370850417,0.0,17.862430572509766,False
2020-06-03,762590.3790303589,TECL,40515.24370850417,0.0,17.862430572509766,False
2020-06-04,743591.7490860855,TECL,40515.24370850417,0.0,17.862430572509766,False
2020-06-05,801145.6539313016,TECL,40515.24370850417,0.0,17.862430572509766,False
2020-06-08,815236.8273789383,TECL,40515.24370850417,0.0,17.862430572509766,False
2020-06-09,825535.492481005,TECL,40515.24370850417,0.0,17.862430572509766,False
2020-06-10,869184.3834361057,TECL,40515.24370850417,0.0,17.862430572509766,False
2020-06-11,718607.0345406162,TECL,40515.24370850417,0.0,17.862430572509766,False
2020-06-12,743740.5067233742,TECL,40515.24370850417,0.0,17.862430572509766,False
2020-06-15,765490.5733822802,TECL,40515.24370850417,0.0,17.862430572509766,False
2020-06-16,817653.50145215,TECL,40515.24370850417,0.0,17.862430572509766,False
2020-06-17,816277.8217331811,TECL,40515.24370850417,0.0,17.862430572509766,False
2020-06-18,828138.0942816541,TECL,40515.24370850417,0.0,17.862430572509766,False
2020-06-19,810329.1390522177,TECL,40515.24370850417,0.0,17.862430572509766,False
2020-06-22,855874.0909883666,TECL,40515.24370850417,0.0,17.862430572509766,False
2020-06-23,874501.0200311547,TECL,40515.24370850417,0.0,17.862430572509766,False
2020-06-24,814530.4411127269,TECL,40515.24370850417,0.0,17.862430572509766,False
2020-06-25,845612.4414230591,TECL,40515.24370850417,0.0,17.862430572509766,False
2020-06-26,797055.8621412378,TECL,40515.24370850417,0.0,17.862430572509766,False
2020-06-29,819772.5829740895,TECL,40515.24370850417,0.0,17.862430572509766,False
2020-06-30,865875.3953692451,TECL,40515.24370850417,0.0,17.862430572509766,False
2020-07-01,868403.5024362078,TECL,40515.24370850417,0.0,21.37159538269043,False
2020-07-02,884093.29886701,TECL,40515.24370850417,0.0,21.37159538269043,False
2020-07-06,931014.0077988226,TECL,40515.24370850417,0.0,21.37159538269043,False
2020-07-07,903240.8410019615,TECL,40515.24370850417,0.0,21.37159538269043,False
2020-07-08,943915.4292549278,TECL,40515.24370850417,0.0,21.37159538269043,False
2020-07-09,955849.9647070031,TECL,40515.24370850417,0.0,21.37159538269043,False
2020-07-10,954548.6251683312,TECL,40515.24370850417,0.0,21.37159538269043,False
2020-07-13,896734.2205852967,TECL,40515.24370850417,0.0,21.37159538269043,False
2020-07-14,924210.1039376643,TECL,40515.24370850417,0.0,21.37159538269043,False
2020-07-15,942428.0847121238,TECL,40515.24370850417,0.0,21.37159538269043,False
2020-07-16,907181.7978780416,TECL,40515.24370850417,0.0,21.37159538269043,False
2020-07-17,917926.6586152801,TECL,40515.24370850417,0.0,21.37159538269043,False
2020-07-20,987526.9955664905,TECL,40515.24370850417,0.0,21.37159538269043,False
2020-07-21,960162.8543146526,TECL,40515.24370850417,0.0,21.37159538269043,False
2020-07-22,983586.0386904103,TECL,40515.24370850417,0.0,21.37159538269043,False
2020-07-23,906735.834072954,TECL,40515.24370850417,0.0,21.37159538269043,False
2020-07-24,873794.711041638,TECL,40515.24370850417,0.0,21.37159538269043,False
2020-07-27,912870.4444813548,TECL,40515.24370850417,0.0,21.37159538269043,False
2020-07-28,882717.6964247357,TECL,40515.24370850417,0.0,21.37159538269043,False
2020-07-29,919599.8536088266,TECL,40515.24370850417,0.0,21.37159538269043,False
2020-07-30,934471.6762262771,TECL,40515.24370850417,0.0,21.37159538269043,False
2020-07-31,1007306.661064051,TECL,40515.24370850417,0.0,21.37159538269043,False
2020-08-03,1078505.5437217322,TQQQ,73117.82385642639,0.0,14.75024127960205,False
2020-08-04,1092527.9471246179,TQQQ,73117.82385642639,0.0,14.75024127960205,False
2020-08-05,1101237.5070927453,TQQQ,73117.82385642639,0.0,14.75024127960205,False
2020-08-06,1143391.8805397563,TQQQ,73117.82385642639,0.0,14.75024127960205,False
2020-08-07,1106027.7197503315,TQQQ,73117.82385642639,0.0,14.75024127960205,False
2020-08-10,1091134.3115392195,TQQQ,73117.82385642639,0.0,14.75024127960205,False
2020-08-11,1029209.5723687002,TQQQ,73117.82385642639,0.0,14.75024127960205,False
2020-08-12,1106202.0462270398,TQQQ,73117.82385642639,0.0,14.75024127960205,False
2020-08-13,1113953.647340359,TQQQ,73117.82385642639,0.0,14.75024127960205,False
2020-08-14,1110730.9783613354,TQQQ,73117.82385642639,0.0,14.75024127960205,False
2020-08-17,1147398.2516274706,TQQQ,73117.82385642639,0.0,14.75024127960205,False
2020-08-18,1181104.2758990542,TQQQ,73117.82385642639,0.0,14.75024127960205,False
2020-08-19,1158024.0779581682,TQQQ,73117.82385642639,0.0,14.75024127960205,False
2020-08-20,1205665.3423942833,TQQQ,73117.82385642639,0.0,14.75024127960205,False
2020-08-21,1230836.2726356294,TQQQ,73117.82385642639,0.0,14.75024127960205,False
2020-08-24,1253654.7716696805,TQQQ,73117.82385642639,0.0,14.75024127960205,False
2020-08-25,1282919.1665065044,TQQQ,73117.82385642639,0.0,14.75024127960205,False
2020-08-26,1365050.2270534844,TQQQ,73117.82385642639,0.0,14.75024127960205,False
2020-08-27,1352682.5305675154,TQQQ,73117.82385642639,0.0,14.75024127960205,False
2020-08-28,1373585.530275494,TQQQ,73117.82385642639,0.0,14.75024127960205,False
2020-08-31,1405375.5671068702,TQQQ,73117.82385642639,0.0,14.75024127960205,False
2020-09-01,1478361.6001469048,TQQQ,73117.82385642639,0.0,19.2206974029541,False
2020-09-02,1520080.575785689,TQQQ,73117.82385642639,0.0,19.2206974029541,False
2020-09-03,1264838.0103961832,CASH,0.0,1264838.0103961832,,False
2020-09-04,1264838.0103961832,CASH,0.0,1264838.0103961832,,False
2020-09-08,1264838.0103961832,CASH,0.0,1264838.0103961832,,False
2020-09-09,1264838.0103961832,CASH,0.0,1264838.0103961832,,False
2020-09-10,1264838.0103961832,CASH,0.0,1264838.0103961832,,False
2020-09-11,1264838.0103961832,CASH,0.0,1264838.0103961832,,False
2020-09-14,1264838.0103961832,CASH,0.0,1264838.0103961832,,False
2020-09-15,1264838.0103961832,CASH,0.0,1264838.0103961832,,False
2020-09-16,1264838.0103961832,CASH,0.0,1264838.0103961832,,False
2020-09-17,1264838.0103961832,CASH,0.0,1264838.0103961832,,False
2020-09-18,1264838.0103961832,CASH,0.0,1264838.0103961832,,False
2020-09-21,1264838.0103961832,CASH,0.0,1264838.0103961832,,False
2020-09-22,1264838.0103961832,CASH,0.0,1264838.0103961832,,False
2020-09-23,1264838.0103961832,CASH,0.0,1264838.0103961832,,False
2020-09-24,1264838.0103961832,CASH,0.0,1264838.0103961832,,False
2020-09-25,1264838.0103961832,CASH,0.0,1264838.0103961832,,False
2020-09-28,1264838.0103961832,CASH,0.0,1264838.0103961832,,False
2020-09-29,1264838.0103961832,CASH,0.0,1264838.0103961832,,False
2020-09-30,1264838.0103961832,CASH,0.0,1264838.0103961832,,False
2020-10-01,1264838.0103961832,TQQQ,77490.05908626455,0.0,16.32258415222168,False
2020-10-02,1160534.786934413,TQQQ,77490.05908626455,0.0,16.32258415222168,False
2020-10-05,1233731.683205052,TQQQ,77490.05908626455,0.0,16.32258415222168,False
2020-10-06,1167457.617282507,TQQQ,77490.05908626455,0.0,16.32258415222168,False
2020-10-07,1228839.7064276573,TQQQ,77490.05908626455,0.0,16.32258415222168,False
2020-10-08,1246931.0859602713,TQQQ,77490.05908626455,0.0,16.32258415222168,False
2020-10-09,1302405.5128917,TQQQ,77490.05908626455,0.0,16.32258415222168,False
2020-10-12,1423877.0274995042,TQQQ,77490.05908626455,0.0,16.32258415222168,False
2020-10-13,1424062.0737984392,TQQQ,77490.05908626455,0.0,16.32258415222168,False
2020-10-14,1388894.2611667465,TQQQ,77490.05908626455,0.0,16.32258415222168,False
2020-10-15,1360187.6977397185,TQQQ,77490.05908626455,0.0,16.32258415222168,False
2020-10-16,1339326.9791470852,TQQQ,77490.05908626455,0.0,16.32258415222168,False
2020-10-19,1272775.934978371,TQQQ,77490.05908626455,0.0,16.32258415222168,False
2020-10-20,1280991.429008961,TQQQ,77490.05908626455,0.0,16.32258415222168,False
2020-10-21,1277668.2812571614,TQQQ,77490.05908626455,0.0,16.32258415222168,False
2020-10-22,1278314.1696967345,TQQQ,77490.05908626455,0.0,16.32258415222168,False
2020-10-23,1285790.808736609,TQQQ,77490.05908626455,0.0,16.32258415222168,False
2020-10-26,1227178.1325517574,TQQQ,77490.05908626455,0.0,16.32258415222168,False
2020-10-27,1256161.3786238383,TQQQ,77490.05908626455,0.0,16.32258415222168,False
2020-10-28,1138354.209356565,CASH,0.0,1138354.209356565,,False
2020-10-29,1138354.209356565,CASH,0.0,1138354.209356565,,False
2020-10-30,1138354.209356565,CASH,0.0,1138354.209356565,,False
2020-11-02,1138354.209356565,TECL,48082.65317556226,0.0,23.674945831298828,False
2020-11-03,1201848.517229915,TECL,48082.65317556226,0.0,23.674945831298828,False
2020-11-04,1340044.7837270151,TECL,48082.65317556226,0.0,23.674945831298828,False
2020-11-05,1467254.146365106,TECL,48082.65317556226,0.0,23.674945831298828,False
2020-11-06,1478549.5639518427,TECL,48082.65317556226,0.0,23.674945831298828,False
2020-11-09,1449648.5958900629,TECL,48082.65317556226,0.0,23.674945831298828,False
2020-11-10,1364180.7554298423,TECL,48082.65317556226,0.0,23.674945831298828,False
2020-11-11,1461650.3668450972,TECL,48082.65317556226,0.0,23.674945831298828,False
2020-11-12,1421541.9314536825,TECL,48082.65317556226,0.0,23.674945831298828,False
2020-11-13,1459753.2458665709,TECL,48082.65317556226,0.0,23.674945831298828,False
2020-11-16,1503788.7198493276,TECL,48082.65317556226,0.0,23.674945831298828,False
2020-11-17,1478152.4579943342,TECL,48082.65317556226,0.0,23.674945831298828,False
2020-11-18,1428777.9723667018,TECL,48082.65317556226,0.0,23.674945831298828,False
2020-11-19,1464871.4189096726,TECL,48082.65317556226,0.0,23.674945831298828,False
2020-11-20,1419247.3376761165,TECL,48082.65317556226,0.0,23.674945831298828,False
2020-11-23,1419776.5982952346,TECL,48082.65317556226,0.0,23.674945831298828,False
2020-11-24,1474446.5331359142,TECL,48082.65317556226,0.0,23.674945831298828,False
2020-11-25,1484241.84399125,TECL,48082.65317556226,0.0,23.674945831298828,False
2020-11-27,1510230.8239784783,TECL,48082.65317556226,0.0,23.674945831298828,False
2020-11-30,1540720.3075806748,TECL,48082.65317556226,0.0,23.674945831298828,False
2020-12-01,1602935.3473243976,TQQQ,81938.93143355474,0.0,19.56256103515625,False
2020-12-02,1609377.4607309434,TQQQ,81938.93143355474,0.0,19.56256103515625,False
2020-12-03,1615916.6278110815,TQQQ,81938.93143355474,0.0,19.56256103515625,False
2020-12-04,1635729.9555458766,TQQQ,81938.93143355474,0.0,19.56256103515625,False
2020-12-07,1663449.3286687587,TQQQ,81938.93143355474,0.0,19.56256103515625,False
2020-12-08,1678675.6591089852,TQQQ,81938.93143355474,0.0,19.56256103515625,False
2020-12-09,1566236.5558178888,TQQQ,81938.93143355474,0.0,19.56256103515625,False
2020-12-10,1585464.4357889548,TQQQ,81938.93143355474,0.0,19.56256103515625,False
2020-12-11,1574337.6462698127,TQQQ,81938.93143355474,0.0,19.56256103515625,False
2020-12-14,1607913.2161771848,TQQQ,81938.93143355474,0.0,19.56256103515625,False
2020-12-15,1657886.0120522422,TQQQ,81938.93143355474,0.0,19.56256103515625,False
2020-12-16,1685702.595134825,TQQQ,81938.93143355474,0.0,19.56256103515625,False
2020-12-17,1720254.484364145,TQQQ,81938.93143355474,0.0,19.56256103515625,False
2020-12-18,1701514.5296248896,TQQQ,81938.93143355474,0.0,19.56256103515625,False
2020-12-21,1695170.2513224802,TQQQ,81938.93143355474,0.0,19.56256103515625,False
2020-12-22,1708542.090795165,TQQQ,81938.93143355474,0.0,19.56256103515625,False
2020-12-23,1682774.7311717432,TQQQ,81938.93143355474,0.0,19.56256103515625,False
2020-12-24,1704638.063796244,TQQQ,81938.93143355474,0.0,19.56256103515625,False
2020-12-28,1755781.7551987597,TQQQ,81938.93143355474,0.0,19.56256103515625,False
2020-12-29,1760955.137973711,TQQQ,81938.93143355474,0.0,19.56256103515625,False
2020-12-30,1760661.9452335197,TQQQ,81938.93143355474,0.0,19.56256103515625,False
2020-12-31,1774424.1874060966,TQQQ,81938.93143355474,0.0,19.56256103515625,False
2021-01-04,1696829.6972261847,TQQQ,81938.93143355474,0.0,21.655447006225586,False
2021-01-05,1739384.8418032925,TQQQ,81938.93143355474,0.0,21.655447006225586,False
2021-01-06,1667451.034485707,TQQQ,81938.93143355474,0.0,21.655447006225586,False
2021-01-07,1787893.236838482,TQQQ,81938.93143355474,0.0,21.655447006225586,False
2021-01-08,1857191.2789304152,TQQQ,81938.93143355474,0.0,21.655447006225586,False
2021-01-11,1775107.0014156355,TQQQ,81938.93143355474,0.0,21.655447006225586,False
2021-01-12,1767396.7825219303,TQQQ,81938.93143355474,0.0,21.655447006225586,False
2021-01-13,1801752.68897076,TQQQ,81938.93143355474,0.0,21.655447006225586,False
2021-01-14,1774326.664874178,TQQQ,81938.93143355474,0.0,21.655447006225586,False
2021-01-15,1731185.6036750146,TQQQ,81938.93143355474,0.0,21.655447006225586,False
2021-01-19,1806242.6325917365,TQQQ,81938.93143355474,0.0,21.655447006225586,False
2021-01-20,1932150.6290291098,TQQQ,81938.93143355474,0.0,21.655447006225586,False
2021-01-21,1980171.880263033,TQQQ,81938.93143355474,0.0,21.655447006225586,False
2021-01-22,1962212.4183513443,TQQQ,81938.93143355474,0.0,21.655447006225586,False
2021-01-25,2016674.8452751604,TQQQ,81938.93143355474,0.0,21.655447006225586,False
2021-01-26,2018822.060124567,TQQQ,81938.93143355474,0.0,21.655447006225586,False
2021-01-27,1856020.2271168476,TQQQ,81938.93143355474,0.0,21.655447006225586,False
2021-01-28,1883349.1975398376,TQQQ,81938.93143355474,0.0,21.655447006225586,False
2021-01-29,1766030.373072308,TQQQ,81938.93143355474,0.0,21.655447006225586,False
2021-02-01,1895842.7090808197,TECL,48912.737826682285,0.0,38.75969314575195,False
2021-02-02,1970618.6839666453,TECL,48912.737826682285,0.0,38.75969314575195,False
2021-02-03,1953289.762838649,TECL,48912.737826682285,0.0,38.75969314575195,False
2021-02-04,2040249.8875813563,TECL,48912.737826682285,0.0,38.75969314575195,False
2021-02-05,2030728.1517261262,TECL,48912.737826682285,0.0,38.75969314575195,False
2021-02-08,2093319.7901677832,TECL,48912.737826682285,0.0,38.75969314575195,False
2021-02-09,2084249.4089603906,TECL,48912.737826682285,0.0,38.75969314575195,False
2021-02-10,2074411.2210659988,TECL,48912.737826682285,0.0,38.75969314575195,False
2021-02-11,2143817.0272377217,TECL,48912.737826682285,0.0,38.75969314575195,False
2021-02-12,2178429.715370202,TECL,48912.737826682285,0.0,38.75969314575195,False
2021-02-16,2160469.1962748924,TECL,48912.737826682285,0.0,38.75969314575195,False
2021-02-17,2097426.203185398,TECL,48912.737826682285,0.0,38.75969314575195,False
2021-02-18,2070079.410605396,TECL,48912.737826682285,0.0,38.75969314575195,False
2021-02-19,2057127.454061515,TECL,48912.737826682285,0.0,38.75969314575195,False
2021-02-22,1924408.103233797,TECL,48912.737826682285,0.0,38.75969314575195,False
2021-02-23,1907349.9202595884,TECL,48912.737826682285,0.0,38.75969314575195,False
2021-02-24,1994987.1702676956,TECL,48912.737826682285,0.0,38.75969314575195,False
2021-02-25,1787086.2037916887,TECL,48912.737826682285,0.0,38.75969314575195,False
2021-02-26,1815877.1819749412,TECL,48912.737826682285,0.0,38.75969314575195,False
2021-03-01,1981719.8812083763,TQQQ,85756.53432949609,0.0,23.108675003051758,False
2021-03-02,1886719.6506192617,TQQQ,85756.53432949609,0.0,23.108675003051758,False
2021-03-03,1783547.8930875387,CASH,0.0,1783547.8930875387,,False
2021-03-04,1783547.8930875387,CASH,0.0,1783547.8930875387,,False
2021-03-05,1783547.8930875387,CASH,0.0,1783547.8930875387,,False
2021-03-08,1783547.8930875387,CASH,0.0,1783547.8930875387,,False
2021-03-09,1783547.8930875387,CASH,0.0,1783547.8930875387,,False
2021-03-10,1783547.8930875387,CASH,0.0,1783547.8930875387,,False
2021-03-11,1783547.8930875387,CASH,0.0,1783547.8930875387,,False
2021-03-12,1783547.8930875387,CASH,0.0,1783547.8930875387,,False
2021-03-15,1783547.8930875387,CASH,0.0,1783547.8930875387,,False
2021-03-16,1783547.8930875387,CASH,0.0,1783547.8930875387,,False
2021-03-17,1783547.8930875387,CASH,0.0,1783547.8930875387,,False
2021-03-18,1783547.8930875387,CASH,0.0,1783547.8930875387,,False
2021-03-19,1783547.8930875387,CASH,0.0,1783547.8930875387,,False
2021-03-22,1783547.8930875387,CASH,0.0,1783547.8930875387,,False
2021-03-23,1783547.8930875387,CASH,0.0,1783547.8930875387,,False
2021-03-24,1783547.8930875387,CASH,0.0,1783547.8930875387,,False
2021-03-25,1783547.8930875387,CASH,0.0,1783547.8930875387,,False
2021-03-26,1783547.8930875387,CASH,0.0,1783547.8930875387,,False
2021-03-29,1783547.8930875387,CASH,0.0,1783547.8930875387,,False
2021-03-30,1783547.8930875387,CASH,0.0,1783547.8930875387,,False
2021-03-31,1783547.8930875387,CASH,0.0,1783547.8930875387,,False
2021-04-01,1783547.8930875387,TECL,44156.20423184512,0.0,40.39178466796875,False
2021-04-05,1893950.363088311,TECL,44156.20423184512,0.0,40.39178466796875,False
2021-04-06,1873580.773772695,TECL,44156.20423184512,0.0,40.39178466796875,False
2021-04-07,1904135.0735248432,TECL,44156.20423184512,0.0,40.39178466796875,False
2021-04-08,1986427.5136389167,TECL,44156.20423184512,0.0,40.39178466796875,False
2021-04-09,2041425.354258314,TECL,44156.20423184512,0.0,40.39178466796875,False
2021-04-12,2015759.4257945127,TECL,44156.20423184512,0.0,40.39178466796875,False
2021-04-13,2071571.5177080717,TECL,44156.20423184512,0.0,40.39178466796875,False
2021-04-14,2002723.151402899,TECL,44156.20423184512,0.0,40.39178466796875,False
2021-04-15,2107829.619140589,TECL,44156.20423184512,0.0,40.39178466796875,False
2021-04-16,2105792.1380371177,TECL,44156.20423184512,0.0,40.39178466796875,False
2021-04-19,2051202.6021626622,TECL,44156.20423184512,0.0,40.39178466796875,False
2021-04-20,1998241.7373190816,TECL,44156.20423184512,0.0,40.39178466796875,False
2021-04-21,2057720.4866946416,TECL,44156.20423184512,0.0,40.39178466796875,False
2021-04-22,1986835.1446136523,TECL,44156.20423184512,0.0,40.39178466796875,False
2021-04-23,2070757.26641391,TECL,44156.20423184512,0.0,40.39178466796875,False
2021-04-26,2107421.819723302,TECL,44156.20423184512,0.0,40.39178466796875,False
2021-04-27,2090311.593780055,TECL,44156.20423184512,0.0,40.39178466796875,False
2021-04-28,2032055.2320010467,TECL,44156.20423184512,0.0,40.39178466796875,False
2021-04-29,2027573.986359781,TECL,44156.20423184512,0.0,40.39178466796875,False
2021-04-30,1945281.2093606042,TECL,44156.20423184512,0.0,40.39178466796875,False
2021-05-03,1928170.9834173569,TECL,44156.20423184512,0.0,44.05453872680664,False
2021-05-04,1821842.6334107695,TECL,44156.20423184512,0.0,44.05453872680664,False
2021-05-05,1810028.0728455016,TECL,44156.20423184512,0.0,44.05453872680664,False
2021-05-06,1865025.2396946927,TECL,44156.20423184512,0.0,44.05453872680664,False
2021-05-07,1909023.781698293,TECL,44156.20423184512,0.0,44.05453872680664,False
2021-05-10,1768067.1803879242,TECL,44156.20423184512,0.0,44.05453872680664,False
2021-05-11,1666219.8962590988,CASH,0.0,1666219.8962590988,,False
2021-05-12,1666219.8962590988,CASH,0.0,1666219.8962590988,,False
2021-05-13,1666219.8962590988,CASH,0.0,1666219.8962590988,,False
2021-05-14,1666219.8962590988,CASH,0.0,1666219.8962590988,,False
2021-05-17,1666219.8962590988,CASH,0.0,1666219.8962590988,,False
2021-05-18,1666219.8962590988,CASH,0.0,1666219.8962590988,,False
2021-05-19,1666219.8962590988,CASH,0.0,1666219.8962590988,,False
2021-05-20,1666219.8962590988,CASH,0.0,1666219.8962590988,,False
2021-05-21,1666219.8962590988,CASH,0.0,1666219.8962590988,,False
2021-05-24,1666219.8962590988,CASH,0.0,1666219.8962590988,,False
2021-05-25,1666219.8962590988,CASH,0.0,1666219.8962590988,,False
2021-05-26,1666219.8962590988,CASH,0.0,1666219.8962590988,,False
2021-05-27,1666219.8962590988,CASH,0.0,1666219.8962590988,,False
2021-05-28,1666219.8962590988,CASH,0.0,1666219.8962590988,,False
2021-06-01,1666219.8962590988,TECL,40017.47585975456,0.0,41.637306213378906,False
2021-06-02,1698340.5519504533,TECL,40017.47585975456,0.0,41.637306213378906,False
2021-06-03,1651821.2132526452,TECL,40017.47585975456,0.0,41.637306213378906,False
2021-06-04,1745599.0440071514,TECL,40017.47585975456,0.0,41.637306213378906,False
2021-06-07,1745599.0440071514,TECL,40017.47585975456,0.0,41.637306213378906,False
2021-06-08,1747444.9428951526,TECL,40017.47585975456,0.0,41.637306213378906,False
2021-06-09,1750398.350585043,TECL,40017.47585975456,0.0,41.637306213378906,False
2021-06-10,1789903.670410292,TECL,40017.47585975456,0.0,41.637306213378906,False
2021-06-11,1819439.7318184222,TECL,40017.47585975456,0.0,41.637306213378906,False
2021-06-14,1877035.379771571,TECL,40017.47585975456,0.0,41.637306213378906,False
2021-06-15,1841592.197674548,TECL,40017.47585975456,0.0,41.637306213378906,False
2021-06-16,1810948.0168463055,TECL,40017.47585975456,0.0,41.637306213378906,False
2021-06-17,1875558.9049084592,TECL,40017.47585975456,0.0,41.637306213378906,False
2021-06-18,1820916.8172997567,TECL,40017.47585975456,0.0,41.637306213378906,False
2021-06-21,1881096.7542270182,TECL,40017.47585975456,0.0,41.637306213378906,False
2021-06-22,1931308.6539736069,TECL,40017.47585975456,0.0,41.637306213378906,False
2021-06-23,1922817.3969651575,TECL,40017.47585975456,0.0,41.637306213378906,False
2021-06-24,1961583.4107769602,TECL,40017.47585975456,0.0,41.637306213378906,False
2021-06-25,1956045.103494734,TECL,40017.47585975456,0.0,41.637306213378906,False
2021-06-28,2016594.7697559963,TECL,40017.47585975456,0.0,41.637306213378906,False
2021-06-29,2059422.9212960252,TECL,40017.47585975456,0.0,41.637306213378906,False
2021-06-30,2053515.6479525769,TECL,40017.47585975456,0.0,41.637306213378906,False
2021-07-01,2059422.9212960252,TQQQ,70533.19767726232,0.0,29.19792366027832,False
2021-07-02,2129325.1667159284,TQQQ,70533.19767726232,0.0,29.19792366027832,False
2021-07-06,2157890.8911437267,TQQQ,70533.19767726232,0.0,29.19792366027832,False
2021-07-07,2171669.731474428,TQQQ,70533.19767726232,0.0,29.19792366027832,False
2021-07-08,2134029.9987722966,TQQQ,70533.19767726232,0.0,29.19792366027832,False
2021-07-09,2170157.3294963404,TQQQ,70533.19767726232,0.0,29.19792366027832,False
2021-07-12,2197378.6816623495,TQQQ,70533.19767726232,0.0,29.19792366027832,False
2021-07-13,2196203.01177385,TQQQ,70533.19767726232,0.0,29.19792366027832,False
2021-07-14,2208133.1216310696,TQQQ,70533.19767726232,0.0,29.19792366027832,False
2021-07-15,2162427.5589523977,TQQQ,70533.19767726232,0.0,29.19792366027832,False
2021-07-16,2109329.0923507703,TQQQ,70533.19767726232,0.0,29.19792366027832,False
2021-07-19,2058751.071493626,TQQQ,70533.19767726232,0.0,29.19792366027832,False
2021-07-20,2126636.5567237483,TQQQ,70533.19767726232,0.0,29.19792366027832,False
2021-07-21,2175198.3555167043,TQQQ,70533.19767726232,0.0,29.19792366027832,False
2021-07-22,2220903.5146011817,TQQQ,70533.19767726232,0.0,29.19792366027832,False
2021-07-23,2294670.578027357,TQQQ,70533.19767726232,0.0,29.19792366027832,False
2021-07-26,2304248.6754505867,TQQQ,70533.19767726232,0.0,29.19792366027832,False
2021-07-27,2228968.9409835273,TQQQ,70533.19767726232,0.0,29.19792366027832,False
2021-07-28,2253334.4606294464,TQQQ,70533.19767726232,0.0,29.19792366027832,False
2021-07-29,2264424.4219051716,TQQQ,70533.19767726232,0.0,29.19792366027832,False
2021-07-30,2230481.8810872077,TQQQ,70533.19767726232,0.0,29.19792366027832,False
2021-08-02,2229808.9550336236,TQQQ,70533.19767726232,0.0,31.623149871826172,False
2021-08-03,2268625.0302812452,TQQQ,70533.19767726232,0.0,31.623149871826172,False
2021-08-04,2279883.6939302604,TQQQ,70533.19767726232,0.0,31.623149871826172,False
2021-08-05,2322731.9442434623,TQQQ,70533.19767726232,0.0,31.623149871826172,False
2021-08-06,2292485.788121277,TQQQ,70533.19767726232,0.0,31.623149871826172,False
2021-08-09,2304752.630068085,TQQQ,70533.19767726232,0.0,31.623149871826172,False
2021-08-10,2270305.058381438,TQQQ,70533.19767726232,0.0,31.623149871826172,False
2021-08-11,2258039.2926858147,TQQQ,70533.19767726232,0.0,31.623149871826172,False
2021-08-12,2281564.260156045,TQQQ,70533.19767726232,0.0,31.623149871826172,False
2021-08-13,2304416.301572691,TQQQ,70533.19767726232,0.0,31.623149871826172,False
2021-08-16,2308449.5528894565,TQQQ,70533.19767726232,0.0,31.623149871826172,False
2021-08-17,2247789.4799915836,TQQQ,70533.19767726232,0.0,31.623149871826172,False
2021-08-18,2182424.1714431485,TQQQ,70533.19767726232,0.0,31.623149871826172,False
2021-08-19,2213510.2070840313,TQQQ,70533.19767726232,0.0,31.623149871826172,False
2021-08-20,2281899.512400254,TQQQ,70533.19767726232,0.0,31.623149871826172,False
2021-08-23,2383560.5849832264,TQQQ,70533.19767726232,0.0,31.623149871826172,False
2021-08-24,2407084.4762022714,TQQQ,70533.19767726232,0.0,31.623149871826172,False
2021-08-25,2409773.489788646,TQQQ,70533.19767726232,0.0,31.623149871826172,False
2021-08-26,2368941.0579454377,TQQQ,70533.19767726232,0.0,31.623149871826172,False
2021-08-27,2438171.1845001453,TQQQ,70533.19767726232,0.0,31.623149871826172,False
2021-08-30,2518995.226948077,TQQQ,70533.19767726232,0.0,31.623149871826172,False
2021-08-31,2511938.2479263204,TQQQ,70533.19767726232,0.0,31.623149871826172,False
2021-09-01,2525717.4918512166,TECL,39982.23939124284,0.0,63.17098617553711,False
2021-09-02,2521290.594808634,TECL,39982.23939124284,0.0,63.17098617553711,False
2021-09-03,2550801.258997375,TECL,39982.23939124284,0.0,63.17098617553711,False
2021-09-07,2551539.1514312085,TECL,39982.23939124284,0.0,63.17098617553711,False
2021-09-08,2519815.420021524,TECL,39982.23939124284,0.0,63.17098617553711,False
2021-09-09,2488829.5810456728,TECL,39982.23939124284,0.0,63.17098617553711,False
2021-09-10,2417635.315312028,TECL,39982.23939124284,0.0,63.17098617553711,False
2021-09-13,2418373.055225722,TECL,39982.23939124284,0.0,63.17098617553711,False
2021-09-14,2410258.2212153645,TECL,39982.23939124284,0.0,63.17098617553711,False
2021-09-15,2470754.4193396787,TECL,39982.23939124284,0.0,63.17098617553711,False
2021-09-16,2477394.078562926,TECL,39982.23939124284,0.0,63.17098617553711,False
2021-09-17,2363410.440274602,TECL,39982.23939124284,0.0,63.17098617553711,False
2021-09-20,2255698.0781084616,CASH,0.0,2255698.0781084616,,False
2021-09-21,2255698.0781084616,CASH,0.0,2255698.0781084616,,False
2021-09-22,2255698.0781084616,CASH,0.0,2255698.0781084616,,False
2021-09-23,2255698.0781084616,CASH,0.0,2255698.0781084616,,False
2021-09-24,2255698.0781084616,CASH,0.0,2255698.0781084616,,False
2021-09-27,2255698.0781084616,CASH,0.0,2255698.0781084616,,False
2021-09-28,2255698.0781084616,CASH,0.0,2255698.0781084616,,False
2021-09-29,2255698.0781084616,CASH,0.0,2255698.0781084616,,False
2021-09-30,2255698.0781084616,CASH,0.0,2255698.0781084616,,False
2021-10-01,2255698.0781084616,TQQQ,74648.58014937027,0.0,30.217561721801758,False
2021-10-04,2116984.799579671,TQQQ,74648.58014937027,0.0,30.217561721801758,False
2021-10-05,2198434.2018551147,TQQQ,74648.58014937027,0.0,30.217561721801758,False
2021-10-06,2241827.1916362713,TQQQ,74648.58014937027,0.0,30.217561721801758,False
2021-10-07,2302469.623489526,TQQQ,74648.58014937027,0.0,30.217561721801758,False
2021-10-08,2267080.2894013026,TQQQ,74648.58014937027,0.0,30.217561721801758,False
2021-10-11,2216751.785193617,TQQQ,74648.58014937027,0.0,30.217561721801758,False
2021-10-12,2194166.3353581177,TQQQ,74648.58014937027,0.0,30.217561721801758,False
2021-10-13,2245561.699404402,TQQQ,74648.58014937027,0.0,30.217561721801758,False
2021-10-14,2369515.207706515,TQQQ,74648.58014937027,0.0,30.217561721801758,False
2021-10-15,2413440.8443122013,TQQQ,74648.58014937027,0.0,30.217561721801758,False
2021-10-18,2485821.2972456533,TQQQ,74648.58014937027,0.0,30.217561721801758,False
2021-10-19,2540416.956045999,TQQQ,74648.58014937027,0.0,30.217561721801758,False
2021-10-20,2532414.297019137,TQQQ,74648.58014937027,0.0,30.217561721801758,False
2021-10-21,2577763.457535981,TQQQ,74648.58014937027,0.0,30.217561721801758,False
2021-10-22,2512497.2070175065,TQQQ,74648.58014937027,0.0,30.217561721801758,False
2021-10-25,2587900.1210017754,TQQQ,74648.58014937027,0.0,30.217561721801758,False
2021-10-26,2612086.3589282082,TQQQ,74648.58014937027,0.0,30.217561721801758,False
2021-10-27,2632714.7837428157,TQQQ,74648.58014937027,0.0,30.217561721801758,False
2021-10-28,2719143.9568517026,TQQQ,74648.58014937027,0.0,30.217561721801758,False
2021-10-29,2759336.367117063,TQQQ,74648.58014937027,0.0,30.217561721801758,False
2021-11-01,2786545.3508560476,TECL,42521.34515821238,0.0,65.5328598022461,False
2021-11-02,2852844.482218569,TECL,42521.34515821238,0.0,65.5328598022461,False
2021-11-03,2902667.370921367,TECL,42521.34515821238,0.0,65.5328598022461,False
2021-11-04,3036444.2228718717,TECL,42521.34515821238,0.0,65.5328598022461,False
2021-11-05,3078028.341420571,TECL,42521.34515821238,0.0,65.5328598022461,False
2021-11-08,3131774.3458689,TECL,42521.34515821238,0.0,65.5328598022461,False
2021-11-09,3094897.771567567,TECL,42521.34515821238,0.0,65.5328598022461,False
2021-11-10,2936798.121054158,TECL,42521.34515821238,0.0,65.5328598022461,False
2021-11-11,2983874.2123520593,TECL,42521.34515821238,0.0,65.5328598022461,False
2021-11-12,3089797.3642450464,TECL,42521.34515821238,0.0,65.5328598022461,False
2021-11-15,3080381.9513381952,TECL,42521.34515821238,0.0,65.5328598022461,False
2021-11-16,3176104.288586141,TECL,42521.34515821238,0.0,65.5328598022461,False
2021-11-17,3146681.4071128345,TECL,42521.34515821238,0.0,65.5328598022461,False
2021-11-18,3237696.2001134143,TECL,42521.34515821238,0.0,65.5328598022461,False
2021-11-19,3314196.1461209767,TECL,42521.34515821238,0.0,65.5328598022461,False
2021-11-22,3203566.0988048594,TECL,42521.34515821238,0.0,65.5328598022461,False
2021-11-23,3181204.3714965433,TECL,42521.34515821238,0.0,65.5328598022461,False
2021-11-24,3247504.151683301,TECL,42521.34515821238,0.0,65.5328598022461,False
2021-11-26,3006236.5884846114,TECL,42521.34515821238,0.0,65.5328598022461,False
2021-11-29,3227104.14445381,TECL,42521.34515821238,0.0,65.5328598022461,False
2021-11-30,3147073.9457758707,TECL,42521.34515821238,0.0,65.5328598022461,False
2021-12-01,3015651.6769793443,TQQQ,81614.2778720887,0.0,36.950050354003906,False
2021-12-02,3072426.5019333926,TQQQ,81614.2778720887,0.0,36.950050354003906,False
2021-12-03,2918046.6743908166,TQQQ,81614.2778720887,0.0,36.950050354003906,False
2021-12-06,2986292.9031629,TQQQ,81614.2778720887,0.0,36.950050354003906,False
2021-12-07,3255581.9751549987,TQQQ,81614.2778720887,0.0,36.950050354003906,False
2021-12-08,3300884.1509559616,TQQQ,81614.2778720887,0.0,36.950050354003906,False
2021-12-09,3158365.2057684762,TQQQ,81614.2778720887,0.0,36.950050354003906,False
2021-12-10,3256165.1032924135,TQQQ,81614.2778720887,0.0,36.950050354003906,False
2021-12-13,3116173.8769237585,TQQQ,81614.2778720887,0.0,36.950050354003906,False
2021-12-14,3023429.4170374824,TQQQ,81614.2778720887,0.0,36.950050354003906,False
2021-12-15,3223499.653583027,TQQQ,81614.2778720887,0.0,36.950050354003906,False
2021-12-16,2977543.179097817,TQQQ,81614.2778720887,0.0,36.950050354003906,False
2021-12-17,2932045.4856939195,TQQQ,81614.2778720887,0.0,36.950050354003906,False
2021-12-20,2844356.7747790664,TQQQ,81614.2778720887,0.0,36.950050354003906,False
2021-12-21,3034512.276319749,TQQQ,81614.2778720887,0.0,36.950050354003906,False
2021-12-22,3142810.659653488,TQQQ,81614.2778720887,0.0,36.950050354003906,False
2021-12-23,3217472.8546059458,TQQQ,81614.2778720887,0.0,36.950050354003906,False
2021-12-27,3371268.62000982,TQQQ,81614.2778720887,0.0,36.950050354003906,False
2021-12-28,3331605.321317695,TQQQ,81614.2778720887,0.0,36.950050354003906,False
2021-12-29,3326354.988744625,TQQQ,81614.2778720887,0.0,36.950050354003906,False
2021-12-30,3295245.585180886,TQQQ,81614.2778720887,0.0,36.950050354003906,False
2021-12-31,3233999.696061642,TQQQ,81614.2778720887,0.0,36.950050354003906,False
2022-01-03,3327327.906752858,TQQQ,81614.2778720887,0.0,39.62541580200195,False
2022-01-04,3198030.061129414,TQQQ,81614.2778720887,0.0,39.62541580200195,False
2022-01-05,2910599.7264554775,CASH,0.0,2910599.7264554775,,False
2022-01-06,2910599.7264554775,CASH,0.0,2910599.7264554775,,False
2022-01-07,2910599.7264554775,CASH,0.0,2910599.7264554775,,False
2022-01-10,2910599.7264554775,CASH,0.0,2910599.7264554775,,False
2022-01-11,2910599.7264554775,CASH,0.0,2910599.7264554775,,False
2022-01-12,2910599.7264554775,CASH,0.0,2910599.7264554775,,False
2022-01-13,2910599.7264554775,CASH,0.0,2910599.7264554775,,False
2022-01-14,2910599.7264554775,CASH,0.0,2910599.7264554775,,False
2022-01-18,2910599.7264554775,CASH,0.0,2910599.7264554775,,False
2022-01-19,2910599.7264554775,CASH,0.0,2910599.7264554775,,False
2022-01-20,2910599.7264554775,CASH,0.0,2910599.7264554775,,False
2022-01-21,2910599.7264554775,CASH,0.0,2910599.7264554775,,False
2022-01-24,2910599.7264554775,CASH,0.0,2910599.7264554775,,False
2022-01-25,2910599.7264554775,CASH,0.0,2910599.7264554775,,False
2022-01-26,2910599.7264554775,CASH,0.0,2910599.7264554775,,False
2022-01-27,2910599.7264554775,CASH,0.0,2910599.7264554775,,False
2022-01-28,2910599.7264554775,CASH,0.0,2910599.7264554775,,False
2022-01-31,2910599.7264554775,CASH,0.0,2910599.7264554775,,False
2022-02-01,2910599.7264554775,GLD,17301.31249108161,0.0,168.22999572753906,False
2022-02-02,2921153.537634921,GLD,17301.31249108161,0.0,168.22999572753906,False
2022-02-03,2917001.391595191,GLD,17301.31249108161,0.0,168.22999572753906,False
2022-02-04,2921499.637803924,GLD,17301.31249108161,0.0,168.22999572753906,False
2022-02-07,2943126.278417776,GLD,17301.31249108161,0.0,168.22999572753906,False
2022-02-08,2952123.03483232,GLD,17301.31249108161,0.0,168.22999572753906,False
2022-02-09,2962157.827756797,GLD,17301.31249108161,0.0,168.22999572753906,False
2022-02-10,2950911.816239347,GLD,17301.31249108161,0.0,168.22999572753906,False
2022-02-11,3007141.0818353626,GLD,17301.31249108161,0.0,168.22999572753906,False
2022-02-14,3023231.4397305488,GLD,17301.31249108161,0.0,168.22999572753906,False
2022-02-15,2994511.197636055,GLD,17301.31249108161,0.0,168.22999572753906,False
2022-02-16,3025307.5127504137,GLD,17301.31249108161,0.0,168.22999572753906,False
2022-02-17,3066657.6390442154,GLD,17301.31249108161,0.0,168.22999572753906,False
2022-02-18,3064408.38394131,GLD,17301.31249108161,0.0,168.22999572753906,False
2022-02-22,3070810.0490810233,GLD,17301.31249108161,0.0,168.22999572753906,False
2022-02-23,3084650.887876226,GLD,17301.31249108161,0.0,168.22999572753906,False
2022-02-24,3064754.4841103135,GLD,17301.31249108161,0.0,168.22999572753906,False
2022-02-25,3054546.773099874,GLD,17301.31249108161,0.0,168.22999572753906,False
2022-02-28,3086208.2066382025,GLD,17301.31249108161,0.0,168.22999572753906,False
2022-03-01,3142264.2901511774,GLD,17301.31249108161,0.0,178.3800048828125,False
2022-03-02,3109564.820102916,GLD,17301.31249108161,0.0,178.3800048828125,False
2022-03-03,3128077.3511869707,GLD,17301.31249108161,0.0,178.3800048828125,False
2022-03-04,3177904.9516432732,GLD,17301.31249108161,0.0,178.3800048828125,False
2022-03-07,3225137.724821822,GLD,17301.31249108161,0.0,178.3800048828125,False
2022-03-08,3313374.2601280916,GLD,17301.31249108161,0.0,178.3800048828125,False
2022-03-09,3214930.0138113825,GLD,17301.31249108161,0.0,178.3800048828125,False
2022-03-10,3224964.5427387813,GLD,17301.31249108161,0.0,178.3800048828125,False
2022-03-11,3202299.8656149968,GLD,17301.31249108161,0.0,178.3800048828125,False
2022-03-14,3154029.319923593,GLD,17301.31249108161,0.0,178.3800048828125,False
2022-03-15,3095031.7809697064,GLD,17301.31249108161,0.0,178.3800048828125,False
2022-03-16,3114409.166480653,GLD,17301.31249108161,0.0,178.3800048828125,False
2022-03-17,3129634.4059518697,GLD,17301.31249108161,0.0,178.3800048828125,False
2022-03-18,3102125.3824503487,GLD,17301.31249108161,0.0,178.3800048828125,False
2022-03-21,3125828.0960840653,GLD,17301.31249108161,0.0,178.3800048828125,False
2022-03-22,3103163.4189602807,GLD,17301.31249108161,0.0,178.3800048828125,False
2022-03-23,3145551.5817640154,GLD,17301.31249108161,0.0,178.3800048828125,False
2022-03-24,3168389.4409708404,GLD,17301.31249108161,0.0,178.3800048828125,False
2022-03-25,3155413.456602529,GLD,17301.31249108161,0.0,178.3800048828125,False
2022-03-28,3097972.972413541,GLD,17301.31249108161,0.0,178.3800048828125,False
2022-03-29,3099357.109092477,GLD,17301.31249108161,0.0,178.3800048828125,False
2022-03-30,3124271.041319167,GLD,17301.31249108161,0.0,178.3800048828125,False
2022-03-31,3125481.995915062,GLD,17301.31249108161,0.0,178.3800048828125,False
2022-04-01,3105585.592149149,GLD,17301.31249108161,0.0,180.64999389648438,False
2022-04-04,3120637.6495373254,GLD,17301.31249108161,0.0,180.64999389648438,False
2022-04-05,3101087.345940416,GLD,17301.31249108161,0.0,180.64999389648438,False
2022-04-06,3108353.865507021,GLD,17301.31249108161,0.0,180.64999389648438,False
2022-04-07,3120118.631282359,GLD,17301.31249108161,0.0,180.64999389648438,False
2022-04-08,3139669.1988763465,GLD,17301.31249108161,0.0,180.64999389648438,False
2022-04-11,3155240.2745194887,GLD,17301.31249108161,0.0,180.64999389648438,False
2022-04-12,3179462.2704052497,GLD,17301.31249108161,0.0,180.64999389648438,False
2022-04-13,3194687.2458793884,GLD,17301.31249108161,0.0,180.64999389648438,False
2022-04-14,3184133.4346999456,GLD,17301.31249108161,0.0,180.64999389648438,False
2022-04-18,3193995.3095384594,GLD,17301.31249108161,0.0,180.64999389648438,False
2022-04-19,3145724.763847056,GLD,17301.31249108161,0.0,180.64999389648438,False
2022-04-20,3161122.9214042355,GLD,17301.31249108161,0.0,180.64999389648438,False
2022-04-21,3149876.909886786,GLD,17301.31249108161,0.0,180.64999389648438,False
2022-04-22,3119253.5128583894,GLD,17301.31249108161,0.0,180.64999389648438,False
2022-04-25,3063197.429345415,GLD,17301.31249108161,0.0,180.64999389648438,False
2022-04-26,3067868.857637189,GLD,17301.31249108161,0.0,180.64999389648438,False
2022-04-27,3044684.8982613604,GLD,17301.31249108161,0.0,180.64999389648438,False
2022-04-28,3061121.092328472,GLD,17301.31249108161,0.0,180.64999389648438,False
2022-04-29,3060775.2561565465,GLD,17301.31249108161,0.0,180.64999389648438,False
2022-05-02,3004026.972305565,GLD,17301.31249108161,0.0,176.91000366210938,False
2022-05-03,3011985.428213099,GLD,17301.31249108161,0.0,176.91000366210938,False
2022-05-04,3041570.788731563,GLD,17301.31249108161,0.0,176.91000366210938,False
2022-05-05,3029978.9410421876,GLD,17301.31249108161,0.0,176.91000366210938,False
2022-05-06,3034996.205505887,GLD,17301.31249108161,0.0,176.91000366210938,False
2022-05-09,2991050.987937254,GLD,17301.31249108161,0.0,176.91000366210938,False
2022-05-10,2965790.9555415604,GLD,17301.31249108161,0.0,176.91000366210938,False
2022-05-11,2990012.9514273214,GLD,17301.31249108161,0.0,176.91000366210938,False
2022-05-12,2944164.3149277084,GLD,17301.31249108161,0.0,176.91000366210938,False
2022-05-13,2920288.419210951,GLD,17301.31249108161,0.0,176.91000366210938,False
2022-05-16,2948143.5428814753,GLD,17301.31249108161,0.0,176.91000366210938,False
2022-05-17,2929631.2757944986,GLD,17301.31249108161,0.0,176.91000366210938,False
2022-05-18,2931188.330559397,GLD,17301.31249108161,0.0,176.91000366210938,False
2022-05-19,2974268.6937011383,GLD,17301.31249108161,0.0,176.91000366210938,False
2022-05-20,2976344.766721003,GLD,17301.31249108161,0.0,176.91000366210938,False
2022-05-23,2990185.8695132844,GLD,17301.31249108161,0.0,176.91000366210938,False
2022-05-24,3012677.628551106,GLD,17301.31249108161,0.0,176.91000366210938,False
2022-05-25,2994511.197636055,GLD,17301.31249108161,0.0,176.91000366210938,False
2022-05-26,2988974.650920311,GLD,17301.31249108161,0.0,176.91000366210938,False
2022-05-27,2990531.9696822874,GLD,17301.31249108161,0.0,176.91000366210938,False
2022-05-31,2960946.609163824,GLD,17301.31249108161,0.0,176.91000366210938,False
2022-06-01,2979804.976419804,SHY,41021.819759702106,0.0,72.63951218826776,False
2022-06-02,2980521.0674318857,SHY,41021.819759702106,0.0,72.63951218826776,False
2022-06-03,2979444.253054721,SHY,41021.819759702106,0.0,72.63951218826776,False
2022-06-06,2975502.12950251,SHY,41021.819759702106,0.0,72.63951218826776,False
2022-06-07,2975860.0174874305,SHY,41021.819759702106,0.0,72.63951218826776,False
2022-06-08,2973709.8541977447,SHY,41021.819759702106,0.0,72.63951218826776,False
2022-06-09,2971560.0059502986,SHY,41021.819759702106,0.0,72.63951218826776,False
2022-06-10,2959013.4487324604,SHY,41021.819759702106,0.0,72.63951218826776,False
2022-06-13,2943958.840240015,SHY,41021.819759702106,0.0,72.63951218826776,False
2022-06-14,2938223.811298559,SHY,41021.819759702106,0.0,72.63951218826776,False
2022-06-15,2949695.1293504336,SHY,41021.819759702106,0.0,72.63951218826776,False
2022-06-16,2953637.5679448848,SHY,41021.819759702106,0.0,72.63951218826776,False
2022-06-17,2952920.8468483225,SHY,41021.819759702106,0.0,72.63951218826776,False
2022-06-21,2951844.347513399,SHY,41021.819759702106,0.0,72.63951218826776,False
2022-06-22,2960448.151094545,SHY,41021.819759702106,0.0,72.63951218826776,False
2022-06-23,2962956.8324536323,SHY,41021.819759702106,0.0,72.63951218826776,False
2022-06-24,2962240.426399311,SHY,41021.819759702106,0.0,72.63951218826776,False
2022-06-27,2959013.4487324604,SHY,41021.819759702106,0.0,72.63951218826776,False
2022-06-28,2958296.4125936585,SHY,41021.819759702106,0.0,72.63951218826776,False
2022-06-29,2961880.648160949,SHY,41021.819759702106,0.0,72.63951218826776,False
2022-06-30,2967616.9372713673,SHY,41021.819759702106,0.0,72.63951218826776,False
2022-07-01,2976551.2201625328,SHY,41021.819759702106,0.0,72.34240106009665,False
2022-07-05,2976191.75696641,SHY,41021.819759702106,0.0,72.34240106009665,False
2022-07-06,2967938.2803564193,SHY,41021.819759702106,0.0,72.34240106009665,False
2022-07-07,2965786.2268132917,SHY,41021.819759702106,0.0,72.34240106009665,False
2022-07-08,2962197.895696878,SHY,41021.819759702106,0.0,72.34240106009665,False
2022-07-11,2963274.395031802,SHY,41021.819759702106,0.0,72.34240106009665,False
2022-07-12,2964710.357562848,SHY,41021.819759702106,0.0,72.34240106009665,False
2022-07-13,2961481.804684796,SHY,41021.819759702106,0.0,72.34240106009665,False
2022-07-14,2960404.3602231517,SHY,41021.819759702106,0.0,72.34240106009665,False
2022-07-15,2962558.3040197203,SHY,41021.819759702106,0.0,72.34240106009665,False
2022-07-18,2960762.5632503117,SHY,41021.819759702106,0.0,72.34240106009665,False
2022-07-19,2957535.585583462,SHY,41021.819759702106,0.0,72.34240106009665,False
2022-07-20,2957175.492302859,SHY,41021.819759702106,0.0,72.34240106009665,False
2022-07-21,2965429.283955091,SHY,41021.819759702106,0.0,72.34240106009665,False
2022-07-22,2972962.889046119,SHY,41021.819759702106,0.0,72.34240106009665,False
2022-07-25,2970451.057264629,SHY,41021.819759702106,0.0,72.34240106009665,False
2022-07-26,2969015.724818064,SHY,41021.819759702106,0.0,72.34240106009665,False
2022-07-27,2973679.9251849214,SHY,41021.819759702106,0.0,72.34240106009665,False
2022-07-28,2980137.6610255046,SHY,41021.819759702106,0.0,72.34240106009665,False
2022-07-29,2979780.0880828244,SHY,41021.819759702106,0.0,72.34240106009665,False
2022-08-01,2979708.5734942886,SHY,41021.819759702106,0.0,72.6389054785429,False
2022-08-02,2969291.7018205198,SHY,41021.819759702106,0.0,72.6389054785429,False
2022-08-03,2970368.8312399248,SHY,41021.819759702106,0.0,72.6389054785429,False
2022-08-04,2974319.4609326227,SHY,41021.819759702106,0.0,72.6389054785429,False
2022-08-05,2962108.4237006474,SHY,41021.819759702106,0.0,72.6389054785429,False
2022-08-08,2964981.923973941,SHY,41021.819759702106,0.0,72.6389054785429,False
2022-08-09,2962108.4237006474,SHY,41021.819759702106,0.0,72.6389054785429,False
2022-08-10,2964981.923973941,SHY,41021.819759702106,0.0,72.6389054785429,False
2022-08-11,2963904.164470055,SHY,41021.819759702106,0.0,72.6389054785429,False
2022-08-12,2964622.1457355786,SHY,41021.819759702106,0.0,72.6389054785429,False
2022-08-15,2967137.442981711,SHY,41021.819759702106,0.0,72.6389054785429,False
2022-08-16,2964622.1457355786,SHY,41021.819759702106,0.0,72.6389054785429,False
2022-08-17,2962108.4237006474,SHY,41021.819759702106,0.0,72.6389054785429,False
2022-08-18,2966418.2015472264,SHY,41021.819759702106,0.0,72.6389054785429,False
2022-08-19,2964263.9427084173,SHY,41021.819759702106,0.0,72.6389054785429,False
2022-08-22,2960312.3678889987,SHY,41021.819759702106,0.0,72.6389054785429,False
2022-08-23,2961750.535715727,SHY,41021.819759702106,0.0,72.6389054785429,False
2022-08-24,2958516.627119591,SHY,41021.819759702106,0.0,72.6389054785429,False
2022-08-25,2960312.3678889987,SHY,41021.819759702106,0.0,72.6389054785429,False
2022-08-26,2959594.7016657167,SHY,41021.819759702106,0.0,72.6389054785429,False
2022-08-29,2957439.4977001864,SHY,41021.819759702106,0.0,72.6389054785429,False
2022-08-30,2956003.2201269,SHY,41021.819759702106,0.0,72.6389054785429,False
2022-08-31,2955643.756930778,SHY,41021.819759702106,0.0,72.6389054785429,False
2022-09-01,2953484.457416125,IEF,33720.48535666152,0.0,87.58724633341201,False
2022-09-02,2970029.978976327,IEF,33720.48535666152,0.0,87.58724633341201,False
2022-09-06,2936937.9015668966,IEF,33720.48535666152,0.0,87.58724633341201,False
2022-09-07,2956144.131648298,IEF,33720.48535666152,0.0,87.58724633341201,False
2022-09-08,2945211.4380637677,IEF,33720.48535666152,0.0,87.58724633341201,False
2022-09-09,2945507.2447254057,IEF,33720.48535666152,0.0,87.58724633341201,False
2022-09-12,2938415.383441545,IEF,33720.48535666152,0.0,87.58724633341201,False
2022-09-13,2921869.603309086,IEF,33720.48535666152,0.0,87.58724633341201,False
2022-09-14,2923346.0508947084,IEF,33720.48535666152,0.0,87.58724633341201,False
2022-09-15,2913301.0358673474,IEF,33720.48535666152,0.0,87.58724633341201,False
2022-09-16,2915664.386293369,IEF,33720.48535666152,0.0,87.58724633341201,False
2022-09-19,2907391.1083687544,IEF,33720.48535666152,0.0,87.58724633341201,False
2022-09-20,2889368.104933904,IEF,33720.48535666152,0.0,87.58724633341201,False
2022-09-21,2900891.377552683,IEF,33720.48535666152,0.0,87.58724633341201,False
2022-09-22,2857162.1546481033,IEF,33720.48535666152,0.0,87.58724633341201,False
2022-09-23,2860707.956003905,IEF,33720.48535666152,0.0,87.58724633341201,False
2022-09-26,2813137.3836541423,IEF,33720.48535666152,0.0,87.58724633341201,False
2022-09-27,2793931.6707172547,IEF,33720.48535666152,0.0,87.58724633341201,False
2022-09-28,2856867.6408477486,IEF,33720.48535666152,0.0,87.58724633341201,False
2022-09-29,2843570.8211204275,IEF,33720.48535666152,0.0,87.58724633341201,False
2022-09-30,2836183.1531749293,IEF,33720.48535666152,0.0,87.58724633341201,False
2022-10-03,2869844.089549048,SHY,40223.37736035645,0.0,71.34766590677994,False
2022-10-04,2870902.7251693183,SHY,40223.37736035645,0.0,71.34766590677994,False
2022-10-05,2868079.9027887993,SHY,40223.37736035645,0.0,71.34766590677994,False
2022-10-06,2864547.8223446263,SHY,40223.37736035645,0.0,71.34766590677994,False
2022-10-07,2861016.9775416795,SHY,40223.37736035645,0.0,71.34766590677994,False
2022-10-10,2859957.415190489,SHY,40223.37736035645,0.0,71.34766590677994,False
2022-10-11,2861370.6798425876,SHY,40223.37736035645,0.0,71.34766590677994,False
2022-10-12,2864194.7378643313,SHY,40223.37736035645,0.0,71.34766590677994,False
2022-10-13,2855720.4014269523,SHY,40223.37736035645,0.0,71.34766590677994,False
2022-10-14,2854307.7545954674,SHY,40223.37736035645,0.0,71.34766590677994,False
2022-10-17,2857486.441649039,SHY,40223.37736035645,0.0,71.34766590677994,False
2022-10-18,2858899.0884805243,SHY,40223.37736035645,0.0,71.34766590677994,False
2022-10-19,2853602.203455491,SHY,40223.37736035645,0.0,71.34766590677994,False
2022-10-20,2850423.8253122247,SHY,40223.37736035645,0.0,71.34766590677994,False
2022-10-21,2857839.83503964,SHY,40223.37736035645,0.0,71.34766590677994,False
2022-10-24,2857132.4304378247,SHY,40223.37736035645,0.0,71.34766590677994,False
2022-10-25,2859957.415190489,SHY,40223.37736035645,0.0,71.34766590677994,False
2022-10-26,2862428.388731939,SHY,40223.37736035645,0.0,71.34766590677994,False
2022-10-27,2868431.442717562,SHY,40223.37736035645,0.0,71.34766590677994,False
2022-10-28,2864194.7378643313,SHY,40223.37736035645,0.0,71.34766590677994,False
2022-10-31,2859957.415190489,SHY,40223.37736035645,0.0,71.34766590677994,False
2022-11-01,2857164.248199391,SHY,40223.37736035645,0.0,71.10187166951376,False
2022-11-02,2855748.5122648412,SHY,40223.37736035645,0.0,71.10187166951376,False
2022-11-03,2850442.66884092,SHY,40223.37736035645,0.0,71.10187166951376,False
2022-11-04,2853625.9895490888,SHY,40223.37736035645,0.0,71.10187166951376,False
2022-11-07,2851150.691263349,SHY,40223.37736035645,0.0,71.10187166951376,False
2022-11-08,2853980.309670609,SHY,40223.37736035645,0.0,71.10187166951376,False
2022-11-09,2858578.7484927154,SHY,40223.37736035645,0.0,71.10187166951376,False
2022-11-10,2874141.3408223456,SHY,40223.37736035645,0.0,71.10187166951376,False
2022-11-11,2873433.3183999173,SHY,40223.37736035645,0.0,71.10187166951376,False
2022-11-14,2870957.0933832573,SHY,40223.37736035645,0.0,71.10187166951376,False
2022-11-15,2873787.6385214375,SHY,40223.37736035645,0.0,71.10187166951376,False
2022-11-16,2874141.3408223456,SHY,40223.37736035645,0.0,71.10187166951376,False
2022-11-17,2870604.626723576,SHY,40223.37736035645,0.0,71.10187166951376,False
2022-11-18,2867420.9971050997,SHY,40223.37736035645,0.0,71.10187166951376,False
2022-11-21,2866713.5925032846,SHY,40223.37736035645,0.0,71.10187166951376,False
2022-11-22,2868835.80630873,SHY,40223.37736035645,0.0,71.10187166951376,False
2022-11-23,2871310.7956841644,SHY,40223.37736035645,0.0,71.10187166951376,False
2022-11-25,2871665.733626298,SHY,40223.37736035645,0.0,71.10187166951376,False
2022-11-28,2872372.520407501,SHY,40223.37736035645,0.0,71.10187166951376,False
2022-11-29,2871310.7956841644,SHY,40223.37736035645,0.0,71.10187166951376,False
2022-11-30,2879799.6509059486,SHY,40223.37736035645,0.0,71.10187166951376,False
2022-12-01,2886002.8787701637,SHY,40223.37736035645,0.0,71.59517275504159,False
2022-12-02,2885293.620706509,SHY,40223.37736035645,0.0,71.59517275504159,False
2022-12-05,2877141.1688084714,SHY,40223.37736035645,0.0,71.59517275504159,False
2022-12-06,2880332.5211846083,SHY,40223.37736035645,0.0,71.59517275504159,False
2022-12-07,2886356.889981378,SHY,40223.37736035645,0.0,71.59517275504159,False
2022-12-08,2883521.402278294,SHY,40223.37736035645,0.0,71.59517275504159,False
2022-12-09,2882103.812881905,SHY,40223.37736035645,0.0,71.59517275504159,False
2022-12-12,2880332.5211846083,SHY,40223.37736035645,0.0,71.59517275504159,False
2022-12-13,2888837.1308320225,SHY,40223.37736035645,0.0,71.59517275504159,False
2022-12-14,2889193.304415381,SHY,40223.37736035645,0.0,71.59517275504159,False
2022-12-15,2889582.531401533,SHY,40223.37736035645,0.0,71.59517275504159,False
2022-12-16,2892424.506221053,SHY,40223.37736035645,0.0,71.59517275504159,False
2022-12-19,2888872.655517266,SHY,40223.37736035645,0.0,71.59517275504159,False
2022-12-20,2888872.655517266,SHY,40223.37736035645,0.0,71.59517275504159,False
2022-12-21,2891714.012516173,SHY,40223.37736035645,0.0,71.59517275504159,False
2022-12-22,2889937.16043336,SHY,40223.37736035645,0.0,71.59517275504159,False
2022-12-23,2888517.408664826,SHY,40223.37736035645,0.0,71.59517275504159,False
2022-12-27,2884610.3111085994,SHY,40223.37736035645,0.0,71.59517275504159,False
2022-12-28,2884610.3111085994,SHY,40223.37736035645,0.0,71.59517275504159,False
2022-12-29,2886742.410043852,SHY,40223.37736035645,0.0,71.59517275504159,False
2022-12-30,2883189.0147885326,SHY,40223.37736035645,0.0,71.59517275504159,False
2023-01-03,2885675.4338453063,GLD,16869.3760962838,0.0,171.05999755859375,False
2023-01-04,2912835.1396565735,GLD,16869.3760962838,0.0,171.05999755859375,False
2023-01-05,2876566.0840120637,GLD,16869.3760962838,0.0,171.05999755859375,False
2023-01-06,2930379.434944209,GLD,16869.3760962838,0.0,171.05999755859375,False
2023-01-09,2936958.48132551,GLD,16869.3760962838,0.0,171.05999755859375,False
2023-01-10,2947754.8717308817,GLD,16869.3760962838,0.0,171.05999755859375,False
2023-01-11,2945730.3715630765,GLD,16869.3760962838,0.0,171.05999755859375,False
2023-01-12,2979806.58335132,GLD,16869.3760962838,0.0,171.05999755859375,False
2023-01-13,3015569.5783054414,GLD,16869.3760962838,0.0,171.05999755859375,False
2023-01-17,2995832.4391615395,GLD,16869.3760962838,0.0,171.05999755859375,False
2023-01-18,2987229.150018685,GLD,16869.3760962838,0.0,171.05999755859375,False
2023-01-19,3034632.0556642427,GLD,16869.3760962838,0.0,171.05999755859375,False
2023-01-20,3024510.3270439715,GLD,16869.3760962838,0.0,171.05999755859375,False
2023-01-23,3030246.110545459,GLD,16869.3760962838,0.0,171.05999755859375,False
2023-01-24,3041211.102045543,GLD,16869.3760962838,0.0,171.05999755859375,False
2023-01-25,3055212.7150942087,GLD,16869.3760962838,0.0,171.05999755859375,False
2023-01-26,3027546.9485925534,GLD,16869.3760962838,0.0,171.05999755859375,False
2023-01-27,3023329.6045684824,GLD,16869.3760962838,0.0,171.05999755859375,False
2023-01-30,3015569.5783054414,GLD,16869.3760962838,0.0,171.05999755859375,False
2023-01-31,3026534.8272117767,GLD,16869.3760962838,0.0,171.05999755859375,False
2023-02-01,3064659.5245231274,GLD,16869.3760962838,0.0,179.41000366210938,False
2023-02-02,3001061.904566387,GLD,16869.3760962838,0.0,179.41000366210938,False
2023-02-03,2926162.090920138,GLD,16869.3760962838,0.0,179.41000366210938,False
2023-02-06,2932235.0766110504,GLD,16869.3760962838,0.0,179.41000366210938,False
2023-02-07,2934933.9811577047,GLD,16869.3760962838,0.0,179.41000366210938,False
2023-02-08,2942187.9467303576,GLD,16869.3760962838,0.0,179.41000366210938,False
2023-02-09,2918908.1253474858,GLD,16869.3760962838,0.0,179.41000366210938,False
2023-02-10,2924475.0503480094,GLD,16869.3760962838,0.0,179.41000366210938,False
2023-02-13,2909629.917013279,GLD,16869.3760962838,0.0,179.41000366210938,False
2023-02-14,2911823.0182757964,GLD,16869.3760962838,0.0,179.41000366210938,False
2023-02-15,2882807.6707976884,GLD,16869.3760962838,0.0,179.41000366210938,False
2023-02-16,2880445.9684404586,GLD,16869.3760962838,0.0,179.41000366210938,False
2023-02-17,2889049.2575833127,GLD,16869.3760962838,0.0,179.41000366210938,False
2023-02-21,2878252.8671779414,GLD,16869.3760962838,0.0,179.41000366210938,False
2023-02-22,2862058.4102730094,GLD,16869.3760962838,0.0,179.41000366210938,False
2023-02-23,2860540.2282018443,GLD,16869.3760962838,0.0,179.41000366210938,False
2023-02-24,2839959.5687718783,GLD,16869.3760962838,0.0,179.41000366210938,False
2023-02-27,2851093.161366674,GLD,16869.3760962838,0.0,179.41000366210938,False
2023-02-28,2864082.653034563,GLD,16869.3760962838,0.0,179.41000366210938,False
2023-03-01,2880614.569535171,GLD,16869.3760962838,0.0,169.77999877929688,False
2023-03-02,2878927.7863692935,GLD,16869.3760962838,0.0,169.77999877929688,False
2023-03-03,2909798.775514243,GLD,16869.3760962838,0.0,169.77999877929688,False
2023-03-06,2895122.243274225,GLD,16869.3760962838,0.0,169.77999877929688,False
2023-03-07,2844514.114985374,GLD,16869.3760962838,0.0,169.77999877929688,False
2023-03-08,2843164.5340089207,GLD,16869.3760962838,0.0,169.77999877929688,False
2023-03-09,2871167.760106252,GLD,16869.3760962838,0.0,169.77999877929688,False
2023-03-10,2933078.3394908635,GLD,16869.3760962838,0.0,169.77999877929688,False
2023-03-13,3000387.2427812866,GLD,16869.3760962838,0.0,169.77999877929688,False
2023-03-14,2983011.8059946145,GLD,16869.3760962838,0.0,169.77999877929688,False
2023-03-15,3006291.6273774863,GLD,16869.3760962838,0.0,169.77999877929688,False
2023-03-16,3012364.6130683986,GLD,16869.3760962838,0.0,169.77999877929688,False
2023-03-17,3100085.317287824,GLD,16869.3760962838,0.0,169.77999877929688,False
2023-03-20,3101266.0397633133,GLD,16869.3760962838,0.0,169.77999877929688,False
2023-03-21,3042729.284116708,GLD,16869.3760962838,0.0,169.77999877929688,False
2023-03-22,3094518.3922873004,GLD,16869.3760962838,0.0,169.77999877929688,False
2023-03-23,3133318.008790003,GLD,16869.3760962838,0.0,169.77999877929688,False
2023-03-24,3098060.817120019,GLD,16869.3760962838,0.0,169.77999877929688,False
2023-03-27,3069382.929237587,GLD,16869.3760962838,0.0,169.77999877929688,False
2023-03-28,3094518.3922873004,GLD,16869.3760962838,0.0,169.77999877929688,False
2023-03-29,3079167.1982621816,GLD,16869.3760962838,0.0,169.77999877929688,False
2023-03-30,3107001.5658585494,GLD,16869.3760962838,0.0,169.77999877929688,False
2023-03-31,3090807.1089536175,GLD,16869.3760962838,0.0,169.77999877929688,False
2023-04-03,3113074.5515494617,TECL,90514.1253306913,0.0,34.393245697021484,False
2023-04-04,3063420.642601306,TECL,90514.1253306913,0.0,34.393245697021484,False
2023-04-05,2956537.2940433905,TECL,90514.1253306913,0.0,34.393245697021484,False
2023-04-06,3001983.2270492967,TECL,90514.1253306913,0.0,34.393245697021484,False
2023-04-10,2995250.5345984944,TECL,90514.1253306913,0.0,34.393245697021484,False
2023-04-11,2911932.4728283533,TECL,90514.1253306913,0.0,34.393245697021484,False
2023-04-12,2863961.8233138947,TECL,90514.1253306913,0.0,34.393245697021484,False
2023-04-13,3018815.4761022823,TECL,90514.1253306913,0.0,34.393245697021484,False
2023-04-14,2964953.2459278903,TECL,90514.1253306913,0.0,34.393245697021484,False
2023-04-17,2996934.4846001645,TECL,90514.1253306913,0.0,34.393245697021484,False
2023-04-18,3023865.254403374,TECL,90514.1253306913,0.0,34.393245697021484,False
2023-04-19,2996934.4846001645,TECL,90514.1253306913,0.0,34.393245697021484,False
2023-04-20,2937180.6737658386,TECL,90514.1253306913,0.0,34.393245697021484,False
2023-04-21,2904358.3233026955,TECL,90514.1253306913,0.0,34.393245697021484,False
2023-04-24,2801767.0963945156,CASH,0.0,2801767.0963945156,,False
2023-04-25,2801767.0963945156,CASH,0.0,2801767.0963945156,,False
2023-04-26,2801767.0963945156,CASH,0.0,2801767.0963945156,,False
2023-04-27,2801767.0963945156,CASH,0.0,2801767.0963945156,,False
2023-04-28,2801767.0963945156,CASH,0.0,2801767.0963945156,,False
2023-05-01,2801767.0963945156,TECL,82420.82007102585,0.0,33.993438720703125,False
2023-05-02,2722832.7741024494,TECL,82420.82007102585,0.0,33.993438720703125,False
2023-05-03,2652329.0543394685,TECL,82420.82007102585,0.0,33.993438720703125,False
2023-05-04,2614011.8495128998,TECL,82420.82007102585,0.0,33.993438720703125,False
2023-05-05,2806365.035209513,TECL,82420.82007102585,0.0,33.993438720703125,False
2023-05-08,2801767.0963945156,TECL,82420.82007102585,0.0,33.993438720703125,False
2023-05-09,2736626.9049579185,TECL,82420.82007102585,0.0,33.993438720703125,False
2023-05-10,2833953.6113309283,TECL,82420.82007102585,0.0,33.993438720703125,False
2023-05-11,2794103.026608248,TECL,82420.82007102585,0.0,33.993438720703125,False
2023-05-12,2782607.8651602776,TECL,82420.82007102585,0.0,33.993438720703125,False
2023-05-15,2849280.1788510787,TECL,82420.82007102585,0.0,33.993438720703125,False
2023-05-16,2859243.218044845,TECL,82420.82007102585,0.0,33.993438720703125,False
2023-05-17,2971895.8631170513,TECL,82420.82007102585,0.0,33.993438720703125,False
2023-05-18,3154286.9528513285,TECL,82420.82007102585,0.0,33.993438720703125,False
2023-05-19,3145090.4464003798,TECL,82420.82007102585,0.0,33.993438720703125,False
2023-05-22,3161184.175484302,TECL,82420.82007102585,0.0,33.993438720703125,False
2023-05-23,3023240.980466748,TECL,82420.82007102585,0.0,33.993438720703125,False
2023-05-24,2955036.2301112656,TECL,82420.82007102585,0.0,33.993438720703125,False
2023-05-25,3294528.8028659043,TECL,82420.82007102585,0.0,33.993438720703125,False
2023-05-26,3570413.620848627,TECL,82420.82007102585,0.0,33.993438720703125,False
2023-05-30,3626356.9914237983,TECL,82420.82007102585,0.0,33.993438720703125,False
2023-05-31,3535161.289351421,TECL,82420.82007102585,0.0,33.993438720703125,False
2023-06-01,3638618.371204109,TQQQ,209752.6222708933,0.0,17.34718894958496,False
2023-06-02,3720464.173432912,TQQQ,209752.6222708933,0.0,17.34718894958496,False
2023-06-05,3728548.0156829837,TQQQ,209752.6222708933,0.0,17.34718894958496,False
2023-06-06,3724505.6944865705,TQQQ,209752.6222708933,0.0,17.34718894958496,False
2023-06-07,3534541.402680542,TQQQ,209752.6222708933,0.0,17.34718894958496,False
2023-06-08,3655795.835860601,TQQQ,209752.6222708933,0.0,17.34718894958496,False
2023-06-09,3700255.367950487,TQQQ,209752.6222708933,0.0,17.34718894958496,False
2023-06-12,3889209.0794574125,TQQQ,209752.6222708933,0.0,17.34718894958496,False
2023-06-13,3976105.7828248455,TQQQ,209752.6222708933,0.0,17.34718894958496,False
2023-06-14,4060983.726022336,TQQQ,209752.6222708933,0.0,17.34718894958496,False
2023-06-15,4203457.544983923,TQQQ,209752.6222708933,0.0,17.34718894958496,False
2023-06-16,4122621.1228400916,TQQQ,209752.6222708933,0.0,17.34718894958496,False
2023-06-20,4102412.717429044,TQQQ,209752.6222708933,0.0,17.34718894958496,False
2023-06-21,3937999.784278135,TQQQ,209752.6222708933,0.0,17.34718894958496,False
2023-06-22,4068760.713526006,TQQQ,209752.6222708933,0.0,17.34718894958496,False
2023-06-23,3948136.7928365986,TQQQ,209752.6222708933,0.0,17.34718894958496,False
2023-06-26,3792035.742620832,TQQQ,209752.6222708933,0.0,17.34718894958496,False
2023-06-27,3979558.7988824705,TQQQ,209752.6222708933,0.0,17.34718894958496,False
2023-06-28,4003887.1393371313,TQQQ,209752.6222708933,0.0,17.34718894958496,False
2023-06-29,3976517.456272105,TQQQ,209752.6222708933,0.0,17.34718894958496,False
2023-06-30,4155933.0660724104,TQQQ,209752.6222708933,0.0,17.34718894958496,False
2023-07-03,4184314.9297220493,TQQQ,209752.6222708933,0.0,19.81349754333496,False
2023-07-05,4181273.5871116836,TQQQ,209752.6222708933,0.0,19.81349754333496,False
2023-07-06,4082951.2452794476,TQQQ,209752.6222708933,0.0,19.81349754333496,False
2023-07-07,4041391.430532357,TQQQ,209752.6222708933,0.0,19.81349754333496,False
2023-07-10,4044432.373071345,TQQQ,209752.6222708933,0.0,19.81349754333496,False
2023-07-11,4102210.681383499,TQQQ,209752.6222708933,0.0,19.81349754333496,False
2023-07-12,4254256.608118778,TQQQ,209752.6222708933,0.0,19.81349754333496,False
2023-07-13,4466107.604763701,TQQQ,209752.6222708933,0.0,19.81349754333496,False
2023-07-14,4462053.681497345,TQQQ,209752.6222708933,0.0,19.81349754333496,False
2023-07-17,4585717.7445829855,TQQQ,209752.6222708933,0.0,19.81349754333496,False
2023-07-18,4695190.47577243,TQQQ,209752.6222708933,0.0,19.81349754333496,False
2023-07-19,4695190.47577243,TQQQ,209752.6222708933,0.0,19.81349754333496,False
2023-07-20,4365756.500977089,TQQQ,209752.6222708933,0.0,19.81349754333496,False
2023-07-21,4327238.828983119,TQQQ,209752.6222708933,0.0,19.81349754333496,False
2023-07-24,4344471.103418304,TQQQ,209752.6222708933,0.0,19.81349754333496,False
2023-07-25,4431643.856036086,TQQQ,209752.6222708933,0.0,19.81349754333496,False
2023-07-26,4386030.518094016,TQQQ,209752.6222708933,0.0,19.81349754333496,False
2023-07-27,4348525.4267560365,TQQQ,209752.6222708933,0.0,19.81349754333496,False
2023-07-28,4583690.182842743,TQQQ,209752.6222708933,0.0,19.81349754333496,False
2023-07-31,4592812.210316952,TQQQ,209752.6222708933,0.0,19.81349754333496,False
2023-08-01,4557335.880933347,TECL,84808.31333741597,0.0,53.736900329589844,False
2023-08-02,4216423.892468983,TECL,84808.31333741597,0.0,53.736900329589844,False
2023-08-03,4165918.1970177907,TECL,84808.31333741597,0.0,53.736900329589844,False
2023-08-04,4101602.2928400123,CASH,0.0,4101602.2928400123,,False
2023-08-07,4101602.2928400123,CASH,0.0,4101602.2928400123,,False
2023-08-08,4101602.2928400123,CASH,0.0,4101602.2928400123,,False
2023-08-09,4101602.2928400123,CASH,0.0,4101602.2928400123,,False
2023-08-10,4101602.2928400123,CASH,0.0,4101602.2928400123,,False
2023-08-11,4101602.2928400123,CASH,0.0,4101602.2928400123,,False
2023-08-14,4101602.2928400123,CASH,0.0,4101602.2928400123,,False
2023-08-15,4101602.2928400123,CASH,0.0,4101602.2928400123,,False
2023-08-16,4101602.2928400123,CASH,0.0,4101602.2928400123,,False
2023-08-17,4101602.2928400123,CASH,0.0,4101602.2928400123,,False
2023-08-18,4101602.2928400123,CASH,0.0,4101602.2928400123,,False
2023-08-21,4101602.2928400123,CASH,0.0,4101602.2928400123,,False
2023-08-22,4101602.2928400123,CASH,0.0,4101602.2928400123,,False
2023-08-23,4101602.2928400123,CASH,0.0,4101602.2928400123,,False
2023-08-24,4101602.2928400123,CASH,0.0,4101602.2928400123,,False
2023-08-25,4101602.2928400123,CASH,0.0,4101602.2928400123,,False
2023-08-28,4101602.2928400123,CASH,0.0,4101602.2928400123,,False
2023-08-29,4101602.2928400123,CASH,0.0,4101602.2928400123,,False
2023-08-30,4101602.2928400123,CASH,0.0,4101602.2928400123,,False
2023-08-31,4101602.2928400123,CASH,0.0,4101602.2928400123,,False
2023-09-01,4101602.2928400123,TQQQ,200695.93916729392,0.0,20.43689727783203,False
2023-09-05,4112271.614313078,TQQQ,200695.93916729392,0.0,20.43689727783203,False
2023-09-06,4003644.8913031253,TQQQ,200695.93916729392,0.0,20.43689727783203,False
2023-09-07,3916356.428442179,TQQQ,200695.93916729392,0.0,20.43689727783203,False
2023-09-08,3927994.60943908,TQQQ,200695.93916729392,0.0,20.43689727783203,False
2023-09-11,4061838.0930703813,TQQQ,200695.93916729392,0.0,20.43689727783203,False
2023-09-12,3931874.258302797,TQQQ,200695.93916729392,0.0,20.43689727783203,False
2023-09-13,3970668.4501572177,TQQQ,200695.93916729392,0.0,20.43689727783203,False
2023-09-14,4063777.7261036774,TQQQ,200695.93916729392,0.0,20.43689727783203,False
2023-09-15,3855253.9685235415,TQQQ,200695.93916729392,0.0,20.43689727783203,False
2023-09-18,3863983.6569633116,TQQQ,200695.93916729392,0.0,20.43689727783203,False
2023-09-19,3840706.5293752593,TQQQ,200695.93916729392,0.0,20.43689727783203,False
2023-09-20,3691442.063556011,CASH,0.0,3691442.063556011,,False
2023-09-21,3691442.063556011,CASH,0.0,3691442.063556011,,False
2023-09-22,3691442.063556011,CASH,0.0,3691442.063556011,,False
2023-09-25,3691442.063556011,CASH,0.0,3691442.063556011,,False
2023-09-26,3691442.063556011,CASH,0.0,3691442.063556011,,False
2023-09-27,3691442.063556011,CASH,0.0,3691442.063556011,,False
2023-09-28,3691442.063556011,CASH,0.0,3691442.063556011,,False
2023-09-29,3691442.063556011,CASH,0.0,3691442.063556011,,False
2023-10-02,3691442.0635560104,TECL,89108.72509945321,0.0,41.42626953125,False
2023-10-03,3499076.006237298,TECL,89108.72509945321,0.0,41.42626953125,False
2023-10-04,3627596.0617714766,TECL,89108.72509945321,0.0,41.42626953125,False
2023-10-05,3641692.6607013564,TECL,89108.72509945321,0.0,41.42626953125,False
2023-10-06,3843178.167166218,TECL,89108.72509945321,0.0,41.42626953125,False
2023-10-09,3901220.32689315,TECL,89108.72509945321,0.0,41.42626953125,False
2023-10-10,3918632.5329115763,TECL,89108.72509945321,0.0,41.42626953125,False
2023-10-11,4021450.005014722,TECL,89108.72509945321,0.0,41.42626953125,False
2023-10-12,4028083.2587286755,TECL,89108.72509945321,0.0,41.42626953125,False
2023-10-13,3855616.6226290143,TECL,89108.72509945321,0.0,41.42626953125,False
2023-10-16,3967553.543878309,TECL,89108.72509945321,0.0,41.42626953125,False
2023-10-17,3911170.207464081,TECL,89108.72509945321,0.0,41.42626953125,False
2023-10-18,3782650.1519299014,TECL,89108.72509945321,0.0,41.42626953125,False
2023-10-19,3721292.045191613,TECL,89108.72509945321,0.0,41.42626953125,False
2023-10-20,3526437.752903845,TECL,89108.72509945321,0.0,41.42626953125,False
2023-10-23,3538046.116864669,TECL,89108.72509945321,0.0,41.42626953125,False
2023-10-24,3611012.927486592,TECL,89108.72509945321,0.0,41.42626953125,False
2023-10-25,3484979.747230228,TECL,89108.72509945321,0.0,41.42626953125,False
2023-10-26,3322297.8572004098,CASH,0.0,3322297.8572004098,,False
2023-10-27,3322297.8572004098,CASH,0.0,3322297.8572004098,,False
2023-10-30,3322297.8572004098,CASH,0.0,3322297.8572004098,,False
2023-10-31,3322297.8572004098,CASH,0.0,3322297.8572004098,,False
2023-11-01,3322297.8572004098,TQQQ,198743.47723042764,0.0,16.71651268005371,False
2023-11-02,3498677.53784826,TQQQ,198743.47723042764,0.0,16.71651268005371,False
2023-11-03,3622046.878105223,TQQQ,198743.47723042764,0.0,16.71651268005371,False
2023-11-06,3663491.3191549513,TQQQ,198743.47723042764,0.0,16.71651268005371,False
2023-11-07,3766620.0512600616,TQQQ,198743.47723042764,0.0,16.71651268005371,False
2023-11-08,3773367.5524325115,TQQQ,198743.47723042764,0.0,16.71651268005371,False
2023-11-09,3683730.7900875052,TQQQ,198743.47723042764,0.0,16.71651268005371,False
2023-11-10,3929506.2458554097,TQQQ,198743.47723042764,0.0,16.71651268005371,False
2023-11-13,3893845.32308591,TQQQ,198743.47723042764,0.0,16.71651268005371,False
2023-11-14,4138656.0378153934,TQQQ,198743.47723042764,0.0,16.71651268005371,False
2023-11-15,4150221.5580834527,TQQQ,198743.47723042764,0.0,16.71651268005371,False
2023-11-16,4156968.301109704,TQQQ,198743.47723042764,0.0,16.71651268005371,False
2023-11-17,4159860.249786368,TQQQ,198743.47723042764,0.0,16.71651268005371,False
2023-11-20,4308288.975436993,TQQQ,198743.47723042764,0.0,16.71651268005371,False
2023-11-21,4230219.249652444,TQQQ,198743.47723042764,0.0,16.71651268005371,False
2023-11-22,4279374.416620645,TQQQ,198743.47723042764,0.0,16.71651268005371,False
2023-11-24,4258170.20464967,TQQQ,198743.47723042764,0.0,16.71651268005371,False
2023-11-27,4245639.9433431905,TQQQ,198743.47723042764,0.0,16.71651268005371,False
2023-11-28,4279374.416620645,TQQQ,198743.47723042764,0.0,16.71651268005371,False
2023-11-29,4263953.722929899,TQQQ,198743.47723042764,0.0,16.71651268005371,False
2023-11-30,4228291.283868002,TQQQ,198743.47723042764,0.0,16.71651268005371,False
2023-12-01,4263953.722929899,TQQQ,198743.47723042764,0.0,21.27511978149414,False
2023-12-04,4142511.5903111794,TQQQ,198743.47723042764,0.0,21.27511978149414,False
2023-12-05,4172389.752946649,TQQQ,198743.47723042764,0.0,21.27511978149414,False
2023-12-06,4098175.5796578866,TQQQ,198743.47723042764,0.0,21.27511978149414,False
2023-12-07,4269735.724917729,TQQQ,198743.47723042764,0.0,21.27511978149414,False
2023-12-08,4320818.478597273,TQQQ,198743.47723042764,0.0,21.27511978149414,False
2023-12-11,4430695.0909479335,TQQQ,198743.47723042764,0.0,21.27511978149414,False
2023-12-12,4537679.375548829,TQQQ,198743.47723042764,0.0,21.27511978149414,False
2023-12-13,4697673.621467514,TQQQ,198743.47723042764,0.0,21.27511978149414,False
2023-12-14,4689962.895549041,TQQQ,198743.47723042764,0.0,21.27511978149414,False
2023-12-15,4745864.805543493,TQQQ,198743.47723042764,0.0,21.27511978149414,False
2023-12-18,4845137.606079717,TQQQ,198743.47723042764,0.0,21.27511978149414,False
2023-12-19,4917425.329876435,TQQQ,198743.47723042764,0.0,21.27511978149414,False
2023-12-20,4698934.797669803,TQQQ,198743.47723042764,0.0,21.27511978149414,False
2023-12-21,4854791.460706616,TQQQ,198743.47723042764,0.0,21.27511978149414,False
2023-12-22,4874152.6192674525,TQQQ,198743.47723042764,0.0,21.27511978149414,False
2023-12-26,4963214.327720403,TQQQ,198743.47723042764,0.0,21.27511978149414,False
2023-12-27,4989350.659789959,TQQQ,198743.47723042764,0.0,21.27511978149414,False
2023-12-28,4976766.570103339,TQQQ,198743.47723042764,0.0,21.27511978149414,False
2023-12-29,4908034.551980643,TQQQ,198743.47723042764,0.0,21.27511978149414,False
2024-01-02,4659244.706924912,TECL,81209.02836588367,0.0,57.37348175048828,False
2024-01-03,4498868.4619681975,TECL,81209.02836588367,0.0,57.37348175048828,False
2024-01-04,4399767.945625312,TECL,81209.02836588367,0.0,57.37348175048828,False
2024-01-05,4399010.824099257,TECL,81209.02836588367,0.0,57.37348175048828,False
2024-01-08,4729598.149154942,TECL,81209.02836588367,0.0,57.37348175048828,False
2024-01-09,4746997.694012723,TECL,81209.02836588367,0.0,57.37348175048828,False
2024-01-10,4868036.76691542,TECL,81209.02836588367,0.0,57.37348175048828,False
2024-01-11,4933851.817019137,TECL,81209.02836588367,0.0,57.37348175048828,False
2024-01-12,4979997.816414057,TECL,81209.02836588367,0.0,57.37348175048828,False
2024-01-16,5015553.4080799585,TECL,81209.02836588367,0.0,57.37348175048828,False
2024-01-17,4939904.45219756,TECL,81209.02836588367,0.0,57.37348175048828,False
2024-01-18,5237206.0012262175,TECL,81209.02836588367,0.0,57.37348175048828,False
2024-01-19,5591244.5769545315,TECL,81209.02836588367,0.0,57.37348175048828,False
2024-01-22,5659329.75248498,TECL,81209.02836588367,0.0,57.37348175048828,False
2024-01-23,5730439.6966653485,TECL,81209.02836588367,0.0,57.37348175048828,False
2024-01-24,5846939.757866016,TECL,81209.02836588367,0.0,57.37348175048828,False
2024-01-25,5914267.811870409,TECL,81209.02836588367,0.0,57.37348175048828,False
2024-01-26,5702449.744078548,TECL,81209.02836588367,0.0,57.37348175048828,False
2024-01-29,5859799.6714460505,TECL,81209.02836588367,0.0,57.37348175048828,False
2024-01-30,5719090.92825884,TECL,81209.02836588367,0.0,57.37348175048828,False
2024-01-31,5353706.062426885,TECL,81209.02836588367,0.0,57.37348175048828,False
2024-02-01,5559471.495040323,TQQQ,209425.81438325686,0.0,26.54625701904297,False
2024-02-02,5838974.476450722,TQQQ,209425.81438325686,0.0,26.54625701904297,False
2024-02-05,5809391.754001591,TQQQ,209425.81438325686,0.0,26.54625701904297,False
2024-02-06,5775730.26760847,TQQQ,209425.81438325686,0.0,26.54625701904297,False
2024-02-07,5948124.8519269265,TQQQ,209425.81438325686,0.0,26.54625701904297,False
2024-02-08,5972606.223447772,TQQQ,209425.81438325686,0.0,26.54625701904297,False
2024-02-09,6148061.378654374,TQQQ,209425.81438325686,0.0,26.54625701904297,False
2024-02-12,6075635.057699642,TQQQ,209425.81438325686,0.0,26.54625701904297,False
2024-02-13,5787971.352816934,TQQQ,209425.81438325686,0.0,26.54625701904297,False
2024-02-14,5971586.432599763,TQQQ,209425.81438325686,0.0,26.54625701904297,False
2024-02-15,6021570.564281626,TQQQ,209425.81438325686,0.0,26.54625701904297,False
2024-02-16,5856316.91258747,TQQQ,209425.81438325686,0.0,26.54625701904297,False
2024-02-20,5720644.784998323,TQQQ,209425.81438325686,0.0,26.54625701904297,False
2024-02-21,5649239.05378768,TQQQ,209425.81438325686,0.0,26.54625701904297,False
2024-02-22,6137860.674038009,TQQQ,209425.81438325686,0.0,26.54625701904297,False
2024-02-23,6081756.199475935,TQQQ,209425.81438325686,0.0,26.54625701904297,False
2024-02-26,6073595.476003626,TQQQ,209425.81438325686,0.0,26.54625701904297,False
2024-02-27,6111337.723580943,TQQQ,209425.81438325686,0.0,26.54625701904297,False
2024-02-28,6012389.650513268,TQQQ,209425.81438325686,0.0,26.54625701904297,False
2024-02-29,6157242.292422732,TQQQ,209425.81438325686,0.0,26.54625701904297,False
2024-03-01,6439806.244169319,TECL,82200.76258830879,0.0,78.34241485595703,False
2024-03-04,6439040.503728033,TECL,82200.76258830879,0.0,78.34241485595703,False
2024-03-05,5961990.480226929,TECL,82200.76258830879,0.0,78.34241485595703,False
2024-03-06,6093695.95470209,TECL,82200.76258830879,0.0,78.34241485595703,False
2024-03-07,6377783.149851246,TECL,82200.76258830879,0.0,78.34241485595703,False
2024-03-08,6089866.625353607,TECL,82200.76258830879,0.0,78.34241485595703,False
2024-03-11,6043156.458435121,TECL,82200.76258830879,0.0,78.34241485595703,False
2024-03-12,6404581.556728085,TECL,82200.76258830879,0.0,78.34241485595703,False
2024-03-13,6193241.5849273065,TECL,82200.76258830879,0.0,78.34241485595703,False
2024-03-14,6200133.248898886,TECL,82200.76258830879,0.0,78.34241485595703,False
2024-03-15,5913748.83242587,TECL,82200.76258830879,0.0,78.34241485595703,False
2024-03-18,6002573.469331025,TECL,82200.76258830879,0.0,78.34241485595703,False
2024-03-19,6083244.632462907,TECL,82200.76258830879,0.0,78.34241485595703,False
2024-03-20,6292587.1568390345,TECL,82200.76258830879,0.0,78.34241485595703,False
2024-03-21,6301790.466401591,TECL,82200.76258830879,0.0,78.34241485595703,False
2024-03-22,6305625.44002851,TECL,82200.76258830879,0.0,78.34241485595703,False
2024-03-25,6173729.941512638,TECL,82200.76258830879,0.0,78.34241485595703,False
2024-03-26,6102415.110603161,TECL,82200.76258830879,0.0,78.34241485595703,False
2024-03-27,6183697.737232384,TECL,82200.76258830879,0.0,78.34241485595703,False
2024-03-28,6145356.780951875,TECL,82200.76258830879,0.0,78.34241485595703,False
2024-04-01,6191367.057344173,TECL,82200.76258830879,0.0,74.76033782958984,False
2024-04-02,6014996.5261708675,TECL,82200.76258830879,0.0,74.76033782958984,False
2024-04-03,6054870.844760096,TECL,82200.76258830879,0.0,74.76033782958984,False
2024-04-04,5768078.785955518,TECL,82200.76258830879,0.0,74.76033782958984,False
2024-04-05,5957485.091750105,TECL,82200.76258830879,0.0,74.76033782958984,False
2024-04-08,5936013.629433699,TECL,82200.76258830879,0.0,74.76033782958984,False
2024-04-09,6017297.510347019,TECL,82200.76258830879,0.0,74.76033782958984,False
2024-04-10,5804119.385201924,TECL,82200.76258830879,0.0,74.76033782958984,False
2024-04-11,6133088.001055977,TECL,82200.76258830879,0.0,74.76033782958984,False
2024-04-12,5847827.423133973,TECL,82200.76258830879,0.0,74.76033782958984,False
2024-04-15,5530821.102856688,CASH,0.0,5530821.102856688,,False
2024-04-16,5530821.102856688,CASH,0.0,5530821.102856688,,False
2024-04-17,5530821.102856688,CASH,0.0,5530821.102856688,,False
2024-04-18,5530821.102856688,CASH,0.0,5530821.102856688,,False
2024-04-19,5530821.102856688,CASH,0.0,5530821.102856688,,False
2024-04-22,5530821.102856688,CASH,0.0,5530821.102856688,,False
2024-04-23,5530821.102856688,CASH,0.0,5530821.102856688,,False
2024-04-24,5530821.102856688,CASH,0.0,5530821.102856688,,False
2024-04-25,5530821.102856688,CASH,0.0,5530821.102856688,,False
2024-04-26,5530821.102856688,CASH,0.0,5530821.102856688,,False
2024-04-29,5530821.102856688,CASH,0.0,5530821.102856688,,False
2024-04-30,5530821.102856688,CASH,0.0,5530821.102856688,,False
2024-05-01,5530821.102856688,TECL,93161.72027413714,0.0,59.367958068847656,False
2024-05-02,5759388.300139987,TECL,93161.72027413714,0.0,59.367958068847656,False
2024-05-03,6233035.956479724,TECL,93161.72027413714,0.0,59.367958068847656,False
2024-05-06,6450306.925580673,TECL,93161.72027413714,0.0,59.367958068847656,False
2024-05-07,6385995.2589101065,TECL,93161.72027413714,0.0,59.367958068847656,False
2024-05-08,6443354.90847556,TECL,93161.72027413714,0.0,59.367958068847656,False
2024-05-09,6428579.473286819,TECL,93161.72027413714,0.0,59.367958068847656,False
2024-05-10,6492024.0035839835,TECL,93161.72027413714,0.0,59.367958068847656,False
2024-05-13,6585883.697561957,TECL,93161.72027413714,0.0,59.367958068847656,False
2024-05-14,6762306.146568035,TECL,93161.72027413714,0.0,59.367958068847656,False
2024-05-15,7212489.945564557,TECL,93161.72027413714,0.0,59.367958068847656,False
2024-05-16,7135141.3810571665,TECL,93161.72027413714,0.0,59.367958068847656,False
2024-05-17,7077782.442259232,TECL,93161.72027413714,0.0,59.367958068847656,False
2024-05-20,7323732.169991629,TECL,93161.72027413714,0.0,59.367958068847656,False
2024-05-21,7361100.772312588,TECL,93161.72027413714,0.0,59.367958068847656,False
2024-05-22,7410639.13609697,TECL,93161.72027413714,0.0,59.367958068847656,False
2024-05-23,7230740.323154576,TECL,93161.72027413714,0.0,59.367958068847656,False
2024-05-24,7393257.316415391,TECL,93161.72027413714,0.0,59.367958068847656,False
2024-05-28,7486249.874019963,TECL,93161.72027413714,0.0,59.367958068847656,False
2024-05-29,7340244.010229731,TECL,93161.72027413714,0.0,59.367958068847656,False
2024-05-30,6837047.615815069,TECL,93161.72027413714,0.0,59.367958068847656,False
2024-05-31,6870072.717826311,TECL,93161.72027413714,0.0,59.367958068847656,False
2024-06-03,6921348.197427572,TECL,93161.72027413714,0.0,73.74351501464844,False
2024-06-04,6947421.282333701,TECL,93161.72027413714,0.0,73.74351501464844,False
2024-06-05,7412377.673448888,TECL,93161.72027413714,0.0,73.74351501464844,False
2024-06-06,7340244.010229731,TECL,93161.72027413714,0.0,73.74351501464844,False
2024-06-07,7383698.91481744,TECL,93161.72027413714,0.0,73.74351501464844,False
2024-06-10,7433235.857066784,TECL,93161.72027413714,0.0,73.74351501464844,False
2024-06-11,7845178.941996312,TECL,93161.72027413714,0.0,73.74351501464844,False
2024-06-12,8362281.502923757,TECL,93161.72027413714,0.0,73.74351501464844,False
2024-06-13,8567384.842863841,TECL,93161.72027413714,0.0,73.74351501464844,False
2024-06-14,8642125.601343356,TECL,93161.72027413714,0.0,73.74351501464844,False
2024-06-17,9034949.040006904,TECL,93161.72027413714,0.0,73.74351501464844,False
2024-06-18,9071449.795186942,TECL,93161.72027413714,0.0,73.74351501464844,False
2024-06-20,8752497.84632695,TECL,93161.72027413714,0.0,73.74351501464844,False
2024-06-21,8669936.512833882,TECL,93161.72027413714,0.0,73.74351501464844,False
2024-06-24,8073747.560814648,TECL,93161.72027413714,0.0,73.74351501464844,False
2024-06-25,8505961.735391228,TECL,93161.72027413714,0.0,73.74351501464844,False
2024-06-26,8485082.228747757,TECL,93161.72027413714,0.0,73.74351501464844,False
2024-06-27,8494652.002626015,TECL,93161.72027413714,0.0,73.74351501464844,False
2024-06-28,8472031.826328067,TECL,93161.72027413714,0.0,73.74351501464844,False
2024-07-01,8654731.774063556,TQQQ,235066.044991483,0.0,36.81829833984375,False
2024-07-02,8920039.222128684,TQQQ,235066.044991483,0.0,36.81829833984375,False
2024-07-03,9139204.879891053,TQQQ,235066.044991483,0.0,36.81829833984375,False
2024-07-05,9416043.964532224,TQQQ,235066.044991483,0.0,36.81829833984375,False
2024-07-08,9478332.736158844,TQQQ,235066.044991483,0.0,36.81829833984375,False
2024-07-09,9499096.855642116,TQQQ,235066.044991483,0.0,36.81829833984375,False
2024-07-10,9796699.16306076,TQQQ,235066.044991483,0.0,36.81829833984375,False
2024-07-11,9153045.533899702,TQQQ,235066.044991483,0.0,36.81829833984375,False
2024-07-12,9301848.481020624,TQQQ,235066.044991483,0.0,36.81829833984375,False
2024-07-15,9371056.234592868,TQQQ,235066.044991483,0.0,36.81829833984375,False
2024-07-16,9377979.70006749,TQQQ,235066.044991483,0.0,36.81829833984375,False
2024-07-17,8553223.780902999,TQQQ,235066.044991483,0.0,36.81829833984375,False
2024-07-18,8425184.95326535,TQQQ,235066.044991483,0.0,36.81829833984375,False
2024-07-19,8196791.296124749,TQQQ,235066.044991483,0.0,36.81829833984375,False
2024-07-22,8554377.841266403,TQQQ,235066.044991483,0.0,36.81829833984375,False
2024-07-23,8462097.847484078,TQQQ,235066.044991483,0.0,36.81829833984375,False
2024-07-24,7789258.5966572,CASH,0.0,7789258.5966572,,False
2024-07-25,7789258.5966572,CASH,0.0,7789258.5966572,,False
2024-07-26,7789258.5966572,CASH,0.0,7789258.5966572,,False
2024-07-29,7789258.5966572,CASH,0.0,7789258.5966572,,False
2024-07-30,7789258.5966572,CASH,0.0,7789258.5966572,,False
2024-07-31,7789258.5966572,CASH,0.0,7789258.5966572,,False
2024-08-01,7789258.5966572,TECL,110505.50201441426,0.0,70.48751831054688,False
2024-08-02,7010332.73699148,CASH,0.0,7010332.73699148,,False
2024-08-05,7010332.73699148,CASH,0.0,7010332.73699148,,False
2024-08-06,7010332.73699148,CASH,0.0,7010332.73699148,,False
2024-08-07,7010332.73699148,CASH,0.0,7010332.73699148,,False
2024-08-08,7010332.73699148,CASH,0.0,7010332.73699148,,False
2024-08-09,7010332.73699148,CASH,0.0,7010332.73699148,,False
2024-08-12,7010332.73699148,CASH,0.0,7010332.73699148,,False
2024-08-13,7010332.73699148,CASH,0.0,7010332.73699148,,False
2024-08-14,7010332.73699148,CASH,0.0,7010332.73699148,,False
2024-08-15,7010332.73699148,CASH,0.0,7010332.73699148,,False
2024-08-16,7010332.73699148,CASH,0.0,7010332.73699148,,False
2024-08-19,7010332.73699148,CASH,0.0,7010332.73699148,,False
2024-08-20,7010332.73699148,CASH,0.0,7010332.73699148,,False
2024-08-21,7010332.73699148,CASH,0.0,7010332.73699148,,False
2024-08-22,7010332.73699148,CASH,0.0,7010332.73699148,,False
2024-08-23,7010332.73699148,CASH,0.0,7010332.73699148,,False
2024-08-26,7010332.73699148,CASH,0.0,7010332.73699148,,False
2024-08-27,7010332.73699148,CASH,0.0,7010332.73699148,,False
2024-08-28,7010332.73699148,CASH,0.0,7010332.73699148,,False
2024-08-29,7010332.73699148,CASH,0.0,7010332.73699148,,False
2024-08-30,7010332.73699148,CASH,0.0,7010332.73699148,,False
2024-09-03,7010332.73699148,TQQQ,229125.48717785958,0.0,30.596040725708008,False
2024-09-04,6950742.576995186,TQQQ,229125.48717785958,0.0,30.596040725708008,False
2024-09-05,6973229.5535095,TQQQ,229125.48717785958,0.0,30.596040725708008,False
2024-09-06,6407680.89236349,TQQQ,229125.48717785958,0.0,30.596040725708008,False
2024-09-09,6646043.280437405,TQQQ,229125.48717785958,0.0,30.596040725708008,False
2024-09-10,6824814.6344706565,TQQQ,229125.48717785958,0.0,30.596040725708008,False
2024-09-11,7259939.268855829,TQQQ,229125.48717785958,0.0,30.596040725708008,False
2024-09-12,7474690.222334169,TQQQ,229125.48717785958,0.0,30.596040725708008,False
2024-09-13,7572508.897938074,TQQQ,229125.48717785958,0.0,30.596040725708008,False
2024-09-16,7471317.285112567,TQQQ,229125.48717785958,0.0,30.596040725708008,False
2024-09-17,7475814.243393245,TQQQ,229125.48717785958,0.0,30.596040725708008,False
2024-09-18,7377997.315878079,TQQQ,229125.48717785958,0.0,30.596040725708008,False
2024-09-19,7935676.08152181,TQQQ,229125.48717785958,0.0,30.596040725708008,False
2024-09-20,7885078.527020318,TQQQ,229125.48717785958,0.0,30.596040725708008,False
2024-09-23,7943545.10297972,TQQQ,229125.48717785958,0.0,30.596040725708008,False
2024-09-24,8055979.548529106,TQQQ,229125.48717785958,0.0,30.596040725708008,False
2024-09-25,8084179.7160641495,TQQQ,229125.48717785958,0.0,30.596040725708008,False
2024-09-26,8255631.385525674,TQQQ,229125.48717785958,0.0,30.596040725708008,False
2024-09-27,8113507.400835748,TQQQ,229125.48717785958,0.0,30.596040725708008,False
2024-09-30,8176673.713369534,TQQQ,229125.48717785958,0.0,30.596040725708008,False
2024-10-01,7830385.200603713,TQQQ,229125.48717785958,0.0,35.68644332885742,False
2024-10-02,7859712.885375312,TQQQ,229125.48717785958,0.0,35.68644332885742,False
2024-10-03,7841664.743191109,TQQQ,229125.48717785958,0.0,35.68644332885742,False
2024-10-04,8118019.217870707,TQQQ,229125.48717785958,0.0,35.68644332885742,False
2024-10-07,7850689.251305395,TQQQ,229125.48717785958,0.0,35.68644332885742,False
2024-10-08,8191337.555755333,TQQQ,229125.48717785958,0.0,35.68644332885742,False
2024-10-09,8388732.610190053,TQQQ,229125.48717785958,0.0,35.68644332885742,False
2024-10-10,8359404.925418453,TQQQ,229125.48717785958,0.0,35.68644332885742,False
2024-10-11,8380837.36740106,TQQQ,229125.48717785958,0.0,35.68644332885742,False
2024-10-14,8595150.424650319,TQQQ,229125.48717785958,0.0,35.68644332885742,False
2024-10-15,8252247.085727271,TQQQ,229125.48717785958,0.0,35.68644332885742,False
2024-10-16,8247736.142736682,TQQQ,229125.48717785958,0.0,35.68644332885742,False
2024-10-17,8272551.136428952,TQQQ,229125.48717785958,0.0,35.68644332885742,False
2024-10-18,8419187.812198205,TQQQ,229125.48717785958,0.0,35.68644332885742,False
2024-10-21,8465433.499784343,TQQQ,229125.48717785958,0.0,35.68644332885742,False
2024-10-22,8490249.367520984,TQQQ,229125.48717785958,0.0,35.68644332885742,False
2024-10-23,8097715.167169024,TQQQ,229125.48717785958,0.0,35.68644332885742,False
2024-10-24,8290598.404568786,TQQQ,229125.48717785958,0.0,35.68644332885742,False
2024-10-25,8430468.22882997,TQQQ,229125.48717785958,0.0,35.68644332885742,False
2024-10-28,8438362.597574593,TQQQ,229125.48717785958,0.0,35.68644332885742,False
2024-10-29,8671853.936377717,TQQQ,229125.48717785958,0.0,35.68644332885742,False
2024-10-30,8478969.824933589,TQQQ,229125.48717785958,0.0,35.68644332885742,False
2024-10-31,7833767.752313377,TQQQ,229125.48717785958,0.0,35.68644332885742,False
2024-11-01,8000709.352828682,TECL,102492.91571836114,0.0,78.06109619140625,False
2024-11-04,7977737.746497367,TECL,102492.91571836114,0.0,78.06109619140625,False
2024-11-05,8311778.073250848,TECL,102492.91571836114,0.0,78.06109619140625,False
2024-11-06,8998046.308595987,TECL,102492.91571836114,0.0,78.06109619140625,False
2024-11-07,9487143.609657796,TECL,102492.91571836114,0.0,78.06109619140625,False
2024-11-08,9442158.296636239,TECL,102492.91571836114,0.0,78.06109619140625,False
2024-11-11,9293801.928062093,TECL,102492.91571836114,0.0,78.06109619140625,False
2024-11-12,9312943.49974689,TECL,102492.91571836114,0.0,78.06109619140625,False
2024-11-13,9258387.009903489,TECL,102492.91571836114,0.0,78.06109619140625,False
2024-11-14,9126303.20584426,TECL,102492.91571836114,0.0,78.06109619140625,False
2024-11-15,8466836.611476956,TECL,102492.91571836114,0.0,78.06109619140625,False
2024-11-18,8519477.302038208,TECL,102492.91571836114,0.0,78.06109619140625,False
2024-11-19,8731005.001554305,TECL,102492.91571836114,0.0,78.06109619140625,False
2024-11-20,8686976.024256041,TECL,102492.91571836114,0.0,78.06109619140625,False
2024-11-21,8959760.03739083,TECL,102492.91571836114,0.0,78.06109619140625,False
2024-11-22,8960718.718990795,TECL,102492.91571836114,0.0,78.06109619140625,False
2024-11-25,8952103.877892246,TECL,102492.91571836114,0.0,78.06109619140625,False
2024-11-26,9091845.40536784,TECL,102492.91571836114,0.0,78.06109619140625,False
2024-11-27,8717606.135962613,TECL,102492.91571836114,0.0,78.06109619140625,False
2024-11-29,8950188.860568985,TECL,102492.91571836114,0.0,78.06109619140625,False
2024-12-02,9201916.284695718,TECL,102492.91571836114,0.0,87.324951171875,False
2024-12-03,9297630.39879083,TECL,102492.91571836114,0.0,87.324951171875,False
2024-12-04,9812569.095312728,TECL,102492.91571836114,0.0,87.324951171875,False
2024-12-05,9651771.760787968,TECL,102492.91571836114,0.0,87.324951171875,False
2024-12-06,9748441.428647483,TECL,102492.91571836114,0.0,87.324951171875,False
2024-12-09,9569458.858161217,TECL,102492.91571836114,0.0,87.324951171875,False
2024-12-10,9161716.560085082,TECL,102492.91571836114,0.0,87.324951171875,False
2024-12-11,9558928.217780517,TECL,102492.91571836114,0.0,87.324951171875,False
2024-12-12,9398551.577138938,TECL,102492.91571836114,0.0,87.324951171875,False
2024-12-13,9507703.654770276,TECL,102492.91571836114,0.0,87.324951171875,False
2024-12-16,9786328.900818396,TECL,102492.91571836114,0.0,87.324951171875,False
2024-12-17,9615898.614719428,TECL,102492.91571836114,0.0,87.324951171875,False
2024-12-18,8697681.823428253,TECL,102492.91571836114,0.0,87.324951171875,False
2024-12-19,8706298.228444584,TECL,102492.91571836114,0.0,87.324951171875,False
2024-12-20,9097904.80481167,TECL,102492.91571836114,0.0,87.324951171875,False
2024-12-23,9361731.478853794,TECL,102492.91571836114,0.0,87.324951171875,False
2024-12-24,9639441.832999827,TECL,102492.91571836114,0.0,87.324951171875,False
2024-12-26,9663383.068355579,TECL,102492.91571836114,0.0,87.324951171875,False
2024-12-27,9264053.08402531,TECL,102492.91571836114,0.0,87.324951171875,False
2024-12-30,8907816.072201168,TECL,102492.91571836114,0.0,87.324951171875,False
2024-12-31,8671283.673238004,TECL,102492.91571836114,0.0,87.324951171875,False
2025-01-02,8617656.932515614,TECL,102492.91571836114,0.0,84.6037368774414,False
2025-01-03,9017944.034528065,TECL,102492.91571836114,0.0,84.6037368774414,False
2025-01-06,9363646.496177053,TECL,102492.91571836114,0.0,84.6037368774414,False
2025-01-07,8804394.189320687,TECL,102492.91571836114,0.0,84.6037368774414,False
2025-01-08,8798647.573433127,TECL,102492.91571836114,0.0,84.6037368774414,False
2025-01-10,8211624.778533382,TECL,102492.91571836114,0.0,84.6037368774414,False
2025-01-13,7803676.78195578,CASH,0.0,7803676.78195578,,False
2025-01-14,7803676.78195578,CASH,0.0,7803676.78195578,,False
2025-01-15,7803676.78195578,CASH,0.0,7803676.78195578,,False
2025-01-16,7803676.78195578,CASH,0.0,7803676.78195578,,False
2025-01-17,7803676.78195578,CASH,0.0,7803676.78195578,,False
2025-01-21,7803676.78195578,CASH,0.0,7803676.78195578,,False
2025-01-22,7803676.78195578,CASH,0.0,7803676.78195578,,False
2025-01-23,7803676.78195578,CASH,0.0,7803676.78195578,,False
2025-01-24,7803676.78195578,CASH,0.0,7803676.78195578,,False
2025-01-27,7803676.78195578,CASH,0.0,7803676.78195578,,False
2025-01-28,7803676.78195578,CASH,0.0,7803676.78195578,,False
2025-01-29,7803676.78195578,CASH,0.0,7803676.78195578,,False
2025-01-30,7803676.78195578,CASH,0.0,7803676.78195578,,False
2025-01-31,7803676.78195578,CASH,0.0,7803676.78195578,,False
2025-02-03,7803676.78195578,TECL,101225.88386184938,0.0,77.09171295166016,False
2025-02-04,8134702.072803962,TECL,101225.88386184938,0.0,77.09171295166016,False
2025-02-05,8487479.745891318,TECL,101225.88386184938,0.0,77.09171295166016,False
2025-02-06,8541388.830952143,TECL,101225.88386184938,0.0,77.09171295166016,False
2025-02-07,8308725.764470573,TECL,101225.88386184938,0.0,77.09171295166016,False
2025-02-10,8674745.159700682,TECL,101225.88386184938,0.0,77.09171295166016,False
2025-02-11,8681366.02077206,TECL,101225.88386184938,0.0,77.09171295166016,False
2025-02-12,8629348.279320683,TECL,101225.88386184938,0.0,77.09171295166016,False
2025-02-13,8992529.500698315,TECL,101225.88386184938,0.0,77.09171295166016,False
2025-02-14,9064409.825363824,TECL,101225.88386184938,0.0,77.09171295166016,False
2025-02-18,9315041.04228126,TECL,101225.88386184938,0.0,77.09171295166016,False
2025-02-19,9314095.756622639,TECL,101225.88386184938,0.0,77.09171295166016,False
2025-02-20,9226138.625130711,TECL,101225.88386184938,0.0,77.09171295166016,False
2025-02-21,8464780.533409113,TECL,101225.88386184938,0.0,77.09171295166016,False
2025-02-24,8095924.508910932,TECL,101225.88386184938,0.0,77.09171295166016,False
2025-02-25,7781923.627424403,TECL,101225.88386184938,0.0,77.09171295166016,False
2025-02-26,8030665.817609004,TECL,101225.88386184938,0.0,77.09171295166016,False
2025-02-27,7169054.93020355,TECL,101225.88386184938,0.0,77.09171295166016,False
2025-02-28,7023309.103760202,CASH,0.0,7023309.103760202,,False
2025-03-03,7023309.103760202,TECL,105043.78245228401,0.0,66.86077880859375,False
2025-03-04,6982088.042431824,TECL,105043.78245228401,0.0,66.86077880859375,False
2025-03-05,7273581.493339167,TECL,105043.78245228401,0.0,66.86077880859375,False
2025-03-06,6673910.620401041,TECL,105043.78245228401,0.0,66.86077880859375,False
2025-03-07,6944793.139933964,TECL,105043.78245228401,0.0,66.86077880859375,False
2025-03-10,6320978.193384183,CASH,0.0,6320978.193384183,,False
2025-03-11,6320978.193384183,CASH,0.0,6320978.193384183,,False
2025-03-12,6320978.193384183,CASH,0.0,6320978.193384183,,False
2025-03-13,6320978.193384183,CASH,0.0,6320978.193384183,,False
2025-03-14,6320978.193384183,CASH,0.0,6320978.193384183,,False
2025-03-17,6320978.193384183,CASH,0.0,6320978.193384183,,False
2025-03-18,6320978.193384183,CASH,0.0,6320978.193384183,,False
2025-03-19,6320978.193384183,CASH,0.0,6320978.193384183,,False
2025-03-20,6320978.193384183,CASH,0.0,6320978.193384183,,False
2025-03-21,6320978.193384183,CASH,0.0,6320978.193384183,,False
2025-03-24,6320978.193384183,CASH,0.0,6320978.193384183,,False
2025-03-25,6320978.193384183,CASH,0.0,6320978.193384183,,False
2025-03-26,6320978.193384183,CASH,0.0,6320978.193384183,,False
2025-03-27,6320978.193384183,CASH,0.0,6320978.193384183,,False
2025-03-28,6320978.193384183,CASH,0.0,6320978.193384183,,False
2025-03-31,6320978.193384183,CASH,0.0,6320978.193384183,,False
2025-04-01,6320978.193384183,GLD,21980.658734892477,0.0,287.57000732421875,False
2025-04-02,6333946.701542192,GLD,21980.658734892477,0.0,287.57000732421875,False
2025-04-03,6295700.56999835,GLD,21980.658734892477,0.0,287.57000732421875,False
2025-04-04,6148429.888155983,GLD,21980.658734892477,0.0,287.57000732421875,False
2025-04-07,6016325.914504408,GLD,21980.658734892477,0.0,287.57000732421875,False
2025-04-08,6049077.552160998,GLD,21980.658734892477,0.0,287.57000732421875,False
2025-04-09,6272840.49709105,GLD,21980.658734892477,0.0,287.57000732421875,False
2025-04-10,6426045.7153051095,GLD,21980.658734892477,0.0,287.57000732421875,False
2025-04-11,6548697.495895362,GLD,21980.658734892477,0.0,287.57000732421875,False
2025-04-14,6511330.778523928,GLD,21980.658734892477,0.0,287.57000732421875,False
2025-04-15,6545400.531244423,GLD,21980.658734892477,0.0,287.57000732421875,False
2025-04-16,6758393.168049249,GLD,21980.658734892477,0.0,287.57000732421875,False
2025-04-17,6728719.14459785,GLD,21980.658734892477,0.0,287.57000732421875,False
2025-04-21,6936876.009649141,GLD,21980.658734892477,0.0,287.57000732421875,False
2025-04-22,6838402.417030092,GLD,21980.658734892477,0.0,287.57000732421875,False
2025-04-23,6674426.890690806,GLD,21980.658734892477,0.0,287.57000732421875,False
2025-04-24,6771581.697449478,GLD,21980.658734892477,0.0,287.57000732421875,False
2025-04-25,6698166.377770513,GLD,21980.658734892477,0.0,287.57000732421875,False
2025-04-28,6793562.356184371,GLD,21980.658734892477,0.0,287.57000732421875,False
2025-04-29,6727400.358737473,GLD,21980.658734892477,0.0,287.57000732421875,False
2025-04-30,6677064.462411558,GLD,21980.658734892477,0.0,287.57000732421875,False
2025-05-01,6538366.559458105,GLD,21980.658734892477,0.0,303.7699890136719,False
2025-05-02,6549796.93130999,GLD,21980.658734892477,0.0,303.7699890136719,False
2025-05-05,6745424.659891238,GLD,21980.658734892477,0.0,303.7699890136719,False
2025-05-06,6934458.459170608,GLD,21980.658734892477,0.0,303.7699890136719,False
2025-05-07,6830489.701867837,GLD,21980.658734892477,0.0,303.7699890136719,False
2025-05-08,6695968.177737731,GLD,21980.658734892477,0.0,303.7699890136719,False
2025-05-09,6744545.245718831,GLD,21980.658734892477,0.0,303.7699890136719,False
2025-05-12,6554412.681821305,GLD,21980.658734892477,0.0,303.7699890136719,False
2025-05-13,6582327.87692789,GLD,21980.658734892477,0.0,303.7699890136719,False
2025-05-14,6443849.995216655,GLD,21980.658734892477,0.0,303.7699890136719,False
2025-05-15,6546719.317104799,GLD,21980.658734892477,0.0,303.7699890136719,False
2025-05-16,6467588.811499892,GLD,21980.658734892477,0.0,303.7699890136719,False
2025-05-19,6550895.695928146,GLD,21980.658734892477,0.0,303.7699890136719,False
2025-05-20,6672888.083588211,GLD,21980.658734892477,0.0,303.7699890136719,False
2025-05-21,6722125.21529597,GLD,21980.658734892477,0.0,303.7699890136719,False
2025-05-22,6662557.147150953,GLD,21980.658734892477,0.0,303.7699890136719,False
2025-05-23,6808509.043132945,GLD,21980.658734892477,0.0,303.7699890136719,False
2025-05-27,6693110.58477476,GLD,21980.658734892477,0.0,303.7699890136719,False
2025-05-28,6677943.8765839655,GLD,21980.658734892477,0.0,303.7699890136719,False
2025-05-29,6717508.793988184,GLD,21980.658734892477,0.0,303.7699890136719,False
2025-05-30,6673328.12607265,GLD,21980.658734892477,0.0,303.7699890136719,False
2025-06-02,6850712.203054384,TECL,99401.84750820199,0.0,68.91936492919922,False
2025-06-03,7157196.177031929,TECL,99401.84750820199,0.0,68.91936492919922,False
2025-06-04,7192595.647841773,TECL,99401.84750820199,0.0,68.91936492919922,False
2025-06-05,7119001.332611281,TECL,99401.84750820199,0.0,68.91936492919922,False
2025-06-06,7321150.982150438,TECL,99401.84750820199,0.0,68.91936492919922,False
2025-06-09,7428280.68019963,TECL,99401.84750820199,0.0,68.91936492919922,False
2025-06-10,7547520.124808048,TECL,99401.84750820199,0.0,68.91936492919922,False
2025-06-11,7499079.621819317,TECL,99401.84750820199,0.0,68.91936492919922,False
2025-06-12,7703091.842597794,TECL,99401.84750820199,0.0,68.91936492919922,False
2025-06-13,7367728.155523937,TECL,99401.84750820199,0.0,68.91936492919922,False
2025-06-16,7732901.324561942,TECL,99401.84750820199,0.0,68.91936492919922,False
2025-06-17,7551246.784038511,TECL,99401.84750820199,0.0,68.91936492919922,False
2025-06-18,7590372.914078819,TECL,99401.84750820199,0.0,68.91936492919922,False
2025-06-20,7474858.611949041,TECL,99401.84750820199,0.0,68.91936492919922,False
2025-06-23,7736627.983792406,TECL,99401.84750820199,0.0,68.91936492919922,False
2025-06-24,8151240.4368949495,TECL,99401.84750820199,0.0,68.91936492919922,False
2025-06-25,8357612.72351087,TECL,99401.84750820199,0.0,68.91936492919922,False
2025-06-26,8535971.362321725,TECL,99401.84750820199,0.0,68.91936492919922,False
2025-06-27,8491147.554056251,TECL,99401.84750820199,0.0,68.91936492919922,False
2025-06-30,8738607.889196241,TECL,99401.84750820199,0.0,68.91936492919922,False
2025-07-01,8508890.516888143,TQQQ,211747.74864245774,0.0,40.18408966064453,False
2025-07-02,8678247.358819952,TQQQ,211747.74864245774,0.0,40.18408966064453,False
2025-07-03,8921239.015076127,TQQQ,211747.74864245774,0.0,40.18408966064453,False
2025-07-07,8722427.439661015,TQQQ,211747.74864245774,0.0,40.18408966064453,False
2025-07-08,8733998.509375764,TQQQ,211747.74864245774,0.0,40.18408966064453,False
2025-07-09,8914928.036529437,TQQQ,211747.74864245774,0.0,40.18408966064453,False
2025-07-10,8873903.041084941,TQQQ,211747.74864245774,0.0,40.18408966064453,False
2025-07-11,8806581.62856794,TQQQ,211747.74864245774,0.0,40.18408966064453,False
2025-07-14,8900201.073664565,TQQQ,211747.74864245774,0.0,40.18408966064453,False
2025-07-15,8923343.213094063,TQQQ,211747.74864245774,0.0,40.18408966064453,False
2025-07-16,8948587.935034381,TQQQ,211747.74864245774,0.0,40.18408966064453,False
2025-07-17,9156867.189899866,TQQQ,211747.74864245774,0.0,40.18408966064453,False
2025-07-18,9125309.066152185,TQQQ,211747.74864245774,0.0,40.18408966064453,False
2025-07-21,9264161.094975617,TQQQ,211747.74864245774,0.0,40.18408966064453,False
2025-07-22,9120048.974984124,TQQQ,211747.74864245774,0.0,40.18408966064453,False
2025-07-23,9239965.644906813,TQQQ,211747.74864245774,0.0,40.18408966064453,False
2025-07-24,9300977.694384241,TQQQ,211747.74864245774,0.0,40.18408966064453,False
2025-07-25,9353572.951789929,TQQQ,211747.74864245774,0.0,40.18408966064453,False
2025-07-28,9445089.814375732,TQQQ,211747.74864245774,0.0,40.18408966064453,False
2025-07-29,9401959.813159745,TQQQ,211747.74864245774,0.0,40.18408966064453,False
2025-07-30,9434570.439793173,TQQQ,211747.74864245774,0.0,40.18408966064453,False
2025-07-31,9278888.057840489,TQQQ,211747.74864245774,0.0,40.18408966064453,False
2025-08-01,8722427.439661015,TQQQ,211747.74864245774,0.0,43.82048034667969,False
2025-08-04,9199993.960101623,TQQQ,211747.74864245774,0.0,43.82048034667969,False
2025-08-05,9008547.481626062,TQQQ,211747.74864245774,0.0,43.82048034667969,False
2025-08-06,9345157.775225302,TQQQ,211747.74864245774,0.0,43.82048034667969,False
2025-08-07,9439829.723207673,TQQQ,211747.74864245774,0.0,43.82048034667969,False
2025-08-08,9694392.449178599,TQQQ,211747.74864245774,0.0,43.82048034667969,False
2025-08-11,9609187.372893041,TQQQ,211747.74864245774,0.0,43.82048034667969,False
2025-08-12,9963681.330260837,TQQQ,211747.74864245774,0.0,43.82048034667969,False
2025-08-13,9978407.485372152,TQQQ,211747.74864245774,0.0,43.82048034667969,False
2025-08-14,9951057.757660342,TQQQ,211747.74864245774,0.0,43.82048034667969,False
2025-08-15,9810102.338572532,TQQQ,211747.74864245774,0.0,43.82048034667969,False
2025-08-18,9797479.573725594,TQQQ,211747.74864245774,0.0,43.82048034667969,False
2025-08-19,9397753.03263099,TQQQ,211747.74864245774,0.0,43.82048034667969,False
2025-08-20,9226291.184927687,TQQQ,211747.74864245774,0.0,43.82048034667969,False
2025-08-21,9097959.338440374,TQQQ,211747.74864245774,0.0,43.82048034667969,False
2025-08-22,9507151.943478234,TQQQ,211747.74864245774,0.0,43.82048034667969,False
2025-08-25,9424051.065210612,TQQQ,211747.74864245774,0.0,43.82048034667969,False
2025-08-26,9533449.976057855,TQQQ,211747.74864245774,0.0,43.82048034667969,False
2025-08-27,9576578.36176673,TQQQ,211747.74864245774,0.0,43.82048034667969,False
2025-08-28,9751193.679359483,TQQQ,211747.74864245774,0.0,43.82048034667969,False
2025-08-29,9399858.038402483,TQQQ,211747.74864245774,0.0,43.82048034667969,False
2025-09-02,9160021.467542874,TECL,99323.71074900478,0.0,92.22391510009766,False
2025-09-03,9307447.522888172,TECL,99323.71074900478,0.0,92.22391510009766,False
2025-09-04,9441810.212681696,TECL,99323.71074900478,0.0,92.22391510009766,False
2025-09-05,9461405.639899245,TECL,99323.71074900478,0.0,92.22391510009766,False
2025-09-08,9670414.94204897,TECL,99323.71074900478,0.0,92.22391510009766,False
2025-09-09,9730131.777266068,TECL,99323.71074900478,0.0,92.22391510009766,False
2025-09-10,10247989.382561943,TECL,99323.71074900478,0.0,92.22391510009766,False
2025-09-11,10320770.341110589,TECL,99323.71074900478,0.0,92.22391510009766,False
2025-09-12,10323568.064042147,TECL,99323.71074900478,0.0,92.22391510009766,False
2025-09-15,10594161.37077608,TECL,99323.71074900478,0.0,92.22391510009766,False
2025-09-16,10483124.65803544,TECL,99323.71074900478,0.0,92.22391510009766,False
2025-09-17,10400081.087985683,TECL,99323.71074900478,0.0,92.22391510009766,False
2025-09-18,10896478.370036228,TECL,99323.71074900478,0.0,92.22391510009766,False
2025-09-19,11217456.454050595,TECL,99323.71074900478,0.0,92.22391510009766,False
2025-09-22,11725051.447845358,TECL,99323.71074900478,0.0,92.22391510009766,False
2025-09-23,11407805.429225879,TECL,99323.71074900478,0.0,92.22391510009766,False
2025-09-24,11222122.104129039,TECL,99323.71074900478,0.0,92.22391510009766,False
2025-09-25,11140011.360983059,TECL,99323.71074900478,0.0,92.22391510009766,False
2025-09-26,11229586.234918816,TECL,99323.71074900478,0.0,92.22391510009766,False
2025-09-29,11391942.06740322,TECL,99323.71074900478,0.0,92.22391510009766,False
2025-09-30,11604684.19272761,TECL,99323.71074900478,0.0,92.22391510009766,False
2025-10-01,11929395.099916643,TQQQ,228788.57950785945,0.0,52.14156723022461,False
2025-10-02,12075014.967206705,TQQQ,228788.57950785945,0.0,52.14156723022461,False
2025-10-03,11911192.834695177,TQQQ,228788.57950785945,0.0,52.14156723022461,False
2025-10-06,12177404.454595787,TQQQ,228788.57950785945,0.0,52.14156723022461,False
2025-10-07,11980590.279990768,TQQQ,228788.57950785945,0.0,52.14156723022461,False
2025-10-08,12386731.377401812,TQQQ,228788.57950785945,0.0,52.14156723022461,False
2025-10-09,12337812.353239538,TQQQ,228788.57950785945,0.0,52.14156723022461,False
2025-10-10,11043166.639011933,TQQQ,228788.57950785945,0.0,52.14156723022461,False
2025-10-13,11743959.086593375,TQQQ,228788.57950785945,0.0,52.14156723022461,False
2025-10-14,11505052.6100433,TQQQ,228788.57950785945,0.0,52.14156723022461,False
2025-10-15,11740545.725484766,TQQQ,228788.57950785945,0.0,52.14156723022461,False
2025-10-16,11609716.507825896,TQQQ,228788.57950785945,0.0,52.14156723022461,False
2025-10-17,11830419.846395338,TQQQ,228788.57950785945,0.0,52.14156723022461,False
2025-10-20,12274103.55220524,TQQQ,228788.57950785945,0.0,52.14156723022461,False
2025-10-21,12260451.85328914,TQQQ,228788.57950785945,0.0,52.14156723022461,False
2025-10-22,11899818.164450098,TQQQ,228788.57950785945,0.0,52.14156723022461,False
2025-10-23,12197882.002969936,TQQQ,228788.57950785945,0.0,52.14156723022461,False
2025-10-24,12577856.034986371,TQQQ,228788.57950785945,0.0,52.14156723022461,False
2025-10-27,13245657.313233493,TQQQ,228788.57950785945,0.0,52.14156723022461,False
2025-10-28,13548271.718058698,TQQQ,228788.57950785945,0.0,52.14156723022461,False
2025-10-29,13721194.983180959,TQQQ,228788.57950785945,0.0,52.14156723022461,False
2025-10-30,13093210.723726211,TQQQ,228788.57950785945,0.0,52.14156723022461,False
2025-10-31,13278648.482567815,TQQQ,228788.57950785945,0.0,52.14156723022461,False
2025-11-03,13460672.880300809,TQQQ,228788.57950785945,0.0,58.03894805908203,False
2025-11-04,12637015.142474473,TQQQ,228788.57950785945,0.0,58.03894805908203,False
2025-11-05,12882746.595723428,TQQQ,228788.57950785945,0.0,58.03894805908203,False
2025-11-06,12160338.52181191,TQQQ,228788.57950785945,0.0,58.03894805908203,False
2025-11-07,11947598.239577167,CASH,0.0,11947598.239577167,,False
2025-11-10,11947598.239577167,CASH,0.0,11947598.239577167,,False
2025-11-11,11947598.239577167,CASH,0.0,11947598.239577167,,False
2025-11-12,11947598.239577167,CASH,0.0,11947598.239577167,,False
2025-11-13,11947598.239577167,CASH,0.0,11947598.239577167,,False
2025-11-14,11947598.239577167,CASH,0.0,11947598.239577167,,False
2025-11-17,11947598.239577167,CASH,0.0,11947598.239577167,,False
2025-11-18,11947598.239577167,CASH,0.0,11947598.239577167,,False
2025-11-19,11947598.239577167,CASH,0.0,11947598.239577167,,False
2025-11-20,11947598.239577167,CASH,0.0,11947598.239577167,,False
2025-11-21,11947598.239577167,CASH,0.0,11947598.239577167,,False
2025-11-24,11947598.239577167,CASH,0.0,11947598.239577167,,False
2025-11-25,11947598.239577167,CASH,0.0,11947598.239577167,,False
2025-11-26,11947598.239577167,CASH,0.0,11947598.239577167,,False
2025-11-28,11947598.239577167,CASH,0.0,11947598.239577167,,False
2025-12-01,11947598.239577167,TECL,102283.36808046226,0.0,116.80880737304688,False
2025-12-02,12307928.76728549,TECL,102283.36808046226,0.0,116.80880737304688,False
2025-12-03,12387682.356924707,TECL,102283.36808046226,0.0,116.80880737304688,False
2025-12-04,12511637.107260438,TECL,102283.36808046226,0.0,116.80880737304688,False
2025-12-05,12779722.820103226,TECL,102283.36808046226,0.0,116.80880737304688,False
2025-12-08,13049728.21896193,TECL,102283.36808046226,0.0,116.80880737304688,False
2025-12-09,13148700.518845024,TECL,102283.36808046226,0.0,116.80880737304688,False
2025-12-10,13356749.222080342,TECL,102283.36808046226,0.0,116.80880737304688,False
2025-12-11,13136245.970546653,TECL,102283.36808046226,0.0,116.80880737304688,False
2025-12-12,11972482.3646485,TECL,102283.36808046226,0.0,116.80880737304688,False
2025-12-15,11648873.245416146,TECL,102283.36808046226,0.0,116.80880737304688,False
2025-12-16,11696853.69041147,TECL,102283.36808046226,0.0,116.80880737304688,False
2025-12-17,10918968.823796855,TECL,102283.36808046226,0.0,116.80880737304688,False
2025-12-18,11415099.969207404,TECL,102283.36808046226,0.0,116.80880737304688,False
2025-12-19,12141942.257523263,TECL,102283.36808046226,0.0,116.80880737304688,False
2025-12-22,12345090.298896816,TECL,102283.36808046226,0.0,116.80880737304688,False
2025-12-23,12529863.979729427,TECL,102283.36808046226,0.0,116.80880737304688,False
2025-12-24,12628885.442303171,TECL,102283.36808046226,0.0,116.80880737304688,False
2025-12-26,12658490.746397384,TECL,102283.36808046226,0.0,116.80880737304688,False
2025-12-29,12493112.917567031,TECL,102283.36808046226,0.0,116.80880737304688,False
2025-12-30,12370611.97822628,TECL,102283.36808046226,0.0,116.80880737304688,False
2025-12-31,11993919.638853047,TECL,102283.36808046226,0.0,116.80880737304688,False
2026-01-02,12062316.646951774,TECL,102283.36808046226,0.0,117.26168060302734,False
2026-01-05,12148067.3044903,TECL,102283.36808046226,0.0,117.26168060302734,False
2026-01-06,12652365.699430346,TECL,102283.36808046226,0.0,117.26168060302734,False
2026-01-07,12611531.012503205,TECL,102283.36808046226,0.0,117.26168060302734,False
2026-01-08,12027607.787351837,TECL,102283.36808046226,0.0,117.26168060302734,False
2026-01-09,12496175.831230635,TECL,102283.36808046226,0.0,117.26168060302734,False
2026-01-12,12655427.83273378,TECL,102283.36808046226,0.0,117.26168060302734,False
2026-01-13,12576822.152903268,TECL,102283.36808046226,0.0,117.26168060302734,False
2026-01-14,12099066.14839383,TECL,102283.36808046226,0.0,117.26168060302734,False
2026-01-15,12286901.962529875,TECL,102283.36808046226,0.0,117.26168060302734,False
2026-01-16,12321610.82212981,TECL,102283.36808046226,0.0,117.26168060302734,False
2026-01-20,11352828.008075716,TECL,102283.36808046226,0.0,117.26168060302734,False
2026-01-21,11828542.590382863,TECL,102283.36808046226,0.0,117.26168060302734,False
2026-01-22,12087838.326281238,TECL,102283.36808046226,0.0,117.26168060302734,False
2026-01-23,12132755.07725279,TECL,102283.36808046226,0.0,117.26168060302734,False
2026-01-26,12375716.314092172,TECL,102283.36808046226,0.0,117.26168060302734,False
2026-01-27,12874909.592806159,TECL,102283.36808046226,0.0,117.26168060302734,False
2026-01-28,13168913.4079443,TECL,102283.36808046226,0.0,117.26168060302734,False
2026-01-29,12527822.557527136,TECL,102283.36808046226,0.0,117.26168060302734,False
2026-01-30,11783625.83941131,TECL,102283.36808046226,0.0,117.26168060302734,False
2026-02-02,12100087.639855145,TECL,102283.36808046226,0.0,115.2056884765625,False
2026-02-03,11321182.062139383,TECL,102283.36808046226,0.0,115.2056884765625,False
2026-02-04,10605263.25547018,CASH,0.0,10605263.25547018,,False
2026-02-05,10605263.25547018,CASH,0.0,10605263.25547018,,False
2026-02-06,10605263.25547018,CASH,0.0,10605263.25547018,,False
2026-02-09,10605263.25547018,CASH,0.0,10605263.25547018,,False
2026-02-10,10605263.25547018,CASH,0.0,10605263.25547018,,False
2026-02-11,10605263.25547018,CASH,0.0,10605263.25547018,,False
2026-02-12,10605263.25547018,CASH,0.0,10605263.25547018,,False
2026-02-13,10605263.25547018,CASH,0.0,10605263.25547018,,False
2026-02-17,10605263.25547018,CASH,0.0,10605263.25547018,,False
2026-02-18,10605263.25547018,CASH,0.0,10605263.25547018,,False
2026-02-19,10605263.25547018,CASH,0.0,10605263.25547018,,False
2026-02-20,10605263.25547018,CASH,0.0,10605263.25547018,,False
2026-02-23,10605263.25547018,CASH,0.0,10605263.25547018,,False
2026-02-24,10605263.25547018,CASH,0.0,10605263.25547018,,False
2026-02-25,10605263.25547018,CASH,0.0,10605263.25547018,,False
2026-02-26,10605263.25547018,CASH,0.0,10605263.25547018,,False
2026-02-27,10605263.25547018,CASH,0.0,10605263.25547018,,False
2026-03-02,10605263.25547018,TECL,103606.79230791326,0.0,102.3606948852539,False
2026-03-03,10148210.68741037,TECL,103606.79230791326,0.0,102.3606948852539,False
2026-03-04,10654897.63735646,TECL,103606.79230791326,0.0,102.3606948852539,False
2026-03-05,10712804.152738089,TECL,103606.79230791326,0.0,102.3606948852539,False
2026-03-06,10057214.847590253,TECL,103606.79230791326,0.0,102.3606948852539,False
2026-03-09,10593887.787421297,TECL,103606.79230791326,0.0,102.3606948852539,False
2026-03-10,10581479.982406823,TECL,103606.79230791326,0.0,102.3606948852539,False
2026-03-11,10741757.80565745,TECL,103606.79230791326,0.0,102.3606948852539,False
2026-03-12,10142007.18013168,TECL,103606.79230791326,0.0,102.3606948852539,False
2026-03-13,9904173.659041002,TECL,103606.79230791326,0.0,102.3606948852539,False
2026-03-16,10336409.036157673,TECL,103606.79230791326,0.0,102.3606948852539,False
2026-03-17,10493585.89622605,TECL,103606.79230791326,0.0,102.3606948852539,False
2026-03-18,10148210.68741037,TECL,103606.79230791326,0.0,102.3606948852539,False
2026-03-19,10243343.779663803,TECL,103606.79230791326,0.0,102.3606948852539,False
2026-03-20,9544736.929923164,CASH,0.0,9544736.929923164,,False
2026-03-23,9544736.929923164,CASH,0.0,9544736.929923164,,False
2026-03-24,9544736.929923164,CASH,0.0,9544736.929923164,,False
2026-03-25,9544736.929923164,CASH,0.0,9544736.929923164,,False
2026-03-26,9544736.929923164,CASH,0.0,9544736.929923164,,False
2026-03-27,9544736.929923164,CASH,0.0,9544736.929923164,,False
2026-03-30,9544736.929923164,CASH,0.0,9544736.929923164,,False
2026-03-31,9544736.929923164,CASH,0.0,9544736.929923164,,False
2026-04-01,9544736.929923164,GLD,21800.595610640976,0.0,437.82000732421875,False
2026-04-02,9361393.841001507,GLD,21800.595610640976,0.0,437.82000732421875,False
2026-04-06,9323024.579830337,GLD,21800.595610640976,0.0,437.82000732421875,False
2026-04-07,9413715.13740677,GLD,21800.595610640976,0.0,437.82000732421875,False
2026-04-08,9473012.784079768,GLD,21800.595610640976,0.0,437.82000732421875,False
2026-04-09,9546698.903691955,GLD,21800.595610640976,0.0,437.82000732421875,False
2026-04-10,9529694.465727711,GLD,21800.595610640976,0.0,437.82000732421875,False
2026-04-13,9491106.985703994,GLD,21800.595610640976,0.0,437.82000732421875,False
2026-04-14,9703227.020504026,GLD,21800.595610640976,0.0,437.82000732421875,False
2026-04-15,9602290.156378537,GLD,21800.595610640976,0.0,437.82000732421875,False
2026-04-16,9594005.823598273,GLD,21800.595610640976,0.0,437.82000732421875,False
2026-04-17,9721539.4409808,GLD,21800.595610640976,0.0,437.82000732421875,False
2026-04-20,9637825.233672103,GLD,21800.595610640976,0.0,437.82000732421875,False
2026-04-21,9364882.016135376,GLD,21800.595610640976,0.0,437.82000732421875,False
2026-04-22,9488927.458384033,GLD,21800.595610640976,0.0,437.82000732421875,False
2026-04-23,9396928.918295072,GLD,21800.595610640976,0.0,437.82000732421875,False
2026-04-24,9445108.048310203,GLD,21800.595610640976,0.0,437.82000732421875,False
2026-04-27,9371858.366403112,GLD,21800.595610640976,0.0,437.82000732421875,False
2026-04-28,9197889.3739217,GLD,21800.595610640976,0.0,437.82000732421875,False
2026-04-29,9099786.693673816,GLD,21800.595610640976,0.0,437.82000732421875,False
2026-04-30,9236040.416240321,GLD,21800.595610640976,0.0,437.82000732421875,False
2026-05-01,9225575.890838716,TQQQ,141605.15233716657,0.0,65.1500015258789,False
2026-05-04,9170476.370160405,TQQQ,141605.15233716657,0.0,65.1500015258789,False
2026-05-05,9520849.51285769,TQQQ,141605.15233716657,0.0,65.1500015258789,False
2026-05-06,10111399.997980364,TQQQ,141605.15233716657,0.0,65.1500015258789,False
2026-05-07,10078904.882532386,TQQQ,141605.15233716657,0.0,65.1500015258789,False
2026-05-08,10776828.183131909,TQQQ,141605.15233716657,0.0,65.1500015258789,False
2026-05-11,10872898.255812803,TQQQ,141605.15233716657,0.0,65.1500015258789,False
2026-05-12,10590338.328806523,TQQQ,141605.15233716657,0.0,65.1500015258789,False
2026-05-13,10912456.775237072,TQQQ,141605.15233716657,0.0,65.1500015258789,False
2026-05-14,11154045.069879197,TQQQ,141605.15233716657,0.0,65.1500015258789,False
2026-05-15,10644024.736544948,TQQQ,141605.15233716657,0.0,65.1500015258789,False
2026-05-18,10499919.627523607,TQQQ,141605.15233716657,0.0,65.1500015258789,False
2026-05-19,10303540.143342152,TQQQ,141605.15233716657,0.0,65.1500015258789,False
2026-05-20,10809322.218218312,TQQQ,141605.15233716657,0.0,65.1500015258789,False
2026-05-21,10871485.142872917,TQQQ,141605.15233716657,0.0,65.1500015258789,False
2026-05-22,10997224.105122011,TQQQ,141605.15233716657,0.0,65.1500015258789,False
2026-05-26,11577883.880027043,TQQQ,141605.15233716657,0.0,65.1500015258789,False
2026-05-27,11538326.440964349,TQQQ,141605.15233716657,0.0,65.1500015258789,False
2026-05-28,11822298.400548942,TQQQ,141605.15233716657,0.0,65.1500015258789,False
2026-05-29,11946625.330219725,TQQQ,141605.15233716657,0.0,65.1500015258789,False
2026-06-01,12155719.589775447,TQQQ,141605.15233716657,0.0,84.36575317382812,False
2026-06-02,12322430.184388699,TQQQ,141605.15233716657,0.0,84.36575317382812,False
2026-06-03,12229184.176864432,TQQQ,141605.15233716657,0.0,84.36575317382812,False
2026-06-04,12039870.257382419,TQQQ,141605.15233716657,0.0,84.36575317382812,False
2026-06-05,10751962.797197754,CASH,0.0,10751962.797197754,,False
2026-06-08,10751962.797197754,CASH,0.0,10751962.797197754,,False
2026-06-09,10751962.797197754,CASH,0.0,10751962.797197754,,False
2026-06-10,10751962.797197754,CASH,0.0,10751962.797197754,,False
2026-06-11,10751962.797197754,CASH,0.0,10751962.797197754,,False
2026-06-12,10751962.797197754,CASH,0.0,10751962.797197754,,False
2026-06-15,10751962.797197754,CASH,0.0,10751962.797197754,,False
2026-06-16,10751962.797197754,CASH,0.0,10751962.797197754,,False
2026-06-17,10751962.797197754,CASH,0.0,10751962.797197754,,False
2026-06-18,10751962.797197754,CASH,0.0,10751962.797197754,,False
2026-06-22,10751962.797197754,CASH,0.0,10751962.797197754,,False
2026-06-23,10751962.797197754,CASH,0.0,10751962.797197754,,False
2026-06-24,10751962.797197754,CASH,0.0,10751962.797197754,,False
2026-06-25,10751962.797197754,CASH,0.0,10751962.797197754,,False
2026-06-26,10751962.797197754,CASH,0.0,10751962.797197754,,False
2026-06-29,10751962.797197754,CASH,0.0,10751962.797197754,,False
2026-06-30,10751962.797197754,CASH,0.0,10751962.797197754,,False
2026-07-01,10751962.797197754,TQQQ,138806.64761527284,0.0,77.45999908447266,False
2026-07-02,10181467.390778128,TQQQ,138806.64761527284,0.0,77.45999908447266,False
2026-07-06,10607603.756596588,TQQQ,138806.64761527284,0.0,77.45999908447266,False
2026-07-07,10026004.623215856,TQQQ,138806.64761527284,0.0,77.45999908447266,False
2026-07-08,9676766.517477978,CASH,0.0,9676766.517477978,,False
2026-07-09,9676766.517477978,CASH,0.0,9676766.517477978,,False
2026-07-10,9676766.517477978,CASH,0.0,9676766.517477978,,False
2026-07-13,9676766.517477978,CASH,0.0,9676766.517477978,,False
2026-07-14,9676766.517477978,CASH,0.0,9676766.517477978,,False
2026-07-15,9676766.517477978,CASH,0.0,9676766.517477978,,False
2026-07-16,9676766.517477978,CASH,0.0,9676766.517477978,,False
2026-07-17,9676766.517477978,CASH,0.0,9676766.517477978,,False
2026-07-20,9676766.517477978,CASH,0.0,9676766.517477978,,False
2026-07-21,9676766.517477978,CASH,0.0,9676766.517477978,,False
2026-07-22,9676766.517477978,CASH,0.0,9676766.517477978,,False
2026-07-23,9676766.517477978,CASH,0.0,9676766.517477978,,False
2026-07-24,9676766.517477978,CASH,0.0,9676766.517477978,,False
2026-07-27,9676766.517477978,CASH,0.0,9676766.517477978,,False
2026-07-28,9676766.517477978,CASH,0.0,9676766.517477978,,False
2026-07-29,9676766.517477978,CASH,0.0,9676766.517477978,,False
2026-07-30,9676766.517477978,CASH,0.0,9676766.517477978,,False
2026-07-31,9676766.517477978,CASH,0.0,9676766.517477978,,False
2026-08-03,9676766.517477978,TECL,53392.000795558146,0.0,181.24000549316406,False
2026-08-04,11126359.01319847,TECL,53392.000795558146,0.0,181.24000549316406,False
2026-08-05,10944826.536372485,TECL,53392.000795558146,0.0,181.24000549316406,False
2026-08-06,10861000.704068765,TECL,53392.000795558146,0.0,181.24000549316406,False
2026-08-07,11299883.015784035,TECL,53392.000795558146,0.0,181.24000549316406,False
2026-08-10,10997684.09575383,TECL,53392.000795558146,0.0,181.24000549316406,False
2026-08-11,10942690.400110187,TECL,53392.000795558146,0.0,181.24000549316406,False
2026-08-12,11428557.933228677,TECL,53392.000795558146,0.0,181.24000549316406,False
2026-08-13,11777207.63324789,TECL,53392.000795558146,0.0,181.24000549316406,False
2026-08-14,11621836.715405468,TECL,53392.000795558146,0.0,181.24000549316406,False
2026-08-17,11687508.648268767,TECL,53392.000795558146,0.0,181.24000549316406,False
2026-08-18,10790523.686661212,TECL,53392.000795558146,0.0,181.24000549316406,False
2026-08-19,10432263.002856215,TECL,53392.000795558146,0.0,181.24000549316406,False
2026-08-20,10364989.375144832,TECL,53392.000795558146,0.0,181.24000549316406,False
2026-08-21,10401295.544631118,TECL,53392.000795558146,0.0,181.24000549316406,False
2026-08-24,9835340.825016567,TECL,53392.000795558146,0.0,181.24000549316406,False
2026-08-25,10114046.319647886,TECL,53392.000795558146,0.0,181.24000549316406,False
2026-08-26,10288638.390364598,TECL,53392.000795558146,0.0,181.24000549316406,False
2026-08-27,11247559.083119625,TECL,53392.000795558146,0.0,181.24000549316406,False
2026-08-28,10705096.159509407,TECL,53392.000795558146,0.0,181.24000549316406,False
2026-08-31,10861534.330785701,TECL,53392.000795558146,0.0,181.24000549316406,False
2026-09-01,10360717.917317513,TECL,53392.000795558146,0.0,203.42999267578125,False
2026-09-02,10319072.22187276,TECL,53392.000795558146,0.0,203.42999267578125,False
