date,equity,holding,shares,cash,stop_reference,entered_at_open
2010-02-11,100000.0,CASH,0.0,100000.0,,False
2010-02-12,100000.0,CASH,0.0,100000.0,,False
2010-02-16,100000.0,CASH,0.0,100000.0,,False
2010-02-17,100000.0,CASH,0.0,100000.0,,False
2010-02-18,100000.0,CASH,0.0,100000.0,,False
2010-02-19,100000.0,CASH,0.0,100000.0,,False
2010-02-22,100000.0,CASH,0.0,100000.0,,False
2010-02-23,100000.0,CASH,0.0,100000.0,,False
2010-02-24,100000.0,CASH,0.0,100000.0,,False
2010-02-25,100000.0,CASH,0.0,100000.0,,False
2010-02-26,100000.0,CASH,0.0,100000.0,,False
2010-03-01,100000.0,TECL,134152.71222954508,0.0,0.7454191446304321,False
2010-03-02,99451.16198885372,TECL,134152.71222954508,0.0,0.7454191446304321,False
2010-03-03,99714.91416399957,TECL,134152.71222954508,0.0,0.7454191446304321,False
2010-03-04,100983.52334524597,TECL,134152.71222954508,0.0,0.7454191446304321,False
2010-03-05,104946.17888386574,TECL,134152.71222954508,0.0,0.7454191446304321,False
2010-03-08,105751.50059275274,TECL,134152.71222954508,0.0,0.7454191446304321,False
2010-03-09,106906.06904269915,TECL,134152.71222954508,0.0,0.7454191446304321,False
2010-03-10,109471.8255744536,TECL,134152.71222954508,0.0,0.7454191446304321,False
2010-03-11,110462.5374358571,TECL,134152.71222954508,0.0,0.7454191446304321,False
2010-03-12,110590.84325372553,TECL,134152.71222954508,0.0,0.7454191446304321,False
2010-03-15,109086.96409372163,TECL,134152.71222954508,0.0,0.7454191446304321,False
2010-03-16,112230.0408330107,TECL,134152.71222954508,0.0,0.7454191446304321,False
2010-03-17,113498.68199875613,TECL,134152.71222954508,0.0,0.7454191446304321,False
2010-03-18,113883.53548336335,TECL,134152.71222954508,0.0,0.7454191446304321,False
2010-03-19,111025.5285878252,TECL,134152.71222954508,0.0,0.7454191446304321,False
2010-03-22,113741.00455955027,TECL,134152.71222954508,0.0,0.7454191446304321,False
2010-03-23,117223.48481032153,TECL,134152.71222954508,0.0,0.7454191446304321,False
2010-03-24,115523.0609037636,TECL,134152.71222954508,0.0,0.7454191446304321,False
2010-03-25,116023.61031749574,TECL,134152.71222954508,0.0,0.7454191446304321,False
2010-03-26,115324.3572035249,TECL,134152.71222954508,0.0,0.7454191446304321,False
2010-03-29,115442.13212508691,TECL,134152.71222954508,0.0,0.7454191446304321,False
2010-03-30,116980.514563422,TECL,134152.71222954508,0.0,0.7454191446304321,False
2010-03-31,115000.49016244768,TECL,134152.71222954508,0.0,0.7454191446304321,False
2010-04-01,114499.94074871555,TECL,134152.71222954508,0.0,0.8572356700897217,False
2010-04-05,118982.72021447527,TECL,134152.71222954508,0.0,0.8572356700897217,False
2010-04-06,119328.72052888288,TECL,134152.71222954508,0.0,0.8572356700897217,False
2010-04-07,118599.92973005564,TECL,134152.71222954508,0.0,0.8572356700897217,False
2010-04-08,118658.86116952282,TECL,134152.71222954508,0.0,0.8572356700897217,False
2010-04-09,121831.43561304451,TECL,134152.71222954508,0.0,0.8572356700897217,False
2010-04-12,122655.90804072715,TECL,134152.71222954508,0.0,0.8572356700897217,False
2010-04-13,124231.12062969804,TECL,134152.71222954508,0.0,0.8572356700897217,False
2010-04-14,130598.35481332328,TECL,134152.71222954508,0.0,0.8572356700897217,False
2010-04-15,132961.25765608955,TECL,134152.71222954508,0.0,0.8572356700897217,False
2010-04-16,127374.22135736138,TECL,134152.71222954508,0.0,0.8572356700897217,False
2010-04-19,127411.09148862096,TECL,134152.71222954508,0.0,0.8572356700897217,False
2010-04-20,129420.55762095458,TECL,134152.71222954508,0.0,0.8572356700897217,False
2010-04-21,130657.20629154287,TECL,134152.71222954508,0.0,0.8572356700897217,False
2010-04-22,132180.97980994493,TECL,134152.71222954508,0.0,0.8572356700897217,False
2010-04-23,133550.10827552536,TECL,134152.71222954508,0.0,0.8572356700897217,False
2010-04-26,132718.28740919003,TECL,134152.71222954508,0.0,0.8572356700897217,False
2010-04-27,125003.98606819192,TECL,134152.71222954508,0.0,0.8572356700897217,False
2010-04-28,125659.19652699516,TECL,134152.71222954508,0.0,0.8572356700897217,False
2010-04-29,129413.28114742473,TECL,134152.71222954508,0.0,0.8572356700897217,False
2010-04-30,120911.28955263122,TECL,134152.71222954508,0.0,0.8572356700897217,False
2010-05-03,125865.26465813609,TECL,134152.71222954508,0.0,0.9012959003448486,False
2010-05-04,114941.59070747954,TECL,134152.71222954508,0.0,0.9012959003448486,False
2010-05-05,113358.93372635887,TECL,134152.71222954508,0.0,0.9012959003448486,False
2010-05-06,108820.1605973681,CASH,0.0,108820.1605973681,,False
2010-05-07,108820.1605973681,CASH,0.0,108820.1605973681,,False
2010-05-10,108820.1605973681,CASH,0.0,108820.1605973681,,False
2010-05-11,108820.1605973681,CASH,0.0,108820.1605973681,,False
2010-05-12,108820.1605973681,CASH,0.0,108820.1605973681,,False
2010-05-13,108820.1605973681,CASH,0.0,108820.1605973681,,False
2010-05-14,108820.1605973681,CASH,0.0,108820.1605973681,,False
2010-05-17,108820.1605973681,CASH,0.0,108820.1605973681,,False
2010-05-18,108820.1605973681,CASH,0.0,108820.1605973681,,False
2010-05-19,108820.1605973681,CASH,0.0,108820.1605973681,,False
2010-05-20,108820.1605973681,CASH,0.0,108820.1605973681,,False
2010-05-21,108820.1605973681,CASH,0.0,108820.1605973681,,False
2010-05-24,108820.1605973681,CASH,0.0,108820.1605973681,,False
2010-05-25,108820.1605973681,CASH,0.0,108820.1605973681,,False
2010-05-26,108820.1605973681,CASH,0.0,108820.1605973681,,False
2010-05-27,108820.1605973681,CASH,0.0,108820.1605973681,,False
2010-05-28,108820.1605973681,CASH,0.0,108820.1605973681,,False
2010-06-01,108820.16059736811,TECL,162400.36124435297,0.0,0.670073390007019,False
2010-06-02,116234.01867014378,TECL,162400.36124435297,0.0,0.670073390007019,False
2010-06-03,120404.35437030894,TECL,162400.36124435297,0.0,0.670073390007019,False
2010-06-04,108962.73460492503,TECL,162400.36124435297,0.0,0.670073390007019,False
2010-06-07,102119.13384311367,TECL,162400.36124435297,0.0,0.670073390007019,False
2010-06-08,97938.1445376313,CASH,0.0,97938.1445376313,,False
2010-06-09,97938.1445376313,CASH,0.0,97938.1445376313,,False
2010-06-10,97938.1445376313,CASH,0.0,97938.1445376313,,False
2010-06-11,97938.1445376313,CASH,0.0,97938.1445376313,,False
2010-06-14,97938.1445376313,CASH,0.0,97938.1445376313,,False
2010-06-15,97938.1445376313,CASH,0.0,97938.1445376313,,False
2010-06-16,97938.1445376313,CASH,0.0,97938.1445376313,,False
2010-06-17,97938.1445376313,CASH,0.0,97938.1445376313,,False
2010-06-18,97938.1445376313,CASH,0.0,97938.1445376313,,False
2010-06-21,97938.1445376313,CASH,0.0,97938.1445376313,,False
2010-06-22,97938.1445376313,CASH,0.0,97938.1445376313,,False
2010-06-23,97938.1445376313,CASH,0.0,97938.1445376313,,False
2010-06-24,97938.1445376313,CASH,0.0,97938.1445376313,,False
2010-06-25,97938.1445376313,CASH,0.0,97938.1445376313,,False
2010-06-28,97938.1445376313,CASH,0.0,97938.1445376313,,False
2010-06-29,97938.1445376313,CASH,0.0,97938.1445376313,,False
2010-06-30,97938.1445376313,CASH,0.0,97938.1445376313,,False
2010-07-01,97938.1445376313,GLD,836.7920691347,0.0,117.04000091552734,False
2010-07-02,99151.49048418988,GLD,836.7920691347,0.0,117.04000091552734,False
2010-07-06,97494.64576246461,GLD,836.7920691347,0.0,117.04000091552734,False
2010-07-07,98515.53310828363,GLD,836.7920691347,0.0,117.04000091552734,False
2010-07-08,98080.39765717217,GLD,836.7920691347,0.0,117.04000091552734,False
2010-07-09,99042.70981352044,GLD,836.7920691347,0.0,117.04000091552734,False
2010-07-12,98189.17832784161,GLD,836.7920691347,0.0,117.04000091552734,False
2010-07-13,99042.70981352044,GLD,836.7920691347,0.0,117.04000091552734,False
2010-07-14,98992.50433232174,GLD,836.7920691347,0.0,117.04000091552734,False
2010-07-15,98933.92914285099,GLD,836.7920691347,0.0,117.04000091552734,False
2010-07-16,97628.5291737334,GLD,836.7920691347,0.0,117.04000091552734,False
2010-07-19,96841.94897001424,GLD,836.7920691347,0.0,117.04000091552734,False
2010-07-20,97611.79614140613,GLD,836.7920691347,0.0,117.04000091552734,False
2010-07-21,96942.35993241162,GLD,836.7920691347,0.0,117.04000091552734,False
2010-07-22,97787.5217098184,GLD,836.7920691347,0.0,117.04000091552734,False
2010-07-23,97143.18824142324,GLD,836.7920691347,0.0,117.04000091552734,False
2010-07-26,96666.21701738513,GLD,836.7920691347,0.0,117.04000091552734,False
2010-07-27,94984.26955506051,GLD,836.7920691347,0.0,117.04000091552734,False
2010-07-28,95210.20060467147,GLD,836.7920691347,0.0,117.04000091552734,False
2010-07-29,95636.96634751088,GLD,836.7920691347,0.0,117.04000091552734,False
2010-07-30,96641.11427678578,GLD,836.7920691347,0.0,117.04000091552734,False
2010-08-02,96682.95643392924,TECL,134085.361494765,0.0,0.721055269241333,False
2010-08-03,95517.37906961815,TECL,134085.361494765,0.0,0.721055269241333,False
2010-08-04,97878.40830669679,TECL,134085.361494765,0.0,0.721055269241333,False
2010-08-05,96503.66143052859,TECL,134085.361494765,0.0,0.721055269241333,False
2010-08-06,95427.72357580748,TECL,134085.361494765,0.0,0.721055269241333,False
2010-08-09,96413.9819603869,TECL,134085.361494765,0.0,0.721055269241333,False
2010-08-10,92439.07391361278,TECL,134085.361494765,0.0,0.721055269241333,False
2010-08-11,87014.66079053632,CASH,0.0,87014.66079053632,,False
2010-08-12,87014.66079053632,CASH,0.0,87014.66079053632,,False
2010-08-13,87014.66079053632,CASH,0.0,87014.66079053632,,False
2010-08-16,87014.66079053632,CASH,0.0,87014.66079053632,,False
2010-08-17,87014.66079053632,CASH,0.0,87014.66079053632,,False
2010-08-18,87014.66079053632,CASH,0.0,87014.66079053632,,False
2010-08-19,87014.66079053632,CASH,0.0,87014.66079053632,,False
2010-08-20,87014.66079053632,CASH,0.0,87014.66079053632,,False
2010-08-23,87014.66079053632,CASH,0.0,87014.66079053632,,False
2010-08-24,87014.66079053632,CASH,0.0,87014.66079053632,,False
2010-08-25,87014.66079053632,CASH,0.0,87014.66079053632,,False
2010-08-26,87014.66079053632,CASH,0.0,87014.66079053632,,False
2010-08-27,87014.66079053632,CASH,0.0,87014.66079053632,,False
2010-08-30,87014.66079053632,CASH,0.0,87014.66079053632,,False
2010-08-31,87014.66079053632,CASH,0.0,87014.66079053632,,False
2010-09-01,87014.66079053632,IEF,1255.5310137300771,0.0,69.30506681155018,False
2010-09-02,86651.79658443127,IEF,1255.5310137300771,0.0,69.30506681155018,False
2010-09-03,86156.07185056045,IEF,1255.5310137300771,0.0,69.30506681155018,False
2010-09-07,86837.7066437534,IEF,1255.5310137300771,0.0,69.30506681155018,False
2010-09-08,86598.66976344638,IEF,1255.5310137300771,0.0,69.30506681155018,False
2010-09-09,85917.05429261058,IEF,1255.5310137300771,0.0,69.30506681155018,False
2010-09-10,85669.21607862158,IEF,1255.5310137300771,0.0,69.30506681155018,False
2010-09-13,86076.42509438668,IEF,1255.5310137300771,0.0,69.30506681155018,False
2010-09-14,86510.10573944775,IEF,1255.5310137300771,0.0,69.30506681155018,False
2010-09-15,86209.19867154532,IEF,1255.5310137300771,0.0,69.30506681155018,False
2010-09-16,85908.20465303572,IEF,1255.5310137300771,0.0,69.30506681155018,False
2010-09-17,86102.95469075411,IEF,1255.5310137300771,0.0,69.30506681155018,False
2010-09-20,86368.47286153567,IEF,1255.5310137300771,0.0,69.30506681155018,False
2010-09-21,87174.06057584814,IEF,1255.5310137300771,0.0,69.30506681155018,False
2010-09-22,87306.80516947103,IEF,1255.5310137300771,0.0,69.30506681155018,False
2010-09-23,87430.72910705484,IEF,1255.5310137300771,0.0,69.30506681155018,False
2010-09-24,86997.04846199375,IEF,1255.5310137300771,0.0,69.30506681155018,False
2010-09-27,87669.67903675466,IEF,1255.5310137300771,0.0,69.30506681155018,False
2010-09-28,87961.89104393942,IEF,1255.5310137300771,0.0,69.30506681155018,False
2010-09-29,87749.46104942844,IEF,1255.5310137300771,0.0,69.30506681155018,False
2010-09-30,87643.23639099443,IEF,1255.5310137300771,0.0,69.30506681155018,False
2010-10-01,87690.23802476264,TECL,117159.14380323165,0.0,0.7484711408615112,False
2010-10-04,84739.35583313442,TECL,117159.14380323165,0.0,0.7484711408615112,False
2010-10-05,90301.60259841604,TECL,117159.14380323165,0.0,0.7484711408615112,False
2010-10-06,88316.947924702,TECL,117159.14380323165,0.0,0.7484711408615112,False
2010-10-07,89048.15486562073,TECL,117159.14380323165,0.0,0.7484711408615112,False
2010-10-08,90797.76801265184,TECL,117159.14380323165,0.0,0.7484711408615112,False
2010-10-11,91006.68527908991,TECL,117159.14380323165,0.0,0.7484711408615112,False
2010-10-12,93435.27779623751,TECL,117159.14380323165,0.0,0.7484711408615112,False
2010-10-13,95785.53244879634,TECL,117159.14380323165,0.0,0.7484711408615112,False
2010-10-14,95681.07032396272,TECL,117159.14380323165,0.0,0.7484711408615112,False
2010-10-15,101452.19943953668,TECL,117159.14380323165,0.0,0.7484711408615112,False
2010-10-18,102705.68208847773,TECL,117159.14380323165,0.0,0.7484711408615112,False
2010-10-19,97274.00075858712,TECL,117159.14380323165,0.0,0.7484711408615112,False
2010-10-20,99154.18632423838,TECL,117159.14380323165,0.0,0.7484711408615112,False
2010-10-21,99180.32455094153,TECL,117159.14380323165,0.0,0.7484711408615112,False
2010-10-22,101112.72372093673,TECL,117159.14380323165,0.0,0.7484711408615112,False
2010-10-25,102131.15785996572,TECL,117159.14380323165,0.0,0.7484711408615112,False
2010-10-26,102705.68208847773,TECL,117159.14380323165,0.0,0.7484711408615112,False
2010-10-27,104376.95737092006,TECL,117159.14380323165,0.0,0.7484711408615112,False
2010-10-28,104873.10183546842,TECL,117159.14380323165,0.0,0.7484711408615112,False
2010-10-29,105082.04703482309,TECL,117159.14380323165,0.0,0.7484711408615112,False
2010-11-01,106178.80507198256,TECL,117159.14380323165,0.0,0.8969171643257141,False
2010-11-02,108711.87368042207,TECL,117159.14380323165,0.0,0.8969171643257141,False
2010-11-03,110644.27983364642,TECL,117159.14380323165,0.0,0.8969171643257141,False
2010-11-04,115527.54722881156,TECL,117159.14380323165,0.0,0.8969171643257141,False
2010-11-05,115632.02332010347,TECL,117159.14380323165,0.0,0.8969171643257141,False
2010-11-08,116467.6923858558,TECL,117159.14380323165,0.0,0.8969171643257141,False
2010-11-09,115057.54797419549,TECL,117159.14380323165,0.0,0.8969171643257141,False
2010-11-10,115814.80934306757,TECL,117159.14380323165,0.0,0.8969171643257141,False
2010-11-11,109939.21111943084,TECL,117159.14380323165,0.0,0.8969171643257141,False
2010-11-12,105552.10913850149,TECL,117159.14380323165,0.0,0.8969171643257141,False
2010-11-15,104063.57099641922,TECL,117159.14380323165,0.0,0.8969171643257141,False
2010-11-16,98396.89003922057,TECL,117159.14380323165,0.0,0.8969171643257141,False
2010-11-17,98553.58671808557,TECL,117159.14380323165,0.0,0.8969171643257141,False
2010-11-18,103436.86109647986,TECL,117159.14380323165,0.0,0.8969171643257141,False
2010-11-19,104533.64008332677,TECL,117159.14380323165,0.0,0.8969171643257141,False
2010-11-22,106883.89473588558,TECL,117159.14380323165,0.0,0.8969171643257141,False
2010-11-23,102470.6545282531,TECL,117159.14380323165,0.0,0.8969171643257141,False
2010-11-24,107823.98402709664,TECL,117159.14380323165,0.0,0.8969171643257141,False
2010-11-26,106152.70176142517,TECL,117159.14380323165,0.0,0.8969171643257141,False
2010-11-29,104716.44705597831,TECL,117159.14380323165,0.0,0.8969171643257141,False
2010-11-30,100433.77926696598,TECL,117159.14380323165,0.0,0.8969171643257141,False
2010-12-01,106988.34987749005,TECL,117159.14380323165,0.0,0.8572423458099365,False
2010-12-02,111244.90038948668,TECL,117159.14380323165,0.0,0.8572423458099365,False
2010-12-03,112289.4867216771,TECL,117159.14380323165,0.0,0.8572423458099365,False
2010-12-06,112446.12055147976,TECL,117159.14380323165,0.0,0.8572423458099365,False
2010-12-07,112785.6242029963,TECL,117159.14380323165,0.0,0.8572423458099365,False
2010-12-08,115240.34098038873,TECL,117159.14380323165,0.0,0.8572423458099365,False
2010-12-09,115188.09245989905,TECL,117159.14380323165,0.0,0.8572423458099365,False
2010-12-10,116911.59531314363,TECL,117159.14380323165,0.0,0.8572423458099365,False
2010-12-13,115397.00972633714,TECL,117159.14380323165,0.0,0.8572423458099365,False
2010-12-14,115292.50570212863,TECL,117159.14380323165,0.0,0.8572423458099365,False
2010-12-15,114195.76163142746,TECL,117159.14380323165,0.0,0.8572423458099365,False
2010-12-16,115867.01596418236,TECL,117159.14380323165,0.0,0.8572423458099365,False
2010-12-17,116937.69164047186,TECL,117159.14380323165,0.0,0.8572423458099365,False
2010-12-20,116989.89826158666,TECL,117159.14380323165,0.0,0.8572423458099365,False
2010-12-21,119653.53928864632,TECL,117159.14380323165,0.0,0.8572423458099365,False
2010-12-22,119287.93930980153,TECL,117159.14380323165,0.0,0.8572423458099365,False
2010-12-23,118687.35367010701,TECL,117159.14380323165,0.0,0.8572423458099365,False
2010-12-27,119470.73231599478,TECL,117159.14380323165,0.0,0.8572423458099365,False
2010-12-28,119340.18783029121,TECL,117159.14380323165,0.0,0.8572423458099365,False
2010-12-29,119653.53928864632,TECL,117159.14380323165,0.0,0.8572423458099365,False
2010-12-30,119131.29151354058,TECL,117159.14380323165,0.0,0.8572423458099365,False
2010-12-31,118817.92608872717,TECL,117159.14380323165,0.0,0.8572423458099365,False
2011-01-03,122082.15275548138,TQQQ,319087.362573219,0.0,0.3825978934764862,False
2011-01-04,121892.56096779674,TQQQ,319087.362573219,0.0,0.3825978934764862,False
2011-01-05,124917.80381480219,TQQQ,319087.362573219,0.0,0.3825978934764862,False
2011-01-06,126047.31897585034,TQQQ,319087.362573219,0.0,0.3825978934764862,False
2011-01-07,125754.90048403601,TQQQ,319087.362573219,0.0,0.3825978934764862,False
2011-01-10,127168.95072455006,TQQQ,319087.362573219,0.0,0.3825978934764862,False
2011-01-11,127753.42634548966,TQQQ,319087.362573219,0.0,0.3825978934764862,False
2011-01-12,130344.30173068686,TQQQ,319087.362573219,0.0,0.3825978934764862,False
2011-01-13,130754.97140772757,TQQQ,319087.362573219,0.0,0.3825978934764862,False
2011-01-14,133590.62246704838,TQQQ,319087.362573219,0.0,0.3825978934764862,False
2011-01-18,134656.7755334312,TQQQ,319087.362573219,0.0,0.3825978934764862,False
2011-01-19,130146.8455497427,TQQQ,319087.362573219,0.0,0.3825978934764862,False
2011-01-20,127224.12510144459,TQQQ,319087.362573219,0.0,0.3825978934764862,False
2011-01-21,124317.54235007685,TQQQ,319087.362573219,0.0,0.3825978934764862,False
2011-01-24,129451.65981232499,TQQQ,319087.362573219,0.0,0.3825978934764862,False
2011-01-25,129901.77507974117,TQQQ,319087.362573219,0.0,0.3825978934764862,False
2011-01-26,131916.05825634723,TQQQ,319087.362573219,0.0,0.3825978934764862,False
2011-01-27,134459.31935248704,TQQQ,319087.362573219,0.0,0.3825978934764862,False
2011-01-28,124317.54235007685,TQQQ,319087.362573219,0.0,0.3825978934764862,False
2011-01-31,126158.00056369511,TQQQ,319087.362573219,0.0,0.3825978934764862,False
2011-02-01,133163.8531312551,TQQQ,319087.362573219,0.0,0.39537134766578674,False
2011-02-02,132563.6011760742,TQQQ,319087.362573219,0.0,0.39537134766578674,False
2011-02-03,133077.11657633353,TQQQ,319087.362573219,0.0,0.39537134766578674,False
2011-02-04,135478.40968339055,TQQQ,319087.362573219,0.0,0.39537134766578674,False
2011-02-07,137445.06906139478,TQQQ,319087.362573219,0.0,0.39537134766578674,False
2011-02-08,140375.6348838635,TQQQ,319087.362573219,0.0,0.39537134766578674,False
2011-02-09,139522.457574966,TQQQ,319087.362573219,0.0,0.39537134766578674,False
2011-02-10,140201.86697814244,TQQQ,319087.362573219,0.0,0.39537134766578674,False
2011-02-11,143076.9255896609,TQQQ,319087.362573219,0.0,0.39537134766578674,False
2011-02-14,143977.47944900458,TQQQ,319087.362573219,0.0,0.39537134766578674,False
2011-02-15,143606.19830507264,TQQQ,319087.362573219,0.0,0.39537134766578674,False
2011-02-16,146260.14098905725,TQQQ,319087.362573219,0.0,0.39537134766578674,False
2011-02-17,146133.67355742672,TQQQ,319087.362573219,0.0,0.39537134766578674,False
2011-02-18,145304.43177190796,TQQQ,319087.362573219,0.0,0.39537134766578674,False
2011-02-22,132508.39827054634,TQQQ,319087.362573219,0.0,0.39537134766578674,False
2011-02-23,129238.42729713954,TQQQ,319087.362573219,0.0,0.39537134766578674,False
2011-02-24,131078.6192435132,TQQQ,319087.362573219,0.0,0.39537134766578674,False
2011-02-25,136694.68992799363,TQQQ,319087.362573219,0.0,0.39537134766578674,False
2011-02-28,137689.85424506283,TQQQ,319087.362573219,0.0,0.39537134766578674,False
2011-03-01,131070.7358311648,TECL,117000.82971645874,0.0,1.1202547550201416,False
2011-03-02,132661.5277281411,TECL,117000.82971645874,0.0,1.1202547550201416,False
2011-03-03,139546.2513389786,TECL,117000.82971645874,0.0,1.1202547550201416,False
2011-03-04,136886.23751554394,TECL,117000.82971645874,0.0,1.1202547550201416,False
2011-03-07,131227.2137961131,TECL,117000.82971645874,0.0,1.1202547550201416,False
2011-03-08,133209.16573649566,TECL,117000.82971645874,0.0,1.1202547550201416,False
2011-03-09,130418.78382870664,TECL,117000.82971645874,0.0,1.1202547550201416,False
2011-03-10,122490.89238166163,TECL,117000.82971645874,0.0,1.1202547550201416,False
2011-03-11,124603.22635398436,TECL,117000.82971645874,0.0,1.1202547550201416,False
2011-03-14,123299.29445389648,TECL,117000.82971645874,0.0,1.1202547550201416,False
2011-03-15,112450.66433772656,CASH,0.0,112450.66433772656,,False
2011-03-16,112450.66433772656,CASH,0.0,112450.66433772656,,False
2011-03-17,112450.66433772656,CASH,0.0,112450.66433772656,,False
2011-03-18,112450.66433772656,CASH,0.0,112450.66433772656,,False
2011-03-21,112450.66433772656,CASH,0.0,112450.66433772656,,False
2011-03-22,112450.66433772656,CASH,0.0,112450.66433772656,,False
2011-03-23,112450.66433772656,CASH,0.0,112450.66433772656,,False
2011-03-24,112450.66433772656,CASH,0.0,112450.66433772656,,False
2011-03-25,112450.66433772656,CASH,0.0,112450.66433772656,,False
2011-03-28,112450.66433772656,CASH,0.0,112450.66433772656,,False
2011-03-29,112450.66433772656,CASH,0.0,112450.66433772656,,False
2011-03-30,112450.66433772656,CASH,0.0,112450.66433772656,,False
2011-03-31,112450.66433772656,CASH,0.0,112450.66433772656,,False
2011-04-01,112450.66433772657,TECL,105244.13413979961,0.0,1.0684744119644165,False
2011-04-04,110323.07526029018,TECL,105244.13413979961,0.0,1.0684744119644165,False
2011-04-05,110131.822840243,TECL,105244.13413979961,0.0,1.0684744119644165,False
2011-04-06,112474.55207111477,TECL,105244.13413979961,0.0,1.0684744119644165,False
2011-04-07,112617.9788400717,TECL,105244.13413979961,0.0,1.0684744119644165,False
2011-04-08,110705.54246214915,TECL,105244.13413979961,0.0,1.0684744119644165,False
2011-04-11,109940.59551235274,TECL,105244.13413979961,0.0,1.0684744119644165,False
2011-04-12,106976.34610064149,TECL,105244.13413979961,0.0,1.0684744119644165,False
2011-04-13,109056.10952698762,TECL,105244.13413979961,0.0,1.0684744119644165,False
2011-04-14,108195.49872893225,TECL,105244.13413979961,0.0,1.0684744119644165,False
2011-04-15,106880.74498277482,TECL,105244.13413979961,0.0,1.0684744119644165,False
2011-04-18,101205.59790395391,CASH,0.0,101205.59790395391,,False
2011-04-19,101205.59790395391,CASH,0.0,101205.59790395391,,False
2011-04-20,101205.59790395391,CASH,0.0,101205.59790395391,,False
2011-04-21,101205.59790395391,CASH,0.0,101205.59790395391,,False
2011-04-25,101205.59790395391,CASH,0.0,101205.59790395391,,False
2011-04-26,101205.59790395391,CASH,0.0,101205.59790395391,,False
2011-04-27,101205.59790395391,CASH,0.0,101205.59790395391,,False
2011-04-28,101205.59790395391,CASH,0.0,101205.59790395391,,False
2011-04-29,101205.59790395391,CASH,0.0,101205.59790395391,,False
2011-05-02,101205.59790395391,TECL,88282.47679960233,0.0,1.1463837623596191,False
2011-05-03,100263.15500044939,TECL,88282.47679960233,0.0,1.1463837623596191,False
2011-05-04,99882.17236988393,TECL,88282.47679960233,0.0,1.1463837623596191,False
2011-05-05,98759.19920354913,TECL,88282.47679960233,0.0,1.1463837623596191,False
2011-05-06,99601.40013704906,TECL,88282.47679960233,0.0,1.1463837623596191,False
2011-05-09,100263.15500044939,TECL,88282.47679960233,0.0,1.1463837623596191,False
2011-05-10,103010.3532795073,TECL,88282.47679960233,0.0,1.1463837623596191,False
2011-05-11,100664.18602501576,TECL,88282.47679960233,0.0,1.1463837623596191,False
2011-05-12,102448.8824824769,TECL,88282.47679960233,0.0,1.1463837623596191,False
2011-05-13,98699.04349745503,TECL,88282.47679960233,0.0,1.1463837623596191,False
2011-05-16,93946.56380646922,TECL,88282.47679960233,0.0,1.1463837623596191,False
2011-05-17,91085.03811355852,CASH,0.0,91085.03811355852,,False
2011-05-18,91085.03811355852,CASH,0.0,91085.03811355852,,False
2011-05-19,91085.03811355852,CASH,0.0,91085.03811355852,,False
2011-05-20,91085.03811355852,CASH,0.0,91085.03811355852,,False
2011-05-23,91085.03811355852,CASH,0.0,91085.03811355852,,False
2011-05-24,91085.03811355852,CASH,0.0,91085.03811355852,,False
2011-05-25,91085.03811355852,CASH,0.0,91085.03811355852,,False
2011-05-26,91085.03811355852,CASH,0.0,91085.03811355852,,False
2011-05-27,91085.03811355852,CASH,0.0,91085.03811355852,,False
2011-05-31,91085.03811355852,CASH,0.0,91085.03811355852,,False
2011-06-01,91085.03811355852,TECL,88133.0471757118,0.0,1.0334947109222412,False
2011-06-02,91405.3325028301,TECL,88133.0471757118,0.0,1.0334947109222412,False
2011-06-03,87361.55542717817,TECL,88133.0471757118,0.0,1.0334947109222412,False
2011-06-06,85599.91527362856,TECL,88133.0471757118,0.0,1.0334947109222412,False
2011-06-07,84518.88231129467,TECL,88133.0471757118,0.0,1.0334947109222412,False
2011-06-08,81976.53430220266,CASH,0.0,81976.53430220266,,False
2011-06-09,81976.53430220266,CASH,0.0,81976.53430220266,,False
2011-06-10,81976.53430220266,CASH,0.0,81976.53430220266,,False
2011-06-13,81976.53430220266,CASH,0.0,81976.53430220266,,False
2011-06-14,81976.53430220266,CASH,0.0,81976.53430220266,,False
2011-06-15,81976.53430220266,CASH,0.0,81976.53430220266,,False
2011-06-16,81976.53430220266,CASH,0.0,81976.53430220266,,False
2011-06-17,81976.53430220266,CASH,0.0,81976.53430220266,,False
2011-06-20,81976.53430220266,CASH,0.0,81976.53430220266,,False
2011-06-21,81976.53430220266,CASH,0.0,81976.53430220266,,False
2011-06-22,81976.53430220266,CASH,0.0,81976.53430220266,,False
2011-06-23,81976.53430220266,CASH,0.0,81976.53430220266,,False
2011-06-24,81976.53430220266,CASH,0.0,81976.53430220266,,False
2011-06-27,81976.53430220266,CASH,0.0,81976.53430220266,,False
2011-06-28,81976.53430220266,CASH,0.0,81976.53430220266,,False
2011-06-29,81976.53430220266,CASH,0.0,81976.53430220266,,False
2011-06-30,81976.53430220266,CASH,0.0,81976.53430220266,,False
2011-07-01,81976.53430220268,TECL,78389.42221300128,0.0,1.045760154724121,False
2011-07-05,82742.16814046948,TECL,78389.42221300128,0.0,1.045760154724121,False
2011-07-06,83917.3261857397,TECL,78389.42221300128,0.0,1.045760154724121,False
2011-07-07,87175.75547709217,TECL,78389.42221300128,0.0,1.045760154724121,False
2011-07-08,85964.9752549988,TECL,78389.42221300128,0.0,1.045760154724121,False
2011-07-11,81495.77508630032,TECL,78389.42221300128,0.0,1.045760154724121,False
2011-07-12,78931.78200330504,TECL,78389.42221300128,0.0,1.045760154724121,False
2011-07-13,79608.4258127453,TECL,78389.42221300128,0.0,1.045760154724121,False
2011-07-14,77311.49626370291,TECL,78389.42221300128,0.0,1.045760154724121,False
2011-07-15,80605.51969763651,TECL,78389.42221300128,0.0,1.045760154724121,False
2011-07-18,79786.46193888235,TECL,78389.42221300128,0.0,1.045760154724121,False
2011-07-19,86267.67031052215,TECL,78389.42221300128,0.0,1.045760154724121,False
2011-07-20,84932.25919328447,TECL,78389.42221300128,0.0,1.045760154724121,False
2011-07-21,86018.38983073884,TECL,78389.42221300128,0.0,1.045760154724121,False
2011-07-22,89437.03481506945,TECL,78389.42221300128,0.0,1.045760154724121,False
2011-07-25,88867.27622559323,TECL,78389.42221300128,0.0,1.045760154724121,False
2011-07-26,89899.99228730757,TECL,78389.42221300128,0.0,1.045760154724121,False
2011-07-27,81673.84859142666,TECL,78389.42221300128,0.0,1.045760154724121,False
2011-07-28,82190.19260516284,TECL,78389.42221300128,0.0,1.045760154724121,False
2011-07-29,80320.63573052475,TECL,78389.42221300128,0.0,1.045760154724121,False
2011-08-01,79911.08348927934,TECL,78389.42221300128,0.0,1.024636149406433,False
2011-08-02,74391.36551520225,TECL,78389.42221300128,0.0,1.024636149406433,False
2011-08-03,72288.57215747227,CASH,0.0,72288.57215747227,,False
2011-08-04,72288.57215747227,CASH,0.0,72288.57215747227,,False
2011-08-05,72288.57215747227,CASH,0.0,72288.57215747227,,False
2011-08-08,72288.57215747227,CASH,0.0,72288.57215747227,,False
2011-08-09,72288.57215747227,CASH,0.0,72288.57215747227,,False
2011-08-10,72288.57215747227,CASH,0.0,72288.57215747227,,False
2011-08-11,72288.57215747227,CASH,0.0,72288.57215747227,,False
2011-08-12,72288.57215747227,CASH,0.0,72288.57215747227,,False
2011-08-15,72288.57215747227,CASH,0.0,72288.57215747227,,False
2011-08-16,72288.57215747227,CASH,0.0,72288.57215747227,,False
2011-08-17,72288.57215747227,CASH,0.0,72288.57215747227,,False
2011-08-18,72288.57215747227,CASH,0.0,72288.57215747227,,False
2011-08-19,72288.57215747227,CASH,0.0,72288.57215747227,,False
2011-08-22,72288.57215747227,CASH,0.0,72288.57215747227,,False
2011-08-23,72288.57215747227,CASH,0.0,72288.57215747227,,False
2011-08-24,72288.57215747227,CASH,0.0,72288.57215747227,,False
2011-08-25,72288.57215747227,CASH,0.0,72288.57215747227,,False
2011-08-26,72288.57215747227,CASH,0.0,72288.57215747227,,False
2011-08-29,72288.57215747227,CASH,0.0,72288.57215747227,,False
2011-08-30,72288.57215747227,CASH,0.0,72288.57215747227,,False
2011-08-31,72288.57215747227,CASH,0.0,72288.57215747227,,False
2011-09-01,72288.57215747227,GLD,406.4124031141161,0.0,177.8699951171875,False
2011-09-02,74471.01097912065,GLD,406.4124031141161,0.0,177.8699951171875,False
2011-09-06,74332.82604902738,GLD,406.4124031141161,0.0,177.8699951171875,False
2011-09-07,71967.50908761102,GLD,406.4124031141161,0.0,177.8699951171875,False
2011-09-08,73889.83801795967,GLD,406.4124031141161,0.0,177.8699951171875,False
2011-09-09,73438.72000244855,GLD,406.4124031141161,0.0,177.8699951171875,False
2011-09-12,71800.87851400755,GLD,406.4124031141161,0.0,177.8699951171875,False
2011-09-13,72560.8677233954,GLD,406.4124031141161,0.0,177.8699951171875,False
2011-09-14,72020.34468445141,GLD,406.4124031141161,0.0,177.8699951171875,False
2011-09-15,70878.3206225574,GLD,406.4124031141161,0.0,177.8699951171875,False
2011-09-16,71540.77482406897,GLD,406.4124031141161,0.0,177.8699951171875,False
2011-09-19,70435.33259148969,GLD,406.4124031141161,0.0,177.8699951171875,False
2011-09-20,71439.17172329043,GLD,406.4124031141161,0.0,177.8699951171875,False
2011-09-21,70549.12756825275,GLD,406.4124031141161,0.0,177.8699951171875,False
2011-09-22,68704.01798671356,GLD,406.4124031141161,0.0,177.8699951171875,False
2011-09-23,65059.71494172505,CASH,0.0,65059.71494172505,,False
2011-09-26,65059.71494172505,CASH,0.0,65059.71494172505,,False
2011-09-27,65059.71494172505,CASH,0.0,65059.71494172505,,False
2011-09-28,65059.71494172505,CASH,0.0,65059.71494172505,,False
2011-09-29,65059.71494172505,CASH,0.0,65059.71494172505,,False
2011-09-30,65059.71494172505,CASH,0.0,65059.71494172505,,False
2011-10-03,65059.71494172505,GLD,404.1980133448886,0.0,160.9600067138672,False
2011-10-04,63717.77457698535,GLD,404.1980133448886,0.0,160.9600067138672,False
2011-10-05,64453.41792170771,GLD,404.1980133448886,0.0,160.9600067138672,False
2011-10-06,64869.74138204717,GLD,404.1980133448886,0.0,160.9600067138672,False
2011-10-07,64340.2368038047,GLD,404.1980133448886,0.0,160.9600067138672,False
2011-10-10,65993.41136574018,GLD,404.1980133448886,0.0,160.9600067138672,False
2011-10-11,65520.500430235326,GLD,404.1980133448886,0.0,160.9600067138672,False
2011-10-12,65989.3654383605,GLD,404.1980133448886,0.0,160.9600067138672,False
2011-10-13,65601.33879938987,GLD,404.1980133448886,0.0,160.9600067138672,False
2011-10-14,66045.9529135259,GLD,404.1980133448886,0.0,160.9600067138672,False
2011-10-17,65730.67895652266,GLD,404.1980133448886,0.0,160.9600067138672,False
2011-10-18,65415.40499951944,GLD,404.1980133448886,0.0,160.9600067138672,False
2011-10-19,64619.13441982422,GLD,404.1980133448886,0.0,160.9600067138672,False
2011-10-20,63770.32229234329,GLD,404.1980133448886,0.0,160.9600067138672,False
2011-10-21,64477.66881569685,GLD,404.1980133448886,0.0,160.9600067138672,False
2011-10-24,65083.96583571418,GLD,404.1980133448886,0.0,160.9600067138672,False
2011-10-25,66931.14754956277,GLD,404.1980133448886,0.0,160.9600067138672,False
2011-10-26,67662.74496690546,GLD,404.1980133448886,0.0,160.9600067138672,False
2011-10-27,68531.7743961403,GLD,404.1980133448886,0.0,160.9600067138672,False
2011-10-28,68560.0650499369,GLD,404.1980133448886,0.0,160.9600067138672,False
2011-10-31,67638.49407291632,GLD,404.1980133448886,0.0,160.9600067138672,False
2011-11-01,67654.66544729056,IEF,887.675249919306,0.0,76.21555907235299,False
2011-11-02,67492.82881587965,IEF,887.675249919306,0.0,76.21555907235299,False
2011-11-03,67175.801695056,IEF,887.675249919306,0.0,76.21555907235299,False
2011-11-04,67376.40179598352,IEF,887.675249919306,0.0,76.21555907235299,False
2011-11-07,67454.085838065,IEF,887.675249919306,0.0,76.21555907235299,False
2011-11-08,67149.86603095826,IEF,887.675249919306,0.0,76.21555907235299,False
2011-11-09,67745.2592615987,IEF,887.675249919306,0.0,76.21555907235299,False
2011-11-10,67415.20624890401,IEF,887.675249919306,0.0,76.21555907235299,False
2011-11-11,67104.54521681859,IEF,887.675249919306,0.0,76.21555907235299,False
2011-11-14,67525.2193660907,IEF,887.675249919306,0.0,76.21555907235299,False
2011-11-15,67434.63238234987,IEF,887.675249919306,0.0,76.21555907235299,False
2011-11-16,67680.59428082095,IEF,887.675249919306,0.0,76.21555907235299,False
2011-11-17,67816.42011189369,IEF,887.675249919306,0.0,76.21555907235299,False
2011-11-18,67564.05797184777,IEF,887.675249919306,0.0,76.21555907235299,False
2011-11-21,67751.72780884668,IEF,887.675249919306,0.0,76.21555907235299,False
2011-11-22,67958.83744042607,IEF,887.675249919306,0.0,76.21555907235299,False
2011-11-23,68191.84858326659,IEF,887.675249919306,0.0,76.21555907235299,False
2011-11-25,67758.21001722928,IEF,887.675249919306,0.0,76.21555907235299,False
2011-11-28,67764.68539504457,IEF,887.675249919306,0.0,76.21555907235299,False
2011-11-29,67635.27346668129,IEF,887.675249919306,0.0,76.21555907235299,False
2011-11-30,67240.54181207421,IEF,887.675249919306,0.0,76.21555907235299,False
2011-12-01,67221.02688125324,IEF,887.675249919306,0.0,75.7490330142546,False
2011-12-02,67519.26994195872,IEF,887.675249919306,0.0,75.7490330142546,False
2011-12-05,67480.34936939385,IEF,887.675249919306,0.0,75.7490330142546,False
2011-12-06,67305.33657363095,IEF,887.675249919306,0.0,75.7490330142546,False
2011-12-07,67610.07550385366,IEF,887.675249919306,0.0,75.7490330142546,False
2011-12-08,67953.72134550661,IEF,887.675249919306,0.0,75.7490330142546,False
2011-12-09,67486.96135855545,IEF,887.675249919306,0.0,75.7490330142546,False
2011-12-12,67720.31402976176,IEF,887.675249919306,0.0,75.7490330142546,False
2011-12-13,68031.58298233828,IEF,887.675249919306,0.0,75.7490330142546,False
2011-12-14,68316.88211798052,IEF,887.675249919306,0.0,75.7490330142546,False
2011-12-15,68258.48759799858,IEF,887.675249919306,0.0,75.7490330142546,False
2011-12-16,68589.22366742484,IEF,887.675249919306,0.0,75.7490330142546,False
2011-12-19,68822.63781373699,IEF,887.675249919306,0.0,75.7490330142546,False
2011-12-20,68200.15455312247,IEF,887.675249919306,0.0,75.7490330142546,False
2011-12-21,67979.71165414285,IEF,887.675249919306,0.0,75.7490330142546,False
2011-12-22,68063.97353254934,IEF,887.675249919306,0.0,75.7490330142546,False
2011-12-23,67785.12928302046,IEF,887.675249919306,0.0,75.7490330142546,False
2011-12-27,67823.48974906544,IEF,887.675249919306,0.0,75.7490330142546,False
2011-12-28,68252.20347606814,IEF,887.675249919306,0.0,75.7490330142546,False
2011-12-29,68336.66344092679,IEF,887.675249919306,0.0,75.7490330142546,False
2011-12-30,68577.01061306437,IEF,887.675249919306,0.0,75.7490330142546,False
2012-01-03,68141.76686370788,GLD,437.0303210873159,0.0,155.9199981689453,False
2012-01-04,68487.02455175681,GLD,437.0303210873159,0.0,155.9199981689453,False
2012-01-05,68954.64352767242,GLD,437.0303210873159,0.0,155.9199981689453,False
2012-01-06,68701.16514121536,GLD,437.0303210873159,0.0,155.9199981689453,False
2012-01-09,68395.24525016494,GLD,437.0303210873159,0.0,155.9199981689453,False
2012-01-10,69330.48987054965,GLD,437.0303210873159,0.0,155.9199981689453,False
2012-01-11,69780.63056778531,GLD,437.0303210873159,0.0,155.9199981689453,False
2012-01-12,70090.92502992084,GLD,437.0303210873159,0.0,155.9199981689453,False
2012-01-13,69601.44653568667,GLD,437.0303210873159,0.0,155.9199981689453,False
2012-01-17,70143.36653451419,GLD,437.0303210873159,0.0,155.9199981689453,False
2012-01-18,70624.10255513164,GLD,437.0303210873159,0.0,155.9199981689453,False
2012-01-19,70458.02889918134,GLD,437.0303210873159,0.0,155.9199981689453,False
2012-01-20,70829.50733952696,GLD,437.0303210873159,0.0,155.9199981689453,False
2012-01-23,71305.8687890593,GLD,437.0303210873159,0.0,155.9199981689453,False
2012-01-24,70803.2799186768,GLD,437.0303210873159,0.0,155.9199981689453,False
2012-01-25,72730.58523512469,GLD,437.0303210873159,0.0,155.9199981689453,False
2012-01-26,73102.0636754703,GLD,437.0303210873159,0.0,155.9199981689453,False
2012-01-27,73845.01388760805,GLD,437.0303210873159,0.0,155.9199981689453,False
2012-01-30,73434.20431881741,GLD,437.0303210873159,0.0,155.9199981689453,False
2012-01-31,73993.6025963249,GLD,437.0303210873159,0.0,155.9199981689453,False
2012-02-01,74102.86017659672,TQQQ,169377.26230540426,0.0,0.43750181794166565,False
2012-02-02,74866.0071327758,TQQQ,169377.26230540426,0.0,0.43750181794166565,False
2012-02-03,77842.94809054743,TQQQ,169377.26230540426,0.0,0.43750181794166565,False
2012-02-06,77767.4375151687,TQQQ,169377.26230540426,0.0,0.43750181794166565,False
2012-02-07,78102.79553280768,TQQQ,169377.26230540426,0.0,0.43750181794166565,False
2012-02-08,79402.57286253697,TQQQ,169377.26230540426,0.0,0.43750181794166565,False
2012-02-09,81163.62647334681,TQQQ,169377.26230540426,0.0,0.43750181794166565,False
2012-02-10,79427.6908933602,TQQQ,169377.26230540426,0.0,0.43750181794166565,False
2012-02-13,81566.12070681152,TQQQ,169377.26230540426,0.0,0.43750181794166565,False
2012-02-14,82278.89026194242,TQQQ,169377.26230540426,0.0,0.43750181794166565,False
2012-02-15,80442.32607575385,TQQQ,169377.26230540426,0.0,0.43750181794166565,False
2012-02-16,83805.02264355574,TQQQ,169377.26230540426,0.0,0.43750181794166565,False
2012-02-17,83092.27327976795,TQQQ,169377.26230540426,0.0,0.43750181794166565,False
2012-02-21,83796.64323616696,TQQQ,169377.26230540426,0.0,0.43750181794166565,False
2012-02-22,82689.75380712435,TQQQ,169377.26230540426,0.0,0.43750181794166565,False
2012-02-23,84257.76303433844,TQQQ,169377.26230540426,0.0,0.43750181794166565,False
2012-02-24,85079.67689462603,TQQQ,169377.26230540426,0.0,0.43750181794166565,False
2012-02-27,85490.54043980797,TQQQ,169377.26230540426,0.0,0.43750181794166565,False
2012-02-28,88048.06681859249,TQQQ,169377.26230540426,0.0,0.43750181794166565,False
2012-02-29,86890.94132790343,TQQQ,169377.26230540426,0.0,0.43750181794166565,False
2012-03-01,89004.10672329403,TQQQ,169377.26230540426,0.0,0.5130023956298828,False
2012-03-02,88735.70319939284,TQQQ,169377.26230540426,0.0,0.5130023956298828,False
2012-03-05,85968.3988614139,TQQQ,169377.26230540426,0.0,0.5130023956298828,False
2012-03-06,83503.14692062142,TQQQ,169377.26230540426,0.0,0.5130023956298828,False
2012-03-07,85398.31648017367,TQQQ,169377.26230540426,0.0,0.5130023956298828,False
2012-03-08,88106.84381837255,TQQQ,169377.26230540426,0.0,0.5130023956298828,False
2012-03-09,89171.71506241265,TQQQ,169377.26230540426,0.0,0.5130023956298828,False
2012-03-12,89314.35680578134,TQQQ,169377.26230540426,0.0,0.5130023956298828,False
2012-03-13,94345.66596782039,TQQQ,169377.26230540426,0.0,0.5130023956298828,False
2012-03-14,95402.17799581481,TQQQ,169377.26230540426,0.0,0.5130023956298828,False
2012-03-15,96131.66093520127,TQQQ,169377.26230540426,0.0,0.5130023956298828,False
2012-03-16,95922.05460242326,TQQQ,169377.26230540426,0.0,0.5130023956298828,False
2012-03-19,98010.08177564752,TQQQ,169377.26230540426,0.0,0.5130023956298828,False
2012-03-20,98546.70710136196,TQQQ,169377.26230540426,0.0,0.5130023956298828,False
2012-03-21,98513.20966314996,TQQQ,169377.26230540426,0.0,0.5130023956298828,False
2012-03-22,97917.81743332701,TQQQ,169377.26230540426,0.0,0.5130023956298828,False
2012-03-23,97783.67624540573,TQQQ,169377.26230540426,0.0,0.5130023956298828,False
2012-03-26,102890.5212220024,TQQQ,169377.26230540426,0.0,0.5130023956298828,False
2012-03-27,103284.49470867659,TQQQ,169377.26230540426,0.0,0.5130023956298828,False
2012-03-28,102077.00191261091,TQQQ,169377.26230540426,0.0,0.5130023956298828,False
2012-03-29,101028.87938767682,TQQQ,169377.26230540426,0.0,0.5130023956298828,False
2012-03-30,100324.47409642737,TQQQ,169377.26230540426,0.0,0.5130023956298828,False
2012-04-02,103385.14855405744,TQQQ,169377.26230540426,0.0,0.5923137068748474,False
2012-04-03,103393.6793965195,TQQQ,169377.26230540426,0.0,0.5923137068748474,False
2012-04-04,99175.75830014175,TQQQ,169377.26230540426,0.0,0.5923137068748474,False
2012-04-05,100987.0126377476,TQQQ,169377.26230540426,0.0,0.5923137068748474,False
2012-04-09,98664.24090957898,TQQQ,169377.26230540426,0.0,0.5923137068748474,False
2012-04-10,93901.12326233851,TQQQ,169377.26230540426,0.0,0.5923137068748474,False
2012-04-11,95259.70787886252,TQQQ,169377.26230540426,0.0,0.5923137068748474,False
2012-04-12,98454.4326633699,TQQQ,169377.26230540426,0.0,0.5923137068748474,False
2012-04-13,94001.76701204779,TQQQ,169377.26230540426,0.0,0.5923137068748474,False
2012-04-16,90292.02668678462,CASH,0.0,90292.02668678462,,False
2012-04-17,90292.02668678462,CASH,0.0,90292.02668678462,,False
2012-04-18,90292.02668678462,CASH,0.0,90292.02668678462,,False
2012-04-19,90292.02668678462,CASH,0.0,90292.02668678462,,False
2012-04-20,90292.02668678462,CASH,0.0,90292.02668678462,,False
2012-04-23,90292.02668678462,CASH,0.0,90292.02668678462,,False
2012-04-24,90292.02668678462,CASH,0.0,90292.02668678462,,False
2012-04-25,90292.02668678462,CASH,0.0,90292.02668678462,,False
2012-04-26,90292.02668678462,CASH,0.0,90292.02668678462,,False
2012-04-27,90292.02668678462,CASH,0.0,90292.02668678462,,False
2012-04-30,90292.02668678462,CASH,0.0,90292.02668678462,,False
2012-05-01,90292.02668678464,TECL,65857.2145627375,0.0,1.3710271120071411,False
2012-05-02,90890.38263155086,TECL,65857.2145627375,0.0,1.3710271120071411,False
2012-05-03,88287.5389822928,TECL,65857.2145627375,0.0,1.3710271120071411,False
2012-05-04,82154.37484685537,TECL,65857.2145627375,0.0,1.3710271120071411,False
2012-05-07,80299.46418608744,CASH,0.0,80299.46418608744,,False
2012-05-08,80299.46418608744,CASH,0.0,80299.46418608744,,False
2012-05-09,80299.46418608744,CASH,0.0,80299.46418608744,,False
2012-05-10,80299.46418608744,CASH,0.0,80299.46418608744,,False
2012-05-11,80299.46418608744,CASH,0.0,80299.46418608744,,False
2012-05-14,80299.46418608744,CASH,0.0,80299.46418608744,,False
2012-05-15,80299.46418608744,CASH,0.0,80299.46418608744,,False
2012-05-16,80299.46418608744,CASH,0.0,80299.46418608744,,False
2012-05-17,80299.46418608744,CASH,0.0,80299.46418608744,,False
2012-05-18,80299.46418608744,CASH,0.0,80299.46418608744,,False
2012-05-21,80299.46418608744,CASH,0.0,80299.46418608744,,False
2012-05-22,80299.46418608744,CASH,0.0,80299.46418608744,,False
2012-05-23,80299.46418608744,CASH,0.0,80299.46418608744,,False
2012-05-24,80299.46418608744,CASH,0.0,80299.46418608744,,False
2012-05-25,80299.46418608744,CASH,0.0,80299.46418608744,,False
2012-05-29,80299.46418608744,CASH,0.0,80299.46418608744,,False
2012-05-30,80299.46418608744,CASH,0.0,80299.46418608744,,False
2012-05-31,80299.46418608744,CASH,0.0,80299.46418608744,,False
2012-06-01,80299.46418608744,TECL,83122.83460741027,0.0,0.9660337567329407,False
2012-06-04,80809.21359632439,TECL,83122.83460741027,0.0,0.9660337567329407,False
2012-06-05,82678.41532686428,TECL,83122.83460741027,0.0,0.9660337567329407,False
2012-06-06,89003.42818184826,TECL,83122.83460741027,0.0,0.9660337567329407,False
2012-06-07,87625.1239622981,TECL,83122.83460741027,0.0,0.9660337567329407,False
2012-06-08,90249.55606286548,TECL,83122.83460741027,0.0,0.9660337567329407,False
2012-06-11,85340.57104395427,TECL,83122.83460741027,0.0,0.9660337567329407,False
2012-06-12,88267.07943811017,TECL,83122.83460741027,0.0,0.9660337567329407,False
2012-06-13,86511.18232882788,TECL,83122.83460741027,0.0,0.9660337567329407,False
2012-06-14,86794.381950634,TECL,83122.83460741027,0.0,0.9660337567329407,False
2012-06-15,90306.16626018453,TECL,83122.83460741027,0.0,0.9660337567329407,False
2012-06-18,92062.07327848088,TECL,83122.83460741027,0.0,0.9660337567329407,False
2012-06-19,94554.33894952938,TECL,83122.83460741027,0.0,0.9660337567329407,False
2012-06-20,95252.91453167457,TECL,83122.83460741027,0.0,0.9660337567329407,False
2012-06-21,87662.90703290504,TECL,83122.83460741027,0.0,0.9660337567329407,False
2012-06-22,90495.00234110683,TECL,83122.83460741027,0.0,0.9660337567329407,False
2012-06-25,84358.76611296079,TECL,83122.83460741027,0.0,0.9660337567329407,False
2012-06-26,85095.15449275511,TECL,83122.83460741027,0.0,0.9660337567329407,False
2012-06-27,86926.54838015289,TECL,83122.83460741027,0.0,0.9660337567329407,False
2012-06-28,84188.84633987711,TECL,83122.83460741027,0.0,0.9660337567329407,False
2012-06-29,91306.8478629604,TECL,83122.83460741027,0.0,0.9660337567329407,False
2012-07-02,92534.08916318118,TECL,83122.83460741027,0.0,1.098456859588623,False
2012-07-03,94573.22553032583,TECL,83122.83460741027,0.0,1.098456859588623,False
2012-07-05,94875.29191490027,TECL,83122.83460741027,0.0,1.098456859588623,False
2012-07-06,90495.00234110683,TECL,83122.83460741027,0.0,1.098456859588623,False
2012-07-09,89966.32671401718,TECL,83122.83460741027,0.0,1.098456859588623,False
2012-07-10,87134.2314058154,TECL,83122.83460741027,0.0,1.098456859588623,False
2012-07-11,85812.59683766864,TECL,83122.83460741027,0.0,1.098456859588623,False
2012-07-12,82176.16307666436,CASH,0.0,82176.16307666436,,False
2012-07-13,82176.16307666436,CASH,0.0,82176.16307666436,,False
2012-07-16,82176.16307666436,CASH,0.0,82176.16307666436,,False
2012-07-17,82176.16307666436,CASH,0.0,82176.16307666436,,False
2012-07-18,82176.16307666436,CASH,0.0,82176.16307666436,,False
2012-07-19,82176.16307666436,CASH,0.0,82176.16307666436,,False
2012-07-20,82176.16307666436,CASH,0.0,82176.16307666436,,False
2012-07-23,82176.16307666436,CASH,0.0,82176.16307666436,,False
2012-07-24,82176.16307666436,CASH,0.0,82176.16307666436,,False
2012-07-25,82176.16307666436,CASH,0.0,82176.16307666436,,False
2012-07-26,82176.16307666436,CASH,0.0,82176.16307666436,,False
2012-07-27,82176.16307666436,CASH,0.0,82176.16307666436,,False
2012-07-30,82176.16307666436,CASH,0.0,82176.16307666436,,False
2012-07-31,82176.16307666436,CASH,0.0,82176.16307666436,,False
2012-08-01,82176.16307666436,TQQQ,163887.85459200767,0.0,0.5014170408248901,False
2012-08-02,81316.0730666657,TQQQ,163887.85459200767,0.0,0.5014170408248901,False
2012-08-03,85941.00262899188,TQQQ,163887.85459200767,0.0,0.5014170408248901,False
2012-08-06,87872.12314901376,TQQQ,163887.85459200767,0.0,0.5014170408248901,False
2012-08-07,90046.54713454047,TQQQ,163887.85459200767,0.0,0.5014170408248901,False
2012-08-08,89900.4204817727,TQQQ,163887.85459200767,0.0,0.5014170408248901,False
2012-08-09,90663.12365677115,TQQQ,163887.85459200767,0.0,0.5014170408248901,False
2012-08-10,91036.40648197435,TQQQ,163887.85459200767,0.0,0.5014170408248901,False
2012-08-13,91588.16915694826,TQQQ,163887.85459200767,0.0,0.5014170408248901,False
2012-08-14,91717.94337862215,TQQQ,163887.85459200767,0.0,0.5014170408248901,False
2012-08-15,92367.11730978967,TQQQ,163887.85459200767,0.0,0.5014170408248901,False
2012-08-16,95677.50775856331,TQQQ,163887.85459200767,0.0,0.5014170408248901,False
2012-08-17,96991.87592376211,TQQQ,163887.85459200767,0.0,0.5014170408248901,False
2012-08-20,97365.12944353324,TQQQ,163887.85459200767,0.0,0.5014170408248901,False
2012-08-21,96245.49587442547,TQQQ,163887.85459200767,0.0,0.5014170408248901,False
2012-08-22,97283.97293365996,TQQQ,163887.85459200767,0.0,0.5014170408248901,False
2012-08-23,95125.73531511206,TQQQ,163887.85459200767,0.0,0.5014170408248901,False
2012-08-24,96813.32769464992,TQQQ,163887.85459200767,0.0,0.5014170408248901,False
2012-08-27,97283.97293365996,TQQQ,163887.85459200767,0.0,0.5014170408248901,False
2012-08-28,97267.78656668113,TQQQ,163887.85459200767,0.0,0.5014170408248901,False
2012-08-29,97300.15930063877,TQQQ,163887.85459200767,0.0,0.5014170408248901,False
2012-08-30,94330.6301007239,TQQQ,163887.85459200767,0.0,0.5014170408248901,False
2012-08-31,96342.89736214172,TQQQ,163887.85459200767,0.0,0.5014170408248901,False
2012-09-04,95937.05620191111,TECL,74190.52960739001,0.0,1.2931172847747803,False
2012-09-05,95717.97651563841,TECL,74190.52960739001,0.0,1.2931172847747803,False
2012-09-06,101986.87836963638,TECL,74190.52960739001,0.0,1.2931172847747803,False
2012-09-07,101582.40655613231,TECL,74190.52960739001,0.0,1.2931172847747803,False
2012-09-10,98464.82594125497,TECL,74190.52960739001,0.0,1.2931172847747803,False
2012-09-11,99206.3060081772,TECL,74190.52960739001,0.0,1.2931172847747803,False
2012-09-12,100503.89170319094,TECL,74190.52960739001,0.0,1.2931172847747803,False
2012-09-13,104716.81768422983,TECL,74190.52960739001,0.0,1.2931172847747803,False
2012-09-14,106267.20600135889,TECL,74190.52960739001,0.0,1.2931172847747803,False
2012-09-17,106486.25915503061,TECL,74190.52960739001,0.0,1.2931172847747803,False
2012-09-18,106604.2319431777,TECL,74190.52960739001,0.0,1.2931172847747803,False
2012-09-19,106991.81133405933,TECL,74190.52960739001,0.0,1.2931172847747803,False
2012-09-20,106469.42864181045,TECL,74190.52960739001,0.0,1.2931172847747803,False
2012-09-21,106806.44573942892,TECL,74190.52960739001,0.0,1.2931172847747803,False
2012-09-24,104649.42487774651,TECL,74190.52960739001,0.0,1.2931172847747803,False
2012-09-25,100402.81133766631,TECL,74190.52960739001,0.0,1.2931172847747803,False
2012-09-26,98195.21049432011,TECL,74190.52960739001,0.0,1.2931172847747803,False
2012-09-27,102205.91383490745,TECL,74190.52960739001,0.0,1.2931172847747803,False
2012-09-28,99762.42048046904,TECL,74190.52960739001,0.0,1.2931172847747803,False
2012-10-01,99189.47549495702,TQQQ,165907.98185651447,0.0,0.5978583693504333,False
2012-10-02,99830.21599543166,TQQQ,165907.98185651447,0.0,0.5978583693504333,False
2012-10-03,101719.3591721019,TQQQ,165907.98185651447,0.0,0.5978583693504333,False
2012-10-04,102902.13919865173,TQQQ,165907.98185651447,0.0,0.5978583693504333,False
2012-10-05,101127.97410327016,TQQQ,165907.98185651447,0.0,0.5978583693504333,False
2012-10-08,98450.29113112738,TQQQ,165907.98185651447,0.0,0.5978583693504333,False
2012-10-09,93390.6819990188,TQQQ,165907.98185651447,0.0,0.5978583693504333,False
2012-10-10,92257.109070817,TQQQ,165907.98185651447,0.0,0.5978583693504333,False
2012-10-11,91435.77772829421,TQQQ,165907.98185651447,0.0,0.5978583693504333,False
2012-10-12,91419.37206588277,TQQQ,165907.98185651447,0.0,0.5978583693504333,False
2012-10-15,93242.73437072603,TQQQ,165907.98185651447,0.0,0.5978583693504333,False
2012-10-16,97300.33231828678,TQQQ,165907.98185651447,0.0,0.5978583693504333,False
2012-10-17,97004.64472831406,TQQQ,165907.98185651447,0.0,0.5978583693504333,False
2012-10-18,93686.39925565048,TQQQ,165907.98185651447,0.0,0.5978583693504333,False
2012-10-19,89270.52794546132,CASH,0.0,89270.52794546132,,False
2012-10-22,89270.52794546132,CASH,0.0,89270.52794546132,,False
2012-10-23,89270.52794546132,CASH,0.0,89270.52794546132,,False
2012-10-24,89270.52794546132,CASH,0.0,89270.52794546132,,False
2012-10-25,89270.52794546132,CASH,0.0,89270.52794546132,,False
2012-10-26,89270.52794546132,CASH,0.0,89270.52794546132,,False
2012-10-31,89270.52794546132,CASH,0.0,89270.52794546132,,False
2012-11-01,89270.52794546132,GLD,537.5475643303749,0.0,166.07000732421875,False
2012-11-02,87405.23724104892,GLD,537.5475643303749,0.0,166.07000732421875,False
2012-11-05,87743.88662899613,GLD,537.5475643303749,0.0,166.07000732421875,False
2012-11-06,89394.16158860634,GLD,537.5475643303749,0.0,166.07000732421875,False
2012-11-07,89496.29693820109,GLD,537.5475643303749,0.0,166.07000732421875,False
2012-11-08,90302.61828469665,GLD,537.5475643303749,0.0,166.07000732421875,False
2012-11-09,90211.23618303947,GLD,537.5475643303749,0.0,166.07000732421875,False
2012-11-12,90012.33800665631,GLD,537.5475643303749,0.0,166.07000732421875,False
2012-11-13,89824.2012805356,GLD,537.5475643303749,0.0,166.07000732421875,False
2012-11-14,89845.69957408587,GLD,537.5475643303749,0.0,166.07000732421875,False
2012-11-15,89281.272991074,GLD,537.5475643303749,0.0,166.07000732421875,False
2012-11-16,89168.39259586656,GLD,537.5475643303749,0.0,166.07000732421875,False
2012-11-19,90238.10699939607,GLD,537.5475643303749,0.0,166.07000732421875,False
2012-11-20,89980.08646516847,GLD,537.5475643303749,0.0,166.07000732421875,False
2012-11-21,90071.46856682564,GLD,537.5475643303749,0.0,166.07000732421875,False
2012-11-23,91173.44271416789,GLD,537.5475643303749,0.0,166.07000732421875,False
2012-11-26,91076.67988737948,GLD,537.5475643303749,0.0,166.07000732421875,False
2012-11-27,90689.65318720051,GLD,537.5475643303749,0.0,166.07000732421875,False
2012-11-28,89528.54847968892,GLD,537.5475643303749,0.0,166.07000732421875,False
2012-11-29,89867.19786763613,GLD,537.5475643303749,0.0,166.07000732421875,False
2012-11-30,89259.77469752374,GLD,537.5475643303749,0.0,166.07000732421875,False
2012-12-03,89302.77948694915,TECL,80384.1663634212,0.0,1.1109498739242554,False
2012-12-04,88681.98425683613,TECL,80384.1663634212,0.0,1.1109498739242554,False
2012-12-05,86052.73668886906,TECL,80384.1663634212,0.0,1.1109498739242554,False
2012-12-06,87696.01761666591,TECL,80384.1663634212,0.0,1.1109498739242554,False
2012-12-07,86363.1534690043,TECL,80384.1663634212,0.0,1.1109498739242554,False
2012-12-10,87093.49628911873,TECL,80384.1663634212,0.0,1.1109498739242554,False
2012-12-11,90599.10541201844,TECL,80384.1663634212,0.0,1.1109498739242554,False
2012-12-12,89996.59366701063,TECL,80384.1663634212,0.0,1.1109498739242554,False
2012-12-13,88152.4914617768,TECL,80384.1663634212,0.0,1.1109498739242554,False
2012-12-14,85559.72462116586,TECL,80384.1663634212,0.0,1.1109498739242554,False
2012-12-17,88681.98425683613,TECL,80384.1663634212,0.0,1.1109498739242554,False
2012-12-18,92479.75542238397,TECL,80384.1663634212,0.0,1.1109498739242554,False
2012-12-19,91201.64590464433,TECL,80384.1663634212,0.0,1.1109498739242554,False
2012-12-20,91676.3840697817,TECL,80384.1663634212,0.0,1.1109498739242554,False
2012-12-21,89357.52453433178,TECL,80384.1663634212,0.0,1.1109498739242554,False
2012-12-24,88353.36065191061,TECL,80384.1663634212,0.0,1.1109498739242554,False
2012-12-26,87002.18427152571,TECL,80384.1663634212,0.0,1.1109498739242554,False
2012-12-27,86655.24843387687,TECL,80384.1663634212,0.0,1.1109498739242554,False
2012-12-28,83843.46307357801,TECL,80384.1663634212,0.0,1.1109498739242554,False
2012-12-31,88974.12713440553,TECL,80384.1663634212,0.0,1.1109498739242554,False
2013-01-02,96953.12436066361,TQQQ,172997.68946308672,0.0,0.5604301691055298,False
2013-01-03,95548.64084617533,TQQQ,172997.68946308672,0.0,0.5604301691055298,False
2013-01-04,94606.55439378561,TQQQ,172997.68946308672,0.0,0.5604301691055298,False
2013-01-07,94709.3287736874,TQQQ,172997.68946308672,0.0,0.5604301691055298,False
2013-01-08,94161.05782417816,TQQQ,172997.68946308672,0.0,0.5604301691055298,False
2013-01-09,95120.44691622627,TQQQ,172997.68946308672,0.0,0.5604301691055298,False
2013-01-10,96799.05043827045,TQQQ,172997.68946308672,0.0,0.5604301691055298,False
2013-01-11,97158.71436633053,TQQQ,172997.68946308672,0.0,0.5604301691055298,False
2013-01-14,95908.25321690628,TQQQ,172997.68946308672,0.0,0.5604301691055298,False
2013-01-15,94486.5083086229,TQQQ,172997.68946308672,0.0,0.5604301691055298,False
2013-01-16,95548.64084617533,TQQQ,172997.68946308672,0.0,0.5604301691055298,False
2013-01-17,97021.70591988173,TQQQ,172997.68946308672,0.0,0.5604301691055298,False
2013-01-18,96473.64119968902,TQQQ,172997.68946308672,0.0,0.5604301691055298,False
2013-01-22,96867.62168602273,TQQQ,172997.68946308672,0.0,0.5604301691055298,False
2013-01-23,98443.51269696007,TQQQ,172997.68946308672,0.0,0.5604301691055298,False
2013-01-24,94520.855801294,TQQQ,172997.68946308672,0.0,0.5604301691055298,False
2013-01-25,95925.37025017977,TQQQ,172997.68946308672,0.0,0.5604301691055298,False
2013-01-28,96610.60840027452,TQQQ,172997.68946308672,0.0,0.5604301691055298,False
2013-01-29,96610.60840027452,TQQQ,172997.68946308672,0.0,0.5604301691055298,False
2013-01-30,96079.61946749201,TQQQ,172997.68946308672,0.0,0.5604301691055298,False
2013-01-31,95462.95256514955,TQQQ,172997.68946308672,0.0,0.5604301691055298,False
2013-02-01,98597.58661935324,TECL,82681.86101609244,0.0,1.1924935579299927,False
2013-02-04,94522.25178519926,TECL,82681.86101609244,0.0,1.1924935579299927,False
2013-02-05,98128.07481840825,TECL,82681.86101609244,0.0,1.1924935579299927,False
2013-02-06,97771.2517635576,TECL,82681.86101609244,0.0,1.1924935579299927,False
2013-02-07,97808.8343918142,TECL,82681.86101609244,0.0,1.1924935579299927,False
2013-02-08,100269.0821426335,TECL,82681.86101609244,0.0,1.1924935579299927,False
2013-02-11,100588.31271278164,TECL,82681.86101609244,0.0,1.1924935579299927,False
2013-02-12,99780.75438644543,TECL,82681.86101609244,0.0,1.1924935579299927,False
2013-02-13,99686.85202625644,TECL,82681.86101609244,0.0,1.1924935579299927,False
2013-02-14,98991.97258956867,TECL,82681.86101609244,0.0,1.1924935579299927,False
2013-02-15,98729.07160779883,TECL,82681.86101609244,0.0,1.1924935579299927,False
2013-02-19,100625.88548459233,TECL,82681.86101609244,0.0,1.1924935579299927,False
2013-02-20,96475.40510681696,TECL,82681.86101609244,0.0,1.1924935579299927,False
2013-02-21,94202.97193282157,TECL,82681.86101609244,0.0,1.1924935579299927,False
2013-02-22,97621.00995854438,TECL,82681.86101609244,0.0,1.1924935579299927,False
2013-02-25,93432.94695251242,TECL,82681.86101609244,0.0,1.1924935579299927,False
2013-02-26,95160.76220772509,TECL,82681.86101609244,0.0,1.1924935579299927,False
2013-02-27,97602.22357263904,TECL,82681.86101609244,0.0,1.1924935579299927,False
2013-02-28,96907.34413595127,TECL,82681.86101609244,0.0,1.1924935579299927,False
2013-03-01,97320.52634851796,SHY,1426.891150887024,0.0,68.20459029970075,False
2013-03-04,97308.9532484404,SHY,1426.891150887024,0.0,68.20459029970075,False
2013-03-05,97297.5009302422,SHY,1426.891150887024,0.0,68.20459029970075,False
2013-03-06,97285.91684999377,SHY,1426.891150887024,0.0,68.20459029970075,False
2013-03-07,97262.89143171799,SHY,1426.891150887024,0.0,68.20459029970075,False
2013-03-08,97274.46453179553,SHY,1426.891150887024,0.0,68.20459029970075,False
2013-03-11,97262.89143171799,SHY,1426.891150887024,0.0,68.20459029970075,False
2013-03-12,97285.91684999377,SHY,1426.891150887024,0.0,68.20459029970075,False
2013-03-13,97262.89143171799,SHY,1426.891150887024,0.0,68.20459029970075,False
2013-03-14,97262.89143171799,SHY,1426.891150887024,0.0,68.20459029970075,False
2013-03-15,97297.5009302422,SHY,1426.891150887024,0.0,68.20459029970075,False
2013-03-18,97320.52634851796,SHY,1426.891150887024,0.0,68.20459029970075,False
2013-03-19,97308.9532484404,SHY,1426.891150887024,0.0,68.20459029970075,False
2013-03-20,97297.5009302422,SHY,1426.891150887024,0.0,68.20459029970075,False
2013-03-21,97308.9532484404,SHY,1426.891150887024,0.0,68.20459029970075,False
2013-03-22,97285.91684999377,SHY,1426.891150887024,0.0,68.20459029970075,False
2013-03-25,97285.91684999377,SHY,1426.891150887024,0.0,68.20459029970075,False
2013-03-26,97297.5009302422,SHY,1426.891150887024,0.0,68.20459029970075,False
2013-03-27,97320.52634851796,SHY,1426.891150887024,0.0,68.20459029970075,False
2013-03-28,97332.07748825381,SHY,1426.891150887024,0.0,68.20459029970075,False
2013-04-01,97341.22397057319,SHY,1426.891150887024,0.0,68.21268561918512,False
2013-04-02,97341.22397057319,SHY,1426.891150887024,0.0,68.21268561918512,False
2013-04-03,97329.73871186243,SHY,1426.891150887024,0.0,68.21268561918512,False
2013-04-04,97364.32625004492,SHY,1426.891150887024,0.0,68.21268561918512,False
2013-04-05,97364.32625004492,SHY,1426.891150887024,0.0,68.21268561918512,False
2013-04-08,97341.22397057319,SHY,1426.891150887024,0.0,68.21268561918512,False
2013-04-09,97341.22397057319,SHY,1426.891150887024,0.0,68.21268561918512,False
2013-04-10,97341.22397057319,SHY,1426.891150887024,0.0,68.21268561918512,False
2013-04-11,97341.22397057319,SHY,1426.891150887024,0.0,68.21268561918512,False
2013-04-12,97352.78609047989,SHY,1426.891150887024,0.0,68.21268561918512,False
2013-04-15,97364.32625004492,SHY,1426.891150887024,0.0,68.21268561918512,False
2013-04-16,97364.32625004492,SHY,1426.891150887024,0.0,68.21268561918512,False
2013-04-17,97364.32625004492,SHY,1426.891150887024,0.0,68.21268561918512,False
2013-04-18,97364.32625004492,SHY,1426.891150887024,0.0,68.21268561918512,False
2013-04-19,97364.32625004492,SHY,1426.891150887024,0.0,68.21268561918512,False
2013-04-22,97375.87738978081,SHY,1426.891150887024,0.0,68.21268561918512,False
2013-04-23,97364.32625004492,SHY,1426.891150887024,0.0,68.21268561918512,False
2013-04-24,97375.87738978081,SHY,1426.891150887024,0.0,68.21268561918512,False
2013-04-25,97364.32625004492,SHY,1426.891150887024,0.0,68.21268561918512,False
2013-04-26,97387.35166832068,SHY,1426.891150887024,0.0,68.21268561918512,False
2013-04-29,97410.34414608394,SHY,1426.891150887024,0.0,68.21268561918512,False
2013-04-30,97398.79300634807,SHY,1426.891150887024,0.0,68.21268561918512,False
2013-05-01,97418.41457165981,TECL,75748.55632505855,0.0,1.2860761880874634,False
2013-05-02,100842.33888002588,TECL,75748.55632505855,0.0,1.2860761880874634,False
2013-05-03,103664.06608098607,TECL,75748.55632505855,0.0,1.2860761880874634,False
2013-05-06,105126.55380033194,TECL,75748.55632505855,0.0,1.2860761880874634,False
2013-05-07,104868.45126586626,TECL,75748.55632505855,0.0,1.2860761880874634,False
2013-05-08,107242.83565615471,TECL,75748.55632505855,0.0,1.2860761880874634,False
2013-05-09,106382.5540741463,TECL,75748.55632505855,0.0,1.2860761880874634,False
2013-05-10,107672.96741722732,TECL,75748.55632505855,0.0,1.2860761880874634,False
2013-05-13,106761.06171635316,TECL,75748.55632505855,0.0,1.2860761880874634,False
2013-05-14,107741.79355576063,TECL,75748.55632505855,0.0,1.2860761880874634,False
2013-05-15,108567.67109843396,TECL,75748.55632505855,0.0,1.2860761880874634,False
2013-05-16,110305.44531204988,TECL,75748.55632505855,0.0,1.2860761880874634,False
2013-05-17,113729.36059048437,TECL,75748.55632505855,0.0,1.2860761880874634,False
2013-05-20,113608.91936301687,TECL,75748.55632505855,0.0,1.2860761880874634,False
2013-05-21,112748.64681094006,TECL,75748.55632505855,0.0,1.2860761880874634,False
2013-05-22,109101.04206730654,TECL,75748.55632505855,0.0,1.2860761880874634,False
2013-05-23,109066.62899803989,TECL,75748.55632505855,0.0,1.2860761880874634,False
2013-05-24,108378.39470250158,TECL,75748.55632505855,0.0,1.2860761880874634,False
2013-05-28,110081.74681691926,TECL,75748.55632505855,0.0,1.2860761880874634,False
2013-05-29,109066.62899803989,TECL,75748.55632505855,0.0,1.2860761880874634,False
2013-05-30,110787.20119198826,TECL,75748.55632505855,0.0,1.2860761880874634,False
2013-05-31,107845.01470369742,TECL,75748.55632505855,0.0,1.2860761880874634,False
2013-06-03,109462.34768984585,TECL,75748.55632505855,0.0,1.4237236976623535,False
2013-06-04,108103.09917829995,TECL,75748.55632505855,0.0,1.4237236976623535,False
2013-06-05,104954.48845399868,TECL,75748.55632505855,0.0,1.4237236976623535,False
2013-06-06,106072.8545106096,TECL,75748.55632505855,0.0,1.4237236976623535,False
2013-06-07,108670.89224637076,TECL,75748.55632505855,0.0,1.4237236976623535,False
2013-06-10,109169.86820583984,TECL,75748.55632505855,0.0,1.4237236976623535,False
2013-06-11,105986.78120275083,TECL,75748.55632505855,0.0,1.4237236976623535,False
2013-06-12,103560.79978339137,TECL,75748.55632505855,0.0,1.4237236976623535,False
2013-06-13,107139.59644835476,TECL,75748.55632505855,0.0,1.4237236976623535,False
2013-06-14,105023.29653266881,TECL,75748.55632505855,0.0,1.4237236976623535,False
2013-06-17,107827.83074389305,TECL,75748.55632505855,0.0,1.4237236976623535,False
2013-06-18,110253.81216325253,TECL,75748.55632505855,0.0,1.4237236976623535,False
2013-06-19,106451.37118274803,TECL,75748.55632505855,0.0,1.4237236976623535,False
2013-06-20,99328.22704181426,TECL,75748.55632505855,0.0,1.4237236976623535,False
2013-06-21,97060.51323332769,CASH,0.0,97060.51323332769,,False
2013-06-24,97060.51323332769,CASH,0.0,97060.51323332769,,False
2013-06-25,97060.51323332769,CASH,0.0,97060.51323332769,,False
2013-06-26,97060.51323332769,CASH,0.0,97060.51323332769,,False
2013-06-27,97060.51323332769,CASH,0.0,97060.51323332769,,False
2013-06-28,97060.51323332769,CASH,0.0,97060.51323332769,,False
2013-07-01,97060.51323332769,TECL,73750.91002129625,0.0,1.3160585165023804,False
2013-07-02,97914.8733587668,TECL,73750.91002129625,0.0,1.3160585165023804,False
2013-07-03,99338.77466458881,TECL,73750.91002129625,0.0,1.3160585165023804,False
2013-07-05,101332.25231796812,TECL,73750.91002129625,0.0,1.3160585165023804,False
2013-07-08,100980.47507295058,TECL,73750.91002129625,0.0,1.3160585165023804,False
2013-07-09,102186.6212352008,TECL,73750.91002129625,0.0,1.3160585165023804,False
2013-07-10,103057.72093563025,TECL,73750.91002129625,0.0,1.3160585165023804,False
2013-07-11,108435.07202284943,TECL,73750.91002129625,0.0,1.3160585165023804,False
2013-07-12,108468.58634000446,TECL,73750.91002129625,0.0,1.3160585165023804,False
2013-07-15,109172.1672054203,TECL,73750.91002129625,0.0,1.3160585165023804,False
2013-07-16,109607.68628435746,TECL,73750.91002129625,0.0,1.3160585165023804,False
2013-07-17,109925.99317118792,TECL,73750.91002129625,0.0,1.3160585165023804,False
2013-07-18,109004.63957861312,TECL,73750.91002129625,0.0,1.3160585165023804,False
2013-07-19,103577.02580745498,TECL,73750.91002129625,0.0,1.3160585165023804,False
2013-07-22,104598.88718432051,TECL,73750.91002129625,0.0,1.3160585165023804,False
2013-07-23,103258.74529600529,TECL,73750.91002129625,0.0,1.3160585165023804,False
2013-07-24,105201.96026544564,TECL,73750.91002129625,0.0,1.3160585165023804,False
2013-07-25,105252.19657400383,TECL,73750.91002129625,0.0,1.3160585165023804,False
2013-07-26,105788.27618799324,TECL,73750.91002129625,0.0,1.3160585165023804,False
2013-07-29,105637.51451155715,TECL,73750.91002129625,0.0,1.3160585165023804,False
2013-07-30,107128.41807630847,TECL,73750.91002129625,0.0,1.3160585165023804,False
2013-07-31,106257.34475125978,TECL,73750.91002129625,0.0,1.3160585165023804,False
2013-08-01,109590.94670936713,TECL,73750.91002129625,0.0,1.4407597780227661,False
2013-08-02,110864.10392234025,TECL,73750.91002129625,0.0,1.4407597780227661,False
2013-08-05,111751.94319776002,TECL,73750.91002129625,0.0,1.4407597780227661,False
2013-08-06,110093.52079799511,TECL,73750.91002129625,0.0,1.4407597780227661,False
2013-08-07,109105.15615469743,TECL,73750.91002129625,0.0,1.4407597780227661,False
2013-08-08,110294.52757478297,TECL,73750.91002129625,0.0,1.4407597780227661,False
2013-08-09,108502.0830735723,TECL,73750.91002129625,0.0,1.4407597780227661,False
2013-08-12,110612.81687802625,TECL,73750.91002129625,0.0,1.4407597780227661,False
2013-08-13,112790.57931679024,TECL,73750.91002129625,0.0,1.4407597780227661,False
2013-08-14,112723.54189068661,TECL,73750.91002129625,0.0,1.4407597780227661,False
2013-08-15,107094.9389263278,TECL,73750.91002129625,0.0,1.4407597780227661,False
2013-08-16,106826.89472343629,TECL,73750.91002129625,0.0,1.4407597780227661,False
2013-08-19,105939.0554480165,TECL,73750.91002129625,0.0,1.4407597780227661,False
2013-08-20,106391.33168553119,TECL,73750.91002129625,0.0,1.4407597780227661,False
2013-08-21,105369.47030866565,TECL,73750.91002129625,0.0,1.4407597780227661,False
2013-08-22,106960.90803308845,TECL,73750.91002129625,0.0,1.4407597780227661,False
2013-08-23,109322.9288818564,TECL,73750.91002129625,0.0,1.4407597780227661,False
2013-08-26,107848.75610030182,TECL,73750.91002129625,0.0,1.4407597780227661,False
2013-08-27,102052.60792554864,TECL,73750.91002129625,0.0,1.4407597780227661,False
2013-08-28,102320.62575305939,TECL,73750.91002129625,0.0,1.4407597780227661,False
2013-08-29,103895.31511069826,TECL,73750.91002129625,0.0,1.4407597780227661,False
2013-08-30,102488.1357962794,TECL,73750.91002129625,0.0,1.4407597780227661,False
2013-09-03,102655.67221488018,TECL,73750.91002129625,0.0,1.3896524906158447,False
2013-09-04,105553.74630225677,TECL,73750.91002129625,0.0,1.3896524906158447,False
2013-09-05,105604.00019440212,TECL,73750.91002129625,0.0,1.3896524906158447,False
2013-09-06,106039.54564872006,TECL,73750.91002129625,0.0,1.3896524906158447,False
2013-09-09,109641.2006015125,TECL,73750.91002129625,0.0,1.3896524906158447,False
2013-09-10,111835.720198854,TECL,73750.91002129625,0.0,1.3896524906158447,False
2013-09-11,110428.54967622872,TECL,73750.91002129625,0.0,1.3896524906158447,False
2013-09-12,110780.34450483344,TECL,73750.91002129625,0.0,1.3896524906158447,False
2013-09-13,110880.834705537,TECL,73750.91002129625,0.0,1.3896524906158447,False
2013-09-16,110127.02632335655,TECL,73750.91002129625,0.0,1.3896524906158447,False
2013-09-17,112086.97207599365,TECL,73750.91002129625,0.0,1.3896524906158447,False
2013-09-18,116140.95601706229,TECL,73750.91002129625,0.0,1.3896524906158447,False
2013-09-19,116677.0268392581,TECL,73750.91002129625,0.0,1.3896524906158447,False
2013-09-20,114080.4761047537,TECL,73750.91002129625,0.0,1.3896524906158447,False
2013-09-23,114784.04817837596,TECL,73750.91002129625,0.0,1.3896524906158447,False
2013-09-24,113979.95952866938,TECL,73750.91002129625,0.0,1.3896524906158447,False
2013-09-25,112874.32115070987,TECL,73750.91002129625,0.0,1.3896524906158447,False
2013-09-26,114180.98388904442,TECL,73750.91002129625,0.0,1.3896524906158447,False
2013-09-27,111852.45977384434,TECL,73750.91002129625,0.0,1.3896524906158447,False
2013-09-30,110210.76815727618,TECL,73750.91002129625,0.0,1.3896524906158447,False
2013-10-01,113008.32566856845,TECL,73750.91002129625,0.0,1.494364857673645,False
2013-10-02,113108.84224465277,TECL,73750.91002129625,0.0,1.494364857673645,False
2013-10-03,110043.24053046899,TECL,73750.91002129625,0.0,1.494364857673645,False
2013-10-04,111634.69583847896,TECL,73750.91002129625,0.0,1.494364857673645,False
2013-10-07,109741.72596939039,TECL,73750.91002129625,0.0,1.494364857673645,False
2013-10-08,104414.61998252299,TECL,73750.91002129625,0.0,1.494364857673645,False
2013-10-09,105989.30934016187,TECL,73750.91002129625,0.0,1.494364857673645,False
2013-10-10,111098.60743269595,TECL,73750.91002129625,0.0,1.494364857673645,False
2013-10-11,113711.92411757147,TECL,73750.91002129625,0.0,1.494364857673645,False
2013-10-14,115336.85857556212,TECL,73750.91002129625,0.0,1.494364857673645,False
2013-10-15,113309.89298040856,TECL,73750.91002129625,0.0,1.494364857673645,False
2013-10-16,116341.97158564373,TECL,73750.91002129625,0.0,1.494364857673645,False
2013-10-17,116408.9826363666,TECL,73750.91002129625,0.0,1.494364857673645,False
2013-10-18,122288.8902286266,TECL,73750.91002129625,0.0,1.494364857673645,False
2013-10-21,124433.13835023556,TECL,73750.91002129625,0.0,1.494364857673645,False
2013-10-22,124181.88647309592,TECL,73750.91002129625,0.0,1.494364857673645,False
2013-10-23,122406.16396328842,TECL,73750.91002129625,0.0,1.494364857673645,False
2013-10-24,123260.49771334676,TECL,73750.91002129625,0.0,1.494364857673645,False
2013-10-25,125220.46984136463,TECL,73750.91002129625,0.0,1.494364857673645,False
2013-10-28,126393.12806184059,TECL,73750.91002129625,0.0,1.494364857673645,False
2013-10-29,128721.60821807274,TECL,73750.91002129625,0.0,1.494364857673645,False
2013-10-30,127783.49746692042,TECL,73750.91002129625,0.0,1.494364857673645,False
2013-10-31,126862.18783331355,TECL,73750.91002129625,0.0,1.494364857673645,False
2013-11-01,127146.95402760821,TQQQ,124332.43940073288,0.0,1.0226370096206665,False
2013-11-04,127762.61289113213,TQQQ,124332.43940073288,0.0,1.0226370096206665,False
2013-11-05,128304.22313213773,TQQQ,124332.43940073288,0.0,1.0226370096206665,False
2013-11-06,128082.64048469003,TQQQ,124332.43940073288,0.0,1.0226370096206665,False
2013-11-07,120979.22697366957,TQQQ,124332.43940073288,0.0,1.0226370096206665,False
2013-11-08,125755.9189354168,TQQQ,124332.43940073288,0.0,1.0226370096206665,False
2013-11-11,125152.57680634299,TQQQ,124332.43940073288,0.0,1.0226370096206665,False
2013-11-12,125768.22084828513,TQQQ,124332.43940073288,0.0,1.0226370096206665,False
2013-11-13,130273.99652766628,TQQQ,124332.43940073288,0.0,1.0226370096206665,False
2013-11-14,131283.46481879457,TQQQ,124332.43940073288,0.0,1.0226370096206665,False
2013-11-15,132194.48816381267,TQQQ,124332.43940073288,0.0,1.0226370096206665,False
2013-11-18,128538.12251403554,TQQQ,124332.43940073288,0.0,1.0226370096206665,False
2013-11-19,127270.12137210924,TQQQ,124332.43940073288,0.0,1.0226370096206665,False
2013-11-20,126383.73149599136,TQQQ,124332.43940073288,0.0,1.0226370096206665,False
2013-11-21,130249.28895085724,TQQQ,124332.43940073288,0.0,1.0226370096206665,False
2013-11-22,132305.22020120945,TQQQ,124332.43940073288,0.0,1.0226370096206665,False
2013-11-25,133179.3378076225,TQQQ,124332.43940073288,0.0,1.0226370096206665,False
2013-11-26,135383.01058504888,TQQQ,124332.43940073288,0.0,1.0226370096206665,False
2013-11-27,138091.40268645762,TQQQ,124332.43940073288,0.0,1.0226370096206665,False
2013-11-29,140356.58502822564,TQQQ,124332.43940073288,0.0,1.0226370096206665,False
2013-12-02,139482.48224339433,TECL,75374.61822950921,0.0,1.8505232334136963,False
2013-12-03,141143.2094091991,TECL,75374.61822950921,0.0,1.8505232334136963,False
2013-12-04,141434.2360622309,TECL,75374.61822950921,0.0,1.8505232334136963,False
2013-12-05,140013.18424740853,TECL,75374.61822950921,0.0,1.8505232334136963,False
2013-12-06,143231.90901885528,TECL,75374.61822950921,0.0,1.8505232334136963,False
2013-12-09,144550.1953320961,TECL,75374.61822950921,0.0,1.8505232334136963,False
2013-12-10,143437.37712453553,TECL,75374.61822950921,0.0,1.8505232334136963,False
2013-12-11,139824.88715453952,TECL,75374.61822950921,0.0,1.8505232334136963,False
2013-12-12,136520.58586503184,TECL,75374.61822950921,0.0,1.8505232334136963,False
2013-12-13,135647.4430084537,TECL,75374.61822950921,0.0,1.8505232334136963,False
2013-12-16,139259.91500774035,TECL,75374.61822950921,0.0,1.8505232334136963,False
2013-12-17,138831.90662247015,TECL,75374.61822950921,0.0,1.8505232334136963,False
2013-12-18,142615.5406432333,TECL,75374.61822950921,0.0,1.8505232334136963,False
2013-12-19,143214.7739474628,TECL,75374.61822950921,0.0,1.8505232334136963,False
2013-12-20,146262.27379995026,TECL,75374.61822950921,0.0,1.8505232334136963,False
2013-12-23,152134.72423998054,TECL,75374.61822950921,0.0,1.8505232334136963,False
2013-12-24,154069.32501671521,TECL,75374.61822950921,0.0,1.8505232334136963,False
2013-12-26,154993.86410211617,TECL,75374.61822950921,0.0,1.8505232334136963,False
2013-12-27,154257.64008029358,TECL,75374.61822950921,0.0,1.8505232334136963,False
2013-12-30,153504.28997243318,TECL,75374.61822950921,0.0,1.8505232334136963,False
2013-12-31,156312.15940071168,TECL,75374.61822950921,0.0,1.8505232334136963,False
2014-01-02,151518.36484971322,TQQQ,126247.11381508368,0.0,1.2001729011535645,False
2014-01-03,148218.25345217768,TQQQ,126247.11381508368,0.0,1.2001729011535645,False
2014-01-06,146643.19857496428,TQQQ,126247.11381508368,0.0,1.2001729011535645,False
2014-01-07,150443.38568206303,TQQQ,126247.11381508368,0.0,1.2001729011535645,False
2014-01-08,151568.40553029277,TQQQ,126247.11381508368,0.0,1.2001729011535645,False
2014-01-09,150005.8269611096,TQQQ,126247.11381508368,0.0,1.2001729011535645,False
2014-01-10,151505.888541683,TQQQ,126247.11381508368,0.0,1.2001729011535645,False
2014-01-13,144768.11031187596,TQQQ,126247.11381508368,0.0,1.2001729011535645,False
2014-01-14,153055.9607031785,TQQQ,126247.11381508368,0.0,1.2001729011535645,False
2014-01-15,156631.06257155607,TQQQ,126247.11381508368,0.0,1.2001729011535645,False
2014-01-16,156956.1388724639,TQQQ,126247.11381508368,0.0,1.2001729011535645,False
2014-01-17,154168.54939286428,TQQQ,126247.11381508368,0.0,1.2001729011535645,False
2014-01-21,157618.69253316603,TQQQ,126247.11381508368,0.0,1.2001729011535645,False
2014-01-22,159081.14459170387,TQQQ,126247.11381508368,0.0,1.2001729011535645,False
2014-01-23,157168.6274045249,TQQQ,126247.11381508368,0.0,1.2001729011535645,False
2014-01-24,147855.642878378,TQQQ,126247.11381508368,0.0,1.2001729011535645,False
2014-01-27,143555.56065966102,TQQQ,126247.11381508368,0.0,1.2001729011535645,False
2014-01-28,143505.5049292527,TQQQ,126247.11381508368,0.0,1.2001729011535645,False
2014-01-29,138980.427770787,TQQQ,126247.11381508368,0.0,1.2001729011535645,False
2014-01-30,146305.70616534122,TQQQ,126247.11381508368,0.0,1.2001729011535645,False
2014-01-31,145280.6322298119,TQQQ,126247.11381508368,0.0,1.2001729011535645,False
2014-02-03,135655.30355787606,TECL,76401.15136692322,0.0,1.7755662202835083,False
2014-02-04,137893.9464175,TECL,76401.15136692322,0.0,1.7755662202835083,False
2014-02-05,137755.1173352153,TECL,76401.15136692322,0.0,1.7755662202835083,False
2014-02-06,142475.39721016452,TECL,76401.15136692322,0.0,1.7755662202835083,False
2014-02-07,148462.47993783696,TECL,76401.15136692322,0.0,1.7755662202835083,False
2014-02-10,149798.701885566,TECL,76401.15136692322,0.0,1.7755662202835083,False
2014-02-11,154952.8010118033,TECL,76401.15136692322,0.0,1.7755662202835083,False
2014-02-12,156427.96133454074,TECL,76401.15136692322,0.0,1.7755662202835083,False
2014-02-13,160627.55245831134,TECL,76401.15136692322,0.0,1.7755662202835083,False
2014-02-14,161026.6348389156,TECL,76401.15136692322,0.0,1.7755662202835083,False
2014-02-18,161512.58671941038,TECL,76401.15136692322,0.0,1.7755662202835083,False
2014-02-19,159360.75871331512,TECL,76401.15136692322,0.0,1.7755662202835083,False
2014-02-20,161564.64648680127,TECL,76401.15136692322,0.0,1.7755662202835083,False
2014-02-21,159655.70334368362,TECL,76401.15136692322,0.0,1.7755662202835083,False
2014-02-24,161391.1260724676,TECL,76401.15136692322,0.0,1.7755662202835083,False
2014-02-25,159881.33817177004,TECL,76401.15136692322,0.0,1.7755662202835083,False
2014-02-26,160037.53568939664,TECL,76401.15136692322,0.0,1.7755662202835083,False
2014-02-27,163803.30756187913,TECL,76401.15136692322,0.0,1.7755662202835083,False
2014-02-28,163039.77037863078,TECL,76401.15136692322,0.0,1.7755662202835083,False
2014-03-03,159117.7463421598,TECL,76401.15136692322,0.0,2.1339962482452393,False
2014-03-04,165920.50799001427,TECL,76401.15136692322,0.0,2.1339962482452393,False
2014-03-05,166649.34473348668,TECL,76401.15136692322,0.0,2.1339962482452393,False
2014-03-06,166701.40450087757,TECL,76401.15136692322,0.0,2.1339962482452393,False
2014-03-07,165608.0947393071,TECL,76401.15136692322,0.0,2.1339962482452393,False
2014-03-10,164584.2587191043,TECL,76401.15136692322,0.0,2.1339962482452393,False
2014-03-11,163543.02694037865,TECL,76401.15136692322,0.0,2.1339962482452393,False
2014-03-12,164514.82140864452,TECL,76401.15136692322,0.0,2.1339962482452393,False
2014-03-13,157573.2580016863,TECL,76401.15136692322,0.0,2.1339962482452393,False
2014-03-14,154848.6996924755,TECL,76401.15136692322,0.0,2.1339962482452393,False
2014-03-17,160054.84037064973,TECL,76401.15136692322,0.0,2.1339962482452393,False
2014-03-18,166579.92563848084,TECL,76401.15136692322,0.0,2.1339962482452393,False
2014-03-19,164150.38482145435,TECL,76401.15136692322,0.0,2.1339962482452393,False
2014-03-20,168332.6894794258,TECL,76401.15136692322,0.0,2.1339962482452393,False
2014-03-21,165972.53132649726,TECL,76401.15136692322,0.0,2.1339962482452393,False
2014-03-24,165156.91616040407,TECL,76401.15136692322,0.0,2.1339962482452393,False
2014-03-25,168193.905935776,TECL,76401.15136692322,0.0,2.1339962482452393,False
2014-03-26,162553.83671358996,TECL,76401.15136692322,0.0,2.1339962482452393,False
2014-03-27,160158.99633633942,TECL,76401.15136692322,0.0,2.1339962482452393,False
2014-03-28,161755.56265965776,TECL,76401.15136692322,0.0,2.1339962482452393,False
2014-03-31,165833.69313648558,TECL,76401.15136692322,0.0,2.1339962482452393,False
2014-04-01,171612.54590232144,TQQQ,133774.3296214253,0.0,1.2828510999679565,False
2014-04-02,172963.6356812831,TQQQ,133774.3296214253,0.0,1.2828510999679565,False
2014-04-03,168883.95787593076,TQQQ,133774.3296214253,0.0,1.2828510999679565,False
2014-04-04,154451.2913120893,CASH,0.0,154451.2913120893,,False
2014-04-07,154451.2913120893,CASH,0.0,154451.2913120893,,False
2014-04-08,154451.2913120893,CASH,0.0,154451.2913120893,,False
2014-04-09,154451.2913120893,CASH,0.0,154451.2913120893,,False
2014-04-10,154451.2913120893,CASH,0.0,154451.2913120893,,False
2014-04-11,154451.2913120893,CASH,0.0,154451.2913120893,,False
2014-04-14,154451.2913120893,CASH,0.0,154451.2913120893,,False
2014-04-15,154451.2913120893,CASH,0.0,154451.2913120893,,False
2014-04-16,154451.2913120893,CASH,0.0,154451.2913120893,,False
2014-04-17,154451.2913120893,CASH,0.0,154451.2913120893,,False
2014-04-21,154451.2913120893,CASH,0.0,154451.2913120893,,False
2014-04-22,154451.2913120893,CASH,0.0,154451.2913120893,,False
2014-04-23,154451.2913120893,CASH,0.0,154451.2913120893,,False
2014-04-24,154451.2913120893,CASH,0.0,154451.2913120893,,False
2014-04-25,154451.2913120893,CASH,0.0,154451.2913120893,,False
2014-04-28,154451.2913120893,CASH,0.0,154451.2913120893,,False
2014-04-29,154451.2913120893,CASH,0.0,154451.2913120893,,False
2014-04-30,154451.2913120893,CASH,0.0,154451.2913120893,,False
2014-05-01,154451.2913120893,TQQQ,128404.76869177009,0.0,1.2028470039367676,False
2014-05-02,153688.40368319675,TQQQ,128404.76869177009,0.0,1.2028470039367676,False
2014-05-05,155875.1829033099,TQQQ,128404.76869177009,0.0,1.2028470039367676,False
2014-05-06,149848.6323854641,TQQQ,128404.76869177009,0.0,1.2028470039367676,False
2014-05-07,148501.0617019194,TQQQ,128404.76869177009,0.0,1.2028470039367676,False
2014-05-08,147992.46994932435,TQQQ,128404.76869177009,0.0,1.2028470039367676,False
2014-05-09,149721.6298642072,TQQQ,128404.76869177009,0.0,1.2028470039367676,False
2014-05-12,157019.47607904562,TQQQ,128404.76869177009,0.0,1.2028470039367676,False
2014-05-13,157350.092863019,TQQQ,128404.76869177009,0.0,1.2028470039367676,False
2014-05-14,155010.65652051286,TQQQ,128404.76869177009,0.0,1.2028470039367676,False
2014-05-15,151425.2729413252,TQQQ,128404.76869177009,0.0,1.2028470039367676,False
2014-05-16,154247.8301197853,TQQQ,128404.76869177009,0.0,1.2028470039367676,False
2014-05-19,157553.43159899302,TQQQ,128404.76869177009,0.0,1.2028470039367676,False
2014-05-20,155824.39414044016,TQQQ,128404.76869177009,0.0,1.2028470039367676,False
2014-05-21,160223.4234973076,TQQQ,128404.76869177009,0.0,1.2028470039367676,False
2014-05-22,162206.80275328172,TQQQ,128404.76869177009,0.0,1.2028470039367676,False
2014-05-23,165843.08224462788,TQQQ,128404.76869177009,0.0,1.2028470039367676,False
2014-05-27,172072.98680548894,TQQQ,128404.76869177009,0.0,1.2028470039367676,False
2014-05-28,170445.57279379934,TQQQ,128404.76869177009,0.0,1.2028470039367676,False
2014-05-29,173903.86200948257,TQQQ,128404.76869177009,0.0,1.2028470039367676,False
2014-05-30,173751.29672933707,TQQQ,128404.76869177009,0.0,1.2028470039367676,False
2014-06-02,173318.9646562529,TECL,72094.04323739704,0.0,2.4040677547454834,False
2014-06-03,172401.9206377932,TECL,72094.04323739704,0.0,2.4040677547454834,False
2014-06-04,173548.19128374913,TECL,72094.04323739704,0.0,2.4040677547454834,False
2014-06-05,176987.0719758543,TECL,72094.04323739704,0.0,2.4040677547454834,False
2014-06-06,179230.50555370224,TECL,72094.04323739704,0.0,2.4040677547454834,False
2014-06-09,180720.6848951399,TECL,72094.04323739704,0.0,2.4040677547454834,False
2014-06-10,181048.21289356076,TECL,72094.04323739704,0.0,2.4040677547454834,False
2014-06-11,180016.53837279358,TECL,72094.04323739704,0.0,2.4040677547454834,False
2014-06-12,175365.82986937024,TECL,72094.04323739704,0.0,2.4040677547454834,False
2014-06-13,178149.70613031177,TECL,72094.04323739704,0.0,2.4040677547454834,False
2014-06-16,178657.37023072428,TECL,72094.04323739704,0.0,2.4040677547454834,False
2014-06-17,179607.12407762767,TECL,72094.04323739704,0.0,2.4040677547454834,False
2014-06-18,182423.72735557225,TECL,72094.04323739704,0.0,2.4040677547454834,False
2014-06-19,181375.72370342226,TECL,72094.04323739704,0.0,2.4040677547454834,False
2014-06-20,180245.78218884917,TECL,72094.04323739704,0.0,2.4040677547454834,False
2014-06-23,181211.89954425412,TECL,72094.04323739704,0.0,2.4040677547454834,False
2014-06-24,178608.21095098226,TECL,72094.04323739704,0.0,2.4040677547454834,False
2014-06-25,181359.3430063614,TECL,72094.04323739704,0.0,2.4040677547454834,False
2014-06-26,180163.91308066345,TECL,72094.04323739704,0.0,2.4040677547454834,False
2014-06-27,183144.22019786073,TECL,72094.04323739704,0.0,2.4040677547454834,False
2014-06-30,183995.792993755,TECL,72094.04323739704,0.0,2.4040677547454834,False
2014-07-01,189563.52832707867,TECL,72094.04323739704,0.0,2.552163600921631,False
2014-07-02,189956.47598238694,TECL,72094.04323739704,0.0,2.552163600921631,False
2014-07-03,192412.80705634825,TECL,72094.04323739704,0.0,2.552163600921631,False
2014-07-07,192560.21614133683,TECL,72094.04323739704,0.0,2.552163600921631,False
2014-07-08,187680.2981989766,TECL,72094.04323739704,0.0,2.552163600921631,False
2014-07-09,190071.14086181312,TECL,72094.04323739704,0.0,2.552163600921631,False
2014-07-10,189235.9659515391,TECL,72094.04323739704,0.0,2.552163600921631,False
2014-07-11,191348.43989569673,TECL,72094.04323739704,0.0,2.552163600921631,False
2014-07-14,195933.55685663916,TECL,72094.04323739704,0.0,2.552163600921631,False
2014-07-15,195376.76785360335,TECL,72094.04323739704,0.0,2.552163600921631,False
2014-07-16,200092.98195671086,TECL,72094.04323739704,0.0,2.552163600921631,False
2014-07-17,192330.97232528127,TECL,72094.04323739704,0.0,2.552163600921631,False
2014-07-18,199830.97674653353,TECL,72094.04323739704,0.0,2.552163600921631,False
2014-07-21,198717.39874046197,TECL,72094.04323739704,0.0,2.552163600921631,False
2014-07-22,203859.33908155886,TECL,72094.04323739704,0.0,2.552163600921631,False
2014-07-23,204743.65608301552,TECL,72094.04323739704,0.0,2.552163600921631,False
2014-07-24,203777.45278481382,TECL,72094.04323739704,0.0,2.552163600921631,False
2014-07-25,203056.97713108468,TECL,72094.04323739704,0.0,2.552163600921631,False
2014-07-28,204530.74139834277,TECL,72094.04323739704,0.0,2.552163600921631,False
2014-07-29,203499.08406613494,TECL,72094.04323739704,0.0,2.552163600921631,False
2014-07-30,204104.94640611598,TECL,72094.04323739704,0.0,2.552163600921631,False
2014-07-31,192183.5632402927,TECL,72094.04323739704,0.0,2.552163600921631,False
2014-08-01,189121.3182606723,TQQQ,125357.04468831599,0.0,1.5086612701416016,False
2014-08-04,192994.62697695737,TQQQ,125357.04468831599,0.0,1.5086612701416016,False
2014-08-05,188475.71948616471,TQQQ,125357.04468831599,0.0,1.5086612701416016,False
2014-08-06,188153.0396487048,TQQQ,125357.04468831599,0.0,1.5086612701416016,False
2014-08-07,186340.53027966514,TQQQ,125357.04468831599,0.0,1.5086612701416016,False
2014-08-08,190313.1101560598,TQQQ,125357.04468831599,0.0,1.5086612701416016,False
2014-08-11,193764.28855008454,TQQQ,125357.04468831599,0.0,1.5086612701416016,False
2014-08-12,193317.38153303845,TQQQ,125357.04468831599,0.0,1.5086612701416016,False
2014-08-13,199599.1553409539,TQQQ,125357.04468831599,0.0,1.5086612701416016,False
2014-08-14,202677.8763520837,TQQQ,125357.04468831599,0.0,1.5086612701416016,False
2014-08-15,205433.90258202938,TQQQ,125357.04468831599,0.0,1.5086612701416016,False
2014-08-18,210399.68720241962,TQQQ,125357.04468831599,0.0,1.5086612701416016,False
2014-08-19,214024.6312218778,TQQQ,125357.04468831599,0.0,1.5086612701416016,False
2014-08-20,214024.6312218778,TQQQ,125357.04468831599,0.0,1.5086612701416016,False
2014-08-21,215241.31936184491,TQQQ,125357.04468831599,0.0,1.5086612701416016,False
2014-08-22,216085.46045657166,TQQQ,125357.04468831599,0.0,1.5086612701416016,False
2014-08-25,218493.85082958083,TQQQ,125357.04468831599,0.0,1.5086612701416016,False
2014-08-26,219238.72076419802,TQQQ,125357.04468831599,0.0,1.5086612701416016,False
2014-08-27,219263.58712132918,TQQQ,125357.04468831599,0.0,1.5086612701416016,False
2014-08-28,218369.77308723706,TQQQ,125357.04468831599,0.0,1.5086612701416016,False
2014-08-29,220927.09261599695,TQQQ,125357.04468831599,0.0,1.5086612701416016,False
2014-09-02,222764.43845471935,TECL,75872.60560022334,0.0,2.93603253364563,False
2014-09-03,219162.61411240374,TECL,75872.60560022334,0.0,2.93603253364563,False
2014-09-04,218111.32828594418,TECL,75872.60560022334,0.0,2.93603253364563,False
2014-09-05,222126.8038257553,TECL,75872.60560022334,0.0,2.93603253364563,False
2014-09-08,222643.8361661068,TECL,75872.60560022334,0.0,2.93603253364563,False
2014-09-09,218094.07096130998,TECL,75872.60560022334,0.0,2.93603253364563,False
2014-09-10,222712.81119632724,TECL,75872.60560022334,0.0,2.93603253364563,False
2014-09-11,223712.34313832293,TECL,75872.60560022334,0.0,2.93603253364563,False
2014-09-12,220282.7664324508,TECL,75872.60560022334,0.0,2.93603253364563,False
2014-09-15,216629.2424739878,TECL,75872.60560022334,0.0,2.93603253364563,False
2014-09-16,221437.4334017663,TECL,75872.60560022334,0.0,2.93603253364563,False
2014-09-17,222833.43157437857,TECL,75872.60560022334,0.0,2.93603253364563,False
2014-09-18,227331.42480527275,TECL,75872.60560022334,0.0,2.93603253364563,False
2014-09-19,225849.30281443874,TECL,75872.60560022334,0.0,2.93603253364563,False
2014-09-22,220851.51647838848,TECL,75872.60560022334,0.0,2.93603253364563,False
2014-09-23,219386.61563331104,TECL,75872.60560022334,0.0,2.93603253364563,False
2014-09-24,223402.1273519998,TECL,75872.60560022334,0.0,2.93603253364563,False
2014-09-25,209546.17798853034,TECL,75872.60560022334,0.0,2.93603253364563,False
2014-09-26,215870.9512880948,TECL,75872.60560022334,0.0,2.93603253364563,False
2014-09-29,215440.13321315916,TECL,75872.60560022334,0.0,2.93603253364563,False
2014-09-30,217456.4725112236,TECL,75872.60560022334,0.0,2.93603253364563,False
2014-10-01,207340.18901387765,TQQQ,127088.59107059723,0.0,1.6314618587493896,False
2014-10-02,207239.4557286856,TQQQ,127088.59107059723,0.0,1.6314618587493896,False
2014-10-03,213482.07118415085,TQQQ,127088.59107059723,0.0,1.6314618587493896,False
2014-10-06,212022.15818054692,TQQQ,127088.59107059723,0.0,1.6314618587493896,False
2014-10-07,203060.9711862888,TQQQ,127088.59107059723,0.0,1.6314618587493896,False
2014-10-08,214791.01303616224,TQQQ,127088.59107059723,0.0,1.6314618587493896,False
2014-10-09,204093.059368034,TQQQ,127088.59107059723,0.0,1.6314618587493896,False
2014-10-10,188813.6425663188,TQQQ,127088.59107059723,0.0,1.6314618587493896,False
2014-10-13,186606.17011248987,CASH,0.0,186606.17011248987,,False
2014-10-14,186606.17011248987,CASH,0.0,186606.17011248987,,False
2014-10-15,186606.17011248987,CASH,0.0,186606.17011248987,,False
2014-10-16,186606.17011248987,CASH,0.0,186606.17011248987,,False
2014-10-17,186606.17011248987,CASH,0.0,186606.17011248987,,False
2014-10-20,186606.17011248987,CASH,0.0,186606.17011248987,,False
2014-10-21,186606.17011248987,CASH,0.0,186606.17011248987,,False
2014-10-22,186606.17011248987,CASH,0.0,186606.17011248987,,False
2014-10-23,186606.17011248987,CASH,0.0,186606.17011248987,,False
2014-10-24,186606.17011248987,CASH,0.0,186606.17011248987,,False
2014-10-27,186606.17011248987,CASH,0.0,186606.17011248987,,False
2014-10-28,186606.17011248987,CASH,0.0,186606.17011248987,,False
2014-10-29,186606.17011248987,CASH,0.0,186606.17011248987,,False
2014-10-30,186606.17011248987,CASH,0.0,186606.17011248987,,False
2014-10-31,186606.17011248987,CASH,0.0,186606.17011248987,,False
2014-11-03,186606.17011248987,TECL,62153.19524765864,0.0,3.0023584365844727,False
2014-11-04,186789.71176238876,TECL,62153.19524765864,0.0,3.0023584365844727,False
2014-11-05,188173.25363906074,TECL,62153.19524765864,0.0,3.0023584365844727,False
2014-11-06,188060.2923927198,TECL,62153.19524765864,0.0,3.0023584365844727,False
2014-11-07,188441.45324519026,TECL,62153.19524765864,0.0,3.0023584365844727,False
2014-11-10,189881.453517318,TECL,62153.19524765864,0.0,3.0023584365844727,False
2014-11-11,190135.5755707748,TECL,62153.19524765864,0.0,3.0023584365844727,False
2014-11-12,192352.00473746916,TECL,62153.19524765864,0.0,3.0023584365844727,False
2014-11-13,195316.72251186124,TECL,62153.19524765864,0.0,3.0023584365844727,False
2014-11-14,199537.88409000568,TECL,62153.19524765864,0.0,3.0023584365844727,False
2014-11-17,198253.21108852545,TECL,62153.19524765864,0.0,3.0023584365844727,False
2014-11-18,200639.0302600635,TECL,62153.19524765864,0.0,3.0023584365844727,False
2014-11-19,196432.00550849776,TECL,62153.19524765864,0.0,3.0023584365844727,False
2014-11-20,199382.60127478765,TECL,62153.19524765864,0.0,3.0023584365844727,False
2014-11-21,200187.24454860564,TECL,62153.19524765864,0.0,3.0023584365844727,False
2014-11-24,203406.06955797804,TECL,62153.19524765864,0.0,3.0023584365844727,False
2014-11-25,204055.47447200748,TECL,62153.19524765864,0.0,3.0023584365844727,False
2014-11-26,208940.17779076006,TECL,62153.19524765864,0.0,3.0023584365844727,False
2014-11-28,212031.9491826423,TECL,62153.19524765864,0.0,3.0023584365844727,False
2014-12-01,205213.13831142706,TQQQ,102087.84278171585,0.0,2.010162353515625,False
2014-12-02,207417.01955140298,TQQQ,102087.84278171585,0.0,2.010162353515625,False
2014-12-03,209297.54869497506,TQQQ,102087.84278171585,0.0,2.010162353515625,False
2014-12-04,208670.75432639453,TQQQ,102087.84278171585,0.0,2.010162353515625,False
2014-12-05,208812.1919652506,TQQQ,102087.84278171585,0.0,2.010162353515625,False
2014-12-08,204303.20092911177,TQQQ,102087.84278171585,0.0,2.010162353515625,False
2014-12-09,206284.76391176344,TQQQ,102087.84278171585,0.0,2.010162353515625,False
2014-12-10,196296.0805498561,TQQQ,102087.84278171585,0.0,2.010162353515625,False
2014-12-11,199369.5683912861,TQQQ,102087.84278171585,0.0,2.010162353515625,False
2014-12-12,192777.77364648946,TQQQ,102087.84278171585,0.0,2.010162353515625,False
2014-12-15,186994.90678456688,TQQQ,102087.84278171585,0.0,2.010162353515625,False
2014-12-16,183274.30882653422,CASH,0.0,183274.30882653422,,False
2014-12-17,183274.30882653422,CASH,0.0,183274.30882653422,,False
2014-12-18,183274.30882653422,CASH,0.0,183274.30882653422,,False
2014-12-19,183274.30882653422,CASH,0.0,183274.30882653422,,False
2014-12-22,183274.30882653422,CASH,0.0,183274.30882653422,,False
2014-12-23,183274.30882653422,CASH,0.0,183274.30882653422,,False
2014-12-24,183274.30882653422,CASH,0.0,183274.30882653422,,False
2014-12-26,183274.30882653422,CASH,0.0,183274.30882653422,,False
2014-12-29,183274.30882653422,CASH,0.0,183274.30882653422,,False
2014-12-30,183274.30882653422,CASH,0.0,183274.30882653422,,False
2014-12-31,183274.30882653422,CASH,0.0,183274.30882653422,,False
2015-01-02,183274.30882653422,TQQQ,95723.47933759207,0.0,1.9146223068237305,False
2015-01-05,175025.56957661262,TQQQ,95723.47933759207,0.0,1.9146223068237305,False
2015-01-06,168085.2302591766,TQQQ,95723.47933759207,0.0,1.9146223068237305,False
2015-01-07,174551.43720966007,TQQQ,95723.47933759207,0.0,1.9146223068237305,False
2015-01-08,184506.84758030745,TQQQ,95723.47933759207,0.0,1.9146223068237305,False
2015-01-09,180771.2664962477,TQQQ,95723.47933759207,0.0,1.9146223068237305,False
2015-01-12,175215.1654677538,TQQQ,95723.47933759207,0.0,1.9146223068237305,False
2015-01-13,175063.43169920103,TQQQ,95723.47933759207,0.0,1.9146223068237305,False
2015-01-14,172370.74783326144,TQQQ,95723.47933759207,0.0,1.9146223068237305,False
2015-01-15,164946.8779438808,CASH,0.0,164946.8779438808,,False
2015-01-16,164946.8779438808,CASH,0.0,164946.8779438808,,False
2015-01-20,164946.8779438808,CASH,0.0,164946.8779438808,,False
2015-01-21,164946.8779438808,CASH,0.0,164946.8779438808,,False
2015-01-22,164946.8779438808,CASH,0.0,164946.8779438808,,False
2015-01-23,164946.8779438808,CASH,0.0,164946.8779438808,,False
2015-01-26,164946.8779438808,CASH,0.0,164946.8779438808,,False
2015-01-27,164946.8779438808,CASH,0.0,164946.8779438808,,False
2015-01-28,164946.8779438808,CASH,0.0,164946.8779438808,,False
2015-01-29,164946.8779438808,CASH,0.0,164946.8779438808,,False
2015-01-30,164946.8779438808,CASH,0.0,164946.8779438808,,False
2015-02-02,164946.8779438808,TECL,56937.82630781678,0.0,2.8969647884368896,False
2015-02-03,170689.11802190245,TECL,56937.82630781678,0.0,2.8969647884368896,False
2015-02-04,171516.8150952763,TECL,56937.82630781678,0.0,2.8969647884368896,False
2015-02-05,176146.82535279565,TECL,56937.82630781678,0.0,2.8969647884368896,False
2015-02-06,174685.36416527873,TECL,56937.82630781678,0.0,2.8969647884368896,False
2015-02-09,173948.21257965997,TECL,56937.82630781678,0.0,2.8969647884368896,False
2015-02-10,181345.86037946495,TECL,56937.82630781678,0.0,2.8969647884368896,False
2015-02-11,183311.6612912813,TECL,56937.82630781678,0.0,2.8969647884368896,False
2015-02-12,191342.97817997984,TECL,56937.82630781678,0.0,2.8969647884368896,False
2015-02-13,194964.26826379338,TECL,56937.82630781678,0.0,2.8969647884368896,False
2015-02-17,195003.03856559677,TECL,56937.82630781678,0.0,2.8969647884368896,False
2015-02-18,195649.68538856736,TECL,56937.82630781678,0.0,2.8969647884368896,False
2015-02-19,197395.63859810578,TECL,56937.82630781678,0.0,2.8969647884368896,False
2015-02-20,200732.3416346483,TECL,56937.82630781678,0.0,2.8969647884368896,False
2015-02-23,201262.62325206617,TECL,56937.82630781678,0.0,2.8969647884368896,False
2015-02-24,202762.82759131517,TECL,56937.82630781678,0.0,2.8969647884368896,False
2015-02-25,199361.43950992214,TECL,56937.82630781678,0.0,2.8969647884368896,False
2015-02-26,203461.20887513054,TECL,56937.82630781678,0.0,2.8969647884368896,False
2015-02-27,200822.87354736775,TECL,56937.82630781678,0.0,2.8969647884368896,False
2015-03-02,206021.8814239658,TQQQ,90988.37333648506,0.0,2.264266014099121,False
2015-03-03,203065.81965994736,TQQQ,90988.37333648506,0.0,2.264266014099121,False
2015-03-04,200812.79496789342,TQQQ,90988.37333648506,0.0,2.264266014099121,False
2015-03-05,201696.01674486086,TQQQ,90988.37333648506,0.0,2.264266014099121,False
2015-03-06,194756.4976438718,TQQQ,90988.37333648506,0.0,2.264266014099121,False
2015-03-09,196631.03900481726,TQQQ,90988.37333648506,0.0,2.264266014099121,False
2015-03-10,185744.16024915042,TQQQ,90988.37333648506,0.0,2.264266014099121,False
2015-03-11,185419.6932815692,CASH,0.0,185419.6932815692,,False
2015-03-12,185419.6932815692,CASH,0.0,185419.6932815692,,False
2015-03-13,185419.6932815692,CASH,0.0,185419.6932815692,,False
2015-03-16,185419.6932815692,CASH,0.0,185419.6932815692,,False
2015-03-17,185419.6932815692,CASH,0.0,185419.6932815692,,False
2015-03-18,185419.6932815692,CASH,0.0,185419.6932815692,,False
2015-03-19,185419.6932815692,CASH,0.0,185419.6932815692,,False
2015-03-20,185419.6932815692,CASH,0.0,185419.6932815692,,False
2015-03-23,185419.6932815692,CASH,0.0,185419.6932815692,,False
2015-03-24,185419.6932815692,CASH,0.0,185419.6932815692,,False
2015-03-25,185419.6932815692,CASH,0.0,185419.6932815692,,False
2015-03-26,185419.6932815692,CASH,0.0,185419.6932815692,,False
2015-03-27,185419.6932815692,CASH,0.0,185419.6932815692,,False
2015-03-30,185419.6932815692,CASH,0.0,185419.6932815692,,False
2015-03-31,185419.6932815692,CASH,0.0,185419.6932815692,,False
2015-04-01,185419.6932815692,TECL,59265.10376446895,0.0,3.1286487579345703,False
2015-04-02,186510.11193567913,TECL,59265.10376446895,0.0,3.1286487579345703,False
2015-04-06,190548.57917766322,TECL,59265.10376446895,0.0,3.1286487579345703,False
2015-04-07,189619.75008087925,TECL,59265.10376446895,0.0,3.1286487579345703,False
2015-04-08,191167.85038515922,TECL,59265.10376446895,0.0,3.1286487579345703,False
2015-04-09,193402.4095801361,TECL,59265.10376446895,0.0,3.1286487579345703,False
2015-04-10,195246.68675667117,TECL,59265.10376446895,0.0,3.1286487579345703,False
2015-04-13,193658.21732286335,TECL,59265.10376446895,0.0,3.1286487579345703,False
2015-04-14,191544.7231267645,TECL,59265.10376446895,0.0,3.1286487579345703,False
2015-04-15,196431.26707657508,TECL,59265.10376446895,0.0,3.1286487579345703,False
2015-04-16,194640.86721571715,TECL,59265.10376446895,0.0,3.1286487579345703,False
2015-04-17,186267.826509003,TECL,59265.10376446895,0.0,3.1286487579345703,False
2015-04-20,195906.2847039895,TECL,59265.10376446895,0.0,3.1286487579345703,False
2015-04-21,195287.055886199,TECL,59265.10376446895,0.0,3.1286487579345703,False
2015-04-22,201317.83928618932,TECL,59265.10376446895,0.0,3.1286487579345703,False
2015-04-23,204131.2864292325,TECL,59265.10376446895,0.0,3.1286487579345703,False
2015-04-24,208896.7088605578,TECL,59265.10376446895,0.0,3.1286487579345703,False
2015-04-27,211212.07696409943,TECL,59265.10376446895,0.0,3.1286487579345703,False
2015-04-28,213083.22921391486,TECL,59265.10376446895,0.0,3.1286487579345703,False
2015-04-29,210229.38468154016,TECL,59265.10376446895,0.0,3.1286487579345703,False
2015-04-30,201546.67304632344,TECL,59265.10376446895,0.0,3.1286487579345703,False
2015-05-01,208506.2855430977,TQQQ,93400.15847724618,0.0,2.2323975563049316,False
2015-05-04,209246.35132441277,TQQQ,93400.15847724618,0.0,2.2323975563049316,False
2015-05-05,199328.14711580673,TQQQ,93400.15847724618,0.0,2.2323975563049316,False
2015-05-06,195072.1342257527,TQQQ,93400.15847724618,0.0,2.2323975563049316,False
2015-05-07,198421.35832478158,TQQQ,93400.15847724618,0.0,2.2323975563049316,False
2015-05-08,205693.50558777346,TQQQ,93400.15847724618,0.0,2.2323975563049316,False
2015-05-11,203436.05332259886,TQQQ,93400.15847724618,0.0,2.2323975563049316,False
2015-05-12,200808.41228843524,TQQQ,93400.15847724618,0.0,2.2323975563049316,False
2015-05-13,201844.66916794103,TQQQ,93400.15847724618,0.0,2.2323975563049316,False
2015-05-14,210782.24279305513,TQQQ,93400.15847724618,0.0,2.2323975563049316,False
2015-05-15,210763.7378082723,TQQQ,93400.15847724618,0.0,2.2323975563049316,False
2015-05-18,213354.34660453716,TQQQ,93400.15847724618,0.0,2.2323975563049316,False
2015-05-19,212743.63757003742,TQQQ,93400.15847724618,0.0,2.2323975563049316,False
2015-05-20,213095.32135424358,TQQQ,93400.15847724618,0.0,2.2323975563049316,False
2015-05-21,216444.56772160556,TQQQ,93400.15847724618,0.0,2.2323975563049316,False
2015-05-22,215852.38594022172,TQQQ,93400.15847724618,0.0,2.2323975563049316,False
2015-05-26,208376.72838128477,TQQQ,93400.15847724618,0.0,2.2323975563049316,False
2015-05-27,218405.9847669209,TQQQ,93400.15847724618,0.0,2.2323975563049316,False
2015-05-28,216796.09562748024,TQQQ,93400.15847724618,0.0,2.2323975563049316,False
2015-05-29,213132.26451881006,TQQQ,93400.15847724618,0.0,2.2323975563049316,False
2015-06-01,215001.22344521043,TECL,59832.57606582415,0.0,3.5933806896209717,False
2015-06-02,213696.5855179939,TECL,59832.57606582415,0.0,3.5933806896209717,False
2015-06-03,215001.22344521043,TECL,59832.57606582415,0.0,3.5933806896209717,False
2015-06-04,209293.23280086933,TECL,59832.57606582415,0.0,3.5933806896209717,False
2015-06-05,207173.13910835137,TECL,59832.57606582415,0.0,3.5933806896209717,False
2015-06-08,200486.6129578068,TECL,59832.57606582415,0.0,3.5933806896209717,False
2015-06-09,199181.91796979916,TECL,59832.57606582415,0.0,3.5933806896209717,False
2015-06-10,207608.04219275317,TECL,59832.57606582415,0.0,3.5933806896209717,False
2015-06-11,208260.36115636144,TECL,59832.57606582415,0.0,3.5933806896209717,False
2015-06-12,202878.57278941778,TECL,59832.57606582415,0.0,3.5933806896209717,False
2015-06-15,199236.31116889467,TECL,59832.57606582415,0.0,3.5933806896209717,False
2015-06-16,202498.03437371593,TECL,59832.57606582415,0.0,3.5933806896209717,False
2015-06-17,203748.33616262805,TECL,59832.57606582415,0.0,3.5933806896209717,False
2015-06-18,208314.72582506138,TECL,59832.57606582415,0.0,3.5933806896209717,False
2015-06-19,204074.49564443217,TECL,59832.57606582415,0.0,3.5933806896209717,False
2015-06-22,207934.21593975506,TECL,59832.57606582415,0.0,3.5933806896209717,False
2015-06-23,208967.1018494607,TECL,59832.57606582415,0.0,3.5933806896209717,False
2015-06-24,206140.25319864572,TECL,59832.57606582415,0.0,3.5933806896209717,False
2015-06-25,204726.843138436,TECL,59832.57606582415,0.0,3.5933806896209717,False
2015-06-26,199671.15719250537,TECL,59832.57606582415,0.0,3.5933806896209717,False
2015-06-29,193310.85618834617,CASH,0.0,193310.85618834617,,False
2015-06-30,193310.85618834617,CASH,0.0,193310.85618834617,,False
2015-07-01,193310.85618834617,TECL,60496.046727207024,0.0,3.195429563522339,False
2015-07-02,193475.6865921506,TECL,60496.046727207024,0.0,3.195429563522339,False
2015-07-06,191496.95730727786,TECL,60496.046727207024,0.0,3.195429563522339,False
2015-07-07,192211.5060502666,TECL,60496.046727207024,0.0,3.195429563522339,False
2015-07-08,182867.50584817975,TECL,60496.046727207024,0.0,3.195429563522339,False
2015-07-09,180723.88846597658,TECL,60496.046727207024,0.0,3.195429563522339,False
2015-07-10,189243.43375802974,TECL,60496.046727207024,0.0,3.195429563522339,False
2015-07-13,197872.84194698336,TECL,60496.046727207024,0.0,3.195429563522339,False
2015-07-14,200126.42318975748,TECL,60496.046727207024,0.0,3.195429563522339,False
2015-07-15,200236.32935680242,TECL,60496.046727207024,0.0,3.195429563522339,False
2015-07-16,207821.51357177697,TECL,60496.046727207024,0.0,3.195429563522339,False
2015-07-17,217055.54991329284,TECL,60496.046727207024,0.0,3.195429563522339,False
2015-07-20,220188.5535730046,TECL,60496.046727207024,0.0,3.195429563522339,False
2015-07-21,216615.838704824,TECL,60496.046727207024,0.0,3.195429563522339,False
2015-07-22,206117.59297466112,TECL,60496.046727207024,0.0,3.195429563522339,False
2015-07-23,204413.6723775453,TECL,60496.046727207024,0.0,3.195429563522339,False
2015-07-24,201225.73005769253,TECL,60496.046727207024,0.0,3.195429563522339,False
2015-07-27,195949.1378625406,TECL,60496.046727207024,0.0,3.195429563522339,False
2015-07-28,201005.87445345812,TECL,60496.046727207024,0.0,3.195429563522339,False
2015-07-29,205183.18862743798,TECL,60496.046727207024,0.0,3.195429563522339,False
2015-07-30,205952.6760305677,TECL,60496.046727207024,0.0,3.195429563522339,False
2015-07-31,204193.80234992938,TECL,60496.046727207024,0.0,3.195429563522339,False
2015-08-03,201005.87445345812,TECL,60496.046727207024,0.0,3.3753247261047363,False
2015-08-04,197268.2714879471,TECL,60496.046727207024,0.0,3.3753247261047363,False
2015-08-05,202434.97193943558,TECL,60496.046727207024,0.0,3.3753247261047363,False
2015-08-06,197103.36896723518,TECL,60496.046727207024,0.0,3.3753247261047363,False
2015-08-07,197103.36896723518,TECL,60496.046727207024,0.0,3.3753247261047363,False
2015-08-10,206557.24648960395,TECL,60496.046727207024,0.0,3.3753247261047363,False
2015-08-11,197378.19207837354,TECL,60496.046727207024,0.0,3.3753247261047363,False
2015-08-12,199741.67948819263,TECL,60496.046727207024,0.0,3.3753247261047363,False
2015-08-13,198532.4664532126,TECL,60496.046727207024,0.0,3.3753247261047363,False
2015-08-14,201005.87445345812,TECL,60496.046727207024,0.0,3.3753247261047363,False
2015-08-17,204523.57854459024,TECL,60496.046727207024,0.0,3.3753247261047363,False
2015-08-18,201610.4881826389,TECL,60496.046727207024,0.0,3.3753247261047363,False
2015-08-19,197433.18843204054,TECL,60496.046727207024,0.0,3.3753247261047363,False
2015-08-20,183774.42211493646,CASH,0.0,183774.42211493646,,False
2015-08-21,183774.42211493646,CASH,0.0,183774.42211493646,,False
2015-08-24,183774.42211493646,CASH,0.0,183774.42211493646,,False
2015-08-25,183774.42211493646,CASH,0.0,183774.42211493646,,False
2015-08-26,183774.42211493646,CASH,0.0,183774.42211493646,,False
2015-08-27,183774.42211493646,CASH,0.0,183774.42211493646,,False
2015-08-28,183774.42211493646,CASH,0.0,183774.42211493646,,False
2015-08-31,183774.42211493646,CASH,0.0,183774.42211493646,,False
2015-09-01,183774.42211493646,IEF,2198.237112286084,0.0,83.60081862316389,False
2015-09-02,183274.86544067774,IEF,2198.237112286084,0.0,83.60081862316389,False
2015-09-03,183722.81383223025,IEF,2198.237112286084,0.0,83.60081862316389,False
2015-09-04,184291.41836293176,IEF,2198.237112286084,0.0,83.60081862316389,False
2015-09-08,183481.6537907544,IEF,2198.237112286084,0.0,83.60081862316389,False
2015-09-09,183550.56632557747,IEF,2198.237112286084,0.0,83.60081862316389,False
2015-09-10,183137.0065406267,IEF,2198.237112286084,0.0,83.60081862316389,False
2015-09-11,183619.3773691858,IEF,2198.237112286084,0.0,83.60081862316389,False
2015-09-14,183791.675621446,IEF,2198.237112286084,0.0,83.60081862316389,False
2015-09-15,182344.613881376,IEF,2198.237112286084,0.0,83.60081862316389,False
2015-09-16,182292.8533618476,IEF,2198.237112286084,0.0,83.60081862316389,False
2015-09-17,183808.92912795546,IEF,2198.237112286084,0.0,83.60081862316389,False
2015-09-18,184670.36964364885,IEF,2198.237112286084,0.0,83.60081862316389,False
2015-09-21,183619.3773691858,IEF,2198.237112286084,0.0,83.60081862316389,False
2015-09-22,184532.51074359778,IEF,2198.237112286084,0.0,83.60081862316389,False
2015-09-23,184325.790054331,IEF,2198.237112286084,0.0,83.60081862316389,False
2015-09-24,184601.4063632184,IEF,2198.237112286084,0.0,83.60081862316389,False
2015-09-25,184119.08628026667,IEF,2198.237112286084,0.0,83.60081862316389,False
2015-09-28,185170.01089391994,IEF,2198.237112286084,0.0,83.60081862316389,False
2015-09-29,185807.46029863472,IEF,2198.237112286084,0.0,83.60081862316389,False
2015-09-30,185841.9165660462,IEF,2198.237112286084,0.0,83.60081862316389,False
2015-10-01,185986.7614447134,IEF,2198.237112286084,0.0,84.54134248182972,False
2015-10-02,186884.0283592177,IEF,2198.237112286084,0.0,84.54134248182972,False
2015-10-05,185848.81796865,IEF,2198.237112286084,0.0,84.54134248182972,False
2015-10-06,186228.4120270606,IEF,2198.237112286084,0.0,84.54134248182972,False
2015-10-07,185762.44894488793,IEF,2198.237112286084,0.0,84.54134248182972,False
2015-10-08,185279.48608424273,IEF,2198.237112286084,0.0,84.54134248182972,False
2015-10-09,185382.93946248962,IEF,2198.237112286084,0.0,84.54134248182972,False
2015-10-12,186004.13335764006,IEF,2198.237112286084,0.0,84.54134248182972,False
2015-10-13,186176.60076192487,IEF,2198.237112286084,0.0,84.54134248182972,False
2015-10-14,187194.65913719783,IEF,2198.237112286084,0.0,84.54134248182972,False
2015-10-15,186556.1609899305,IEF,2198.237112286084,0.0,84.54134248182972,False
2015-10-16,186400.89634654784,IEF,2198.237112286084,0.0,84.54134248182972,False
2015-10-19,186314.66264440544,IEF,2198.237112286084,0.0,84.54134248182972,False
2015-10-20,185676.14758193566,IEF,2198.237112286084,0.0,84.54134248182972,False
2015-10-21,186314.66264440544,IEF,2198.237112286084,0.0,84.54134248182972,False
2015-10-22,186504.41738560458,IEF,2198.237112286084,0.0,84.54134248182972,False
2015-10-23,185451.936573325,IEF,2198.237112286084,0.0,84.54134248182972,False
2015-10-26,185935.10241639978,IEF,2198.237112286084,0.0,84.54134248182972,False
2015-10-27,186400.89634654784,IEF,2198.237112286084,0.0,84.54134248182972,False
2015-10-28,185434.68306681555,IEF,2198.237112286084,0.0,84.54134248182972,False
2015-10-29,184295.85014597635,IEF,2198.237112286084,0.0,84.54134248182972,False
2015-10-30,184658.25835868734,IEF,2198.237112286084,0.0,84.54134248182972,False
2015-11-02,184127.69611831894,TECL,51189.024462481684,0.0,3.597015142440796,False
2015-11-03,186871.72446512448,TECL,51189.024462481684,0.0,3.597015142440796,False
2015-11-04,187150.7784021626,TECL,51189.024462481684,0.0,3.597015142440796,False
2015-11-05,186081.06147317114,TECL,51189.024462481684,0.0,3.597015142440796,False
2015-11-06,187615.85202467346,TECL,51189.024462481684,0.0,3.597015142440796,False
2015-11-09,182453.3969049193,TECL,51189.024462481684,0.0,3.597015142440796,False
2015-11-10,179244.2949356029,TECL,51189.024462481684,0.0,3.597015142440796,False
2015-11-11,178825.70792783852,TECL,51189.024462481684,0.0,3.597015142440796,False
2015-11-12,174128.31422618075,TECL,51189.024462481684,0.0,3.597015142440796,False
2015-11-13,165714.92650648704,CASH,0.0,165714.92650648704,,False
2015-11-16,165714.92650648704,CASH,0.0,165714.92650648704,,False
2015-11-17,165714.92650648704,CASH,0.0,165714.92650648704,,False
2015-11-18,165714.92650648704,CASH,0.0,165714.92650648704,,False
2015-11-19,165714.92650648704,CASH,0.0,165714.92650648704,,False
2015-11-20,165714.92650648704,CASH,0.0,165714.92650648704,,False
2015-11-23,165714.92650648704,CASH,0.0,165714.92650648704,,False
2015-11-24,165714.92650648704,CASH,0.0,165714.92650648704,,False
2015-11-25,165714.92650648704,CASH,0.0,165714.92650648704,,False
2015-11-27,165714.92650648704,CASH,0.0,165714.92650648704,,False
2015-11-30,165714.92650648704,CASH,0.0,165714.92650648704,,False
2015-12-01,165714.92650648704,TECL,45382.332037110114,0.0,3.651529550552368,False
2015-12-02,162663.66737049472,TECL,45382.332037110114,0.0,3.651529550552368,False
2015-12-03,156478.7548661267,TECL,45382.332037110114,0.0,3.651529550552368,False
2015-12-04,167735.30016847278,TECL,45382.332037110114,0.0,3.651529550552368,False
2015-12-07,165549.97574185344,TECL,45382.332037110114,0.0,3.651529550552368,False
2015-12-08,164354.24770312448,TECL,45382.332037110114,0.0,3.651529550552368,False
2015-12-09,157179.71717088384,TECL,45382.332037110114,0.0,3.651529550552368,False
2015-12-10,158292.9860572827,TECL,45382.332037110114,0.0,3.651529550552368,False
2015-12-11,149143.43385583835,CASH,0.0,149143.43385583835,,False
2015-12-14,149143.43385583835,CASH,0.0,149143.43385583835,,False
2015-12-15,149143.43385583835,CASH,0.0,149143.43385583835,,False
2015-12-16,149143.43385583835,CASH,0.0,149143.43385583835,,False
2015-12-17,149143.43385583835,CASH,0.0,149143.43385583835,,False
2015-12-18,149143.43385583835,CASH,0.0,149143.43385583835,,False
2015-12-21,149143.43385583835,CASH,0.0,149143.43385583835,,False
2015-12-22,149143.43385583835,CASH,0.0,149143.43385583835,,False
2015-12-23,149143.43385583835,CASH,0.0,149143.43385583835,,False
2015-12-24,149143.43385583835,CASH,0.0,149143.43385583835,,False
2015-12-28,149143.43385583835,CASH,0.0,149143.43385583835,,False
2015-12-29,149143.43385583835,CASH,0.0,149143.43385583835,,False
2015-12-30,149143.43385583835,CASH,0.0,149143.43385583835,,False
2015-12-31,149143.43385583835,CASH,0.0,149143.43385583835,,False
2016-01-04,149143.43385583835,TECL,47035.08890799461,0.0,3.1708972454071045,False
2016-01-05,147733.20115913497,TECL,47035.08890799461,0.0,3.1708972454071045,False
2016-01-06,142733.2760593365,TECL,47035.08890799461,0.0,3.1708972454071045,False
2016-01-07,134229.09047025454,CASH,0.0,134229.09047025454,,False
2016-01-08,134229.09047025454,CASH,0.0,134229.09047025454,,False
2016-01-11,134229.09047025454,CASH,0.0,134229.09047025454,,False
2016-01-12,134229.09047025454,CASH,0.0,134229.09047025454,,False
2016-01-13,134229.09047025454,CASH,0.0,134229.09047025454,,False
2016-01-14,134229.09047025454,CASH,0.0,134229.09047025454,,False
2016-01-15,134229.09047025454,CASH,0.0,134229.09047025454,,False
2016-01-19,134229.09047025454,CASH,0.0,134229.09047025454,,False
2016-01-20,134229.09047025454,CASH,0.0,134229.09047025454,,False
2016-01-21,134229.09047025454,CASH,0.0,134229.09047025454,,False
2016-01-22,134229.09047025454,CASH,0.0,134229.09047025454,,False
2016-01-25,134229.09047025454,CASH,0.0,134229.09047025454,,False
2016-01-26,134229.09047025454,CASH,0.0,134229.09047025454,,False
2016-01-27,134229.09047025454,CASH,0.0,134229.09047025454,,False
2016-01-28,134229.09047025454,CASH,0.0,134229.09047025454,,False
2016-01-29,134229.09047025454,CASH,0.0,134229.09047025454,,False
2016-02-01,134229.09047025454,SHY,1936.9428285486576,0.0,69.29945917445161,False
2016-02-02,134403.211913084,SHY,1936.9428285486576,0.0,69.29945917445161,False
2016-02-03,134434.88526234037,SHY,1936.9428285486576,0.0,69.29945917445161,False
2016-02-04,134466.55861159667,SHY,1936.9428285486576,0.0,69.29945917445161,False
2016-02-05,134434.88526234037,SHY,1936.9428285486576,0.0,69.29945917445161,False
2016-02-08,134593.0731473557,SHY,1936.9428285486576,0.0,69.29945917445161,False
2016-02-09,134545.600386235,SHY,1936.9428285486576,0.0,69.29945917445161,False
2016-02-10,134545.600386235,SHY,1936.9428285486576,0.0,69.29945917445161,False
2016-02-11,134672.17454241612,SHY,1936.9428285486576,0.0,69.29945917445161,False
2016-02-12,134513.9568471897,SHY,1936.9428285486576,0.0,69.29945917445161,False
2016-02-16,134434.88526234037,SHY,1936.9428285486576,0.0,69.29945917445161,False
2016-02-17,134466.55861159667,SHY,1936.9428285486576,0.0,69.29945917445161,False
2016-02-18,134577.27373549136,SHY,1936.9428285486576,0.0,69.29945917445161,False
2016-02-19,134450.6548639936,SHY,1936.9428285486576,0.0,69.29945917445161,False
2016-02-22,134466.55861159667,SHY,1936.9428285486576,0.0,69.29945917445161,False
2016-02-23,134482.358023461,SHY,1936.9428285486576,0.0,69.29945917445161,False
2016-02-24,134513.9568471897,SHY,1936.9428285486576,0.0,69.29945917445161,False
2016-02-25,134545.600386235,SHY,1936.9428285486576,0.0,69.29945917445161,False
2016-02-26,134371.44913319446,SHY,1936.9428285486576,0.0,69.29945917445161,False
2016-02-29,134450.6548639936,SHY,1936.9428285486576,0.0,69.29945917445161,False
2016-03-01,134271.71907207716,GLD,1140.1182211036623,0.0,117.7699966430664,False
2016-03-02,135309.23082851912,GLD,1140.1182211036623,0.0,117.7699966430664,False
2016-03-03,137646.4766611463,GLD,1140.1182211036623,0.0,117.7699966430664,False
2016-03-04,137429.85141564487,GLD,1140.1182211036623,0.0,117.7699966430664,False
2016-03-07,138113.92060862473,GLD,1140.1182211036623,0.0,117.7699966430664,False
2016-03-08,137475.45718829843,GLD,1140.1182211036623,0.0,117.7699966430664,False
2016-03-09,136335.33896719475,GLD,1140.1182211036623,0.0,117.7699966430664,False
2016-03-10,138524.36386409498,GLD,1140.1182211036623,0.0,117.7699966430664,False
2016-03-11,136141.52095722593,GLD,1140.1182211036623,0.0,117.7699966430664,False
2016-03-14,134385.7378529169,GLD,1140.1182211036623,0.0,117.7699966430664,False
2016-03-15,134488.3443175786,GLD,1140.1182211036623,0.0,117.7699966430664,False
2016-03-16,137486.85210765302,GLD,1140.1182211036623,0.0,117.7699966430664,False
2016-03-17,136962.39876975474,GLD,1140.1182211036623,0.0,117.7699966430664,False
2016-03-18,136586.16636758344,GLD,1140.1182211036623,0.0,117.7699966430664,False
2016-03-21,135628.46253868227,GLD,1140.1182211036623,0.0,117.7699966430664,False
2016-03-22,136027.50217638622,GLD,1140.1182211036623,0.0,117.7699966430664,False
2016-03-23,132949.186458771,GLD,1140.1182211036623,0.0,117.7699966430664,False
2016-03-24,132629.95474860785,GLD,1140.1182211036623,0.0,117.7699966430664,False
2016-03-28,132937.7828410047,GLD,1140.1182211036623,0.0,117.7699966430664,False
2016-03-29,135400.44237382623,GLD,1140.1182211036623,0.0,117.7699966430664,False
2016-03-30,133507.8419515565,GLD,1140.1182211036623,0.0,117.7699966430664,False
2016-03-31,134123.5068347619,GLD,1140.1182211036623,0.0,117.7699966430664,False
2016-04-01,133314.02394158771,TQQQ,63595.216715276074,0.0,2.096290111541748,False
2016-04-04,131663.41252255967,TQQQ,63595.216715276074,0.0,2.096290111541748,False
2016-04-05,128123.08050987052,TQQQ,63595.216715276074,0.0,2.096290111541748,False
2016-04-06,134258.95246868368,TQQQ,63595.216715276074,0.0,2.096290111541748,False
2016-04-07,128463.2614510288,TQQQ,63595.216715276074,0.0,2.096290111541748,False
2016-04-08,128160.88007691935,TQQQ,63595.216715276074,0.0,2.096290111541748,False
2016-04-11,126787.49580747847,TQQQ,63595.216715276074,0.0,2.096290111541748,False
2016-04-12,129748.34059472062,TQQQ,63595.216715276074,0.0,2.096290111541748,False
2016-04-13,134813.330956452,TQQQ,63595.216715276074,0.0,2.096290111541748,False
2016-04-14,134901.52994623262,TQQQ,63595.216715276074,0.0,2.096290111541748,False
2016-04-15,133868.40242935604,TQQQ,63595.216715276074,0.0,2.096290111541748,False
2016-04-18,135846.4584733286,TQQQ,63595.216715276074,0.0,2.096290111541748,False
2016-04-19,133503.0066145507,TQQQ,63595.216715276074,0.0,2.096290111541748,False
2016-04-20,133830.61802458842,TQQQ,63595.216715276074,0.0,2.096290111541748,False
2016-04-21,133868.40242935604,TQQQ,63595.216715276074,0.0,2.096290111541748,False
2016-04-22,127808.08411779691,TQQQ,63595.216715276074,0.0,2.096290111541748,False
2016-04-25,127707.30043461458,TQQQ,63595.216715276074,0.0,2.096290111541748,False
2016-04-26,125955.93565696657,TQQQ,63595.216715276074,0.0,2.096290111541748,False
2016-04-27,119982.62154742895,CASH,0.0,119982.62154742895,,False
2016-04-28,119982.62154742895,CASH,0.0,119982.62154742895,,False
2016-04-29,119982.62154742895,CASH,0.0,119982.62154742895,,False
2016-05-02,119982.62154742895,GLD,973.5688382602756,0.0,123.23999786376953,False
2016-05-03,119710.02346115459,GLD,973.5688382602756,0.0,123.23999786376953,False
2016-05-04,118979.84683245939,GLD,973.5688382602756,0.0,123.23999786376953,False
2016-05-05,118843.54778932221,GLD,973.5688382602756,0.0,123.23999786376953,False
2016-05-06,119924.20979401037,GLD,973.5688382602756,0.0,123.23999786376953,False
2016-05-09,117461.0818216504,GLD,973.5688382602756,0.0,123.23999786376953,False
2016-05-10,117782.36132093408,GLD,973.5688382602756,0.0,123.23999786376953,False
2016-05-11,118892.22920233154,GLD,973.5688382602756,0.0,123.23999786376953,False
2016-05-12,117957.60400893056,GLD,973.5688382602756,0.0,123.23999786376953,False
2016-05-13,118493.06241332924,GLD,973.5688382602756,0.0,123.23999786376953,False
2016-05-16,118580.68747119787,GLD,973.5688382602756,0.0,123.23999786376953,False
2016-05-17,118989.5846006094,GLD,973.5688382602756,0.0,123.23999786376953,False
2016-05-18,116925.61598951094,GLD,973.5688382602756,0.0,123.23999786376953,False
2016-05-19,116701.69931624591,GLD,973.5688382602756,0.0,123.23999786376953,False
2016-05-20,116545.9247368087,GLD,973.5688382602756,0.0,123.23999786376953,False
2016-05-23,116214.91489711577,GLD,973.5688382602756,0.0,123.23999786376953,False
2016-05-24,114199.62769902663,GLD,973.5688382602756,0.0,123.23999786376953,False
2016-05-25,113888.08596789297,GLD,973.5688382602756,0.0,123.23999786376953,False
2016-05-26,113498.65694704071,GLD,973.5688382602756,0.0,123.23999786376953,False
2016-05-27,112564.03175363973,GLD,973.5688382602756,0.0,123.23999786376953,False
2016-05-31,112992.39699161054,GLD,973.5688382602756,0.0,123.23999786376953,False
2016-06-01,112875.5734847734,GLD,973.5688382602756,0.0,116.05999755859375,False
2016-06-02,112612.70573890829,GLD,973.5688382602756,0.0,116.05999755859375,False
2016-06-03,115737.86081839488,GLD,973.5688382602756,0.0,116.05999755859375,False
2016-06-06,115776.80446325419,GLD,973.5688382602756,0.0,116.05999755859375,False
2016-06-07,115679.44906497632,GLD,973.5688382602756,0.0,116.05999755859375,False
2016-06-08,117392.93230008181,GLD,973.5688382602756,0.0,116.05999755859375,False
2016-06-09,118045.22163905842,GLD,973.5688382602756,0.0,116.05999755859375,False
2016-06-10,118522.26829003854,GLD,973.5688382602756,0.0,116.05999755859375,False
2016-06-13,119398.48173002094,GLD,973.5688382602756,0.0,116.05999755859375,False
2016-06-14,119525.04300500809,GLD,973.5688382602756,0.0,116.05999755859375,False
2016-06-15,120410.99421314051,GLD,973.5688382602756,0.0,116.05999755859375,False
2016-06-16,119145.35175230585,GLD,973.5688382602756,0.0,116.05999755859375,False
2016-06-17,120673.85453126485,GLD,973.5688382602756,0.0,116.05999755859375,False
2016-06-20,119953.41567071967,GLD,973.5688382602756,0.0,116.05999755859375,False
2016-06-21,117646.05485005613,GLD,973.5688382602756,0.0,116.05999755859375,False
2016-06-22,117704.47403121548,GLD,973.5688382602756,0.0,116.05999755859375,False
2016-06-23,116935.35375766097,GLD,973.5688382602756,0.0,116.05999755859375,False
2016-06-24,122669.67362079473,GLD,973.5688382602756,0.0,116.05999755859375,False
2016-06-27,123331.70072792134,GLD,973.5688382602756,0.0,116.05999755859375,False
2016-06-28,122007.6465136681,GLD,973.5688382602756,0.0,116.05999755859375,False
2016-06-29,122513.89904135751,GLD,973.5688382602756,0.0,116.05999755859375,False
2016-06-30,123127.25216321557,GLD,973.5688382602756,0.0,116.05999755859375,False
2016-07-01,125015.97808631755,SHY,1788.6188862361441,0.0,69.89525775912678,False
2016-07-05,125074.55651051662,SHY,1788.6188862361441,0.0,69.89525775912678,False
2016-07-06,125015.97808631755,SHY,1788.6188862361441,0.0,69.89525775912678,False
2016-07-07,124957.34460720852,SHY,1788.6188862361441,0.0,69.89525775912678,False
2016-07-08,124957.34460720852,SHY,1788.6188862361441,0.0,69.89525775912678,False
2016-07-11,124825.41927921322,SHY,1788.6188862361441,0.0,69.89525775912678,False
2016-07-12,124781.4716973364,SHY,1788.6188862361441,0.0,69.89525775912678,False
2016-07-13,124810.81596434591,SHY,1788.6188862361441,0.0,69.89525775912678,False
2016-07-14,124737.48282427715,SHY,1788.6188862361441,0.0,69.89525775912678,False
2016-07-15,124678.86310889563,SHY,1788.6188862361441,0.0,69.89525775912678,False
2016-07-18,124752.1411940544,SHY,1788.6188862361441,0.0,69.89525775912678,False
2016-07-19,124766.7858001042,SHY,1788.6188862361441,0.0,69.89525775912678,False
2016-07-20,124708.16608472266,SHY,1788.6188862361441,0.0,69.89525775912678,False
2016-07-21,124796.07501220371,SHY,1788.6188862361441,0.0,69.89525775912678,False
2016-07-22,124752.1411940544,SHY,1788.6188862361441,0.0,69.89525775912678,False
2016-07-25,124664.13592048091,SHY,1788.6188862361441,0.0,69.89525775912678,False
2016-07-26,124678.86310889563,SHY,1788.6188862361441,0.0,69.89525775912678,False
2016-07-27,124766.7858001042,SHY,1788.6188862361441,0.0,69.89525775912678,False
2016-07-28,124752.1411940544,SHY,1788.6188862361441,0.0,69.89525775912678,False
2016-07-29,124913.31444296677,SHY,1788.6188862361441,0.0,69.89525775912678,False
2016-08-01,124870.77076129401,TECL,30684.775400198665,0.0,4.069469928741455,False
2016-08-02,122027.0893656719,TECL,30684.775400198665,0.0,4.069469928741455,False
2016-08-03,123225.88166861483,TECL,30684.775400198665,0.0,4.069469928741455,False
2016-08-04,125121.65951126884,TECL,30684.775400198665,0.0,4.069469928741455,False
2016-08-05,128801.76598630345,TECL,30684.775400198665,0.0,4.069469928741455,False
2016-08-08,128968.99101245742,TECL,30684.775400198665,0.0,4.069469928741455,False
2016-08-09,129638.11059168987,TECL,30684.775400198665,0.0,4.069469928741455,False
2016-08-10,128495.04289388364,TECL,30684.775400198665,0.0,4.069469928741455,False
2016-08-11,129972.69232876775,TECL,30684.775400198665,0.0,4.069469928741455,False
2016-08-12,129387.17794679174,TECL,30684.775400198665,0.0,4.069469928741455,False
2016-08-15,131032.08167111203,TECL,30684.775400198665,0.0,4.069469928741455,False
2016-08-16,128495.04289388364,TECL,30684.775400198665,0.0,4.069469928741455,False
2016-08-17,128327.77397280636,TECL,30684.775400198665,0.0,4.069469928741455,False
2016-08-18,128160.50505172908,TECL,30684.775400198665,0.0,4.069469928741455,False
2016-08-19,128522.93080182392,TECL,30684.775400198665,0.0,4.069469928741455,False
2016-08-22,128355.66188074664,TECL,30684.775400198665,0.0,4.069469928741455,False
2016-08-23,129749.6183285277,TECL,30684.775400198665,0.0,4.069469928741455,False
2016-08-24,127881.72839381397,TECL,30684.775400198665,0.0,4.069469928741455,False
2016-08-25,128439.28170964419,TECL,30684.775400198665,0.0,4.069469928741455,False
2016-08-26,128634.46780194396,TECL,30684.775400198665,0.0,4.069469928741455,False
2016-08-29,129972.69232876775,TECL,30684.775400198665,0.0,4.069469928741455,False
2016-08-30,128829.63926260262,TECL,30684.775400198665,0.0,4.069469928741455,False
2016-08-31,128467.16961758447,TECL,30684.775400198665,0.0,4.069469928741455,False
2016-09-01,129387.17794679174,TQQQ,53496.105708419636,0.0,2.418627977371216,False
2016-09-02,130902.76557446968,TQQQ,53496.105708419636,0.0,2.418627977371216,False
2016-09-06,133329.8000619912,TQQQ,53496.105708419636,0.0,2.418627977371216,False
2016-09-07,133573.61442468932,TQQQ,53496.105708419636,0.0,2.418627977371216,False
2016-09-08,131284.34091914637,TQQQ,53496.105708419636,0.0,2.418627977371216,False
2016-09-09,121332.28657063808,TQQQ,53496.105708419636,0.0,2.418627977371216,False
2016-09-12,127553.65975733436,TQQQ,53496.105708419636,0.0,2.418627977371216,False
2016-09-13,124543.64416026034,TQQQ,53496.105708419636,0.0,2.418627977371216,False
2016-09-14,126143.98521125535,TQQQ,53496.105708419636,0.0,2.418627977371216,False
2016-09-15,131994.42027751065,TQQQ,53496.105708419636,0.0,2.418627977371216,False
2016-09-16,131846.0348257619,TQQQ,53496.105708419636,0.0,2.418627977371216,False
2016-09-19,130118.44247236893,TQQQ,53496.105708419636,0.0,2.418627977371216,False
2016-09-20,130839.1845639,TQQQ,53496.105708419636,0.0,2.418627977371216,False
2016-09-21,134644.0712060519,TQQQ,53496.105708419636,0.0,2.418627977371216,False
2016-09-22,137791.8732940355,TQQQ,53496.105708419636,0.0,2.418627977371216,False
2016-09-23,135311.80573892145,TQQQ,53496.105708419636,0.0,2.418627977371216,False
2016-09-26,131952.02443415386,TQQQ,53496.105708419636,0.0,2.418627977371216,False
2016-09-27,135693.38108359813,TQQQ,53496.105708419636,0.0,2.418627977371216,False
2016-09-28,136435.2190610835,TQQQ,53496.105708419636,0.0,2.418627977371216,False
2016-09-29,133541.81754217172,TQQQ,53496.105708419636,0.0,2.418627977371216,False
2016-09-30,136286.8208548692,TQQQ,53496.105708419636,0.0,2.418627977371216,False
2016-10-03,135979.48925392897,TECL,31128.06576098106,0.0,4.368388652801514,False
2016-10-04,134678.4838465881,TECL,31128.06576098106,0.0,4.368388652801514,False
2016-10-05,136064.33194720527,TECL,31128.06576098106,0.0,4.368388652801514,False
2016-10-06,136997.61641626293,TECL,31128.06576098106,0.0,4.368388652801514,False
2016-10-07,135894.60203159743,TECL,31128.06576098106,0.0,4.368388652801514,False
2016-10-10,138637.97775369056,TECL,31128.06576098106,0.0,4.368388652801514,False
2016-10-11,134197.65910796102,TECL,31128.06576098106,0.0,4.368388652801514,False
2016-10-12,134621.961632453,TECL,31128.06576098106,0.0,4.368388652801514,False
2016-10-13,132246.26231958784,TECL,31128.06576098106,0.0,4.368388652801514,False
2016-10-14,133745.21422054883,TECL,31128.06576098106,0.0,4.368388652801514,False
2016-10-17,132811.90006545436,TECL,31128.06576098106,0.0,4.368388652801514,False
2016-10-18,135215.86048538706,TECL,31128.06576098106,0.0,4.368388652801514,False
2016-10-19,135442.14230116684,TECL,31128.06576098106,0.0,4.368388652801514,False
2016-10-20,133801.78096373918,TECL,31128.06576098106,0.0,4.368388652801514,False
2016-10-21,134621.961632453,TECL,31128.06576098106,0.0,4.368388652801514,False
2016-10-24,138694.55933989934,TECL,31128.06576098106,0.0,4.368388652801514,False
2016-10-25,137337.01687540495,TECL,31128.06576098106,0.0,4.368388652801514,False
2016-10-26,135187.59937831952,TECL,31128.06576098106,0.0,4.368388652801514,False
2016-10-27,134197.65910796102,TECL,31128.06576098106,0.0,4.368388652801514,False
2016-10-28,133745.21422054883,TECL,31128.06576098106,0.0,4.368388652801514,False
2016-10-31,133801.78096373918,TECL,31128.06576098106,0.0,4.368388652801514,False
2016-11-01,130323.08210922693,TQQQ,54753.14111779353,0.0,2.3801937103271484,False
2016-11-02,126927.74572155125,TQQQ,54753.14111779353,0.0,2.3801937103271484,False
2016-11-03,123272.12231587507,TQQQ,54753.14111779353,0.0,2.3801937103271484,False
2016-11-04,121872.76792590643,TQQQ,54753.14111779353,0.0,2.3801937103271484,False
2016-11-07,130605.05209713061,TQQQ,54753.14111779353,0.0,2.3801937103271484,False
2016-11-08,133165.1307206383,TQQQ,54753.14111779353,0.0,2.3801937103271484,False
2016-11-09,135030.88435726537,TQQQ,54753.14111779353,0.0,2.3801937103271484,False
2016-11-10,128609.13537025411,TQQQ,54753.14111779353,0.0,2.3801937103271484,False
2016-11-11,128500.65524990782,TQQQ,54753.14111779353,0.0,2.3801937103271484,False
2016-11-14,124161.60708605009,TQQQ,54753.14111779353,0.0,2.3801937103271484,False
2016-11-15,129910.8576519111,TQQQ,54753.14111779353,0.0,2.3801937103271484,False
2016-11-16,132026.1286195007,TQQQ,54753.14111779353,0.0,2.3801937103271484,False
2016-11-17,135085.1374716046,TQQQ,54753.14111779353,0.0,2.3801937103271484,False
2016-11-18,133566.44189508897,TQQQ,54753.14111779353,0.0,2.3801937103271484,False
2016-11-21,137580.1410770706,TQQQ,54753.14111779353,0.0,2.3801937103271484,False
2016-11-22,138816.74917818763,TQQQ,54753.14111779353,0.0,2.3801937103271484,False
2016-11-23,137146.16837902108,TQQQ,54753.14111779353,0.0,2.3801937103271484,False
2016-11-25,138469.62584724565,TQQQ,54753.14111779353,0.0,2.3801937103271484,False
2016-11-28,137699.403938621,TQQQ,54753.14111779353,0.0,2.3801937103271484,False
2016-11-29,139022.86140684556,TQQQ,54753.14111779353,0.0,2.3801937103271484,False
2016-11-30,134521.1061166345,TQQQ,54753.14111779353,0.0,2.3801937103271484,False
2016-12-01,127133.87100437528,TECL,31672.23783943865,0.0,4.014047622680664,False
2016-12-02,128457.5900168212,TECL,31672.23783943865,0.0,4.014047622680664,False
2016-12-05,132169.7089761264,TECL,31672.23783943865,0.0,4.014047622680664,False
2016-12-06,133378.33183694648,TECL,31672.23783943865,0.0,4.014047622680664,False
2016-12-07,140860.18579261928,TECL,31672.23783943865,0.0,4.014047622680664,False
2016-12-08,142385.29664103556,TECL,31672.23783943865,0.0,4.014047622680664,False
2016-12-09,145032.76487092715,TECL,31672.23783943865,0.0,4.014047622680664,False
2016-12-12,143996.77868629582,TECL,31672.23783943865,0.0,4.014047622680664,False
2016-12-13,149118.9878548909,TECL,31672.23783943865,0.0,4.014047622680664,False
2016-12-14,147824.05420722635,TECL,31672.23783943865,0.0,4.014047622680664,False
2016-12-15,149464.2914122682,TECL,31672.23783943865,0.0,4.014047622680664,False
2016-12-16,146644.2469161874,TECL,31672.23783943865,0.0,4.014047622680664,False
2016-12-19,149608.14272367558,TECL,31672.23783943865,0.0,4.014047622680664,False
2016-12-20,151133.29887959152,TECL,31672.23783943865,0.0,4.014047622680664,False
2016-12-21,150327.610715711,TECL,31672.23783943865,0.0,4.014047622680664,False
2016-12-22,149262.86937129806,TECL,31672.23783943865,0.0,4.014047622680664,False
2016-12-23,149464.2914122682,TECL,31672.23783943865,0.0,4.014047622680664,False
2016-12-27,151421.09211740564,TECL,31672.23783943865,0.0,4.014047622680664,False
2016-12-28,147651.38732603783,TECL,31672.23783943865,0.0,4.014047622680664,False
2016-12-29,147507.52091213054,TECL,31672.23783943865,0.0,4.014047622680664,False
2016-12-30,143709.01565348147,TECL,31672.23783943865,0.0,4.014047622680664,False
2017-01-03,147852.80936700795,TQQQ,57270.00761974692,0.0,2.581679582595825,False
2017-01-04,150371.7014634483,TQQQ,57270.00761974692,0.0,2.581679582595825,False
2017-01-05,153038.04563114658,TQQQ,57270.00761974692,0.0,2.581679582595825,False
2017-01-06,156918.42869242403,TQQQ,57270.00761974692,0.0,2.581679582595825,False
2017-01-09,158506.93494911553,TQQQ,57270.00761974692,0.0,2.581679582595825,False
2017-01-10,159414.60014375157,TQQQ,57270.00761974692,0.0,2.581679582595825,False
2017-01-11,160640.01301412095,TQQQ,57270.00761974692,0.0,2.581679582595825,False
2017-01-12,159823.05289489622,TQQQ,57270.00761974692,0.0,2.581679582595825,False
2017-01-13,161661.15854621647,TQQQ,57270.00761974692,0.0,2.581679582595825,False
2017-01-17,160140.7732621619,TQQQ,57270.00761974692,0.0,2.581679582595825,False
2017-01-18,161230.01245842667,TQQQ,57270.00761974692,0.0,2.581679582595825,False
2017-01-19,160798.85271640302,TQQQ,57270.00761974692,0.0,2.581679582595825,False
2017-01-20,161842.7325478452,TQQQ,57270.00761974692,0.0,2.581679582595825,False
2017-01-23,162205.77131723193,TQQQ,57270.00761974692,0.0,2.581679582595825,False
2017-01-24,165586.95558925185,TQQQ,57270.00761974692,0.0,2.581679582595825,False
2017-01-25,170420.45878962483,TQQQ,57270.00761974692,0.0,2.581679582595825,False
2017-01-26,171123.93857139003,TQQQ,57270.00761974692,0.0,2.581679582595825,False
2017-01-27,171940.8440736794,TQQQ,57270.00761974692,0.0,2.581679582595825,False
2017-01-30,168037.78132999063,TQQQ,57270.00761974692,0.0,2.581679582595825,False
2017-01-31,167107.3681817741,TQQQ,57270.00761974692,0.0,2.581679582595825,False
2017-02-01,170284.33973245558,TECL,33230.6524933214,0.0,5.12431526184082,False
2017-02-02,169710.6811172404,TECL,33230.6524933214,0.0,5.12431526184082,False
2017-02-03,172850.71055749393,TECL,33230.6524933214,0.0,5.12431526184082,False
2017-02-06,173152.5852717017,TECL,33230.6524933214,0.0,5.12431526184082,False
2017-02-07,175266.08856579373,TECL,33230.6524933214,0.0,5.12431526184082,False
2017-02-08,176292.61471195522,TECL,33230.6524933214,0.0,5.12431526184082,False
2017-02-09,178164.51999189964,TECL,33230.6524933214,0.0,5.12431526184082,False
2017-02-10,179251.4496030005,TECL,33230.6524933214,0.0,5.12431526184082,False
2017-02-13,181727.18353940998,TECL,33230.6524933214,0.0,5.12431526184082,False
2017-02-14,183689.7098623734,TECL,33230.6524933214,0.0,5.12431526184082,False
2017-02-15,185591.8168747875,TECL,33230.6524933214,0.0,5.12431526184082,False
2017-02-16,187071.2422431151,TECL,33230.6524933214,0.0,5.12431526184082,False
2017-02-17,188369.47306223447,TECL,33230.6524933214,0.0,5.12431526184082,False
2017-02-21,191660.47947361664,TECL,33230.6524933214,0.0,5.12431526184082,False
2017-02-22,192475.6568749299,TECL,33230.6524933214,0.0,5.12431526184082,False
2017-02-23,192053.00692206316,TECL,33230.6524933214,0.0,5.12431526184082,False
2017-02-24,193502.1830210914,TECL,33230.6524933214,0.0,5.12431526184082,False
2017-02-27,192988.97540764528,TECL,33230.6524933214,0.0,5.12431526184082,False
2017-02-28,190543.363975656,TECL,33230.6524933214,0.0,5.12431526184082,False
2017-03-01,198393.3583482403,TECL,33230.6524933214,0.0,5.733963966369629,False
2017-03-02,194740.05791210107,TECL,33230.6524933214,0.0,5.733963966369629,False
2017-03-03,195253.36059920656,TECL,33230.6524933214,0.0,5.733963966369629,False
2017-03-06,194649.5160971316,TECL,33230.6524933214,0.0,5.733963966369629,False
2017-03-07,194830.67895512003,TECL,33230.6524933214,0.0,5.733963966369629,False
2017-03-08,195313.70068170634,TECL,33230.6524933214,0.0,5.733963966369629,False
2017-03-09,195102.38362807792,TECL,33230.6524933214,0.0,5.733963966369629,False
2017-03-10,198212.17964464196,TECL,33230.6524933214,0.0,5.733963966369629,False
2017-03-13,199117.9463977544,TECL,33230.6524933214,0.0,5.733963966369629,False
2017-03-14,197306.42873713942,TECL,33230.6524933214,0.0,5.733963966369629,False
2017-03-15,201261.6197330963,TECL,33230.6524933214,0.0,5.733963966369629,False
2017-03-16,202529.69635657567,TECL,33230.6524933214,0.0,5.733963966369629,False
2017-03-17,202891.97453572284,TECL,33230.6524933214,0.0,5.733963966369629,False
2017-03-20,203405.22968599864,TECL,33230.6524933214,0.0,5.733963966369629,False
2017-03-21,195011.81012188867,TECL,33230.6524933214,0.0,5.733963966369629,False
2017-03-22,198574.50536061882,TECL,33230.6524933214,0.0,5.733963966369629,False
2017-03-23,196823.3436281135,TECL,33230.6524933214,0.0,5.733963966369629,False
2017-03-24,197064.89410543142,TECL,33230.6524933214,0.0,5.733963966369629,False
2017-03-27,197064.89410543142,TECL,33230.6524933214,0.0,5.733963966369629,False
2017-03-28,200838.93808900978,TECL,33230.6524933214,0.0,5.733963966369629,False
2017-03-29,202137.21644495885,TECL,33230.6524933214,0.0,5.733963966369629,False
2017-03-30,203073.12154810136,TECL,33230.6524933214,0.0,5.733963966369629,False
2017-03-31,202137.21644495885,TECL,33230.6524933214,0.0,5.733963966369629,False
2017-04-03,201533.37194288388,TECL,33230.6524933214,0.0,6.082854270935059,False
2017-04-04,201774.8590377622,TECL,33230.6524933214,0.0,6.082854270935059,False
2017-04-05,199872.78371656788,TECL,33230.6524933214,0.0,6.082854270935059,False
2017-04-06,199450.08622687144,TECL,33230.6524933214,0.0,6.082854270935059,False
2017-04-07,199268.93921449292,TECL,33230.6524933214,0.0,6.082854270935059,False
2017-04-10,198182.04129461187,TECL,33230.6524933214,0.0,6.082854270935059,False
2017-04-11,195917.592720611,TECL,33230.6524933214,0.0,6.082854270935059,False
2017-04-12,193864.49289145833,TECL,33230.6524933214,0.0,6.082854270935059,False
2017-04-13,191600.12354550694,TECL,33230.6524933214,0.0,6.082854270935059,False
2017-04-17,196521.43722268596,TECL,33230.6524933214,0.0,6.082854270935059,False
2017-04-18,196310.10432344762,TECL,33230.6524933214,0.0,6.082854270935059,False
2017-04-19,195796.84917317182,TECL,33230.6524933214,0.0,6.082854270935059,False
2017-04-20,200869.10813025967,TECL,33230.6524933214,0.0,6.082854270935059,False
2017-04-21,200023.7131508668,TECL,33230.6524933214,0.0,6.082854270935059,False
2017-04-24,206998.12665719845,TECL,33230.6524933214,0.0,6.082854270935059,False
2017-04-25,210349.4731510804,TECL,33230.6524933214,0.0,6.082854270935059,False
2017-04-26,209685.25687528585,TECL,33230.6524933214,0.0,6.082854270935059,False
2017-04-27,212583.68830139178,TECL,33230.6524933214,0.0,6.082854270935059,False
2017-04-28,213640.44787124274,TECL,33230.6524933214,0.0,6.082854270935059,False
2017-05-01,218320.2427623236,TECL,33230.6524933214,0.0,6.429017543792725,False
2017-05-02,219648.6911595226,TECL,33230.6524933214,0.0,6.429017543792725,False
2017-05-03,218290.04102985395,TECL,33230.6524933214,0.0,6.429017543792725,False
2017-05-04,218108.9098630853,TECL,33230.6524933214,0.0,6.429017543792725,False
2017-05-05,220645.04726443416,TECL,33230.6524933214,0.0,6.429017543792725,False
2017-05-08,223362.31583255166,TECL,33230.6524933214,0.0,6.429017543792725,False
2017-05-09,224117.15315136517,TECL,33230.6524933214,0.0,6.429017543792725,False
2017-05-10,226743.89575012308,TECL,33230.6524933214,0.0,6.429017543792725,False
2017-05-11,225989.0901225294,TECL,33230.6524933214,0.0,6.429017543792725,False
2017-05-12,227830.80951561403,TECL,33230.6524933214,0.0,6.429017543792725,False
2017-05-15,231031.16319275743,TECL,33230.6524933214,0.0,6.429017543792725,False
2017-05-16,234442.91315157874,TECL,33230.6524933214,0.0,6.429017543792725,False
2017-05-17,215059.50146585077,TECL,33230.6524933214,0.0,6.429017543792725,False
2017-05-18,219558.13349894324,TECL,33230.6524933214,0.0,6.429017543792725,False
2017-05-19,222909.44830160536,TECL,33230.6524933214,0.0,6.429017543792725,False
2017-05-22,228464.79236771908,TECL,33230.6524933214,0.0,6.429017543792725,False
2017-05-23,229159.2737584229,TECL,33230.6524933214,0.0,6.429017543792725,False
2017-05-24,231725.59704663153,TECL,33230.6524933214,0.0,6.429017543792725,False
2017-05-25,237371.59384698403,TECL,33230.6524933214,0.0,6.429017543792725,False
2017-05-26,237160.18171969624,TECL,33230.6524933214,0.0,6.429017543792725,False
2017-05-30,239817.14189653375,TECL,33230.6524933214,0.0,6.429017543792725,False
2017-05-31,238367.87072384614,TECL,33230.6524933214,0.0,6.429017543792725,False
2017-06-01,239968.05548522278,TQQQ,56336.56122813111,0.0,4.2595438957214355,False
2017-06-02,248160.388097172,TQQQ,56336.56122813111,0.0,4.2595438957214355,False
2017-06-05,247959.450121295,TQQQ,56336.56122813111,0.0,4.2595438957214355,False
2017-06-06,245146.85572633205,TQQQ,56336.56122813111,0.0,4.2595438957214355,False
2017-06-07,247825.50937962084,TQQQ,56336.56122813111,0.0,4.2595438957214355,False
2017-06-08,248495.26681472317,TQQQ,56336.56122813111,0.0,4.2595438957214355,False
2017-06-09,230525.5824209489,TQQQ,56336.56122813111,0.0,4.2595438957214355,False
2017-06-12,226351.28401566437,TQQQ,56336.56122813111,0.0,4.2595438957214355,False
2017-06-13,231641.70154150212,TQQQ,56336.56122813111,0.0,4.2595438957214355,False
2017-06-14,228538.8484795136,TQQQ,56336.56122813111,0.0,4.2595438957214355,False
2017-06-15,225458.29201110505,TQQQ,56336.56122813111,0.0,4.2595438957214355,False
2017-06-16,222757.32833255347,TQQQ,56336.56122813111,0.0,4.2595438957214355,False
2017-06-19,233539.11479178886,TQQQ,56336.56122813111,0.0,4.2595438957214355,False
2017-06-20,228248.67040258535,TQQQ,56336.56122813111,0.0,4.2595438957214355,False
2017-06-21,234878.49534516476,TQQQ,56336.56122813111,0.0,4.2595438957214355,False
2017-06-22,234610.5601350849,TQQQ,56336.56122813111,0.0,4.2595438957214355,False
2017-06-23,237244.67432794534,TQQQ,56336.56122813111,0.0,4.2595438957214355,False
2017-06-26,234097.17435206546,TQQQ,56336.56122813111,0.0,4.2595438957214355,False
2017-06-27,221217.06353003206,TQQQ,56336.56122813111,0.0,4.2595438957214355,False
2017-06-28,230503.23210063746,TQQQ,56336.56122813111,0.0,4.2595438957214355,False
2017-06-29,215971.2499367005,CASH,0.0,215971.2499367005,,False
2017-06-30,215971.2499367005,CASH,0.0,215971.2499367005,,False
2017-07-03,215971.2499367005,TECL,33808.20038056994,0.0,6.388132095336914,False
2017-07-05,222145.36961469857,TECL,33808.20038056994,0.0,6.388132095336914,False
2017-07-06,216339.87286431956,TECL,33808.20038056994,0.0,6.388132095336914,False
2017-07-07,223404.74261852953,TECL,33808.20038056994,0.0,6.388132095336914,False
2017-07-10,228319.44092967804,TECL,33808.20038056994,0.0,6.388132095336914,False
2017-07-11,230346.78642655176,TECL,33808.20038056994,0.0,6.388132095336914,False
2017-07-12,238886.11564922548,TECL,33808.20038056994,0.0,6.388132095336914,False
2017-07-13,240176.24753287353,TECL,33808.20038056994,0.0,6.388132095336914,False
2017-07-14,246227.46065965283,TECL,33808.20038056994,0.0,6.388132095336914,False
2017-07-17,246811.12168888608,TECL,33808.20038056994,0.0,6.388132095336914,False
2017-07-18,249974.88527535344,TECL,33808.20038056994,0.0,6.388132095336914,False
2017-07-19,253476.69024069092,TECL,33808.20038056994,0.0,6.388132095336914,False
2017-07-20,255565.4567711616,TECL,33808.20038056994,0.0,6.388132095336914,False
2017-07-21,254091.12627074742,TECL,33808.20038056994,0.0,6.388132095336914,False
2017-07-24,256425.51245158125,TECL,33808.20038056994,0.0,6.388132095336914,False
2017-07-25,254858.92143272204,TECL,33808.20038056994,0.0,6.388132095336914,False
2017-07-26,257592.75390501675,TECL,33808.20038056994,0.0,6.388132095336914,False
2017-07-27,254521.07350592627,TECL,33808.20038056994,0.0,6.388132095336914,False
2017-07-28,253476.69024069092,TECL,33808.20038056994,0.0,6.388132095336914,False
2017-07-31,250558.56242559289,TECL,33808.20038056994,0.0,6.388132095336914,False
2017-08-01,253630.29118770195,TQQQ,57848.91435660791,0.0,4.38435697555542,False
2017-08-02,255487.03227001627,TQQQ,57848.91435660791,0.0,4.38435697555542,False
2017-08-03,252827.99565830687,TQQQ,57848.91435660791,0.0,4.38435697555542,False
2017-08-04,253813.75577652804,TQQQ,57848.91435660791,0.0,4.38435697555542,False
2017-08-07,258306.39006504504,TQQQ,57848.91435660791,0.0,4.38435697555542,False
2017-08-08,257343.74576781868,TQQQ,57848.91435660791,0.0,4.38435697555542,False
2017-08-09,256335.09050469814,TQQQ,57848.91435660791,0.0,4.38435697555542,False
2017-08-10,239693.8509803894,TQQQ,57848.91435660791,0.0,4.38435697555542,False
2017-08-11,245172.1626335918,TQQQ,57848.91435660791,0.0,4.38435697555542,False
2017-08-14,254707.63188552056,TQQQ,57848.91435660791,0.0,4.38435697555542,False
2017-08-15,255166.11405825824,TQQQ,57848.91435660791,0.0,4.38435697555542,False
2017-08-16,256495.604779601,TQQQ,57848.91435660791,0.0,4.38435697555542,False
2017-08-17,240725.2910503616,TQQQ,57848.91435660791,0.0,4.38435697555542,False
2017-08-18,239877.17764665585,TQQQ,57848.91435660791,0.0,4.38435697555542,False
2017-08-21,239441.6733723533,TQQQ,57848.91435660791,0.0,4.38435697555542,False
2017-08-22,250100.3839499471,TQQQ,57848.91435660791,0.0,4.38435697555542,False
2017-08-23,247303.97646884155,TQQQ,57848.91435660791,0.0,4.38435697555542,False
2017-08-24,245240.93082182563,TQQQ,57848.91435660791,0.0,4.38435697555542,False
2017-08-25,243590.63222677255,TQQQ,57848.91435660791,0.0,4.38435697555542,False
2017-08-28,245722.3081394627,TQQQ,57848.91435660791,0.0,4.38435697555542,False
2017-08-29,248747.97049919306,TQQQ,57848.91435660791,0.0,4.38435697555542,False
2017-08-30,257366.6133282061,TQQQ,57848.91435660791,0.0,4.38435697555542,False
2017-08-31,264678.68816528766,TQQQ,57848.91435660791,0.0,4.38435697555542,False
2017-09-01,264495.2787454854,TQQQ,57848.91435660791,0.0,4.575344085693359,False
2017-09-05,257412.43120251675,TQQQ,57848.91435660791,0.0,4.575344085693359,False
2017-09-06,259635.82561736397,TQQQ,57848.91435660791,0.0,4.575344085693359,False
2017-09-07,261240.3890916422,TQQQ,57848.91435660791,0.0,4.575344085693359,False
2017-09-08,254799.3228031657,TQQQ,57848.91435660791,0.0,4.575344085693359,False
2017-09-11,262913.72075415426,TQQQ,57848.91435660791,0.0,4.575344085693359,False
2017-09-12,265137.1151690015,TQQQ,57848.91435660791,0.0,4.575344085693359,False
2017-09-13,266237.32342720754,TQQQ,57848.91435660791,0.0,4.575344085693359,False
2017-09-14,261744.63396966667,TQQQ,57848.91435660791,0.0,4.575344085693359,False
2017-09-15,263853.4699064813,TQQQ,57848.91435660791,0.0,4.575344085693359,False
2017-09-18,263211.63348296523,TQQQ,57848.91435660791,0.0,4.575344085693359,False
2017-09-19,264334.8196396064,TQQQ,57848.91435660791,0.0,4.575344085693359,False
2017-09-20,262134.37553868242,TQQQ,57848.91435660791,0.0,4.575344085693359,False
2017-09-21,257091.56815978256,TQQQ,57848.91435660791,0.0,4.575344085693359,False
2017-09-22,256449.73173626652,TQQQ,57848.91435660791,0.0,4.575344085693359,False
2017-09-25,248404.1847270476,TQQQ,57848.91435660791,0.0,4.575344085693359,False
2017-09-26,250100.3839499471,TQQQ,57848.91435660791,0.0,4.575344085693359,False
2017-09-27,256885.20842605713,TQQQ,57848.91435660791,0.0,4.575344085693359,False
2017-09-28,256449.73173626652,TQQQ,57848.91435660791,0.0,4.575344085693359,False
2017-09-29,261882.1703461344,TQQQ,57848.91435660791,0.0,4.575344085693359,False
2017-10-02,262615.6976872956,TQQQ,57848.91435660791,0.0,4.527002334594727,False
2017-10-03,264266.07903588447,TQQQ,57848.91435660791,0.0,4.527002334594727,False
2017-10-04,264953.7609182231,TQQQ,57848.91435660791,0.0,4.527002334594727,False
2017-10-05,272586.6712135269,TQQQ,57848.91435660791,0.0,4.527002334594727,False
2017-10-06,273572.4313317481,TQQQ,57848.91435660791,0.0,4.527002334594727,False
2017-10-09,272884.7494494094,TQQQ,57848.91435660791,0.0,4.527002334594727,False
2017-10-10,273457.73493115586,TQQQ,57848.91435660791,0.0,4.527002334594727,False
2017-10-11,275841.58845188207,TQQQ,57848.91435660791,0.0,4.527002334594727,False
2017-10-12,274351.7213781961,TQQQ,57848.91435660791,0.0,4.527002334594727,False
2017-10-13,277423.22919674905,TQQQ,57848.91435660791,0.0,4.527002334594727,False
2017-10-16,280288.4324506004,TQQQ,57848.91435660791,0.0,4.527002334594727,False
2017-10-17,281274.1373997977,TQQQ,57848.91435660791,0.0,4.527002334594727,False
2017-10-18,280196.7139484433,TQQQ,57848.91435660791,0.0,4.527002334594727,False
2017-10-19,277102.31098499097,TQQQ,57848.91435660791,0.0,4.527002334594727,False
2017-10-20,279119.45600416046,TQQQ,57848.91435660791,0.0,4.527002334594727,False
2017-10-23,273916.1895193816,TQQQ,57848.91435660791,0.0,4.527002334594727,False
2017-10-24,275314.3656754225,TQQQ,57848.91435660791,0.0,4.527002334594727,False
2017-10-25,271967.812688446,TQQQ,57848.91435660791,0.0,4.527002334594727,False
2017-10-26,269446.34003771626,TQQQ,57848.91435660791,0.0,4.527002334594727,False
2017-10-27,292666.264980505,TQQQ,57848.91435660791,0.0,4.527002334594727,False
2017-10-30,294752.1506033964,TQQQ,57848.91435660791,0.0,4.527002334594727,False
2017-10-31,297869.5314652838,TQQQ,57848.91435660791,0.0,4.527002334594727,False
2017-11-01,297479.7898962681,TQQQ,57848.91435660791,0.0,5.149094581604004,False
2017-11-02,295967.0000931708,TQQQ,57848.91435660791,0.0,5.149094581604004,False
2017-11-03,304218.9344206271,TQQQ,57848.91435660791,0.0,5.149094581604004,False
2017-11-06,307313.30979956745,TQQQ,57848.91435660791,0.0,5.149094581604004,False
2017-11-07,307817.6098466158,TQQQ,57848.91435660791,0.0,5.149094581604004,False
2017-11-08,311668.5456341764,TQQQ,57848.91435660791,0.0,5.149094581604004,False
2017-11-09,306671.5009605633,TQQQ,57848.91435660791,0.0,5.149094581604004,False
2017-11-10,306579.8376274301,TQQQ,57848.91435660791,0.0,5.149094581604004,False
2017-11-13,307496.66405034583,TQQQ,57848.91435660791,0.0,5.149094581604004,False
2017-11-14,304402.2335023816,TQQQ,57848.91435660791,0.0,5.149094581604004,False
2017-11-15,299932.494358764,TQQQ,57848.91435660791,0.0,5.149094581604004,False
2017-11-16,311164.1628335923,TQQQ,57848.91435660791,0.0,5.149094581604004,False
2017-11-17,307680.0458856361,TQQQ,57848.91435660791,0.0,5.149094581604004,False
2017-11-20,306923.67856859945,TQQQ,57848.91435660791,0.0,5.149094581604004,False
2017-11-21,316596.656612484,TQQQ,57848.91435660791,0.0,5.149094581604004,False
2017-11-22,317857.351561081,TQQQ,57848.91435660791,0.0,5.149094581604004,False
2017-11-24,321433.2145957061,TQQQ,57848.91435660791,0.0,5.149094581604004,False
2017-11-27,320906.0194037584,TQQQ,57848.91435660791,0.0,5.149094581604004,False
2017-11-28,323266.9501950734,TQQQ,57848.91435660791,0.0,5.149094581604004,False
2017-11-29,306648.57823115203,TQQQ,57848.91435660791,0.0,5.149094581604004,False
2017-11-30,314258.6485505804,TQQQ,57848.91435660791,0.0,5.149094581604004,False
2017-12-01,310063.9269908743,TECL,31106.296449079386,0.0,9.967883110046387,False
2017-12-04,294887.20145352406,TECL,31106.296449079386,0.0,9.967883110046387,False
2017-12-05,295085.09850973345,TECL,31106.296449079386,0.0,9.967883110046387,False
2017-12-06,300652.70717506594,TECL,31106.296449079386,0.0,9.967883110046387,False
2017-12-07,306163.83315489057,TECL,31106.296449079386,0.0,9.967883110046387,False
2017-12-08,310714.01184918225,TECL,31106.296449079386,0.0,9.967883110046387,False
2017-12-11,318288.2094485664,TECL,31106.296449079386,0.0,9.967883110046387,False
2017-12-12,317779.50929568405,TECL,31106.296449079386,0.0,9.967883110046387,False
2017-12-13,318457.7761661939,TECL,31106.296449079386,0.0,9.967883110046387,False
2017-12-14,317072.94175186823,TECL,31106.296449079386,0.0,9.967883110046387,False
2017-12-15,328151.6763970254,TECL,31106.296449079386,0.0,9.967883110046387,False
2017-12-18,336602.0675884048,TECL,31106.296449079386,0.0,9.967883110046387,False
2017-12-19,330271.0230451607,TECL,31106.296449079386,0.0,9.967883110046387,False
2017-12-20,330271.0230451607,TECL,31106.296449079386,0.0,9.967883110046387,False
2017-12-21,328234.26452541497,TECL,31106.296449079386,0.0,9.967883110046387,False
2017-12-22,327244.215604124,TECL,31106.296449079386,0.0,9.967883110046387,False
2017-12-26,320681.15893726825,TECL,31106.296449079386,0.0,9.967883110046387,False
2017-12-27,321784.4698823348,TECL,31106.296449079386,0.0,9.967883110046387,False
2017-12-28,322944.26351290924,TECL,31106.296449079386,0.0,9.967883110046387,False
2017-12-29,317314.8620776646,TECL,31106.296449079386,0.0,9.967883110046387,False
2018-01-02,329111.22941458627,TECL,31106.296449079386,0.0,10.200984954833984,False
2018-01-03,337201.78080806136,TECL,31106.296449079386,0.0,10.200984954833984,False
2018-01-04,343001.0456136935,TECL,31106.296449079386,0.0,10.200984954833984,False
2018-01-05,353977.04940805567,TECL,31106.296449079386,0.0,10.200984954833984,False
2018-01-08,357767.76737142,TECL,31106.296449079386,0.0,10.200984954833984,False
2018-01-09,354684.2399226675,TECL,31106.296449079386,0.0,10.200984954833984,False
2018-01-10,350752.2262497056,TECL,31106.296449079386,0.0,10.200984954833984,False
2018-01-11,355872.42322237586,TECL,31106.296449079386,0.0,10.200984954833984,False
2018-01-12,361360.4102869189,TECL,31106.296449079386,0.0,10.200984954833984,False
2018-01-16,357202.05055806175,TECL,31106.296449079386,0.0,10.200984954833984,False
2018-01-17,373298.25132509414,TECL,31106.296449079386,0.0,10.200984954833984,False
2018-01-18,375193.59547413833,TECL,31106.296449079386,0.0,10.200984954833984,False
2018-01-19,376636.3068419439,TECL,31106.296449079386,0.0,10.200984954833984,False
2018-01-22,387612.39963213407,TECL,31106.296449079386,0.0,10.200984954833984,False
2018-01-23,393864.26755372883,TECL,31106.296449079386,0.0,10.200984954833984,False
2018-01-24,384698.64655794104,TECL,31106.296449079386,0.0,10.200984954833984,False
2018-01-25,382152.6835756209,TECL,31106.296449079386,0.0,10.200984954833984,False
2018-01-26,399295.6532716601,TECL,31106.296449079386,0.0,10.200984954833984,False
2018-01-29,389026.81032663374,TECL,31106.296449079386,0.0,10.200984954833984,False
2018-01-30,378022.5058589656,TECL,31106.296449079386,0.0,10.200984954833984,False
2018-01-31,387103.2248348356,TECL,31106.296449079386,0.0,10.200984954833984,False
2018-02-01,387612.39963213407,TECL,31106.296449079386,0.0,12.44452953338623,False
2018-02-02,352930.3694748769,TECL,31106.296449079386,0.0,12.44452953338623,False
2018-02-05,342010.90451641864,CASH,0.0,342010.90451641864,,False
2018-02-06,342010.90451641864,CASH,0.0,342010.90451641864,,False
2018-02-07,342010.90451641864,CASH,0.0,342010.90451641864,,False
2018-02-08,342010.90451641864,CASH,0.0,342010.90451641864,,False
2018-02-09,342010.90451641864,CASH,0.0,342010.90451641864,,False
2018-02-12,342010.90451641864,CASH,0.0,342010.90451641864,,False
2018-02-13,342010.90451641864,CASH,0.0,342010.90451641864,,False
2018-02-14,342010.90451641864,CASH,0.0,342010.90451641864,,False
2018-02-15,342010.90451641864,CASH,0.0,342010.90451641864,,False
2018-02-16,342010.90451641864,CASH,0.0,342010.90451641864,,False
2018-02-20,342010.90451641864,CASH,0.0,342010.90451641864,,False
2018-02-21,342010.90451641864,CASH,0.0,342010.90451641864,,False
2018-02-22,342010.90451641864,CASH,0.0,342010.90451641864,,False
2018-02-23,342010.90451641864,CASH,0.0,342010.90451641864,,False
2018-02-26,342010.90451641864,CASH,0.0,342010.90451641864,,False
2018-02-27,342010.90451641864,CASH,0.0,342010.90451641864,,False
2018-02-28,342010.90451641864,CASH,0.0,342010.90451641864,,False
2018-03-01,342010.90451641864,TQQQ,54550.23477579543,0.0,6.269650459289551,False
2018-03-02,351413.41399849043,TQQQ,54550.23477579543,0.0,6.269650459289551,False
2018-03-05,362436.99109104654,TQQQ,54550.23477579543,0.0,6.269650459289551,False
2018-03-06,367019.26887005754,TQQQ,54550.23477579543,0.0,6.269650459289551,False
2018-03-07,369764.3748408354,TQQQ,54550.23477579543,0.0,6.269650459289551,False
2018-03-08,375276.150381324,TQQQ,54550.23477579543,0.0,6.269650459289551,False
2018-03-09,397128.7119444624,TQQQ,54550.23477579543,0.0,6.269650459289551,False
2018-03-12,403072.7999267643,TQQQ,54550.23477579543,0.0,6.269650459289551,False
2018-03-13,388439.5700145404,TQQQ,54550.23477579543,0.0,6.269650459289551,False
2018-03-14,387120.9910554308,TQQQ,54550.23477579543,0.0,6.269650459289551,False
2018-03-15,385391.81932291423,TQQQ,54550.23477579543,0.0,6.269650459289551,False
2018-03-16,382841.3059741102,TQQQ,54550.23477579543,0.0,6.269650459289551,False
2018-03-19,358805.67062613025,TQQQ,54550.23477579543,0.0,6.269650459289551,False
2018-03-20,361442.72449803376,TQQQ,54550.23477579543,0.0,6.269650459289551,False
2018-03-21,356211.87400998705,TQQQ,54550.23477579543,0.0,6.269650459289551,False
2018-03-22,330187.6274412446,TQQQ,54550.23477579543,0.0,6.269650459289551,False
2018-03-23,307809.81406477676,CASH,0.0,307809.81406477676,,False
2018-03-26,307809.81406477676,CASH,0.0,307809.81406477676,,False
2018-03-27,307809.81406477676,CASH,0.0,307809.81406477676,,False
2018-03-28,307809.81406477676,CASH,0.0,307809.81406477676,,False
2018-03-29,307809.81406477676,CASH,0.0,307809.81406477676,,False
2018-04-02,307809.81406477676,TQQQ,59236.952427067125,0.0,5.19624662399292,False
2018-04-03,318137.4532654886,TQQQ,59236.952427067125,0.0,5.19624662399292,False
2018-04-04,333182.85935590306,TQQQ,59236.952427067125,0.0,5.19624662399292,False
2018-04-05,338417.0830585484,TQQQ,59236.952427067125,0.0,5.19624662399292,False
2018-04-06,313161.42972293455,TQQQ,59236.952427067125,0.0,5.19624662399292,False
2018-04-09,319428.369326805,TQQQ,59236.952427067125,0.0,5.19624662399292,False
2018-04-10,340529.5450837917,TQQQ,59236.952427067125,0.0,5.19624662399292,False
2018-04-11,334802.45029555034,TQQQ,59236.952427067125,0.0,5.19624662399292,False
2018-04-12,346538.34102033096,TQQQ,59236.952427067125,0.0,5.19624662399292,False
2018-04-13,341398.0647777517,TQQQ,59236.952427067125,0.0,5.19624662399292,False
2018-04-16,348932.50419387216,TQQQ,59236.952427067125,0.0,5.19624662399292,False
2018-04-17,371254.262525836,TQQQ,59236.952427067125,0.0,5.19624662399292,False
2018-04-18,373836.1228948489,TQQQ,59236.952427067125,0.0,5.19624662399292,False
2018-04-19,363672.79288692237,TQQQ,59236.952427067125,0.0,5.19624662399292,False
2018-04-20,346233.1953765867,TQQQ,59236.952427067125,0.0,5.19624662399292,False
2018-04-23,343510.4985566149,TQQQ,59236.952427067125,0.0,5.19624662399292,False
2018-04-24,321611.24957752775,TQQQ,59236.952427067125,0.0,5.19624662399292,False
2018-04-25,322878.8058825379,TQQQ,59236.952427067125,0.0,5.19624662399292,False
2018-04-26,342900.15077636624,TQQQ,59236.952427067125,0.0,5.19624662399292,False
2018-04-27,343698.30873760686,TQQQ,59236.952427067125,0.0,5.19624662399292,False
2018-04-30,336375.0675051646,TQQQ,59236.952427067125,0.0,5.19624662399292,False
2018-05-01,347312.96974698495,TECL,32624.7437869325,0.0,10.645691871643066,False
2018-05-02,346066.87886881625,TECL,32624.7437869325,0.0,10.645691871643066,False
2018-05-03,348826.1067676586,TECL,32624.7437869325,0.0,10.645691871643066,False
2018-05-04,368704.7876431057,TECL,32624.7437869325,0.0,10.645691871643066,False
2018-05-07,376448.5657349043,TECL,32624.7437869325,0.0,10.645691871643066,False
2018-05-08,377932.08281760005,TECL,32624.7437869325,0.0,10.645691871643066,False
2018-05-09,391876.8198157853,TECL,32624.7437869325,0.0,10.645691871643066,False
2018-05-10,407304.94944314525,TECL,32624.7437869325,0.0,10.645691871643066,False
2018-05-11,405613.7816608017,TECL,32624.7437869325,0.0,10.645691871643066,False
2018-05-14,405257.8445909827,TECL,32624.7437869325,0.0,10.645691871643066,False
2018-05-15,393627.2897008452,TECL,32624.7437869325,0.0,10.645691871643066,False
2018-05-16,399027.2035198577,TECL,32624.7437869325,0.0,10.645691871643066,False
2018-05-17,392974.4687568818,TECL,32624.7437869325,0.0,10.645691871643066,False
2018-05-18,387901.0276366114,TECL,32624.7437869325,0.0,10.645691871643066,False
2018-05-21,397662.3217559749,TECL,32624.7437869325,0.0,10.645691871643066,False
2018-05-22,395644.8679551705,TECL,32624.7437869325,0.0,10.645691871643066,False
2018-05-23,404694.07014123444,TECL,32624.7437869325,0.0,10.645691871643066,False
2018-05-24,403062.26668836764,TECL,32624.7437869325,0.0,10.645691871643066,False
2018-05-25,402201.7328179959,TECL,32624.7437869325,0.0,10.645691871643066,False
2018-05-29,394517.319055674,TECL,32624.7437869325,0.0,10.645691871643066,False
2018-05-30,403210.55305853876,TECL,32624.7437869325,0.0,10.645691871643066,False
2018-05-31,403358.96388223075,TECL,32624.7437869325,0.0,10.645691871643066,False
2018-06-01,424572.71990330133,TQQQ,61065.31832933349,0.0,6.952763557434082,False
2018-06-04,435461.09706438263,TQQQ,61065.31832933349,0.0,6.952763557434082,False
2018-06-05,439961.6371617624,TQQQ,61065.31832933349,0.0,6.952763557434082,False
2018-06-06,447220.3999720147,TQQQ,61065.31832933349,0.0,6.952763557434082,False
2018-06-07,436840.22297992534,TQQQ,61065.31832933349,0.0,6.952763557434082,False
2018-06-08,436549.8561613161,TQQQ,61065.31832933349,0.0,6.952763557434082,False
2018-06-11,439961.6371617624,TQQQ,61065.31832933349,0.0,6.952763557434082,False
2018-06-12,446930.0913898311,TQQQ,61065.31832933349,0.0,6.952763557434082,False
2018-06-13,446422.0076936906,TQQQ,61065.31832933349,0.0,6.952763557434082,False
2018-06-14,459996.1032176307,TQQQ,61065.31832933349,0.0,6.952763557434082,False
2018-06-15,455423.0587702372,TQQQ,61065.31832933349,0.0,6.952763557434082,False
2018-06-18,454406.8040233175,TQQQ,61065.31832933349,0.0,6.952763557434082,False
2018-06-19,450341.7850356389,TQQQ,61065.31832933349,0.0,6.952763557434082,False
2018-06-20,459778.38634009945,TQQQ,61065.31832933349,0.0,6.952763557434082,False
2018-06-21,447873.7253138856,TQQQ,61065.31832933349,0.0,6.952763557434082,False
2018-06-22,443373.2143347187,TQQQ,61065.31832933349,0.0,6.952763557434082,False
2018-06-25,415063.5268941885,TQQQ,61065.31832933349,0.0,6.952763557434082,False
2018-06-26,419636.6295780077,TQQQ,61065.31832933349,0.0,6.952763557434082,False
2018-06-27,402796.08205399016,TQQQ,61065.31832933349,0.0,6.952763557434082,False
2018-06-28,412668.175349939,TQQQ,61065.31832933349,0.0,6.952763557434082,False
2018-06-29,414555.41407983506,TQQQ,61065.31832933349,0.0,6.952763557434082,False
2018-07-02,423846.831974991,TECL,33887.98856173854,0.0,12.507287979125977,False
2018-07-03,408284.8891075187,TECL,33887.98856173854,0.0,12.507287979125977,False
2018-07-05,425081.965286122,TECL,33887.98856173854,0.0,12.507287979125977,False
2018-07-06,440458.66077959765,TECL,33887.98856173854,0.0,12.507287979125977,False
2018-07-09,450401.0023944479,TECL,33887.98856173854,0.0,12.507287979125977,False
2018-07-10,453550.43397912086,TECL,33887.98856173854,0.0,12.507287979125977,False
2018-07-11,446510.48435947555,TECL,33887.98856173854,0.0,12.507287979125977,False
2018-07-12,468803.6096778625,TECL,33887.98856173854,0.0,12.507287979125977,False
2018-07-13,467506.7811055732,TECL,33887.98856173854,0.0,12.507287979125977,False
2018-07-16,464326.51804937323,TECL,33887.98856173854,0.0,12.507287979125977,False
2018-07-17,474021.8200747556,TECL,33887.98856173854,0.0,12.507287979125977,False
2018-07-18,471922.1774729041,TECL,33887.98856173854,0.0,12.507287979125977,False
2018-07-19,467167.18246531556,TECL,33887.98856173854,0.0,12.507287979125977,False
2018-07-20,466456.9921227517,TECL,33887.98856173854,0.0,12.507287979125977,False
2018-07-23,473435.08489071706,TECL,33887.98856173854,0.0,12.507287979125977,False
2018-07-24,481710.1031852847,TECL,33887.98856173854,0.0,12.507287979125977,False
2018-07-25,498970.29779887956,TECL,33887.98856173854,0.0,12.507287979125977,False
2018-07-26,476738.9323778596,TECL,33887.98856173854,0.0,12.507287979125977,False
2018-07-27,451080.3289473804,TECL,33887.98856173854,0.0,12.507287979125977,False
2018-07-30,430732.46264647966,TECL,33887.98856173854,0.0,12.507287979125977,False
2018-07-31,434344.9480299355,TECL,33887.98856173854,0.0,12.507287979125977,False
2018-08-01,445090.16831055656,TECL,33887.98856173854,0.0,12.817076683044434,False
2018-08-02,462597.370195515,TECL,33887.98856173854,0.0,12.817076683044434,False
2018-08-03,467475.98195215047,TECL,33887.98856173854,0.0,12.817076683044434,False
2018-08-06,475318.6486470449,TECL,33887.98856173854,0.0,12.817076683044434,False
2018-08-07,480166.2996597361,TECL,33887.98856173854,0.0,12.817076683044434,False
2018-08-08,483717.1544182422,TECL,33887.98856173854,0.0,12.817076683044434,False
2018-08-09,484303.8249660721,TECL,33887.98856173854,0.0,12.817076683044434,False
2018-08-10,472910.2065583585,TECL,33887.98856173854,0.0,12.817076683044434,False
2018-08-13,471088.5642899193,TECL,33887.98856173854,0.0,12.817076683044434,False
2018-08-14,479610.5252196419,TECL,33887.98856173854,0.0,12.817076683044434,False
2018-08-15,466950.97434737463,TECL,33887.98856173854,0.0,12.817076683044434,False
2018-08-16,472261.87306747463,TECL,33887.98856173854,0.0,12.817076683044434,False
2018-08-17,474515.76998127415,TECL,33887.98856173854,0.0,12.817076683044434,False
2018-08-20,472014.8011599024,TECL,33887.98856173854,0.0,12.817076683044434,False
2018-08-21,473929.06711534,TECL,33887.98856173854,0.0,12.817076683044434,False
2018-08-22,478066.72169409326,TECL,33887.98856173854,0.0,12.817076683044434,False
2018-08-23,480752.97020756593,TECL,33887.98856173854,0.0,12.817076683044434,False
2018-08-24,495357.71546111075,TECL,33887.98856173854,0.0,12.817076683044434,False
2018-08-27,509128.8798497751,TECL,33887.98856173854,0.0,12.817076683044434,False
2018-08-28,510734.47559079505,TECL,33887.98856173854,0.0,12.817076683044434,False
2018-08-29,524999.5252497693,TECL,33887.98856173854,0.0,12.817076683044434,False
2018-08-30,520553.20045659837,TECL,33887.98856173854,0.0,12.817076683044434,False
2018-08-31,521788.3014496251,TECL,33887.98856173854,0.0,12.817076683044434,False
2018-09-04,515767.34165937855,TQQQ,60734.653344629056,0.0,8.492142677307129,False
2018-09-05,495263.68513717584,TQQQ,60734.653344629056,0.0,8.492142677307129,False
2018-09-06,481763.0345938298,TQQQ,60734.653344629056,0.0,8.492142677307129,False
2018-09-07,476998.157029022,TQQQ,60734.653344629056,0.0,8.492142677307129,False
2018-09-10,481185.56143609405,TQQQ,60734.653344629056,0.0,8.492142677307129,False
2018-09-11,491870.4366444182,TQQQ,60734.653344629056,0.0,8.492142677307129,False
2018-09-12,487610.978415057,TQQQ,60734.653344629056,0.0,8.492142677307129,False
2018-09-13,502050.0083594539,TQQQ,60734.653344629056,0.0,8.492142677307129,False
2018-09-14,498223.683958934,TQQQ,60734.653344629056,0.0,8.492142677307129,False
2018-09-17,477214.8108250612,TQQQ,60734.653344629056,0.0,8.492142677307129,False
2018-09-18,488549.53157934494,TQQQ,60734.653344629056,0.0,8.492142677307129,False
2018-09-19,487466.6390861626,TQQQ,60734.653344629056,0.0,8.492142677307129,False
2018-09-20,502771.9946093211,TQQQ,60734.653344629056,0.0,8.492142677307129,False
2018-09-21,494758.3237228082,TQQQ,60734.653344629056,0.0,8.492142677307129,False
2018-09-24,499017.89779432747,TQQQ,60734.653344629056,0.0,8.492142677307129,False
2018-09-25,501039.5172150348,TQQQ,60734.653344629056,0.0,8.492142677307129,False
2018-09-26,500534.0978795882,TQQQ,60734.653344629056,0.0,8.492142677307129,False
2018-09-27,514395.48090301227,TQQQ,60734.653344629056,0.0,8.492142677307129,False
2018-09-28,513601.3829097768,TQQQ,60734.653344629056,0.0,8.492142677307129,False
2018-10-01,516561.381731535,TECL,33392.55776415202,0.0,15.469356536865234,False
2018-10-02,516348.39819354954,TECL,33392.55776415202,0.0,15.469356536865234,False
2018-10-03,521067.60131766234,TECL,33392.55776415202,0.0,15.469356536865234,False
2018-10-04,494000.44445055566,TECL,33392.55776415202,0.0,15.469356536865234,False
2018-10-05,464905.2435583815,CASH,0.0,464905.2435583815,,False
2018-10-08,464905.2435583815,CASH,0.0,464905.2435583815,,False
2018-10-09,464905.2435583815,CASH,0.0,464905.2435583815,,False
2018-10-10,464905.2435583815,CASH,0.0,464905.2435583815,,False
2018-10-11,464905.2435583815,CASH,0.0,464905.2435583815,,False
2018-10-12,464905.2435583815,CASH,0.0,464905.2435583815,,False
2018-10-15,464905.2435583815,CASH,0.0,464905.2435583815,,False
2018-10-16,464905.2435583815,CASH,0.0,464905.2435583815,,False
2018-10-17,464905.2435583815,CASH,0.0,464905.2435583815,,False
2018-10-18,464905.2435583815,CASH,0.0,464905.2435583815,,False
2018-10-19,464905.2435583815,CASH,0.0,464905.2435583815,,False
2018-10-22,464905.2435583815,CASH,0.0,464905.2435583815,,False
2018-10-23,464905.2435583815,CASH,0.0,464905.2435583815,,False
2018-10-24,464905.2435583815,CASH,0.0,464905.2435583815,,False
2018-10-25,464905.2435583815,CASH,0.0,464905.2435583815,,False
2018-10-26,464905.2435583815,CASH,0.0,464905.2435583815,,False
2018-10-29,464905.2435583815,CASH,0.0,464905.2435583815,,False
2018-10-30,464905.2435583815,CASH,0.0,464905.2435583815,,False
2018-10-31,464905.2435583815,CASH,0.0,464905.2435583815,,False
2018-11-01,464905.2435583815,SHY,6651.490589321931,0.0,69.89489608610798,False
2018-11-02,464345.0819782193,SHY,6651.490589321931,0.0,69.89489608610798,False
2018-11-05,464513.2225841069,SHY,6651.490589321931,0.0,69.89489608610798,False
2018-11-06,464401.0264781387,SHY,6651.490589321931,0.0,69.89489608610798,False
2018-11-07,464233.1929783807,SHY,6651.490589321931,0.0,69.89489608610798,False
2018-11-08,464176.68545055744,SHY,6651.490589321931,0.0,69.89489608610798,False
2018-11-09,464401.0264781387,SHY,6651.490589321931,0.0,69.89489608610798,False
2018-11-12,464737.3076899137,SHY,6651.490589321931,0.0,69.89489608610798,False
2018-11-13,464793.5592959624,SHY,6651.490589321931,0.0,69.89489608610798,False
2018-11-14,465129.48221725307,SHY,6651.490589321931,0.0,69.89489608610798,False
2018-11-15,465353.7208761245,SHY,6651.490589321931,0.0,69.89489608610798,False
2018-11-16,465689.74616612494,SHY,6651.490589321931,0.0,69.89489608610798,False
2018-11-19,466081.97187781933,SHY,6651.490589321931,0.0,69.89489608610798,False
2018-11-20,465970.0316936258,SHY,6651.490589321931,0.0,69.89489608610798,False
2018-11-21,465970.0316936258,SHY,6651.490589321931,0.0,69.89489608610798,False
2018-11-23,465857.9379563673,SHY,6651.490589321931,0.0,69.89489608610798,False
2018-11-26,465913.9336406416,SHY,6651.490589321931,0.0,69.89489608610798,False
2018-11-27,465970.0316936258,SHY,6651.490589321931,0.0,69.89489608610798,False
2018-11-28,466137.8651933837,SHY,6651.490589321931,0.0,69.89489608610798,False
2018-11-29,466250.11248370685,SHY,6651.490589321931,0.0,69.89489608610798,False
2018-11-30,466418.09953652945,SHY,6651.490589321931,0.0,69.89489608610798,False
2018-12-03,466036.520170657,GLD,4003.406112101589,0.0,116.41000366210938,False
2018-12-04,468878.9348450214,GLD,4003.406112101589,0.0,116.41000366210938,False
2018-12-06,468958.98952809494,GLD,4003.406112101589,0.0,116.41000366210938,False
2018-12-07,472762.21311716555,GLD,4003.406112101589,0.0,116.41000366210938,False
2018-12-10,471120.83249385754,GLD,4003.406112101589,0.0,116.41000366210938,False
2018-12-11,470560.35808164853,GLD,4003.406112101589,0.0,116.41000366210938,False
2018-12-12,471561.20960967394,GLD,4003.406112101589,0.0,116.41000366210938,False
2018-12-13,470520.3154683294,GLD,4003.406112101589,0.0,116.41000366210938,False
2018-12-14,468638.70970867126,GLD,4003.406112101589,0.0,116.41000366210938,False
2018-12-17,471881.48942909756,GLD,4003.406112101589,0.0,116.41000366210938,False
2018-12-18,473002.4382535157,GLD,4003.406112101589,0.0,116.41000366210938,False
2018-12-19,470119.9809658322,GLD,4003.406112101589,0.0,116.41000366210938,False
2018-12-20,477366.13625479536,GLD,4003.406112101589,0.0,116.41000366210938,False
2018-12-21,475284.378515671,GLD,4003.406112101589,0.0,116.41000366210938,False
2018-12-24,480488.78813526424,GLD,4003.406112101589,0.0,116.41000366210938,False
2018-12-26,479047.5900349872,GLD,4003.406112101589,0.0,116.41000366210938,False
2018-12-27,482690.67371434596,GLD,4003.406112101589,0.0,116.41000366210938,False
2018-12-28,484652.33415707765,GLD,4003.406112101589,0.0,116.41000366210938,False
2018-12-31,485412.9910923176,GLD,4003.406112101589,0.0,116.41000366210938,False
2019-01-02,485733.2709117413,GLD,4003.406112101589,0.0,121.25,False
2019-01-03,490137.0115263401,GLD,4003.406112101589,0.0,121.25,False
2019-01-04,486173.64802755765,GLD,4003.406112101589,0.0,121.25,False
2019-01-07,487855.0712641848,GLD,4003.406112101589,0.0,121.25,False
2019-01-08,486533.93991673575,GLD,4003.406112101589,0.0,121.25,False
2019-01-09,489656.59179720463,GLD,4003.406112101589,0.0,121.25,False
2019-01-10,486774.1345095211,GLD,4003.406112101589,0.0,121.25,False
2019-01-11,487614.8766713994,GLD,4003.406112101589,0.0,121.25,False
2019-01-14,488775.83756557194,GLD,4003.406112101589,0.0,121.25,False
2019-01-15,487935.1259472584,GLD,4003.406112101589,0.0,121.25,False
2019-01-16,489496.4518874928,GLD,4003.406112101589,0.0,121.25,False
2019-01-17,488855.9227922102,GLD,4003.406112101589,0.0,121.25,False
2019-01-18,484492.1942473658,GLD,4003.406112101589,0.0,121.25,False
2019-01-22,486213.66009731207,GLD,4003.406112101589,0.0,121.25,False
2019-01-23,485533.08838871034,GLD,4003.406112101589,0.0,121.25,False
2019-01-24,484772.4314534703,GLD,4003.406112101589,0.0,121.25,False
2019-01-25,491858.4773762864,GLD,4003.406112101589,0.0,121.25,False
2019-01-28,493579.94322623266,GLD,4003.406112101589,0.0,121.25,False
2019-01-29,496342.30321752344,GLD,4003.406112101589,0.0,121.25,False
2019-01-30,499184.7178918878,GLD,4003.406112101589,0.0,121.25,False
2019-01-31,499424.9124846732,GLD,4003.406112101589,0.0,121.25,False
2019-02-01,498424.0609566478,GLD,4003.406112101589,0.0,124.75,False
2019-02-04,496262.2179908852,GLD,4003.406112101589,0.0,124.75,False
2019-02-05,497543.3067250151,GLD,4003.406112101589,0.0,124.75,False
2019-02-06,494180.46025176084,GLD,4003.406112101589,0.0,124.75,False
2019-02-07,495381.4637592525,GLD,4003.406112101589,0.0,124.75,False
2019-02-08,497263.0695189106,GLD,4003.406112101589,0.0,124.75,False
2019-02-11,494820.98934704345,GLD,4003.406112101589,0.0,124.75,False
2019-02-12,495861.883488388,GLD,4003.406112101589,0.0,124.75,False
2019-02-13,493900.2230456563,GLD,4003.406112101589,0.0,124.75,False
2019-02-14,496662.5524933824,GLD,4003.406112101589,0.0,124.75,False
2019-02-15,499625.09500770416,GLD,4003.406112101589,0.0,124.75,False
2019-02-19,507231.54218584544,GLD,4003.406112101589,0.0,124.75,False
2019-02-20,506350.81849777745,GLD,4003.406112101589,0.0,124.75,False
2019-02-21,500625.94653572957,GLD,4003.406112101589,0.0,124.75,False
2019-02-22,502427.4670687494,GLD,4003.406112101589,0.0,124.75,False
2019-02-25,501907.0352698595,GLD,4003.406112101589,0.0,124.75,False
2019-02-26,502747.74688817305,GLD,4003.406112101589,0.0,124.75,False
2019-02-27,499184.7178918878,GLD,4003.406112101589,0.0,124.75,False
2019-02-28,496382.31528727786,GLD,4003.406112101589,0.0,124.75,False
2019-03-01,487935.1259472584,GLD,4003.406112101589,0.0,123.98999786376953,False
2019-03-04,486654.03721312847,GLD,4003.406112101589,0.0,123.98999786376953,False
2019-03-05,487294.5968519758,GLD,4003.406112101589,0.0,123.98999786376953,False
2019-03-06,486854.2197361594,GLD,4003.406112101589,0.0,123.98999786376953,False
2019-03-07,486453.88523366215,GLD,4003.406112101589,0.0,123.98999786376953,False
2019-03-08,491778.3921496481,GLD,4003.406112101589,0.0,123.98999786376953,False
2019-03-11,489376.3545911001,GLD,4003.406112101589,0.0,123.98999786376953,False
2019-03-12,492338.8971054219,GLD,4003.406112101589,0.0,123.98999786376953,False
2019-03-13,495781.79826174973,GLD,4003.406112101589,0.0,123.98999786376953,False
2019-03-14,490056.95684326655,GLD,4003.406112101589,0.0,123.98999786376953,False
2019-03-15,492298.85449210275,GLD,4003.406112101589,0.0,123.98999786376953,False
2019-03-18,492579.09169820725,GLD,4003.406112101589,0.0,123.98999786376953,False
2019-03-19,493940.23511541076,GLD,4003.406112101589,0.0,123.98999786376953,False
2019-03-20,497142.9722225179,GLD,4003.406112101589,0.0,123.98999786376953,False
2019-03-21,495141.2691664671,GLD,4003.406112101589,0.0,123.98999786376953,False
2019-03-22,496302.2606042043,GLD,4003.406112101589,0.0,123.98999786376953,False
2019-03-25,500105.4841932749,GLD,4003.406112101589,0.0,123.98999786376953,False
2019-03-26,497623.39195165335,GLD,4003.406112101589,0.0,123.98999786376953,False
2019-03-27,495021.1718700744,GLD,4003.406112101589,0.0,123.98999786376953,False
2019-03-28,488015.2111738966,GLD,4003.406112101589,0.0,123.98999786376953,False
2019-03-29,488455.58828971296,GLD,4003.406112101589,0.0,123.98999786376953,False
2019-04-01,486533.93991673575,GLD,4003.406112101589,0.0,122.01000213623047,False
2019-04-02,488335.4909933203,GLD,4003.406112101589,0.0,122.01000213623047,False
2019-04-03,487614.8766713994,GLD,4003.406112101589,0.0,122.01000213623047,False
2019-04-04,488855.9227922102,GLD,4003.406112101589,0.0,122.01000213623047,False
2019-04-05,488335.4909933203,GLD,4003.406112101589,0.0,122.01000213623047,False
2019-04-08,490457.2913457638,GLD,4003.406112101589,0.0,122.01000213623047,False
2019-04-09,493019.4688140236,GLD,4003.406112101589,0.0,122.01000213623047,False
2019-04-10,494540.75214093894,GLD,4003.406112101589,0.0,122.01000213623047,False
2019-04-11,488215.3631533629,GLD,4003.406112101589,0.0,122.01000213623047,False
2019-04-12,487734.9739677921,GLD,4003.406112101589,0.0,122.01000213623047,False
2019-04-15,486814.17712284025,GLD,4003.406112101589,0.0,122.01000213623047,False
2019-04-16,482450.4791215606,GLD,4003.406112101589,0.0,122.01000213623047,False
2019-04-17,481529.6822766088,GLD,4003.406112101589,0.0,122.01000213623047,False
2019-04-18,481890.0047093515,GLD,4003.406112101589,0.0,122.01000213623047,False
2019-04-22,481890.0047093515,GLD,4003.406112101589,0.0,122.01000213623047,False
2019-04-23,480889.15318132617,GLD,4003.406112101589,0.0,122.01000213623047,False
2019-04-24,482290.33921184874,GLD,4003.406112101589,0.0,122.01000213623047,False
2019-04-25,482690.67371434596,GLD,4003.406112101589,0.0,122.01000213623047,False
2019-04-26,485893.41082145314,GLD,4003.406112101589,0.0,122.01000213623047,False
2019-04-29,483731.5678556905,GLD,4003.406112101589,0.0,122.01000213623047,False
2019-04-30,485212.8085692867,GLD,4003.406112101589,0.0,122.01000213623047,False
2019-05-01,482010.10200574424,TQQQ,61962.266459887454,0.0,7.779090881347656,False
2019-05-02,476107.6858084642,TQQQ,61962.266459887454,0.0,7.779090881347656,False
2019-05-03,498536.96190504363,TQQQ,61962.266459887454,0.0,7.779090881347656,False
2019-05-06,489609.5171503538,TQQQ,61962.266459887454,0.0,7.779090881347656,False
2019-05-07,461130.1839389547,TQQQ,61962.266459887454,0.0,7.779090881347656,False
2019-05-08,457072.2894228997,TQQQ,61962.266459887454,0.0,7.779090881347656,False
2019-05-09,433809.0918051698,CASH,0.0,433809.0918051698,,False
2019-05-10,433809.0918051698,CASH,0.0,433809.0918051698,,False
2019-05-13,433809.0918051698,CASH,0.0,433809.0918051698,,False
2019-05-14,433809.0918051698,CASH,0.0,433809.0918051698,,False
2019-05-15,433809.0918051698,CASH,0.0,433809.0918051698,,False
2019-05-16,433809.0918051698,CASH,0.0,433809.0918051698,,False
2019-05-17,433809.0918051698,CASH,0.0,433809.0918051698,,False
2019-05-20,433809.0918051698,CASH,0.0,433809.0918051698,,False
2019-05-21,433809.0918051698,CASH,0.0,433809.0918051698,,False
2019-05-22,433809.0918051698,CASH,0.0,433809.0918051698,,False
2019-05-23,433809.0918051698,CASH,0.0,433809.0918051698,,False
2019-05-24,433809.0918051698,CASH,0.0,433809.0918051698,,False
2019-05-28,433809.0918051698,CASH,0.0,433809.0918051698,,False
2019-05-29,433809.0918051698,CASH,0.0,433809.0918051698,,False
2019-05-30,433809.0918051698,CASH,0.0,433809.0918051698,,False
2019-05-31,433809.0918051698,CASH,0.0,433809.0918051698,,False
2019-06-03,433809.09180516977,TECL,40428.32832250545,0.0,10.730324745178223,False
2019-06-04,477001.4223832219,TECL,40428.32832250545,0.0,10.730324745178223,False
2019-06-05,497044.40030928334,TECL,40428.32832250545,0.0,10.730324745178223,False
2019-06-06,513500.37116529525,TECL,40428.32832250545,0.0,10.730324745178223,False
2019-06-07,541567.9351986978,TECL,40428.32832250545,0.0,10.730324745178223,False
2019-06-10,557617.1459688386,TECL,40428.32832250545,0.0,10.730324745178223,False
2019-06-11,558541.6673052466,TECL,40428.32832250545,0.0,10.730324745178223,False
2019-06-12,548741.9878942553,TECL,40428.32832250545,0.0,10.730324745178223,False
2019-06-13,553438.505390003,TECL,40428.32832250545,0.0,10.730324745178223,False
2019-06-14,538350.7520853948,TECL,40428.32832250545,0.0,10.730324745178223,False
2019-06-17,541235.163037451,TECL,40428.32832250545,0.0,10.730324745178223,False
2019-06-18,569376.714995478,TECL,40428.32832250545,0.0,10.730324745178223,False
2019-06-19,575996.1474222908,TECL,40428.32832250545,0.0,10.730324745178223,False
2019-06-20,600328.6899809368,TECL,40428.32832250545,0.0,10.730324745178223,False
2019-06-21,591897.3823431829,TECL,40428.32832250545,0.0,10.730324745178223,False
2019-06-24,595188.5919365686,TECL,40428.32832250545,0.0,10.730324745178223,False
2019-06-25,562202.6237444622,TECL,40428.32832250545,0.0,10.730324745178223,False
2019-06-26,580174.8651120432,TECL,40428.32832250545,0.0,10.730324745178223,False
2019-06-27,584464.4683000861,TECL,40428.32832250545,0.0,10.730324745178223,False
2019-06-28,586424.3964711927,TECL,40428.32832250545,0.0,10.730324745178223,False
2019-07-01,612938.908085735,TQQQ,80142.52891935817,0.0,7.648110389709473,False
2019-07-02,620382.3750544544,TQQQ,80142.52891935817,0.0,7.648110389709473,False
2019-07-03,634124.0837976033,TQQQ,80142.52891935817,0.0,7.648110389709473,False
2019-07-05,630020.6404275934,TQQQ,80142.52891935817,0.0,7.648110389709473,False
2019-07-08,616756.0833721082,TQQQ,80142.52891935817,0.0,7.648110389709473,False
2019-07-09,626012.6579670649,TQQQ,80142.52891935817,0.0,7.648110389709473,False
2019-07-10,644525.9218017855,TQQQ,80142.52891935817,0.0,7.648110389709473,False
2019-07-11,642808.0075804793,TQQQ,80142.52891935817,0.0,7.648110389709473,False
2019-07-12,653591.5745777795,TQQQ,80142.52891935817,0.0,7.648110389709473,False
2019-07-15,659126.3965809087,TQQQ,80142.52891935817,0.0,7.648110389709473,False
2019-07-16,649774.2846465992,TQQQ,80142.52891935817,0.0,7.648110389709473,False
2019-07-17,640136.2103481389,TQQQ,80142.52891935817,0.0,7.648110389709473,False
2019-07-18,642903.6213497035,TQQQ,80142.52891935817,0.0,7.648110389709473,False
2019-07-19,627348.6521205744,TQQQ,80142.52891935817,0.0,7.648110389709473,False
2019-07-22,642140.086933596,TQQQ,80142.52891935817,0.0,7.648110389709473,False
2019-07-23,654545.8015232353,TQQQ,80142.52891935817,0.0,7.648110389709473,False
2019-07-24,668478.3556554753,TQQQ,80142.52891935817,0.0,7.648110389709473,False
2019-07-25,649392.74672816,TQQQ,80142.52891935817,0.0,7.648110389709473,False
2019-07-26,668669.5067640523,TQQQ,80142.52891935817,0.0,7.648110389709473,False
2019-07-29,662466.3819646825,TQQQ,80142.52891935817,0.0,7.648110389709473,False
2019-07-30,653591.5745777795,TQQQ,80142.52891935817,0.0,7.648110389709473,False
2019-07-31,626012.6579670649,TQQQ,80142.52891935817,0.0,7.648110389709473,False
2019-08-01,617233.1968448361,TQQQ,80142.52891935817,0.0,7.811241626739502,False
2019-08-02,588986.2831573667,TQQQ,80142.52891935817,0.0,7.811241626739502,False
2019-08-05,552914.1748165609,CASH,0.0,552914.1748165609,,False
2019-08-06,552914.1748165609,CASH,0.0,552914.1748165609,,False
2019-08-07,552914.1748165609,CASH,0.0,552914.1748165609,,False
2019-08-08,552914.1748165609,CASH,0.0,552914.1748165609,,False
2019-08-09,552914.1748165609,CASH,0.0,552914.1748165609,,False
2019-08-12,552914.1748165609,CASH,0.0,552914.1748165609,,False
2019-08-13,552914.1748165609,CASH,0.0,552914.1748165609,,False
2019-08-14,552914.1748165609,CASH,0.0,552914.1748165609,,False
2019-08-15,552914.1748165609,CASH,0.0,552914.1748165609,,False
2019-08-16,552914.1748165609,CASH,0.0,552914.1748165609,,False
2019-08-19,552914.1748165609,CASH,0.0,552914.1748165609,,False
2019-08-20,552914.1748165609,CASH,0.0,552914.1748165609,,False
2019-08-21,552914.1748165609,CASH,0.0,552914.1748165609,,False
2019-08-22,552914.1748165609,CASH,0.0,552914.1748165609,,False
2019-08-23,552914.1748165609,CASH,0.0,552914.1748165609,,False
2019-08-26,552914.1748165609,CASH,0.0,552914.1748165609,,False
2019-08-27,552914.1748165609,CASH,0.0,552914.1748165609,,False
2019-08-28,552914.1748165609,CASH,0.0,552914.1748165609,,False
2019-08-29,552914.1748165609,CASH,0.0,552914.1748165609,,False
2019-08-30,552914.1748165609,CASH,0.0,552914.1748165609,,False
2019-09-03,552914.1748165609,TQQQ,79064.50366399105,0.0,6.993203639984131,False
2019-09-04,576168.0857681513,TQQQ,79064.50366399105,0.0,6.993203639984131,False
2019-09-05,607989.1099991328,TQQQ,79064.50366399105,0.0,6.993203639984131,False
2019-09-06,606294.4925488036,TQQQ,79064.50366399105,0.0,6.993203639984131,False
2019-09-09,602434.5996969136,TQQQ,79064.50366399105,0.0,6.993203639984131,False
2019-09-10,597444.8864763511,TQQQ,79064.50366399105,0.0,6.993203639984131,False
2019-09-11,613543.6957031384,TQQQ,79064.50366399105,0.0,6.993203639984131,False
2019-09-12,621169.4176782798,TQQQ,79064.50366399105,0.0,6.993203639984131,False
2019-09-13,614579.2638387063,TQQQ,79064.50366399105,0.0,6.993203639984131,False
2019-09-16,606106.1765870604,TQQQ,79064.50366399105,0.0,6.993203639984131,False
2019-09-17,614108.643588368,TQQQ,79064.50366399105,0.0,6.993203639984131,False
2019-09-18,613731.9739639884,TQQQ,79064.50366399105,0.0,6.993203639984131,False
2019-09-19,616462.2349516719,TQQQ,79064.50366399105,0.0,6.993203639984131,False
2019-09-20,597068.292253758,TQQQ,79064.50366399105,0.0,6.993203639984131,False
2019-09-23,597633.1270363078,TQQQ,79064.50366399105,0.0,6.993203639984131,False
2019-09-24,574002.734964804,TQQQ,79064.50366399105,0.0,6.993203639984131,False
2019-09-25,592360.9964244703,TQQQ,79064.50366399105,0.0,6.993203639984131,False
2019-09-26,586429.8541987648,TQQQ,79064.50366399105,0.0,6.993203639984131,False
2019-09-27,565153.053490565,TQQQ,79064.50366399105,0.0,6.993203639984131,False
2019-09-30,580216.2191799979,TQQQ,79064.50366399105,0.0,6.993203639984131,False
2019-10-01,566188.6970279193,TQQQ,79064.50366399105,0.0,7.338517189025879,False
2019-10-02,537191.9598123666,TQQQ,79064.50366399105,0.0,7.338517189025879,False
2019-10-03,522194.59726199816,CASH,0.0,522194.59726199816,,False
2019-10-04,522194.59726199816,CASH,0.0,522194.59726199816,,False
2019-10-07,522194.59726199816,CASH,0.0,522194.59726199816,,False
2019-10-08,522194.59726199816,CASH,0.0,522194.59726199816,,False
2019-10-09,522194.59726199816,CASH,0.0,522194.59726199816,,False
2019-10-10,522194.59726199816,CASH,0.0,522194.59726199816,,False
2019-10-11,522194.59726199816,CASH,0.0,522194.59726199816,,False
2019-10-14,522194.59726199816,CASH,0.0,522194.59726199816,,False
2019-10-15,522194.59726199816,CASH,0.0,522194.59726199816,,False
2019-10-16,522194.59726199816,CASH,0.0,522194.59726199816,,False
2019-10-17,522194.59726199816,CASH,0.0,522194.59726199816,,False
2019-10-18,522194.59726199816,CASH,0.0,522194.59726199816,,False
2019-10-21,522194.59726199816,CASH,0.0,522194.59726199816,,False
2019-10-22,522194.59726199816,CASH,0.0,522194.59726199816,,False
2019-10-23,522194.59726199816,CASH,0.0,522194.59726199816,,False
2019-10-24,522194.59726199816,CASH,0.0,522194.59726199816,,False
2019-10-25,522194.59726199816,CASH,0.0,522194.59726199816,,False
2019-10-28,522194.59726199816,CASH,0.0,522194.59726199816,,False
2019-10-29,522194.59726199816,CASH,0.0,522194.59726199816,,False
2019-10-30,522194.59726199816,CASH,0.0,522194.59726199816,,False
2019-10-31,522194.59726199816,CASH,0.0,522194.59726199816,,False
2019-11-01,522194.59726199816,TECL,29878.56091225184,0.0,17.47723388671875,False
2019-11-04,530396.9998958566,TECL,29878.56091225184,0.0,17.47723388671875,False
2019-11-05,528182.4708612626,TECL,29878.56091225184,0.0,17.47723388671875,False
2019-11-06,528674.4554505637,TECL,29878.56091225184,0.0,17.47723388671875,False
2019-11-07,540021.159918095,TECL,29878.56091225184,0.0,17.47723388671875,False
2019-11-08,549044.0307706685,TECL,29878.56091225184,0.0,17.47723388671875,False
2019-11-11,550028.2848934322,TECL,29878.56091225184,0.0,17.47723388671875,False
2019-11-12,554731.0033353553,TECL,29878.56091225184,0.0,17.47723388671875,False
2019-11-13,559515.7287069674,TECL,29878.56091225184,0.0,17.47723388671875,False
2019-11-14,557164.3694860059,TECL,29878.56091225184,0.0,17.47723388671875,False
2019-11-15,570342.8659903612,TECL,29878.56091225184,0.0,17.47723388671875,False
2019-11-18,575537.7969769147,TECL,29878.56091225184,0.0,17.47723388671875,False
2019-11-19,579064.8358083571,TECL,29878.56091225184,0.0,17.47723388671875,False
2019-11-20,567581.4721209552,TECL,29878.56091225184,0.0,17.47723388671875,False
2019-11-21,560035.1249246078,TECL,29878.56091225184,0.0,17.47723388671875,False
2019-11-22,557848.0075183533,TECL,29878.56091225184,0.0,17.47723388671875,False
2019-11-25,581224.7695416015,TECL,29878.56091225184,0.0,17.47723388671875,False
2019-11-26,581771.691365246,TECL,29878.56091225184,0.0,17.47723388671875,False
2019-11-27,591942.659233464,TECL,29878.56091225184,0.0,17.47723388671875,False
2019-11-29,585927.6019611893,TECL,29878.56091225184,0.0,17.47723388671875,False
2019-12-02,562495.95969243,TQQQ,62784.79486149002,0.0,8.959111213684082,False
2019-12-03,549861.5328326429,TQQQ,62784.79486149002,0.0,8.959111213684082,False
2019-12-04,558010.630080581,TQQQ,62784.79486149002,0.0,8.959111213684082,False
2019-12-05,560926.1242664059,TQQQ,62784.79486149002,0.0,8.959111213684082,False
2019-12-06,578270.4166617431,TQQQ,62784.79486149002,0.0,8.959111213684082,False
2019-12-09,571168.3154569607,TQQQ,62784.79486149002,0.0,8.959111213684082,False
2019-12-10,569897.322376321,TQQQ,62784.79486149002,0.0,8.959111213684082,False
2019-12-11,578494.8927091976,TQQQ,62784.79486149002,0.0,8.959111213684082,False
2019-12-12,591727.2437647387,TQQQ,62784.79486149002,0.0,8.959111213684082,False
2019-12-13,597035.3328772741,TQQQ,62784.79486149002,0.0,8.959111213684082,False
2019-12-16,614155.2689776492,TQQQ,62784.79486149002,0.0,8.959111213684082,False
2019-12-17,614977.729097104,TQQQ,62784.79486149002,0.0,8.959111213684082,False
2019-12-18,616398.173288559,TQQQ,62784.79486149002,0.0,8.959111213684082,False
2019-12-19,628957.8745929385,TQQQ,62784.79486149002,0.0,8.959111213684082,False
2019-12-20,636433.7832034981,TQQQ,62784.79486149002,0.0,8.959111213684082,False
2019-12-23,641143.8283677871,TQQQ,62784.79486149002,0.0,8.959111213684082,False
2019-12-24,641973.8927705245,TQQQ,62784.79486149002,0.0,8.959111213684082,False
2019-12-26,658651.523039332,TQQQ,62784.79486149002,0.0,8.959111213684082,False
2019-12-27,656707.1018163286,TQQQ,62784.79486149002,0.0,8.959111213684082,False
2019-12-30,643619.2321431583,TQQQ,62784.79486149002,0.0,8.959111213684082,False
2019-12-31,647283.9577991884,TQQQ,62784.79486149002,0.0,8.959111213684082,False
2020-01-02,679367.6264937007,TQQQ,62784.79486149002,0.0,10.309565544128418,False
2020-01-03,660895.2656176903,TQQQ,62784.79486149002,0.0,10.309565544128418,False
2020-01-06,673459.5175167901,TQQQ,62784.79486149002,0.0,10.309565544128418,False
2020-01-07,672636.7580161038,TQQQ,62784.79486149002,0.0,10.309565544128418,False
2020-01-08,688117.701625955,TQQQ,62784.79486149002,0.0,10.309565544128418,False
2020-01-09,705468.340903402,TQQQ,62784.79486149002,0.0,10.309565544128418,False
2020-01-10,699709.8626660457,TQQQ,62784.79486149002,0.0,10.309565544128418,False
2020-01-13,724165.2975793595,TQQQ,62784.79486149002,0.0,10.309565544128418,False
2020-01-14,715714.2444212285,TQQQ,62784.79486149002,0.0,10.309565544128418,False
2020-01-15,716163.0168873987,TQQQ,62784.79486149002,0.0,10.309565544128418,False
2020-01-16,736131.2061489812,TQQQ,62784.79486149002,0.0,10.309565544128418,False
2020-01-17,747124.9041071011,TQQQ,62784.79486149002,0.0,10.309565544128418,False
2020-01-21,746750.9769488312,TQQQ,62784.79486149002,0.0,10.309565544128418,False
2020-01-22,751836.5659300407,TQQQ,62784.79486149002,0.0,10.309565544128418,False
2020-01-23,758791.7308263533,TQQQ,62784.79486149002,0.0,10.309565544128418,False
2020-01-24,739122.6234151403,TQQQ,62784.79486149002,0.0,10.309565544128418,False
2020-01-27,693427.4672733874,TQQQ,62784.79486149002,0.0,10.309565544128418,False
2020-01-28,725660.9463361928,TQQQ,62784.79486149002,0.0,10.309565544128418,False
2020-01-29,728278.5561965746,TQQQ,62784.79486149002,0.0,10.309565544128418,False
2020-01-30,736505.0734310048,TQQQ,62784.79486149002,0.0,10.309565544128418,False
2020-01-31,700308.0263667849,TQQQ,62784.79486149002,0.0,10.309565544128418,False
2020-02-03,732466.5403691974,TQQQ,62784.79486149002,0.0,11.154102325439453,False
2020-02-04,782499.3712993736,TQQQ,62784.79486149002,0.0,11.154102325439453,False
2020-02-05,791548.4085295049,TQQQ,62784.79486149002,0.0,11.154102325439453,False
2020-02-06,810843.7085349406,TQQQ,62784.79486149002,0.0,11.154102325439453,False
2020-02-07,800373.4487221522,TQQQ,62784.79486149002,0.0,11.154102325439453,False
2020-02-10,829241.2839792969,TQQQ,62784.79486149002,0.0,11.154102325439453,False
2020-02-11,829839.6273087751,TQQQ,62784.79486149002,0.0,11.154102325439453,False
2020-02-12,854145.4314825346,TQQQ,62784.79486149002,0.0,11.154102325439453,False
2020-02-13,850854.752737267,TQQQ,62784.79486149002,0.0,11.154102325439453,False
2020-02-14,856613.4704796085,TQQQ,62784.79486149002,0.0,11.154102325439453,False
2020-02-18,858109.2389889344,TQQQ,62784.79486149002,0.0,11.154102325439453,False
2020-02-19,882938.6010605182,TQQQ,62784.79486149002,0.0,11.154102325439453,False
2020-02-20,857810.1571385649,TQQQ,62784.79486149002,0.0,11.154102325439453,False
2020-02-21,808749.6565723829,TQQQ,62784.79486149002,0.0,11.154102325439453,False
2020-02-24,715564.6735579205,TQQQ,62784.79486149002,0.0,11.154102325439453,False
2020-02-25,657679.3124278303,TQQQ,62784.79486149002,0.0,11.154102325439453,False
2020-02-26,666728.5891629469,TQQQ,62784.79486149002,0.0,11.154102325439453,False
2020-02-27,615499.3363162759,CASH,0.0,615499.3363162759,,False
2020-02-28,615499.3363162759,CASH,0.0,615499.3363162759,,False
2020-03-02,615499.3363162759,TECL,27639.25977227877,0.0,22.269023895263672,False
2020-03-03,553949.4026846483,CASH,0.0,553949.4026846483,,False
2020-03-04,553949.4026846483,CASH,0.0,553949.4026846483,,False
2020-03-05,553949.4026846483,CASH,0.0,553949.4026846483,,False
2020-03-06,553949.4026846483,CASH,0.0,553949.4026846483,,False
2020-03-09,553949.4026846483,CASH,0.0,553949.4026846483,,False
2020-03-10,553949.4026846483,CASH,0.0,553949.4026846483,,False
2020-03-11,553949.4026846483,CASH,0.0,553949.4026846483,,False
2020-03-12,553949.4026846483,CASH,0.0,553949.4026846483,,False
2020-03-13,553949.4026846483,CASH,0.0,553949.4026846483,,False
2020-03-16,553949.4026846483,CASH,0.0,553949.4026846483,,False
2020-03-17,553949.4026846483,CASH,0.0,553949.4026846483,,False
2020-03-18,553949.4026846483,CASH,0.0,553949.4026846483,,False
2020-03-19,553949.4026846483,CASH,0.0,553949.4026846483,,False
2020-03-20,553949.4026846483,CASH,0.0,553949.4026846483,,False
2020-03-23,553949.4026846483,CASH,0.0,553949.4026846483,,False
2020-03-24,553949.4026846483,CASH,0.0,553949.4026846483,,False
2020-03-25,553949.4026846483,CASH,0.0,553949.4026846483,,False
2020-03-26,553949.4026846483,CASH,0.0,553949.4026846483,,False
2020-03-27,553949.4026846483,CASH,0.0,553949.4026846483,,False
2020-03-30,553949.4026846483,CASH,0.0,553949.4026846483,,False
2020-03-31,553949.4026846483,CASH,0.0,553949.4026846483,,False
2020-04-01,553949.4026846483,IEF,5325.076941076644,0.0,104.02655375954976,False
2020-04-02,554040.3791757534,IEF,5325.076941076644,0.0,104.02655375954976,False
2020-04-03,554449.5692194536,IEF,5325.076941076644,0.0,104.02655375954976,False
2020-04-06,551948.9815449542,IEF,5325.076941076644,0.0,104.02655375954976,False
2020-04-07,549493.4329502077,IEF,5325.076941076644,0.0,104.02655375954976,False
2020-04-08,548811.1909334287,IEF,5325.076941076644,0.0,104.02655375954976,False
2020-04-09,549993.6403182676,IEF,5325.076941076644,0.0,104.02655375954976,False
2020-04-13,548811.1909334287,IEF,5325.076941076644,0.0,104.02655375954976,False
2020-04-14,549539.0028622694,IEF,5325.076941076644,0.0,104.02655375954976,False
2020-04-15,554449.5692194536,IEF,5325.076941076644,0.0,104.02655375954976,False
2020-04-16,555040.5897456004,IEF,5325.076941076644,0.0,104.02655375954976,False
2020-04-17,553585.8233862643,IEF,5325.076941076644,0.0,104.02655375954976,False
2020-04-20,555040.5897456004,IEF,5325.076941076644,0.0,104.02655375954976,False
2020-04-21,556586.6184288233,IEF,5325.076941076644,0.0,104.02655375954976,False
2020-04-22,554858.7184298992,IEF,5325.076941076644,0.0,104.02655375954976,False
2020-04-23,555222.583561065,IEF,5325.076941076644,0.0,104.02655375954976,False
2020-04-24,555358.9666312136,IEF,5325.076941076644,0.0,104.02655375954976,False
2020-04-27,552403.6190009525,IEF,5325.076941076644,0.0,104.02655375954976,False
2020-04-28,554813.1893510921,IEF,5325.076941076644,0.0,104.02655375954976,False
2020-04-29,554540.4640440496,IEF,5325.076941076644,0.0,104.02655375954976,False
2020-04-30,553222.1215881165,IEF,5325.076941076644,0.0,104.02655375954976,False
2020-05-01,553986.6834460391,TECL,41019.83773895295,0.0,13.505335807800293,False
2020-05-04,575781.7191688122,TECL,41019.83773895295,0.0,13.505335807800293,False
2020-05-05,603336.2111930768,TECL,41019.83773895295,0.0,13.505335807800293,False
2020-05-06,615155.7576585781,TECL,41019.83773895295,0.0,13.505335807800293,False
2020-05-07,644818.2857205158,TECL,41019.83773895295,0.0,13.505335807800293,False
2020-05-08,671920.9467607746,TECL,41019.83773895295,0.0,13.505335807800293,False
2020-05-11,686074.6403537802,TECL,41019.83773895295,0.0,13.505335807800293,False
2020-05-12,641543.2347984391,TECL,41019.83773895295,0.0,13.505335807800293,False
2020-05-13,607966.1682736852,TECL,41019.83773895295,0.0,13.505335807800293,False
2020-05-14,632998.5045376201,TECL,41019.83773895295,0.0,13.505335807800293,False
2020-05-15,640225.8834229935,TECL,41019.83773895295,0.0,13.505335807800293,False
2020-05-18,688521.5691892405,TECL,41019.83773895295,0.0,13.505335807800293,False
2020-05-19,680428.4351950331,TECL,41019.83773895295,0.0,13.505335807800293,False
2020-05-20,723717.2859845753,TECL,41019.83773895295,0.0,13.505335807800293,False
2020-05-21,696802.8682945361,TECL,41019.83773895295,0.0,13.505335807800293,False
2020-05-22,702637.4732817658,TECL,41019.83773895295,0.0,13.505335807800293,False
2020-05-26,702712.739326201,TECL,41019.83773895295,0.0,13.505335807800293,False
2020-05-27,712876.393694561,TECL,41019.83773895295,0.0,13.505335807800293,False
2020-05-28,707455.6737125937,TECL,41019.83773895295,0.0,13.505335807800293,False
2020-05-29,732714.003707663,TECL,41019.83773895295,0.0,13.505335807800293,False
2020-06-01,733730.1735466705,TQQQ,73514.14587147391,0.0,9.980802536010742,False
2020-06-02,748353.9763602376,TQQQ,73514.14587147391,0.0,9.980802536010742,False
2020-06-03,758511.9344683499,TQQQ,73514.14587147391,0.0,9.980802536010742,False
2020-06-04,743099.9011955381,TQQQ,73514.14587147391,0.0,9.980802536010742,False
2020-06-05,787146.3706926065,TQQQ,73514.14587147391,0.0,9.980802536010742,False
2020-06-08,804659.8377273504,TQQQ,73514.14587147391,0.0,9.980802536010742,False
2020-06-09,822611.4832171578,TQQQ,73514.14587147391,0.0,9.980802536010742,False
2020-06-10,852296.9167565915,TQQQ,73514.14587147391,0.0,9.980802536010742,False
2020-06-11,726812.28220668,TQQQ,73514.14587147391,0.0,9.980802536010742,False
2020-06-12,742574.5077007787,TQQQ,73514.14587147391,0.0,9.980802536010742,False
2020-06-15,768757.1076161581,TQQQ,73514.14587147391,0.0,9.980802536010742,False
2020-06-16,809388.6596143962,TQQQ,73514.14587147391,0.0,9.980802536010742,False
2020-06-17,817269.6321443398,TQQQ,73514.14587147391,0.0,9.980802536010742,False
2020-06-18,823574.6345156638,TQQQ,73514.14587147391,0.0,9.980802536010742,False
2020-06-19,822436.2819436851,TQQQ,73514.14587147391,0.0,9.980802536010742,False
2020-06-22,851683.9576793723,TQQQ,73514.14587147391,0.0,9.980802536010742,False
2020-06-23,873926.1063840563,TQQQ,73514.14587147391,0.0,9.980802536010742,False
2020-06-24,822436.2819436851,TQQQ,73514.14587147391,0.0,9.980802536010742,False
2020-06-25,844240.6728446224,TQQQ,73514.14587147391,0.0,9.980802536010742,False
2020-06-26,783556.2519203034,TQQQ,73514.14587147391,0.0,9.980802536010742,False
2020-06-29,808600.5693722571,TQQQ,73514.14587147391,0.0,9.980802536010742,False
2020-06-30,855099.0153953084,TQQQ,73514.14587147391,0.0,9.980802536010742,False
2020-07-01,885660.0346507883,TQQQ,73514.14587147391,0.0,11.63176155090332,False
2020-07-02,904487.1957480891,TQQQ,73514.14587147391,0.0,11.63176155090332,False
2020-07-06,970951.085331867,TQQQ,73514.14587147391,0.0,11.63176155090332,False
2020-07-07,951861.2274871866,TQQQ,73514.14587147391,0.0,11.63176155090332,False
2020-07-08,988464.5523666107,TQQQ,73514.14587147391,0.0,11.63176155090332,False
2020-07-09,1013158.8178143832,TQQQ,73514.14587147391,0.0,11.63176155090332,False
2020-07-10,1034612.9463854808,TQQQ,73514.14587147391,0.0,11.63176155090332,False
2020-07-13,970688.4586930401,TQQQ,73514.14587147391,0.0,11.63176155090332,False
2020-07-14,991266.9314395387,TQQQ,73514.14587147391,0.0,11.63176155090332,False
2020-07-15,996170.7442743988,TQQQ,73514.14587147391,0.0,11.63176155090332,False
2020-07-16,974804.181285761,TQQQ,73514.14587147391,0.0,11.63176155090332,False
2020-07-17,979357.5214651228,TQQQ,73514.14587147391,0.0,11.63176155090332,False
2020-07-20,1062722.0592235308,TQQQ,73514.14587147391,0.0,11.63176155090332,False
2020-07-21,1028745.912143562,TQQQ,73514.14587147391,0.0,11.63176155090332,False
2020-07-22,1040655.0416837666,TQQQ,73514.14587147391,0.0,11.63176155090332,False
2020-07-23,959129.3811570165,TQQQ,73514.14587147391,0.0,11.63176155090332,False
2020-07-24,930757.6416801396,TQQQ,73514.14587147391,0.0,11.63176155090332,False
2020-07-27,980758.640893034,TQQQ,73514.14587147391,0.0,11.63176155090332,False
2020-07-28,943892.7594833357,TQQQ,73514.14587147391,0.0,11.63176155090332,False
2020-07-29,976030.0293316467,TQQQ,73514.14587147391,0.0,11.63176155090332,False
2020-07-30,991879.8204082053,TQQQ,73514.14587147391,0.0,11.63176155090332,False
2020-07-31,1045383.7934622597,TQQQ,73514.14587147391,0.0,11.63176155090332,False
2020-08-03,1084351.3890681013,TECL,40734.84930095486,0.0,26.619747161865234,False
2020-08-04,1094107.6204270506,TECL,40734.84930095486,0.0,26.619747161865234,False
2020-08-05,1103116.575898365,TECL,40734.84930095486,0.0,26.619747161865234,False
2020-08-06,1151936.3473859958,TECL,40734.84930095486,0.0,26.619747161865234,False
2020-08-07,1101920.3750701225,TECL,40734.84930095486,0.0,26.619747161865234,False
2020-08-10,1090930.2605367566,TECL,40734.84930095486,0.0,26.619747161865234,False
2020-08-11,1030298.0447180123,TECL,40734.84930095486,0.0,26.619747161865234,False
2020-08-12,1103378.2545414877,TECL,40734.84930095486,0.0,26.619747161865234,False
2020-08-13,1103303.278326935,TECL,40734.84930095486,0.0,26.619747161865234,False
2020-08-14,1101060.5960128785,TECL,40734.84930095486,0.0,26.619747161865234,False
2020-08-17,1124797.5216713587,TECL,40734.84930095486,0.0,26.619747161865234,False
2020-08-18,1138254.9363802029,TECL,40734.84930095486,0.0,26.619747161865234,False
2020-08-19,1130554.2964289442,TECL,40734.84930095486,0.0,26.619747161865234,False
2020-08-20,1176645.0114024149,TECL,40734.84930095486,0.0,26.619747161865234,False
2020-08-21,1218885.8337258315,TECL,40734.84930095486,0.0,26.619747161865234,False
2020-08-24,1254323.0113280527,TECL,40734.84930095486,0.0,26.619747161865234,False
2020-08-25,1272752.0094739955,TECL,40734.84930095486,0.0,26.619747161865234,False
2020-08-26,1350915.3735574686,TECL,40734.84930095486,0.0,26.619747161865234,False
2020-08-27,1354466.9929560535,TECL,40734.84930095486,0.0,26.619747161865234,False
2020-08-28,1387848.579150584,TECL,40734.84930095486,0.0,26.619747161865234,False
2020-08-31,1401455.4024196197,TECL,40734.84930095486,0.0,26.619747161865234,False
2020-09-01,1485450.5174752306,TQQQ,73468.43240070526,0.0,20.218894958496094,False
2020-09-02,1527369.5404970748,TQQQ,73468.43240070526,0.0,20.218894958496094,False
2020-09-03,1336905.4657277076,CASH,0.0,1336905.4657277076,,False
2020-09-04,1336905.4657277076,CASH,0.0,1336905.4657277076,,False
2020-09-08,1336905.4657277076,CASH,0.0,1336905.4657277076,,False
2020-09-09,1336905.4657277076,CASH,0.0,1336905.4657277076,,False
2020-09-10,1336905.4657277076,CASH,0.0,1336905.4657277076,,False
2020-09-11,1336905.4657277076,CASH,0.0,1336905.4657277076,,False
2020-09-14,1336905.4657277076,CASH,0.0,1336905.4657277076,,False
2020-09-15,1336905.4657277076,CASH,0.0,1336905.4657277076,,False
2020-09-16,1336905.4657277076,CASH,0.0,1336905.4657277076,,False
2020-09-17,1336905.4657277076,CASH,0.0,1336905.4657277076,,False
2020-09-18,1336905.4657277076,CASH,0.0,1336905.4657277076,,False
2020-09-21,1336905.4657277076,CASH,0.0,1336905.4657277076,,False
2020-09-22,1336905.4657277076,CASH,0.0,1336905.4657277076,,False
2020-09-23,1336905.4657277076,CASH,0.0,1336905.4657277076,,False
2020-09-24,1336905.4657277076,CASH,0.0,1336905.4657277076,,False
2020-09-25,1336905.4657277076,CASH,0.0,1336905.4657277076,,False
2020-09-28,1336905.4657277076,CASH,0.0,1336905.4657277076,,False
2020-09-29,1336905.4657277076,CASH,0.0,1336905.4657277076,,False
2020-09-30,1336905.4657277076,CASH,0.0,1336905.4657277076,,False
2020-10-01,1336905.4657277076,TECL,46171.49694420994,0.0,28.955211639404297,False
2020-10-02,1233988.4902908043,TECL,46171.49694420994,0.0,28.955211639404297,False
2020-10-05,1317415.15279054,TECL,46171.49694420994,0.0,28.955211639404297,False
2020-10-06,1255215.8881454687,TECL,46171.49694420994,0.0,28.955211639404297,False
2020-10-07,1322330.2444719255,TECL,46171.49694420994,0.0,28.955211639404297,False
2020-10-08,1342328.6052108188,TECL,46171.49694420994,0.0,28.955211639404297,False
2020-10-09,1406477.2798297156,TECL,46171.49694420994,0.0,28.955211639404297,False
2020-10-12,1519859.5644304033,TECL,46171.49694420994,0.0,28.955211639404297,False
2020-10-13,1492192.3150331855,TECL,46171.49694420994,0.0,28.955211639404297,False
2020-10-14,1467490.3950829613,TECL,46171.49694420994,0.0,28.955211639404297,False
2020-10-15,1446432.6106909635,TECL,46171.49694420994,0.0,28.955211639404297,False
2020-10-16,1435670.3458698003,TECL,46171.49694420994,0.0,28.955211639404297,False
2020-10-19,1356904.1787271672,TECL,46171.49694420994,0.0,28.955211639404297,False
2020-10-20,1369360.9049373064,TECL,46171.49694420994,0.0,28.955211639404297,False
2020-10-21,1365208.633512213,TECL,46171.49694420994,0.0,28.955211639404297,False
2020-10-22,1346608.2188306246,TECL,46171.49694420994,0.0,28.955211639404297,False
2020-10-23,1338854.4353758253,TECL,46171.49694420994,0.0,28.955211639404297,False
2020-10-26,1251614.1999854797,TECL,46171.49694420994,0.0,28.955211639404297,False
2020-10-27,1271740.2551796513,TECL,46171.49694420994,0.0,28.955211639404297,False
2020-10-28,1198524.61594458,CASH,0.0,1198524.61594458,,False
2020-10-29,1198524.61594458,CASH,0.0,1198524.61594458,,False
2020-10-30,1198524.61594458,CASH,0.0,1198524.61594458,,False
2020-11-02,1198524.61594458,TECL,50624.17563634306,0.0,23.674945831298828,False
2020-11-03,1265375.0657721318,TECL,50624.17563634306,0.0,23.674945831298828,False
2020-11-04,1410876.0230901816,TECL,50624.17563634306,0.0,23.674945831298828,False
2020-11-05,1544809.3377362003,TECL,50624.17563634306,0.0,23.674945831298828,False
2020-11-06,1556701.8013593894,TECL,50624.17563634306,0.0,23.674945831298828,False
2020-11-09,1526273.2042127682,TECL,50624.17563634306,0.0,23.674945831298828,False
2020-11-10,1436287.7587150105,TECL,50624.17563634306,0.0,23.674945831298828,False
2020-11-11,1538909.3571837035,TECL,50624.17563634306,0.0,23.674945831298828,False
2020-11-12,1496680.8954900408,TECL,50624.17563634306,0.0,23.674945831298828,False
2020-11-13,1536911.9593847583,TECL,50624.17563634306,0.0,23.674945831298828,False
2020-11-16,1583275.0325910784,TECL,50624.17563634306,0.0,23.674945831298828,False
2020-11-17,1556283.7054264187,TECL,50624.17563634306,0.0,23.674945831298828,False
2020-11-18,1504299.4144755662,TECL,50624.17563634306,0.0,23.674945831298828,False
2020-11-19,1542300.6655804238,TECL,50624.17563634306,0.0,23.674945831298828,False
2020-11-20,1494265.0155263161,TECL,50624.17563634306,0.0,23.674945831298828,False
2020-11-23,1494822.2514683886,TECL,50624.17563634306,0.0,23.674945831298828,False
2020-11-24,1552381.8951364846,TECL,50624.17563634306,0.0,23.674945831298828,False
2020-11-25,1562694.9603357469,TECL,50624.17563634306,0.0,23.674945831298828,False
2020-11-27,1590057.6493845189,TECL,50624.17563634306,0.0,23.674945831298828,False
2020-11-30,1622158.726820975,TECL,50624.17563634306,0.0,23.674945831298828,False
2020-12-01,1687662.2897734675,TQQQ,86270.00763041902,0.0,19.56256103515625,False
2020-12-02,1694444.9163346817,TQQQ,86270.00763041902,0.0,19.56256103515625,False
2020-12-03,1701329.726571163,TQQQ,86270.00763041902,0.0,19.56256103515625,False
2020-12-04,1722190.3346479337,TQQQ,86270.00763041902,0.0,19.56256103515625,False
2020-12-07,1751374.8808579443,TQQQ,86270.00763041902,0.0,19.56256103515625,False
2020-12-08,1767406.0350392363,TQQQ,86270.00763041902,0.0,19.56256103515625,False
2020-12-09,1649023.696763977,TQQQ,86270.00763041902,0.0,19.56256103515625,False
2020-12-10,1669267.9118495225,TQQQ,86270.00763041902,0.0,19.56256103515625,False
2020-12-11,1657552.9895296379,TQQQ,86270.00763041902,0.0,19.56256103515625,False
2020-12-14,1692903.275668694,TQQQ,86270.00763041902,0.0,19.56256103515625,False
2020-12-15,1745517.5019714925,TQQQ,86270.00763041902,0.0,19.56256103515625,False
2020-12-16,1774804.3964037513,TQQQ,86270.00763041902,0.0,19.56256103515625,False
2020-12-17,1811182.6075337804,TQQQ,86270.00763041902,0.0,19.56256103515625,False
2020-12-18,1791452.1081232498,TQQQ,86270.00763041902,0.0,19.56256103515625,False
2020-12-21,1784772.4879722083,TQQQ,86270.00763041902,0.0,19.56256103515625,False
2020-12-22,1798851.1276756893,TQQQ,86270.00763041902,0.0,19.56256103515625,False
2020-12-23,1771721.7732597003,TQQQ,86270.00763041902,0.0,19.56256103515625,False
2020-12-24,1794740.7440876465,TQQQ,86270.00763041902,0.0,19.56256103515625,False
2020-12-28,1848587.7563728958,TQQQ,86270.00763041902,0.0,19.56256103515625,False
2020-12-29,1854034.5905414866,TQQQ,86270.00763041902,0.0,19.56256103515625,False
2020-12-30,1853725.9004049306,TQQQ,86270.00763041902,0.0,19.56256103515625,False
2020-12-31,1868215.5784672159,TQQQ,86270.00763041902,0.0,19.56256103515625,False
2021-01-04,1786519.6478175982,TQQQ,86270.00763041902,0.0,21.655447006225586,False
2021-01-05,1831324.1453031155,TQQQ,86270.00763041902,0.0,21.655447006225586,False
2021-01-06,1755588.106309179,TQQQ,86270.00763041902,0.0,21.655447006225586,False
2021-01-07,1882396.5663929451,TQQQ,86270.00763041902,0.0,21.655447006225586,False
2021-01-08,1955357.5205505188,TQQQ,86270.00763041902,0.0,21.655447006225586,False
2021-01-11,1868934.4842276706,TQQQ,86270.00763041902,0.0,21.655447006225586,False
2021-01-12,1860816.7234617574,TQQQ,86270.00763041902,0.0,21.655447006225586,False
2021-01-13,1896988.592677479,TQQQ,86270.00763041902,0.0,21.655447006225586,False
2021-01-14,1868112.9011510054,TQQQ,86270.00763041902,0.0,21.655447006225586,False
2021-01-15,1822691.5170333197,TQQQ,86270.00763041902,0.0,21.655447006225586,False
2021-01-19,1901715.8628976904,TQQQ,86270.00763041902,0.0,21.655447006225586,False
2021-01-20,2034279.024551698,TQQQ,86270.00763041902,0.0,21.655447006225586,False
2021-01-21,2084838.5527014185,TQQQ,86270.00763041902,0.0,21.655447006225586,False
2021-01-22,2065929.8009145344,TQQQ,86270.00763041902,0.0,21.655447006225586,False
2021-01-25,2123270.9683435825,TQQQ,86270.00763041902,0.0,21.655447006225586,False
2021-01-26,2125531.679317006,TQQQ,86270.00763041902,0.0,21.655447006225586,False
2021-01-27,1954124.570021087,TQQQ,86270.00763041902,0.0,21.655447006225586,False
2021-01-28,1982898.0778722933,TQQQ,86270.00763041902,0.0,21.655447006225586,False
2021-01-29,1859378.0892059423,TQQQ,86270.00763041902,0.0,21.655447006225586,False
2021-02-01,1996051.9635419552,TECL,51498.136376776805,0.0,38.75969314575195,False
2021-02-02,2074780.399599281,TECL,51498.136376776805,0.0,38.75969314575195,False
2021-02-03,2056535.5173219051,TECL,51498.136376776805,0.0,38.75969314575195,False
2021-02-04,2148092.12532062,TECL,51498.136376776805,0.0,38.75969314575195,False
2021-02-05,2138067.0955757345,TECL,51498.136376776805,0.0,38.75969314575195,False
2021-02-08,2203967.1632418707,TECL,51498.136376776805,0.0,38.75969314575195,False
2021-02-09,2194417.3455632366,TECL,51498.136376776805,0.0,38.75969314575195,False
2021-02-10,2184059.136957515,TECL,51498.136376776805,0.0,38.75969314575195,False
2021-02-11,2257133.551320428,TECL,51498.136376776805,0.0,38.75969314575195,False
2021-02-12,2293575.7750235745,TECL,51498.136376776805,0.0,38.75969314575195,False
2021-02-16,2274665.910173127,TECL,51498.136376776805,0.0,38.75969314575195,False
2021-02-17,2208290.630440739,TECL,51498.136376776805,0.0,38.75969314575195,False
2021-02-18,2179498.358400221,TECL,51498.136376776805,0.0,38.75969314575195,False
2021-02-19,2165861.795531744,TECL,51498.136376776805,0.0,38.75969314575195,False
2021-02-22,2026127.2492264123,TECL,51498.136376776805,0.0,38.75969314575195,False
2021-02-23,2008167.4156088673,TECL,51498.136376776805,0.0,38.75969314575195,False
2021-02-24,2100436.9399318593,TECL,51498.136376776805,0.0,38.75969314575195,False
2021-02-25,1881546.8757039553,TECL,51498.136376776805,0.0,38.75969314575195,False
2021-02-26,1911859.669196638,TECL,51498.136376776805,0.0,38.75969314575195,False
2021-03-01,2086468.3769013465,TQQQ,90289.39896492573,0.0,23.108675003051758,False
2021-03-02,1986446.6842281823,TQQQ,90289.39896492573,0.0,23.108675003051758,False
2021-03-03,1877821.5392112117,CASH,0.0,1877821.5392112117,,False
2021-03-04,1877821.5392112117,CASH,0.0,1877821.5392112117,,False
2021-03-05,1877821.5392112117,CASH,0.0,1877821.5392112117,,False
2021-03-08,1877821.5392112117,CASH,0.0,1877821.5392112117,,False
2021-03-09,1877821.5392112117,CASH,0.0,1877821.5392112117,,False
2021-03-10,1877821.5392112117,CASH,0.0,1877821.5392112117,,False
2021-03-11,1877821.5392112117,CASH,0.0,1877821.5392112117,,False
2021-03-12,1877821.5392112117,CASH,0.0,1877821.5392112117,,False
2021-03-15,1877821.5392112117,CASH,0.0,1877821.5392112117,,False
2021-03-16,1877821.5392112117,CASH,0.0,1877821.5392112117,,False
2021-03-17,1877821.5392112117,CASH,0.0,1877821.5392112117,,False
2021-03-18,1877821.5392112117,CASH,0.0,1877821.5392112117,,False
2021-03-19,1877821.5392112117,CASH,0.0,1877821.5392112117,,False
2021-03-22,1877821.5392112117,CASH,0.0,1877821.5392112117,,False
2021-03-23,1877821.5392112117,CASH,0.0,1877821.5392112117,,False
2021-03-24,1877821.5392112117,CASH,0.0,1877821.5392112117,,False
2021-03-25,1877821.5392112117,CASH,0.0,1877821.5392112117,,False
2021-03-26,1877821.5392112117,CASH,0.0,1877821.5392112117,,False
2021-03-29,1877821.5392112117,CASH,0.0,1877821.5392112117,,False
2021-03-30,1877821.5392112117,CASH,0.0,1877821.5392112117,,False
2021-03-31,1877821.5392112117,CASH,0.0,1877821.5392112117,,False
2021-04-01,1877821.5392112117,TQQQ,82192.55029926583,0.0,22.846614837646484,False
2021-04-05,1990607.8822035242,TQQQ,82192.55029926583,0.0,22.846614837646484,False
2021-04-06,1985909.0195362116,TQQQ,82192.55029926583,0.0,22.846614837646484,False
2021-04-07,2000594.4350888922,TQQQ,82192.55029926583,0.0,22.846614837646484,False
2021-04-08,2063058.1270412926,TQQQ,82192.55029926583,0.0,22.846614837646484,False
2021-04-09,2100457.925934543,TQQQ,82192.55029926583,0.0,22.846614837646484,False
2021-04-12,2092233.9364551932,TQQQ,82192.55029926583,0.0,22.846614837646484,False
2021-04-13,2163900.488820607,TQQQ,82192.55029926583,0.0,22.846614837646484,False
2021-04-14,2087925.9010200433,TQQQ,82192.55029926583,0.0,22.846614837646484,False
2021-04-15,2180152.819008452,TQQQ,82192.55029926583,0.0,22.846614837646484,False
2021-04-16,2189355.8361913133,TQQQ,82192.55029926583,0.0,22.846614837646484,False
2021-04-19,2129633.892118292,TQQQ,82192.55029926583,0.0,22.846614837646484,False
2021-04-20,2083030.4489627865,TQQQ,82192.55029926583,0.0,22.846614837646484,False
2021-04-21,2135703.707110218,TQQQ,82192.55029926583,0.0,22.846614837646484,False
2021-04-22,2057967.0262131814,TQQQ,82192.55029926583,0.0,22.846614837646484,False
2021-04-23,2135507.744799667,TQQQ,82192.55029926583,0.0,22.846614837646484,False
2021-04-26,2177803.152520023,TQQQ,82192.55029926583,0.0,22.846614837646484,False
2021-04-27,2149214.9164980776,TQQQ,82192.55029926583,0.0,22.846614837646484,False
2021-04-28,2127087.9497796153,TQQQ,82192.55029926583,0.0,22.846614837646484,False
2021-04-29,2148431.53756542,TQQQ,82192.55029926583,0.0,22.846614837646484,False
2021-04-30,2108094.498791785,TQQQ,82192.55029926583,0.0,22.846614837646484,False
2021-05-03,2073631.6262392225,TECL,47487.33508454269,0.0,43.66704559326172,False
2021-05-04,1959281.8972806842,TECL,47487.33508454269,0.0,43.66704559326172,False
2021-05-05,1946576.0497967447,TECL,47487.33508454269,0.0,43.66704559326172,False
2021-05-06,2005722.1864790397,TECL,47487.33508454269,0.0,43.66704559326172,False
2021-05-07,2053039.9653439508,TECL,47487.33508454269,0.0,43.66704559326172,False
2021-05-10,1901449.6401507277,TECL,47487.33508454269,0.0,43.66704559326172,False
2021-05-11,1791919.0273407584,CASH,0.0,1791919.0273407584,,False
2021-05-12,1791919.0273407584,CASH,0.0,1791919.0273407584,,False
2021-05-13,1791919.0273407584,CASH,0.0,1791919.0273407584,,False
2021-05-14,1791919.0273407584,CASH,0.0,1791919.0273407584,,False
2021-05-17,1791919.0273407584,CASH,0.0,1791919.0273407584,,False
2021-05-18,1791919.0273407584,CASH,0.0,1791919.0273407584,,False
2021-05-19,1791919.0273407584,CASH,0.0,1791919.0273407584,,False
2021-05-20,1791919.0273407584,CASH,0.0,1791919.0273407584,,False
2021-05-21,1791919.0273407584,CASH,0.0,1791919.0273407584,,False
2021-05-24,1791919.0273407584,CASH,0.0,1791919.0273407584,,False
2021-05-25,1791919.0273407584,CASH,0.0,1791919.0273407584,,False
2021-05-26,1791919.0273407584,CASH,0.0,1791919.0273407584,,False
2021-05-27,1791919.0273407584,CASH,0.0,1791919.0273407584,,False
2021-05-28,1791919.0273407584,CASH,0.0,1791919.0273407584,,False
2021-06-01,1791919.0273407584,TECL,43036.382280777296,0.0,41.637306213378906,False
2021-06-02,1826462.8556993227,TECL,43036.382280777296,0.0,41.637306213378906,False
2021-06-03,1776434.1119908458,TECL,43036.382280777296,0.0,41.637306213378906,False
2021-06-04,1877286.514275214,TECL,43036.382280777296,0.0,41.637306213378906,False
2021-06-07,1877286.514275214,TECL,43036.382280777296,0.0,41.637306213378906,False
2021-06-08,1879271.667223743,TECL,43036.382280777296,0.0,41.637306213378906,False
2021-06-09,1882447.8791072352,TECL,43036.382280777296,0.0,41.637306213378906,False
2021-06-10,1924933.4684553037,TECL,43036.382280777296,0.0,41.637306213378906,False
2021-06-11,1956697.721510234,TECL,43036.382280777296,0.0,41.637306213378906,False
2021-06-14,2018638.3679345031,TECL,43036.382280777296,0.0,41.637306213378906,False
2021-06-15,1980521.3627710487,TECL,43036.382280777296,0.0,41.637306213378906,False
2021-06-16,1947565.3940980758,TECL,43036.382280777296,0.0,41.637306213378906,False
2021-06-17,2017050.5082489117,TECL,43036.382280777296,0.0,41.637306213378906,False
2021-06-18,1958286.2378789047,TECL,43036.382280777296,0.0,41.637306213378906,False
2021-06-21,2023006.1312652682,TECL,43036.382280777296,0.0,41.637306213378906,False
2021-06-22,2077006.0017246518,TECL,43036.382280777296,0.0,41.637306213378906,False
2021-06-23,2067874.166824803,TECL,43036.382280777296,0.0,41.637306213378906,False
2021-06-24,2109564.677134687,TECL,43036.382280777296,0.0,41.637306213378906,False
2021-06-25,2103608.561606021,TECL,43036.382280777296,0.0,41.637306213378906,False
2021-06-28,2168726.0765968617,TECL,43036.382280777296,0.0,41.637306213378906,False
2021-06-29,2214785.17109136,TECL,43036.382280777296,0.0,41.637306213378906,False
2021-06-30,2208432.254812066,TECL,43036.382280777296,0.0,41.637306213378906,False
2021-07-01,2214785.17109136,TQQQ,75854.2010336309,0.0,29.19792366027832,False
2021-07-02,2289960.821017875,TQQQ,75854.2010336309,0.0,29.19792366027832,False
2021-07-06,2320681.535160628,TQQQ,75854.2010336309,0.0,29.19792366027832,False
2021-07-07,2335499.847088549,TQQQ,75854.2010336309,0.0,29.19792366027832,False
2021-07-08,2295020.5841986993,TQQQ,75854.2010336309,0.0,29.19792366027832,False
2021-07-09,2333873.3499571625,TQQQ,75854.2010336309,0.0,29.19792366027832,False
2021-07-12,2363148.272796417,TQQQ,75854.2010336309,0.0,29.19792366027832,False
2021-07-13,2361883.9107228373,TQQQ,75854.2010336309,0.0,29.19792366027832,False
2021-07-14,2374714.0245027854,TQQQ,75854.2010336309,0.0,29.19792366027832,False
2021-07-15,2325560.4478331595,TQQQ,75854.2010336309,0.0,29.19792366027832,False
2021-07-16,2268456.248777744,TQQQ,75854.2010336309,0.0,29.19792366027832,False
2021-07-19,2214062.637140627,TQQQ,75854.2010336309,0.0,29.19792366027832,False
2021-07-20,2287069.3830912826,TQQQ,75854.2010336309,0.0,29.19792366027832,False
2021-07-21,2339294.6694741673,TQQQ,75854.2010336309,0.0,29.19792366027832,False
2021-07-22,2388447.812102573,TQQQ,75854.2010336309,0.0,29.19792366027832,False
2021-07-23,2467779.8407508857,TQQQ,75854.2010336309,0.0,29.19792366027832,False
2021-07-26,2478080.5069816415,TQQQ,75854.2010336309,0.0,29.19792366027832,False
2021-07-27,2397121.691841129,TQQQ,75854.2010336309,0.0,29.19792366027832,False
2021-07-28,2423325.339008345,TQQQ,75854.2010336309,0.0,29.19792366027832,False
2021-07-29,2435251.92364886,TQQQ,75854.2010336309,0.0,29.19792366027832,False
2021-07-30,2398748.7676941417,TQQQ,75854.2010336309,0.0,29.19792366027832,False
2021-08-02,2398025.0763001554,TQQQ,75854.2010336309,0.0,31.623149871826172,False
2021-08-03,2439769.4246656178,TQQQ,75854.2010336309,0.0,31.623149871826172,False
2021-08-04,2451877.4385360526,TQQQ,75854.2010336309,0.0,31.623149871826172,False
2021-08-05,2497958.1480491664,TQQQ,75854.2010336309,0.0,31.623149871826172,False
2021-08-06,2465430.23094714,TQQQ,75854.2010336309,0.0,31.623149871826172,False
2021-08-09,2478622.4797848947,TQQQ,75854.2010336309,0.0,31.623149871826172,False
2021-08-10,2441576.1935836705,TQQQ,75854.2010336309,0.0,31.623149871826172,False
2021-08-11,2428385.1021891693,TQQQ,75854.2010336309,0.0,31.623149871826172,False
2021-08-12,2453684.7861757316,TQQQ,75854.2010336309,0.0,31.623149871826172,False
2021-08-13,2478260.778768308,TQQQ,75854.2010336309,0.0,31.623149871826172,False
2021-08-16,2482598.297359213,TQQQ,75854.2010336309,0.0,31.623149871826172,False
2021-08-17,2417362.0466880873,TQQQ,75854.2010336309,0.0,31.623149871826172,False
2021-08-18,2347065.598794917,TQQQ,75854.2010336309,0.0,31.623149871826172,False
2021-08-19,2380496.755675563,TQQQ,75854.2010336309,0.0,31.623149871826172,False
2021-08-20,2454045.329749065,TQQQ,75854.2010336309,0.0,31.623149871826172,False
2021-08-23,2563375.6832698053,TQQQ,75854.2010336309,0.0,31.623149871826172,False
2021-08-24,2588674.2098131147,TQQQ,75854.2010336309,0.0,31.623149871826172,False
2021-08-25,2591566.081780927,TQQQ,75854.2010336309,0.0,31.623149871826172,False
2021-08-26,2547653.2634808253,TQQQ,75854.2010336309,0.0,31.623149871826172,False
2021-08-27,2622106.090095794,TQQQ,75854.2010336309,0.0,31.623149871826172,False
2021-08-30,2709027.47415453,TQQQ,75854.2010336309,0.0,31.623149871826172,False
2021-08-31,2701438.1187441065,TQQQ,75854.2010336309,0.0,31.623149871826172,False
2021-09-01,2716256.864713247,TECL,42998.487583610244,0.0,63.17098617553711,False
2021-09-02,2711496.0038805963,TECL,42998.487583610244,0.0,63.17098617553711,False
2021-09-03,2743232.9437574963,TECL,42998.487583610244,0.0,63.17098617553711,False
2021-09-07,2744026.5025760443,TECL,42998.487583610244,0.0,63.17098617553711,False
2021-09-08,2709909.542348352,TECL,42998.487583610244,0.0,63.17098617553711,False
2021-09-09,2676586.1409392077,TECL,42998.487583610244,0.0,63.17098617553711,False
2021-09-10,2600021.001072558,TECL,42998.487583610244,0.0,63.17098617553711,False
2021-09-13,2600814.395864893,TECL,42998.487583610244,0.0,63.17098617553711,False
2021-09-14,2592087.381201632,TECL,42998.487583610244,0.0,63.17098617553711,False
2021-09-15,2657147.3944352497,TECL,42998.487583610244,0.0,63.17098617553711,False
2021-09-16,2664287.9475662666,TECL,42998.487583610244,0.0,63.17098617553711,False
2021-09-17,2541705.417665535,TECL,42998.487583610244,0.0,63.17098617553711,False
2021-09-20,2425867.2670836914,CASH,0.0,2425867.2670836914,,False
2021-09-21,2425867.2670836914,CASH,0.0,2425867.2670836914,,False
2021-09-22,2425867.2670836914,CASH,0.0,2425867.2670836914,,False
2021-09-23,2425867.2670836914,CASH,0.0,2425867.2670836914,,False
2021-09-24,2425867.2670836914,CASH,0.0,2425867.2670836914,,False
2021-09-27,2425867.2670836914,CASH,0.0,2425867.2670836914,,False
2021-09-28,2425867.2670836914,CASH,0.0,2425867.2670836914,,False
2021-09-29,2425867.2670836914,CASH,0.0,2425867.2670836914,,False
2021-09-30,2425867.2670836914,CASH,0.0,2425867.2670836914,,False
2021-10-01,2425867.2670836914,TECL,44474.93816062351,0.0,54.54458999633789,False
2021-10-04,2256401.574064309,TECL,44474.93816062351,0.0,54.54458999633789,False
2021-10-05,2353238.8705633488,TECL,44474.93816062351,0.0,54.54458999633789,False
2021-10-06,2401247.7937165177,TECL,44474.93816062351,0.0,54.54458999633789,False
2021-10-07,2467310.9181650155,TECL,44474.93816062351,0.0,54.54458999633789,False
2021-10-08,2441049.660219212,TECL,44474.93816062351,0.0,54.54458999633789,False
2021-10-11,2399195.9447246864,TECL,44474.93816062351,0.0,54.54458999633789,False
2021-10-12,2363087.0331587535,TECL,44474.93816062351,0.0,54.54458999633789,False
2021-10-13,2404530.1752648028,TECL,44474.93816062351,0.0,54.54458999633789,False
2021-10-14,2565789.8295842605,TECL,44474.93816062351,0.0,54.54458999633789,False
2021-10-15,2629390.531652451,TECL,44474.93816062351,0.0,54.54458999633789,False
2021-10-18,2695454.843709924,TECL,44474.93816062351,0.0,54.54458999633789,False
2021-10-19,2772595.64535973,TECL,44474.93816062351,0.0,54.54458999633789,False
2021-10-20,2750848.8284444897,TECL,44474.93816062351,0.0,54.54458999633789,False
2021-10-21,2782033.743541933,TECL,44474.93816062351,0.0,54.54458999633789,False
2021-10-22,2753310.402532672,TECL,44474.93816062351,0.0,54.54458999633789,False
2021-10-25,2782854.211685186,TECL,44474.93816062351,0.0,54.54458999633789,False
2021-10-26,2805422.8540110784,TECL,44474.93816062351,0.0,54.54458999633789,False
2021-10-27,2793932.906837044,TECL,44474.93816062351,0.0,54.54458999633789,False
2021-10-28,2875998.7229058896,TECL,44474.93816062351,0.0,54.54458999633789,False
2021-10-29,2915800.589408584,TECL,44474.93816062351,0.0,54.54458999633789,False
2021-11-01,2914569.8871937054,TECL,44474.93816062351,0.0,65.56053161621094,False
2021-11-02,2983915.053873638,TECL,44474.93816062351,0.0,65.56053161621094,False
2021-11-03,3036026.996376769,TECL,44474.93816062351,0.0,65.56053161621094,False
2021-11-04,3175950.067852613,TECL,44474.93816062351,0.0,65.56053161621094,False
2021-11-05,3219444.7196336435,TECL,44474.93816062351,0.0,65.56053161621094,False
2021-11-08,3275660.020803587,TECL,44474.93816062351,0.0,65.56053161621094,False
2021-11-09,3237089.1958326213,TECL,44474.93816062351,0.0,65.56053161621094,False
2021-11-10,3071725.843529501,TECL,44474.93816062351,0.0,65.56053161621094,False
2021-11-11,3120964.7902638484,TECL,44474.93816062351,0.0,65.56053161621094,False
2021-11-12,3231754.4563172306,TECL,44474.93816062351,0.0,65.56053161621094,False
2021-11-15,3221906.463380251,TECL,44474.93816062351,0.0,65.56053161621094,False
2021-11-16,3322026.650402851,TECL,44474.93816062351,0.0,65.56053161621094,False
2021-11-17,3291251.969377034,TECL,44474.93816062351,0.0,65.56053161621094,False
2021-11-18,3386448.329589569,TECL,44474.93816062351,0.0,65.56053161621094,False
2021-11-19,3466462.9753002836,TECL,44474.93816062351,0.0,65.56053161621094,False
2021-11-22,3350750.161070537,TECL,44474.93816062351,0.0,65.56053161621094,False
2021-11-23,3327361.0506013916,TECL,44474.93816062351,0.0,65.56053161621094,False
2021-11-24,3396706.8959150244,TECL,44474.93816062351,0.0,65.56053161621094,False
2021-11-26,3144354.5793666937,TECL,44474.93816062351,0.0,65.56053161621094,False
2021-11-29,3375369.6344377105,TECL,44474.93816062351,0.0,65.56053161621094,False
2021-11-30,3291662.54276551,TECL,44474.93816062351,0.0,65.56053161621094,False
2021-12-01,3154202.232986823,TQQQ,85363.94951475442,0.0,36.950050354003906,False
2021-12-02,3213585.510244783,TQQQ,85363.94951475442,0.0,36.950050354003906,False
2021-12-03,3052112.883787251,TQQQ,85363.94951475442,0.0,36.950050354003906,False
2021-12-06,3123494.604968477,TQQQ,85363.94951475442,0.0,36.950050354003906,False
2021-12-07,3405155.8454494164,TQQQ,85363.94951475442,0.0,36.950050354003906,False
2021-12-08,3452539.3762336113,TQQQ,85363.94951475442,0.0,36.950050354003906,False
2021-12-09,3303472.566367966,TQQQ,85363.94951475442,0.0,36.950050354003906,False
2021-12-10,3405765.764720661,TQQQ,85363.94951475442,0.0,36.950050354003906,False
2021-12-13,3259342.806730742,TQQQ,85363.94951475442,0.0,36.950050354003906,False
2021-12-14,3162337.312129499,TQQQ,85363.94951475442,0.0,36.950050354003906,False
2021-12-15,3371599.539489347,TQQQ,85363.94951475442,0.0,36.950050354003906,False
2021-12-16,3114342.885161185,TQQQ,85363.94951475442,0.0,36.950050354003906,False
2021-12-17,3066754.8539486183,TQQQ,85363.94951475442,0.0,36.950050354003906,False
2021-12-20,2975037.388736452,TQQQ,85363.94951475442,0.0,36.950050354003906,False
2021-12-21,3173929.3602970187,TQQQ,85363.94951475442,0.0,36.950050354003906,False
2021-12-22,3287203.384995489,TQQQ,85363.94951475442,0.0,36.950050354003906,False
2021-12-23,3365295.846348529,TQQQ,85363.94951475442,0.0,36.950050354003906,False
2021-12-27,3526157.5766219418,TQQQ,85363.94951475442,0.0,36.950050354003906,False
2021-12-28,3484671.9944980685,TQQQ,85363.94951475442,0.0,36.950050354003906,False
2021-12-29,3479180.441593494,TQQQ,85363.94951475442,0.0,36.950050354003906,False
2021-12-30,3446641.753210915,TQQQ,85363.94951475442,0.0,36.950050354003906,False
2021-12-31,3382581.9940232467,TQQQ,85363.94951475442,0.0,36.950050354003906,False
2022-01-03,3480198.059170984,TQQQ,85363.94951475442,0.0,39.62541580200195,False
2022-01-04,3344959.776679964,TQQQ,85363.94951475442,0.0,39.62541580200195,False
2022-01-05,3044323.7946209223,CASH,0.0,3044323.7946209223,,False
2022-01-06,3044323.7946209223,CASH,0.0,3044323.7946209223,,False
2022-01-07,3044323.7946209223,CASH,0.0,3044323.7946209223,,False
2022-01-10,3044323.7946209223,CASH,0.0,3044323.7946209223,,False
2022-01-11,3044323.7946209223,CASH,0.0,3044323.7946209223,,False
2022-01-12,3044323.7946209223,CASH,0.0,3044323.7946209223,,False
2022-01-13,3044323.7946209223,CASH,0.0,3044323.7946209223,,False
2022-01-14,3044323.7946209223,CASH,0.0,3044323.7946209223,,False
2022-01-18,3044323.7946209223,CASH,0.0,3044323.7946209223,,False
2022-01-19,3044323.7946209223,CASH,0.0,3044323.7946209223,,False
2022-01-20,3044323.7946209223,CASH,0.0,3044323.7946209223,,False
2022-01-21,3044323.7946209223,CASH,0.0,3044323.7946209223,,False
2022-01-24,3044323.7946209223,CASH,0.0,3044323.7946209223,,False
2022-01-25,3044323.7946209223,CASH,0.0,3044323.7946209223,,False
2022-01-26,3044323.7946209223,CASH,0.0,3044323.7946209223,,False
2022-01-27,3044323.7946209223,CASH,0.0,3044323.7946209223,,False
2022-01-28,3044323.7946209223,CASH,0.0,3044323.7946209223,,False
2022-01-31,3044323.7946209223,CASH,0.0,3044323.7946209223,,False
2022-02-01,3044323.7946209223,GLD,18096.200867480435,0.0,168.22999572753906,False
2022-02-02,3055362.4881951297,GLD,18096.200867480435,0.0,168.22999572753906,False
2022-02-03,3051019.5767076463,GLD,18096.200867480435,0.0,168.22999572753906,False
2022-02-04,3055724.489527791,GLD,18096.200867480435,0.0,168.22999572753906,False
2022-02-07,3078344.7406121413,GLD,18096.200867480435,0.0,168.22999572753906,False
2022-02-08,3087754.8423785423,GLD,18096.200867480435,0.0,168.22999572753906,False
2022-02-09,3098250.6720168144,GLD,18096.200867480435,0.0,168.22999572753906,False
2022-02-10,3086487.975777285,GLD,18096.200867480435,0.0,168.22999572753906,False
2022-02-11,3145300.6285965964,GLD,18096.200867480435,0.0,168.22999572753906,False
2022-02-14,3162130.2389889313,GLD,18096.200867480435,0.0,168.22999572753906,False
2022-02-15,3132090.479278647,GLD,18096.200867480435,0.0,168.22999572753906,False
2022-02-16,3164301.6947326735,GLD,18096.200867480435,0.0,168.22999572753906,False
2022-02-17,3207551.603760907,GLD,18096.200867480435,0.0,168.22999572753906,False
2022-02-18,3205199.0092877788,GLD,18096.200867480435,0.0,168.22999572753906,False
2022-02-22,3211894.7913745027,GLD,18096.200867480435,0.0,168.22999572753906,False
2022-02-23,3226371.5311675975,GLD,18096.200867480435,0.0,168.22999572753906,False
2022-02-24,3205561.01062044,GLD,18096.200867480435,0.0,168.22999572753906,False
2022-02-25,3194884.318378893,GLD,18096.200867480435,0.0,168.22999572753906,False
2022-02-28,3228000.3991015158,GLD,18096.200867480435,0.0,168.22999572753906,False
2022-03-01,3286631.913191441,GLD,18096.200867480435,0.0,178.3800048828125,False
2022-03-02,3252430.1045969473,GLD,18096.200867480435,0.0,178.3800048828125,False
2022-03-03,3271793.172065685,GLD,18096.200867480435,0.0,178.3800048828125,False
2022-03-04,3323910.0427982723,GLD,18096.200867480435,0.0,178.3800048828125,False
2022-03-07,3373312.8699772945,GLD,18096.200867480435,0.0,178.3800048828125,False
2022-03-08,3465603.3287257776,GLD,18096.200867480435,0.0,178.3800048828125,False
2022-03-09,3362636.1777357482,GLD,18096.200867480435,0.0,178.3800048828125,False
2022-03-10,3373131.7312479084,GLD,18096.200867480435,0.0,178.3800048828125,False
2022-03-11,3349425.752291687,GLD,18096.200867480435,0.0,178.3800048828125,False
2022-03-14,3298937.4733669055,GLD,18096.200867480435,0.0,178.3800048828125,False
2022-03-15,3237229.3621385307,GLD,18096.200867480435,0.0,178.3800048828125,False
2022-03-16,3257497.0187497525,GLD,18096.200867480435,0.0,178.3800048828125,False
2022-03-17,3273421.7638734914,GLD,18096.200867480435,0.0,178.3800048828125,False
2022-03-18,3244648.870764464,GLD,18096.200867480435,0.0,178.3800048828125,False
2022-03-21,3269440.577592557,GLD,18096.200867480435,0.0,178.3800048828125,False
2022-03-22,3245734.598636335,GLD,18096.200867480435,0.0,178.3800048828125,False
2022-03-23,3290070.23553644,GLD,18096.200867480435,0.0,178.3800048828125,False
2022-03-24,3313957.353222048,GLD,18096.200867480435,0.0,178.3800048828125,False
2022-03-25,3300385.2025714377,GLD,18096.200867480435,0.0,178.3800048828125,False
2022-03-28,3240305.683150869,GLD,18096.200867480435,0.0,178.3800048828125,False
2022-03-29,3241753.4123554006,GLD,18096.200867480435,0.0,178.3800048828125,False
2022-03-30,3267811.9857847504,GLD,18096.200867480435,0.0,178.3800048828125,False
2022-03-31,3269078.5762598957,GLD,18096.200867480435,0.0,178.3800048828125,False
2022-04-01,3248268.055712738,GLD,18096.200867480435,0.0,180.64999389648438,False
2022-04-04,3264011.66210709,GLD,18096.200867480435,0.0,180.64999389648438,False
2022-04-05,3243563.1428925935,GLD,18096.200867480435,0.0,180.64999389648438,False
2022-04-06,3251163.5141218016,GLD,18096.200867480435,0.0,180.64999389648438,False
2022-04-07,3263468.7981711547,GLD,18096.200867480435,0.0,180.64999389648438,False
2022-04-08,3283917.5935117635,GLD,18096.200867480435,0.0,180.64999389648438,False
2022-04-11,3300204.063842051,GLD,18096.200867480435,0.0,180.64999389648438,False
2022-04-12,3325538.9107321906,GLD,18096.200867480435,0.0,180.64999389648438,False
2022-04-13,3341463.3797298176,GLD,18096.200867480435,0.0,180.64999389648438,False
2022-04-14,3330424.68615561,GLD,18096.200867480435,0.0,180.64999389648438,False
2022-04-18,3340739.6531906077,GLD,18096.200867480435,0.0,180.64999389648438,False
2022-04-19,3290251.3742658263,GLD,18096.200867480435,0.0,180.64999389648438,False
2022-04-20,3306356.9819928394,GLD,18096.200867480435,0.0,180.64999389648438,False
2022-04-21,3294594.28575331,GLD,18096.200867480435,0.0,180.64999389648438,False
2022-04-22,3262563.9329025582,GLD,18096.200867480435,0.0,180.64999389648438,False
2022-04-25,3203932.4188126335,GLD,18096.200867480435,0.0,180.64999389648438,False
2022-04-26,3208818.4703621645,GLD,18096.200867480435,0.0,180.64999389648438,False
2022-04-27,3184569.351343896,GLD,18096.200867480435,0.0,180.64999389648438,False
2022-04-28,3201760.6869427795,GLD,18096.200867480435,0.0,180.64999389648438,False
2022-04-29,3201398.9617362306,GLD,18096.200867480435,0.0,180.64999389648438,False
2022-05-02,3142043.4449809836,GLD,18096.200867480435,0.0,176.91000366210938,False
2022-05-03,3150367.542749402,GLD,18096.200867480435,0.0,176.91000366210938,False
2022-05-04,3181312.167728283,GLD,18096.200867480435,0.0,176.91000366210938,False
2022-05-05,3169187.7462822045,GLD,18096.200867480435,0.0,176.91000366210938,False
2022-05-06,3174435.5230382844,GLD,18096.200867480435,0.0,176.91000366210938,False
2022-05-09,3128471.2943303734,GLD,18096.200867480435,0.0,176.91000366210938,False
2022-05-10,3102050.7195683625,GLD,18096.200867480435,0.0,176.91000366210938,False
2022-05-11,3127385.5664585023,GLD,18096.200867480435,0.0,176.91000366210938,False
2022-05-12,3079430.468484012,GLD,18096.200867480435,0.0,176.91000366210938,False
2022-05-13,3054457.622926533,GLD,18096.200867480435,0.0,176.91000366210938,False
2022-05-16,3083592.517368221,GLD,18096.200867480435,0.0,176.91000366210938,False
2022-05-17,3064229.7260255953,GLD,18096.200867480435,0.0,176.91000366210938,False
2022-05-18,3065858.3178334017,GLD,18096.200867480435,0.0,176.91000366210938,False
2022-05-19,3110917.9573988286,GLD,18096.200867480435,0.0,176.91000366210938,False
2022-05-20,3113089.4131425703,GLD,18096.200867480435,0.0,176.91000366210938,False
2022-05-23,3127566.429061777,GLD,18096.200867480435,0.0,176.91000366210938,False
2022-05-24,3151091.545414724,GLD,18096.200867480435,0.0,176.91000366210938,False
2022-05-25,3132090.479278647,GLD,18096.200867480435,0.0,176.91000366210938,False
2022-05-26,3126299.56246052,GLD,18096.200867480435,0.0,176.91000366210938,False
2022-05-27,3127928.430394438,GLD,18096.200867480435,0.0,176.91000366210938,False
2022-05-31,3096983.805415557,GLD,18096.200867480435,0.0,176.91000366210938,False
2022-06-01,3116708.5980908438,SHY,42906.518838024815,0.0,72.63951218826776,False
2022-06-02,3117457.589059055,SHY,42906.518838024815,0.0,72.63951218826776,False
2022-06-03,3116331.3017166234,SHY,42906.518838024815,0.0,72.63951218826776,False
2022-06-06,3112208.061951894,SHY,42906.518838024815,0.0,72.63951218826776,False
2022-06-07,3112582.3926777574,SHY,42906.518838024815,0.0,72.63951218826776,False
2022-06-08,3110333.442674219,SHY,42906.518838024815,0.0,72.63951218826776,False
2022-06-09,3108084.8221871643,SHY,42906.518838024815,0.0,72.63951218826776,False
2022-06-10,3094961.8282104717,SHY,42906.518838024815,0.0,72.63951218826776,False
2022-06-13,3079215.5535043767,SHY,42906.518838024815,0.0,72.63951218826776,False
2022-06-14,3073217.035429005,SHY,42906.518838024815,0.0,72.63951218826776,False
2022-06-15,3085215.389645686,SHY,42906.518838024815,0.0,72.63951218826776,False
2022-06-16,3089338.958926899,SHY,42906.518838024815,0.0,72.63951218826776,False
2022-06-17,3088589.3089257195,SHY,42906.518838024815,0.0,72.63951218826776,False
2022-06-21,3087463.3510997724,SHY,42906.518838024815,0.0,72.63951218826776,False
2022-06-22,3096462.4462787667,SHY,42906.518838024815,0.0,72.63951218826776,False
2022-06-23,3099086.386041137,SHY,42906.518838024815,0.0,72.63951218826776,False
2022-06-24,3098337.065556442,SHY,42906.518838024815,0.0,72.63951218826776,False
2022-06-27,3094961.8282104717,SHY,42906.518838024815,0.0,72.63951218826776,False
2022-06-28,3094211.8486928083,SHY,42906.518838024815,0.0,72.63951218826776,False
2022-06-29,3097960.7577316742,SHY,42906.518838024815,0.0,72.63951218826776,False
2022-06-30,3103960.593872983,SHY,42906.518838024815,0.0,72.63951218826776,False
2022-07-01,3113305.3518437305,SHY,42906.518838024815,0.0,72.34240106009665,False
2022-07-05,3112929.373535446,SHY,42906.518838024815,0.0,72.34240106009665,False
2022-07-06,3104296.700686699,SHY,42906.518838024815,0.0,72.34240106009665,False
2022-07-07,3102045.7735842555,SHY,42906.518838024815,0.0,72.34240106009665,False
2022-07-08,3098292.5808310974,SHY,42906.518838024815,0.0,72.34240106009665,False
2022-07-11,3099418.5386570445,SHY,42906.518838024815,0.0,72.34240106009665,False
2022-07-12,3100920.4747912763,SHY,42906.518838024815,0.0,72.34240106009665,False
2022-07-13,3097543.589862886,SHY,42906.518838024815,0.0,72.34240106009665,False
2022-07-14,3096416.6434874865,SHY,42906.518838024815,0.0,72.34240106009665,False
2022-07-15,3098669.5476888334,SHY,42906.518838024815,0.0,72.34240106009665,False
2022-07-18,3096791.303729834,SHY,42906.518838024815,0.0,72.34240106009665,False
2022-07-19,3093416.0663838643,SHY,42906.518838024815,0.0,72.34240106009665,False
2022-07-20,3093039.4290426117,SHY,42906.518838024815,0.0,72.34240106009665,False
2022-07-21,3101672.4314078433,SHY,42906.518838024815,0.0,72.34240106009665,False
2022-07-22,3109552.1590905725,SHY,42906.518838024815,0.0,72.34240106009665,False
2022-07-25,3106924.924163361,SHY,42906.518838024815,0.0,72.34240106009665,False
2022-07-26,3105423.647062098,SHY,42906.518838024815,0.0,72.34240106009665,False
2022-07-27,3110302.138608236,SHY,42906.518838024815,0.0,72.34240106009665,False
2022-07-28,3117056.567497984,SHY,42906.518838024815,0.0,72.34240106009665,False
2022-07-29,3116682.566288605,SHY,42906.518838024815,0.0,72.34240106009665,False
2022-08-01,3116607.7660467285,SHY,42906.518838024815,0.0,72.6389054785429,False
2022-08-02,3105712.303502112,SHY,42906.518838024815,0.0,72.6389054785429,False
2022-08-03,3106838.9203610285,SHY,42906.518838024815,0.0,72.6389054785429,False
2022-08-04,3110971.0570708266,SHY,42906.518838024815,0.0,72.6389054785429,False
2022-08-05,3098198.9981496315,SHY,42906.518838024815,0.0,72.6389054785429,False
2022-08-08,3101204.5180005142,SHY,42906.518838024815,0.0,72.6389054785429,False
2022-08-09,3098198.9981496315,SHY,42906.518838024815,0.0,72.6389054785429,False
2022-08-10,3101204.5180005142,SHY,42906.518838024815,0.0,72.6389054785429,False
2022-08-11,3100077.2421086305,SHY,42906.518838024815,0.0,72.6389054785429,False
2022-08-12,3100828.210175746,SHY,42906.518838024815,0.0,72.6389054785429,False
2022-08-15,3103459.069784282,SHY,42906.518838024815,0.0,72.6389054785429,False
2022-08-16,3100828.210175746,SHY,42906.518838024815,0.0,72.6389054785429,False
2022-08-17,3098198.9981496315,SHY,42906.518838024815,0.0,72.6389054785429,False
2022-08-18,3102706.7836512295,SHY,42906.518838024815,0.0,72.6389054785429,False
2022-08-19,3100453.5499333986,SHY,42906.518838024815,0.0,72.6389054785429,False
2022-08-22,3096320.4246741477,SHY,42906.518838024815,0.0,72.6389054785429,False
2022-08-23,3097824.667423768,SHY,42906.518838024815,0.0,72.6389054785429,False
2022-08-24,3094442.180715149,SHY,42906.518838024815,0.0,72.6389054785429,False
2022-08-25,3096320.4246741477,SHY,42906.518838024815,0.0,72.6389054785429,False
2022-08-26,3095569.7861235165,SHY,42906.518838024815,0.0,72.6389054785429,False
2022-08-29,3093315.5638562334,SHY,42906.518838024815,0.0,72.6389054785429,False
2022-08-30,3091813.298205517,SHY,42906.518838024815,0.0,72.6389054785429,False
2022-08-31,3091437.3198972335,SHY,42906.518838024815,0.0,72.6389054785429,False
2022-09-01,3089178.8139156583,IEF,35269.73324582332,0.0,87.58724633341201,False
2022-09-02,3106484.49993023,IEF,35269.73324582332,0.0,87.58724633341201,False
2022-09-06,3071872.046092872,IEF,35269.73324582332,0.0,87.58724633341201,False
2022-09-07,3091960.683740406,IEF,35269.73324582332,0.0,87.58724633341201,False
2022-09-08,3080525.7004563194,IEF,35269.73324582332,0.0,87.58724633341201,False
2022-09-09,3080835.0976057956,IEF,35269.73324582332,0.0,87.58724633341201,False
2022-09-12,3073417.4091279297,IEF,35269.73324582332,0.0,87.58724633341201,False
2022-09-13,3056111.4526613043,IEF,35269.73324582332,0.0,87.58724633341201,False
2022-09-14,3057655.7338881474,IEF,35269.73324582332,0.0,87.58724633341201,False
2022-09-15,3047149.2125045424,IEF,35269.73324582332,0.0,87.58724633341201,False
2022-09-16,3049621.1442757053,IEF,35269.73324582332,0.0,87.58724633341201,False
2022-09-19,3040967.760364312,IEF,35269.73324582332,0.0,87.58724633341201,False
2022-09-20,3022116.711314683,IEF,35269.73324582332,0.0,87.58724633341201,False
2022-09-21,3034169.4070895067,IEF,35269.73324582332,0.0,87.58724633341201,False
2022-09-22,2988431.0966654844,IEF,35269.73324582332,0.0,87.58724633341201,False
2022-09-23,2992139.8056783904,IEF,35269.73324582332,0.0,87.58724633341201,False
2022-09-26,2942383.65954404,IEF,35269.73324582332,0.0,87.58724633341201,False
2022-09-27,2922295.562800614,IEF,35269.73324582332,0.0,87.58724633341201,False
2022-09-28,2988123.051776277,IEF,35269.73324582332,0.0,87.58724633341201,False
2022-09-29,2974215.3253648663,IEF,35269.73324582332,0.0,87.58724633341201,False
2022-09-30,2966488.239737525,IEF,35269.73324582332,0.0,87.58724633341201,False
2022-10-03,3001695.6880931063,SHY,42071.392945285756,0.0,71.34766590677994,False
2022-10-04,3002802.9614771204,SHY,42071.392945285756,0.0,71.34766590677994,False
2022-10-05,2999850.447854965,SHY,42071.392945285756,0.0,71.34766590677994,False
2022-10-06,2996156.090144774,SHY,42071.392945285756,0.0,71.34766590677994,False
2022-10-07,2992463.024845886,SHY,42071.392945285756,0.0,71.34766590677994,False
2022-10-10,2991354.782153394,SHY,42071.392945285756,0.0,71.34766590677994,False
2022-10-11,2992832.977581427,SHY,42071.392945285756,0.0,71.34766590677994,False
2022-10-12,2995786.783614885,SHY,42071.392945285756,0.0,71.34766590677994,False
2022-10-13,2986923.103794728,SHY,42071.392945285756,0.0,71.34766590677994,False
2022-10-14,2985445.554572348,SHY,42071.392945285756,0.0,71.34766590677994,False
2022-10-17,2988770.282649824,SHY,42071.392945285756,0.0,71.34766590677994,False
2022-10-18,2990247.831872205,SHY,42071.392945285756,0.0,71.34766590677994,False
2022-10-19,2984707.587718222,SHY,42071.392945285756,0.0,71.34766590677994,False
2022-10-20,2981383.1827435703,SHY,42071.392945285756,0.0,71.34766590677994,False
2022-10-21,2989139.912282538,SHY,42071.392945285756,0.0,71.34766590677994,False
2022-10-24,2988400.0068114577,SHY,42071.392945285756,0.0,71.34766590677994,False
2022-10-25,2991354.782153394,SHY,42071.392945285756,0.0,71.34766590677994,False
2022-10-26,2993939.2816569638,SHY,42071.392945285756,0.0,71.34766590677994,False
2022-10-27,3000218.138870725,SHY,42071.392945285756,0.0,71.34766590677994,False
2022-10-28,2995786.783614885,SHY,42071.392945285756,0.0,71.34766590677994,False
2022-10-31,2991354.782153394,SHY,42071.392945285756,0.0,71.34766590677994,False
2022-11-01,2988433.286402515,SHY,42071.392945285756,0.0,71.10187166951376,False
2022-11-02,2986952.506151876,SHY,42071.392945285756,0.0,71.10187166951376,False
2022-11-03,2981402.8920159447,SHY,42071.392945285756,0.0,71.10187166951376,False
2022-11-04,2984732.4666358083,SHY,42071.392945285756,0.0,71.10187166951376,False
2022-11-07,2982143.443692677,SHY,42071.392945285756,0.0,71.10187166951376,False
2022-11-08,2985103.065577,SHY,42071.392945285756,0.0,71.10187166951376,False
2022-11-09,2989912.774241851,SHY,42071.392945285756,0.0,71.10187166951376,False
2022-11-10,3006190.3715028027,SHY,42071.392945285756,0.0,71.10187166951376,False
2022-11-11,3005449.81982607,SHY,42071.392945285756,0.0,71.10187166951376,False
2022-11-14,3002859.8275744617,SHY,42071.392945285756,0.0,71.10187166951376,False
2022-11-15,3005820.418767262,SHY,42071.392945285756,0.0,71.10187166951376,False
2022-11-16,3006190.3715028027,SHY,42071.392945285756,0.0,71.10187166951376,False
2022-11-17,3002491.167250225,SHY,42071.392945285756,0.0,71.10187166951376,False
2022-11-18,2999161.269527535,SHY,42071.392945285756,0.0,71.10187166951376,False
2022-11-21,2998421.364056454,SHY,42071.392945285756,0.0,71.10187166951376,False
2022-11-22,3000641.080469696,SHY,42071.392945285756,0.0,71.10187166951376,False
2022-11-23,3003229.7803100017,SHY,42071.392945285756,0.0,71.10187166951376,False
2022-11-25,3003601.0254568453,SHY,42071.392945285756,0.0,71.10187166951376,False
2022-11-28,3004340.284722275,SHY,42071.392945285756,0.0,71.10187166951376,False
2022-11-29,3003229.7803100017,SHY,42071.392945285756,0.0,71.10187166951376,False
2022-11-30,3012108.6459629717,SHY,42071.392945285756,0.0,71.10187166951376,False
2022-12-01,3018596.8738078508,SHY,42071.392945285756,0.0,71.59517275504159,False
2022-12-02,3017855.0297198147,SHY,42071.392945285756,0.0,71.59517275504159,False
2022-12-05,3009328.023044141,SHY,42071.392945285756,0.0,71.59517275504159,False
2022-12-06,3012665.9983374756,SHY,42071.392945285756,0.0,71.59517275504159,False
2022-12-07,3018967.149646217,SHY,42071.392945285756,0.0,71.59517275504159,False
2022-12-08,3016001.3888082034,SHY,42071.392945285756,0.0,71.59517275504159,False
2022-12-09,3014518.66994061,SHY,42071.392945285756,0.0,71.59517275504159,False
2022-12-12,3012665.9983374756,SHY,42071.392945285756,0.0,71.59517275504159,False
2022-12-13,3021561.342234561,SHY,42071.392945285756,0.0,71.59517275504159,False
2022-12-14,3021933.879792707,SHY,42071.392945285756,0.0,71.59517275504159,False
2022-12-15,3022340.989353215,SHY,42071.392945285756,0.0,71.59517275504159,False
2022-12-16,3025313.5353505705,SHY,42071.392945285756,0.0,71.59517275504159,False
2022-12-19,3021598.499059528,SHY,42071.392945285756,0.0,71.59517275504159,False
2022-12-20,3021598.499059528,SHY,42071.392945285756,0.0,71.59517275504159,False
2022-12-21,3024570.3988512317,SHY,42071.392945285756,0.0,71.59517275504159,False
2022-12-22,3022711.9113972327,SHY,42071.392945285756,0.0,71.59517275504159,False
2022-12-23,3021226.930809858,SHY,42071.392945285756,0.0,71.59517275504159,False
2022-12-27,3017140.326269147,SHY,42071.392945285756,0.0,71.59517275504159,False
2022-12-28,3017140.326269147,SHY,42071.392945285756,0.0,71.59517275504159,False
2022-12-29,3019370.381972815,SHY,42071.392945285756,0.0,71.59517275504159,False
2022-12-30,3015653.730167643,SHY,42071.392945285756,0.0,71.59517275504159,False
2023-01-03,3018254.384812503,GLD,17644.4196649696,0.0,171.05999755859375,False
2023-01-04,3046661.911242403,GLD,17644.4196649696,0.0,171.05999755859375,False
2023-01-05,3008726.5166557096,GLD,17644.4196649696,0.0,171.05999755859375,False
2023-01-06,3065012.2584641594,GLD,17644.4196649696,0.0,171.05999755859375,False
2023-01-09,3071893.5713641983,GLD,17644.4196649696,0.0,171.05999755859375,False
2023-01-10,3083185.9891804797,GLD,17644.4196649696,0.0,171.05999755859375,False
2023-01-11,3081068.4757425985,GLD,17644.4196649696,0.0,171.05999755859375,False
2023-01-12,3116710.2788509307,GLD,17644.4196649696,0.0,171.05999755859375,False
2023-01-13,3154116.362386273,GLD,17644.4196649696,0.0,171.05999755859375,False
2023-01-17,3133472.4236861565,GLD,17644.4196649696,0.0,171.05999755859375,False
2023-01-18,3124473.866580714,GLD,17644.4196649696,0.0,171.05999755859375,False
2023-01-19,3174054.642762082,GLD,17644.4196649696,0.0,171.05999755859375,False
2023-01-20,3163467.883270109,GLD,17644.4196649696,0.0,171.05999755859375,False
2023-01-23,3169467.190572882,GLD,17644.4196649696,0.0,171.05999755859375,False
2023-01-24,3180935.955662121,GLD,17644.4196649696,0.0,171.05999755859375,False
2023-01-25,3195580.856291943,GLD,17644.4196649696,0.0,171.05999755859375,False
2023-01-26,3166644.0188106922,GLD,17644.4196649696,0.0,171.05999755859375,False
2023-01-27,3162232.91389445,GLD,17644.4196649696,0.0,171.05999755859375,False
2023-01-30,3154116.362386273,GLD,17644.4196649696,0.0,171.05999755859375,False
2023-01-31,3165585.39670799,GLD,17644.4196649696,0.0,171.05999755859375,False
2023-02-01,3205461.6882271296,GLD,17644.4196649696,0.0,179.41000366210938,False
2023-02-02,3138942.1507051005,GLD,17644.4196649696,0.0,179.41000366210938,False
2023-02-03,3060601.153547917,GLD,17644.4196649696,0.0,179.41000366210938,False
2023-02-06,3066953.155396605,GLD,17644.4196649696,0.0,179.41000366210938,False
2023-02-07,3069776.057926317,GLD,17644.4196649696,0.0,179.41000366210938,False
2023-02-08,3077363.2983831423,GLD,17644.4196649696,0.0,179.41000366210938,False
2023-02-09,3053013.9130910914,GLD,17644.4196649696,0.0,179.41000366210938,False
2023-02-10,3058836.603888429,GLD,17644.4196649696,0.0,179.41000366210938,False
2023-02-13,3043309.4284288627,GLD,17644.4196649696,0.0,179.41000366210938,False
2023-02-14,3045603.2891397015,GLD,17644.4196649696,0.0,179.41000366210938,False
2023-02-15,3015254.8657773556,GLD,17644.4196649696,0.0,179.41000366210938,False
2023-02-16,3012784.657793559,GLD,17644.4196649696,0.0,179.41000366210938,False
2023-02-17,3021783.2148990016,GLD,17644.4196649696,0.0,179.41000366210938,False
2023-02-21,3010490.79708272,GLD,17644.4196649696,0.0,179.41000366210938,False
2023-02-22,2993552.304974537,GLD,17644.4196649696,0.0,179.41000366210938,False
2023-02-23,2991964.3718204843,GLD,17644.4196649696,0.0,179.41000366210938,False
2023-02-24,2970438.158290623,GLD,17644.4196649696,0.0,179.41000366210938,False
2023-02-27,2982083.27065282,GLD,17644.4196649696,0.0,179.41000366210938,False
2023-02-28,2995669.54917994,GLD,17644.4196649696,0.0,179.41000366210938,False
2023-03-01,3012961.005066517,GLD,17644.4196649696,0.0,169.77999877929688,False
2023-03-02,3011196.7246395065,GLD,17644.4196649696,0.0,169.77999877929688,False
2023-03-03,3043486.044934298,GLD,17644.4196649696,0.0,169.77999877929688,False
2023-03-06,3028135.2167476895,GLD,17644.4196649696,0.0,169.77999877929688,False
2023-03-07,2975201.957752781,GLD,17644.4196649696,0.0,169.77999877929688,False
2023-03-08,2973790.371871686,GLD,17644.4196649696,0.0,169.77999877929688,False
2023-03-09,3003080.17313133,GLD,17644.4196649696,0.0,169.77999877929688,False
2023-03-10,3067835.1609938713,GLD,17644.4196649696,0.0,169.77999877929688,False
2023-03-13,3138236.492380792,GLD,17644.4196649696,0.0,169.77999877929688,False
2023-03-14,3120062.7616644716,GLD,17644.4196649696,0.0,169.77999877929688,False
2023-03-15,3144412.1469565225,GLD,17644.4196649696,0.0,169.77999877929688,False
2023-03-16,3150764.1488052104,GLD,17644.4196649696,0.0,169.77999877929688,False
2023-03-17,3242515.0772165568,GLD,17644.4196649696,0.0,169.77999877929688,False
2023-03-20,3243750.0465922165,GLD,17644.4196649696,0.0,169.77999877929688,False
2023-03-21,3182523.8888161737,GLD,17644.4196649696,0.0,169.77999877929688,False
2023-03-22,3236692.3864192194,GLD,17644.4196649696,0.0,169.77999877929688,False
2023-03-23,3277274.605495145,GLD,17644.4196649696,0.0,169.77999877929688,False
2023-03-24,3240397.5637786756,GLD,17644.4196649696,0.0,169.77999877929688,False
2023-03-27,3210402.104194723,GLD,17644.4196649696,0.0,169.77999877929688,False
2023-03-28,3236692.3864192194,GLD,17644.4196649696,0.0,169.77999877929688,False
2023-03-29,3220635.899908303,GLD,17644.4196649696,0.0,169.77999877929688,False
2023-03-30,3249749.0846625115,GLD,17644.4196649696,0.0,169.77999877929688,False
2023-03-31,3232810.592554328,GLD,17644.4196649696,0.0,169.77999877929688,False
2023-04-03,3256101.0865111994,TQQQ,240882.00252458616,0.0,13.517411231994629,False
2023-04-04,3223610.216963294,TQQQ,240882.00252458616,0.0,13.517411231994629,False
2023-04-05,3120334.3464217493,TQQQ,240882.00252458616,0.0,13.517411231994629,False
2023-04-06,3182995.6537057506,TQQQ,240882.00252458616,0.0,13.517411231994629,False
2023-04-10,3176033.439378403,TQQQ,240882.00252458616,0.0,13.517411231994629,False
2023-04-11,3114532.2331388174,TQQQ,240882.00252458616,0.0,13.517411231994629,False
2023-04-12,3032142.775856336,TQQQ,240882.00252458616,0.0,13.517411231994629,False
2023-04-13,3206203.8771144985,TQQQ,240882.00252458616,0.0,13.517411231994629,False
2023-04-14,3187636.976775329,TQQQ,240882.00252458616,0.0,13.517411231994629,False
2023-04-17,3191118.8879694296,TQQQ,240882.00252458616,0.0,13.517411231994629,False
2023-04-18,3193439.549504219,TQQQ,240882.00252458616,0.0,13.517411231994629,False
2023-04-19,3186476.8757309136,TQQQ,240882.00252458616,0.0,13.517411231994629,False
2023-04-20,3112210.882435091,TQQQ,240882.00252458616,0.0,13.517411231994629,False
2023-04-21,3118013.455163981,TQQQ,240882.00252458616,0.0,13.517411231994629,False
2023-04-24,3099446.3251018324,TQQQ,240882.00252458616,0.0,13.517411231994629,False
2023-04-25,2930490.9778600796,CASH,0.0,2930490.9778600796,,False
2023-04-26,2930490.9778600796,CASH,0.0,2930490.9778600796,,False
2023-04-27,2930490.9778600796,CASH,0.0,2930490.9778600796,,False
2023-04-28,2930490.9778600796,CASH,0.0,2930490.9778600796,,False
2023-05-01,2930490.9778600796,TECL,86207.54734281453,0.0,33.993438720703125,False
2023-05-02,2847930.1113205045,TECL,86207.54734281453,0.0,33.993438720703125,False
2023-05-03,2774187.181390008,TECL,86207.54734281453,0.0,33.993438720703125,False
2023-05-04,2734109.5378251397,TECL,86207.54734281453,0.0,33.993438720703125,False
2023-05-05,2935300.1635455857,TECL,86207.54734281453,0.0,33.993438720703125,False
2023-05-08,2930490.9778600796,TECL,86207.54734281453,0.0,33.993438720703125,False
2023-05-09,2862357.997232718,TECL,86207.54734281453,0.0,33.993438720703125,False
2023-05-10,2964156.264225708,TECL,86207.54734281453,0.0,33.993438720703125,False
2023-05-11,2922474.7914357153,TECL,86207.54734281453,0.0,33.993438720703125,False
2023-05-12,2910451.498366255,TECL,86207.54734281453,0.0,33.993438720703125,False
2023-05-15,2980186.99279596,TECL,86207.54734281453,0.0,33.993438720703125,False
2023-05-16,2990607.772063077,TECL,86207.54734281453,0.0,33.993438720703125,False
2023-05-17,3108436.109914928,TECL,86207.54734281453,0.0,33.993438720703125,False
2023-05-18,3299206.9429353424,TECL,86207.54734281453,0.0,33.993438720703125,False
2023-05-19,3289587.91385294,TECL,86207.54734281453,0.0,33.993438720703125,False
2023-05-22,3306421.050319297,TECL,86207.54734281453,0.0,33.993438720703125,False
2023-05-23,3162140.218062991,TECL,86207.54734281453,0.0,33.993438720703125,False
2023-05-24,3090801.8809752474,TECL,86207.54734281453,0.0,33.993438720703125,False
2023-05-25,3445892.0391787062,TECL,86207.54734281453,0.0,33.993438720703125,False
2023-05-26,3734452.0594128426,TECL,86207.54734281453,0.0,33.993438720703125,False
2023-05-30,3792965.6821021065,TECL,86207.54734281453,0.0,33.993438720703125,False
2023-05-31,3697580.101164052,TECL,86207.54734281453,0.0,33.993438720703125,False
2023-06-01,3805790.396500586,TQQQ,219389.4588662817,0.0,17.34718894958496,False
2023-06-02,3891396.507485286,TQQQ,219389.4588662817,0.0,17.34718894958496,False
2023-06-05,3899851.7523237183,TQQQ,219389.4588662817,0.0,17.34718894958496,False
2023-06-06,3895623.7114523174,TQQQ,219389.4588662817,0.0,17.34718894958496,False
2023-06-07,3696931.734531921,TQQQ,219389.4588662817,0.0,17.34718894958496,False
2023-06-08,3823757.0594909326,TQQQ,219389.4588662817,0.0,17.34718894958496,False
2023-06-09,3870259.232293573,TQQQ,219389.4588662817,0.0,17.34718894958496,False
2023-06-12,4067894.19899612,TQQQ,219389.4588662817,0.0,17.34718894958496,False
2023-06-13,4158783.2688091486,TQQQ,219389.4588662817,0.0,17.34718894958496,False
2023-06-14,4247560.828899583,TQQQ,219389.4588662817,0.0,17.34718894958496,False
2023-06-15,4396580.439268157,TQQQ,219389.4588662817,0.0,17.34718894958496,False
2023-06-16,4312030.083144755,TQQQ,219389.4588662817,0.0,17.34718894958496,False
2023-06-20,4290893.226405227,TQQQ,219389.4588662817,0.0,17.34718894958496,False
2023-06-21,4118926.5351473144,TQQQ,219389.4588662817,0.0,17.34718894958496,False
2023-06-22,4255695.120912564,TQQQ,219389.4588662817,0.0,17.34718894958496,False
2023-06-23,4129529.276596201,TQQQ,219389.4588662817,0.0,17.34718894958496,False
2023-06-26,3966256.347921842,TQQQ,219389.4588662817,0.0,17.34718894958496,False
2023-06-27,4162394.9296128955,TQQQ,219389.4588662817,0.0,17.34718894958496,False
2023-06-28,4187841.006947602,TQQQ,219389.4588662817,0.0,17.34718894958496,False
2023-06-29,4159213.856106919,TQQQ,219389.4588662817,0.0,17.34718894958496,False
2023-06-30,4346872.504280658,TQQQ,219389.4588662817,0.0,17.34718894958496,False
2023-07-03,4376558.33914793,TECL,87700.93881058012,0.0,49.9032096862793,False
2023-07-05,4296583.556499198,TECL,87700.93881058012,0.0,49.9032096862793,False
2023-07-06,4254148.244302041,TECL,87700.93881058012,0.0,49.9032096862793,False
2023-07-07,4195391.78685695,TECL,87700.93881058012,0.0,49.9032096862793,False
2023-07-10,4229666.024601344,TECL,87700.93881058012,0.0,49.9032096862793,False
2023-07-11,4257412.1387990955,TECL,87700.93881058012,0.0,49.9032096862793,False
2023-07-12,4400223.581566769,TECL,87700.93881058012,0.0,49.9032096862793,False
2023-07-13,4569150.19494126,TECL,87700.93881058012,0.0,49.9032096862793,False
2023-07-14,4543035.024334441,TECL,87700.93881058012,0.0,49.9032096862793,False
2023-07-17,4719305.400327306,TECL,87700.93881058012,0.0,49.9032096862793,False
2023-07-18,4878438.322895443,TECL,87700.93881058012,0.0,49.9032096862793,False
2023-07-19,4840083.2133721365,TECL,87700.93881058012,0.0,49.9032096862793,False
2023-07-20,4545483.948864827,TECL,87700.93881058012,0.0,49.9032096862793,False
2023-07-21,4533242.671738213,TECL,87700.93881058012,0.0,49.9032096862793,False
2023-07-24,4561804.759560228,TECL,87700.93881058012,0.0,49.9032096862793,False
2023-07-25,4711961.303156401,TECL,87700.93881058012,0.0,49.9032096862793,False
2023-07-26,4522633.341860126,TECL,87700.93881058012,0.0,49.9032096862793,False
2023-07-27,4480198.3642155,TECL,87700.93881058012,0.0,49.9032096862793,False
2023-07-28,4659732.300152889,TECL,87700.93881058012,0.0,49.9032096862793,False
2023-07-31,4689110.6961517,TECL,87700.93881058012,0.0,49.9032096862793,False
2023-08-01,4712776.607675602,TECL,87700.93881058012,0.0,53.4670524597168,False
2023-08-02,4360236.859347465,TECL,87700.93881058012,0.0,53.4670524597168,False
2023-08-03,4308008.525449017,TECL,87700.93881058012,0.0,53.4670524597168,False
2023-08-04,4220199.62653653,CASH,0.0,4220199.62653653,,False
2023-08-07,4220199.62653653,CASH,0.0,4220199.62653653,,False
2023-08-08,4220199.62653653,CASH,0.0,4220199.62653653,,False
2023-08-09,4220199.62653653,CASH,0.0,4220199.62653653,,False
2023-08-10,4220199.62653653,CASH,0.0,4220199.62653653,,False
2023-08-11,4220199.62653653,CASH,0.0,4220199.62653653,,False
2023-08-14,4220199.62653653,CASH,0.0,4220199.62653653,,False
2023-08-15,4220199.62653653,CASH,0.0,4220199.62653653,,False
2023-08-16,4220199.62653653,CASH,0.0,4220199.62653653,,False
2023-08-17,4220199.62653653,CASH,0.0,4220199.62653653,,False
2023-08-18,4220199.62653653,CASH,0.0,4220199.62653653,,False
2023-08-21,4220199.62653653,CASH,0.0,4220199.62653653,,False
2023-08-22,4220199.62653653,CASH,0.0,4220199.62653653,,False
2023-08-23,4220199.62653653,CASH,0.0,4220199.62653653,,False
2023-08-24,4220199.62653653,CASH,0.0,4220199.62653653,,False
2023-08-25,4220199.62653653,CASH,0.0,4220199.62653653,,False
2023-08-28,4220199.62653653,CASH,0.0,4220199.62653653,,False
2023-08-29,4220199.62653653,CASH,0.0,4220199.62653653,,False
2023-08-30,4220199.62653653,CASH,0.0,4220199.62653653,,False
2023-08-31,4220199.62653653,CASH,0.0,4220199.62653653,,False
2023-09-01,4220199.62653653,TECL,83957.16301886916,0.0,50.26610565185547,False
2023-09-05,4266292.091098704,TECL,83957.16301886916,0.0,50.26610565185547,False
2023-09-06,4131139.903393391,TECL,83957.16301886916,0.0,50.26610565185547,False
2023-09-07,3945987.9429714913,TECL,83957.16301886916,0.0,50.26610565185547,False
2023-09-08,3970987.6691942047,TECL,83957.16301886916,0.0,50.26610565185547,False
2023-09-11,4028797.5744233723,TECL,83957.16301886916,0.0,50.26610565185547,False
2023-09-12,3798179.6638828777,CASH,0.0,3798179.6638828777,,False
2023-09-13,3798179.6638828777,CASH,0.0,3798179.6638828777,,False
2023-09-14,3798179.6638828777,CASH,0.0,3798179.6638828777,,False
2023-09-15,3798179.6638828777,CASH,0.0,3798179.6638828777,,False
2023-09-18,3798179.6638828777,CASH,0.0,3798179.6638828777,,False
2023-09-19,3798179.6638828777,CASH,0.0,3798179.6638828777,,False
2023-09-20,3798179.6638828777,CASH,0.0,3798179.6638828777,,False
2023-09-21,3798179.6638828777,CASH,0.0,3798179.6638828777,,False
2023-09-22,3798179.6638828777,CASH,0.0,3798179.6638828777,,False
2023-09-25,3798179.6638828777,CASH,0.0,3798179.6638828777,,False
2023-09-26,3798179.6638828777,CASH,0.0,3798179.6638828777,,False
2023-09-27,3798179.6638828777,CASH,0.0,3798179.6638828777,,False
2023-09-28,3798179.6638828777,CASH,0.0,3798179.6638828777,,False
2023-09-29,3798179.6638828777,CASH,0.0,3798179.6638828777,,False
2023-10-02,3798179.6638828777,TECL,91685.2930968769,0.0,41.42626953125,False
2023-10-03,3600251.365307489,TECL,91685.2930968769,0.0,41.42626953125,False
2023-10-04,3732487.5626868904,TECL,91685.2930968769,0.0,41.42626953125,False
2023-10-05,3746991.7630680837,TECL,91685.2930968769,0.0,41.42626953125,False
2023-10-06,3954303.1985575464,TECL,91685.2930968769,0.0,41.42626953125,False
2023-10-09,4014023.6403055354,TECL,91685.2930968769,0.0,41.42626953125,False
2023-10-10,4031939.318152804,TECL,91685.2930968769,0.0,41.42626953125,False
2023-10-11,4137729.7450132,TECL,91685.2930968769,0.0,41.42626953125,False
2023-10-12,4144554.7984551727,TECL,91685.2930968769,0.0,41.42626953125,False
2023-10-13,3967101.3104540645,TECL,91685.2930968769,0.0,41.42626953125,False
2023-10-16,4082274.8742285348,TECL,91685.2930968769,0.0,41.42626953125,False
2023-10-17,4024261.220468494,TECL,91685.2930968769,0.0,41.42626953125,False
2023-10-18,3892025.0230890927,TECL,91685.2930968769,0.0,41.42626953125,False
2023-10-19,3828892.754123391,TECL,91685.2930968769,0.0,41.42626953125,False
2023-10-20,3628404.27356608,TECL,91685.2930968769,0.0,41.42626953125,False
2023-10-23,3640348.29196535,TECL,91685.2930968769,0.0,41.42626953125,False
2023-10-24,3715424.929081959,TECL,91685.2930968769,0.0,41.42626953125,False
2023-10-25,3585747.514677933,TECL,91685.2930968769,0.0,41.42626953125,False
2023-10-26,3418361.69749459,CASH,0.0,3418361.69749459,,False
2023-10-27,3418361.69749459,CASH,0.0,3418361.69749459,,False
2023-10-30,3418361.69749459,CASH,0.0,3418361.69749459,,False
2023-10-31,3418361.69749459,CASH,0.0,3418361.69749459,,False
2023-11-01,3418361.69749459,TQQQ,204490.1208117055,0.0,16.71651268005371,False
2023-11-02,3599841.375253227,TQQQ,204490.1208117055,0.0,16.71651268005371,False
2023-11-03,3726777.9250467937,TQQQ,204490.1208117055,0.0,16.71651268005371,False
2023-11-06,3769420.7270915946,TQQQ,204490.1208117055,0.0,16.71651268005371,False
2023-11-07,3875531.4139992264,TQQQ,204490.1208117055,0.0,16.71651268005371,False
2023-11-08,3882474.0183511255,TQQQ,204490.1208117055,0.0,16.71651268005371,False
2023-11-09,3790245.4198756726,TQQQ,204490.1208117055,0.0,16.71651268005371,False
2023-11-10,4043127.4431898748,TQQQ,204490.1208117055,0.0,16.71651268005371,False
2023-11-13,4006435.389156137,TQQQ,204490.1208117055,0.0,16.71651268005371,False
2023-11-14,4258324.776061599,TQQQ,204490.1208117055,0.0,16.71651268005371,False
2023-11-15,4270224.711947915,TQQQ,204490.1208117055,0.0,16.71651268005371,False
2023-11-16,4277166.53623191,TQQQ,204490.1208117055,0.0,16.71651268005371,False
2023-11-17,4280142.105254417,TQQQ,204490.1208117055,0.0,16.71651268005371,False
2023-11-20,4432862.629536241,TQQQ,204490.1208117055,0.0,16.71651268005371,False
2023-11-21,4352535.5270829145,TQQQ,204490.1208117055,0.0,16.71651268005371,False
2023-11-22,4403112.0097525455,TQQQ,204490.1208117055,0.0,16.71651268005371,False
2023-11-24,4381294.680559726,TQQQ,204490.1208117055,0.0,16.71651268005371,False
2023-11-27,4368402.10826467,TQQQ,204490.1208117055,0.0,16.71651268005371,False
2023-11-28,4403112.0097525455,TQQQ,204490.1208117055,0.0,16.71651268005371,False
2023-11-29,4387245.42857079,TQQQ,204490.1208117055,0.0,16.71651268005371,False
2023-11-30,4350551.814401243,TQQQ,204490.1208117055,0.0,16.71651268005371,False
2023-12-01,4387245.42857079,TQQQ,204490.1208117055,0.0,21.27511978149414,False
2023-12-04,4262291.81139099,TQQQ,204490.1208117055,0.0,21.27511978149414,False
2023-12-05,4293033.89748157,TQQQ,204490.1208117055,0.0,21.27511978149414,False
2023-12-06,4216673.8303576335,TQQQ,204490.1208117055,0.0,21.27511978149414,False
2023-12-07,4393194.616446043,TQQQ,204490.1208117055,0.0,21.27511978149414,False
2023-12-08,4445754.421763394,TQQQ,204490.1208117055,0.0,21.27511978149414,False
2023-12-11,4558808.103056877,TQQQ,204490.1208117055,0.0,21.27511978149414,False
2023-12-12,4668885.8252939,TQQQ,204490.1208117055,0.0,21.27511978149414,False
2023-12-13,4833506.28546204,TQQQ,204490.1208117055,0.0,21.27511978149414,False
2023-12-14,4825572.604837211,TQQQ,204490.1208117055,0.0,21.27511978149414,False
2023-12-15,4883090.911790836,TQQQ,204490.1208117055,0.0,21.27511978149414,False
2023-12-18,4985234.173335124,TQQQ,204490.1208117055,0.0,21.27511978149414,False
2023-12-19,5059612.087913197,TQQQ,204490.1208117055,0.0,21.27511978149414,False
2023-12-20,4834803.9284215225,TQQQ,204490.1208117055,0.0,21.27511978149414,False
2023-12-21,4995167.16799972,TQQQ,204490.1208117055,0.0,21.27511978149414,False
2023-12-22,5015088.152116194,TQQQ,204490.1208117055,0.0,21.27511978149414,False
2023-12-26,5106725.069085926,TQQQ,204490.1208117055,0.0,21.27511978149414,False
2023-12-27,5133617.130032821,TQQQ,204490.1208117055,0.0,21.27511978149414,False
2023-12-28,5120669.17291653,TQQQ,204490.1208117055,0.0,21.27511978149414,False
2023-12-29,5049949.7768115355,TQQQ,204490.1208117055,0.0,21.27511978149414,False
2024-01-02,4793966.203508215,TECL,83557.17758871093,0.0,57.37348175048828,False
2024-01-03,4628952.698846109,TECL,83557.17758871093,0.0,57.37348175048828,False
2024-01-04,4526986.703071751,TECL,83557.17758871093,0.0,57.37348175048828,False
2024-01-05,4526207.689468439,TECL,83557.17758871093,0.0,57.37348175048828,False
2024-01-08,4866353.907002292,TECL,83557.17758871093,0.0,57.37348175048828,False
2024-01-09,4884256.557592989,TECL,83557.17758871093,0.0,57.37348175048828,False
2024-01-10,5008795.460633878,TECL,83557.17758871093,0.0,57.37348175048828,False
2024-01-11,5076513.544942794,TECL,83557.17758871093,0.0,57.37348175048828,False
2024-01-12,5123993.850323099,TECL,83557.17758871093,0.0,57.37348175048828,False
2024-01-16,5160577.52761713,TECL,83557.17758871093,0.0,57.37348175048828,False
2024-01-17,5082741.19133458,TECL,83557.17758871093,0.0,57.37348175048828,False
2024-01-18,5388639.178657656,TECL,83557.17758871093,0.0,57.37348175048828,False
2024-01-19,5752914.736937981,TECL,83557.17758871093,0.0,57.37348175048828,False
2024-01-22,5822968.58707549,TECL,83557.17758871093,0.0,57.37348175048828,False
2024-01-23,5896134.666682205,TECL,83557.17758871093,0.0,57.37348175048828,False
2024-01-24,6016003.313047261,TECL,83557.17758871093,0.0,57.37348175048828,False
2024-01-25,6085278.149581456,TECL,83557.17758871093,0.0,57.37348175048828,False
2024-01-26,5867335.388005237,TECL,83557.17758871093,0.0,57.37348175048828,False
2024-01-29,6029235.06947145,TECL,83557.17758871093,0.0,57.37348175048828,False
2024-01-30,5884457.750011274,TECL,83557.17758871093,0.0,57.37348175048828,False
2024-01-31,5508507.825022711,TECL,83557.17758871093,0.0,57.37348175048828,False
2024-02-01,5720222.940207144,TQQQ,215481.33644994622,0.0,26.54625701904297,False
2024-02-02,6007807.716484239,TQQQ,215481.33644994622,0.0,26.54625701904297,False
2024-02-05,5977369.613197217,TQQQ,215481.33644994622,0.0,26.54625701904297,False
2024-02-06,5942734.809000598,TQQQ,215481.33644994622,0.0,26.54625701904297,False
2024-02-07,6120114.161851971,TQQQ,215481.33644994622,0.0,26.54625701904297,False
2024-02-08,6145303.409266263,TQQQ,215481.33644994622,0.0,26.54625701904297,False
2024-02-09,6325831.829042455,TQQQ,215481.33644994622,0.0,26.54625701904297,False
2024-02-12,6251311.309786323,TQQQ,215481.33644994622,0.0,26.54625701904297,False
2024-02-13,5955329.843705776,TQQQ,215481.33644994622,0.0,26.54625701904297,False
2024-02-14,6144254.131289355,TQQQ,215481.33644994622,0.0,26.54625701904297,False
2024-02-15,6195683.548086977,TQQQ,215481.33644994622,0.0,26.54625701904297,False
2024-02-16,6025651.607062149,TQQQ,215481.33644994622,0.0,26.54625701904297,False
2024-02-20,5886056.536330246,TQQQ,215481.33644994622,0.0,26.54625701904297,False
2024-02-21,5812586.117047087,TQQQ,215481.33644994622,0.0,26.54625701904297,False
2024-02-22,6315336.172287156,TQQQ,215481.33644994622,0.0,26.54625701904297,False
2024-02-23,6257609.443635962,TQQQ,215481.33644994622,0.0,26.54625701904297,False
2024-02-26,6249212.75383251,TQQQ,215481.33644994622,0.0,26.54625701904297,False
2024-02-27,6288046.313928887,TQQQ,215481.33644994622,0.0,26.54625701904297,False
2024-02-28,6186237.169308585,TQQQ,215481.33644994622,0.0,26.54625701904297,False
2024-02-29,6335278.207820847,TQQQ,215481.33644994622,0.0,26.54625701904297,False
2024-03-01,6626012.462020794,TECL,84577.58768610338,0.0,78.34241485595703,False
2024-03-04,6625224.580287359,TECL,84577.58768610338,0.0,78.34241485595703,False
2024-03-05,6134380.713115489,TECL,84577.58768610338,0.0,78.34241485595703,False
2024-03-06,6269894.435438875,TECL,84577.58768610338,0.0,78.34241485595703,False
2024-03-07,6562195.97743995,TECL,84577.58768610338,0.0,78.34241485595703,False
2024-03-08,6265954.381495918,TECL,84577.58768610338,0.0,78.34241485595703,False
2024-03-11,6217893.595756411,TECL,84577.58768610338,0.0,78.34241485595703,False
2024-03-12,6589769.25700702,TECL,84577.58768610338,0.0,78.34241485595703,False
2024-03-13,6372318.415509581,TECL,84577.58768610338,0.0,78.34241485595703,False
2024-03-14,6379409.351110492,TECL,84577.58768610338,0.0,78.34241485595703,False
2024-03-15,6084744.163909113,TECL,84577.58768610338,0.0,78.34241485595703,False
2024-03-18,6176137.15443595,TECL,84577.58768610338,0.0,78.34241485595703,False
2024-03-19,6259140.9144825395,TECL,84577.58768610338,0.0,78.34241485595703,False
2024-03-20,6474536.552604885,TECL,84577.58768610338,0.0,78.34241485595703,False
2024-03-21,6484005.9747491535,TECL,84577.58768610338,0.0,78.34241485595703,False
2024-03-22,6487951.836174175,TECL,84577.58768610338,0.0,78.34241485595703,False
2024-03-25,6352242.595287947,TECL,84577.58768610338,0.0,78.34241485595703,False
2024-03-26,6278865.704677156,TECL,84577.58768610338,0.0,78.34241485595703,False
2024-03-27,6362498.60861408,TECL,84577.58768610338,0.0,78.34241485595703,False
2024-03-28,6323049.028224846,TECL,84577.58768610338,0.0,78.34241485595703,False
2024-04-01,6370389.686188339,TECL,84577.58768610338,0.0,74.76033782958984,False
2024-04-02,6188919.422460197,TECL,84577.58768610338,0.0,74.76033782958984,False
2024-04-03,6229946.702143654,TECL,84577.58768610338,0.0,74.76033782958984,False
2024-04-04,5934862.085682052,TECL,84577.58768610338,0.0,74.76033782958984,False
2024-04-05,6129745.051876347,TECL,84577.58768610338,0.0,74.76033782958984,False
2024-04-08,6107652.744826716,TECL,84577.58768610338,0.0,74.76033782958984,False
2024-04-09,6191286.93931521,TECL,84577.58768610338,0.0,74.76033782958984,False
2024-04-10,5971944.7944920575,TECL,84577.58768610338,0.0,74.76033782958984,False
2024-04-11,6310425.4980437,TECL,84577.58768610338,0.0,74.76033782958984,False
2024-04-12,6016916.645048967,TECL,84577.58768610338,0.0,74.76033782958984,False
2024-04-15,5690744.125402362,CASH,0.0,5690744.125402362,,False
2024-04-16,5690744.125402362,CASH,0.0,5690744.125402362,,False
2024-04-17,5690744.125402362,CASH,0.0,5690744.125402362,,False
2024-04-18,5690744.125402362,CASH,0.0,5690744.125402362,,False
2024-04-19,5690744.125402362,CASH,0.0,5690744.125402362,,False
2024-04-22,5690744.125402362,CASH,0.0,5690744.125402362,,False
2024-04-23,5690744.125402362,CASH,0.0,5690744.125402362,,False
2024-04-24,5690744.125402362,CASH,0.0,5690744.125402362,,False
2024-04-25,5690744.125402362,CASH,0.0,5690744.125402362,,False
2024-04-26,5690744.125402362,CASH,0.0,5690744.125402362,,False
2024-04-29,5690744.125402362,CASH,0.0,5690744.125402362,,False
2024-04-30,5690744.125402362,CASH,0.0,5690744.125402362,,False
2024-05-01,5690744.125402362,TECL,95855.48013632096,0.0,59.367958068847656,False
2024-05-02,5925920.315521364,TECL,95855.48013632096,0.0,59.367958068847656,False
2024-05-03,6413263.436497337,TECL,95855.48013632096,0.0,59.367958068847656,False
2024-05-06,6636816.769363787,TECL,95855.48013632096,0.0,59.367958068847656,False
2024-05-07,6570645.538637968,TECL,95855.48013632096,0.0,59.367958068847656,False
2024-05-08,6629663.735525794,TECL,95855.48013632096,0.0,59.367958068847656,False
2024-05-09,6614461.070417504,TECL,95855.48013632096,0.0,59.367958068847656,False
2024-05-10,6679740.091626673,TECL,95855.48013632096,0.0,59.367958068847656,False
2024-05-13,6776313.72729197,TECL,95855.48013632096,0.0,59.367958068847656,False
2024-05-14,6957837.410050734,TECL,95855.48013632096,0.0,59.367958068847656,False
2024-05-15,7421038.219089298,TECL,95855.48013632096,0.0,59.367958068847656,False
2024-05-16,7341453.130204143,TECL,95855.48013632096,0.0,59.367958068847656,False
2024-05-17,7282435.664635592,TECL,95855.48013632096,0.0,59.367958068847656,False
2024-05-20,7535496.998967041,TECL,95855.48013632096,0.0,59.367958068847656,False
2024-05-21,7573946.109899712,TECL,95855.48013632096,0.0,59.367958068847656,False
2024-05-22,7624916.8694750685,TECL,95855.48013632096,0.0,59.367958068847656,False
2024-05-23,7439816.30413767,TECL,95855.48013632096,0.0,59.367958068847656,False
2024-05-24,7607032.456581898,TECL,95855.48013632096,0.0,59.367958068847656,False
2024-05-28,7702713.882730545,TECL,95855.48013632096,0.0,59.367958068847656,False
2024-05-29,7552486.277066459,TECL,95855.48013632096,0.0,59.367958068847656,False
2024-05-30,7034740.019831732,TECL,95855.48013632096,0.0,59.367958068847656,False
2024-05-31,7068720.03866912,TECL,95855.48013632096,0.0,59.367958068847656,False
2024-06-03,7121478.142554879,TQQQ,230724.9612871076,0.0,30.865659713745117,False
2024-06-04,7174489.7689159755,TQQQ,230724.9612871076,0.0,30.865659713745117,False
2024-06-05,7607597.233896778,TQQQ,230724.9612871076,0.0,30.865659713745117,False
2024-06-06,7598575.738637711,TQQQ,230724.9612871076,0.0,30.865659713745117,False
2024-06-07,7570377.624968444,TQQQ,230724.9612871076,0.0,30.865659713745117,False
2024-06-10,7650457.697763196,TQQQ,230724.9612871076,0.0,30.865659713745117,False
2024-06-11,7808364.669902631,TQQQ,230724.9612871076,0.0,30.865659713745117,False
2024-06-12,8116274.904188679,TQQQ,230724.9612871076,0.0,30.865659713745117,False
2024-06-13,8245982.002367089,TQQQ,230724.9612871076,0.0,30.865659713745117,False
2024-06-14,8365536.617832002,TQQQ,230724.9612871076,0.0,30.865659713745117,False
2024-06-17,8668940.505217912,TQQQ,230724.9612871076,0.0,30.865659713745117,False
2024-06-18,8673451.252847444,TQQQ,230724.9612871076,0.0,30.865659713745117,False
2024-06-20,8469302.296374729,TQQQ,230724.9612871076,0.0,30.865659713745117,False
2024-06-21,8391478.917613562,TQQQ,230724.9612871076,0.0,30.865659713745117,False
2024-06-24,8107252.528783733,TQQQ,230724.9612871076,0.0,30.865659713745117,False
2024-06-25,8377945.794579083,TQQQ,230724.9612871076,0.0,30.865659713745117,False
2024-06-26,8430365.522836596,TQQQ,230724.9612871076,0.0,30.865659713745117,False
2024-06-27,8491505.736462582,TQQQ,230724.9612871076,0.0,30.865659713745117,False
2024-06-28,8357905.753061649,TQQQ,230724.9612871076,0.0,30.865659713745117,False
2024-07-01,8494900.459117627,TQQQ,230724.9612871076,0.0,36.22454071044922,False
2024-07-02,8755308.340171764,TQQQ,230724.9612871076,0.0,36.22454071044922,False
2024-07-03,8970426.554733625,TQQQ,230724.9612871076,0.0,36.22454071044922,False
2024-07-05,9242153.111790843,TQQQ,230724.9612871076,0.0,36.22454071044922,False
2024-07-08,9303291.56512507,TQQQ,230724.9612871076,0.0,36.22454071044922,False
2024-07-09,9323672.22309765,TQQQ,230724.9612871076,0.0,36.22454071044922,False
2024-07-10,9615778.557981571,TQQQ,230724.9612871076,0.0,36.22454071044922,False
2024-07-11,8984011.60637496,TQQQ,230724.9612871076,0.0,36.22454071044922,False
2024-07-12,9130066.534108678,TQQQ,230724.9612871076,0.0,36.22454071044922,False
2024-07-15,9197996.193044756,TQQQ,230724.9612871076,0.0,36.22454071044922,False
2024-07-16,9204791.799376,TQQQ,230724.9612871076,0.0,36.22454071044922,False
2024-07-17,8395267.065476492,TQQQ,230724.9612871076,0.0,36.22454071044922,False
2024-07-18,8269592.795715354,TQQQ,230724.9612871076,0.0,36.22454071044922,False
2024-07-19,8045416.999913391,TQQQ,230724.9612871076,0.0,36.22454071044922,False
2024-07-22,8396399.813222678,TQQQ,230724.9612871076,0.0,36.22454071044922,False
2024-07-23,8305824.000821646,TQQQ,230724.9612871076,0.0,36.22454071044922,False
2024-07-24,7522115.177755485,CASH,0.0,7522115.177755485,,False
2024-07-25,7522115.177755485,CASH,0.0,7522115.177755485,,False
2024-07-26,7522115.177755485,CASH,0.0,7522115.177755485,,False
2024-07-29,7522115.177755485,CASH,0.0,7522115.177755485,,False
2024-07-30,7522115.177755485,CASH,0.0,7522115.177755485,,False
2024-07-31,7522115.177755485,CASH,0.0,7522115.177755485,,False
2024-08-01,7522115.177755485,TECL,106715.56267047593,0.0,70.48751831054688,False
2024-08-02,6769903.659979937,CASH,0.0,6769903.659979937,,False
2024-08-05,6769903.659979937,CASH,0.0,6769903.659979937,,False
2024-08-06,6769903.659979937,CASH,0.0,6769903.659979937,,False
2024-08-07,6769903.659979937,CASH,0.0,6769903.659979937,,False
2024-08-08,6769903.659979937,CASH,0.0,6769903.659979937,,False
2024-08-09,6769903.659979937,CASH,0.0,6769903.659979937,,False
2024-08-12,6769903.659979937,CASH,0.0,6769903.659979937,,False
2024-08-13,6769903.659979937,CASH,0.0,6769903.659979937,,False
2024-08-14,6769903.659979937,CASH,0.0,6769903.659979937,,False
2024-08-15,6769903.659979937,CASH,0.0,6769903.659979937,,False
2024-08-16,6769903.659979937,CASH,0.0,6769903.659979937,,False
2024-08-19,6769903.659979937,CASH,0.0,6769903.659979937,,False
2024-08-20,6769903.659979937,CASH,0.0,6769903.659979937,,False
2024-08-21,6769903.659979937,CASH,0.0,6769903.659979937,,False
2024-08-22,6769903.659979937,CASH,0.0,6769903.659979937,,False
2024-08-23,6769903.659979937,CASH,0.0,6769903.659979937,,False
2024-08-26,6769903.659979937,CASH,0.0,6769903.659979937,,False
2024-08-27,6769903.659979937,CASH,0.0,6769903.659979937,,False
2024-08-28,6769903.659979937,CASH,0.0,6769903.659979937,,False
2024-08-29,6769903.659979937,CASH,0.0,6769903.659979937,,False
2024-08-30,6769903.659979937,CASH,0.0,6769903.659979937,,False
2024-09-03,6769903.659979937,TECL,101093.32181152752,0.0,66.96687316894531,False
2024-09-04,6719868.358268822,TECL,101093.32181152752,0.0,66.96687316894531,False
2024-09-05,6689658.830461862,TECL,101093.32181152752,0.0,66.96687316894531,False
2024-09-06,6092913.293981942,CASH,0.0,6092913.293981942,,False
2024-09-09,6092913.293981942,CASH,0.0,6092913.293981942,,False
2024-09-10,6092913.293981942,CASH,0.0,6092913.293981942,,False
2024-09-11,6092913.293981942,CASH,0.0,6092913.293981942,,False
2024-09-12,6092913.293981942,CASH,0.0,6092913.293981942,,False
2024-09-13,6092913.293981942,CASH,0.0,6092913.293981942,,False
2024-09-16,6092913.293981942,CASH,0.0,6092913.293981942,,False
2024-09-17,6092913.293981942,CASH,0.0,6092913.293981942,,False
2024-09-18,6092913.293981942,CASH,0.0,6092913.293981942,,False
2024-09-19,6092913.293981942,CASH,0.0,6092913.293981942,,False
2024-09-20,6092913.293981942,CASH,0.0,6092913.293981942,,False
2024-09-23,6092913.293981942,CASH,0.0,6092913.293981942,,False
2024-09-24,6092913.293981942,CASH,0.0,6092913.293981942,,False
2024-09-25,6092913.293981942,CASH,0.0,6092913.293981942,,False
2024-09-26,6092913.293981942,CASH,0.0,6092913.293981942,,False
2024-09-27,6092913.293981942,CASH,0.0,6092913.293981942,,False
2024-09-30,6092913.293981942,CASH,0.0,6092913.293981942,,False
2024-10-01,6092913.293981942,TECL,80301.05883900018,0.0,75.8758773803711,False
2024-10-02,6213646.087883197,TECL,80301.05883900018,0.0,75.8758773803711,False
2024-10-03,6300633.592005467,TECL,80301.05883900018,0.0,75.8758773803711,False
2024-10-04,6503856.437690301,TECL,80301.05883900018,0.0,75.8758773803711,False
2024-10-07,6374124.450572447,TECL,80301.05883900018,0.0,75.8758773803711,False
2024-10-08,6719076.778150861,TECL,80301.05883900018,0.0,75.8758773803711,False
2024-10-09,6941045.441389067,TECL,80301.05883900018,0.0,75.8758773803711,False
2024-10-10,6926798.301471304,TECL,80301.05883900018,0.0,75.8758773803711,False
2024-10-11,6954544.537538195,TECL,80301.05883900018,0.0,75.8758773803711,False
2024-10-14,7215508.275201926,TECL,80301.05883900018,0.0,75.8758773803711,False
2024-10-15,6771569.723428595,TECL,80301.05883900018,0.0,75.8758773803711,False
2024-10-16,6811314.066919672,TECL,80301.05883900018,0.0,75.8758773803711,False
2024-10-17,6886303.463617757,TECL,80301.05883900018,0.0,75.8758773803711,False
2024-10-18,6933547.23689741,TECL,80301.05883900018,0.0,75.8758773803711,False
2024-10-21,7037782.633090408,TECL,80301.05883900018,0.0,75.8758773803711,False
2024-10-22,7018284.483229186,TECL,80301.05883900018,0.0,75.8758773803711,False
2024-10-23,6716076.638646355,TECL,80301.05883900018,0.0,75.8758773803711,False
2024-10-24,6770069.347352113,TECL,80301.05883900018,0.0,75.8758773803711,False
2024-10-25,6865306.77562543,TECL,80301.05883900018,0.0,75.8758773803711,False
2024-10-28,6862307.861417843,TECL,80301.05883900018,0.0,75.8758773803711,False
2024-10-29,7133769.9430777365,TECL,80301.05883900018,0.0,75.8758773803711,False
2024-10-30,6798566.077781474,TECL,80301.05883900018,0.0,75.8758773803711,False
2024-10-31,6133408.1318354895,TECL,80301.05883900018,0.0,75.8758773803711,False
2024-11-01,6268388.678302966,TQQQ,179515.03377991795,0.0,34.918460845947266,False
2024-11-04,6210061.905662086,TQQQ,179515.03377991795,0.0,34.918460845947266,False
2024-11-05,6446021.209230021,TQQQ,179515.03377991795,0.0,34.918460845947266,False
2024-11-06,6969198.129768044,TQQQ,179515.03377991795,0.0,34.918460845947266,False
2024-11-07,7295299.120506205,TQQQ,179515.03377991795,0.0,34.918460845947266,False
2024-11-08,7312973.007785051,TQQQ,179515.03377991795,0.0,34.918460845947266,False
2024-11-11,7299717.421127039,TQQQ,179515.03377991795,0.0,34.918460845947266,False
2024-11-12,7259947.921970969,TQQQ,179515.03377991795,0.0,34.918460845947266,False
2024-11-13,7228134.377032639,TQQQ,179515.03377991795,0.0,34.918460845947266,False
2024-11-14,7075245.562214172,TQQQ,179515.03377991795,0.0,34.918460845947266,False
2024-11-15,6563558.825513252,TQQQ,179515.03377991795,0.0,34.918460845947266,False
2024-11-18,6696120.170457439,TQQQ,179515.03377991795,0.0,34.918460845947266,False
2024-11-19,6830449.65740457,TQQQ,179515.03377991795,0.0,34.918460845947266,False
2024-11-20,6822495.757573356,TQQQ,179515.03377991795,0.0,34.918460845947266,False
2024-11-21,6889660.501046921,TQQQ,179515.03377991795,0.0,34.918460845947266,False
2024-11-22,6915288.288156982,TQQQ,179515.03377991795,0.0,34.918460845947266,False
2024-11-25,6947103.8874818375,TQQQ,179515.03377991795,0.0,34.918460845947266,False
2024-11-26,7054920.831521927,TQQQ,179515.03377991795,0.0,34.918460845947266,False
2024-11-27,6884358.814220123,TQQQ,179515.03377991795,0.0,34.918460845947266,False
2024-11-29,7060221.833553217,TQQQ,179515.03377991795,0.0,34.918460845947266,False
2024-12-02,7289112.677882426,TECL,81187.6991967815,0.0,89.78099822998047,False
2024-12-03,7364930.685884011,TECL,81187.6991967815,0.0,89.78099822998047,False
2024-12-04,7772829.004562763,TECL,81187.6991967815,0.0,89.78099822998047,False
2024-12-05,7645456.634135585,TECL,81187.6991967815,0.0,89.78099822998047,False
2024-12-06,7722031.5648088185,TECL,81187.6991967815,0.0,89.78099822998047,False
2024-12-09,7580254.125926744,TECL,81187.6991967815,0.0,89.78099822998047,False
2024-12-10,7257269.275569138,TECL,81187.6991967815,0.0,89.78099822998047,False
2024-12-11,7571912.491213891,TECL,81187.6991967815,0.0,89.78099822998047,False
2024-12-12,7444873.364974396,TECL,81187.6991967815,0.0,89.78099822998047,False
2024-12-13,7531335.985179172,TECL,81187.6991967815,0.0,89.78099822998047,False
2024-12-16,7752043.362915833,TECL,81187.6991967815,0.0,89.78099822998047,False
2024-12-17,7617040.443886321,TECL,81187.6991967815,0.0,89.78099822998047,False
2024-12-18,6889693.50359992,TECL,81187.6991967815,0.0,89.78099822998047,False
2024-12-19,6896518.815317521,TECL,81187.6991967815,0.0,89.78099822998047,False
2024-12-20,7206722.07866245,TECL,81187.6991967815,0.0,89.78099822998047,False
2024-12-23,7415707.065596353,TECL,81187.6991967815,0.0,89.78099822998047,False
2024-12-24,7635689.730136753,TECL,81187.6991967815,0.0,89.78099822998047,False
2024-12-26,7654654.297598208,TECL,81187.6991967815,0.0,89.78099822998047,False
2024-12-27,7338333.092168268,TECL,81187.6991967815,0.0,89.78099822998047,False
2024-12-30,7056147.117108165,TECL,81187.6991967815,0.0,89.78099822998047,False
2024-12-31,6868782.740529363,TECL,81187.6991967815,0.0,89.78099822998047,False
2025-01-02,6826303.397794719,TECL,81187.6991967815,0.0,84.6037368774414,False
2025-01-03,7143382.764722286,TECL,81187.6991967815,0.0,84.6037368774414,False
2025-01-06,7417224.008004594,TECL,81187.6991967815,0.0,84.6037368774414,False
2025-01-07,6974223.5552813355,TECL,81187.6991967815,0.0,84.6037368774414,False
2025-01-08,6969671.4892306365,TECL,81187.6991967815,0.0,84.6037368774414,False
2025-01-10,6504673.20364243,TECL,81187.6991967815,0.0,84.6037368774414,False
2025-01-13,6181525.413359217,CASH,0.0,6181525.413359217,,False
2025-01-14,6181525.413359217,CASH,0.0,6181525.413359217,,False
2025-01-15,6181525.413359217,CASH,0.0,6181525.413359217,,False
2025-01-16,6181525.413359217,CASH,0.0,6181525.413359217,,False
2025-01-17,6181525.413359217,CASH,0.0,6181525.413359217,,False
2025-01-21,6181525.413359217,CASH,0.0,6181525.413359217,,False
2025-01-22,6181525.413359217,CASH,0.0,6181525.413359217,,False
2025-01-23,6181525.413359217,CASH,0.0,6181525.413359217,,False
2025-01-24,6181525.413359217,CASH,0.0,6181525.413359217,,False
2025-01-27,6181525.413359217,CASH,0.0,6181525.413359217,,False
2025-01-28,6181525.413359217,CASH,0.0,6181525.413359217,,False
2025-01-29,6181525.413359217,CASH,0.0,6181525.413359217,,False
2025-01-30,6181525.413359217,CASH,0.0,6181525.413359217,,False
2025-01-31,6181525.413359217,CASH,0.0,6181525.413359217,,False
2025-02-03,6181525.413359217,TECL,80184.04542697477,0.0,77.09171295166016,False
2025-02-04,6443740.431358698,TECL,80184.04542697477,0.0,77.09171295166016,False
2025-02-05,6723186.160902186,TECL,80184.04542697477,0.0,77.09171295166016,False
2025-02-06,6765889.157018706,TECL,80184.04542697477,0.0,77.09171295166016,False
2025-02-07,6581589.794245065,TECL,80184.04542697477,0.0,77.09171295166016,False
2025-02-10,6871524.687323793,TECL,80184.04542697477,0.0,77.09171295166016,False
2025-02-11,6876769.269091412,TECL,80184.04542697477,0.0,77.09171295166016,False
2025-02-12,6835564.462727476,TECL,80184.04542697477,0.0,77.09171295166016,False
2025-02-13,7123251.153543752,TECL,80184.04542697477,0.0,77.09171295166016,False
2025-02-14,7180189.705210547,TECL,80184.04542697477,0.0,77.09171295166016,False
2025-02-18,7378722.176511593,TECL,80184.04542697477,0.0,77.09171295166016,False
2025-02-19,7377973.38751316,TECL,80184.04542697477,0.0,77.09171295166016,False
2025-02-20,7308299.917071544,TECL,80184.04542697477,0.0,77.09171295166016,False
2025-02-21,6705205.43684831,TECL,80184.04542697477,0.0,77.09171295166016,False
2025-02-24,6413023.565018565,TECL,80184.04542697477,0.0,77.09171295166016,False
2025-02-25,6164294.090059492,TECL,80184.04542697477,0.0,77.09171295166016,False
2025-02-26,6361330.206875107,TECL,80184.04542697477,0.0,77.09171295166016,False
2025-02-27,5678822.493429168,TECL,80184.04542697477,0.0,77.09171295166016,False
2025-02-28,5563372.872023296,CASH,0.0,5563372.872023296,,False
2025-03-03,5563372.872023296,TECL,83208.31691102324,0.0,66.86077880859375,False
2025-03-04,5530720.438396598,TECL,83208.31691102324,0.0,66.86077880859375,False
2025-03-05,5761621.105474192,TECL,83208.31691102324,0.0,66.86077880859375,False
2025-03-06,5286603.899573295,TECL,83208.31691102324,0.0,66.86077880859375,False
2025-03-07,5501178.032423001,TECL,83208.31691102324,0.0,66.86077880859375,False
2025-03-10,5007035.584820966,CASH,0.0,5007035.584820966,,False
2025-03-11,5007035.584820966,CASH,0.0,5007035.584820966,,False
2025-03-12,5007035.584820966,CASH,0.0,5007035.584820966,,False
2025-03-13,5007035.584820966,CASH,0.0,5007035.584820966,,False
2025-03-14,5007035.584820966,CASH,0.0,5007035.584820966,,False
2025-03-17,5007035.584820966,CASH,0.0,5007035.584820966,,False
2025-03-18,5007035.584820966,CASH,0.0,5007035.584820966,,False
2025-03-19,5007035.584820966,CASH,0.0,5007035.584820966,,False
2025-03-20,5007035.584820966,CASH,0.0,5007035.584820966,,False
2025-03-21,5007035.584820966,CASH,0.0,5007035.584820966,,False
2025-03-24,5007035.584820966,CASH,0.0,5007035.584820966,,False
2025-03-25,5007035.584820966,CASH,0.0,5007035.584820966,,False
2025-03-26,5007035.584820966,CASH,0.0,5007035.584820966,,False
2025-03-27,5007035.584820966,CASH,0.0,5007035.584820966,,False
2025-03-28,5007035.584820966,CASH,0.0,5007035.584820966,,False
2025-03-31,5007035.584820966,CASH,0.0,5007035.584820966,,False
2025-04-01,5007035.584820966,GLD,17411.536173088523,0.0,287.57000732421875,False
2025-04-02,5017308.327400139,GLD,17411.536173088523,0.0,287.57000732421875,False
2025-04-03,4987012.424493497,GLD,17411.536173088523,0.0,287.57000732421875,False
2025-04-04,4870354.919590638,GLD,17411.536173088523,0.0,287.57000732421875,False
2025-04-07,4765711.417155843,GLD,17411.536173088523,0.0,287.57000732421875,False
2025-04-08,4791654.967377128,GLD,17411.536173088523,0.0,287.57000732421875,False
2025-04-09,4968904.278093269,GLD,17411.536173088523,0.0,287.57000732421875,False
2025-04-10,5090262.706474013,GLD,17411.536173088523,0.0,287.57000732421875,False
2025-04-11,5187418.844522364,GLD,17411.536173088523,0.0,287.57000732421875,False
2025-04-14,5157819.551842863,GLD,17411.536173088523,0.0,287.57000732421875,False
2025-04-15,5184807.220367984,GLD,17411.536173088523,0.0,287.57000732421875,False
2025-04-16,5353525.048393845,GLD,17411.536173088523,0.0,287.57000732421875,False
2025-04-17,5330019.368288592,GLD,17411.536173088523,0.0,287.57000732421875,False
2025-04-21,5494906.637102057,GLD,17411.536173088523,0.0,287.57000732421875,False
2025-04-22,5416902.763757771,GLD,17411.536173088523,0.0,287.57000732421875,False
2025-04-23,5287012.852686747,GLD,17411.536173088523,0.0,287.57000732421875,False
2025-04-24,5363972.076369281,GLD,17411.536173088523,0.0,287.57000732421875,False
2025-04-25,5305817.609314116,GLD,17411.536173088523,0.0,287.57000732421875,False
2025-04-28,5381383.612542369,GLD,17411.536173088523,0.0,287.57000732421875,False
2025-04-29,5328974.71862684,GLD,17411.536173088523,0.0,287.57000732421875,False
2025-04-30,5289102.152010251,GLD,17411.536173088523,0.0,287.57000732421875,False
2025-05-01,5179235.401266696,GLD,17411.536173088523,0.0,303.7699890136719,False
2025-05-02,5188289.740145768,GLD,17411.536173088523,0.0,303.7699890136719,False
2025-05-05,5343252.305814672,GLD,17411.536173088523,0.0,303.7699890136719,False
2025-05-06,5492991.623174817,GLD,17411.536173088523,0.0,303.7699890136719,False
2025-05-07,5410634.865787258,GLD,17411.536173088523,0.0,303.7699890136719,False
2025-05-08,5304076.349425224,GLD,17411.536173088523,0.0,303.7699890136719,False
2025-05-09,5342555.695587533,GLD,17411.536173088523,0.0,303.7699890136719,False
2025-05-12,5191946.0139619,GLD,17411.536173088523,0.0,303.7699890136719,False
2025-05-13,5214058.473612873,GLD,17411.536173088523,0.0,303.7699890136719,False
2025-05-14,5104366.008265581,GLD,17411.536173088523,0.0,303.7699890136719,False
2025-05-15,5185851.870029736,GLD,17411.536173088523,0.0,303.7699890136719,False
2025-05-16,5123170.233535035,GLD,17411.536173088523,0.0,303.7699890136719,False
2025-05-19,5189160.104411256,GLD,17411.536173088523,0.0,303.7699890136719,False
2025-05-20,5285793.917628732,GLD,17411.536173088523,0.0,303.7699890136719,False
2025-05-21,5324796.119979832,GLD,17411.536173088523,0.0,303.7699890136719,False
2025-05-22,5277610.474373063,GLD,17411.536173088523,0.0,303.7699890136719,False
2025-05-23,5393223.32961417,GLD,17411.536173088523,0.0,303.7699890136719,False
2025-05-27,5301812.764705455,GLD,17411.536173088523,0.0,303.7699890136719,False
2025-05-28,5289798.762237391,GLD,17411.536173088523,0.0,303.7699890136719,False
2025-05-29,5321139.314805784,GLD,17411.536173088523,0.0,303.7699890136719,False
2025-05-30,5286142.4884212585,GLD,17411.536173088523,0.0,303.7699890136719,False
2025-06-02,5426653.712863983,TQQQ,152972.38556331288,0.0,35.474727630615234,False
2025-06-03,5553206.173666938,TQQQ,152972.38556331288,0.0,35.474727630615234,False
2025-06-04,5597917.8479919145,TQQQ,152972.38556331288,0.0,35.474727630615234,False
2025-06-05,5467574.106102972,TQQQ,152972.38556331288,0.0,35.474727630615234,False
2025-06-06,5623682.453580414,TQQQ,152972.38556331288,0.0,35.474727630615234,False
2025-06-09,5648690.203455733,TQQQ,152972.38556331288,0.0,35.474727630615234,False
2025-06-10,5757815.72592532,TQQQ,152972.38556331288,0.0,35.474727630615234,False
2025-06-11,5698706.286749713,TQQQ,152972.38556331288,0.0,35.474727630615234,False
2025-06-12,5735838.900162762,TQQQ,152972.38556331288,0.0,35.474727630615234,False
2025-06-13,5519105.651453333,TQQQ,152972.38556331288,0.0,35.474727630615234,False
2025-06-16,5744174.233244528,TQQQ,152972.38556331288,0.0,35.474727630615234,False
2025-06-17,5574424.976629635,TQQQ,152972.38556331288,0.0,35.474727630615234,False
2025-06-18,5566847.666347731,TQQQ,152972.38556331288,0.0,35.474727630615234,False
2025-06-20,5490308.954665391,TQQQ,152972.38556331288,0.0,35.474727630615234,False
2025-06-23,5660815.066993463,TQQQ,152972.38556331288,0.0,35.474727630615234,False
2025-06-24,5918469.876028563,TQQQ,152972.38556331288,0.0,35.474727630615234,False
2025-06-25,5963913.897246399,TQQQ,152972.38556331288,0.0,35.474727630615234,False
2025-06-26,6127297.863098487,TQQQ,152972.38556331288,0.0,35.474727630615234,False
2025-06-27,6187332.21846946,TQQQ,152972.38556331288,0.0,35.474727630615234,False
2025-06-30,6307400.345668063,TQQQ,152972.38556331288,0.0,35.474727630615234,False
2025-07-01,6147056.05707885,TQQQ,152972.38556331288,0.0,41.23228073120117,False
2025-07-02,6269404.088110445,TQQQ,152972.38556331288,0.0,41.23228073120117,False
2025-07-03,6444947.930100718,TQQQ,152972.38556331288,0.0,41.23228073120117,False
2025-07-07,6301320.991142311,TQQQ,152972.38556331288,0.0,41.23228073120117,False
2025-07-08,6309680.249501054,TQQQ,152972.38556331288,0.0,41.23228073120117,False
2025-07-09,6440388.705978074,TQQQ,152972.38556331288,0.0,41.23228073120117,False
2025-07-10,6410751.12323586,TQQQ,152972.38556331288,0.0,41.23228073120117,False
2025-07-11,6362116.287029848,TQQQ,152972.38556331288,0.0,41.23228073120117,False
2025-07-14,6429749.5437863385,TQQQ,152972.38556331288,0.0,41.23228073120117,False
2025-07-15,6446468.060503826,TQQQ,152972.38556331288,0.0,41.23228073120117,False
2025-07-16,6464705.540537739,TQQQ,152972.38556331288,0.0,41.23228073120117,False
2025-07-17,6615172.190995122,TQQQ,152972.38556331288,0.0,41.23228073120117,False
2025-07-18,6592373.736208543,TQQQ,152972.38556331288,0.0,41.23228073120117,False
2025-07-21,6692684.252970125,TQQQ,152972.38556331288,0.0,41.23228073120117,False
2025-07-22,6588573.701972443,TQQQ,152972.38556331288,0.0,41.23228073120117,False
2025-07-23,6675204.795736072,TQQQ,152972.38556331288,0.0,41.23228073120117,False
2025-07-24,6719281.574906122,TQQQ,152972.38556331288,0.0,41.23228073120117,False
2025-07-25,6757277.832463739,TQQQ,152972.38556331288,0.0,41.23228073120117,False
2025-07-28,6823392.125903804,TQQQ,152972.38556331288,0.0,41.23228073120117,False
2025-07-29,6792233.82921514,TQQQ,152972.38556331288,0.0,41.23228073120117,False
2025-07-30,6815792.6409749435,TQQQ,152972.38556331288,0.0,41.23228073120117,False
2025-07-31,6703323.41516186,TQQQ,152972.38556331288,0.0,41.23228073120117,False
2025-08-01,6301320.991142311,TQQQ,152972.38556331288,0.0,43.82048034667969,False
2025-08-04,6646328.153510422,TQQQ,152972.38556331288,0.0,43.82048034667969,False
2025-08-05,6508021.962734565,TQQQ,152972.38556331288,0.0,43.82048034667969,False
2025-08-06,6751198.477937988,TQQQ,152972.38556331288,0.0,43.82048034667969,False
2025-08-07,6819592.091667703,TQQQ,152972.38556331288,0.0,43.82048034667969,False
2025-08-08,7003495.19201672,TQQQ,152972.38556331288,0.0,43.82048034667969,False
2025-08-11,6941940.70624264,TQQQ,152972.38556331288,0.0,43.82048034667969,False
2025-08-12,7198036.87101413,TQQQ,152972.38556331288,0.0,43.82048034667969,False
2025-08-13,7208675.449662525,TQQQ,152972.38556331288,0.0,43.82048034667969,False
2025-08-14,7188917.255682162,TQQQ,152972.38556331288,0.0,43.82048034667969,False
2025-08-15,7087087.192060813,TQQQ,152972.38556331288,0.0,43.82048034667969,False
2025-08-18,7077968.160272187,TQQQ,152972.38556331288,0.0,43.82048034667969,False
2025-08-19,6789194.735495605,TQQQ,152972.38556331288,0.0,43.82048034667969,False
2025-08-20,6665325.99051756,TQQQ,152972.38556331288,0.0,43.82048034667969,False
2025-08-21,6572615.54222818,TQQQ,152972.38556331288,0.0,43.82048034667969,False
2025-08-22,6868227.511417056,TQQQ,152972.38556331288,0.0,43.82048034667969,False
2025-08-25,6808193.156046084,TQQQ,152972.38556331288,0.0,43.82048034667969,False
2025-08-26,6887225.931967535,TQQQ,152972.38556331288,0.0,43.82048034667969,False
2025-08-27,6918383.0615695175,TQQQ,152972.38556331288,0.0,43.82048034667969,False
2025-08-28,7044529.95975053,TQQQ,152972.38556331288,0.0,43.82048034667969,False
2025-08-29,6790715.449442054,TQQQ,152972.38556331288,0.0,43.82048034667969,False
2025-09-02,6617450.927741433,TECL,71754.17483153917,0.0,92.22391510009766,False
2025-09-03,6723955.556597908,TECL,71754.17483153917,0.0,92.22391510009766,False
2025-09-04,6821022.8516232,TECL,71754.17483153917,0.0,92.22391510009766,False
2025-09-05,6835179.12609043,TECL,71754.17483153917,0.0,92.22391510009766,False
2025-09-08,6986173.182743914,TECL,71754.17483153917,0.0,92.22391510009766,False
2025-09-09,7029314.263581922,TECL,71754.17483153917,0.0,92.22391510009766,False
2025-09-10,7403428.811538586,TECL,71754.17483153917,0.0,92.22391510009766,False
2025-09-11,7456007.773648688,TECL,71754.17483153917,0.0,92.22391510009766,False
2025-09-12,7458028.925484916,TECL,71754.17483153917,0.0,92.22391510009766,False
2025-09-15,7653512.957376318,TECL,71754.17483153917,0.0,92.22391510009766,False
2025-09-16,7573296.9884135295,TECL,71754.17483153917,0.0,92.22391510009766,False
2025-09-17,7513304.034072109,TECL,71754.17483153917,0.0,92.22391510009766,False
2025-09-18,7871915.05548436,TECL,71754.17483153917,0.0,92.22391510009766,False
2025-09-19,8103798.433418769,TECL,71754.17483153917,0.0,92.22391510009766,False
2025-09-22,8470498.989144115,TECL,71754.17483153917,0.0,92.22391510009766,False
2025-09-23,8241311.757686797,TECL,71754.17483153917,0.0,92.22391510009766,False
2025-09-24,8107169.027095816,TECL,71754.17483153917,0.0,92.22391510009766,False
2025-09-25,8047849.97251344,TECL,71754.17483153917,0.0,92.22391510009766,False
2025-09-26,8112561.320049998,TECL,71754.17483153917,0.0,92.22391510009766,False
2025-09-29,8229851.629696658,TECL,71754.17483153917,0.0,92.22391510009766,False
2025-09-30,8383542.380268143,TECL,71754.17483153917,0.0,92.22391510009766,False
2025-10-01,8618122.452120552,TQQQ,165283.1495084968,0.0,52.14156723022461,False
2025-10-02,8723322.241150599,TQQQ,165283.1495084968,0.0,52.14156723022461,False
2025-10-03,8604972.63611809,TQQQ,165283.1495084968,0.0,52.14156723022461,False
2025-10-06,8797291.2171748,TQQQ,165283.1495084968,0.0,52.14156723022461,False
2025-10-07,8655107.255385242,TQQQ,165283.1495084968,0.0,52.14156723022461,False
2025-10-08,8948514.731708284,TQQQ,165283.1495084968,0.0,52.14156723022461,False
2025-10-09,8913174.28594908,TQQQ,165283.1495084968,0.0,52.14156723022461,False
2025-10-10,7977886.687217058,TQQQ,165283.1495084968,0.0,52.14156723022461,False
2025-10-13,8484158.386342889,TQQQ,165283.1495084968,0.0,52.14156723022461,False
2025-10-14,8311565.790300227,TQQQ,165283.1495084968,0.0,52.14156723022461,False
2025-10-15,8481692.480589837,TQQQ,165283.1495084968,0.0,52.14156723022461,False
2025-10-16,8387177.862819558,TQQQ,165283.1495084968,0.0,52.14156723022461,False
2025-10-17,8546620.012354579,TQQQ,165283.1495084968,0.0,52.14156723022461,False
2025-10-20,8867149.299435288,TQQQ,165283.1495084968,0.0,52.14156723022461,False
2025-10-21,8857286.93743344,TQQQ,165283.1495084968,0.0,52.14156723022461,False
2025-10-22,8596755.26212691,TQQQ,165283.1495084968,0.0,52.14156723022461,False
2025-10-23,8812084.76017757,TQQQ,165283.1495084968,0.0,52.14156723022461,False
2025-10-24,9086588.430239305,TQQQ,165283.1495084968,0.0,52.14156723022461,False
2025-10-27,9569026.403113265,TQQQ,165283.1495084968,0.0,52.14156723022461,False
2025-10-28,9787643.35516454,TQQQ,165283.1495084968,0.0,52.14156723022461,False
2025-10-29,9912567.86819828,TQQQ,165283.1495084968,0.0,52.14156723022461,False
2025-10-30,9458894.802577116,TQQQ,165283.1495084968,0.0,52.14156723022461,False
2025-10-31,9592860.129365135,TQQQ,165283.1495084968,0.0,52.14156723022461,False
2025-11-03,9724359.550400106,TQQQ,165283.1495084968,0.0,58.03894805908203,False
2025-11-04,9129326.593257662,TQQQ,165283.1495084968,0.0,58.03894805908203,False
2025-11-05,9306849.739796067,TQQQ,165283.1495084968,0.0,58.03894805908203,False
2025-11-06,8784962.318914725,TQQQ,165283.1495084968,0.0,58.03894805908203,False
2025-11-07,8631272.89984179,CASH,0.0,8631272.89984179,,False
2025-11-10,8631272.89984179,CASH,0.0,8631272.89984179,,False
2025-11-11,8631272.89984179,CASH,0.0,8631272.89984179,,False
2025-11-12,8631272.89984179,CASH,0.0,8631272.89984179,,False
2025-11-13,8631272.89984179,CASH,0.0,8631272.89984179,,False
2025-11-14,8631272.89984179,CASH,0.0,8631272.89984179,,False
2025-11-17,8631272.89984179,CASH,0.0,8631272.89984179,,False
2025-11-18,8631272.89984179,CASH,0.0,8631272.89984179,,False
2025-11-19,8631272.89984179,CASH,0.0,8631272.89984179,,False
2025-11-20,8631272.89984179,CASH,0.0,8631272.89984179,,False
2025-11-21,8631272.89984179,CASH,0.0,8631272.89984179,,False
2025-11-24,8631272.89984179,CASH,0.0,8631272.89984179,,False
2025-11-25,8631272.89984179,CASH,0.0,8631272.89984179,,False
2025-11-26,8631272.89984179,CASH,0.0,8631272.89984179,,False
2025-11-28,8631272.89984179,CASH,0.0,8631272.89984179,,False
2025-12-01,8631272.89984179,TECL,73892.31252294609,0.0,116.80880737304688,False
2025-12-02,8891585.563226476,TECL,73892.31252294609,0.0,116.80880737304688,False
2025-12-03,8949201.745417621,TECL,73892.31252294609,0.0,116.80880737304688,False
2025-12-04,9038750.059306799,TECL,73892.31252294609,0.0,116.80880737304688,False
2025-12-05,9232422.536544083,TECL,73892.31252294609,0.0,116.80880737304688,False
2025-12-08,9427481.847649826,TECL,73892.31252294609,0.0,116.80880737304688,False
2025-12-09,9498982.153626485,TECL,73892.31252294609,0.0,116.80880737304688,False
2025-12-10,9649282.247258173,TECL,73892.31252294609,0.0,116.80880737304688,False
2025-12-11,9489984.646089664,TECL,73892.31252294609,0.0,116.80880737304688,False
2025-12-12,8649249.87480007,TECL,73892.31252294609,0.0,116.80880737304688,False
2025-12-15,8415465.764808876,TECL,73892.31252294609,0.0,116.80880737304688,False
2025-12-16,8450128.155216236,TECL,73892.31252294609,0.0,116.80880737304688,False
2025-12-17,7888162.776587518,TECL,73892.31252294609,0.0,116.80880737304688,False
2025-12-18,8246581.533586254,TECL,73892.31252294609,0.0,116.80880737304688,False
2025-12-19,8771672.352661343,TECL,73892.31252294609,0.0,116.80880737304688,False
2025-12-22,8918432.073653229,TECL,73892.31252294609,0.0,116.80880737304688,False
2025-12-23,9051917.652260277,TECL,73892.31252294609,0.0,116.80880737304688,False
2025-12-24,9123453.474714056,TECL,73892.31252294609,0.0,116.80880737304688,False
2025-12-26,9144841.158982974,TECL,73892.31252294609,0.0,116.80880737304688,False
2025-12-29,9025367.67622979,TECL,73892.31252294609,0.0,116.80880737304688,False
2025-12-30,8936869.635306846,TECL,73892.31252294609,0.0,116.80880737304688,False
2025-12-31,8664736.750084782,TECL,73892.31252294609,0.0,116.80880737304688,False
2026-01-02,8714148.62606143,TQQQ,167118.5085257725,0.0,52.14352798461914,False
2026-01-05,8922223.103298025,TQQQ,167118.5085257725,0.0,52.14352798461914,False
2026-01-06,9156931.327823093,TQQQ,167118.5085257725,0.0,52.14352798461914,False
2026-01-07,9183564.43760505,TQQQ,167118.5085257725,0.0,52.14352798461914,False
2026-01-08,9020434.16985281,TQQQ,167118.5085257725,0.0,52.14352798461914,False
2026-01-09,9281775.504159836,TQQQ,167118.5085257725,0.0,52.14352798461914,False
2026-01-12,9303415.662896665,TQQQ,167118.5085257725,0.0,52.14352798461914,False
2026-01-13,9255141.756871361,TQQQ,167118.5085257725,0.0,52.14352798461914,False
2026-01-14,8960509.19471352,TQQQ,167118.5085257725,0.0,52.14352798461914,False
2026-01-15,9052062.143199448,TQQQ,167118.5085257725,0.0,52.14352798461914,False
2026-01-16,9012111.522266736,TQQQ,167118.5085257725,0.0,52.14352798461914,False
2026-01-20,8444484.64416833,TQQQ,167118.5085257725,0.0,52.14352798461914,False
2026-01-21,8777403.935248185,TQQQ,167118.5085257725,0.0,52.14352798461914,False
2026-01-22,8972161.538840543,TQQQ,167118.5085257725,0.0,52.14352798461914,False
2026-01-23,9052062.143199448,TQQQ,167118.5085257725,0.0,52.14352798461914,False
2026-01-26,9168583.671950115,TQQQ,167118.5085257725,0.0,52.14352798461914,False
2026-01-27,9411613.90655474,TQQQ,167118.5085257725,0.0,52.14352798461914,False
2026-01-28,9498173.266489023,TQQQ,167118.5085257725,0.0,52.14352798461914,False
2026-01-29,9328384.243161406,TQQQ,167118.5085257725,0.0,52.14352798461914,False
2026-01-30,8988807.47151921,TQQQ,167118.5085257725,0.0,52.14352798461914,False
2026-02-02,9171912.093478028,TECL,77531.17899483966,0.0,118.2996597290039,False
2026-02-03,8254720.884130225,CASH,0.0,8254720.884130225,,False
2026-02-04,8254720.884130225,CASH,0.0,8254720.884130225,,False
2026-02-05,8254720.884130225,CASH,0.0,8254720.884130225,,False
2026-02-06,8254720.884130225,CASH,0.0,8254720.884130225,,False
2026-02-09,8254720.884130225,CASH,0.0,8254720.884130225,,False
2026-02-10,8254720.884130225,CASH,0.0,8254720.884130225,,False
2026-02-11,8254720.884130225,CASH,0.0,8254720.884130225,,False
2026-02-12,8254720.884130225,CASH,0.0,8254720.884130225,,False
2026-02-13,8254720.884130225,CASH,0.0,8254720.884130225,,False
2026-02-17,8254720.884130225,CASH,0.0,8254720.884130225,,False
2026-02-18,8254720.884130225,CASH,0.0,8254720.884130225,,False
2026-02-19,8254720.884130225,CASH,0.0,8254720.884130225,,False
2026-02-20,8254720.884130225,CASH,0.0,8254720.884130225,,False
2026-02-23,8254720.884130225,CASH,0.0,8254720.884130225,,False
2026-02-24,8254720.884130225,CASH,0.0,8254720.884130225,,False
2026-02-25,8254720.884130225,CASH,0.0,8254720.884130225,,False
2026-02-26,8254720.884130225,CASH,0.0,8254720.884130225,,False
2026-02-27,8254720.884130225,CASH,0.0,8254720.884130225,,False
2026-03-02,8254720.884130224,TECL,80643.46274108188,0.0,102.3606948852539,False
2026-03-03,7898969.094870052,TECL,80643.46274108188,0.0,102.3606948852539,False
2026-03-04,8293354.339883077,TECL,80643.46274108188,0.0,102.3606948852539,False
2026-03-05,8338426.4998411415,TECL,80643.46274108188,0.0,102.3606948852539,False
2026-03-06,7828141.50283035,TECL,80643.46274108188,0.0,102.3606948852539,False
2026-03-09,8245866.666049269,TECL,80643.46274108188,0.0,102.3606948852539,False
2026-03-10,8236208.9173718495,TECL,80643.46274108188,0.0,102.3606948852539,False
2026-03-11,8360962.887450571,TECL,80643.46274108188,0.0,102.3606948852539,False
2026-03-12,7894140.52816174,TECL,80643.46274108188,0.0,102.3606948852539,False
2026-03-13,7709020.2453172,TECL,80643.46274108188,0.0,102.3606948852539,False
2026-03-16,8045455.306700945,TECL,80643.46274108188,0.0,102.3606948852539,False
2026-03-17,8167795.608686304,TECL,80643.46274108188,0.0,102.3606948852539,False
2026-03-18,7898969.094870052,TECL,80643.46274108188,0.0,102.3606948852539,False
2026-03-19,7973016.961903551,TECL,80643.46274108188,0.0,102.3606948852539,False
2026-03-20,7429248.795717202,CASH,0.0,7429248.795717202,,False
2026-03-23,7429248.795717202,CASH,0.0,7429248.795717202,,False
2026-03-24,7429248.795717202,CASH,0.0,7429248.795717202,,False
2026-03-25,7429248.795717202,CASH,0.0,7429248.795717202,,False
2026-03-26,7429248.795717202,CASH,0.0,7429248.795717202,,False
2026-03-27,7429248.795717202,CASH,0.0,7429248.795717202,,False
2026-03-30,7429248.795717202,CASH,0.0,7429248.795717202,,False
2026-03-31,7429248.795717202,CASH,0.0,7429248.795717202,,False
2026-04-01,7429248.795717202,GLD,16968.728407643604,0.0,437.82000732421875,False
2026-04-02,7286541.727667579,GLD,16968.728407643604,0.0,437.82000732421875,False
2026-04-06,7256676.5999598885,GLD,16968.728407643604,0.0,437.82000732421875,False
2026-04-07,7327266.572277025,GLD,16968.728407643604,0.0,437.82000732421875,False
2026-04-08,7373421.534259596,GLD,16968.728407643604,0.0,437.82000732421875,False
2026-04-09,7430775.91913255,GLD,16968.728407643604,0.0,437.82000732421875,False
2026-04-10,7417540.331688368,GLD,16968.728407643604,0.0,437.82000732421875,False
2026-04-13,7387505.350986362,GLD,16968.728407643604,0.0,437.82000732421875,False
2026-04-14,7552611.264816753,GLD,16968.728407643604,0.0,437.82000732421875,False
2026-04-15,7474045.969434244,GLD,16968.728407643604,0.0,437.82000732421875,False
2026-04-16,7467597.76978422,GLD,16968.728407643604,0.0,437.82000732421875,False
2026-04-17,7566864.934537834,GLD,16968.728407643604,0.0,437.82000732421875,False
2026-04-20,7501705.079593821,GLD,16968.728407643604,0.0,437.82000732421875,False
2026-04-21,7289256.786354142,GLD,16968.728407643604,0.0,437.82000732421875,False
2026-04-22,7385808.892421193,GLD,16968.728407643604,0.0,437.82000732421875,False
2026-04-23,7314200.837827158,GLD,16968.728407643604,0.0,437.82000732421875,False
2026-04-24,7351701.582611592,GLD,16968.728407643604,0.0,437.82000732421875,False
2026-04-27,7294686.903727267,GLD,16968.728407643604,0.0,437.82000732421875,False
2026-04-28,7159276.264610252,GLD,16968.728407643604,0.0,437.82000732421875,False
2026-04-29,7082916.986775856,GLD,16968.728407643604,0.0,437.82000732421875,False
2026-04-30,7188971.539323629,GLD,16968.728407643604,0.0,437.82000732421875,False
2026-05-01,7180826.363263941,TQQQ,110219.89554998814,0.0,65.1500015258789,False
2026-05-04,7137939.057867328,TQQQ,110219.89554998814,0.0,65.1500015258789,False
2026-05-05,7410655.767353047,TQQQ,110219.89554998814,0.0,65.1500015258789,False
2026-05-06,7870317.098264463,TQQQ,110219.89554998814,0.0,65.1500015258789,False
2026-05-07,7845024.175150812,TQQQ,110219.89554998814,0.0,65.1500015258789,False
2026-05-08,8388260.293500667,TQQQ,110219.89554998814,0.0,65.1500015258789,False
2026-05-11,8463037.469342092,TQQQ,110219.89554998814,0.0,65.1500015258789,False
2026-05-12,8243103.906705258,TQQQ,110219.89554998814,0.0,65.1500015258789,False
2026-05-13,8493828.269020576,TQQQ,110219.89554998814,0.0,65.1500015258789,False
2026-05-14,8681871.12030153,TQQQ,110219.89554998814,0.0,65.1500015258789,False
2026-05-15,8284891.300424478,TQQQ,110219.89554998814,0.0,65.1500015258789,False
2026-05-18,8172725.536662342,TQQQ,110219.89554998814,0.0,65.1500015258789,False
2026-05-19,8019871.449947312,TQQQ,110219.89554998814,0.0,65.1500015258789,False
2026-05-20,8413552.375703251,TQQQ,110219.89554998814,0.0,65.1500015258789,False
2026-05-21,8461937.557664698,TQQQ,110219.89554998814,0.0,65.1500015258789,False
2026-05-22,8559807.833264986,TQQQ,110219.89554998814,0.0,65.1500015258789,False
2026-05-26,9011770.623345712,TQQQ,110219.89554998814,0.0,65.1500015258789,False
2026-05-27,8980980.664578296,TQQQ,110219.89554998814,0.0,65.1500015258789,False
2026-05-28,9202013.297981454,TQQQ,110219.89554998814,0.0,65.1500015258789,False
2026-05-29,9298784.502815416,TQQQ,110219.89554998814,0.0,65.1500015258789,False
2026-06-01,9461535.271893788,TQQQ,110219.89554998814,0.0,84.36575317382812,False
2026-06-02,9591296.258849954,TQQQ,110219.89554998814,0.0,84.36575317382812,False
2026-06-03,9518717.224541182,TQQQ,110219.89554998814,0.0,84.36575317382812,False
2026-06-04,9371362.69621312,TQQQ,110219.89554998814,0.0,84.36575317382812,False
2026-06-05,8368906.052533876,CASH,0.0,8368906.052533876,,False
2026-06-08,8368906.052533876,CASH,0.0,8368906.052533876,,False
2026-06-09,8368906.052533876,CASH,0.0,8368906.052533876,,False
2026-06-10,8368906.052533876,CASH,0.0,8368906.052533876,,False
2026-06-11,8368906.052533876,CASH,0.0,8368906.052533876,,False
2026-06-12,8368906.052533876,CASH,0.0,8368906.052533876,,False
2026-06-15,8368906.052533876,CASH,0.0,8368906.052533876,,False
2026-06-16,8368906.052533876,CASH,0.0,8368906.052533876,,False
2026-06-17,8368906.052533876,CASH,0.0,8368906.052533876,,False
2026-06-18,8368906.052533876,CASH,0.0,8368906.052533876,,False
2026-06-22,8368906.052533876,CASH,0.0,8368906.052533876,,False
2026-06-23,8368906.052533876,CASH,0.0,8368906.052533876,,False
2026-06-24,8368906.052533876,CASH,0.0,8368906.052533876,,False
2026-06-25,8368906.052533876,CASH,0.0,8368906.052533876,,False
2026-06-26,8368906.052533876,CASH,0.0,8368906.052533876,,False
2026-06-29,8368906.052533876,CASH,0.0,8368906.052533876,,False
2026-06-30,8368906.052533876,CASH,0.0,8368906.052533876,,False
2026-07-01,8368906.052533876,TQQQ,108041.64925702247,0.0,77.45999908447266,False
2026-07-02,7924854.808144124,TQQQ,108041.64925702247,0.0,77.45999908447266,False
2026-07-06,8256542.638391488,TQQQ,108041.64925702247,0.0,77.45999908447266,False
2026-07-07,7803848.6885233745,TQQQ,108041.64925702247,0.0,77.45999908447266,False
2026-07-08,7532015.447280489,CASH,0.0,7532015.447280489,,False
2026-07-09,7532015.447280489,CASH,0.0,7532015.447280489,,False
2026-07-10,7532015.447280489,CASH,0.0,7532015.447280489,,False
2026-07-13,7532015.447280489,CASH,0.0,7532015.447280489,,False
2026-07-14,7532015.447280489,CASH,0.0,7532015.447280489,,False
2026-07-15,7532015.447280489,CASH,0.0,7532015.447280489,,False
2026-07-16,7532015.447280489,CASH,0.0,7532015.447280489,,False
2026-07-17,7532015.447280489,CASH,0.0,7532015.447280489,,False
2026-07-20,7532015.447280489,CASH,0.0,7532015.447280489,,False
2026-07-21,7532015.447280489,CASH,0.0,7532015.447280489,,False
2026-07-22,7532015.447280489,CASH,0.0,7532015.447280489,,False
2026-07-23,7532015.447280489,CASH,0.0,7532015.447280489,,False
2026-07-24,7532015.447280489,CASH,0.0,7532015.447280489,,False
2026-07-27,7532015.447280489,CASH,0.0,7532015.447280489,,False
2026-07-28,7532015.447280489,CASH,0.0,7532015.447280489,,False
2026-07-29,7532015.447280489,CASH,0.0,7532015.447280489,,False
2026-07-30,7532015.447280489,CASH,0.0,7532015.447280489,,False
2026-07-31,7532015.447280489,CASH,0.0,7532015.447280489,,False
2026-08-03,7532015.447280489,TECL,41558.23890418376,0.0,181.24000549316406,False
2026-08-04,8660321.379877718,TECL,41558.23890418376,0.0,181.24000549316406,False
2026-08-05,8519023.621254854,TECL,41558.23890418376,0.0,181.24000549316406,False
2026-08-06,8453776.881793652,TECL,41558.23890418376,0.0,181.24000549316406,False
2026-08-07,8795385.656316316,TECL,41558.23890418376,0.0,181.24000549316406,False
2026-08-10,8560165.871927818,TECL,41558.23890418376,0.0,181.24000549316406,False
2026-08-11,8517360.93658678,TECL,41558.23890418376,0.0,181.24000549316406,False
2026-08-12,8895541.164266214,TECL,41558.23890418376,0.0,181.24000549316406,False
2026-08-13,9166916.413580261,TECL,41558.23890418376,0.0,181.24000549316406,False
2026-08-14,9045981.78617827,TECL,41558.23890418376,0.0,181.24000549316406,False
2026-08-17,9097098.242474465,TECL,41558.23890418376,0.0,181.24000549316406,False
2026-08-18,8398920.336186899,TECL,41558.23890418376,0.0,181.24000549316406,False
2026-08-19,8120064.274123329,TECL,41558.23890418376,0.0,181.24000549316406,False
2026-08-20,8067701.121390281,TECL,41558.23890418376,0.0,181.24000549316406,False
2026-08-21,8095960.419463494,TECL,41558.23890418376,0.0,181.24000549316406,False
2026-08-24,7655443.467556187,TECL,41558.23890418376,0.0,181.24000549316406,False
2026-08-25,7872376.891237897,TECL,41558.23890418376,0.0,181.24000549316406,False
2026-08-26,8008272.51001053,TECL,41558.23890418376,0.0,181.24000549316406,False
2026-08-27,8754658.759746168,TECL,41558.23890418376,0.0,181.24000549316406,False
2026-08-28,8332426.900288844,TECL,41558.23890418376,0.0,181.24000549316406,False
2026-08-31,8454192.23589647,TECL,41558.23890418376,0.0,181.24000549316406,False
2026-09-01,8064376.386182539,TQQQ,116621.49252685848,0.0,69.1500015258789,False
2026-09-02,8096283.760324275,TQQQ,116621.49252685848,0.0,69.1500015258789,False
