date,equity,holding,shares,cash,stop_reference,entered_at_open
2010-02-11,100000.0,CASH,0.0,100000.0,,False
2010-02-12,100000.0,CASH,0.0,100000.0,,False
2010-02-16,100000.0,CASH,0.0,100000.0,,False
2010-02-17,100000.0,CASH,0.0,100000.0,,False
2010-02-18,100000.0,CASH,0.0,100000.0,,False
2010-02-19,100000.0,CASH,0.0,100000.0,,False
2010-02-22,100000.0,CASH,0.0,100000.0,,False
2010-02-23,100000.0,CASH,0.0,100000.0,,False
2010-02-24,100000.0,CASH,0.0,100000.0,,False
2010-02-25,100000.0,CASH,0.0,100000.0,,False
2010-02-26,100000.0,CASH,0.0,100000.0,,False
2010-03-01,100000.0,TECL,134152.71222954508,0.0,0.7454191446304321,False
2010-03-02,99451.16198885372,TECL,134152.71222954508,0.0,0.7454191446304321,False
2010-03-03,99714.91416399957,TECL,134152.71222954508,0.0,0.7454191446304321,False
2010-03-04,100983.52334524597,TECL,134152.71222954508,0.0,0.7454191446304321,False
2010-03-05,104946.17888386574,TECL,134152.71222954508,0.0,0.7454191446304321,False
2010-03-08,105751.50059275274,TECL,134152.71222954508,0.0,0.7454191446304321,False
2010-03-09,106906.06904269915,TECL,134152.71222954508,0.0,0.7454191446304321,False
2010-03-10,109471.8255744536,TECL,134152.71222954508,0.0,0.7454191446304321,False
2010-03-11,110462.5374358571,TECL,134152.71222954508,0.0,0.7454191446304321,False
2010-03-12,110590.84325372553,TECL,134152.71222954508,0.0,0.7454191446304321,False
2010-03-15,109086.96409372163,TECL,134152.71222954508,0.0,0.7454191446304321,False
2010-03-16,112230.0408330107,TECL,134152.71222954508,0.0,0.7454191446304321,False
2010-03-17,113498.68199875613,TECL,134152.71222954508,0.0,0.7454191446304321,False
2010-03-18,113883.53548336335,TECL,134152.71222954508,0.0,0.7454191446304321,False
2010-03-19,111025.5285878252,TECL,134152.71222954508,0.0,0.7454191446304321,False
2010-03-22,113741.00455955027,TECL,134152.71222954508,0.0,0.7454191446304321,False
2010-03-23,117223.48481032153,TECL,134152.71222954508,0.0,0.7454191446304321,False
2010-03-24,115523.0609037636,TECL,134152.71222954508,0.0,0.7454191446304321,False
2010-03-25,116023.61031749574,TECL,134152.71222954508,0.0,0.7454191446304321,False
2010-03-26,115324.3572035249,TECL,134152.71222954508,0.0,0.7454191446304321,False
2010-03-29,115442.13212508691,TECL,134152.71222954508,0.0,0.7454191446304321,False
2010-03-30,116980.514563422,TECL,134152.71222954508,0.0,0.7454191446304321,False
2010-03-31,115000.49016244768,TECL,134152.71222954508,0.0,0.7454191446304321,False
2010-04-01,114499.94074871555,TECL,134152.71222954508,0.0,0.8572356700897217,False
2010-04-05,118982.72021447527,TECL,134152.71222954508,0.0,0.8572356700897217,False
2010-04-06,119328.72052888288,TECL,134152.71222954508,0.0,0.8572356700897217,False
2010-04-07,118599.92973005564,TECL,134152.71222954508,0.0,0.8572356700897217,False
2010-04-08,118658.86116952282,TECL,134152.71222954508,0.0,0.8572356700897217,False
2010-04-09,121831.43561304451,TECL,134152.71222954508,0.0,0.8572356700897217,False
2010-04-12,122655.90804072715,TECL,134152.71222954508,0.0,0.8572356700897217,False
2010-04-13,124231.12062969804,TECL,134152.71222954508,0.0,0.8572356700897217,False
2010-04-14,130598.35481332328,TECL,134152.71222954508,0.0,0.8572356700897217,False
2010-04-15,132961.25765608955,TECL,134152.71222954508,0.0,0.8572356700897217,False
2010-04-16,127374.22135736138,TECL,134152.71222954508,0.0,0.8572356700897217,False
2010-04-19,127411.09148862096,TECL,134152.71222954508,0.0,0.8572356700897217,False
2010-04-20,129420.55762095458,TECL,134152.71222954508,0.0,0.8572356700897217,False
2010-04-21,130657.20629154287,TECL,134152.71222954508,0.0,0.8572356700897217,False
2010-04-22,132180.97980994493,TECL,134152.71222954508,0.0,0.8572356700897217,False
2010-04-23,133550.10827552536,TECL,134152.71222954508,0.0,0.8572356700897217,False
2010-04-26,132718.28740919003,TECL,134152.71222954508,0.0,0.8572356700897217,False
2010-04-27,125003.98606819192,TECL,134152.71222954508,0.0,0.8572356700897217,False
2010-04-28,125659.19652699516,TECL,134152.71222954508,0.0,0.8572356700897217,False
2010-04-29,129413.28114742473,TECL,134152.71222954508,0.0,0.8572356700897217,False
2010-04-30,120911.28955263122,TECL,134152.71222954508,0.0,0.8572356700897217,False
2010-05-03,125865.26465813609,TECL,134152.71222954508,0.0,0.9012959003448486,False
2010-05-04,114941.59070747954,TECL,134152.71222954508,0.0,0.9012959003448486,False
2010-05-05,110620.65483119425,CASH,0.0,110620.65483119425,,False
2010-05-06,110620.65483119425,CASH,0.0,110620.65483119425,,False
2010-05-07,110620.65483119425,CASH,0.0,110620.65483119425,,False
2010-05-10,110620.65483119425,CASH,0.0,110620.65483119425,,False
2010-05-11,110620.65483119425,CASH,0.0,110620.65483119425,,False
2010-05-12,110620.65483119425,CASH,0.0,110620.65483119425,,False
2010-05-13,110620.65483119425,CASH,0.0,110620.65483119425,,False
2010-05-14,110620.65483119425,CASH,0.0,110620.65483119425,,False
2010-05-17,110620.65483119425,CASH,0.0,110620.65483119425,,False
2010-05-18,110620.65483119425,CASH,0.0,110620.65483119425,,False
2010-05-19,110620.65483119425,CASH,0.0,110620.65483119425,,False
2010-05-20,110620.65483119425,CASH,0.0,110620.65483119425,,False
2010-05-21,110620.65483119425,CASH,0.0,110620.65483119425,,False
2010-05-24,110620.65483119425,CASH,0.0,110620.65483119425,,False
2010-05-25,110620.65483119425,CASH,0.0,110620.65483119425,,False
2010-05-26,110620.65483119425,CASH,0.0,110620.65483119425,,False
2010-05-27,110620.65483119425,CASH,0.0,110620.65483119425,,False
2010-05-28,110620.65483119425,CASH,0.0,110620.65483119425,,False
2010-06-01,110620.65483119425,TECL,165087.37174301982,0.0,0.670073390007019,False
2010-06-02,118157.17959217513,TECL,165087.37174301982,0.0,0.670073390007019,False
2010-06-03,122396.51597511863,TECL,165087.37174301982,0.0,0.670073390007019,False
2010-06-04,110765.58781044438,TECL,165087.37174301982,0.0,0.670073390007019,False
2010-06-07,103808.75560656743,TECL,165087.37174301982,0.0,0.670073390007019,False
2010-06-08,101771.00244469872,CASH,0.0,101771.00244469872,,False
2010-06-09,101771.00244469872,CASH,0.0,101771.00244469872,,False
2010-06-10,101771.00244469872,CASH,0.0,101771.00244469872,,False
2010-06-11,101771.00244469872,CASH,0.0,101771.00244469872,,False
2010-06-14,101771.00244469872,CASH,0.0,101771.00244469872,,False
2010-06-15,101771.00244469872,CASH,0.0,101771.00244469872,,False
2010-06-16,101771.00244469872,CASH,0.0,101771.00244469872,,False
2010-06-17,101771.00244469872,CASH,0.0,101771.00244469872,,False
2010-06-18,101771.00244469872,CASH,0.0,101771.00244469872,,False
2010-06-21,101771.00244469872,CASH,0.0,101771.00244469872,,False
2010-06-22,101771.00244469872,CASH,0.0,101771.00244469872,,False
2010-06-23,101771.00244469872,CASH,0.0,101771.00244469872,,False
2010-06-24,101771.00244469872,CASH,0.0,101771.00244469872,,False
2010-06-25,101771.00244469872,CASH,0.0,101771.00244469872,,False
2010-06-28,101771.00244469872,CASH,0.0,101771.00244469872,,False
2010-06-29,101771.00244469872,CASH,0.0,101771.00244469872,,False
2010-06-30,101771.00244469872,CASH,0.0,101771.00244469872,,False
2010-07-01,101771.00244469872,GLD,869.5403421788343,0.0,117.04000091552734,False
2010-07-02,103031.83328723151,GLD,869.5403421788343,0.0,117.04000091552734,False
2010-07-06,101310.14712479456,GLD,869.5403421788343,0.0,117.04000091552734,False
2010-07-07,102370.98740370334,GLD,869.5403421788343,0.0,117.04000091552734,False
2010-07-08,101918.8227106932,GLD,869.5403421788343,0.0,117.04000091552734,False
2010-07-09,102918.79543101213,GLD,869.5403421788343,0.0,117.04000091552734,False
2010-07-12,102031.86056691258,GLD,869.5403421788343,0.0,117.04000091552734,False
2010-07-13,102918.79543101213,GLD,869.5403421788343,0.0,117.04000091552734,False
2010-07-14,102866.62513338264,GLD,869.5403421788343,0.0,117.04000091552734,False
2010-07-15,102805.75757479276,GLD,869.5403421788343,0.0,117.04000091552734,False
2010-07-16,101449.27012982868,GLD,869.5403421788343,0.0,117.04000091552734,False
2010-07-19,100631.90671934567,GLD,869.5403421788343,0.0,117.04000091552734,False
2010-07-20,101431.8822419743,GLD,869.5403421788343,0.0,117.04000091552734,False
2010-07-21,100736.24731460468,GLD,869.5403421788343,0.0,117.04000091552734,False
2010-07-22,101614.48491774389,GLD,869.5403421788343,0.0,117.04000091552734,False
2010-07-23,100944.93513918904,GLD,869.5403421788343,0.0,117.04000091552734,False
2010-07-26,100449.29740950975,GLD,869.5403421788343,0.0,117.04000091552734,False
2010-07-27,98701.52609825805,GLD,869.5403421788343,0.0,117.04000091552734,False
2010-07-28,98936.29907165715,GLD,869.5403421788343,0.0,117.04000091552734,False
2010-07-29,99379.76650370694,GLD,869.5403421788343,0.0,117.04000091552734,False
2010-07-30,100423.212260695,GLD,869.5403421788343,0.0,117.04000091552734,False
2010-08-02,100466.69193143047,TECL,139332.85868243873,0.0,0.721055269241333,False
2010-08-03,99255.49911832574,TECL,139332.85868243873,0.0,0.721055269241333,False
2010-08-04,101708.92840671101,TECL,139332.85868243873,0.0,0.721055269241333,False
2010-08-05,100280.38012906219,TECL,139332.85868243873,0.0,0.721055269241333,False
2010-08-06,99162.33491225606,TECL,139332.85868243873,0.0,0.721055269241333,False
2010-08-09,100187.19100833587,TECL,139332.85868243873,0.0,0.721055269241333,False
2010-08-10,96056.7229618408,TECL,139332.85868243873,0.0,0.721055269241333,False
2010-08-11,91553.56971572313,CASH,0.0,91553.56971572313,,False
2010-08-12,91553.56971572313,CASH,0.0,91553.56971572313,,False
2010-08-13,91553.56971572313,CASH,0.0,91553.56971572313,,False
2010-08-16,91553.56971572313,CASH,0.0,91553.56971572313,,False
2010-08-17,91553.56971572313,CASH,0.0,91553.56971572313,,False
2010-08-18,91553.56971572313,CASH,0.0,91553.56971572313,,False
2010-08-19,91553.56971572313,CASH,0.0,91553.56971572313,,False
2010-08-20,91553.56971572313,CASH,0.0,91553.56971572313,,False
2010-08-23,91553.56971572313,CASH,0.0,91553.56971572313,,False
2010-08-24,91553.56971572313,CASH,0.0,91553.56971572313,,False
2010-08-25,91553.56971572313,CASH,0.0,91553.56971572313,,False
2010-08-26,91553.56971572313,CASH,0.0,91553.56971572313,,False
2010-08-27,91553.56971572313,CASH,0.0,91553.56971572313,,False
2010-08-30,91553.56971572313,CASH,0.0,91553.56971572313,,False
2010-08-31,91553.56971572313,CASH,0.0,91553.56971572313,,False
2010-09-01,91553.56971572313,IEF,1321.0227466437575,0.0,69.30506681155018,False
2010-09-02,91171.77757760345,IEF,1321.0227466437575,0.0,69.30506681155018,False
2010-09-03,90650.19456423626,IEF,1321.0227466437575,0.0,69.30506681155018,False
2010-09-07,91367.38518467065,IEF,1321.0227466437575,0.0,69.30506681155018,False
2010-09-08,91115.87952473942,IEF,1321.0227466437575,0.0,69.30506681155018,False
2010-09-09,90398.70923456611,IEF,1321.0227466437575,0.0,69.30506681155018,False
2010-09-10,90137.94314070884,IEF,1321.0227466437575,0.0,69.30506681155018,False
2010-09-13,90566.39322802765,IEF,1321.0227466437575,0.0,69.30506681155018,False
2010-09-14,91022.69577303827,IEF,1321.0227466437575,0.0,69.30506681155018,False
2010-09-15,90706.09261710026,IEF,1321.0227466437575,0.0,69.30506681155018,False
2010-09-16,90389.39797498737,IEF,1321.0227466437575,0.0,69.30506681155018,False
2010-09-17,90594.30667650276,IEF,1321.0227466437575,0.0,69.30506681155018,False
2010-09-20,90873.67495925637,IEF,1321.0227466437575,0.0,69.30506681155018,False
2010-09-21,91721.28420457631,IEF,1321.0227466437575,0.0,69.30506681155018,False
2010-09-22,91860.95309825728,IEF,1321.0227466437575,0.0,69.30506681155018,False
2010-09-23,91991.3412277512,IEF,1321.0227466437575,0.0,69.30506681155018,False
2010-09-24,91535.03868274056,IEF,1321.0227466437575,0.0,69.30506681155018,False
2010-09-27,92242.75540150753,IEF,1321.0227466437575,0.0,69.30506681155018,False
2010-09-28,92550.20993995552,IEF,1321.0227466437575,0.0,69.30506681155018,False
2010-09-29,92326.69904954372,IEF,1321.0227466437575,0.0,69.30506681155018,False
2010-09-30,92214.93343920734,IEF,1321.0227466437575,0.0,69.30506681155018,False
2010-10-01,92264.38679930616,TECL,123270.46663830921,0.0,0.7484711408615112,False
2010-10-04,89159.57898876414,TECL,123270.46663830921,0.0,0.7484711408615112,False
2010-10-05,95011.96687805477,TECL,123270.46663830921,0.0,0.7484711408615112,False
2010-10-06,92923.78750252504,TECL,123270.46663830921,0.0,0.7484711408615112,False
2010-10-07,93693.1360816475,TECL,123270.46663830921,0.0,0.7484711408615112,False
2010-10-08,95534.01355881029,TECL,123270.46663830921,0.0,0.7484711408615112,False
2010-10-11,95753.82848820134,TECL,123270.46663830921,0.0,0.7484711408615112,False
2010-10-12,98309.10264901193,TECL,123270.46663830921,0.0,0.7484711408615112,False
2010-10-13,100781.9526403567,TECL,123270.46663830921,0.0,0.7484711408615112,False
2010-10-14,100672.041501915,TECL,123270.46663830921,0.0,0.7484711408615112,False
2010-10-15,106744.20758313478,TECL,123270.46663830921,0.0,0.7484711408615112,False
2010-10-18,108063.07511700391,TECL,123270.46663830921,0.0,0.7484711408615112,False
2010-10-19,102348.06329265378,TECL,123270.46663830921,0.0,0.7484711408615112,False
2010-10-20,104326.32418224942,TECL,123270.46663830921,0.0,0.7484711408615112,False
2010-10-21,104353.82584621006,TECL,123270.46663830921,0.0,0.7484711408615112,False
2010-10-22,106387.02393629563,TECL,123270.46663830921,0.0,0.7484711408615112,False
2010-10-25,107458.58222430546,TECL,123270.46663830921,0.0,0.7484711408615112,False
2010-10-26,108063.07511700391,TECL,123270.46663830921,0.0,0.7484711408615112,False
2010-10-27,109821.5284247009,TECL,123270.46663830921,0.0,0.7484711408615112,False
2010-10-28,110343.55306297929,TECL,123270.46663830921,0.0,0.7484711408615112,False
2010-10-29,110563.39738233984,TECL,123270.46663830921,0.0,0.7484711408615112,False
2010-11-01,111717.36514483074,TQQQ,344590.1960783251,0.0,0.3242035508155823,False
2010-11-02,115103.56670363233,TQQQ,344590.1960783251,0.0,0.3242035508155823,False
2010-11-03,116766.86000352885,TQQQ,344590.1960783251,0.0,0.3242035508155823,False
2010-11-04,120904.1381587212,TQQQ,344590.1960783251,0.0,0.3242035508155823,False
2010-11-05,121048.94962073314,TQQQ,344590.1960783251,0.0,0.3242035508155823,False
2010-11-08,121356.19515796266,TQQQ,344590.1960783251,0.0,0.3242035508155823,False
2010-11-09,119394.14927020785,TQQQ,344590.1960783251,0.0,0.3242035508155823,False
2010-11-10,121219.60963603096,TQQQ,344590.1960783251,0.0,0.3242035508155823,False
2010-11-11,119180.91154258455,TQQQ,344590.1960783251,0.0,0.3242035508155823,False
2010-11-12,113116.29870746667,TQQQ,344590.1960783251,0.0,0.3242035508155823,False
2010-11-15,111904.99051969481,TQQQ,344590.1960783251,0.0,0.3242035508155823,False
2010-11-16,106352.0291036507,TQQQ,344590.1960783251,0.0,0.3242035508155823,False
2010-11-17,107358.26388635082,TQQQ,344590.1960783251,0.0,0.3242035508155823,False
2010-11-18,112348.50322162444,TQQQ,344590.1960783251,0.0,0.3242035508155823,False
2010-11-19,112612.8424197088,TQQQ,344590.1960783251,0.0,0.3242035508155823,False
2010-11-22,115581.46198657155,TQQQ,344590.1960783251,0.0,0.3242035508155823,False
2010-11-23,110122.15921413775,TQQQ,344590.1960783251,0.0,0.3242035508155823,False
2010-11-24,116553.62227590557,TQQQ,344590.1960783251,0.0,0.3242035508155823,False
2010-11-26,115820.22991024914,TQQQ,344590.1960783251,0.0,0.3242035508155823,False
2010-11-29,114208.03808081368,TQQQ,344590.1960783251,0.0,0.3242035508155823,False
2010-11-30,109866.34377418898,TQQQ,344590.1960783251,0.0,0.3242035508155823,False
2010-12-01,116852.3440549995,TECL,127960.85364958769,0.0,0.9131882190704346,False
2010-12-02,121501.33532820693,TECL,127960.85364958769,0.0,0.9131882190704346,False
2010-12-03,122642.22928183866,TECL,127960.85364958769,0.0,0.9131882190704346,False
2010-12-06,122813.30426515892,TECL,127960.85364958769,0.0,0.9131882190704346,False
2010-12-07,123184.10910082902,TECL,127960.85364958769,0.0,0.9131882190704346,False
2010-12-08,125865.14315507787,TECL,127960.85364958769,0.0,0.9131882190704346,False
2010-12-09,125808.07748297791,TECL,127960.85364958769,0.0,0.9131882190704346,False
2010-12-10,127690.48195615392,TECL,127960.85364958769,0.0,0.9131882190704346,False
2010-12-13,126036.25627370425,TECL,127960.85364958769,0.0,0.9131882190704346,False
2010-12-14,125922.1173024431,TECL,127960.85364958769,0.0,0.9131882190704346,False
2010-12-15,124724.25682850736,TECL,127960.85364958769,0.0,0.9131882190704346,False
2010-12-16,126549.5956295834,TECL,127960.85364958769,0.0,0.9131882190704346,False
2010-12-17,127718.98428395898,TECL,127960.85364958769,0.0,0.9131882190704346,False
2010-12-20,127776.00419369158,TECL,127960.85364958769,0.0,0.9131882190704346,False
2010-12-21,130685.224665728,TECL,127960.85364958769,0.0,0.9131882190704346,False
2010-12-22,130285.9175022528,TECL,127960.85364958769,0.0,0.9131882190704346,False
2010-12-23,129629.95972849111,TECL,127960.85364958769,0.0,0.9131882190704346,False
2010-12-27,130485.56345692917,TECL,127960.85364958769,0.0,0.9131882190704346,False
2010-12-28,130342.98317435278,TECL,127960.85364958769,0.0,0.9131882190704346,False
2010-12-29,130685.224665728,TECL,127960.85364958769,0.0,0.9131882190704346,False
2010-12-30,130114.82726481011,TECL,127960.85364958769,0.0,0.9131882190704346,False
2010-12-31,129772.57051931243,TECL,127960.85364958769,0.0,0.9131882190704346,False
2011-01-03,133337.74876511053,TQQQ,348506.228180018,0.0,0.3825978934764862,False
2011-01-04,133130.67720236658,TQQQ,348506.228180018,0.0,0.3825978934764862,False
2011-01-05,136434.83806112362,TQQQ,348506.228180018,0.0,0.3825978934764862,False
2011-01-06,137668.49101834066,TQQQ,348506.228180018,0.0,0.3825978934764862,False
2011-01-07,137349.1124481257,TQQQ,348506.228180018,0.0,0.3825978934764862,False
2011-01-10,138893.5337370306,TQQQ,348506.228180018,0.0,0.3825978934764862,False
2011-01-11,139531.89619825184,TQQQ,348506.228180018,0.0,0.3825978934764862,False
2011-01-12,142361.64226183132,TQQQ,348506.228180018,0.0,0.3825978934764862,False
2011-01-13,142810.17440995274,TQQQ,348506.228180018,0.0,0.3825978934764862,False
2011-01-14,145907.26370596586,TQQQ,348506.228180018,0.0,0.3825978934764862,False
2011-01-18,147071.71277982218,TQQQ,348506.228180018,0.0,0.3825978934764862,False
2011-01-19,142145.98123315023,TQQQ,348506.228180018,0.0,0.3825978934764862,False
2011-01-20,138953.7950204253,TQQQ,348506.228180018,0.0,0.3825978934764862,False
2011-01-21,135779.23435025828,TQQQ,348506.228180018,0.0,0.3825978934764862,False
2011-01-24,141386.70152593087,TQQQ,348506.228180018,0.0,0.3825978934764862,False
2011-01-25,141878.31602557268,TQQQ,348506.228180018,0.0,0.3825978934764862,False
2011-01-26,144078.30986645803,TQQQ,348506.228180018,0.0,0.3825978934764862,False
2011-01-27,146856.0517511411,TQQQ,348506.228180018,0.0,0.3825978934764862,False
2011-01-28,135779.23435025828,TQQQ,348506.228180018,0.0,0.3825978934764862,False
2011-01-31,137789.3771054539,TQQQ,348506.228180018,0.0,0.3825978934764862,False
2011-02-01,145441.14756046643,TQQQ,348506.228180018,0.0,0.39537134766578674,False
2011-02-02,144785.55423589604,TQQQ,348506.228180018,0.0,0.39537134766578674,False
2011-02-03,145346.41416407842,TQQQ,348506.228180018,0.0,0.39537134766578674,False
2011-02-04,147969.09905120896,TQQQ,348506.228180018,0.0,0.39537134766578674,False
2011-02-07,150117.0783269029,TQQQ,348506.228180018,0.0,0.39537134766578674,False
2011-02-08,153317.83323297504,TQQQ,348506.228180018,0.0,0.39537134766578674,False
2011-02-09,152385.9956211849,TQQQ,348506.228180018,0.0,0.39537134766578674,False
2011-02-10,153128.0444650551,TQQQ,348506.228180018,0.0,0.39537134766578674,False
2011-02-11,156268.1745674087,TQQQ,348506.228180018,0.0,0.39537134766578674,False
2011-02-14,157251.7567007212,TQQQ,348506.228180018,0.0,0.39537134766578674,False
2011-02-15,156846.24458635034,TQQQ,348506.228180018,0.0,0.39537134766578674,False
2011-02-16,159744.8725581466,TQQQ,348506.228180018,0.0,0.39537134766578674,False
2011-02-17,159606.74522138925,TQQQ,348506.228180018,0.0,0.39537134766578674,False
2011-02-18,158701.04991402937,TQQQ,348506.228180018,0.0,0.39537134766578674,False
2011-02-22,144725.26179361643,TQQQ,348506.228180018,0.0,0.39537134766578674,False
2011-02-23,141153.80963390062,TQQQ,348506.228180018,0.0,0.39537134766578674,False
2011-02-24,143163.66157283718,TQQQ,348506.228180018,0.0,0.39537134766578674,False
2011-02-25,149297.51656369888,TQQQ,348506.228180018,0.0,0.39537134766578674,False
2011-02-28,150384.43194563148,TQQQ,348506.228180018,0.0,0.39537134766578674,False
2011-03-01,143155.0513343101,TECL,127787.94349481359,0.0,1.1202547550201416,False
2011-03-02,144892.50931247536,TECL,127787.94349481359,0.0,1.1202547550201416,False
2011-03-03,152411.9830964749,TECL,127787.94349481359,0.0,1.1202547550201416,False
2011-03-04,149506.72424499283,TECL,127787.94349481359,0.0,1.1202547550201416,False
2011-03-07,143325.9560825196,TECL,127787.94349481359,0.0,1.1202547550201416,False
2011-03-08,145490.63784743377,TECL,127787.94349481359,0.0,1.1202547550201416,False
2011-03-09,142442.991378382,TECL,127787.94349481359,0.0,1.1202547550201416,False
2011-03-10,133784.17291766562,TECL,127787.94349481359,0.0,1.1202547550201416,False
2011-03-11,131702.6472275653,CASH,0.0,131702.6472275653,,False
2011-03-14,131702.6472275653,CASH,0.0,131702.6472275653,,False
2011-03-15,131702.6472275653,CASH,0.0,131702.6472275653,,False
2011-03-16,131702.6472275653,CASH,0.0,131702.6472275653,,False
2011-03-17,131702.6472275653,CASH,0.0,131702.6472275653,,False
2011-03-18,131702.6472275653,CASH,0.0,131702.6472275653,,False
2011-03-21,131702.6472275653,CASH,0.0,131702.6472275653,,False
2011-03-22,131702.6472275653,CASH,0.0,131702.6472275653,,False
2011-03-23,131702.6472275653,CASH,0.0,131702.6472275653,,False
2011-03-24,131702.6472275653,CASH,0.0,131702.6472275653,,False
2011-03-25,131702.6472275653,CASH,0.0,131702.6472275653,,False
2011-03-28,131702.6472275653,CASH,0.0,131702.6472275653,,False
2011-03-29,131702.6472275653,CASH,0.0,131702.6472275653,,False
2011-03-30,131702.6472275653,CASH,0.0,131702.6472275653,,False
2011-03-31,131702.6472275653,CASH,0.0,131702.6472275653,,False
2011-04-01,131702.6472275653,TECL,123262.33155684723,0.0,1.0684744119644165,False
2011-04-04,129210.80678036912,TECL,123262.33155684723,0.0,1.0684744119644165,False
2011-04-05,128986.81121611668,TECL,123262.33155684723,0.0,1.0684744119644165,False
2011-04-06,131730.62463207438,TECL,123262.33155684723,0.0,1.0684744119644165,False
2011-04-07,131898.60661124875,TECL,123262.33155684723,0.0,1.0684744119644165,False
2011-04-08,129658.7538268291,TECL,123262.33155684723,0.0,1.0684744119644165,False
2011-04-11,128762.84503989418,TECL,123262.33155684723,0.0,1.0684744119644165,False
2011-04-12,125291.10481617592,TECL,123262.33155684723,0.0,1.0684744119644165,False
2011-04-13,127726.931678294,TECL,123262.33155684723,0.0,1.0684744119644165,False
2011-04-14,126718.98102718794,TECL,123262.33155684723,0.0,1.0684744119644165,False
2011-04-15,125179.13642207965,TECL,123262.33155684723,0.0,1.0684744119644165,False
2011-04-18,121166.43544936007,CASH,0.0,121166.43544936007,,False
2011-04-19,121166.43544936007,CASH,0.0,121166.43544936007,,False
2011-04-20,121166.43544936007,CASH,0.0,121166.43544936007,,False
2011-04-21,121166.43544936007,CASH,0.0,121166.43544936007,,False
2011-04-25,121166.43544936007,CASH,0.0,121166.43544936007,,False
2011-04-26,121166.43544936007,CASH,0.0,121166.43544936007,,False
2011-04-27,121166.43544936007,CASH,0.0,121166.43544936007,,False
2011-04-28,121166.43544936007,CASH,0.0,121166.43544936007,,False
2011-04-29,121166.43544936007,CASH,0.0,121166.43544936007,,False
2011-05-02,121166.43544936007,TECL,105694.47983104833,0.0,1.1463837623596191,False
2011-05-03,120038.11399681988,TECL,105694.47983104833,0.0,1.1463837623596191,False
2011-05-04,119581.98994568246,TECL,105694.47983104833,0.0,1.1463837623596191,False
2011-05-05,118237.53214405768,TECL,105694.47983104833,0.0,1.1463837623596191,False
2011-05-06,119245.84084592568,TECL,105694.47983104833,0.0,1.1463837623596191,False
2011-05-09,120038.11399681988,TECL,105694.47983104833,0.0,1.1463837623596191,False
2011-05-10,123327.14375248579,TECL,105694.47983104833,0.0,1.1463837623596191,False
2011-05-11,120518.24059809174,TECL,105694.47983104833,0.0,1.1463837623596191,False
2011-05-12,122654.93375131917,TECL,105694.47983104833,0.0,1.1463837623596191,False
2011-05-13,118165.51189389052,TECL,105694.47983104833,0.0,1.1463837623596191,False
2011-05-16,112475.69793469913,TECL,105694.47983104833,0.0,1.1463837623596191,False
2011-05-17,110002.91856302184,CASH,0.0,110002.91856302184,,False
2011-05-18,110002.91856302184,CASH,0.0,110002.91856302184,,False
2011-05-19,110002.91856302184,CASH,0.0,110002.91856302184,,False
2011-05-20,110002.91856302184,CASH,0.0,110002.91856302184,,False
2011-05-23,110002.91856302184,CASH,0.0,110002.91856302184,,False
2011-05-24,110002.91856302184,CASH,0.0,110002.91856302184,,False
2011-05-25,110002.91856302184,CASH,0.0,110002.91856302184,,False
2011-05-26,110002.91856302184,CASH,0.0,110002.91856302184,,False
2011-05-27,110002.91856302184,CASH,0.0,110002.91856302184,,False
2011-05-31,110002.91856302184,CASH,0.0,110002.91856302184,,False
2011-06-01,110002.91856302184,TQQQ,268412.7892951265,0.0,0.40982741117477417,False
2011-06-02,110640.7686983725,TQQQ,268412.7892951265,0.0,0.40982741117477417,False
2011-06-03,105617.56889346319,TQQQ,268412.7892951265,0.0,0.40982741117477417,False
2011-06-06,103066.16035273604,TQQQ,268412.7892951265,0.0,0.40982741117477417,False
2011-06-07,102468.35483573002,TQQQ,268412.7892951265,0.0,0.40982741117477417,False
2011-06-08,101202.68507798009,CASH,0.0,101202.68507798009,,False
2011-06-09,101202.68507798009,CASH,0.0,101202.68507798009,,False
2011-06-10,101202.68507798009,CASH,0.0,101202.68507798009,,False
2011-06-13,101202.68507798009,CASH,0.0,101202.68507798009,,False
2011-06-14,101202.68507798009,CASH,0.0,101202.68507798009,,False
2011-06-15,101202.68507798009,CASH,0.0,101202.68507798009,,False
2011-06-16,101202.68507798009,CASH,0.0,101202.68507798009,,False
2011-06-17,101202.68507798009,CASH,0.0,101202.68507798009,,False
2011-06-20,101202.68507798009,CASH,0.0,101202.68507798009,,False
2011-06-21,101202.68507798009,CASH,0.0,101202.68507798009,,False
2011-06-22,101202.68507798009,CASH,0.0,101202.68507798009,,False
2011-06-23,101202.68507798009,CASH,0.0,101202.68507798009,,False
2011-06-24,101202.68507798009,CASH,0.0,101202.68507798009,,False
2011-06-27,101202.68507798009,CASH,0.0,101202.68507798009,,False
2011-06-28,101202.68507798009,CASH,0.0,101202.68507798009,,False
2011-06-29,101202.68507798009,CASH,0.0,101202.68507798009,,False
2011-06-30,101202.68507798009,CASH,0.0,101202.68507798009,,False
2011-07-01,101202.68507798009,TECL,96774.27909335298,0.0,1.045760154724121,False
2011-07-05,102147.8848339678,TECL,96774.27909335298,0.0,1.045760154724121,False
2011-07-06,103598.65547930772,TECL,96774.27909335298,0.0,1.045760154724121,False
2011-07-07,107621.29191092313,TECL,96774.27909335298,0.0,1.045760154724121,False
2011-07-08,106126.54453524797,TECL,96774.27909335298,0.0,1.045760154724121,False
2011-07-11,100609.17226435049,TECL,96774.27909335298,0.0,1.045760154724121,False
2011-07-12,97443.83981001766,TECL,96774.27909335298,0.0,1.045760154724121,False
2011-07-13,98279.17849491873,TECL,96774.27909335298,0.0,1.045760154724121,False
2011-07-14,95443.54461777641,TECL,96774.27909335298,0.0,1.045760154724121,False
2011-07-15,99510.12317054786,TECL,96774.27909335298,0.0,1.045760154724121,False
2011-07-18,98498.96985545037,TECL,96774.27909335298,0.0,1.045760154724121,False
2011-07-19,106500.23137916677,TECL,96774.27909335298,0.0,1.045760154724121,False
2011-07-20,104851.62312928363,TECL,96774.27909335298,0.0,1.045760154724121,False
2011-07-21,106192.48655796469,TECL,96774.27909335298,0.0,1.045760154724121,False
2011-07-22,110412.91444855105,TECL,96774.27909335298,0.0,1.045760154724121,False
2011-07-25,109709.52902744175,TECL,96774.27909335298,0.0,1.045760154724121,False
2011-07-26,110984.45043340609,TECL,96774.27909335298,0.0,1.045760154724121,False
2011-07-27,100829.00977045436,TECL,96774.27909335298,0.0,1.045760154724121,False
2011-07-28,101466.45316884694,TECL,96774.27909335298,0.0,1.045760154724121,False
2011-07-29,99158.42469179668,TECL,96774.27909335298,0.0,1.045760154724121,False
2011-08-01,98652.81919326528,TECL,96774.27909335298,0.0,1.024636149406433,False
2011-08-02,91838.5486876289,TECL,96774.27909335298,0.0,1.024636149406433,False
2011-08-03,91225.75071645294,CASH,0.0,91225.75071645294,,False
2011-08-04,91225.75071645294,CASH,0.0,91225.75071645294,,False
2011-08-05,91225.75071645294,CASH,0.0,91225.75071645294,,False
2011-08-08,91225.75071645294,CASH,0.0,91225.75071645294,,False
2011-08-09,91225.75071645294,CASH,0.0,91225.75071645294,,False
2011-08-10,91225.75071645294,CASH,0.0,91225.75071645294,,False
2011-08-11,91225.75071645294,CASH,0.0,91225.75071645294,,False
2011-08-12,91225.75071645294,CASH,0.0,91225.75071645294,,False
2011-08-15,91225.75071645294,CASH,0.0,91225.75071645294,,False
2011-08-16,91225.75071645294,CASH,0.0,91225.75071645294,,False
2011-08-17,91225.75071645294,CASH,0.0,91225.75071645294,,False
2011-08-18,91225.75071645294,CASH,0.0,91225.75071645294,,False
2011-08-19,91225.75071645294,CASH,0.0,91225.75071645294,,False
2011-08-22,91225.75071645294,CASH,0.0,91225.75071645294,,False
2011-08-23,91225.75071645294,CASH,0.0,91225.75071645294,,False
2011-08-24,91225.75071645294,CASH,0.0,91225.75071645294,,False
2011-08-25,91225.75071645294,CASH,0.0,91225.75071645294,,False
2011-08-26,91225.75071645294,CASH,0.0,91225.75071645294,,False
2011-08-29,91225.75071645294,CASH,0.0,91225.75071645294,,False
2011-08-30,91225.75071645294,CASH,0.0,91225.75071645294,,False
2011-08-31,91225.75071645294,CASH,0.0,91225.75071645294,,False
2011-09-01,91225.75071645295,GLD,512.8788059860797,0.0,177.8699951171875,False
2011-09-02,93979.91522621666,GLD,512.8788059860797,0.0,177.8699951171875,False
2011-09-06,93805.53048449017,GLD,512.8788059860797,0.0,177.8699951171875,False
2011-09-07,90820.57990312413,GLD,512.8788059860797,0.0,177.8699951171875,False
2011-09-08,93246.49446418362,GLD,512.8788059860797,0.0,177.8699951171875,False
2011-09-09,92677.1986765027,GLD,512.8788059860797,0.0,177.8699951171875,False
2011-09-12,90610.29771445155,GLD,512.8788059860797,0.0,177.8699951171875,False
2011-09-13,91569.37857735448,GLD,512.8788059860797,0.0,177.8699951171875,False
2011-09-14,90887.25665219336,GLD,512.8788059860797,0.0,177.8699951171875,False
2011-09-15,89446.06063360849,GLD,512.8788059860797,0.0,177.8699951171875,False
2011-09-16,90282.05559165684,GLD,512.8788059860797,0.0,177.8699951171875,False
2011-09-19,88887.02461330194,GLD,512.8788059860797,0.0,177.8699951171875,False
2011-09-20,90153.83589016032,GLD,512.8788059860797,0.0,177.8699951171875,False
2011-09-21,89030.63005290528,GLD,512.8788059860797,0.0,177.8699951171875,False
2011-09-22,86702.16371712867,GLD,512.8788059860797,0.0,177.8699951171875,False
2011-09-23,83927.69065913672,CASH,0.0,83927.69065913672,,False
2011-09-26,83927.69065913672,CASH,0.0,83927.69065913672,,False
2011-09-27,83927.69065913672,CASH,0.0,83927.69065913672,,False
2011-09-28,83927.69065913672,CASH,0.0,83927.69065913672,,False
2011-09-29,83927.69065913672,CASH,0.0,83927.69065913672,,False
2011-09-30,83927.69065913672,CASH,0.0,83927.69065913672,,False
2011-10-03,83927.69065913673,GLD,521.4195275745233,0.0,160.9600067138672,False
2011-10-04,82196.57400859862,GLD,521.4195275745233,0.0,160.9600067138672,False
2011-10-05,83145.56136777494,GLD,521.4195275745233,0.0,160.9600067138672,False
2011-10-06,83682.62284467825,GLD,521.4195275745233,0.0,160.9600067138672,False
2011-10-07,82999.55658032194,GLD,521.4195275745233,0.0,160.9600067138672,False
2011-10-10,85132.16849483698,GLD,521.4195275745233,0.0,160.9600067138672,False
2011-10-11,84522.10860232245,GLD,521.4195275745233,0.0,160.9600067138672,False
2011-10-12,85126.94920757366,GLD,521.4195275745233,0.0,160.9600067138672,False
2011-10-13,84626.39091659125,GLD,521.4195275745233,0.0,160.9600067138672,False
2011-10-14,85199.94762318487,GLD,521.4195275745233,0.0,160.9600067138672,False
2011-10-17,84793.2410281752,GLD,521.4195275745233,0.0,160.9600067138672,False
2011-10-18,84386.5344331655,GLD,521.4195275745233,0.0,160.9600067138672,False
2011-10-19,83359.33732734525,GLD,521.4195275745233,0.0,160.9600067138672,False
2011-10-20,82264.3610931771,GLD,521.4195275745233,0.0,160.9600067138672,False
2011-10-21,83176.84526643252,GLD,521.4195275745233,0.0,160.9600067138672,False
2011-10-24,83958.9745577943,GLD,521.4195275745233,0.0,160.9600067138672,False
2011-10-25,86341.85766156997,GLD,521.4195275745233,0.0,160.9600067138672,False
2011-10-26,87285.62573348296,GLD,521.4195275745233,0.0,160.9600067138672,False
2011-10-27,88406.68249150654,GLD,521.4195275745233,0.0,160.9600067138672,False
2011-10-28,88443.17772119684,GLD,521.4195275745233,0.0,160.9600067138672,False
2011-10-31,87254.34183482539,GLD,521.4195275745233,0.0,160.9600067138672,False
2011-11-01,87275.20307141749,IEF,1145.1100553965018,0.0,76.21555907235299,False
2011-11-02,87066.43217916045,IEF,1145.1100553965018,0.0,76.21555907235299,False
2011-11-03,86657.46398508095,IEF,1145.1100553965018,0.0,76.21555907235299,False
2011-11-04,86916.24014528879,IEF,1145.1100553965018,0.0,76.21555907235299,False
2011-11-07,87016.45334571254,IEF,1145.1100553965018,0.0,76.21555907235299,False
2011-11-08,86624.00671593392,IEF,1145.1100553965018,0.0,76.21555907235299,False
2011-11-09,87392.07000865652,IEF,1145.1100553965018,0.0,76.21555907235299,False
2011-11-10,86966.29828224536,IEF,1145.1100553965018,0.0,76.21555907235299,False
2011-11-11,86565.54240706103,IEF,1145.1100553965018,0.0,76.21555907235299,False
2011-11-14,87108.21631671512,IEF,1145.1100553965018,0.0,76.21555907235299,False
2011-11-15,86991.35819097701,IEF,1145.1100553965018,0.0,76.21555907235299,False
2011-11-16,87308.6515290635,IEF,1145.1100553965018,0.0,76.21555907235299,False
2011-11-17,87483.86822566298,IEF,1145.1100553965018,0.0,76.21555907235299,False
2011-11-18,87158.31851117648,IEF,1145.1100553965018,0.0,76.21555907235299,False
2011-11-21,87400.41450006612,IEF,1145.1100553965018,0.0,76.21555907235299,False
2011-11-22,87667.58802068933,IEF,1145.1100553965018,0.0,76.21555907235299,False
2011-11-23,87968.17475295473,IEF,1145.1100553965018,0.0,76.21555907235299,False
2011-11-25,87408.77661447764,IEF,1145.1100553965018,0.0,76.21555907235299,False
2011-11-28,87417.12991738819,IEF,1145.1100553965018,0.0,76.21555907235299,False
2011-11-29,87250.18722019064,IEF,1145.1100553965018,0.0,76.21555907235299,False
2011-11-30,86740.97939118452,IEF,1145.1100553965018,0.0,76.21555907235299,False
2011-12-01,86715.80493294037,IEF,1145.1100553965018,0.0,75.7490330142546,False
2011-12-02,87100.54149937851,IEF,1145.1100553965018,0.0,75.7490330142546,False
2011-12-05,87050.33356690563,IEF,1145.1100553965018,0.0,75.7490330142546,False
2011-12-06,86824.56528929577,IEF,1145.1100553965018,0.0,75.7490330142546,False
2011-12-07,87217.68159314735,IEF,1145.1100553965018,0.0,75.7490330142546,False
2011-12-08,87660.98820646992,IEF,1145.1100553965018,0.0,75.7490330142546,False
2011-12-09,87058.86309983536,IEF,1145.1100553965018,0.0,75.7490330142546,False
2011-12-12,87359.8904071488,IEF,1145.1100553965018,0.0,75.7490330142546,False
2011-12-13,87761.4305059186,IEF,1145.1100553965018,0.0,75.7490330142546,False
2011-12-14,88129.46927803662,IEF,1145.1100553965018,0.0,75.7490330142546,False
2011-12-15,88054.13975632533,IEF,1145.1100553965018,0.0,75.7490330142546,False
2011-12-16,88480.79263283254,IEF,1145.1100553965018,0.0,75.7490330142546,False
2011-12-19,88781.89924365461,IEF,1145.1100553965018,0.0,75.7490330142546,False
2011-12-20,87978.88953812268,IEF,1145.1100553965018,0.0,75.7490330142546,False
2011-12-21,87694.5159676246,IEF,1145.1100553965018,0.0,75.7490330142546,False
2011-12-22,87803.21464347329,IEF,1145.1100553965018,0.0,75.7490330142546,False
2011-12-23,87443.50273976295,IEF,1145.1100553965018,0.0,75.7490330142546,False
2011-12-27,87492.9881291571,IEF,1145.1100553965018,0.0,75.7490330142546,False
2011-12-28,88046.03317544168,IEF,1145.1100553965018,0.0,75.7490330142546,False
2011-12-29,88154.9873848182,IEF,1145.1100553965018,0.0,75.7490330142546,False
2011-12-30,88465.03766911518,IEF,1145.1100553965018,0.0,75.7490330142546,False
2012-01-03,87903.56882791237,GLD,563.7735368151139,0.0,155.9199981689453,False
2012-01-04,88348.95473939714,GLD,563.7735368151139,0.0,155.9199981689453,False
2012-01-05,88952.18795048854,GLD,563.7735368151139,0.0,155.9199981689453,False
2012-01-06,88625.1982668356,GLD,563.7735368151139,0.0,155.9199981689453,False
2012-01-09,88230.55851156532,GLD,563.7735368151139,0.0,155.9199981689453,False
2012-01-10,89437.0335362496,GLD,563.7735368151139,0.0,155.9199981689453,False
2012-01-11,90017.71959096905,GLD,563.7735368151139,0.0,155.9199981689453,False
2012-01-12,90418.00258720844,GLD,563.7735368151139,0.0,155.9199981689453,False
2012-01-13,89786.5703762745,GLD,563.7735368151139,0.0,155.9199981689453,False
2012-01-17,90485.65265882577,GLD,563.7735368151139,0.0,155.9199981689453,False
2012-01-18,91105.80699032299,GLD,563.7735368151139,0.0,155.9199981689453,False
2012-01-19,90891.57029353277,GLD,563.7735368151139,0.0,155.9199981689453,False
2012-01-20,91370.78124082621,GLD,563.7735368151139,0.0,155.9199981689453,False
2012-01-23,91985.29233135433,GLD,563.7735368151139,0.0,155.9199981689453,False
2012-01-24,91336.94760251607,GLD,563.7735368151139,0.0,155.9199981689453,False
2012-01-25,93823.19096447107,GLD,563.7735368151139,0.0,155.9199981689453,False
2012-01-26,94302.40191176451,GLD,563.7735368151139,0.0,155.9199981689453,False
2012-01-27,95260.81520384991,GLD,563.7735368151139,0.0,155.9199981689453,False
2012-01-30,94730.86670284346,GLD,563.7735368151139,0.0,155.9199981689453,False
2012-01-31,95452.4961417667,GLD,563.7735368151139,0.0,155.9199981689453,False
2012-02-01,95593.43952597048,TQQQ,218498.38241978787,0.0,0.43750181794166565,False
2012-02-02,96577.90682225404,TQQQ,218498.38241978787,0.0,0.43750181794166565,False
2012-02-03,100418.19078350661,TQQQ,218498.38241978787,0.0,0.43750181794166565,False
2012-02-06,100320.78137712425,TQQQ,218498.38241978787,0.0,0.43750181794166565,False
2012-02-07,100753.39661359855,TQQQ,218498.38241978787,0.0,0.43750181794166565,False
2012-02-08,102430.12252229628,TQQQ,218498.38241978787,0.0,0.43750181794166565,False
2012-02-09,104701.89950156205,TQQQ,218498.38241978787,0.0,0.43750181794166565,False
2012-02-10,102462.52503624497,TQQQ,218498.38241978787,0.0,0.43750181794166565,False
2012-02-13,105221.1211358494,TQQQ,218498.38241978787,0.0,0.43750181794166565,False
2012-02-14,106140.601074977,TQQQ,218498.38241978787,0.0,0.43750181794166565,False
2012-02-15,103771.41468932887,TQQQ,218498.38241978787,0.0,0.43750181794166565,False
2012-02-16,108109.32729124866,TQQQ,218498.38241978787,0.0,0.43750181794166565,False
2012-02-17,107189.873399158,TQQQ,218498.38241978787,0.0,0.43750181794166565,False
2012-02-21,108098.51777092011,TQQQ,218498.38241978787,0.0,0.43750181794166565,False
2012-02-22,106670.61920607445,TQQQ,218498.38241978787,0.0,0.43750181794166565,False
2012-02-23,108693.36697695189,TQQQ,218498.38241978787,0.0,0.43750181794166565,False
2012-02-24,109753.64417423843,TQQQ,218498.38241978787,0.0,0.43750181794166565,False
2012-02-27,110283.66230533588,TQQQ,218498.38241978787,0.0,0.43750181794166565,False
2012-02-28,113582.89721534851,TQQQ,218498.38241978787,0.0,0.43750181794166565,False
2012-02-29,112090.19362260545,TQQQ,218498.38241978787,0.0,0.43750181794166565,False
2012-03-01,114816.19836724339,TQQQ,218498.38241978787,0.0,0.5130023956298828,False
2012-03-02,114469.95510524971,TQQQ,218498.38241978787,0.0,0.5130023956298828,False
2012-03-05,110900.10450498783,TQQQ,218498.38241978787,0.0,0.5130023956298828,False
2012-03-06,107719.9045537739,TQQQ,218498.38241978787,0.0,0.5130023956298828,False
2012-03-07,110164.69246412952,TQQQ,218498.38241978787,0.0,0.5130023956298828,False
2012-03-08,113658.72013986995,TQQQ,218498.38241978787,0.0,0.5130023956298828,False
2012-03-09,115032.41482085126,TQQQ,218498.38241978787,0.0,0.5130023956298828,False
2012-03-12,115216.42411328746,TQQQ,218498.38241978787,0.0,0.5130023956298828,False
2012-03-13,121706.86384761958,TQQQ,218498.38241978787,0.0,0.5130023956298828,False
2012-03-14,123069.77505530928,TQQQ,218498.38241978787,0.0,0.5130023956298828,False
2012-03-15,124010.81542926087,TQQQ,218498.38241978787,0.0,0.5130023956298828,False
2012-03-16,123740.42113882556,TQQQ,218498.38241978787,0.0,0.5130023956298828,False
2012-03-19,126433.99732247787,TQQQ,218498.38241978787,0.0,0.5130023956298828,False
2012-03-20,127126.24942313279,TQQQ,218498.38241978787,0.0,0.5130023956298828,False
2012-03-21,127083.03738885553,TQQQ,218498.38241978787,0.0,0.5130023956298828,False
2012-03-22,126314.97538719764,TQQQ,218498.38241978787,0.0,0.5130023956298828,False
2012-03-23,126141.9318973116,TQQQ,218498.38241978787,0.0,0.5130023956298828,False
2012-03-26,132729.81359682226,TQQQ,218498.38241978787,0.0,0.5130023956298828,False
2012-03-27,133238.04338152253,TQQQ,218498.38241978787,0.0,0.5130023956298828,False
2012-03-28,131680.365455142,TQQQ,218498.38241978787,0.0,0.5130023956298828,False
2012-03-29,130328.2767912993,TQQQ,218498.38241978787,0.0,0.5130023956298828,False
2012-03-30,129419.58683722255,TQQQ,218498.38241978787,0.0,0.5130023956298828,False
2012-04-02,133367.8878606498,TQQQ,218498.38241978787,0.0,0.5923137068748474,False
2012-04-03,133378.89273375535,TQQQ,218498.38241978787,0.0,0.5923137068748474,False
2012-04-04,127937.73183536343,TQQQ,218498.38241978787,0.0,0.5923137068748474,False
2012-04-05,130274.26826021197,TQQQ,218498.38241978787,0.0,0.5923137068748474,False
2012-04-09,127277.86922513874,TQQQ,218498.38241978787,0.0,0.5923137068748474,False
2012-04-10,121133.39925891247,TQQQ,218498.38241978787,0.0,0.5923137068748474,False
2012-04-11,122885.98716268704,TQQQ,218498.38241978787,0.0,0.5923137068748474,False
2012-04-12,127007.21446433409,TQQQ,218498.38241978787,0.0,0.5923137068748474,False
2012-04-13,121263.23071452124,TQQQ,218498.38241978787,0.0,0.5923137068748474,False
2012-04-16,119066.01989024474,CASH,0.0,119066.01989024474,,False
2012-04-17,119066.01989024474,CASH,0.0,119066.01989024474,,False
2012-04-18,119066.01989024474,CASH,0.0,119066.01989024474,,False
2012-04-19,119066.01989024474,CASH,0.0,119066.01989024474,,False
2012-04-20,119066.01989024474,CASH,0.0,119066.01989024474,,False
2012-04-23,119066.01989024474,CASH,0.0,119066.01989024474,,False
2012-04-24,119066.01989024474,CASH,0.0,119066.01989024474,,False
2012-04-25,119066.01989024474,CASH,0.0,119066.01989024474,,False
2012-04-26,119066.01989024474,CASH,0.0,119066.01989024474,,False
2012-04-27,119066.01989024474,CASH,0.0,119066.01989024474,,False
2012-04-30,119066.01989024474,CASH,0.0,119066.01989024474,,False
2012-05-01,119066.01989024474,TECL,86844.3948682647,0.0,1.3710271120071411,False
2012-05-02,119855.05811914752,TECL,86844.3948682647,0.0,1.3710271120071411,False
2012-05-03,116422.74803501561,TECL,86844.3948682647,0.0,1.3710271120071411,False
2012-05-04,109540.73829902518,CASH,0.0,109540.73829902518,,False
2012-05-07,109540.73829902518,CASH,0.0,109540.73829902518,,False
2012-05-08,109540.73829902518,CASH,0.0,109540.73829902518,,False
2012-05-09,109540.73829902518,CASH,0.0,109540.73829902518,,False
2012-05-10,109540.73829902518,CASH,0.0,109540.73829902518,,False
2012-05-11,109540.73829902518,CASH,0.0,109540.73829902518,,False
2012-05-14,109540.73829902518,CASH,0.0,109540.73829902518,,False
2012-05-15,109540.73829902518,CASH,0.0,109540.73829902518,,False
2012-05-16,109540.73829902518,CASH,0.0,109540.73829902518,,False
2012-05-17,109540.73829902518,CASH,0.0,109540.73829902518,,False
2012-05-18,109540.73829902518,CASH,0.0,109540.73829902518,,False
2012-05-21,109540.73829902518,CASH,0.0,109540.73829902518,,False
2012-05-22,109540.73829902518,CASH,0.0,109540.73829902518,,False
2012-05-23,109540.73829902518,CASH,0.0,109540.73829902518,,False
2012-05-24,109540.73829902518,CASH,0.0,109540.73829902518,,False
2012-05-25,109540.73829902518,CASH,0.0,109540.73829902518,,False
2012-05-29,109540.73829902518,CASH,0.0,109540.73829902518,,False
2012-05-30,109540.73829902518,CASH,0.0,109540.73829902518,,False
2012-05-31,109540.73829902518,CASH,0.0,109540.73829902518,,False
2012-06-01,109540.73829902518,TECL,113392.24694329976,0.0,0.9660337567329407,False
2012-06-04,110236.11438043274,TECL,113392.24694329976,0.0,0.9660337567329407,False
2012-06-05,112785.99114073908,TECL,113392.24694329976,0.0,0.9660337567329407,False
2012-06-06,121414.27508893772,TECL,113392.24694329976,0.0,0.9660337567329407,False
2012-06-07,119534.05753903848,TECL,113392.24694329976,0.0,0.9660337567329407,False
2012-06-08,123114.1839175358,TECL,113392.24694329976,0.0,0.9660337567329407,False
2012-06-11,116417.57829605577,TECL,113392.24694329976,0.0,0.9660337567329407,False
2012-06-12,120409.7828939748,TECL,113392.24694329976,0.0,0.9660337567329407,False
2012-06-13,118014.47094915074,TECL,113392.24694329976,0.0,0.9660337567329407,False
2012-06-14,118400.79850404894,TECL,113392.24694329976,0.0,0.9660337567329407,False
2012-06-15,123191.40887628785,TECL,113392.24694329976,0.0,0.9660337567329407,False
2012-06-18,125586.7343385211,TECL,113392.24694329976,0.0,0.9660337567329407,False
2012-06-19,128986.56551312648,TECL,113392.24694329976,0.0,0.9660337567329407,False
2012-06-20,129939.52934422404,TECL,113392.24694329976,0.0,0.9660337567329407,False
2012-06-21,119585.59942031302,TECL,113392.24694329976,0.0,0.9660337567329407,False
2012-06-22,123449.01014338704,TECL,113392.24694329976,0.0,0.9660337567329407,False
2012-06-25,115078.24635783241,TECL,113392.24694329976,0.0,0.9660337567329407,False
2012-06-26,116082.79262243213,TECL,113392.24694329976,0.0,0.9660337567329407,False
2012-06-27,118581.0937079409,TECL,113392.24694329976,0.0,0.9660337567329407,False
2012-06-28,114846.44982489348,TECL,113392.24694329976,0.0,0.9660337567329407,False
2012-06-29,124556.4914790347,TECL,113392.24694329976,0.0,0.9660337567329407,False
2012-07-02,126230.6361257001,TECL,113392.24694329976,0.0,1.098456859588623,False
2012-07-03,129012.32969505916,TECL,113392.24694329976,0.0,1.098456859588623,False
2012-07-05,129424.39439707164,TECL,113392.24694329976,0.0,1.098456859588623,False
2012-07-06,123449.01014338704,TECL,113392.24694329976,0.0,1.098456859588623,False
2012-07-09,122727.81581041,TECL,113392.24694329976,0.0,1.098456859588623,False
2012-07-10,118864.40508733598,TECL,113392.24694329976,0.0,1.098456859588623,False
2012-07-11,114591.97216071193,CASH,0.0,114591.97216071193,,False
2012-07-12,114591.97216071193,CASH,0.0,114591.97216071193,,False
2012-07-13,114591.97216071193,CASH,0.0,114591.97216071193,,False
2012-07-16,114591.97216071193,CASH,0.0,114591.97216071193,,False
2012-07-17,114591.97216071193,CASH,0.0,114591.97216071193,,False
2012-07-18,114591.97216071193,CASH,0.0,114591.97216071193,,False
2012-07-19,114591.97216071193,CASH,0.0,114591.97216071193,,False
2012-07-20,114591.97216071193,CASH,0.0,114591.97216071193,,False
2012-07-23,114591.97216071193,CASH,0.0,114591.97216071193,,False
2012-07-24,114591.97216071193,CASH,0.0,114591.97216071193,,False
2012-07-25,114591.97216071193,CASH,0.0,114591.97216071193,,False
2012-07-26,114591.97216071193,CASH,0.0,114591.97216071193,,False
2012-07-27,114591.97216071193,CASH,0.0,114591.97216071193,,False
2012-07-30,114591.97216071193,CASH,0.0,114591.97216071193,,False
2012-07-31,114591.97216071193,CASH,0.0,114591.97216071193,,False
2012-08-01,114591.97216071193,TQQQ,228536.25391788565,0.0,0.5014170408248901,False
2012-08-02,113392.60476764535,TQQQ,228536.25391788565,0.0,0.5014170408248901,False
2012-08-03,119841.91780209429,TQQQ,228536.25391788565,0.0,0.5014170408248901,False
2012-08-06,122534.80221752847,TQQQ,228536.25391788565,0.0,0.5014170408248901,False
2012-08-07,125566.96535932182,TQQQ,228536.25391788565,0.0,0.5014170408248901,False
2012-08-08,125363.19652053727,TQQQ,228536.25391788565,0.0,0.5014170408248901,False
2012-08-09,126426.76115685122,TQQQ,228536.25391788565,0.0,0.5014170408248901,False
2012-08-10,126947.29184984368,TQQQ,228536.25391788565,0.0,0.5014170408248901,False
2012-08-13,127716.70685685665,TQQQ,228536.25391788565,0.0,0.5014170408248901,False
2012-08-14,127897.67276522303,TQQQ,228536.25391788565,0.0,0.5014170408248901,False
2012-08-15,128802.9245835442,TQQQ,228536.25391788565,0.0,0.5014170408248901,False
2012-08-16,133419.1558109995,TQQQ,228536.25391788565,0.0,0.5014170408248901,False
2012-08-17,135251.99923610408,TQQQ,228536.25391788565,0.0,0.5014170408248901,False
2012-08-20,135772.48906362982,TQQQ,228536.25391788565,0.0,0.5014170408248901,False
2012-08-21,134211.19666474158,TQQQ,228536.25391788565,0.0,0.5014170408248901,False
2012-08-22,135659.31896451744,TQQQ,228536.25391788565,0.0,0.5014170408248901,False
2012-08-23,132649.72718216432,TQQQ,228536.25391788565,0.0,0.5014170408248901,False
2012-08-24,135003.01956932794,TQQQ,228536.25391788565,0.0,0.5014170408248901,False
2012-08-27,135659.31896451744,TQQQ,228536.25391788565,0.0,0.5014170408248901,False
2012-08-28,135636.74760507725,TQQQ,228536.25391788565,0.0,0.5014170408248901,False
2012-08-29,135681.89032395766,TQQQ,228536.25391788565,0.0,0.5014170408248901,False
2012-08-30,131540.97896150325,TQQQ,228536.25391788565,0.0,0.5014170408248901,False
2012-08-31,134347.01985422758,TQQQ,228536.25391788565,0.0,0.5014170408248901,False
2012-09-04,133781.08762773228,TECL,103456.26742668796,0.0,1.2931172847747803,False
2012-09-05,133475.58816936845,TECL,103456.26742668796,0.0,1.2931172847747803,False
2012-09-06,142217.36680487602,TECL,103456.26742668796,0.0,1.2931172847747803,False
2012-09-07,141653.34408761177,TECL,103456.26742668796,0.0,1.2931172847747803,False
2012-09-10,137305.97986843408,TECL,103456.26742668796,0.0,1.2931172847747803,False
2012-09-11,138339.94957455443,TECL,103456.26742668796,0.0,1.2931172847747803,False
2012-09-12,140149.39039379093,TECL,103456.26742668796,0.0,1.2931172847747803,False
2012-09-13,146024.1779070989,TECL,103456.26742668796,0.0,1.2931172847747803,False
2012-09-14,148186.1437159552,TECL,103456.26742668796,0.0,1.2931172847747803,False
2012-09-17,148491.60617547462,TECL,103456.26742668796,0.0,1.2931172847747803,False
2012-09-18,148656.11537070756,TECL,103456.26742668796,0.0,1.2931172847747803,False
2012-09-19,149196.58215702535,TECL,103456.26742668796,0.0,1.2931172847747803,False
2012-09-20,148468.13657516512,TECL,103456.26742668796,0.0,1.2931172847747803,False
2012-09-21,148938.09589696935,TECL,103456.26742668796,0.0,1.2931172847747803,False
2012-09-24,145930.20084227584,TECL,103456.26742668796,0.0,1.2931172847747803,False
2012-09-25,140008.43712950445,TECL,103456.26742668796,0.0,1.2931172847747803,False
2012-09-26,136930.0099444011,TECL,103456.26742668796,0.0,1.2931172847747803,False
2012-09-27,142522.80459849915,TECL,103456.26742668796,0.0,1.2931172847747803,False
2012-09-28,139115.43302061874,TECL,103456.26742668796,0.0,1.2931172847747803,False
2012-10-01,138316.47997424492,TQQQ,231353.2553278869,0.0,0.5978583693504333,False
2012-10-02,139209.9716492472,TQQQ,231353.2553278869,0.0,0.5978583693504333,False
2012-10-03,141844.3200320822,TQQQ,231353.2553278869,0.0,0.5978583693504333,False
2012-10-04,143493.6681009157,TQQQ,231353.2553278869,0.0,0.5978583693504333,False
2012-10-05,141019.65289252976,TQQQ,231353.2553278869,0.0,0.5978583693504333,False
2012-10-08,137285.7115510152,TQQQ,231353.2553278869,0.0,0.5978583693504333,False
2012-10-09,130230.25207099826,TQQQ,231353.2553278869,0.0,0.5978583693504333,False
2012-10-10,128649.52169168557,TQQQ,231353.2553278869,0.0,0.5978583693504333,False
2012-10-11,127504.20199296363,TQQQ,231353.2553278869,0.0,0.5978583693504333,False
2012-10-12,127251.16157630533,CASH,0.0,127251.16157630533,,False
2012-10-15,127251.16157630533,CASH,0.0,127251.16157630533,,False
2012-10-16,127251.16157630533,CASH,0.0,127251.16157630533,,False
2012-10-17,127251.16157630533,CASH,0.0,127251.16157630533,,False
2012-10-18,127251.16157630533,CASH,0.0,127251.16157630533,,False
2012-10-19,127251.16157630533,CASH,0.0,127251.16157630533,,False
2012-10-22,127251.16157630533,CASH,0.0,127251.16157630533,,False
2012-10-23,127251.16157630533,CASH,0.0,127251.16157630533,,False
2012-10-24,127251.16157630533,CASH,0.0,127251.16157630533,,False
2012-10-25,127251.16157630533,CASH,0.0,127251.16157630533,,False
2012-10-26,127251.16157630533,CASH,0.0,127251.16157630533,,False
2012-10-31,127251.16157630533,CASH,0.0,127251.16157630533,,False
2012-11-01,127251.16157630533,GLD,766.2501111827656,0.0,166.07000732421875,False
2012-11-02,124592.27275513722,GLD,766.2501111827656,0.0,166.07000732421875,False
2012-11-05,125075.00237458917,GLD,766.2501111827656,0.0,166.07000732421875,False
2012-11-06,127427.39582810369,GLD,766.2501111827656,0.0,166.07000732421875,False
2012-11-07,127572.98521995623,GLD,766.2501111827656,0.0,166.07000732421875,False
2012-11-08,128722.36038673038,GLD,766.2501111827656,0.0,166.07000732421875,False
2012-11-09,128592.09927087516,GLD,766.2501111827656,0.0,166.07000732421875,False
2012-11-12,128308.57877914434,GLD,766.2501111827656,0.0,166.07000732421875,False
2012-11-13,128040.39825545966,GLD,766.2501111827656,0.0,166.07000732421875,False
2012-11-14,128071.0431154055,GLD,766.2501111827656,0.0,166.07000732421875,False
2012-11-15,127266.47816025383,GLD,766.2501111827656,0.0,166.07000732421875,False
2012-11-16,127105.57218445279,GLD,766.2501111827656,0.0,166.07000732421875,False
2012-11-19,128630.40242279525,GLD,766.2501111827656,0.0,166.07000732421875,False
2012-11-20,128262.60564320118,GLD,766.2501111827656,0.0,166.07000732421875,False
2012-11-21,128392.8667590564,GLD,766.2501111827656,0.0,166.07000732421875,False
2012-11-23,129963.68182539083,GLD,766.2501111827656,0.0,166.07000732421875,False
2012-11-26,129825.75072551255,GLD,766.2501111827656,0.0,166.07000732421875,False
2012-11-27,129274.06140214588,GLD,766.2501111827656,0.0,166.07000732421875,False
2012-11-28,127618.95835589938,GLD,766.2501111827656,0.0,166.07000732421875,False
2012-11-29,128101.68797535132,GLD,766.2501111827656,0.0,166.07000732421875,False
2012-11-30,127235.83330030799,GLD,766.2501111827656,0.0,166.07000732421875,False
2012-12-03,127297.13471224847,TECL,114584.0489297608,0.0,1.1109498739242554,False
2012-12-04,126412.21876125093,TECL,114584.0489297608,0.0,1.1109498739242554,False
2012-12-05,122664.34345687398,TECL,114584.0489297608,0.0,1.1109498739242554,False
2012-12-06,125006.76722954496,TECL,114584.0489297608,0.0,1.1109498739242554,False
2012-12-07,123106.8287513389,TECL,114584.0489297608,0.0,1.1109498739242554,False
2012-12-10,124147.89991275573,TECL,114584.0489297608,0.0,1.1109498739242554,False
2012-12-11,129144.98958152095,TECL,114584.0489297608,0.0,1.1109498739242554,False
2012-12-12,128286.13592421479,TECL,114584.0489297608,0.0,1.1109498739242554,False
2012-12-13,125657.45036491354,TECL,114584.0489297608,0.0,1.1109498739242554,False
2012-12-14,121961.5767125718,TECL,114584.0489297608,0.0,1.1109498739242554,False
2012-12-17,126412.21876125093,TECL,114584.0489297608,0.0,1.1109498739242554,False
2012-12-18,131825.77240923885,TECL,114584.0489297608,0.0,1.1109498739242554,False
2012-12-19,130003.8842172763,TECL,114584.0489297608,0.0,1.1109498739242554,False
2012-12-20,130680.60232737016,TECL,114584.0489297608,0.0,1.1109498739242554,False
2012-12-21,127375.17133900891,TECL,114584.0489297608,0.0,1.1109498739242554,False
2012-12-24,125943.78044895915,TECL,114584.0489297608,0.0,1.1109498739242554,False
2012-12-26,124017.73869861249,TECL,114584.0489297608,0.0,1.1109498739242554,False
2012-12-27,123523.19711418013,TECL,114584.0489297608,0.0,1.1109498739242554,False
2012-12-28,119515.12231686432,TECL,114584.0489297608,0.0,1.1109498739242554,False
2012-12-31,126828.6554215075,TECL,114584.0489297608,0.0,1.1109498739242554,False
2013-01-02,138202.36059188316,TQQQ,246600.501205101,0.0,0.5604301691055298,False
2013-01-03,136200.33189611253,TQQQ,246600.501205101,0.0,0.5604301691055298,False
2013-01-04,134857.42961771297,TQQQ,246600.501205101,0.0,0.5604301691055298,False
2013-01-07,135003.9299188065,TQQQ,246600.501205101,0.0,0.5604301691055298,False
2013-01-08,134222.39409965888,TQQQ,246600.501205101,0.0,0.5604301691055298,False
2013-01-09,135589.9605202512,TQQQ,246600.501205101,0.0,0.5604301691055298,False
2013-01-10,137982.7350777927,TQQQ,246600.501205101,0.0,0.5604301691055298,False
2013-01-11,138495.41998821133,TQQQ,246600.501205101,0.0,0.5604301691055298,False
2013-01-14,136712.94331385478,TQQQ,246600.501205101,0.0,0.5604301691055298,False
2013-01-15,134686.30927003254,TQQQ,246600.501205101,0.0,0.5604301691055298,False
2013-01-16,136200.33189611253,TQQQ,246600.501205101,0.0,0.5604301691055298,False
2013-01-17,138300.12055000226,TQQQ,246600.501205101,0.0,0.5604301691055298,False
2013-01-18,137518.87870156017,TQQQ,246600.501205101,0.0,0.5604301691055298,False
2013-01-22,138080.48033737653,TQQQ,246600.501205101,0.0,0.5604301691055298,False
2013-01-23,140326.84278503616,TQQQ,246600.501205101,0.0,0.5604301691055298,False
2013-01-24,134735.2700910361,TQQQ,246600.501205101,0.0,0.5604301691055298,False
2013-01-25,136737.34288241254,TQQQ,246600.501205101,0.0,0.5604301691055298,False
2013-01-28,137714.11934562813,TQQQ,246600.501205101,0.0,0.5604301691055298,False
2013-01-29,137714.11934562813,TQQQ,246600.501205101,0.0,0.5604301691055298,False
2013-01-30,136957.2182716027,TQQQ,246600.501205101,0.0,0.5604301691055298,False
2013-01-31,136078.18706797095,TQQQ,246600.501205101,0.0,0.5604301691055298,False
2013-02-01,140546.4682991266,TECL,117859.3103203813,0.0,1.1924935579299927,False
2013-02-04,134737.26000391744,TECL,117859.3103203813,0.0,1.1924935579299927,False
2013-02-05,139877.20013841253,TECL,117859.3103203813,0.0,1.1924935579299927,False
2013-02-06,139368.56476622462,TECL,117859.3103203813,0.0,1.1924935579299927,False
2013-02-07,139422.13712891596,TECL,117859.3103203813,0.0,1.1924935579299927,False
2013-02-08,142929.11072101252,TECL,117859.3103203813,0.0,1.1924935579299927,False
2013-02-11,143384.15968058442,TECL,117859.3103203813,0.0,1.1924935579299927,False
2013-02-12,142233.02125414112,TECL,117859.3103203813,0.0,1.1924935579299927,False
2013-02-13,142099.16762199832,TECL,117859.3103203813,0.0,1.1924935579299927,False
2013-02-14,141108.64793415656,TECL,117859.3103203813,0.0,1.1924935579299927,False
2013-02-15,140733.89429396077,TECL,117859.3103203813,0.0,1.1924935579299927,False
2013-02-19,143437.7179933511,TECL,117859.3103203813,0.0,1.1924935579299927,False
2013-02-20,137521.39307260857,TECL,117859.3103203813,0.0,1.1924935579299927,False
2013-02-21,134282.1407947223,TECL,117859.3103203813,0.0,1.1924935579299927,False
2013-02-22,139154.40176478104,TECL,117859.3103203813,0.0,1.1924935579299927,False
2013-02-25,133184.50448134713,TECL,117859.3103203813,0.0,1.1924935579299927,False
2013-02-26,135647.4281726845,TECL,117859.3103203813,0.0,1.1924935579299927,False
2013-02-27,139127.62260839768,TECL,117859.3103203813,0.0,1.1924935579299927,False
2013-02-28,138137.10292055592,TECL,117859.3103203813,0.0,1.1924935579299927,False
2013-03-01,138726.07576189388,SHY,2033.9697834458298,0.0,68.20459029970075,False
2013-03-04,138709.5788231863,SHY,2033.9697834458298,0.0,68.20459029970075,False
2013-03-05,138693.25405366826,SHY,2033.9697834458298,0.0,68.20459029970075,False
2013-03-06,138676.74146321617,SHY,2033.9697834458298,0.0,68.20459029970075,False
2013-03-07,138643.91975499058,SHY,2033.9697834458298,0.0,68.20459029970075,False
2013-03-08,138660.41669369812,SHY,2033.9697834458298,0.0,68.20459029970075,False
2013-03-11,138643.91975499058,SHY,2033.9697834458298,0.0,68.20459029970075,False
2013-03-12,138676.74146321617,SHY,2033.9697834458298,0.0,68.20459029970075,False
2013-03-13,138643.91975499058,SHY,2033.9697834458298,0.0,68.20459029970075,False
2013-03-14,138643.91975499058,SHY,2033.9697834458298,0.0,68.20459029970075,False
2013-03-15,138693.25405366826,SHY,2033.9697834458298,0.0,68.20459029970075,False
2013-03-18,138726.07576189388,SHY,2033.9697834458298,0.0,68.20459029970075,False
2013-03-19,138709.5788231863,SHY,2033.9697834458298,0.0,68.20459029970075,False
2013-03-20,138693.25405366826,SHY,2033.9697834458298,0.0,68.20459029970075,False
2013-03-21,138709.5788231863,SHY,2033.9697834458298,0.0,68.20459029970075,False
2013-03-22,138676.74146321617,SHY,2033.9697834458298,0.0,68.20459029970075,False
2013-03-25,138676.74146321617,SHY,2033.9697834458298,0.0,68.20459029970075,False
2013-03-26,138693.25405366826,SHY,2033.9697834458298,0.0,68.20459029970075,False
2013-03-27,138726.07576189388,SHY,2033.9697834458298,0.0,68.20459029970075,False
2013-03-28,138742.54139711242,SHY,2033.9697834458298,0.0,68.20459029970075,False
2013-04-01,138755.5793002846,SHY,2033.9697834458298,0.0,68.21268561918512,False
2013-04-02,138755.5793002846,SHY,2033.9697834458298,0.0,68.21268561918512,False
2013-04-03,138739.20757553302,SHY,2033.9697834458298,0.0,68.21268561918512,False
2013-04-04,138788.5105707217,SHY,2033.9697834458298,0.0,68.21268561918512,False
2013-04-05,138788.5105707217,SHY,2033.9697834458298,0.0,68.21268561918512,False
2013-04-08,138755.5793002846,SHY,2033.9697834458298,0.0,68.21268561918512,False
2013-04-09,138755.5793002846,SHY,2033.9697834458298,0.0,68.21268561918512,False
2013-04-10,138755.5793002846,SHY,2033.9697834458298,0.0,68.21268561918512,False
2013-04-11,138755.5793002846,SHY,2033.9697834458298,0.0,68.21268561918512,False
2013-04-12,138772.06058724763,SHY,2033.9697834458298,0.0,68.21268561918512,False
2013-04-15,138788.5105707217,SHY,2033.9697834458298,0.0,68.21268561918512,False
2013-04-16,138788.5105707217,SHY,2033.9697834458298,0.0,68.21268561918512,False
2013-04-17,138788.5105707217,SHY,2033.9697834458298,0.0,68.21268561918512,False
2013-04-18,138788.5105707217,SHY,2033.9697834458298,0.0,68.21268561918512,False
2013-04-19,138788.5105707217,SHY,2033.9697834458298,0.0,68.21268561918512,False
2013-04-22,138804.9762059403,SHY,2033.9697834458298,0.0,68.21268561918512,False
2013-04-23,138788.5105707217,SHY,2033.9697834458298,0.0,68.21268561918512,False
2013-04-24,138804.9762059403,SHY,2033.9697834458298,0.0,68.21268561918512,False
2013-04-25,138788.5105707217,SHY,2033.9697834458298,0.0,68.21268561918512,False
2013-04-26,138821.33227894732,SHY,2033.9697834458298,0.0,68.21268561918512,False
2013-04-29,138854.10703193946,SHY,2033.9697834458298,0.0,68.21268561918512,False
2013-04-30,138837.6413967209,SHY,2033.9697834458298,0.0,68.21268561918512,False
2013-05-01,138865.6110641501,TECL,107976.19328498612,0.0,1.2860761880874634,False
2013-05-02,143746.26266794832,TECL,107976.19328498612,0.0,1.2860761880874634,False
2013-05-03,147768.50911632835,TECL,107976.19328498612,0.0,1.2860761880874634,False
2013-05-06,149853.2202226807,TECL,107976.19328498612,0.0,1.2860761880874634,False
2013-05-07,149485.30655539947,TECL,107976.19328498612,0.0,1.2860761880874634,False
2013-05-08,152869.88575131778,TECL,107976.19328498612,0.0,1.2860761880874634,False
2013-05-09,151643.59267214892,TECL,107976.19328498612,0.0,1.2860761880874634,False
2013-05-10,153483.01941913695,TECL,107976.19328498612,0.0,1.2860761880874634,False
2013-05-13,152183.1384578057,TECL,107976.19328498612,0.0,1.2860761880874634,False
2013-05-14,153581.12801417656,TECL,107976.19328498612,0.0,1.2860761880874634,False
2013-05-15,154758.37966759093,TECL,107976.19328498612,0.0,1.2860761880874634,False
2013-05-16,157235.4994105712,TECL,107976.19328498612,0.0,1.2860761880874634,False
2013-05-17,162116.13814260415,TECL,107976.19328498612,0.0,1.2860761880874634,False
2013-05-20,161944.45453716745,TECL,107976.19328498612,0.0,1.2860761880874634,False
2013-05-21,160718.17432976386,TECL,107976.19328498612,0.0,1.2860761880874634,False
2013-05-22,155518.6762279695,TECL,107976.19328498612,0.0,1.2860761880874634,False
2013-05-23,155469.62193044968,TECL,107976.19328498612,0.0,1.2860761880874634,False
2013-05-24,154488.5745953493,TECL,107976.19328498612,0.0,1.2860761880874634,False
2013-05-28,156916.62716904448,TECL,107976.19328498612,0.0,1.2860761880874634,False
2013-05-29,155469.62193044968,TECL,107976.19328498612,0.0,1.2860761880874634,False
2013-05-30,157922.22096055272,TECL,107976.19328498612,0.0,1.2860761880874634,False
2013-05-31,153728.26516320542,TECL,107976.19328498612,0.0,1.2860761880874634,False
2013-06-03,156033.701300749,TECL,107976.19328498612,0.0,1.4237236976623535,False
2013-06-04,154096.1530869561,TECL,107976.19328498612,0.0,1.4237236976623535,False
2013-06-05,149607.94873508165,TECL,107976.19328498612,0.0,1.4237236976623535,False
2013-06-06,151202.12973800118,TECL,107976.19328498612,0.0,1.4237236976623535,False
2013-06-07,154905.51681661978,TECL,107976.19328498612,0.0,1.4237236976623535,False
2013-06-10,155616.78482300913,TECL,107976.19328498612,0.0,1.4237236976623535,False
2013-06-11,151079.43607125783,TECL,107976.19328498612,0.0,1.4237236976623535,False
2013-06-12,147621.30760847303,TECL,107976.19328498612,0.0,1.4237236976623535,False
2013-06-13,152722.72285875835,TECL,107976.19328498612,0.0,1.4237236976623535,False
2013-06-14,149706.0315865907,TECL,107976.19328498612,0.0,1.4237236976623535,False
2013-06-17,153703.77019385874,TECL,107976.19328498612,0.0,1.4237236976623535,False
2013-06-18,157161.89865664355,TECL,107976.19328498612,0.0,1.4237236976623535,False
2013-06-19,151741.68839542326,TECL,107976.19328498612,0.0,1.4237236976623535,False
2013-06-20,141430.003950149,CASH,0.0,141430.003950149,,False
2013-06-21,141430.003950149,CASH,0.0,141430.003950149,,False
2013-06-24,141430.003950149,CASH,0.0,141430.003950149,,False
2013-06-25,141430.003950149,CASH,0.0,141430.003950149,,False
2013-06-26,141430.003950149,CASH,0.0,141430.003950149,,False
2013-06-27,141430.003950149,CASH,0.0,141430.003950149,,False
2013-06-28,141430.003950149,CASH,0.0,141430.003950149,,False
2013-07-01,141430.003950149,TECL,107464.8293952917,0.0,1.3160585165023804,False
2013-07-02,142674.91964130374,TECL,107464.8293952917,0.0,1.3160585165023804,False
2013-07-03,144749.73215360646,TECL,107464.8293952917,0.0,1.3160585165023804,False
2013-07-05,147654.492730281,TECL,107464.8293952917,0.0,1.3160585165023804,False
2013-07-08,147141.90676205308,TECL,107464.8293952917,0.0,1.3160585165023804,False
2013-07-09,148899.4212322417,TECL,107464.8293952917,0.0,1.3160585165023804,False
2013-07-10,150168.72869795174,TECL,107464.8293952917,0.0,1.3160585165023804,False
2013-07-11,158004.24038207508,TECL,107464.8293952917,0.0,1.3160585165023804,False
2013-07-12,158053.0751744095,TECL,107464.8293952917,0.0,1.3160585165023804,False
2013-07-15,159078.28554328321,TECL,107464.8293952917,0.0,1.3160585165023804,False
2013-07-16,159712.89443831734,TECL,107464.8293952917,0.0,1.3160585165023804,False
2013-07-17,160176.70966824066,TECL,107464.8293952917,0.0,1.3160585165023804,False
2013-07-18,158834.17563564092,TECL,107464.8293952917,0.0,1.3160585165023804,False
2013-07-19,150925.42457382192,TECL,107464.8293952917,0.0,1.3160585165023804,False
2013-07-22,152414.41174020106,TECL,107464.8293952917,0.0,1.3160585165023804,False
2013-07-23,150461.6477763165,TECL,107464.8293952917,0.0,1.3160585165023804,False
2013-07-24,153293.16897529538,TECL,107464.8293952917,0.0,1.3160585165023804,False
2013-07-25,153366.36992057317,TECL,107464.8293952917,0.0,1.3160585165023804,False
2013-07-26,154147.50881422247,TECL,107464.8293952917,0.0,1.3160585165023804,False
2013-07-29,153927.82911355337,TECL,107464.8293952917,0.0,1.3160585165023804,False
2013-07-30,156100.27277810703,TECL,107464.8293952917,0.0,1.3160585165023804,False
2013-07-31,154831.0037448149,TECL,107464.8293952917,0.0,1.3160585165023804,False
2013-08-01,159688.50266376208,TECL,107464.8293952917,0.0,1.4407597780227661,False
2013-08-02,161543.6610970076,TECL,107464.8293952917,0.0,1.4407597780227661,False
2013-08-05,162837.36033727293,TECL,107464.8293952917,0.0,1.4407597780227661,False
2013-08-06,160420.81957588295,TECL,107464.8293952917,0.0,1.4407597780227661,False
2013-08-07,158980.6415802263,TECL,107464.8293952917,0.0,1.4407597780227661,False
2013-08-08,160713.71303263577,TECL,107464.8293952917,0.0,1.4407597780227661,False
2013-08-09,158101.88434513198,TECL,107464.8293952917,0.0,1.4407597780227661,False
2013-08-12,161177.50264094718,TECL,107464.8293952917,0.0,1.4407597780227661,False
2013-08-13,164350.7905214312,TECL,107464.8293952917,0.0,1.4407597780227661,False
2013-08-14,164253.10812595638,TECL,107464.8293952917,0.0,1.4407597780227661,False
2013-08-15,156051.48922899648,TECL,107464.8293952917,0.0,1.4407597780227661,False
2013-08-16,155660.91337676882,TECL,107464.8293952917,0.0,1.4407597780227661,False
2013-08-19,154367.21413650352,TECL,107464.8293952917,0.0,1.4407597780227661,False
2013-08-20,155026.24042770488,TECL,107464.8293952917,0.0,1.4407597780227661,False
2013-08-21,153537.25326132574,TECL,107464.8293952917,0.0,1.4407597780227661,False
2013-08-22,155856.1884920767,TECL,107464.8293952917,0.0,1.4407597780227661,False
2013-08-23,159297.96524395232,TECL,107464.8293952917,0.0,1.4407597780227661,False
2013-08-26,157149.90054314796,TECL,107464.8293952917,0.0,1.4407597780227661,False
2013-08-27,148704.14611693384,TECL,107464.8293952917,0.0,1.4407597780227661,False
2013-08-28,149094.6835367436,TECL,107464.8293952917,0.0,1.4407597780227661,False
2013-08-29,151389.21418213332,TECL,107464.8293952917,0.0,1.4407597780227661,False
2013-08-30,149338.76782277395,TECL,107464.8293952917,0.0,1.4407597780227661,False
2013-09-03,149582.8905412222,TECL,107464.8293952917,0.0,1.3896524906158447,False
2013-09-04,153805.76775432925,TECL,107464.8293952917,0.0,1.3896524906158447,False
2013-09-05,153878.99432121895,TECL,107464.8293952917,0.0,1.3896524906158447,False
2013-09-06,154513.641648671,TECL,107464.8293952917,0.0,1.3896524906158447,False
2013-09-09,159761.72923065178,TECL,107464.8293952917,0.0,1.3896524906158447,False
2013-09-10,162959.434507303,TECL,107464.8293952917,0.0,1.3896524906158447,False
2013-09-11,160909.00095874962,TECL,107464.8293952917,0.0,1.3896524906158447,False
2013-09-12,161421.61254858944,TECL,107464.8293952917,0.0,1.3896524906158447,False
2013-09-13,161568.04006075693,TECL,107464.8293952917,0.0,1.3896524906158447,False
2013-09-16,160469.6415574114,TECL,107464.8293952917,0.0,1.3896524906158447,False
2013-09-17,163325.5417201396,TECL,107464.8293952917,0.0,1.3896524906158447,False
2013-09-18,169232.7324581575,TECL,107464.8293952917,0.0,1.3896524906158447,False
2013-09-19,170013.85854100087,TECL,107464.8293952917,0.0,1.3896524906158447,False
2013-09-20,166230.340729232,TECL,107464.8293952917,0.0,1.3896524906158447,False
2013-09-23,167255.53828729977,TECL,107464.8293952917,0.0,1.3896524906158447,False
2013-09-24,166083.87478464664,TECL,107464.8293952917,0.0,1.3896524906158447,False
2013-09-25,164472.81344823743,TECL,107464.8293952917,0.0,1.3896524906158447,False
2013-09-26,166376.7938630114,TECL,107464.8293952917,0.0,1.3896524906158447,False
2013-09-27,162983.8262818583,TECL,107464.8293952917,0.0,1.3896524906158447,False
2013-09-30,160591.66448421762,TECL,107464.8293952917,0.0,1.3896524906158447,False
2013-10-01,164668.07575273933,TECL,107464.8293952917,0.0,1.494364857673645,False
2013-10-02,164814.5416973247,TECL,107464.8293952917,0.0,1.494364857673645,False
2013-10-03,160347.55457657535,TECL,107464.8293952917,0.0,1.494364857673645,False
2013-10-04,162666.51542893823,TECL,107464.8293952917,0.0,1.494364857673645,False
2013-10-07,159908.2079860431,TECL,107464.8293952917,0.0,1.494364857673645,False
2013-10-08,152145.9100580035,TECL,107464.8293952917,0.0,1.494364857673645,False
2013-10-09,154440.44070339322,TECL,107464.8293952917,0.0,1.494364857673645,False
2013-10-10,161885.36372448294,TECL,107464.8293952917,0.0,1.494364857673645,False
2013-10-11,165693.31174322497,TECL,107464.8293952917,0.0,1.494364857673645,False
2013-10-14,168061.0561446984,TECL,107464.8293952917,0.0,1.494364857673645,False
2013-10-15,165107.49920810736,TECL,107464.8293952917,0.0,1.494364857673645,False
2013-10-16,169525.6387257163,TECL,107464.8293952917,0.0,1.494364857673645,False
2013-10-17,169623.2826887732,TECL,107464.8293952917,0.0,1.494364857673645,False
2013-10-18,178191.08566340548,TECL,107464.8293952917,0.0,1.494364857673645,False
2013-10-21,181315.53875155508,TECL,107464.8293952917,0.0,1.494364857673645,False
2013-10-22,180949.43153871852,TECL,107464.8293952917,0.0,1.494364857673645,False
2013-10-23,178361.96900415808,TECL,107464.8293952917,0.0,1.494364857673645,False
2013-10-24,179606.84626289492,TECL,107464.8293952917,0.0,1.494364857673645,False
2013-10-25,182462.784858041,TECL,107464.8293952917,0.0,1.494364857673645,False
2013-10-28,184171.5029683131,TECL,107464.8293952917,0.0,1.494364857673645,False
2013-10-29,187564.40649543641,TECL,107464.8293952917,0.0,1.494364857673645,False
2013-10-30,186197.45506666947,TECL,107464.8293952917,0.0,1.494364857673645,False
2013-10-31,184854.98508809955,TECL,107464.8293952917,0.0,1.494364857673645,False
2013-11-01,185269.92709327055,TQQQ,181168.80706478044,0.0,1.0226370096206665,False
2013-11-04,186167.02347777877,TQQQ,181168.80706478044,0.0,1.0226370096206665,False
2013-11-05,186956.22122641135,TQQQ,181168.80706478044,0.0,1.0226370096206665,False
2013-11-06,186633.34600496598,TQQQ,181168.80706478044,0.0,1.0226370096206665,False
2013-11-07,176282.73309909683,TQQQ,181168.80706478044,0.0,1.0226370096206665,False
2013-11-08,183243.00500075606,TQQQ,181168.80706478044,0.0,1.0226370096206665,False
2013-11-11,182363.85572721914,TQQQ,181168.80706478044,0.0,1.0226370096206665,False
2013-11-12,183260.9305147226,TQQQ,181168.80706478044,0.0,1.0226370096206665,False
2013-11-13,189826.4415645297,TQQQ,181168.80706478044,0.0,1.0226370096206665,False
2013-11-14,191297.37036601477,TQQQ,181168.80706478044,0.0,1.0226370096206665,False
2013-11-15,192624.851861758,TQQQ,181168.80706478044,0.0,1.0226370096206665,False
2013-11-18,187297.04355882804,TQQQ,181168.80706478044,0.0,1.0226370096206665,False
2013-11-19,185449.39820298366,TQQQ,181168.80706478044,0.0,1.0226370096206665,False
2013-11-20,184157.81092918303,TQQQ,181168.80706478044,0.0,1.0226370096206665,False
2013-11-21,189790.43935756318,TQQQ,181168.80706478044,0.0,1.0226370096206665,False
2013-11-22,192786.2030844616,TQQQ,181168.80706478044,0.0,1.0226370096206665,False
2013-11-25,194059.90803830524,TQQQ,181168.80706478044,0.0,1.0226370096206665,False
2013-11-26,197270.95070884028,TQQQ,181168.80706478044,0.0,1.0226370096206665,False
2013-11-27,201217.43618311308,TQQQ,181168.80706478044,0.0,1.0226370096206665,False
2013-11-29,204518.1064234808,TQQQ,181168.80706478044,0.0,1.0226370096206665,False
2013-12-02,203244.4230666419,TECL,109830.78698866858,0.0,1.8505232334136963,False
2013-12-03,205664.3221769553,TECL,109830.78698866858,0.0,1.8505232334136963,False
2013-12-04,206088.38649844652,TECL,109830.78698866858,0.0,1.8505232334136963,False
2013-12-05,204017.72607137306,TECL,109830.78698866858,0.0,1.8505232334136963,False
2013-12-06,208707.83373694686,TECL,109830.78698866858,0.0,1.8505232334136963,False
2013-12-09,210628.75123756705,TECL,109830.78698866858,0.0,1.8505232334136963,False
2013-12-10,209007.2279399028,TECL,109830.78698866858,0.0,1.8505232334136963,False
2013-12-11,203743.35230493473,TECL,109830.78698866858,0.0,1.8505232334136963,False
2013-12-12,198928.54833512547,TECL,109830.78698866858,0.0,1.8505232334136963,False
2013-12-13,197656.26372070113,TECL,109830.78698866858,0.0,1.8505232334136963,False
2013-12-16,202920.11316996903,TECL,109830.78698866858,0.0,1.8505232334136963,False
2013-12-17,202296.44834889047,TECL,109830.78698866858,0.0,1.8505232334136963,False
2013-12-18,207809.7034994794,TECL,109830.78698866858,0.0,1.8505232334136963,False
2013-12-19,208682.86567182958,TECL,109830.78698866858,0.0,1.8505232334136963,False
2013-12-20,213123.47598613176,TECL,109830.78698866858,0.0,1.8505232334136963,False
2013-12-23,221680.4129037634,TECL,109830.78698866858,0.0,1.8505232334136963,False
2013-12-24,224499.38208475057,TECL,109830.78698866858,0.0,1.8505232334136963,False
2013-12-26,225846.55780167668,TECL,109830.78698866858,0.0,1.8505232334136963,False
2013-12-27,224773.78203688905,TECL,109830.78698866858,0.0,1.8505232334136963,False
2013-12-30,223676.05129983425,TECL,109830.78698866858,0.0,1.8505232334136963,False
2013-12-31,227767.48839514697,TECL,109830.78698866858,0.0,1.8505232334136963,False
2014-01-02,220782.295759146,TQQQ,183958.74090053004,0.0,1.2001729011535645,False
2014-01-03,215973.59701604975,TQQQ,183958.74090053004,0.0,1.2001729011535645,False
2014-01-06,213678.53376030028,TQQQ,183958.74090053004,0.0,1.2001729011535645,False
2014-01-07,219215.9089468116,TQQQ,183958.74090053004,0.0,1.2001729011535645,False
2014-01-08,220855.2116485873,TQQQ,183958.74090053004,0.0,1.2001729011535645,False
2014-01-09,218578.32802361884,TQQQ,183958.74090053004,0.0,1.2001729011535645,False
2014-01-10,220764.116128365,TQQQ,183958.74090053004,0.0,1.2001729011535645,False
2014-01-13,210946.28218217447,TQQQ,183958.74090053004,0.0,1.2001729011535645,False
2014-01-14,223022.77626337085,TQQQ,183958.74090053004,0.0,1.2001729011535645,False
2014-01-15,228232.17248973664,TQQQ,183958.74090053004,0.0,1.2001729011535645,False
2014-01-16,228705.85165121985,TQQQ,183958.74090053004,0.0,1.2001729011535645,False
2014-01-17,224643.96512313798,TQQQ,183958.74090053004,0.0,1.2001729011535645,False
2014-01-21,229671.27995701326,TQQQ,183958.74090053004,0.0,1.2001729011535645,False
2014-01-22,231802.2660143267,TQQQ,183958.74090053004,0.0,1.2001729011535645,False
2014-01-23,229015.4755438579,TQQQ,183958.74090053004,0.0,1.2001729011535645,False
2014-01-24,215445.22545508787,TQQQ,183958.74090053004,0.0,1.2001729011535645,False
2014-01-27,209179.43698025125,TQQQ,183958.74090053004,0.0,1.2001729011535645,False
2014-01-28,209106.49916121917,TQQQ,183958.74090053004,0.0,1.2001729011535645,False
2014-01-29,203119.71209841434,CASH,0.0,203119.71209841434,,False
2014-01-30,203119.71209841434,CASH,0.0,203119.71209841434,,False
2014-01-31,203119.71209841434,CASH,0.0,203119.71209841434,,False
2014-02-03,203119.71209841434,TECL,114397.14823251244,0.0,1.7755662202835083,False
2014-02-04,206471.68198983834,TECL,114397.14823251244,0.0,1.7755662202835083,False
2014-02-05,206263.81010805437,TECL,114397.14823251244,0.0,1.7755662202835083,False
2014-02-06,213331.5904607375,TECL,114397.14823251244,0.0,1.7755662202835083,False
2014-02-07,222296.1829835457,TECL,114397.14823251244,0.0,1.7755662202835083,False
2014-02-10,224296.93791316415,TECL,114397.14823251244,0.0,1.7755662202835083,False
2014-02-11,232014.28550806566,TECL,114397.14823251244,0.0,1.7755662202835083,False
2014-02-12,234223.07596590128,TECL,114397.14823251244,0.0,1.7755662202835083,False
2014-02-13,240511.2174363703,TECL,114397.14823251244,0.0,1.7755662202835083,False
2014-02-14,241108.77238723368,TECL,114397.14823251244,0.0,1.7755662202835083,False
2014-02-18,241836.39897809285,TECL,114397.14823251244,0.0,1.7755662202835083,False
2014-02-19,238614.418903448,TECL,114397.14823251244,0.0,1.7755662202835083,False
2014-02-20,241914.34922911148,TECL,114397.14823251244,0.0,1.7755662202835083,False
2014-02-21,239056.04607786855,TECL,114397.14823251244,0.0,1.7755662202835083,False
2014-02-24,241654.53324198636,TECL,114397.14823251244,0.0,1.7755662202835083,False
2014-02-25,239393.89413922894,TECL,114397.14823251244,0.0,1.7755662202835083,False
2014-02-26,239627.77216669044,TECL,114397.14823251244,0.0,1.7755662202835083,False
2014-02-27,245266.34639494104,TECL,114397.14823251244,0.0,1.7755662202835083,False
2014-02-28,244123.08513813606,TECL,114397.14823251244,0.0,1.7755662202835083,False
2014-03-03,238250.55105920736,TECL,114397.14823251244,0.0,2.1339962482452393,False
2014-03-04,248436.4778246641,TECL,114397.14823251244,0.0,2.1339962482452393,False
2014-03-05,249527.78133892518,TECL,114397.14823251244,0.0,2.1339962482452393,False
2014-03-06,249605.73158994384,TECL,114397.14823251244,0.0,2.1339962482452393,False
2014-03-07,247968.6944953356,TECL,114397.14823251244,0.0,2.1339962482452393,False
2014-03-10,246435.68198343736,TECL,114397.14823251244,0.0,2.1339962482452393,False
2014-03-11,244876.62241425333,TECL,114397.14823251244,0.0,2.1339962482452393,False
2014-03-12,246331.71194953847,TECL,114397.14823251244,0.0,2.1339962482452393,False
2014-03-13,235937.95421390602,TECL,114397.14823251244,0.0,2.1339962482452393,False
2014-03-14,231858.4122804339,TECL,114397.14823251244,0.0,2.1339962482452393,False
2014-03-17,239653.68285194854,TECL,114397.14823251244,0.0,2.1339962482452393,False
2014-03-18,249423.83857943182,TECL,114397.14823251244,0.0,2.1339962482452393,False
2014-03-19,245786.0329180024,TECL,114397.14823251244,0.0,2.1339962482452393,False
2014-03-20,252048.2909776188,TECL,114397.14823251244,0.0,2.1339962482452393,False
2014-03-21,248514.37352687167,TECL,114397.14823251244,0.0,2.1339962482452393,False
2014-03-24,247293.1347446425,TECL,114397.14823251244,0.0,2.1339962482452393,False
2014-03-25,251840.48728184865,TECL,114397.14823251244,0.0,2.1339962482452393,False
2014-03-26,243395.4858216824,TECL,114397.14823251244,0.0,2.1339962482452393,False
2014-03-27,239809.6379027969,TECL,114397.14823251244,0.0,2.1339962482452393,False
2014-03-28,242200.21227352243,TECL,114397.14823251244,0.0,2.1339962482452393,False
2014-03-31,248306.48800788494,TECL,114397.14823251244,0.0,2.1339962482452393,False
2014-04-01,256959.2931638213,TQQQ,200303.2878642266,0.0,1.2828510999679565,False
2014-04-02,258982.31002880307,TQQQ,200303.2878642266,0.0,1.2828510999679565,False
2014-04-03,252873.71744492435,TQQQ,200303.2878642266,0.0,1.2828510999679565,False
2014-04-04,236402.54971071563,CASH,0.0,236402.54971071563,,False
2014-04-07,236402.54971071563,CASH,0.0,236402.54971071563,,False
2014-04-08,236402.54971071563,CASH,0.0,236402.54971071563,,False
2014-04-09,236402.54971071563,CASH,0.0,236402.54971071563,,False
2014-04-10,236402.54971071563,CASH,0.0,236402.54971071563,,False
2014-04-11,236402.54971071563,CASH,0.0,236402.54971071563,,False
2014-04-14,236402.54971071563,CASH,0.0,236402.54971071563,,False
2014-04-15,236402.54971071563,CASH,0.0,236402.54971071563,,False
2014-04-16,236402.54971071563,CASH,0.0,236402.54971071563,,False
2014-04-17,236402.54971071563,CASH,0.0,236402.54971071563,,False
2014-04-21,236402.54971071563,CASH,0.0,236402.54971071563,,False
2014-04-22,236402.54971071563,CASH,0.0,236402.54971071563,,False
2014-04-23,236402.54971071563,CASH,0.0,236402.54971071563,,False
2014-04-24,236402.54971071563,CASH,0.0,236402.54971071563,,False
2014-04-25,236402.54971071563,CASH,0.0,236402.54971071563,,False
2014-04-28,236402.54971071563,CASH,0.0,236402.54971071563,,False
2014-04-29,236402.54971071563,CASH,0.0,236402.54971071563,,False
2014-04-30,236402.54971071563,CASH,0.0,236402.54971071563,,False
2014-05-01,236402.54971071563,TQQQ,196535.8428270592,0.0,1.2028470039367676,False
2014-05-02,235234.8768535911,TQQQ,196535.8428270592,0.0,1.2028470039367676,False
2014-05-05,238581.95267858094,TQQQ,196535.8428270592,0.0,1.2028470039367676,False
2014-05-06,229357.73774145616,TQQQ,196535.8428270592,0.0,1.2028470039367676,False
2014-05-07,227295.15125998954,TQQQ,196535.8428270592,0.0,1.2028470039367676,False
2014-05-08,226516.70268857316,TQQQ,196535.8428270592,0.0,1.2028470039367676,False
2014-05-09,229163.34817313493,TQQQ,196535.8428270592,0.0,1.2028470039367676,False
2014-05-12,240333.40339202227,TQQQ,196535.8428270592,0.0,1.2028470039367676,False
2014-05-13,240839.44416412912,TQQQ,196535.8428270592,0.0,1.2028470039367676,False
2014-05-14,237258.71193744373,TQQQ,196535.8428270592,0.0,1.2028470039367676,False
2014-05-15,231770.93768440618,TQQQ,196535.8428270592,0.0,1.2028470039367676,False
2014-05-16,236091.13279591198,TQQQ,196535.8428270592,0.0,1.2028470039367676,False
2014-05-19,241150.6736477472,TQQQ,196535.8428270592,0.0,1.2028470039367676,False
2014-05-20,238504.215594371,TQQQ,196535.8428270592,0.0,1.2028470039367676,False
2014-05-21,245237.35293094665,TQQQ,196535.8428270592,0.0,1.2028470039367676,False
2014-05-22,248273.10555672564,TQQQ,196535.8428270592,0.0,1.2028470039367676,False
2014-05-23,253838.7808962605,TQQQ,196535.8428270592,0.0,1.2028470039367676,False
2014-05-27,263374.24874590157,TQQQ,196535.8428270592,0.0,1.2028470039367676,False
2014-05-28,260883.3351476398,TQQQ,196535.8428270592,0.0,1.2028470039367676,False
2014-05-29,266176.57925896696,TQQQ,196535.8428270592,0.0,1.2028470039367676,False
2014-05-30,265943.0634306606,TQQQ,196535.8428270592,0.0,1.2028470039367676,False
2014-06-02,265281.33763005014,TECL,110346.86402094988,0.0,2.4040677547454834,False
2014-06-03,263877.71359868627,TECL,110346.86402094988,0.0,2.4040677547454834,False
2014-06-04,265632.1910204061,TECL,110346.86402094988,0.0,2.4040677547454834,False
2014-06-05,270895.72852053563,TECL,110346.86402094988,0.0,2.4040677547454834,False
2014-06-06,274329.51928657223,TECL,110346.86402094988,0.0,2.4040677547454834,False
2014-06-09,276610.382028796,TECL,110346.86402094988,0.0,2.4040677547454834,False
2014-06-10,277111.69511767064,TECL,110346.86402094988,0.0,2.4040677547454834,False
2014-06-11,275532.61808238627,TECL,110346.86402094988,0.0,2.4040677547454834,False
2014-06-12,268414.2616165344,TECL,110346.86402094988,0.0,2.4040677547454834,False
2014-06-13,272675.25186514226,TECL,110346.86402094988,0.0,2.4040677547454834,False
2014-06-16,273452.2805757123,TECL,110346.86402094988,0.0,2.4040677547454834,False
2014-06-17,274905.97014410736,TECL,110346.86402094988,0.0,2.4040677547454834,False
2014-06-18,279217.0522384889,TECL,110346.86402094988,0.0,2.4040677547454834,False
2014-06-19,277612.98189780273,TECL,110346.86402094988,0.0,2.4040677547454834,False
2014-06-20,275883.49778148474,TECL,110346.86402094988,0.0,2.4040677547454834,False
2014-06-23,277362.2332727666,TECL,110346.86402094988,0.0,2.4040677547454834,False
2014-06-24,273377.0375720817,TECL,110346.86402094988,0.0,2.4040677547454834,False
2014-06-25,277587.9096661734,TECL,110346.86402094988,0.0,2.4040677547454834,False
2014-06-26,275758.189240823,TECL,110346.86402094988,0.0,2.4040677547454834,False
2014-06-27,280319.835799043,TECL,110346.86402094988,0.0,2.4040677547454834,False
2014-06-30,281623.249830117,TECL,110346.86402094988,0.0,2.4040677547454834,False
2014-07-01,290145.2040185903,TECL,110346.86402094988,0.0,2.552163600921631,False
2014-07-02,290746.64818152715,TECL,110346.86402094988,0.0,2.552163600921631,False
2014-07-03,294506.2990325179,TECL,110346.86402094988,0.0,2.552163600921631,False
2014-07-07,294731.92280843965,TECL,110346.86402094988,0.0,2.552163600921631,False
2014-07-08,287262.7392609744,TECL,110346.86402094988,0.0,2.552163600921631,False
2014-07-09,290922.1538029327,TECL,110346.86402094988,0.0,2.552163600921631,False
2014-07-10,289643.8383122306,TECL,110346.86402094988,0.0,2.552163600921631,False
2014-07-11,292877.1827689449,TECL,110346.86402094988,0.0,2.552163600921631,False
2014-07-14,299895.14507330925,TECL,110346.86402094988,0.0,2.552163600921631,False
2014-07-15,299042.92597659363,TECL,110346.86402094988,0.0,2.552163600921631,False
2014-07-16,306261.5450602204,TECL,110346.86402094988,0.0,2.552163600921631,False
2014-07-17,294381.0431093412,TECL,110346.86402094988,0.0,2.552163600921631,False
2014-07-18,305860.52089786326,TECL,110346.86402094988,0.0,2.552163600921631,False
2014-07-21,304156.0827044321,TECL,110346.86402094988,0.0,2.552163600921631,False
2014-07-22,312026.316722997,TECL,110346.86402094988,0.0,2.552163600921631,False
2014-07-23,313379.84890858724,TECL,110346.86402094988,0.0,2.552163600921631,False
2014-07-24,311900.9818735927,TECL,110346.86402094988,0.0,2.552163600921631,False
2014-07-25,310798.2246217812,TECL,110346.86402094988,0.0,2.552163600921631,False
2014-07-28,313053.9625148906,TECL,110346.86402094988,0.0,2.552163600921631,False
2014-07-29,311474.91178834875,TECL,110346.86402094988,0.0,2.552163600921631,False
2014-07-30,312402.2423449823,TECL,110346.86402094988,0.0,2.552163600921631,False
2014-07-31,294155.4193334195,TECL,110346.86402094988,0.0,2.552163600921631,False
2014-08-01,289468.3589995676,TQQQ,191871.00824322106,0.0,1.5086612701416016,False
2014-08-04,295396.8303549564,TQQQ,191871.00824322106,0.0,1.5086612701416016,False
2014-08-05,288480.20800978196,TQQQ,191871.00824322106,0.0,1.5086612701416016,False
2014-08-06,287986.3154973418,TQQQ,191871.00824322106,0.0,1.5086612701416016,False
2014-08-07,285212.0956602947,TQQQ,191871.00824322106,0.0,1.5086612701416016,False
2014-08-08,291292.51106978155,TQQQ,191871.00824322106,0.0,1.5086612701416016,False
2014-08-11,296574.8713849531,TQQQ,191871.00824322106,0.0,1.5086612701416016,False
2014-08-12,295890.83723142947,TQQQ,191871.00824322106,0.0,1.5086612701416016,False
2014-08-13,305505.6959501986,TQQQ,191871.00824322106,0.0,1.5086612701416016,False
2014-08-14,310217.9744342185,TQQQ,191871.00824322106,0.0,1.5086612701416016,False
2014-08-15,314436.33753299154,TQQQ,191871.00824322106,0.0,1.5086612701416016,False
2014-08-18,322036.9482860764,TQQQ,191871.00824322106,0.0,1.5086612701416016,False
2014-08-19,327585.27359613776,TQQQ,191871.00824322106,0.0,1.5086612701416016,False
2014-08-20,327585.27359613776,TQQQ,191871.00824322106,0.0,1.5086612701416016,False
2014-08-21,329447.53176211077,TQQQ,191871.00824322106,0.0,1.5086612701416016,False
2014-08-22,330739.5708600926,TQQQ,191871.00824322106,0.0,1.5086612701416016,False
2014-08-25,334425.8438594401,TQQQ,191871.00824322106,0.0,1.5086612701416016,False
2014-08-26,335565.93890332384,TQQQ,191871.00824322106,0.0,1.5086612701416016,False
2014-08-27,335603.99925346975,TQQQ,191871.00824322106,0.0,1.5086612701416016,False
2014-08-28,334235.9309464224,TQQQ,191871.00824322106,0.0,1.5086612701416016,False
2014-08-29,338150.1543361269,TQQQ,191871.00824322106,0.0,1.5086612701416016,False
2014-09-02,340962.3887777068,TECL,116130.31697381726,0.0,2.93603253364563,False
2014-09-03,335449.45035614964,TECL,116130.31697381726,0.0,2.93603253364563,False
2014-09-04,333840.356332147,TECL,116130.31697381726,0.0,2.93603253364563,False
2014-09-05,339986.42767831817,TECL,116130.31697381726,0.0,2.93603253364563,False
2014-09-08,340777.79538074165,TECL,116130.31697381726,0.0,2.93603253364563,False
2014-09-09,333813.942337741,TECL,116130.31697381726,0.0,2.93603253364563,False
2014-09-10,340883.3682954901,TECL,116130.31697381726,0.0,2.93603253364563,False
2014-09-11,342413.24802389997,TECL,116130.31697381726,0.0,2.93603253364563,False
2014-09-12,337163.9511691498,TECL,116130.31697381726,0.0,2.93603253364563,False
2014-09-15,331571.88151487533,TECL,116130.31697381726,0.0,2.93603253364563,False
2014-09-16,338931.2799709619,TECL,116130.31697381726,0.0,2.93603253364563,False
2014-09-17,341067.9893800804,TECL,116130.31697381726,0.0,2.93603253364563,False
2014-09-18,347952.60043986305,TECL,116130.31697381726,0.0,2.93603253364563,False
2014-09-19,345684.07024734106,TECL,116130.31697381726,0.0,2.93603253364563,False
2014-09-22,338034.47779191576,TECL,116130.31697381726,0.0,2.93603253364563,False
2014-09-23,335792.30621854943,TECL,116130.31697381726,0.0,2.93603253364563,False
2014-09-24,341938.43293997087,TECL,116130.31697381726,0.0,2.93603253364563,False
2014-09-25,320730.5703811011,TECL,116130.31697381726,0.0,2.93603253364563,False
2014-09-26,330411.2439556461,TECL,116130.31697381726,0.0,2.93603253364563,False
2014-09-29,329751.83547475195,TECL,116130.31697381726,0.0,2.93603253364563,False
2014-09-30,332838.0366136027,TECL,116130.31697381726,0.0,2.93603253364563,False
2014-10-01,317354.092180036,TQQQ,194521.30644556187,0.0,1.6314618587493896,False
2014-10-02,317199.91020293604,TQQQ,194521.30644556187,0.0,1.6314618587493896,False
2014-10-03,326754.83329874574,TQQQ,194521.30644556187,0.0,1.6314618587493896,False
2014-10-06,324520.29609626665,TQQQ,194521.30644556187,0.0,1.6314618587493896,False
2014-10-07,310804.3379072443,TQQQ,194521.30644556187,0.0,1.6314618587493896,False
2014-10-08,328758.29463992215,TQQQ,194521.30644556187,0.0,1.6314618587493896,False
2014-10-09,312384.04809042334,TQQQ,194521.30644556187,0.0,1.6314618587493896,False
2014-10-10,291965.7648056331,CASH,0.0,291965.7648056331,,False
2014-10-13,291965.7648056331,CASH,0.0,291965.7648056331,,False
2014-10-14,291965.7648056331,CASH,0.0,291965.7648056331,,False
2014-10-15,291965.7648056331,CASH,0.0,291965.7648056331,,False
2014-10-16,291965.7648056331,CASH,0.0,291965.7648056331,,False
2014-10-17,291965.7648056331,CASH,0.0,291965.7648056331,,False
2014-10-20,291965.7648056331,CASH,0.0,291965.7648056331,,False
2014-10-21,291965.7648056331,CASH,0.0,291965.7648056331,,False
2014-10-22,291965.7648056331,CASH,0.0,291965.7648056331,,False
2014-10-23,291965.7648056331,CASH,0.0,291965.7648056331,,False
2014-10-24,291965.7648056331,CASH,0.0,291965.7648056331,,False
2014-10-27,291965.7648056331,CASH,0.0,291965.7648056331,,False
2014-10-28,291965.7648056331,CASH,0.0,291965.7648056331,,False
2014-10-29,291965.7648056331,CASH,0.0,291965.7648056331,,False
2014-10-30,291965.7648056331,CASH,0.0,291965.7648056331,,False
2014-10-31,291965.7648056331,CASH,0.0,291965.7648056331,,False
2014-11-03,291965.7648056331,TECL,97245.47250853156,0.0,3.0023584365844727,False
2014-11-04,292252.93579335616,TECL,97245.47250853156,0.0,3.0023584365844727,False
2014-11-05,294417.6383962747,TECL,97245.47250853156,0.0,3.0023584365844727,False
2014-11-06,294240.8981702604,TECL,97245.47250853156,0.0,3.0023584365844727,False
2014-11-07,294837.26601671707,TECL,97245.47250853156,0.0,3.0023584365844727,False
2014-11-10,297090.30395495164,TECL,97245.47250853156,0.0,3.0023584365844727,False
2014-11-11,297487.90570438345,TECL,97245.47250853156,0.0,3.0023584365844727,False
2014-11-12,300955.75157679664,TECL,97245.47250853156,0.0,3.0023584365844727,False
2014-11-13,305594.37682649464,TECL,97245.47250853156,0.0,3.0023584365844727,False
2014-11-14,312198.8458415768,TECL,97245.47250853156,0.0,3.0023584365844727,False
2014-11-17,310188.83440853463,TECL,97245.47250853156,0.0,3.0023584365844727,False
2014-11-18,313921.70947202336,TECL,97245.47250853156,0.0,3.0023584365844727,False
2014-11-19,307339.3590684613,TECL,97245.47250853156,0.0,3.0023584365844727,False
2014-11-20,311955.8888917666,TECL,97245.47250853156,0.0,3.0023584365844727,False
2014-11-21,313214.8413084758,TECL,97245.47250853156,0.0,3.0023584365844727,False
2014-11-24,318251.0451224783,TECL,97245.47250853156,0.0,3.0023584365844727,False
2014-11-25,319267.1101447594,TECL,97245.47250853156,0.0,3.0023584365844727,False
2014-11-26,326909.7627936428,TECL,97245.47250853156,0.0,3.0023584365844727,False
2014-11-28,331747.1773254931,TECL,97245.47250853156,0.0,3.0023584365844727,False
2014-12-01,321078.4018510315,TQQQ,159727.59677321048,0.0,2.010162353515625,False
2014-12-02,324526.6151195557,TQQQ,159727.59677321048,0.0,2.010162353515625,False
2014-12-03,327468.90866382234,TQQQ,159727.59677321048,0.0,2.010162353515625,False
2014-12-04,326488.2203131201,TQQQ,159727.59677321048,0.0,2.010162353515625,False
2014-12-05,326709.5149700761,TQQQ,159727.59677321048,0.0,2.010162353515625,False
2014-12-08,319654.705284124,TQQQ,159727.59677321048,0.0,2.010162353515625,False
2014-12-09,322755.07732108113,TQQQ,159727.59677321048,0.0,2.010162353515625,False
2014-12-10,307126.68960269785,TQQQ,159727.59677321048,0.0,2.010162353515625,False
2014-12-11,311935.497519944,TQQQ,159727.59677321048,0.0,2.010162353515625,False
2014-12-12,301621.91360711766,TQQQ,159727.59677321048,0.0,2.010162353515625,False
2014-12-15,295392.129702949,CASH,0.0,295392.129702949,,False
2014-12-16,295392.129702949,CASH,0.0,295392.129702949,,False
2014-12-17,295392.129702949,CASH,0.0,295392.129702949,,False
2014-12-18,295392.129702949,CASH,0.0,295392.129702949,,False
2014-12-19,295392.129702949,CASH,0.0,295392.129702949,,False
2014-12-22,295392.129702949,CASH,0.0,295392.129702949,,False
2014-12-23,295392.129702949,CASH,0.0,295392.129702949,,False
2014-12-24,295392.129702949,CASH,0.0,295392.129702949,,False
2014-12-26,295392.129702949,CASH,0.0,295392.129702949,,False
2014-12-29,295392.129702949,CASH,0.0,295392.129702949,,False
2014-12-30,295392.129702949,CASH,0.0,295392.129702949,,False
2014-12-31,295392.129702949,CASH,0.0,295392.129702949,,False
2015-01-02,295392.129702949,TQQQ,154282.19375182714,0.0,1.9146223068237305,False
2015-01-05,282097.2349083662,TQQQ,154282.19375182714,0.0,1.9146223068237305,False
2015-01-06,271760.7593267131,CASH,0.0,271760.7593267131,,False
2015-01-07,271760.7593267131,CASH,0.0,271760.7593267131,,False
2015-01-08,271760.7593267131,CASH,0.0,271760.7593267131,,False
2015-01-09,271760.7593267131,CASH,0.0,271760.7593267131,,False
2015-01-12,271760.7593267131,CASH,0.0,271760.7593267131,,False
2015-01-13,271760.7593267131,CASH,0.0,271760.7593267131,,False
2015-01-14,271760.7593267131,CASH,0.0,271760.7593267131,,False
2015-01-15,271760.7593267131,CASH,0.0,271760.7593267131,,False
2015-01-16,271760.7593267131,CASH,0.0,271760.7593267131,,False
2015-01-20,271760.7593267131,CASH,0.0,271760.7593267131,,False
2015-01-21,271760.7593267131,CASH,0.0,271760.7593267131,,False
2015-01-22,271760.7593267131,CASH,0.0,271760.7593267131,,False
2015-01-23,271760.7593267131,CASH,0.0,271760.7593267131,,False
2015-01-26,271760.7593267131,CASH,0.0,271760.7593267131,,False
2015-01-27,271760.7593267131,CASH,0.0,271760.7593267131,,False
2015-01-28,271760.7593267131,CASH,0.0,271760.7593267131,,False
2015-01-29,271760.7593267131,CASH,0.0,271760.7593267131,,False
2015-01-30,271760.7593267131,CASH,0.0,271760.7593267131,,False
2015-02-02,271760.7593267131,TECL,93808.78925813476,0.0,2.8969647884368896,False
2015-02-03,281221.47506314784,TECL,93808.78925813476,0.0,2.8969647884368896,False
2015-02-04,282585.16007468896,TECL,93808.78925813476,0.0,2.8969647884368896,False
2015-02-05,290213.4045068268,TECL,93808.78925813476,0.0,2.8969647884368896,False
2015-02-06,287805.5517059921,TECL,93808.78925813476,0.0,2.8969647884368896,False
2015-02-09,286591.0463019262,TECL,93808.78925813476,0.0,2.8969647884368896,False
2015-02-10,298779.15442720137,TECL,93808.78925813476,0.0,2.8969647884368896,False
2015-02-11,302017.9398782489,TECL,93808.78925813476,0.0,2.8969647884368896,False
2015-02-12,315250.05923251,TECL,93808.78925813476,0.0,2.8969647884368896,False
2015-02-13,321216.3712669475,TECL,93808.78925813476,0.0,2.8969647884368896,False
2015-02-17,321280.2478724871,TECL,93808.78925813476,0.0,2.8969647884368896,False
2015-02-18,322345.6407663525,TECL,93808.78925813476,0.0,2.8969647884368896,False
2015-02-19,325222.2127626682,TECL,93808.78925813476,0.0,2.8969647884368896,False
2015-02-20,330719.649041317,TECL,93808.78925813476,0.0,2.8969647884368896,False
2015-02-23,331593.3226555306,TECL,93808.78925813476,0.0,2.8969647884368896,False
2015-02-24,334065.0073303885,TECL,93808.78925813476,0.0,2.8969647884368896,False
2015-02-25,328460.99821371573,TECL,93808.78925813476,0.0,2.8969647884368896,False
2015-02-26,335215.6361289147,TECL,93808.78925813476,0.0,2.8969647884368896,False
2015-02-27,330868.806283034,TECL,93808.78925813476,0.0,2.8969647884368896,False
2015-03-02,339434.51147189207,TQQQ,149909.29040947612,0.0,2.264266014099121,False
2015-03-03,334564.2065614856,TQQQ,149909.29040947612,0.0,2.264266014099121,False
2015-03-04,330852.2011647982,TQQQ,149909.29040947612,0.0,2.264266014099121,False
2015-03-05,332307.36675358994,TQQQ,149909.29040947612,0.0,2.264266014099121,False
2015-03-06,320874.05559453514,TQQQ,149909.29040947612,0.0,2.264266014099121,False
2015-03-09,323962.4849724661,TQQQ,149909.29040947612,0.0,2.264266014099121,False
2015-03-10,312279.7505541407,CASH,0.0,312279.7505541407,,False
2015-03-11,312279.7505541407,CASH,0.0,312279.7505541407,,False
2015-03-12,312279.7505541407,CASH,0.0,312279.7505541407,,False
2015-03-13,312279.7505541407,CASH,0.0,312279.7505541407,,False
2015-03-16,312279.7505541407,CASH,0.0,312279.7505541407,,False
2015-03-17,312279.7505541407,CASH,0.0,312279.7505541407,,False
2015-03-18,312279.7505541407,CASH,0.0,312279.7505541407,,False
2015-03-19,312279.7505541407,CASH,0.0,312279.7505541407,,False
2015-03-20,312279.7505541407,CASH,0.0,312279.7505541407,,False
2015-03-23,312279.7505541407,CASH,0.0,312279.7505541407,,False
2015-03-24,312279.7505541407,CASH,0.0,312279.7505541407,,False
2015-03-25,312279.7505541407,CASH,0.0,312279.7505541407,,False
2015-03-26,312279.7505541407,CASH,0.0,312279.7505541407,,False
2015-03-27,312279.7505541407,CASH,0.0,312279.7505541407,,False
2015-03-30,312279.7505541407,CASH,0.0,312279.7505541407,,False
2015-03-31,312279.7505541407,CASH,0.0,312279.7505541407,,False
2015-04-01,312279.7505541407,TECL,99812.97829044172,0.0,3.1286487579345703,False
2015-04-02,314116.2095584598,TECL,99812.97829044172,0.0,3.1286487579345703,False
2015-04-06,320917.70685698447,TECL,99812.97829044172,0.0,3.1286487579345703,False
2015-04-07,319353.3934147728,TECL,99812.97829044172,0.0,3.1286487579345703,False
2015-04-08,321960.66974177666,TECL,99812.97829044172,0.0,3.1286487579345703,False
2015-04-09,325724.0649650994,TECL,99812.97829044172,0.0,3.1286487579345703,False
2015-04-10,328830.1558362912,TECL,99812.97829044172,0.0,3.1286487579345703,False
2015-04-13,326154.8907132975,TECL,99812.97829044172,0.0,3.1286487579345703,False
2015-04-14,322595.39048613916,TECL,99812.97829044172,0.0,3.1286487579345703,False
2015-04-15,330825.1998376271,TECL,99812.97829044172,0.0,3.1286487579345703,False
2015-04-16,327809.8479510729,TECL,99812.97829044172,0.0,3.1286487579345703,False
2015-04-17,313708.1577961779,TECL,99812.97829044172,0.0,3.1286487579345703,False
2015-04-20,329941.0361252679,TECL,99812.97829044172,0.0,3.1286487579345703,False
2015-04-21,328898.14463228115,TECL,99812.97829044172,0.0,3.1286487579345703,False
2015-04-22,339055.05678365205,TECL,99812.97829044172,0.0,3.1286487579345703,False
2015-04-23,343793.40229850856,TECL,99812.97829044172,0.0,3.1286487579345703,False
2015-04-24,351819.2214647583,TECL,99812.97829044172,0.0,3.1286487579345703,False
2015-04-27,355718.7132664032,TECL,99812.97829044172,0.0,3.1286487579345703,False
2015-04-28,358870.06654220575,TECL,99812.97829044172,0.0,3.1286487579345703,False
2015-04-29,354063.6846368224,TECL,99812.97829044172,0.0,3.1286487579345703,False
2015-04-30,339440.45354636014,TECL,99812.97829044172,0.0,3.1286487579345703,False
2015-05-01,351161.6791399427,TQQQ,157302.48321951495,0.0,2.2323975563049316,False
2015-05-04,352408.08157699,TQQQ,157302.48321951495,0.0,2.2323975563049316,False
2015-05-05,335704.0611927842,TQQQ,157302.48321951495,0.0,2.2323975563049316,False
2015-05-06,323068.74480874726,CASH,0.0,323068.74480874726,,False
2015-05-07,323068.74480874726,CASH,0.0,323068.74480874726,,False
2015-05-08,323068.74480874726,CASH,0.0,323068.74480874726,,False
2015-05-11,323068.74480874726,CASH,0.0,323068.74480874726,,False
2015-05-12,323068.74480874726,CASH,0.0,323068.74480874726,,False
2015-05-13,323068.74480874726,CASH,0.0,323068.74480874726,,False
2015-05-14,323068.74480874726,CASH,0.0,323068.74480874726,,False
2015-05-15,323068.74480874726,CASH,0.0,323068.74480874726,,False
2015-05-18,323068.74480874726,CASH,0.0,323068.74480874726,,False
2015-05-19,323068.74480874726,CASH,0.0,323068.74480874726,,False
2015-05-20,323068.74480874726,CASH,0.0,323068.74480874726,,False
2015-05-21,323068.74480874726,CASH,0.0,323068.74480874726,,False
2015-05-22,323068.74480874726,CASH,0.0,323068.74480874726,,False
2015-05-26,323068.74480874726,CASH,0.0,323068.74480874726,,False
2015-05-27,323068.74480874726,CASH,0.0,323068.74480874726,,False
2015-05-28,323068.74480874726,CASH,0.0,323068.74480874726,,False
2015-05-29,323068.74480874726,CASH,0.0,323068.74480874726,,False
2015-06-01,323068.74480874726,TQQQ,140346.51282750268,0.0,2.301936388015747,False
2015-06-02,320121.4139660443,TQQQ,140346.51282750268,0.0,2.301936388015747,False
2015-06-03,322929.7134555601,TQQQ,140346.51282750268,0.0,2.301936388015747,False
2015-06-04,315894.9946740197,TQQQ,140346.51282750268,0.0,2.301936388015747,False
2015-06-05,313503.7557828492,TQQQ,140346.51282750268,0.0,2.301936388015747,False
2015-06-08,303910.99394752993,TQQQ,140346.51282750268,0.0,2.301936388015747,False
2015-06-09,297223.24522404745,CASH,0.0,297223.24522404745,,False
2015-06-10,297223.24522404745,CASH,0.0,297223.24522404745,,False
2015-06-11,297223.24522404745,CASH,0.0,297223.24522404745,,False
2015-06-12,297223.24522404745,CASH,0.0,297223.24522404745,,False
2015-06-15,297223.24522404745,CASH,0.0,297223.24522404745,,False
2015-06-16,297223.24522404745,CASH,0.0,297223.24522404745,,False
2015-06-17,297223.24522404745,CASH,0.0,297223.24522404745,,False
2015-06-18,297223.24522404745,CASH,0.0,297223.24522404745,,False
2015-06-19,297223.24522404745,CASH,0.0,297223.24522404745,,False
2015-06-22,297223.24522404745,CASH,0.0,297223.24522404745,,False
2015-06-23,297223.24522404745,CASH,0.0,297223.24522404745,,False
2015-06-24,297223.24522404745,CASH,0.0,297223.24522404745,,False
2015-06-25,297223.24522404745,CASH,0.0,297223.24522404745,,False
2015-06-26,297223.24522404745,CASH,0.0,297223.24522404745,,False
2015-06-29,297223.24522404745,CASH,0.0,297223.24522404745,,False
2015-06-30,297223.24522404745,CASH,0.0,297223.24522404745,,False
2015-07-01,297223.24522404745,TECL,93015.11402943169,0.0,3.195429563522339,False
2015-07-02,297476.67862399376,TECL,93015.11402943169,0.0,3.195429563522339,False
2015-07-06,294434.30246847816,TECL,93015.11402943169,0.0,3.195429563522339,False
2015-07-07,295532.95000669477,TECL,93015.11402943169,0.0,3.195429563522339,False
2015-07-08,281166.1724847305,TECL,93015.11402943169,0.0,3.195429563522339,False
2015-07-09,277870.2742231433,TECL,93015.11402943169,0.0,3.195429563522339,False
2015-07-10,290969.4190382184,TECL,93015.11402943169,0.0,3.195429563522339,False
2015-07-13,304237.4824923721,TECL,93015.11402943169,0.0,3.195429563522339,False
2015-07-14,307702.4546287572,TECL,93015.11402943169,0.0,3.195429563522339,False
2015-07-15,307871.4397974298,TECL,93015.11402943169,0.0,3.195429563522339,False
2015-07-16,319533.966736943,TECL,93015.11402943169,0.0,3.195429563522339,False
2015-07-17,333731.67038410937,TECL,93015.11402943169,0.0,3.195429563522339,False
2015-07-20,338548.78998825134,TECL,93015.11402943169,0.0,3.195429563522339,False
2015-07-21,333055.59665023093,TECL,93015.11402943169,0.0,3.195429563522339,False
2015-07-22,316914.1200327029,TECL,93015.11402943169,0.0,3.195429563522339,False
2015-07-23,314294.27332846285,TECL,93015.11402943169,0.0,3.195429563522339,False
2015-07-24,309392.68331651593,TECL,93015.11402943169,0.0,3.195429563522339,False
2015-07-27,301279.7098038494,TECL,93015.11402943169,0.0,3.195429563522339,False
2015-07-28,309054.6464495767,TECL,93015.11402943169,0.0,3.195429563522339,False
2015-07-29,315477.4356275471,TECL,93015.11402943169,0.0,3.195429563522339,False
2015-07-30,316660.5535735687,TECL,93015.11402943169,0.0,3.195429563522339,False
2015-07-31,313956.2142849923,TECL,93015.11402943169,0.0,3.195429563522339,False
2015-08-03,309054.6464495767,TECL,93015.11402943169,0.0,3.3753247261047363,False
2015-08-04,303307.9310054847,TECL,93015.11402943169,0.0,3.3753247261047363,False
2015-08-05,311251.94152600993,TECL,93015.11402943169,0.0,3.3753247261047363,False
2015-08-06,303054.3867228818,TECL,93015.11402943169,0.0,3.3753247261047363,False
2015-08-07,303054.3867228818,TECL,93015.11402943169,0.0,3.3753247261047363,False
2015-08-10,317590.1050604561,TECL,93015.11402943169,0.0,3.3753247261047363,False
2015-08-11,303476.93835068867,TECL,93015.11402943169,0.0,3.3753247261047363,False
2015-08-12,288839.71714219294,CASH,0.0,288839.71714219294,,False
2015-08-13,288839.71714219294,CASH,0.0,288839.71714219294,,False
2015-08-14,288839.71714219294,CASH,0.0,288839.71714219294,,False
2015-08-17,288839.71714219294,CASH,0.0,288839.71714219294,,False
2015-08-18,288839.71714219294,CASH,0.0,288839.71714219294,,False
2015-08-19,288839.71714219294,CASH,0.0,288839.71714219294,,False
2015-08-20,288839.71714219294,CASH,0.0,288839.71714219294,,False
2015-08-21,288839.71714219294,CASH,0.0,288839.71714219294,,False
2015-08-24,288839.71714219294,CASH,0.0,288839.71714219294,,False
2015-08-25,288839.71714219294,CASH,0.0,288839.71714219294,,False
2015-08-26,288839.71714219294,CASH,0.0,288839.71714219294,,False
2015-08-27,288839.71714219294,CASH,0.0,288839.71714219294,,False
2015-08-28,288839.71714219294,CASH,0.0,288839.71714219294,,False
2015-08-31,288839.71714219294,CASH,0.0,288839.71714219294,,False
2015-09-01,288839.71714219294,IEF,3454.9867082540986,0.0,83.60081862316389,False
2015-09-02,288054.55995421857,IEF,3454.9867082540986,0.0,83.60081862316389,False
2015-09-03,288758.603994849,IEF,3454.9867082540986,0.0,83.60081862316389,False
2015-09-04,289652.2842465593,IEF,3454.9867082540986,0.0,83.60081862316389,False
2015-09-08,288379.5708445104,IEF,3454.9867082540986,0.0,83.60081862316389,False
2015-09-09,288487.88122218306,IEF,3454.9867082540986,0.0,83.60081862316389,False
2015-09-10,287837.8860273574,IEF,3454.9867082540986,0.0,83.60081862316389,False
2015-09-11,288596.0320853084,IEF,3454.9867082540986,0.0,83.60081862316389,False
2015-09-14,288866.834615248,IEF,3454.9867082540986,0.0,83.60081862316389,False
2015-09-15,286592.4761986687,IEF,3454.9867082540986,0.0,83.60081862316389,False
2015-09-16,286511.1237795037,IEF,3454.9867082540986,0.0,83.60081862316389,False
2015-09-17,288893.9520883031,IEF,3454.9867082540986,0.0,83.60081862316389,False
2015-09-18,290247.88498072757,IEF,3454.9867082540986,0.0,83.60081862316389,False
2015-09-21,288596.0320853084,IEF,3454.9867082540986,0.0,83.60081862316389,False
2015-09-22,290031.21105386637,IEF,3454.9867082540986,0.0,83.60081862316389,False
2015-09-23,289706.30650660617,IEF,3454.9867082540986,0.0,83.60081862316389,False
2015-09-24,290139.4948457812,IEF,3454.9867082540986,0.0,83.60081862316389,False
2015-09-25,289381.4285451038,IEF,3454.9867082540986,0.0,83.60081862316389,False
2015-09-28,291033.17509749153,IEF,3454.9867082540986,0.0,83.60081862316389,False
2015-09-29,292035.059383843,IEF,3454.9867082540986,0.0,83.60081862316389,False
2015-09-30,292089.21457267925,IEF,3454.9867082540986,0.0,83.60081862316389,False
2015-10-01,292316.868417552,IEF,3454.9867082540986,0.0,84.54134248182972,False
2015-10-02,293727.10994520254,IEF,3454.9867082540986,0.0,84.54134248182972,False
2015-10-05,292100.06156190124,IEF,3454.9867082540986,0.0,84.54134248182972,False
2015-10-06,292696.67255486967,IEF,3454.9867082540986,0.0,84.54134248182972,False
2015-10-07,291964.3146820788,IEF,3454.9867082540986,0.0,84.54134248182972,False
2015-10-08,291205.2381226014,IEF,3454.9867082540986,0.0,84.54134248182972,False
2015-10-09,291367.83661789994,IEF,3454.9867082540986,0.0,84.54134248182972,False
2015-10-12,292344.17199091223,IEF,3454.9867082540986,0.0,84.54134248182972,False
2015-10-13,292615.2403784309,IEF,3454.9867082540986,0.0,84.54134248182972,False
2015-10-14,294215.3308032245,IEF,3454.9867082540986,0.0,84.54134248182972,False
2015-10-15,293211.7981998834,IEF,3454.9867082540986,0.0,84.54134248182972,False
2015-10-16,292967.76752814616,IEF,3454.9867082540986,0.0,84.54134248182972,False
2015-10-19,292832.2333343868,IEF,3454.9867082540986,0.0,84.54134248182972,False
2015-10-20,291828.67414528783,IEF,3454.9867082540986,0.0,84.54134248182972,False
2015-10-21,292832.2333343868,IEF,3454.9867082540986,0.0,84.54134248182972,False
2015-10-22,293130.47236647626,IEF,3454.9867082540986,0.0,84.54134248182972,False
2015-10-23,291476.2799243621,IEF,3454.9867082540986,0.0,84.54134248182972,False
2015-10-26,292235.6755129343,IEF,3454.9867082540986,0.0,84.54134248182972,False
2015-10-27,292967.76752814616,IEF,3454.9867082540986,0.0,84.54134248182972,False
2015-10-28,291449.16245130706,IEF,3454.9867082540986,0.0,84.54134248182972,False
2015-10-29,289659.24971512833,IEF,3454.9867082540986,0.0,84.54134248182972,False
2015-10-30,290228.84957807325,IEF,3454.9867082540986,0.0,84.54134248182972,False
2015-11-02,289394.9606958735,TECL,80454.19583624582,0.0,3.597015142440796,False
2015-11-03,293707.77181724797,TECL,80454.19583624582,0.0,3.597015142440796,False
2015-11-04,294146.36310385854,TECL,80454.19583624582,0.0,3.597015142440796,False
2015-11-05,292465.08052037226,TECL,80454.19583624582,0.0,3.597015142440796,False
2015-11-06,294877.3230058427,TECL,80454.19583624582,0.0,3.597015142440796,False
2015-11-09,286763.4513397603,TECL,80454.19583624582,0.0,3.597015142440796,False
2015-11-10,281719.6803164016,TECL,80454.19583624582,0.0,3.597015142440796,False
2015-11-11,281061.78379559825,TECL,80454.19583624582,0.0,3.597015142440796,False
2015-11-12,273678.85284972494,TECL,80454.19583624582,0.0,3.597015142440796,False
2015-11-13,266243.36384020356,CASH,0.0,266243.36384020356,,False
2015-11-16,266243.36384020356,CASH,0.0,266243.36384020356,,False
2015-11-17,266243.36384020356,CASH,0.0,266243.36384020356,,False
2015-11-18,266243.36384020356,CASH,0.0,266243.36384020356,,False
2015-11-19,266243.36384020356,CASH,0.0,266243.36384020356,,False
2015-11-20,266243.36384020356,CASH,0.0,266243.36384020356,,False
2015-11-23,266243.36384020356,CASH,0.0,266243.36384020356,,False
2015-11-24,266243.36384020356,CASH,0.0,266243.36384020356,,False
2015-11-25,266243.36384020356,CASH,0.0,266243.36384020356,,False
2015-11-27,266243.36384020356,CASH,0.0,266243.36384020356,,False
2015-11-30,266243.36384020356,CASH,0.0,266243.36384020356,,False
2015-12-01,266243.36384020356,TQQQ,107663.87116038271,0.0,2.4729127883911133,False
2015-12-02,261401.38202847648,TQQQ,107663.87116038271,0.0,2.4729127883911133,False
2015-12-03,244943.8947329873,CASH,0.0,244943.8947329873,,False
2015-12-04,244943.8947329873,CASH,0.0,244943.8947329873,,False
2015-12-07,244943.8947329873,CASH,0.0,244943.8947329873,,False
2015-12-08,244943.8947329873,CASH,0.0,244943.8947329873,,False
2015-12-09,244943.8947329873,CASH,0.0,244943.8947329873,,False
2015-12-10,244943.8947329873,CASH,0.0,244943.8947329873,,False
2015-12-11,244943.8947329873,CASH,0.0,244943.8947329873,,False
2015-12-14,244943.8947329873,CASH,0.0,244943.8947329873,,False
2015-12-15,244943.8947329873,CASH,0.0,244943.8947329873,,False
2015-12-16,244943.8947329873,CASH,0.0,244943.8947329873,,False
2015-12-17,244943.8947329873,CASH,0.0,244943.8947329873,,False
2015-12-18,244943.8947329873,CASH,0.0,244943.8947329873,,False
2015-12-21,244943.8947329873,CASH,0.0,244943.8947329873,,False
2015-12-22,244943.8947329873,CASH,0.0,244943.8947329873,,False
2015-12-23,244943.8947329873,CASH,0.0,244943.8947329873,,False
2015-12-24,244943.8947329873,CASH,0.0,244943.8947329873,,False
2015-12-28,244943.8947329873,CASH,0.0,244943.8947329873,,False
2015-12-29,244943.8947329873,CASH,0.0,244943.8947329873,,False
2015-12-30,244943.8947329873,CASH,0.0,244943.8947329873,,False
2015-12-31,244943.8947329873,CASH,0.0,244943.8947329873,,False
2016-01-04,244943.8947329873,TECL,77247.50308064287,0.0,3.1708972454071045,False
2016-01-05,242627.8163091512,TECL,77247.50308064287,0.0,3.1708972454071045,False
2016-01-06,234416.25046508157,TECL,77247.50308064287,0.0,3.1708972454071045,False
2016-01-07,222695.47470951232,CASH,0.0,222695.47470951232,,False
2016-01-08,222695.47470951232,CASH,0.0,222695.47470951232,,False
2016-01-11,222695.47470951232,CASH,0.0,222695.47470951232,,False
2016-01-12,222695.47470951232,CASH,0.0,222695.47470951232,,False
2016-01-13,222695.47470951232,CASH,0.0,222695.47470951232,,False
2016-01-14,222695.47470951232,CASH,0.0,222695.47470951232,,False
2016-01-15,222695.47470951232,CASH,0.0,222695.47470951232,,False
2016-01-19,222695.47470951232,CASH,0.0,222695.47470951232,,False
2016-01-20,222695.47470951232,CASH,0.0,222695.47470951232,,False
2016-01-21,222695.47470951232,CASH,0.0,222695.47470951232,,False
2016-01-22,222695.47470951232,CASH,0.0,222695.47470951232,,False
2016-01-25,222695.47470951232,CASH,0.0,222695.47470951232,,False
2016-01-26,222695.47470951232,CASH,0.0,222695.47470951232,,False
2016-01-27,222695.47470951232,CASH,0.0,222695.47470951232,,False
2016-01-28,222695.47470951232,CASH,0.0,222695.47470951232,,False
2016-01-29,222695.47470951232,CASH,0.0,222695.47470951232,,False
2016-02-01,222695.47470951232,SHY,3213.5239922855367,0.0,69.29945917445161,False
2016-02-02,222984.35439447605,SHY,3213.5239922855367,0.0,69.29945917445161,False
2016-02-03,223036.90270217575,SHY,3213.5239922855367,0.0,69.29945917445161,False
2016-02-04,223089.45100987537,SHY,3213.5239922855367,0.0,69.29945917445161,False
2016-02-05,223036.90270217575,SHY,3213.5239922855367,0.0,69.29945917445161,False
2016-02-08,223299.34749728962,SHY,3213.5239922855367,0.0,69.29945917445161,False
2016-02-09,223220.5868572785,SHY,3213.5239922855367,0.0,69.29945917445161,False
2016-02-10,223220.5868572785,SHY,3213.5239922855367,0.0,69.29945917445161,False
2016-02-11,223430.5822591542,SHY,3213.5239922855367,0.0,69.29945917445161,False
2016-02-12,223168.08800680956,SHY,3213.5239922855367,0.0,69.29945917445161,False
2016-02-16,223036.90270217575,SHY,3213.5239922855367,0.0,69.29945917445161,False
2016-02-17,223089.45100987537,SHY,3213.5239922855367,0.0,69.29945917445161,False
2016-02-18,223273.13516497822,SHY,3213.5239922855367,0.0,69.29945917445161,False
2016-02-19,223063.0655772563,SHY,3213.5239922855367,0.0,69.29945917445161,False
2016-02-22,223089.45100987537,SHY,3213.5239922855367,0.0,69.29945917445161,False
2016-02-23,223115.66334218677,SHY,3213.5239922855367,0.0,69.29945917445161,False
2016-02-24,223168.08800680956,SHY,3213.5239922855367,0.0,69.29945917445161,False
2016-02-25,223220.5868572785,SHY,3213.5239922855367,0.0,69.29945917445161,False
2016-02-26,222931.65771508397,SHY,3213.5239922855367,0.0,69.29945917445161,False
2016-02-29,223063.0655772563,SHY,3213.5239922855367,0.0,69.29945917445161,False
2016-03-01,222766.19854952223,GLD,1891.5360864335846,0.0,117.7699966430664,False
2016-03-02,224487.50331518883,GLD,1891.5360864335846,0.0,117.7699966430664,False
2016-03-03,228365.1580648877,GLD,1891.5360864335846,0.0,117.7699966430664,False
2016-03-04,228005.7615904573,GLD,1891.5360864335846,0.0,117.7699966430664,False
2016-03-07,229140.68035606242,GLD,1891.5360864335846,0.0,117.7699966430664,False
2016-03-08,228081.42476566765,GLD,1891.5360864335846,0.0,117.7699966430664,False
2016-03-09,226189.88867923408,GLD,1891.5360864335846,0.0,117.7699966430664,False
2016-03-10,229821.63450168053,GLD,1891.5360864335846,0.0,117.7699966430664,False
2016-03-11,225868.33100804637,GLD,1891.5360864335846,0.0,117.7699966430664,False
2016-03-14,222955.36370318563,GLD,1891.5360864335846,0.0,117.7699966430664,False
2016-03-15,223125.59502395263,GLD,1891.5360864335846,0.0,117.7699966430664,False
2016-03-16,228100.32973601393,GLD,1891.5360864335846,0.0,117.7699966430664,False
2016-03-17,227230.2248680075,GLD,1891.5360864335846,0.0,117.7699966430664,False
2016-03-18,226606.02892725347,GLD,1891.5360864335846,0.0,117.7699966430664,False
2016-03-21,225017.13111038622,GLD,1891.5360864335846,0.0,117.7699966430664,False
2016-03-22,225679.16585438297,GLD,1891.5360864335846,0.0,117.7699966430664,False
2016-03-23,220572.02419352232,GLD,1891.5360864335846,0.0,117.7699966430664,False
2016-03-24,220042.39639832493,GLD,1891.5360864335846,0.0,117.7699966430664,False
2016-03-28,220553.10479190096,GLD,1891.5360864335846,0.0,117.7699966430664,False
2016-03-29,224638.82966560952,GLD,1891.5360864335846,0.0,117.7699966430664,False
2016-03-30,221498.87283511774,GLD,1891.5360864335846,0.0,117.7699966430664,False
2016-03-31,222520.30405354488,GLD,1891.5360864335846,0.0,117.7699966430664,False
2016-04-01,221177.31516393006,TQQQ,105508.92452632039,0.0,2.096290111541748,False
2016-04-04,218438.83506074516,TQQQ,105508.92452632039,0.0,2.096290111541748,False
2016-04-05,212565.17596469543,TQQQ,105508.92452632039,0.0,2.096290111541748,False
2016-04-06,222745.01785915787,TQQQ,105508.92452632039,0.0,2.096290111541748,False
2016-04-07,213129.56000330413,TQQQ,105508.92452632039,0.0,2.096290111541748,False
2016-04-08,212627.8880973506,TQQQ,105508.92452632039,0.0,2.096290111541748,False
2016-04-11,210349.34727754604,TQQQ,105508.92452632039,0.0,2.096290111541748,False
2016-04-12,215261.59642656488,TQQQ,105508.92452632039,0.0,2.096290111541748,False
2016-04-13,223664.77064947918,TQQQ,105508.92452632039,0.0,2.096290111541748,False
2016-04-14,223811.0989590079,TQQQ,105508.92452632039,0.0,2.096290111541748,False
2016-04-15,222097.06795425137,TQQQ,105508.92452632039,0.0,2.096290111541748,False
2016-04-18,225378.80165423572,TQQQ,105508.92452632039,0.0,2.096290111541748,False
2016-04-19,221490.85067191804,TQQQ,105508.92452632039,0.0,2.096290111541748,False
2016-04-20,222034.38097688407,TQQQ,105508.92452632039,0.0,2.096290111541748,False
2016-04-21,222097.06795425137,TQQQ,105508.92452632039,0.0,2.096290111541748,False
2016-04-22,212042.57485923567,TQQQ,105508.92452632039,0.0,2.096290111541748,False
2016-04-25,211875.36766077642,TQQQ,105508.92452632039,0.0,2.096290111541748,False
2016-04-26,208969.73066970802,TQQQ,105508.92452632039,0.0,2.096290111541748,False
2016-04-27,202636.03735249647,CASH,0.0,202636.03735249647,,False
2016-04-28,202636.03735249647,CASH,0.0,202636.03735249647,,False
2016-04-29,202636.03735249647,CASH,0.0,202636.03735249647,,False
2016-05-02,202636.03735249647,GLD,1644.2392150679193,0.0,123.23999786376953,False
2016-05-03,202175.6523794054,GLD,1644.2392150679193,0.0,123.23999786376953,False
2016-05-04,200942.47296810447,GLD,1644.2392150679193,0.0,123.23999786376953,False
2016-05-05,200712.28048155893,GLD,1644.2392150679193,0.0,123.23999786376953,False
2016-05-06,202537.3870138483,GLD,1644.2392150679193,0.0,123.23999786376953,False
2016-05-09,198377.4638068544,GLD,1644.2392150679193,0.0,123.23999786376953,False
2016-05-10,198920.06575851873,GLD,1644.2392150679193,0.0,123.23999786376953,False
2016-05-11,200794.4974601322,GLD,1644.2392150679193,0.0,123.23999786376953,False
2016-05-12,199216.02931901295,GLD,1644.2392150679193,0.0,123.23999786376953,False
2016-05-13,200120.3533605705,GLD,1644.2392150679193,0.0,123.23999786376953,False
2016-05-16,200268.34141309245,GLD,1644.2392150679193,0.0,123.23999786376953,False
2016-05-17,200958.91887272903,GLD,1644.2392150679193,0.0,123.23999786376953,False
2016-05-18,197473.12722074718,GLD,1644.2392150679193,0.0,123.23999786376953,False
2016-05-19,197094.95922622937,GLD,1644.2392150679193,0.0,123.23999786376953,False
2016-05-20,196831.87493043466,GLD,1644.2392150679193,0.0,123.23999786376953,False
2016-05-23,196272.8396186954,GLD,1644.2392150679193,0.0,123.23999786376953,False
2016-05-24,192869.2649452868,GLD,1644.2392150679193,0.0,123.23999786376953,False
2016-05-25,192343.10889824707,GLD,1644.2392150679193,0.0,123.23999786376953,False
2016-05-26,191685.41070330996,GLD,1644.2392150679193,0.0,123.23999786376953,False
2016-05-27,190106.9425621907,GLD,1644.2392150679193,0.0,123.23999786376953,False
2016-05-31,190830.3992865268,GLD,1644.2392150679193,0.0,123.23999786376953,False
2016-06-01,190633.09860923045,GLD,1644.2392150679193,0.0,116.05999755859375,False
2016-06-02,190189.14699621432,GLD,1644.2392150679193,0.0,116.05999755859375,False
2016-06-03,195467.15337123637,GLD,1644.2392150679193,0.0,116.05999755859375,False
2016-06-06,195532.92444518505,GLD,1644.2392150679193,0.0,116.05999755859375,False
2016-06-07,195368.5030325882,GLD,1644.2392150679193,0.0,116.05999755859375,False
2016-06-08,198262.36756358162,GLD,1644.2392150679193,0.0,116.05999755859375,False
2016-06-09,199364.0048269852,GLD,1644.2392150679193,0.0,116.05999755859375,False
2016-06-10,200169.6785298946,GLD,1644.2392150679193,0.0,116.05999755859375,False
2016-06-13,201649.49633236564,GLD,1644.2392150679193,0.0,116.05999755859375,False
2016-06-14,201863.2429142866,GLD,1644.2392150679193,0.0,116.05999755859375,False
2016-06-15,203359.50662138226,GLD,1644.2392150679193,0.0,116.05999755859375,False
2016-06-16,201221.99062397407,GLD,1644.2392150679193,0.0,116.05999755859375,False
2016-06-17,203803.44568984874,GLD,1644.2392150679193,0.0,116.05999755859375,False
2016-06-20,202586.71218317238,GLD,1644.2392150679193,0.0,116.05999755859375,False
2016-06-21,198689.8607274235,GLD,1644.2392150679193,0.0,116.05999755859375,False
2016-06-22,198788.52361062137,GLD,1644.2392150679193,0.0,116.05999755859375,False
2016-06-23,197489.57312537177,GLD,1644.2392150679193,0.0,116.05999755859375,False
2016-06-24,207174.14109855783,GLD,1644.2392150679193,0.0,116.05999755859375,False
2016-06-27,208292.224266586,GLD,1644.2392150679193,0.0,116.05999755859375,False
2016-06-28,206056.05793052967,GLD,1644.2392150679193,0.0,116.05999755859375,False
2016-06-29,206911.0568027631,GLD,1644.2392150679193,0.0,116.05999755859375,False
2016-06-30,207946.9355367677,GLD,1644.2392150679193,0.0,116.05999755859375,False
2016-07-01,211136.76362825537,SHY,3020.7594963863708,0.0,69.89525775912678,False
2016-07-05,211235.69545355608,SHY,3020.7594963863708,0.0,69.89525775912678,False
2016-07-06,211136.76362825537,SHY,3020.7594963863708,0.0,69.89525775912678,False
2016-07-07,211037.73882191585,SHY,3020.7594963863708,0.0,69.89525775912678,False
2016-07-08,211037.73882191585,SHY,3020.7594963863708,0.0,69.89525775912678,False
2016-07-11,210814.9330076519,SHY,3020.7594963863708,0.0,69.89525775912678,False
2016-07-12,210740.71089341663,SHY,3020.7594963863708,0.0,69.89525775912678,False
2016-07-13,210790.26978710582,SHY,3020.7594963863708,0.0,69.89525775912678,False
2016-07-14,210666.41904340227,SHY,3020.7594963863708,0.0,69.89525775912678,False
2016-07-15,210567.4174823225,SHY,3020.7594963863708,0.0,69.89525775912678,False
2016-07-18,210691.17524498716,SHY,3020.7594963863708,0.0,69.89525775912678,False
2016-07-19,210715.90820131238,SHY,3020.7594963863708,0.0,69.89525775912678,False
2016-07-20,210616.90664023257,SHY,3020.7594963863708,0.0,69.89525775912678,False
2016-07-21,210765.37411396272,SHY,3020.7594963863708,0.0,69.89525775912678,False
2016-07-22,210691.17524498716,SHY,3020.7594963863708,0.0,69.89525775912678,False
2016-07-25,210542.54505443905,SHY,3020.7594963863708,0.0,69.89525775912678,False
2016-07-26,210567.4174823225,SHY,3020.7594963863708,0.0,69.89525775912678,False
2016-07-27,210715.90820131238,SHY,3020.7594963863708,0.0,69.89525775912678,False
2016-07-28,210691.17524498716,SHY,3020.7594963863708,0.0,69.89525775912678,False
2016-07-29,210963.37723612235,SHY,3020.7594963863708,0.0,69.89525775912678,False
2016-08-01,210891.52613837694,TECL,51822.8491256104,0.0,4.069469928741455,False
2016-08-02,206088.89453998252,TECL,51822.8491256104,0.0,4.069469928741455,False
2016-08-03,208113.5087611429,TECL,51822.8491256104,0.0,4.069469928741455,False
2016-08-04,211315.24668603245,TECL,51822.8491256104,0.0,4.069469928741455,False
2016-08-05,217530.49839097616,TECL,51822.8491256104,0.0,4.069469928741455,False
2016-08-08,217812.9210969396,TECL,51822.8491256104,0.0,4.069469928741455,False
2016-08-09,218942.98258669488,TECL,51822.8491256104,0.0,4.069469928741455,False
2016-08-10,217012.48043795218,TECL,51822.8491256104,0.0,4.069469928741455,False
2016-08-11,219508.0503981627,TECL,51822.8491256104,0.0,4.069469928741455,False
2016-08-12,218519.18790585906,TECL,51822.8491256104,0.0,4.069469928741455,False
2016-08-15,221297.2299941532,TECL,51822.8491256104,0.0,4.069469928741455,False
2016-08-16,217012.48043795218,TECL,51822.8491256104,0.0,4.069469928741455,False
2016-08-17,216729.98359880844,TECL,51822.8491256104,0.0,4.069469928741455,False
2016-08-18,216447.4867596647,TECL,51822.8491256104,0.0,4.069469928741455,False
2016-08-19,217059.5797185162,TECL,51822.8491256104,0.0,4.069469928741455,False
2016-08-22,216777.08287937246,TECL,51822.8491256104,0.0,4.069469928741455,False
2016-08-23,219131.30557577068,TECL,51822.8491256104,0.0,4.069469928741455,False
2016-08-24,215976.66693144516,TECL,51822.8491256104,0.0,4.069469928741455,False
2016-08-25,216918.30658788423,TECL,51822.8491256104,0.0,4.069469928741455,False
2016-08-26,217247.9521297122,TECL,51822.8491256104,0.0,4.069469928741455,False
2016-08-29,219508.0503981627,TECL,51822.8491256104,0.0,4.069469928741455,False
2016-08-30,217577.5729604801,TECL,51822.8491256104,0.0,4.069469928741455,False
2016-08-31,216965.40586844826,TECL,51822.8491256104,0.0,4.069469928741455,False
2016-09-01,218519.18790585906,TQQQ,90348.40825060062,0.0,2.418627977371216,False
2016-09-02,221078.8308539149,TQQQ,90348.40825060062,0.0,2.418627977371216,False
2016-09-06,225177.7965601676,TQQQ,90348.40825060062,0.0,2.418627977371216,False
2016-09-07,225589.56932917013,TQQQ,90348.40825060062,0.0,2.418627977371216,False
2016-09-08,221723.26514614388,TQQQ,90348.40825060062,0.0,2.418627977371216,False
2016-09-09,204915.45722621755,TQQQ,90348.40825060062,0.0,2.418627977371216,False
2016-09-12,215422.59895377903,TQQQ,90348.40825060062,0.0,2.418627977371216,False
2016-09-13,210339.0491438661,TQQQ,90348.40825060062,0.0,2.418627977371216,False
2016-09-14,213041.830303369,TQQQ,90348.40825060062,0.0,2.418627977371216,False
2016-09-15,222922.50271512687,TQQQ,90348.40825060062,0.0,2.418627977371216,False
2016-09-16,222671.89775621417,TQQQ,90348.40825060062,0.0,2.418627977371216,False
2016-09-19,219754.20464251903,TQQQ,90348.40825060062,0.0,2.418627977371216,False
2016-09-20,220971.4502694057,TQQQ,90348.40825060062,0.0,2.418627977371216,False
2016-09-21,227397.44048196604,TQQQ,90348.40825060062,0.0,2.418627977371216,False
2016-09-22,232713.69489658362,TQQQ,90348.40825060062,0.0,2.418627977371216,False
2016-09-23,228525.1627970733,TQQQ,90348.40825060062,0.0,2.418627977371216,False
2016-09-26,222850.90129829466,TQQQ,90348.40825060062,0.0,2.418627977371216,False
2016-09-27,229169.5970893023,TQQQ,90348.40825060062,0.0,2.418627977371216,False
2016-09-28,230422.4710986921,TQQQ,90348.40825060062,0.0,2.418627977371216,False
2016-09-29,225535.868266546,TQQQ,90348.40825060062,0.0,2.418627977371216,False
2016-09-30,230171.84459904025,TQQQ,90348.40825060062,0.0,2.418627977371216,False
2016-10-03,229652.7989492241,TECL,52571.51256492352,0.0,4.368388652801514,False
2016-10-04,227455.5592413593,TECL,52571.51256492352,0.0,4.368388652801514,False
2016-10-05,229796.08792676177,TECL,52571.51256492352,0.0,4.368388652801514,False
2016-10-06,231372.29174772694,TECL,52571.51256492352,0.0,4.368388652801514,False
2016-10-07,229509.43476753446,TECL,52571.51256492352,0.0,4.368388652801514,False
2016-10-10,234142.6622976918,TECL,52571.51256492352,0.0,4.368388652801514,False
2016-10-11,226643.50480847692,TECL,52571.51256492352,0.0,4.368388652801514,False
2016-10-12,227360.10010446925,TECL,52571.51256492352,0.0,4.368388652801514,False
2016-10-13,223347.8332570596,TECL,52571.51256492352,0.0,4.368388652801514,False
2016-10-14,225879.3804884448,TECL,52571.51256492352,0.0,4.368388652801514,False
2016-10-17,224303.12653137834,TECL,52571.51256492352,0.0,4.368388652801514,False
2016-10-18,228363.122947233,TECL,52571.51256492352,0.0,4.368388652801514,False
2016-10-19,228745.2853794517,TECL,52571.51256492352,0.0,4.368388652801514,False
2016-10-20,225974.9148294868,TECL,52571.51256492352,0.0,4.368388652801514,False
2016-10-21,227360.10010446925,TECL,52571.51256492352,0.0,4.368388652801514,False
2016-10-24,234238.22170678448,TECL,52571.51256492352,0.0,4.368388652801514,False
2016-10-25,231945.49779397895,TECL,52571.51256492352,0.0,4.368388652801514,False
2016-10-26,228315.393378788,TECL,52571.51256492352,0.0,4.368388652801514,False
2016-10-27,226643.50480847692,TECL,52571.51256492352,0.0,4.368388652801514,False
2016-10-28,225879.3804884448,TECL,52571.51256492352,0.0,4.368388652801514,False
2016-10-31,225974.9148294868,TECL,52571.51256492352,0.0,4.368388652801514,False
2016-11-01,220099.81606993533,TQQQ,92471.38798618347,0.0,2.3801937103271484,False
2016-11-02,214365.506365714,TQQQ,92471.38798618347,0.0,2.3801937103271484,False
2016-11-03,208191.60358358116,TQQQ,92471.38798618347,0.0,2.3801937103271484,False
2016-11-04,205828.26442014263,TQQQ,92471.38798618347,0.0,2.3801937103271484,False
2016-11-07,220576.02904364959,TQQQ,92471.38798618347,0.0,2.3801937103271484,False
2016-11-08,224899.69009462406,TQQQ,92471.38798618347,0.0,2.3801937103271484,False
2016-11-09,228050.72079162105,TQQQ,92471.38798618347,0.0,2.3801937103271484,False
2016-11-10,217205.16873735143,TQQQ,92471.38798618347,0.0,2.3801937103271484,False
2016-11-11,217021.95902385304,TQQQ,92471.38798618347,0.0,2.3801937103271484,False
2016-11-14,209693.8350466803,TQQQ,92471.38798618347,0.0,2.3801937103271484,False
2016-11-15,219403.61915864144,TQQQ,92471.38798618347,0.0,2.3801937103271484,False
2016-11-16,222976.05424358166,TQQQ,92471.38798618347,0.0,2.3801937103271484,False
2016-11-17,228142.34769526718,TQQQ,92471.38798618347,0.0,2.3801937103271484,False
2016-11-18,225577.45580008347,TQQQ,92471.38798618347,0.0,2.3801937103271484,False
2016-11-21,232356.10496503953,TQQQ,92471.38798618347,0.0,2.3801937103271484,False
2016-11-22,234444.58546443662,TQQQ,92471.38798618347,0.0,2.3801937103271484,False
2016-11-23,231623.17792345822,TQQQ,92471.38798618347,0.0,2.3801937103271484,False
2016-11-25,233858.3364281387,TQQQ,92471.38798618347,0.0,2.3801937103271484,False
2016-11-28,232557.52541540313,TQQQ,92471.38798618347,0.0,2.3801937103271484,False
2016-11-29,234792.68392008357,TQQQ,92471.38798618347,0.0,2.3801937103271484,False
2016-11-30,227189.76741956017,TQQQ,92471.38798618347,0.0,2.3801937103271484,False
2016-12-01,214713.62686825788,TQQQ,92471.38798618347,0.0,2.4568655490875244,False
2016-12-02,215574.62433411262,TQQQ,92471.38798618347,0.0,2.4568655490875244,False
2016-12-05,220557.79625988746,TQQQ,92471.38798618347,0.0,2.4568655490875244,False
2016-12-06,222151.65462663275,TQQQ,92471.38798618347,0.0,2.4568655490875244,False
2016-12-07,230395.7830775036,TQQQ,92471.38798618347,0.0,2.4568655490875244,False
2016-12-08,231806.49787144127,TQQQ,92471.38798618347,0.0,2.4568655490875244,False
2016-12-09,237229.1746875399,TQQQ,92471.38798618347,0.0,2.4568655490875244,False
2016-12-12,233931.51007905338,TQQQ,92471.38798618347,0.0,2.4568655490875244,False
2016-12-13,243073.41021986026,TQQQ,92471.38798618347,0.0,2.4568655490875244,False
2016-12-14,241296.3421396166,TQQQ,92471.38798618347,0.0,2.4568655490875244,False
2016-12-15,242761.93166001607,TQQQ,92471.38798618347,0.0,2.4568655490875244,False
2016-12-16,239812.3655071765,TQQQ,92471.38798618347,0.0,2.4568655490875244,False
2016-12-19,242743.58864176928,TQQQ,92471.38798618347,0.0,2.4568655490875244,False
2016-12-20,245674.833823259,TQQQ,92471.38798618347,0.0,2.4568655490875244,False
2016-12-21,244813.79226361038,TQQQ,92471.38798618347,0.0,2.4568655490875244,False
2016-12-22,242688.71391530748,TQQQ,92471.38798618347,0.0,2.4568655490875244,False
2016-12-23,243439.7855530632,TQQQ,92471.38798618347,0.0,2.4568655490875244,False
2016-12-27,246993.92171355055,TQQQ,92471.38798618347,0.0,2.4568655490875244,False
2016-12-28,241277.9770744729,TQQQ,92471.38798618347,0.0,2.4568655490875244,False
2016-12-29,240105.50104877393,TQQQ,92471.38798618347,0.0,2.4568655490875244,False
2016-12-30,233088.83358454847,TQQQ,92471.38798618347,0.0,2.4568655490875244,False
2017-01-03,238731.49433822674,TQQQ,92471.38798618347,0.0,2.5206589698791504,False
2017-01-04,242798.63974340653,TQQQ,92471.38798618347,0.0,2.5206589698791504,False
2017-01-05,247103.8695885465,TQQQ,92471.38798618347,0.0,2.5206589698791504,False
2017-01-06,253369.3551805316,TQQQ,92471.38798618347,0.0,2.5206589698791504,False
2017-01-09,255934.2470757153,TQQQ,92471.38798618347,0.0,2.5206589698791504,False
2017-01-10,257399.81454921784,TQQQ,92471.38798618347,0.0,2.5206589698791504,False
2017-01-11,259378.43536120668,TQQQ,92471.38798618347,0.0,2.5206589698791504,False
2017-01-12,258059.32542401823,TQQQ,92471.38798618347,0.0,2.5206589698791504,False
2017-01-13,261027.23459510453,TQQQ,92471.38798618347,0.0,2.5206589698791504,False
2017-01-17,258572.33466871065,TQQQ,92471.38798618347,0.0,2.5206589698791504,False
2017-01-18,260331.0817776045,TQQQ,92471.38798618347,0.0,2.5206589698791504,False
2017-01-19,259634.9069132075,TQQQ,92471.38798618347,0.0,2.5206589698791504,False
2017-01-20,261320.41423049584,TQQQ,92471.38798618347,0.0,2.5206589698791504,False
2017-01-23,261906.59712610298,TQQQ,92471.38798618347,0.0,2.5206589698791504,False
2017-01-24,267366.0481662829,TQQQ,92471.38798618347,0.0,2.5206589698791504,False
2017-01-25,275170.49535165454,TQQQ,92471.38798618347,0.0,2.5206589698791504,False
2017-01-26,276306.37352844764,TQQQ,92471.38798618347,0.0,2.5206589698791504,False
2017-01-27,277625.3952780484,TQQQ,92471.38798618347,0.0,2.5206589698791504,False
2017-01-30,271323.28979026055,TQQQ,92471.38798618347,0.0,2.5206589698791504,False
2017-01-31,269820.9921864706,TQQQ,92471.38798618347,0.0,2.5206589698791504,False
2017-02-01,274950.7098361472,TECL,53656.087845261885,0.0,5.12431526184082,False
2017-02-02,274024.44824506465,TECL,53656.087845261885,0.0,5.12431526184082,False
2017-02-03,279094.5170773517,TECL,53656.087845261885,0.0,5.12431526184082,False
2017-02-06,279581.9410359108,TECL,53656.087845261885,0.0,5.12431526184082,False
2017-02-07,282994.52279101906,TECL,53656.087845261885,0.0,5.12431526184082,False
2017-02-08,284652.00986819784,TECL,53656.087845261885,0.0,5.12431526184082,False
2017-02-09,287674.4938281169,TECL,53656.087845261885,0.0,5.12431526184082,False
2017-02-10,289429.5117503971,TECL,53656.087845261885,0.0,5.12431526184082,False
2017-02-13,293426.9715535165,TECL,53656.087845261885,0.0,5.12431526184082,False
2017-02-14,296595.7773663042,TECL,53656.087845261885,0.0,5.12431526184082,False
2017-02-15,299667.02674877393,TECL,53656.087845261885,0.0,5.12431526184082,False
2017-02-16,302055.79048248177,TECL,53656.087845261885,0.0,5.12431526184082,False
2017-02-17,304151.9872661018,TECL,53656.087845261885,0.0,5.12431526184082,False
2017-02-21,309465.8320407095,TECL,53656.087845261885,0.0,5.12431526184082,False
2017-02-22,310782.0635008991,TECL,53656.087845261885,0.0,5.12431526184082,False
2017-02-23,310099.6290225701,TECL,53656.087845261885,0.0,5.12431526184082,False
2017-02-24,312439.55057807785,TECL,53656.087845261885,0.0,5.12431526184082,False
2017-02-27,311610.89658774604,TECL,53656.087845261885,0.0,5.12431526184082,False
2017-02-28,307662.07428109506,TECL,53656.087845261885,0.0,5.12431526184082,False
2017-03-01,320337.11843573046,TECL,53656.087845261885,0.0,5.733963966369629,False
2017-03-02,314438.2932722458,TECL,53656.087845261885,0.0,5.733963966369629,False
2017-03-03,315267.1007738763,TECL,53656.087845261885,0.0,5.733963966369629,False
2017-03-06,314292.0993454595,TECL,53656.087845261885,0.0,5.733963966369629,False
2017-03-07,314584.6151251144,TECL,53656.087845261885,0.0,5.733963966369629,False
2017-03-08,315364.52927811194,TECL,53656.087845261885,0.0,5.733963966369629,False
2017-03-09,315023.32483155566,TECL,53656.087845261885,0.0,5.733963966369629,False
2017-03-10,320044.57707085914,TECL,53656.087845261885,0.0,5.733963966369629,False
2017-03-13,321507.07921348437,TECL,53656.087845261885,0.0,5.733963966369629,False
2017-03-14,318582.1005134503,TECL,53656.087845261885,0.0,5.733963966369629,False
2017-03-15,324968.37522071047,TECL,53656.087845261885,0.0,5.733963966369629,False
2017-03-16,327015.88333742914,TECL,53656.087845261885,0.0,5.733963966369629,False
2017-03-17,327600.83814108965,TECL,53656.087845261885,0.0,5.733963966369629,False
2017-03-20,328429.5688870708,TECL,53656.087845261885,0.0,5.733963966369629,False
2017-03-21,314877.0797343364,TECL,53656.087845261885,0.0,5.733963966369629,False
2017-03-22,320629.60863016895,TECL,53656.087845261885,0.0,5.733963966369629,False
2017-03-23,317802.08401958697,TECL,53656.087845261885,0.0,5.733963966369629,False
2017-03-24,318192.10505912686,TECL,53656.087845261885,0.0,5.733963966369629,False
2017-03-27,318192.10505912686,TECL,53656.087845261885,0.0,5.733963966369629,False
2017-03-28,324285.88957194856,TECL,53656.087845261885,0.0,5.733963966369629,False
2017-03-29,326382.16311121796,TECL,53656.087845261885,0.0,5.733963966369629,False
2017-03-30,327893.32833552815,TECL,53656.087845261885,0.0,5.733963966369629,False
2017-03-31,326382.16311121796,TECL,53656.087845261885,0.0,5.733963966369629,False
2017-04-03,325407.1616828011,TQQQ,93302.0388791709,0.0,3.4876747131347656,False
2017-04-04,326885.9830182714,TQQQ,93302.0388791709,0.0,3.4876747131347656,False
2017-04-05,323151.92522267613,TQQQ,93302.0388791709,0.0,3.4876747131347656,False
2017-04-06,323410.7895840664,TQQQ,93302.0388791709,0.0,3.4876747131347656,False
2017-04-07,323041.10093390354,TQQQ,93302.0388791709,0.0,3.4876747131347656,False
2017-04-10,323410.7895840664,TQQQ,93302.0388791709,0.0,3.4876747131347656,False
2017-04-11,319344.1476974557,TQQQ,93302.0388791709,0.0,3.4876747131347656,False
2017-04-12,315129.62145280396,TQQQ,93302.0388791709,0.0,3.4876747131347656,False
2017-04-13,311395.6303920273,TQQQ,93302.0388791709,0.0,3.4876747131347656,False
2017-04-17,318789.581354802,TQQQ,93302.0388791709,0.0,3.4876747131347656,False
2017-04-18,317865.2818721063,TQQQ,93302.0388791709,0.0,3.4876747131347656,False
2017-04-19,318974.39231247414,TQQQ,93302.0388791709,0.0,3.4876747131347656,False
2017-04-20,326701.0163460225,TQQQ,93302.0388791709,0.0,3.4876747131347656,False
2017-04-21,326553.154232921,TQQQ,93302.0388791709,0.0,3.4876747131347656,False
2017-04-24,338420.51804667735,TQQQ,93302.0388791709,0.0,3.4876747131347656,False
2017-04-25,345925.3155431642,TQQQ,93302.0388791709,0.0,3.4876747131347656,False
2017-04-26,344409.5453631232,TQQQ,93302.0388791709,0.0,3.4876747131347656,False
2017-04-27,350435.6105038979,TQQQ,93302.0388791709,0.0,3.4876747131347656,False
2017-04-28,352431.9381127535,TQQQ,93302.0388791709,0.0,3.4876747131347656,False
2017-05-01,361304.66592111945,TECL,54994.39559762295,0.0,6.569845199584961,False
2017-05-02,363503.1547019603,TECL,54994.39559762295,0.0,6.569845199584961,False
2017-05-03,361254.6841753952,TECL,54994.39559762295,0.0,6.569845199584961,False
2017-05-04,360954.92481790634,TECL,54994.39559762295,0.0,6.569845199584961,False
2017-05-05,365152.05406680505,TECL,54994.39559762295,0.0,6.569845199584961,False
2017-05-08,369648.94267319253,TECL,54994.39559762295,0.0,6.569845199584961,False
2017-05-09,370898.1454124713,TECL,54994.39559762295,0.0,6.569845199584961,False
2017-05-10,375245.2198985427,TECL,54994.39559762295,0.0,6.569845199584961,False
2017-05-11,373996.06960600655,TECL,54994.39559762295,0.0,6.569845199584961,False
2017-05-12,377043.98583044624,TECL,54994.39559762295,0.0,6.569845199584961,False
2017-05-15,382340.34635807964,TECL,54994.39559762295,0.0,6.569845199584961,False
2017-05-16,387986.5528824114,TECL,54994.39559762295,0.0,6.569845199584961,False
2017-05-17,355908.36812540883,TECL,54994.39559762295,0.0,6.569845199584961,False
2017-05-18,363353.2881349015,TECL,54994.39559762295,0.0,6.569845199584961,False
2017-05-19,368899.47872104216,TECL,54994.39559762295,0.0,6.569845199584961,False
2017-05-22,378093.1829167141,TECL,54994.39559762295,0.0,6.569845199584961,False
2017-05-23,379242.5008346584,TECL,54994.39559762295,0.0,6.569845199584961,False
2017-05-24,383489.58560590993,TECL,54994.39559762295,0.0,6.569845199584961,False
2017-05-25,392833.3137088686,TECL,54994.39559762295,0.0,6.569845199584961,False
2017-05-26,392483.44148879894,TECL,54994.39559762295,0.0,6.569845199584961,False
2017-05-30,396880.52394396585,TECL,54994.39559762295,0.0,6.569845199584961,False
2017-05-31,394482.08195685677,TECL,54994.39559762295,0.0,6.569845199584961,False
2017-06-01,397130.27533235913,TQQQ,93233.0514849871,0.0,4.2595438957214355,False
2017-06-02,410688.01033679186,TQQQ,93233.0514849871,0.0,4.2595438957214355,False
2017-06-05,410355.47210155294,TQQQ,93233.0514849871,0.0,4.2595438957214355,False
2017-06-06,405700.8259478749,TQQQ,93233.0514849871,0.0,4.2595438957214355,False
2017-06-07,410133.8095827159,TQQQ,93233.0514849871,0.0,4.2595438957214355,False
2017-06-08,411242.21109086776,TQQQ,93233.0514849871,0.0,4.2595438957214355,False
2017-06-09,365359.8533057704,CASH,0.0,365359.8533057704,,False
2017-06-12,365359.8533057704,CASH,0.0,365359.8533057704,,False
2017-06-13,365359.8533057704,CASH,0.0,365359.8533057704,,False
2017-06-14,365359.8533057704,CASH,0.0,365359.8533057704,,False
2017-06-15,365359.8533057704,CASH,0.0,365359.8533057704,,False
2017-06-16,365359.8533057704,CASH,0.0,365359.8533057704,,False
2017-06-19,365359.8533057704,CASH,0.0,365359.8533057704,,False
2017-06-20,365359.8533057704,CASH,0.0,365359.8533057704,,False
2017-06-21,365359.8533057704,CASH,0.0,365359.8533057704,,False
2017-06-22,365359.8533057704,CASH,0.0,365359.8533057704,,False
2017-06-23,365359.8533057704,CASH,0.0,365359.8533057704,,False
2017-06-26,365359.8533057704,CASH,0.0,365359.8533057704,,False
2017-06-27,365359.8533057704,CASH,0.0,365359.8533057704,,False
2017-06-28,365359.8533057704,CASH,0.0,365359.8533057704,,False
2017-06-29,365359.8533057704,CASH,0.0,365359.8533057704,,False
2017-06-30,365359.8533057704,CASH,0.0,365359.8533057704,,False
2017-07-03,365359.8533057704,TECL,57193.53448756464,0.0,6.388132095336914,False
2017-07-05,375804.6484370982,TECL,57193.53448756464,0.0,6.388132095336914,False
2017-07-06,365983.4549138525,TECL,57193.53448756464,0.0,6.388132095336914,False
2017-07-07,377935.13726869866,TECL,57193.53448756464,0.0,6.388132095336914,False
2017-07-10,386249.3617524187,TECL,57193.53448756464,0.0,6.388132095336914,False
2017-07-11,389679.03423685813,TECL,57193.53448756464,0.0,6.388132095336914,False
2017-07-12,404125.0684800279,TECL,57193.53448756464,0.0,6.388132095336914,False
2017-07-13,406307.592292308,TECL,57193.53448756464,0.0,6.388132095336914,False
2017-07-14,416544.46567693684,TECL,57193.53448756464,0.0,6.388132095336914,False
2017-07-17,417531.8485257348,TECL,57193.53448756464,0.0,6.388132095336914,False
2017-07-18,422884.0062790684,TECL,57193.53448756464,0.0,6.388132095336914,False
2017-07-19,428808.0306518315,TECL,57193.53448756464,0.0,6.388132095336914,False
2017-07-20,432341.6094656155,TECL,57193.53448756464,0.0,6.388132095336914,False
2017-07-21,429847.4757533115,TECL,57193.53448756464,0.0,6.388132095336914,False
2017-07-24,433796.57079646393,TECL,57193.53448756464,0.0,6.388132095336914,False
2017-07-25,431146.35941412346,TECL,57193.53448756464,0.0,6.388132095336914,False
2017-07-26,435771.20013404754,TECL,57193.53448756464,0.0,6.388132095336914,False
2017-07-27,430574.82005872345,TECL,57193.53448756464,0.0,6.388132095336914,False
2017-07-28,428808.0306518315,TECL,57193.53448756464,0.0,6.388132095336914,False
2017-07-31,423871.4163998688,TECL,57193.53448756464,0.0,6.388132095336914,False
2017-08-01,429067.8782912002,TQQQ,97863.35389281229,0.0,4.38435697555542,False
2017-08-02,432208.938268674,TQQQ,97863.35389281229,0.0,4.38435697555542,False
2017-08-03,427710.6301527856,TQQQ,97863.35389281229,0.0,4.38435697555542,False
2017-08-04,429378.2464317742,TQQQ,97863.35389281229,0.0,4.38435697555542,False
2017-08-07,436978.4626878275,TQQQ,97863.35389281229,0.0,4.38435697555542,False
2017-08-08,435349.9515812642,TQQQ,97863.35389281229,0.0,4.38435697555542,False
2017-08-09,433643.60344891873,TQQQ,97863.35389281229,0.0,4.38435697555542,False
2017-08-10,405491.5191635815,TQQQ,97863.35389281229,0.0,4.38435697555542,False
2017-08-11,414759.21170397266,TQQQ,97863.35389281229,0.0,4.38435697555542,False
2017-08-14,430890.42198361625,TQQQ,97863.35389281229,0.0,4.38435697555542,False
2017-08-15,431666.0390133081,TQQQ,97863.35389281229,0.0,4.38435697555542,False
2017-08-16,433915.14640636876,TQQQ,97863.35389281229,0.0,4.38435697555542,False
2017-08-17,407236.41248974955,TQQQ,97863.35389281229,0.0,4.38435697555542,False
2017-08-18,405801.6539797377,TQQQ,97863.35389281229,0.0,4.38435697555542,False
2017-08-21,405064.90879805334,TQQQ,97863.35389281229,0.0,4.38435697555542,False
2017-08-22,423096.3131363609,TQQQ,97863.35389281229,0.0,4.38435697555542,False
2017-08-23,418365.61390033143,TQQQ,97863.35389281229,0.0,4.38435697555542,False
2017-08-24,414875.5472586939,TQQQ,97863.35389281229,0.0,4.38435697555542,False
2017-08-25,412083.72726980166,TQQQ,97863.35389281229,0.0,4.38435697555542,False
2017-08-28,415689.89614174265,TQQQ,97863.35389281229,0.0,4.38435697555542,False
2017-08-29,420808.4272250599,TQQQ,97863.35389281229,0.0,4.38435697555542,False
2017-08-30,435388.63676973747,TQQQ,97863.35389281229,0.0,4.38435697555542,False
2017-08-31,447758.5174395949,TQQQ,97863.35389281229,0.0,4.38435697555542,False
2017-09-01,447448.242628788,TQQQ,97863.35389281229,0.0,4.575344085693359,False
2017-09-05,435466.1471413348,TQQQ,97863.35389281229,0.0,4.575344085693359,False
2017-09-06,439227.476751121,TQQQ,97863.35389281229,0.0,4.575344085693359,False
2017-09-07,441941.9263630666,TQQQ,97863.35389281229,0.0,4.575344085693359,False
2017-09-08,431045.5360565779,TQQQ,97863.35389281229,0.0,4.575344085693359,False
2017-09-11,444772.7115297335,TQQQ,97863.35389281229,0.0,4.575344085693359,False
2017-09-12,448534.04113951966,TQQQ,97863.35389281229,0.0,4.575344085693359,False
2017-09-13,450395.270020409,TQQQ,97863.35389281229,0.0,4.575344085693359,False
2017-09-14,442794.96043458866,TQQQ,97863.35389281229,0.0,4.575344085693359,False
2017-09-15,446362.4907829399,TQQQ,97863.35389281229,0.0,4.575344085693359,False
2017-09-18,445276.6922722082,TQQQ,97863.35389281229,0.0,4.575344085693359,False
2017-09-19,447176.7930011051,TQQQ,97863.35389281229,0.0,4.575344085693359,False
2017-09-20,443454.28857444285,TQQQ,97863.35389281229,0.0,4.575344085693359,False
2017-09-21,434923.34121573606,TQQQ,97863.35389281229,0.0,4.575344085693359,False
2017-09-22,433837.5427050044,TQQQ,97863.35389281229,0.0,4.575344085693359,False
2017-09-25,420226.84278122074,TQQQ,97863.35389281229,0.0,4.575344085693359,False
2017-09-26,423096.3131363609,TQQQ,97863.35389281229,0.0,4.575344085693359,False
2017-09-27,434574.24122180516,TQQQ,97863.35389281229,0.0,4.575344085693359,False
2017-09-28,433837.5427050044,TQQQ,97863.35389281229,0.0,4.575344085693359,False
2017-09-29,443027.63154403114,TQQQ,97863.35389281229,0.0,4.575344085693359,False
2017-10-02,444268.5441277245,TQQQ,97863.35389281229,0.0,4.527002334594727,False
2017-10-03,447060.5041112674,TQQQ,97863.35389281229,0.0,4.527002334594727,False
2017-10-04,448223.8596584799,TQQQ,97863.35389281229,0.0,4.527002334594727,False
2017-10-05,461136.49958905246,TQQQ,97863.35389281229,0.0,4.527002334594727,False
2017-10-06,462804.11586804106,TQQQ,97863.35389281229,0.0,4.527002334594727,False
2017-10-09,461640.7603208286,TQQQ,97863.35389281229,0.0,4.527002334594727,False
2017-10-10,462610.0832821883,TQQQ,97863.35389281229,0.0,4.527002334594727,False
2017-10-11,466642.8625196574,TQQQ,97863.35389281229,0.0,4.527002334594727,False
2017-10-12,464122.44549356453,TQQQ,97863.35389281229,0.0,4.527002334594727,False
2017-10-13,469318.53361336264,TQQQ,97863.35389281229,0.0,4.527002334594727,False
2017-10-16,474165.61506899697,TQQQ,97863.35389281229,0.0,4.527002334594727,False
2017-10-17,475833.13801821845,TQQQ,97863.35389281229,0.0,4.527002334594727,False
2017-10-18,474010.45433115173,TQQQ,97863.35389281229,0.0,4.527002334594727,False
2017-10-19,468775.6343579968,TQQQ,97863.35389281229,0.0,4.527002334594727,False
2017-10-20,472188.05063338636,TQQQ,97863.35389281229,0.0,4.527002334594727,False
2017-10-23,463385.65364699665,TQQQ,97863.35389281229,0.0,4.527002334594727,False
2017-10-24,465750.9566001278,TQQQ,97863.35389281229,0.0,4.527002334594727,False
2017-10-25,460089.57292632834,TQQQ,97863.35389281229,0.0,4.527002334594727,False
2017-10-26,455823.982584766,TQQQ,97863.35389281229,0.0,4.527002334594727,False
2017-10-27,495105.2682806851,TQQQ,97863.35389281229,0.0,4.527002334594727,False
2017-10-30,498633.9734459124,TQQQ,97863.35389281229,0.0,4.527002334594727,False
2017-10-31,503907.66526707483,TQQQ,97863.35389281229,0.0,4.527002334594727,False
2017-11-01,503248.33712722064,TQQQ,97863.35389281229,0.0,5.149094581604004,False
2017-11-02,500689.1415828874,TQQQ,97863.35389281229,0.0,5.149094581604004,False
2017-11-03,514648.98816548544,TQQQ,97863.35389281229,0.0,5.149094581604004,False
2017-11-06,519883.7614737568,TQQQ,97863.35389281229,0.0,5.149094581604004,False
2017-11-07,520736.88887504593,TQQQ,97863.35389281229,0.0,5.149094581604004,False
2017-11-08,527251.5399447853,TQQQ,97863.35389281229,0.0,5.149094581604004,False
2017-11-09,518798.00962790864,TQQQ,97863.35389281229,0.0,5.149094581604004,False
2017-11-10,518642.9422198306,TQQQ,97863.35389281229,0.0,5.149094581604004,False
2017-11-13,520193.94295479654,TQQQ,97863.35389281229,0.0,5.149094581604004,False
2017-11-14,514959.07631675806,TQQQ,97863.35389281229,0.0,5.149094581604004,False
2017-11-15,507397.5919140617,TQQQ,97863.35389281229,0.0,5.149094581604004,False
2017-11-16,526398.2725488455,TQQQ,97863.35389281229,0.0,5.149094581604004,False
2017-11-17,520504.1711007199,TQQQ,97863.35389281229,0.0,5.149094581604004,False
2017-11-20,519224.6199934368,TQQQ,97863.35389281229,0.0,5.149094581604004,False
2017-11-21,535588.4547176394,TQQQ,97863.35389281229,0.0,5.149094581604004,False
2017-11-22,537721.1798910951,TQQQ,97863.35389281229,0.0,5.149094581604004,False
2017-11-24,543770.4887419495,TQQQ,97863.35389281229,0.0,5.149094581604004,False
2017-11-27,542878.6294873036,TQQQ,97863.35389281229,0.0,5.149094581604004,False
2017-11-28,546872.6302065322,TQQQ,97863.35389281229,0.0,5.149094581604004,False
2017-11-29,518759.23110966827,TQQQ,97863.35389281229,0.0,5.149094581604004,False
2017-11-30,531633.232516651,TQQQ,97863.35389281229,0.0,5.149094581604004,False
2017-12-01,524536.9970030725,TECL,52622.70747079733,0.0,9.967883110046387,False
2017-12-04,498862.43977560167,TECL,52622.70747079733,0.0,9.967883110046387,False
2017-12-05,499197.22340743925,TECL,52622.70747079733,0.0,9.967883110046387,False
2017-12-06,508615.9802365358,TECL,52622.70747079733,0.0,9.967883110046387,False
2017-12-07,517939.18496924214,TECL,52622.70747079733,0.0,9.967883110046387,False
2017-12-08,525636.7494402016,TECL,52622.70747079733,0.0,9.967883110046387,False
2017-12-11,538450.0647524525,TECL,52622.70747079733,0.0,9.967883110046387,False
2017-12-12,537589.4936658463,TECL,52622.70747079733,0.0,9.967883110046387,False
2017-12-13,538736.9217813213,TECL,52622.70747079733,0.0,9.967883110046387,False
2017-12-14,536394.1891323271,TECL,52622.70747079733,0.0,9.967883110046387,False
2017-12-15,555136.15069413,TECL,52622.70747079733,0.0,9.967883110046387,False
2017-12-18,569431.7279386182,TECL,52622.70747079733,0.0,9.967883110046387,False
2017-12-19,558721.4620755928,TECL,52622.70747079733,0.0,9.967883110046387,False
2017-12-20,558721.4620755928,TECL,52622.70747079733,0.0,9.967883110046387,False
2017-12-21,555275.8655241459,TECL,52622.70747079733,0.0,9.967883110046387,False
2017-12-22,553600.9938513912,TECL,52622.70747079733,0.0,9.967883110046387,False
2017-12-26,542498.2316932675,TECL,52622.70747079733,0.0,9.967883110046387,False
2017-12-27,544364.7094080482,TECL,52622.70747079733,0.0,9.967883110046387,False
2017-12-28,546326.739219219,TECL,52622.70747079733,0.0,9.967883110046387,False
2017-12-29,536803.4471922335,TECL,52622.70747079733,0.0,9.967883110046387,False
2018-01-02,556759.432264422,TECL,52622.70747079733,0.0,10.200984954833984,False
2018-01-03,570446.2663738194,TECL,52622.70747079733,0.0,10.200984954833984,False
2018-01-04,580256.9172789195,TECL,52622.70747079733,0.0,10.200984954833984,False
2018-01-05,598825.0884469204,TECL,52622.70747079733,0.0,10.200984954833984,False
2018-01-08,605237.868663844,TECL,52622.70747079733,0.0,10.200984954833984,False
2018-01-09,600021.4468638556,TECL,52622.70747079733,0.0,10.200984954833984,False
2018-01-10,593369.6358511829,TECL,52622.70747079733,0.0,10.200984954833984,False
2018-01-11,602031.5036478444,TECL,52622.70747079733,0.0,10.200984954833984,False
2018-01-12,611315.5641393826,TECL,52622.70747079733,0.0,10.200984954833984,False
2018-01-16,604280.8421522052,TECL,52622.70747079733,0.0,10.200984954833984,False
2018-01-17,631510.8811168675,TECL,52622.70747079733,0.0,10.200984954833984,False
2018-01-18,634717.2461328671,TECL,52622.70747079733,0.0,10.200984954833984,False
2018-01-19,637157.8895697065,TECL,52622.70747079733,0.0,10.200984954833984,False
2018-01-22,655726.211292481,TECL,52622.70747079733,0.0,10.200984954833984,False
2018-01-23,666302.5335918167,TECL,52622.70747079733,0.0,10.200984954833984,False
2018-01-24,650796.9978158335,TECL,52622.70747079733,0.0,10.200984954833984,False
2018-01-25,646489.9770340625,TECL,52622.70747079733,0.0,10.200984954833984,False
2018-01-26,675490.8412472663,TECL,52622.70747079733,0.0,10.200984954833984,False
2018-01-29,658118.9783112762,TECL,52622.70747079733,0.0,10.200984954833984,False
2018-01-30,639502.9307252311,TECL,52622.70747079733,0.0,10.200984954833984,False
2018-01-31,654864.8372470816,TECL,52622.70747079733,0.0,10.200984954833984,False
2018-02-01,655726.211292481,TECL,52622.70747079733,0.0,12.44452953338623,False
2018-02-02,602475.6502673151,CASH,0.0,602475.6502673151,,False
2018-02-05,602475.6502673151,CASH,0.0,602475.6502673151,,False
2018-02-06,602475.6502673151,CASH,0.0,602475.6502673151,,False
2018-02-07,602475.6502673151,CASH,0.0,602475.6502673151,,False
2018-02-08,602475.6502673151,CASH,0.0,602475.6502673151,,False
2018-02-09,602475.6502673151,CASH,0.0,602475.6502673151,,False
2018-02-12,602475.6502673151,CASH,0.0,602475.6502673151,,False
2018-02-13,602475.6502673151,CASH,0.0,602475.6502673151,,False
2018-02-14,602475.6502673151,CASH,0.0,602475.6502673151,,False
2018-02-15,602475.6502673151,CASH,0.0,602475.6502673151,,False
2018-02-16,602475.6502673151,CASH,0.0,602475.6502673151,,False
2018-02-20,602475.6502673151,CASH,0.0,602475.6502673151,,False
2018-02-21,602475.6502673151,CASH,0.0,602475.6502673151,,False
2018-02-22,602475.6502673151,CASH,0.0,602475.6502673151,,False
2018-02-23,602475.6502673151,CASH,0.0,602475.6502673151,,False
2018-02-26,602475.6502673151,CASH,0.0,602475.6502673151,,False
2018-02-27,602475.6502673151,CASH,0.0,602475.6502673151,,False
2018-02-28,602475.6502673151,CASH,0.0,602475.6502673151,,False
2018-03-01,602475.6502673151,TQQQ,96093.97751586697,0.0,6.269650459289551,False
2018-03-02,619038.815182672,TQQQ,96093.97751586697,0.0,6.269650459289551,False
2018-03-05,638457.6018044031,TQQQ,96093.97751586697,0.0,6.269650459289551,False
2018-03-06,646529.5981886078,TQQQ,96093.97751586697,0.0,6.269650459289551,False
2018-03-07,651365.2905099845,TQQQ,96093.97751586697,0.0,6.269650459289551,False
2018-03-08,661074.6609102605,TQQQ,96093.97751586697,0.0,6.269650459289551,False
2018-03-09,699569.4459124337,TQQQ,96093.97751586697,0.0,6.269650459289551,False
2018-03-12,710040.364310334,TQQQ,96093.97751586697,0.0,6.269650459289551,False
2018-03-13,684262.9268355151,TQQQ,96093.97751586697,0.0,6.269650459289551,False
2018-03-14,681940.159621582,TQQQ,96093.97751586697,0.0,6.269650459289551,False
2018-03-15,678894.1050946224,TQQQ,96093.97751586697,0.0,6.269650459289551,False
2018-03-16,674401.201014535,TQQQ,96093.97751586697,0.0,6.269650459289551,False
2018-03-19,632060.781909076,TQQQ,96093.97751586697,0.0,6.269650459289551,False
2018-03-20,636706.1330522257,TQQQ,96093.97751586697,0.0,6.269650459289551,False
2018-03-21,627491.631386868,TQQQ,96093.97751586697,0.0,6.269650459289551,False
2018-03-22,581648.1373135165,TQQQ,96093.97751586697,0.0,6.269650459289551,False
2018-03-23,554277.5982459299,CASH,0.0,554277.5982459299,,False
2018-03-26,554277.5982459299,CASH,0.0,554277.5982459299,,False
2018-03-27,554277.5982459299,CASH,0.0,554277.5982459299,,False
2018-03-28,554277.5982459299,CASH,0.0,554277.5982459299,,False
2018-03-29,554277.5982459299,CASH,0.0,554277.5982459299,,False
2018-04-02,554277.5982459299,TQQQ,106668.83971338716,0.0,5.19624662399292,False
2018-04-03,572874.7279999424,TQQQ,106668.83971338716,0.0,5.19624662399292,False
2018-04-04,599967.2090430408,TQQQ,106668.83971338716,0.0,5.19624662399292,False
2018-04-05,609392.5516085434,TQQQ,106668.83971338716,0.0,5.19624662399292,False
2018-04-06,563914.3302089816,TQQQ,106668.83971338716,0.0,5.19624662399292,False
2018-04-09,575199.2992816526,TQQQ,106668.83971338716,0.0,5.19624662399292,False
2018-04-10,613196.4926274323,TQQQ,106668.83971338716,0.0,5.19624662399292,False
2018-04-11,602883.6299469554,TQQQ,106668.83971338716,0.0,5.19624662399292,False
2018-04-12,624016.6186528943,TQQQ,106668.83971338716,0.0,5.19624662399292,False
2018-04-13,614760.4486418306,TQQQ,106668.83971338716,0.0,5.19624662399292,False
2018-04-16,628327.8230167681,TQQQ,106668.83971338716,0.0,5.19624662399292,False
2018-04-17,668522.9371149277,TQQQ,106668.83971338716,0.0,5.19624662399292,False
2018-04-18,673172.1305420146,TQQQ,106668.83971338716,0.0,5.19624662399292,False
2018-04-19,654870.8747354379,TQQQ,106668.83971338716,0.0,5.19624662399292,False
2018-04-20,623467.1384647993,TQQQ,106668.83971338716,0.0,5.19624662399292,False
2018-04-23,618564.3387970532,TQQQ,106668.83971338716,0.0,5.19624662399292,False
2018-04-24,579130.0434208711,TQQQ,106668.83971338716,0.0,5.19624662399292,False
2018-04-25,581412.5504504705,TQQQ,106668.83971338716,0.0,5.19624662399292,False
2018-04-26,617465.2766935305,TQQQ,106668.83971338716,0.0,5.19624662399292,False
2018-04-27,618902.5313149318,TQQQ,106668.83971338716,0.0,5.19624662399292,False
2018-04-30,605715.4645736504,TQQQ,106668.83971338716,0.0,5.19624662399292,False
2018-05-01,625411.5038401863,TQQQ,106668.83971338716,0.0,5.678466796875,False
2018-05-02,614506.8424011713,TQQQ,106668.83971338716,0.0,5.678466796875,False
2018-05-03,614548.9575169487,TQQQ,106668.83971338716,0.0,5.678466796875,False
2018-05-04,649122.7717958275,TQQQ,106668.83971338716,0.0,5.678466796875,False
2018-05-07,664549.8744052661,TQQQ,106668.83971338716,0.0,5.678466796875,False
2018-05-08,662351.9027892199,TQQQ,106668.83971338716,0.0,5.678466796875,False
2018-05-09,684541.6350282386,TQQQ,106668.83971338716,0.0,5.678466796875,False
2018-05-10,705843.8980159493,TQQQ,106668.83971338716,0.0,5.678466796875,False
2018-05-11,703730.4618134561,TQQQ,106668.83971338716,0.0,5.678466796875,False
2018-05-14,706858.0686602541,TQQQ,106668.83971338716,0.0,5.678466796875,False
2018-05-15,683992.3074311429,TQQQ,106668.83971338716,0.0,5.678466796875,False
2018-05-16,696587.4228228872,TQQQ,106668.83971338716,0.0,5.678466796875,False
2018-05-17,688725.9854081165,TQQQ,106668.83971338716,0.0,5.678466796875,False
2018-05-18,677694.4699851054,TQQQ,106668.83971338716,0.0,5.678466796875,False
2018-05-21,689529.122700537,TQQQ,106668.83971338716,0.0,5.678466796875,False
2018-05-22,685936.316760865,TQQQ,106668.83971338716,0.0,5.678466796875,False
2018-05-23,703181.1342163604,TQQQ,106668.83971338716,0.0,5.678466796875,False
2018-05-24,702589.2337304896,TQQQ,106668.83971338716,0.0,5.678466796875,False
2018-05-25,704364.3756877714,TQQQ,106668.83971338716,0.0,5.678466796875,False
2018-05-29,695361.8627810333,TQQQ,106668.83971338716,0.0,5.678466796875,False
2018-05-30,710197.2683592668,TQQQ,106668.83971338716,0.0,5.678466796875,False
2018-05-31,708675.6309153115,TQQQ,106668.83971338716,0.0,5.678466796875,False
2018-06-01,741643.2214730156,TQQQ,106668.83971338716,0.0,6.643698692321777,False
2018-06-04,760663.0282947933,TQQQ,106668.83971338716,0.0,6.643698692321777,False
2018-06-05,768524.567436897,TQQQ,106668.83971338716,0.0,6.643698692321777,False
2018-06-06,781204.167378528,TQQQ,106668.83971338716,0.0,6.643698692321777,False
2018-06-07,763072.0841263903,TQQQ,106668.83971338716,0.0,6.643698692321777,False
2018-06-08,762564.8716450719,TQQQ,106668.83971338716,0.0,6.643698692321777,False
2018-06-11,768524.567436897,TQQQ,106668.83971338716,0.0,6.643698692321777,False
2018-06-12,780697.0566245423,TQQQ,106668.83971338716,0.0,6.643698692321777,False
2018-06-13,779809.5365095679,TQQQ,106668.83971338716,0.0,6.643698692321777,False
2018-06-14,803520.7536015427,TQQQ,106668.83971338716,0.0,6.643698692321777,False
2018-06-15,795532.5639301087,TQQQ,106668.83971338716,0.0,6.643698692321777,False
2018-06-18,793757.3711091606,TQQQ,106668.83971338716,0.0,6.643698692321777,False
2018-06-19,786656.5998253683,TQQQ,106668.83971338716,0.0,6.643698692321777,False
2018-06-20,803140.4459678867,TQQQ,106668.83971338716,0.0,6.643698692321777,False
2018-06-21,782345.3954614945,TQQQ,106668.83971338716,0.0,6.643698692321777,False
2018-06-22,774483.9071830573,TQQQ,106668.83971338716,0.0,6.643698692321777,False
2018-06-25,725032.5722101675,TQQQ,106668.83971338716,0.0,6.643698692321777,False
2018-06-26,733020.8636089343,TQQQ,106668.83971338716,0.0,6.643698692321777,False
2018-06-27,703603.8112841257,TQQQ,106668.83971338716,0.0,6.643698692321777,False
2018-06-28,720848.374421289,TQQQ,106668.83971338716,0.0,6.643698692321777,False
2018-06-29,724145.0012315267,TQQQ,106668.83971338716,0.0,6.643698692321777,False
2018-07-02,740375.2411333859,TECL,59195.5060416802,0.0,12.507287979125977,False
2018-07-03,713191.6542009995,TECL,59195.5060416802,0.0,12.507287979125977,False
2018-07-05,742532.7708211729,TECL,59195.5060416802,0.0,12.507287979125977,False
2018-07-06,769392.7678176549,TECL,59195.5060416802,0.0,12.507287979125977,False
2018-07-09,786760.0406511571,TECL,59195.5060416802,0.0,12.507287979125977,False
2018-07-10,792261.4647341686,TECL,59195.5060416802,0.0,12.507287979125977,False
2018-07-11,779964.0874648268,TECL,59195.5060416802,0.0,12.507287979125977,False
2018-07-12,818905.6974712252,TECL,59195.5060416802,0.0,12.507287979125977,False
2018-07-13,816640.3985601929,TECL,59195.5060416802,0.0,12.507287979125977,False
2018-07-16,811085.1180921758,TECL,59195.5060416802,0.0,12.507287979125977,False
2018-07-17,828020.8624068272,TECL,59195.5060416802,0.0,12.507287979125977,False
2018-07-18,824353.208715997,TECL,59195.5060416802,0.0,12.507287979125977,False
2018-07-19,816047.1879798573,TECL,59195.5060416802,0.0,12.507287979125977,False
2018-07-20,814806.6281680117,TECL,59195.5060416802,0.0,12.507287979125977,False
2018-07-23,826995.9539479394,TECL,59195.5060416802,0.0,12.507287979125977,False
2018-07-24,841450.7479986007,TECL,59195.5060416802,0.0,12.507287979125977,False
2018-07-25,871600.8394585351,TECL,59195.5060416802,0.0,12.507287979125977,False
2018-07-26,832767.1115818495,TECL,59195.5060416802,0.0,12.507287979125977,False
2018-07-27,787946.6876247633,TECL,59195.5060416802,0.0,12.507287979125977,False
2018-07-30,752403.0542115303,TECL,59195.5060416802,0.0,12.507287979125977,False
2018-07-31,758713.3402278352,TECL,59195.5060416802,0.0,12.507287979125977,False
2018-08-01,777483.080747603,TECL,59195.5060416802,0.0,12.817076683044434,False
2018-08-02,808064.6442731546,TECL,59195.5060416802,0.0,12.817076683044434,False
2018-08-03,816586.598628421,TECL,59195.5060416802,0.0,12.817076683044434,False
2018-08-06,830286.1613178594,TECL,59195.5060416802,0.0,12.817076683044434,False
2018-08-07,838754.033475185,TECL,59195.5060416802,0.0,12.817076683044434,False
2018-08-08,844956.6631747123,TECL,59195.5060416802,0.0,12.817076683044434,False
2018-08-09,845981.4587271325,TECL,59195.5060416802,0.0,12.817076683044434,False
2018-08-10,826079.0969784657,TECL,59195.5060416802,0.0,12.817076683044434,False
2018-08-13,822897.0540044272,TECL,59195.5060416802,0.0,12.817076683044434,False
2018-08-14,837783.207214238,TECL,59195.5060416802,0.0,12.817076683044434,False
2018-08-15,815669.5158460122,TECL,59195.5060416802,0.0,12.817076683044434,False
2018-08-16,824946.588656034,TECL,59195.5060416802,0.0,12.817076683044434,False
2018-08-17,828883.693631594,TECL,59195.5060416802,0.0,12.817076683044434,False
2018-08-20,824515.0036839492,TECL,59195.5060416802,0.0,12.817076683044434,False
2018-08-21,827858.8416259399,TECL,59195.5060416802,0.0,12.817076683044434,False
2018-08-22,835086.4926908225,TECL,59195.5060416802,0.0,12.817076683044434,False
2018-08-23,839778.8290276054,TECL,59195.5060416802,0.0,12.817076683044434,False
2018-08-24,865290.3840825289,TECL,59195.5060416802,0.0,12.817076683044434,False
2018-08-27,889345.8408791163,TECL,59195.5060416802,0.0,12.817076683044434,False
2018-08-28,892150.4939854784,TECL,59195.5060416802,0.0,12.817076683044434,False
2018-08-29,917068.6691003651,TECL,59195.5060416802,0.0,12.817076683044434,False
2018-08-30,909301.833199854,TECL,59195.5060416802,0.0,12.817076683044434,False
2018-08-31,911459.3064344072,TECL,59195.5060416802,0.0,12.817076683044434,False
2018-09-04,900941.8996254748,TQQQ,106091.23443403625,0.0,8.492142677307129,False
2018-09-05,865126.1320025197,TQQQ,106091.23443403625,0.0,8.492142677307129,False
2018-09-06,828866.5476554369,CASH,0.0,828866.5476554369,,False
2018-09-07,828866.5476554369,CASH,0.0,828866.5476554369,,False
2018-09-10,828866.5476554369,CASH,0.0,828866.5476554369,,False
2018-09-11,828866.5476554369,CASH,0.0,828866.5476554369,,False
2018-09-12,828866.5476554369,CASH,0.0,828866.5476554369,,False
2018-09-13,828866.5476554369,CASH,0.0,828866.5476554369,,False
2018-09-14,828866.5476554369,CASH,0.0,828866.5476554369,,False
2018-09-17,828866.5476554369,CASH,0.0,828866.5476554369,,False
2018-09-18,828866.5476554369,CASH,0.0,828866.5476554369,,False
2018-09-19,828866.5476554369,CASH,0.0,828866.5476554369,,False
2018-09-20,828866.5476554369,CASH,0.0,828866.5476554369,,False
2018-09-21,828866.5476554369,CASH,0.0,828866.5476554369,,False
2018-09-24,828866.5476554369,CASH,0.0,828866.5476554369,,False
2018-09-25,828866.5476554369,CASH,0.0,828866.5476554369,,False
2018-09-26,828866.5476554369,CASH,0.0,828866.5476554369,,False
2018-09-27,828866.5476554369,CASH,0.0,828866.5476554369,,False
2018-09-28,828866.5476554369,CASH,0.0,828866.5476554369,,False
2018-10-01,828866.5476554369,TECL,53581.191026281784,0.0,15.469356536865234,False
2018-10-02,828524.7975051533,TECL,53581.191026281784,0.0,15.469356536865234,False
2018-10-03,836097.1591634258,TECL,53581.191026281784,0.0,15.469356536865234,False
2018-10-04,792665.610347129,TECL,53581.191026281784,0.0,15.469356536865234,False
2018-10-05,762557.223843002,CASH,0.0,762557.223843002,,False
2018-10-08,762557.223843002,CASH,0.0,762557.223843002,,False
2018-10-09,762557.223843002,CASH,0.0,762557.223843002,,False
2018-10-10,762557.223843002,CASH,0.0,762557.223843002,,False
2018-10-11,762557.223843002,CASH,0.0,762557.223843002,,False
2018-10-12,762557.223843002,CASH,0.0,762557.223843002,,False
2018-10-15,762557.223843002,CASH,0.0,762557.223843002,,False
2018-10-16,762557.223843002,CASH,0.0,762557.223843002,,False
2018-10-17,762557.223843002,CASH,0.0,762557.223843002,,False
2018-10-18,762557.223843002,CASH,0.0,762557.223843002,,False
2018-10-19,762557.223843002,CASH,0.0,762557.223843002,,False
2018-10-22,762557.223843002,CASH,0.0,762557.223843002,,False
2018-10-23,762557.223843002,CASH,0.0,762557.223843002,,False
2018-10-24,762557.223843002,CASH,0.0,762557.223843002,,False
2018-10-25,762557.223843002,CASH,0.0,762557.223843002,,False
2018-10-26,762557.223843002,CASH,0.0,762557.223843002,,False
2018-10-29,762557.223843002,CASH,0.0,762557.223843002,,False
2018-10-30,762557.223843002,CASH,0.0,762557.223843002,,False
2018-10-31,762557.223843002,CASH,0.0,762557.223843002,,False
2018-11-01,762557.223843002,SHY,10910.055905992895,0.0,69.89489608610798,False
2018-11-02,761638.4231510535,SHY,10910.055905992895,0.0,69.89489608610798,False
2018-11-05,761914.2144771729,SHY,10910.055905992895,0.0,69.89489608610798,False
2018-11-06,761730.1856836102,SHY,10910.055905992895,0.0,69.89489608610798,False
2018-11-07,761454.8980859403,SHY,10910.055905992895,0.0,69.89489608610798,False
2018-11-08,761362.2120512263,SHY,10910.055905992895,0.0,69.89489608610798,False
2018-11-09,761730.1856836102,SHY,10910.055905992895,0.0,69.89489608610798,False
2018-11-12,762281.768335849,SHY,10910.055905992895,0.0,69.89489608610798,False
2018-11-13,762374.0345968549,SHY,10910.055905992895,0.0,69.89489608610798,False
2018-11-14,762925.0295659029,SHY,10910.055905992895,0.0,69.89489608610798,False
2018-11-15,763292.8352888036,SHY,10910.055905992895,0.0,69.89489608610798,False
2018-11-16,763843.9981673345,SHY,10910.055905992895,0.0,69.89489608610798,False
2018-11-19,764487.34335213,SHY,10910.055905992895,0.0,69.89489608610798,False
2018-11-20,764303.7343322752,SHY,10910.055905992895,0.0,69.89489608610798,False
2018-11-21,764303.7343322752,SHY,10910.055905992895,0.0,69.89489608610798,False
2018-11-23,764119.8734481954,SHY,10910.055905992895,0.0,69.89489608610798,False
2018-11-26,764211.7199354938,SHY,10910.055905992895,0.0,69.89489608610798,False
2018-11-27,764303.7343322752,SHY,10910.055905992895,0.0,69.89489608610798,False
2018-11-28,764579.021929945,SHY,10910.055905992895,0.0,69.89489608610798,False
2018-11-29,764763.1346782495,SHY,10910.055905992895,0.0,69.89489608610798,False
2018-11-30,765038.6741401439,SHY,10910.055905992895,0.0,69.89489608610798,False
2018-12-03,764412.7915415991,GLD,6566.555858552988,0.0,116.41000366210938,False
2018-12-04,769075.0401893103,GLD,6566.555858552988,0.0,116.41000366210938,False
2018-12-06,769206.3492629894,GLD,6566.555858552988,0.0,116.41000366210938,False
2018-12-07,775444.5572890766,GLD,6566.555858552988,0.0,116.41000366210938,False
2018-12-10,772752.2954384694,GLD,6566.555858552988,0.0,116.41000366210938,False
2018-12-11,771832.9816261797,GLD,6566.555858552988,0.0,116.41000366210938,False
2018-12-12,773474.6205908179,GLD,6566.555858552988,0.0,116.41000366210938,False
2018-12-13,771767.3020399174,GLD,6566.555858552988,0.0,116.41000366210938,False
2018-12-14,768681.0127705822,GLD,6566.555858552988,0.0,116.41000366210938,False
2018-12-17,773999.957083225,GLD,6566.555858552988,0.0,116.41000366210938,False
2018-12-18,775838.5847078046,GLD,6566.555858552988,0.0,116.41000366210938,False
2018-12-19,771110.6564738312,GLD,6566.555858552988,0.0,116.41000366210938,False
2018-12-20,782996.1065461816,GLD,6566.555858552988,0.0,116.41000366210938,False
2018-12-21,779581.519543226,GLD,6566.555858552988,0.0,116.41000366210938,False
2018-12-24,788118.0121000377,GLD,6566.555858552988,0.0,116.41000366210938,False
2018-12-26,785754.0980818963,GLD,6566.555858552988,0.0,116.41000366210938,False
2018-12-27,791729.6378617799,GLD,6566.555858552988,0.0,116.41000366210938,False
2018-12-28,794947.2362047943,GLD,6566.555858552988,0.0,116.41000366210938,False
2018-12-31,796194.8978495498,GLD,6566.555858552988,0.0,116.41000366210938,False
2019-01-02,796720.2343419569,GLD,6566.555858552988,0.0,121.25,False
2019-01-03,803943.4357665961,GLD,6566.555858552988,0.0,121.25,False
2019-01-04,797442.5594943054,GLD,6566.555858552988,0.0,121.25,False
2019-01-07,800200.5009311747,GLD,6566.555858552988,0.0,121.25,False
2019-01-08,798033.5254741294,GLD,6566.555858552988,0.0,121.25,False
2019-01-09,803155.4310279854,GLD,6566.555858552988,0.0,121.25,False
2019-01-10,798427.5027940121,GLD,6566.555858552988,0.0,121.25,False
2019-01-11,799806.5236112921,GLD,6566.555858552988,0.0,121.25,False
2019-01-14,801710.7807232885,GLD,6566.555858552988,0.0,121.25,False
2019-01-15,800331.8100048539,GLD,6566.555858552988,0.0,121.25,False
2019-01-16,802892.7627817818,GLD,6566.555858552988,0.0,121.25,False
2019-01-17,801842.139895813,GLD,6566.555858552988,0.0,121.25,False
2019-01-18,794684.5679585907,GLD,6566.555858552988,0.0,121.25,False
2019-01-22,797508.1889817222,GLD,6566.555858552988,0.0,121.25,False
2019-01-23,796391.8865094911,GLD,6566.555858552988,0.0,121.25,False
2019-01-24,795144.2248647355,GLD,6566.555858552988,0.0,121.25,False
2019-01-25,806767.0567897278,GLD,6566.555858552988,0.0,121.25,False
2019-01-28,809590.6778128593,GLD,6566.555858552988,0.0,121.25,False
2019-01-29,814121.6173868914,GLD,6566.555858552988,0.0,121.25,False
2019-01-30,818783.8660346026,GLD,6566.555858552988,0.0,121.25,False
2019-01-31,819177.8433544852,GLD,6566.555858552988,0.0,121.25,False
2019-02-01,817536.204389847,GLD,6566.555858552988,0.0,124.75,False
2019-02-04,813990.258214367,GLD,6566.555858552988,0.0,124.75,False
2019-02-05,816091.5540851501,GLD,6566.555858552988,0.0,124.75,False
2019-02-06,810575.6712114114,GLD,6566.555858552988,0.0,124.75,False
2019-02-07,812545.60790967,GLD,6566.555858552988,0.0,124.75,False
2019-02-08,815631.8971790052,GLD,6566.555858552988,0.0,124.75,False
2019-02-11,811626.2940973802,GLD,6566.555858552988,0.0,124.75,False
2019-02-12,813333.6126482807,GLD,6566.555858552988,0.0,124.75,False
2019-02-13,810116.0143052664,GLD,6566.555858552988,0.0,124.75,False
2019-02-14,814646.9037804531,GLD,6566.555858552988,0.0,124.75,False
2019-02-15,819506.191186951,GLD,6566.555858552988,0.0,124.75,False
2019-02-19,831982.6072391254,GLD,6566.555858552988,0.0,124.75,False
2019-02-20,830538.0070332739,GLD,6566.555858552988,0.0,124.75,False
2019-02-21,821147.8301515892,GLD,6566.555858552988,0.0,124.75,False
2019-02-22,824102.7602484,GLD,6566.555858552988,0.0,124.75,False
2019-02-25,823249.1260223724,GLD,6566.555858552988,0.0,124.75,False
2019-02-26,824628.096740807,GLD,6566.555858552988,0.0,124.75,False
2019-02-27,818783.8660346026,GLD,6566.555858552988,0.0,124.75,False
2019-02-28,814187.2468743083,GLD,6566.555858552988,0.0,124.75,False
2019-03-01,800331.8100048539,GLD,6566.555858552988,0.0,123.98999786376953,False
2019-03-04,798230.5141340707,GLD,6566.555858552988,0.0,123.98999786376953,False
2019-03-05,799281.187118885,GLD,6566.555858552988,0.0,123.98999786376953,False
2019-03-06,798558.8619665365,GLD,6566.555858552988,0.0,123.98999786376953,False
2019-03-07,797902.2164004502,GLD,6566.555858552988,0.0,123.98999786376953,False
2019-03-08,806635.6976172032,GLD,6566.555858552988,0.0,123.98999786376953,False
2019-03-11,802695.7741218406,GLD,6566.555858552988,0.0,123.98999786376953,False
2019-03-12,807555.0615283385,GLD,6566.555858552988,0.0,123.98999786376953,False
2019-03-13,813202.2534757563,GLD,6566.555858552988,0.0,123.98999786376953,False
2019-03-14,803812.1266929171,GLD,6566.555858552988,0.0,123.98999786376953,False
2019-03-15,807489.3819420761,GLD,6566.555858552988,0.0,123.98999786376953,False
2019-03-18,807949.0388482211,GLD,6566.555858552988,0.0,123.98999786376953,False
2019-03-19,810181.6437926834,GLD,6566.555858552988,0.0,123.98999786376953,False
2019-03-20,815434.9085190638,GLD,6566.555858552988,0.0,123.98999786376953,False
2019-03-21,812151.6305897874,GLD,6566.555858552988,0.0,123.98999786376953,False
2019-03-22,814055.9378006292,GLD,6566.555858552988,0.0,123.98999786376953,False
2019-03-25,820294.1458267163,GLD,6566.555858552988,0.0,123.98999786376953,False
2019-03-26,816222.9132576745,GLD,6566.555858552988,0.0,123.98999786376953,False
2019-03-27,811954.641929846,GLD,6566.555858552988,0.0,123.98999786376953,False
2019-03-28,800463.1691773783,GLD,6566.555858552988,0.0,123.98999786376953,False
2019-03-29,801185.4943297268,GLD,6566.555858552988,0.0,123.98999786376953,False
2019-04-01,798033.5254741294,GLD,6566.555858552988,0.0,122.01000213623047,False
2019-04-02,800988.5056697854,GLD,6566.555858552988,0.0,122.01000213623047,False
2019-04-03,799806.5236112921,GLD,6566.555858552988,0.0,122.01000213623047,False
2019-04-04,801842.139895813,GLD,6566.555858552988,0.0,122.01000213623047,False
2019-04-05,800988.5056697854,GLD,6566.555858552988,0.0,122.01000213623047,False
2019-04-08,804468.7722590032,GLD,6566.555858552988,0.0,122.01000213623047,False
2019-04-09,808671.3640005696,GLD,6566.555858552988,0.0,122.01000213623047,False
2019-04-10,811166.6371912353,GLD,6566.555858552988,0.0,122.01000213623047,False
2019-04-11,800791.4669109987,GLD,6566.555858552988,0.0,122.01000213623047,False
2019-04-12,800003.5122712334,GLD,6566.555858552988,0.0,122.01000213623047,False
2019-04-15,798493.1823802743,GLD,6566.555858552988,0.0,122.01000213623047,False
2019-04-16,791335.6605418973,GLD,6566.555858552988,0.0,122.01000213623047,False
2019-04-17,789825.3306509381,GLD,6566.555858552988,0.0,122.01000213623047,False
2019-04-18,790416.3467296074,GLD,6566.555858552988,0.0,122.01000213623047,False
2019-04-22,790416.3467296074,GLD,6566.555858552988,0.0,122.01000213623047,False
2019-04-23,788774.7077649692,GLD,6566.555858552988,0.0,122.01000213623047,False
2019-04-24,791072.9922956937,GLD,6566.555858552988,0.0,122.01000213623047,False
2019-04-25,791729.6378617799,GLD,6566.555858552988,0.0,122.01000213623047,False
2019-04-26,796982.9025881605,GLD,6566.555858552988,0.0,122.01000213623047,False
2019-04-29,793436.9564126804,GLD,6566.555858552988,0.0,122.01000213623047,False
2019-04-30,795866.550017084,GLD,6566.555858552988,0.0,122.01000213623047,False
2019-05-01,790613.3353895488,TQQQ,101633.12750147254,0.0,7.779090881347656,False
2019-05-02,780931.9429515678,TQQQ,101633.12750147254,0.0,7.779090881347656,False
2019-05-03,817721.3892957409,TQQQ,101633.12750147254,0.0,7.779090881347656,False
2019-05-06,803078.2172032043,TQQQ,101633.12750147254,0.0,7.779090881347656,False
2019-05-07,756365.2115499198,TQQQ,101633.12750147254,0.0,7.779090881347656,False
2019-05-08,749709.2815089369,TQQQ,101633.12750147254,0.0,7.779090881347656,False
2019-05-09,725626.4696282437,CASH,0.0,725626.4696282437,,False
2019-05-10,725626.4696282437,CASH,0.0,725626.4696282437,,False
2019-05-13,725626.4696282437,CASH,0.0,725626.4696282437,,False
2019-05-14,725626.4696282437,CASH,0.0,725626.4696282437,,False
2019-05-15,725626.4696282437,CASH,0.0,725626.4696282437,,False
2019-05-16,725626.4696282437,CASH,0.0,725626.4696282437,,False
2019-05-17,725626.4696282437,CASH,0.0,725626.4696282437,,False
2019-05-20,725626.4696282437,CASH,0.0,725626.4696282437,,False
2019-05-21,725626.4696282437,CASH,0.0,725626.4696282437,,False
2019-05-22,725626.4696282437,CASH,0.0,725626.4696282437,,False
2019-05-23,725626.4696282437,CASH,0.0,725626.4696282437,,False
2019-05-24,725626.4696282437,CASH,0.0,725626.4696282437,,False
2019-05-28,725626.4696282437,CASH,0.0,725626.4696282437,,False
2019-05-29,725626.4696282437,CASH,0.0,725626.4696282437,,False
2019-05-30,725626.4696282437,CASH,0.0,725626.4696282437,,False
2019-05-31,725626.4696282437,CASH,0.0,725626.4696282437,,False
2019-06-03,725626.4696282437,TQQQ,129630.33179115465,0.0,5.597659587860107,False
2019-06-04,784436.050913757,TQQQ,129630.33179115465,0.0,5.597659587860107,False
2019-06-05,801723.7874227703,TQQQ,129630.33179115465,0.0,5.597659587860107,False
2019-06-06,820246.4770486084,TQQQ,129630.33179115465,0.0,5.597659587860107,False
2019-06-07,867016.3317117225,TQQQ,129630.33179115465,0.0,5.597659587860107,False
2019-06-10,898659.2933043321,TQQQ,129630.33179115465,0.0,5.597659587860107,False
2019-06-11,902055.0898596655,TQQQ,129630.33179115465,0.0,5.597659587860107,False
2019-06-12,886773.9126418264,TQQQ,129630.33179115465,0.0,5.597659587860107,False
2019-06-13,901283.3600601981,TQQQ,129630.33179115465,0.0,5.597659587860107,False
2019-06-14,889552.263545027,TQQQ,129630.33179115465,0.0,5.597659587860107,False
2019-06-17,905759.763772463,TQQQ,129630.33179115465,0.0,5.597659587860107,False
2019-06-18,944966.1100877658,TQQQ,129630.33179115465,0.0,5.597659587860107,False
2019-06-19,956079.637325686,TQQQ,129630.33179115465,0.0,5.597659587860107,False
2019-06-20,982320.181259229,TQQQ,129630.33179115465,0.0,5.597659587860107,False
2019-06-21,977843.8393595231,TQQQ,129630.33179115465,0.0,5.597659587860107,False
2019-06-24,977535.0856271771,TQQQ,129630.33179115465,0.0,5.597659587860107,False
2019-06-25,927523.903993741,TQQQ,129630.33179115465,0.0,5.597659587860107,False
2019-06-26,939254.8150712352,TQQQ,129630.33179115465,0.0,5.597659587860107,False
2019-06-27,949442.3901749126,TQQQ,129630.33179115465,0.0,5.597659587860107,False
2019-06-28,953455.632382379,TQQQ,129630.33179115465,0.0,5.597659587860107,False
2019-07-01,991427.087393416,TQQQ,129630.33179115465,0.0,7.355189323425293,False
2019-07-02,1003466.8758283742,TQQQ,129630.33179115465,0.0,7.355189323425293,False
2019-07-03,1025694.0539293326,TQQQ,129630.33179115465,0.0,7.355189323425293,False
2019-07-05,1019056.7449660002,TQQQ,129630.33179115465,0.0,7.355189323425293,False
2019-07-08,997601.358477068,TQQQ,129630.33179115465,0.0,7.355189323425293,False
2019-07-09,1012573.8437751202,TQQQ,129630.33179115465,0.0,7.355189323425293,False
2019-07-10,1042518.9998089016,TQQQ,129630.33179115465,0.0,7.355189323425293,False
2019-07-11,1039740.2780303468,TQQQ,129630.33179115465,0.0,7.355189323425293,False
2019-07-12,1057182.6695620487,TQQQ,129630.33179115465,0.0,7.355189323425293,False
2019-07-15,1066135.2297363423,TQQQ,129630.33179115465,0.0,7.355189323425293,False
2019-07-16,1051008.2130407195,TQQQ,129630.33179115465,0.0,7.355189323425293,False
2019-07-17,1035418.6529658887,TQQQ,129630.33179115465,0.0,7.355189323425293,False
2019-07-18,1039894.9330530355,TQQQ,129630.33179115465,0.0,7.355189323425293,False
2019-07-19,1014734.8108387468,TQQQ,129630.33179115465,0.0,7.355189323425293,False
2019-07-22,1038659.9181236516,TQQQ,129630.33179115465,0.0,7.355189323425293,False
2019-07-23,1058726.1291609835,TQQQ,129630.33179115465,0.0,7.355189323425293,False
2019-07-24,1081261.9991817288,TQQQ,129630.33179115465,0.0,7.355189323425293,False
2019-07-25,1050391.076451382,TQQQ,129630.33179115465,0.0,7.355189323425293,False
2019-07-26,1081571.185601988,TQQQ,129630.33179115465,0.0,7.355189323425293,False
2019-07-29,1071537.647395409,TQQQ,129630.33179115465,0.0,7.355189323425293,False
2019-07-30,1057182.6695620487,TQQQ,129630.33179115465,0.0,7.355189323425293,False
2019-07-31,1012573.8437751202,TQQQ,129630.33179115465,0.0,7.355189323425293,False
2019-08-01,998373.0882765354,TQQQ,129630.33179115465,0.0,7.811241626739502,False
2019-08-02,952683.7789577936,TQQQ,129630.33179115465,0.0,7.811241626739502,False
2019-08-05,894337.2376684578,CASH,0.0,894337.2376684578,,False
2019-08-06,894337.2376684578,CASH,0.0,894337.2376684578,,False
2019-08-07,894337.2376684578,CASH,0.0,894337.2376684578,,False
2019-08-08,894337.2376684578,CASH,0.0,894337.2376684578,,False
2019-08-09,894337.2376684578,CASH,0.0,894337.2376684578,,False
2019-08-12,894337.2376684578,CASH,0.0,894337.2376684578,,False
2019-08-13,894337.2376684578,CASH,0.0,894337.2376684578,,False
2019-08-14,894337.2376684578,CASH,0.0,894337.2376684578,,False
2019-08-15,894337.2376684578,CASH,0.0,894337.2376684578,,False
2019-08-16,894337.2376684578,CASH,0.0,894337.2376684578,,False
2019-08-19,894337.2376684578,CASH,0.0,894337.2376684578,,False
2019-08-20,894337.2376684578,CASH,0.0,894337.2376684578,,False
2019-08-21,894337.2376684578,CASH,0.0,894337.2376684578,,False
2019-08-22,894337.2376684578,CASH,0.0,894337.2376684578,,False
2019-08-23,894337.2376684578,CASH,0.0,894337.2376684578,,False
2019-08-26,894337.2376684578,CASH,0.0,894337.2376684578,,False
2019-08-27,894337.2376684578,CASH,0.0,894337.2376684578,,False
2019-08-28,894337.2376684578,CASH,0.0,894337.2376684578,,False
2019-08-29,894337.2376684578,CASH,0.0,894337.2376684578,,False
2019-08-30,894337.2376684578,CASH,0.0,894337.2376684578,,False
2019-09-03,894337.2376684578,TQQQ,127886.62874837822,0.0,6.993203639984131,False
2019-09-04,931950.3780664832,TQQQ,127886.62874837822,0.0,6.993203639984131,False
2019-09-05,983420.8018803757,TQQQ,127886.62874837822,0.0,6.993203639984131,False
2019-09-06,980679.7625681986,TQQQ,127886.62874837822,0.0,6.993203639984131,False
2019-09-09,974436.3959335834,TQQQ,127886.62874837822,0.0,6.993203639984131,False
2019-09-10,966365.5477953237,TQQQ,127886.62874837822,0.0,6.993203639984131,False
2019-09-11,992405.3297893612,TQQQ,127886.62874837822,0.0,6.993203639984131,False
2019-09-12,1004739.9152225133,TQQQ,127886.62874837822,0.0,6.993203639984131,False
2019-09-13,994080.3585514445,TQQQ,127886.62874837822,0.0,6.993203639984131,False
2019-09-16,980375.161990559,TQQQ,127886.62874837822,0.0,6.993203639984131,False
2019-09-17,993319.1315222802,TQQQ,127886.62874837822,0.0,6.993203639984131,False
2019-09-18,992709.8693859043,TQQQ,127886.62874837822,0.0,6.993203639984131,False
2019-09-19,997126.0594223578,TQQQ,127886.62874837822,0.0,6.993203639984131,False
2019-09-20,965756.4076211409,TQQQ,127886.62874837822,0.0,6.993203639984131,False
2019-09-23,966670.02641077,TQQQ,127886.62874837822,0.0,6.993203639984131,False
2019-09-24,928447.9287818518,TQQQ,127886.62874837822,0.0,6.993203639984131,False
2019-09-25,958142.3688776956,TQQQ,127886.62874837822,0.0,6.993203639984131,False
2019-09-26,948548.7617756241,TQQQ,127886.62874837822,0.0,6.993203639984131,False
2019-09-27,914133.5920467837,TQQQ,127886.62874837822,0.0,6.993203639984131,False
2019-09-30,938498.2233165447,TQQQ,127886.62874837822,0.0,6.993203639984131,False
2019-10-01,915808.7427710601,TQQQ,127886.62874837822,0.0,7.338517189025879,False
2019-10-02,863418.3654512212,CASH,0.0,863418.3654512212,,False
2019-10-03,863418.3654512212,CASH,0.0,863418.3654512212,,False
2019-10-04,863418.3654512212,CASH,0.0,863418.3654512212,,False
2019-10-07,863418.3654512212,CASH,0.0,863418.3654512212,,False
2019-10-08,863418.3654512212,CASH,0.0,863418.3654512212,,False
2019-10-09,863418.3654512212,CASH,0.0,863418.3654512212,,False
2019-10-10,863418.3654512212,CASH,0.0,863418.3654512212,,False
2019-10-11,863418.3654512212,CASH,0.0,863418.3654512212,,False
2019-10-14,863418.3654512212,CASH,0.0,863418.3654512212,,False
2019-10-15,863418.3654512212,CASH,0.0,863418.3654512212,,False
2019-10-16,863418.3654512212,CASH,0.0,863418.3654512212,,False
2019-10-17,863418.3654512212,CASH,0.0,863418.3654512212,,False
2019-10-18,863418.3654512212,CASH,0.0,863418.3654512212,,False
2019-10-21,863418.3654512212,CASH,0.0,863418.3654512212,,False
2019-10-22,863418.3654512212,CASH,0.0,863418.3654512212,,False
2019-10-23,863418.3654512212,CASH,0.0,863418.3654512212,,False
2019-10-24,863418.3654512212,CASH,0.0,863418.3654512212,,False
2019-10-25,863418.3654512212,CASH,0.0,863418.3654512212,,False
2019-10-28,863418.3654512212,CASH,0.0,863418.3654512212,,False
2019-10-29,863418.3654512212,CASH,0.0,863418.3654512212,,False
2019-10-30,863418.3654512212,CASH,0.0,863418.3654512212,,False
2019-10-31,863418.3654512212,CASH,0.0,863418.3654512212,,False
2019-11-01,863418.3654512212,TECL,49402.460998553535,0.0,17.47723388671875,False
2019-11-04,876980.5606788859,TECL,49402.460998553535,0.0,17.47723388671875,False
2019-11-05,873318.965845621,TECL,49402.460998553535,0.0,17.47723388671875,False
2019-11-06,874132.4337216747,TECL,49402.460998553535,0.0,17.47723388671875,False
2019-11-07,892893.5489763744,TECL,49402.460998553535,0.0,17.47723388671875,False
2019-11-08,907812.3406376713,TECL,49402.460998553535,0.0,17.47723388671875,False
2019-11-11,909439.7475283612,TECL,49402.460998553535,0.0,17.47723388671875,False
2019-11-12,917215.4186892511,TECL,49402.460998553535,0.0,17.47723388671875,False
2019-11-13,925126.6835341026,TECL,49402.460998553535,0.0,17.47723388671875,False
2019-11-14,921238.8479536577,TECL,49402.460998553535,0.0,17.47723388671875,False
2019-11-15,943028.7246979901,TECL,49402.460998553535,0.0,17.47723388671875,False
2019-11-18,951618.2406457996,TECL,49402.460998553535,0.0,17.47723388671875,False
2019-11-19,957449.994016467,TECL,49402.460998553535,0.0,17.47723388671875,False
2019-11-20,938462.9206977366,TECL,49402.460998553535,0.0,17.47723388671875,False
2019-11-21,925985.4749417657,TECL,49402.460998553535,0.0,17.47723388671875,False
2019-11-22,922369.20364011,TECL,49402.460998553535,0.0,17.47723388671875,False
2019-11-25,961021.3186973793,TECL,49402.460998553535,0.0,17.47723388671875,False
2019-11-26,961925.6220920844,TECL,49402.460998553535,0.0,17.47723388671875,False
2019-11-27,978742.7253288452,TECL,49402.460998553535,0.0,17.47723388671875,False
2019-11-29,968797.1783137021,TECL,49402.460998553535,0.0,17.47723388671875,False
2019-12-02,930054.3219654979,TQQQ,103811.00309871582,0.0,8.959111213684082,False
2019-12-03,909164.0327038164,TQQQ,103811.00309871582,0.0,8.959111213684082,False
2019-12-04,922638.0905791942,TQQQ,103811.00309871582,0.0,8.959111213684082,False
2019-12-05,927458.6904812354,TQQQ,103811.00309871582,0.0,8.959111213684082,False
2019-12-06,956136.468207029,TQQQ,103811.00309871582,0.0,8.959111213684082,False
2019-12-09,944393.5573350007,TQQQ,103811.00309871582,0.0,8.959111213684082,False
2019-12-10,942292.0442708295,TQQQ,103811.00309871582,0.0,8.959111213684082,False
2019-12-11,956507.6262829503,TQQQ,103811.00309871582,0.0,8.959111213684082,False
2019-12-12,978386.548392364,TQQQ,103811.00309871582,0.0,8.959111213684082,False
2019-12-13,987163.1647136457,TQQQ,103811.00309871582,0.0,8.959111213684082,False
2019-12-16,1015469.9823672932,TQQQ,103811.00309871582,0.0,8.959111213684082,False
2019-12-17,1016829.8722928341,TQQQ,103811.00309871582,0.0,8.959111213684082,False
2019-12-18,1019178.4940679946,TQQQ,103811.00309871582,0.0,8.959111213684082,False
2019-12-19,1039945.2289741815,TQQQ,103811.00309871582,0.0,8.959111213684082,False
2019-12-20,1052306.2086293455,TQQQ,103811.00309871582,0.0,8.959111213684082,False
2019-12-23,1060093.9940991201,TQQQ,103811.00309871582,0.0,8.959111213684082,False
2019-12-24,1061466.4572643626,TQQQ,103811.00309871582,0.0,8.959111213684082,False
2019-12-26,1089041.947975671,TQQQ,103811.00309871582,0.0,8.959111213684082,False
2019-12-27,1085826.9606837363,TQQQ,103811.00309871582,0.0,8.959111213684082,False
2019-12-30,1064186.9301286563,TQQQ,103811.00309871582,0.0,8.959111213684082,False
2019-12-31,1070246.340647929,TQQQ,103811.00309871582,0.0,8.959111213684082,False
2020-01-02,1123294.8189875004,TQQQ,103811.00309871582,0.0,10.309565544128418,False
2020-01-03,1092751.8457027962,TQQQ,103811.00309871582,0.0,10.309565544128418,False
2020-01-06,1113526.1047524267,TQQQ,103811.00309871582,0.0,10.309565544128418,False
2020-01-07,1112165.7198174489,TQQQ,103811.00309871582,0.0,10.309565544128418,False
2020-01-08,1137762.5588068685,TQQQ,103811.00309871582,0.0,10.309565544128418,False
2020-01-09,1166450.8307327284,TQQQ,103811.00309871582,0.0,10.309565544128418,False
2020-01-10,1156929.5222143065,TQQQ,103811.00309871582,0.0,10.309565544128418,False
2020-01-13,1197365.1600971282,TQQQ,103811.00309871582,0.0,10.309565544128418,False
2020-01-14,1183391.8357035136,TQQQ,103811.00309871582,0.0,10.309565544128418,False
2020-01-15,1184133.8548496936,TQQQ,103811.00309871582,0.0,10.309565544128418,False
2020-01-16,1217150.0932858144,TQQQ,103811.00309871582,0.0,10.309565544128418,False
2020-01-17,1235327.5328285333,TQQQ,103811.00309871582,0.0,10.309565544128418,False
2020-01-21,1234709.2660416227,TQQQ,103811.00309871582,0.0,10.309565544128418,False
2020-01-22,1243117.991349268,TQQQ,103811.00309871582,0.0,10.309565544128418,False
2020-01-23,1254617.9515895783,TQQQ,103811.00309871582,0.0,10.309565544128418,False
2020-01-24,1222096.2275810987,TQQQ,103811.00309871582,0.0,10.309565544128418,False
2020-01-27,1146541.9471809978,TQQQ,103811.00309871582,0.0,10.309565544128418,False
2020-01-28,1199838.128242883,TQQQ,103811.00309871582,0.0,10.309565544128418,False
2020-01-29,1204166.1937550313,TQQQ,103811.00309871582,0.0,10.309565544128418,False
2020-01-30,1217768.2610708375,TQQQ,103811.00309871582,0.0,10.309565544128418,False
2020-01-31,1157918.5510695884,TQQQ,103811.00309871582,0.0,10.309565544128418,False
2020-02-03,1211090.781768429,TQQQ,103811.00309871582,0.0,11.154102325439453,False
2020-02-04,1293817.1549004666,TQQQ,103811.00309871582,0.0,11.154102325439453,False
2020-02-05,1308779.211143701,TQQQ,103811.00309871582,0.0,11.154102325439453,False
2020-02-06,1340682.8663690453,TQQQ,103811.00309871582,0.0,11.154102325439453,False
2020-02-07,1323370.9013261138,TQQQ,103811.00309871582,0.0,11.154102325439453,False
2020-02-10,1371102.186296367,TQQQ,103811.00309871582,0.0,11.154102325439453,False
2020-02-11,1372091.5121573114,TQQQ,103811.00309871582,0.0,11.154102325439453,False
2020-02-12,1412279.7443234816,TQQQ,103811.00309871582,0.0,11.154102325439453,False
2020-02-13,1406838.7985948941,TQQQ,103811.00309871582,0.0,11.154102325439453,False
2020-02-14,1416360.503120866,TQQQ,103811.00309871582,0.0,11.154102325439453,False
2020-02-18,1418833.6692703953,TQQQ,103811.00309871582,0.0,11.154102325439453,False
2020-02-19,1459887.5739401276,TQQQ,103811.00309871582,0.0,11.154102325439453,False
2020-02-20,1418339.1548427544,TQQQ,103811.00309871582,0.0,11.154102325439453,False
2020-02-21,1337220.4733604589,TQQQ,103811.00309871582,0.0,11.154102325439453,False
2020-02-24,1183144.5289887495,TQQQ,103811.00309871582,0.0,11.154102325439453,False
2020-02-25,1087434.4543297037,TQQQ,103811.00309871582,0.0,11.154102325439453,False
2020-02-26,1102396.9065804877,TQQQ,103811.00309871582,0.0,11.154102325439453,False
2020-02-27,1017692.3194628092,CASH,0.0,1017692.3194628092,,False
2020-02-28,1017692.3194628092,CASH,0.0,1017692.3194628092,,False
2020-03-02,1017692.3194628092,TECL,45699.90693122652,0.0,22.269023895263672,False
2020-03-03,936276.9339057846,CASH,0.0,936276.9339057846,,False
2020-03-04,936276.9339057846,CASH,0.0,936276.9339057846,,False
2020-03-05,936276.9339057846,CASH,0.0,936276.9339057846,,False
2020-03-06,936276.9339057846,CASH,0.0,936276.9339057846,,False
2020-03-09,936276.9339057846,CASH,0.0,936276.9339057846,,False
2020-03-10,936276.9339057846,CASH,0.0,936276.9339057846,,False
2020-03-11,936276.9339057846,CASH,0.0,936276.9339057846,,False
2020-03-12,936276.9339057846,CASH,0.0,936276.9339057846,,False
2020-03-13,936276.9339057846,CASH,0.0,936276.9339057846,,False
2020-03-16,936276.9339057846,CASH,0.0,936276.9339057846,,False
2020-03-17,936276.9339057846,CASH,0.0,936276.9339057846,,False
2020-03-18,936276.9339057846,CASH,0.0,936276.9339057846,,False
2020-03-19,936276.9339057846,CASH,0.0,936276.9339057846,,False
2020-03-20,936276.9339057846,CASH,0.0,936276.9339057846,,False
2020-03-23,936276.9339057846,CASH,0.0,936276.9339057846,,False
2020-03-24,936276.9339057846,CASH,0.0,936276.9339057846,,False
2020-03-25,936276.9339057846,CASH,0.0,936276.9339057846,,False
2020-03-26,936276.9339057846,CASH,0.0,936276.9339057846,,False
2020-03-27,936276.9339057846,CASH,0.0,936276.9339057846,,False
2020-03-30,936276.9339057846,CASH,0.0,936276.9339057846,,False
2020-03-31,936276.9339057846,CASH,0.0,936276.9339057846,,False
2020-04-01,936276.9339057845,IEF,9000.36481137234,0.0,104.02655375954976,False
2020-04-02,936430.701000282,IEF,9000.36481137234,0.0,104.02655375954976,False
2020-04-03,937122.3078467622,IEF,9000.36481137234,0.0,104.02655375954976,False
2020-04-06,932895.8522363829,IEF,9000.36481137234,0.0,104.02655375954976,False
2020-04-07,928745.5209999852,IEF,9000.36481137234,0.0,104.02655375954976,False
2020-04-08,927592.405822758,IEF,9000.36481137234,0.0,104.02655375954976,False
2020-04-09,929590.9639567146,IEF,9000.36481137234,0.0,104.02655375954976,False
2020-04-13,927592.405822758,IEF,9000.36481137234,0.0,104.02655375954976,False
2020-04-14,928822.542578737,IEF,9000.36481137234,0.0,104.02655375954976,False
2020-04-15,937122.3078467622,IEF,9000.36481137234,0.0,104.02655375954976,False
2020-04-16,938121.2418349826,IEF,9000.36481137234,0.0,104.02655375954976,False
2020-04-17,935662.4176538076,IEF,9000.36481137234,0.0,104.02655375954976,False
2020-04-20,938121.2418349826,IEF,9000.36481137234,0.0,104.02655375954976,False
2020-04-21,940734.3162209161,IEF,9000.36481137234,0.0,104.02655375954976,False
2020-04-22,937813.845677491,IEF,9000.36481137234,0.0,104.02655375954976,False
2020-04-23,938428.8450397289,IEF,9000.36481137234,0.0,104.02655375954976,False
2020-04-24,938659.3576499718,IEF,9000.36481137234,0.0,104.02655375954976,False
2020-04-27,933664.2736143605,IEF,9000.36481137234,0.0,104.02655375954976,False
2020-04-28,937736.8931144907,IEF,9000.36481137234,0.0,104.02655375954976,False
2020-04-29,937275.9369097565,IEF,9000.36481137234,0.0,104.02655375954976,False
2020-04-30,935047.6943545758,IEF,9000.36481137234,0.0,104.02655375954976,False
2020-05-01,936339.9452869677,TECL,69331.11168891963,0.0,13.505335807800293,False
2020-05-04,973177.5862736516,TECL,69331.11168891963,0.0,13.505335807800293,False
2020-05-05,1019749.7735217648,TECL,69331.11168891963,0.0,13.505335807800293,False
2020-05-06,1039726.9928693166,TECL,69331.11168891963,0.0,13.505335807800293,False
2020-05-07,1089862.1508659313,TECL,69331.11168891963,0.0,13.505335807800293,False
2020-05-08,1135670.6601927427,TECL,69331.11168891963,0.0,13.505335807800293,False
2020-05-11,1159593.0198459497,TECL,69331.11168891963,0.0,13.505335807800293,False
2020-05-12,1084326.709143553,TECL,69331.11168891963,0.0,13.505335807800293,False
2020-05-13,1027575.2572185405,TECL,69331.11168891963,0.0,13.505335807800293,False
2020-05-14,1069884.5348025763,TECL,69331.11168891963,0.0,13.505335807800293,False
2020-05-15,1082100.1416976794,TECL,69331.11168891963,0.0,13.505335807800293,False
2020-05-18,1163728.7820950781,TECL,69331.11168891963,0.0,13.505335807800293,False
2020-05-19,1150049.8889596,TECL,69331.11168891963,0.0,13.505335807800293,False
2020-05-20,1223216.0523187665,TECL,69331.11168891963,0.0,13.505335807800293,False
2020-05-21,1177725.7090661805,TECL,69331.11168891963,0.0,13.505335807800293,False
2020-05-22,1187587.270503958,TECL,69331.11168891963,0.0,13.505335807800293,False
2020-05-26,1187714.484038208,TECL,69331.11168891963,0.0,13.505335807800293,False
2020-05-27,1204892.9395129643,TECL,69331.11168891963,0.0,13.505335807800293,False
2020-05-28,1195730.9202749594,TECL,69331.11168891963,0.0,13.505335807800293,False
2020-05-29,1238422.1690582472,TECL,69331.11168891963,0.0,13.505335807800293,False
2020-06-01,1240139.68400922,TQQQ,124252.50169360582,0.0,9.980802536010742,False
2020-06-02,1264856.6151837518,TQQQ,124252.50169360582,0.0,9.980802536010742,False
2020-06-03,1282025.442925265,TQQQ,124252.50169360582,0.0,9.980802536010742,False
2020-06-04,1255976.2565050083,TQQQ,124252.50169360582,0.0,9.980802536010742,False
2020-06-05,1330422.9355883808,TQQQ,124252.50169360582,0.0,9.980802536010742,False
2020-06-08,1360023.93369016,TQQQ,124252.50169360582,0.0,9.980802536010742,False
2020-06-09,1390365.5344145293,TQQQ,124252.50169360582,0.0,9.980802536010742,False
2020-06-10,1440539.4069040848,TQQQ,124252.50169360582,0.0,9.980802536010742,False
2020-06-11,1228447.1683001872,TQQQ,124252.50169360582,0.0,9.980802536010742,False
2020-06-12,1255088.2443364179,TQQQ,124252.50169360582,0.0,9.980802536010742,False
2020-06-15,1299341.6802127785,TQQQ,124252.50169360582,0.0,9.980802536010742,False
2020-06-16,1368016.5171931523,TQQQ,124252.50169360582,0.0,9.980802536010742,False
2020-06-17,1381336.8182184284,TQQQ,124252.50169360582,0.0,9.980802536010742,False
2020-06-18,1391993.4382271923,TQQQ,124252.50169360582,0.0,9.980802536010742,False
2020-06-19,1390069.4118619128,TQQQ,124252.50169360582,0.0,9.980802536010742,False
2020-06-22,1439503.392707396,TQQQ,124252.50169360582,0.0,9.980802536010742,False
2020-06-23,1477096.7373193284,TQQQ,124252.50169360582,0.0,9.980802536010742,False
2020-06-24,1390069.4118619128,TQQQ,124252.50169360582,0.0,9.980802536010742,False
2020-06-25,1426922.8648297729,TQQQ,124252.50169360582,0.0,9.980802536010742,False
2020-06-26,1324354.9709327659,TQQQ,124252.50169360582,0.0,9.980802536010742,False
2020-06-29,1366684.4989402667,TQQQ,124252.50169360582,0.0,9.980802536010742,False
2020-06-30,1445275.471803234,TQQQ,124252.50169360582,0.0,9.980802536010742,False
2020-07-01,1496929.246077354,TQQQ,124252.50169360582,0.0,11.63176155090332,False
2020-07-02,1528750.630089868,TQQQ,124252.50169360582,0.0,11.63176155090332,False
2020-07-06,1641086.894834209,TQQQ,124252.50169360582,0.0,11.63176155090332,False
2020-07-07,1608821.5047373998,TQQQ,124252.50169360582,0.0,11.63176155090332,False
2020-07-08,1670687.8929359883,TQQQ,124252.50169360582,0.0,11.63176155090332,False
2020-07-09,1712425.7683203544,TQQQ,124252.50169360582,0.0,11.63176155090332,False
2020-07-10,1748687.2131758207,TQQQ,124252.50169360582,0.0,11.63176155090332,False
2020-07-13,1640643.0072463334,TQQQ,124252.50169360582,0.0,11.63176155090332,False
2020-07-14,1675424.4318208157,TQQQ,124252.50169360582,0.0,11.63176155090332,False
2020-07-15,1683712.7823871656,TQQQ,124252.50169360582,0.0,11.63176155090332,False
2020-07-16,1647599.3395597977,TQQQ,124252.50169360582,0.0,11.63176155090332,False
2020-07-17,1655295.3265244951,TQQQ,124252.50169360582,0.0,11.63176155090332,False
2020-07-20,1796196.8121667656,TQQQ,124252.50169360582,0.0,11.63176155090332,False
2020-07-21,1738770.8403003882,TQQQ,124252.50169360582,0.0,11.63176155090332,False
2020-07-22,1758899.4716110302,TQQQ,124252.50169360582,0.0,11.63176155090332,False
2020-07-23,1621106.028558826,TQQQ,124252.50169360582,0.0,11.63176155090332,False
2020-07-24,1573152.5419800056,TQQQ,124252.50169360582,0.0,11.63176155090332,False
2020-07-27,1657663.4774704892,TQQQ,124252.50169360582,0.0,11.63176155090332,False
2020-07-28,1595353.3201804447,TQQQ,124252.50169360582,0.0,11.63176155090332,False
2020-07-29,1649671.2494567558,TQQQ,124252.50169360582,0.0,11.63176155090332,False
2020-07-30,1676460.3275210848,TQQQ,124252.50169360582,0.0,11.63176155090332,False
2020-07-31,1766891.9366176028,TQQQ,124252.50169360582,0.0,11.63176155090332,False
2020-08-03,1832754.3795748486,TECL,68849.4285250164,0.0,26.619747161865234,False
2020-08-04,1849244.2148178567,TECL,68849.4285250164,0.0,26.619747161865234,False
2020-08-05,1864471.0156150002,TECL,68849.4285250164,0.0,26.619747161865234,False
2020-08-06,1946985.4578021348,TECL,68849.4285250164,0.0,26.619747161865234,False
2020-08-07,1862449.2149986,TECL,68849.4285250164,0.0,26.619747161865234,False
2020-08-10,1843873.8890054587,TECL,68849.4285250164,0.0,26.619747161865234,False
2020-08-11,1741394.231391305,TECL,68849.4285250164,0.0,26.619747161865234,False
2020-08-12,1864913.3009148205,TECL,68849.4285250164,0.0,26.619747161865234,False
2020-08-13,1864786.5772466713,TECL,68849.4285250164,0.0,26.619747161865234,False
2020-08-14,1860996.0293905796,TECL,68849.4285250164,0.0,26.619747161865234,False
2020-08-17,1901115.8234875926,TECL,68849.4285250164,0.0,26.619747161865234,False
2020-08-18,1923861.3430618201,TECL,68849.4285250164,0.0,26.619747161865234,False
2020-08-19,1910845.8374439154,TECL,68849.4285250164,0.0,26.619747161865234,False
2020-08-20,1988747.6694302803,TECL,68849.4285250164,0.0,26.619747161865234,False
2020-08-21,2060142.4708669416,TECL,68849.4285250164,0.0,26.619747161865234,False
2020-08-24,2120037.8545082714,TECL,68849.4285250164,0.0,26.619747161865234,False
2020-08-25,2151186.2694996335,TECL,68849.4285250164,0.0,26.619747161865234,False
2020-08-26,2283296.809764079,TECL,68849.4285250164,0.0,26.619747161865234,False
2020-08-27,2289299.7033583163,TECL,68849.4285250164,0.0,26.619747161865234,False
2020-08-28,2345720.7573745423,TECL,68849.4285250164,0.0,26.619747161865234,False
2020-08-31,2368718.8050460247,TECL,68849.4285250164,0.0,26.619747161865234,False
2020-09-01,2510686.082934942,TQQQ,124175.23747409042,0.0,20.218894958496094,False
2020-09-02,2581536.984040726,TQQQ,124175.23747409042,0.0,20.218894958496094,False
2020-09-03,2309831.1963001466,CASH,0.0,2309831.1963001466,,False
2020-09-04,2309831.1963001466,CASH,0.0,2309831.1963001466,,False
2020-09-08,2309831.1963001466,CASH,0.0,2309831.1963001466,,False
2020-09-09,2309831.1963001466,CASH,0.0,2309831.1963001466,,False
2020-09-10,2309831.1963001466,CASH,0.0,2309831.1963001466,,False
2020-09-11,2309831.1963001466,CASH,0.0,2309831.1963001466,,False
2020-09-14,2309831.1963001466,CASH,0.0,2309831.1963001466,,False
2020-09-15,2309831.1963001466,CASH,0.0,2309831.1963001466,,False
2020-09-16,2309831.1963001466,CASH,0.0,2309831.1963001466,,False
2020-09-17,2309831.1963001466,CASH,0.0,2309831.1963001466,,False
2020-09-18,2309831.1963001466,CASH,0.0,2309831.1963001466,,False
2020-09-21,2309831.1963001466,CASH,0.0,2309831.1963001466,,False
2020-09-22,2309831.1963001466,CASH,0.0,2309831.1963001466,,False
2020-09-23,2309831.1963001466,CASH,0.0,2309831.1963001466,,False
2020-09-24,2309831.1963001466,CASH,0.0,2309831.1963001466,,False
2020-09-25,2309831.1963001466,CASH,0.0,2309831.1963001466,,False
2020-09-28,2309831.1963001466,CASH,0.0,2309831.1963001466,,False
2020-09-29,2309831.1963001466,CASH,0.0,2309831.1963001466,,False
2020-09-30,2309831.1963001466,CASH,0.0,2309831.1963001466,,False
2020-10-01,2309831.1963001466,TQQQ,141511.36699673586,0.0,16.32258415222168,False
2020-10-02,2125044.700596135,CASH,0.0,2125044.700596135,,False
2020-10-05,2125044.700596135,CASH,0.0,2125044.700596135,,False
2020-10-06,2125044.700596135,CASH,0.0,2125044.700596135,,False
2020-10-07,2125044.700596135,CASH,0.0,2125044.700596135,,False
2020-10-08,2125044.700596135,CASH,0.0,2125044.700596135,,False
2020-10-09,2125044.700596135,CASH,0.0,2125044.700596135,,False
2020-10-12,2125044.700596135,CASH,0.0,2125044.700596135,,False
2020-10-13,2125044.700596135,CASH,0.0,2125044.700596135,,False
2020-10-14,2125044.700596135,CASH,0.0,2125044.700596135,,False
2020-10-15,2125044.700596135,CASH,0.0,2125044.700596135,,False
2020-10-16,2125044.700596135,CASH,0.0,2125044.700596135,,False
2020-10-19,2125044.700596135,CASH,0.0,2125044.700596135,,False
2020-10-20,2125044.700596135,CASH,0.0,2125044.700596135,,False
2020-10-21,2125044.700596135,CASH,0.0,2125044.700596135,,False
2020-10-22,2125044.700596135,CASH,0.0,2125044.700596135,,False
2020-10-23,2125044.700596135,CASH,0.0,2125044.700596135,,False
2020-10-26,2125044.700596135,CASH,0.0,2125044.700596135,,False
2020-10-27,2125044.700596135,CASH,0.0,2125044.700596135,,False
2020-10-28,2125044.700596135,CASH,0.0,2125044.700596135,,False
2020-10-29,2125044.700596135,CASH,0.0,2125044.700596135,,False
2020-10-30,2125044.700596135,CASH,0.0,2125044.700596135,,False
2020-11-02,2125044.700596135,TECL,89759.2212349131,0.0,23.674945831298828,False
2020-11-03,2243573.925819054,TECL,89759.2212349131,0.0,23.674945831298828,False
2020-11-04,2501554.474709744,TECL,89759.2212349131,0.0,23.674945831298828,False
2020-11-05,2739025.0086774477,TECL,89759.2212349131,0.0,23.674945831298828,False
2020-11-06,2760110.9475587057,TECL,89759.2212349131,0.0,23.674945831298828,False
2020-11-09,2706159.5073857056,TECL,89759.2212349131,0.0,23.674945831298828,False
2020-11-10,2546610.7659231983,TECL,89759.2212349131,0.0,23.674945831298828,False
2020-11-11,2728564.0450560856,TECL,89759.2212349131,0.0,23.674945831298828,False
2020-11-12,2653690.848842488,TECL,89759.2212349131,0.0,23.674945831298828,False
2020-11-13,2725022.557838248,TECL,89759.2212349131,0.0,23.674945831298828,False
2020-11-16,2807226.6291687256,TECL,89759.2212349131,0.0,23.674945831298828,False
2020-11-17,2759369.642344878,TECL,89759.2212349131,0.0,23.674945831298828,False
2020-11-18,2667198.867936299,TECL,89759.2212349131,0.0,23.674945831298828,False
2020-11-19,2734577.006192355,TECL,89759.2212349131,0.0,23.674945831298828,False
2020-11-20,2649407.3716023117,TECL,89759.2212349131,0.0,23.674945831298828,False
2020-11-23,2650395.37908245,TECL,89759.2212349131,0.0,23.674945831298828,False
2020-11-24,2752451.535558376,TECL,89759.2212349131,0.0,23.674945831298828,False
2020-11-25,2770737.121233496,TECL,89759.2212349131,0.0,23.674945831298828,False
2020-11-27,2819252.5514412653,TECL,89759.2212349131,0.0,23.674945831298828,False
2020-11-30,2876169.3836717033,TECL,89759.2212349131,0.0,23.674945831298828,False
2020-12-01,2992310.510412479,TQQQ,152961.0823978998,0.0,19.56256103515625,False
2020-12-02,3004336.4500037753,TQQQ,152961.0823978998,0.0,19.56256103515625,False
2020-12-03,3016543.566414241,TQQQ,152961.0823978998,0.0,19.56256103515625,False
2020-12-04,3053530.4785352056,TQQQ,152961.0823978998,0.0,19.56256103515625,False
2020-12-07,3105276.153540811,TQQQ,152961.0823978998,0.0,19.56256103515625,False
2020-12-08,3133700.199892621,TQQQ,152961.0823978998,0.0,19.56256103515625,False
2020-12-09,2923802.3327572397,TQQQ,152961.0823978998,0.0,19.56256103515625,False
2020-12-10,2959696.3489609556,TQQQ,152961.0823978998,0.0,19.56256103515625,False
2020-12-11,2938925.1997808893,TQQQ,152961.0823978998,0.0,19.56256103515625,False
2020-12-14,3001603.0432102075,TQQQ,152961.0823978998,0.0,19.56256103515625,False
2020-12-15,3094890.7248258335,TQQQ,152961.0823978998,0.0,19.56256103515625,False
2020-12-16,3146817.86840072,TQQQ,152961.0823978998,0.0,19.56256103515625,False
2020-12-17,3211318.2747758613,TQQQ,152961.0823978998,0.0,19.56256103515625,False
2020-12-18,3176335.1024198905,TQQQ,152961.0823978998,0.0,19.56256103515625,False
2020-12-21,3164491.7983983215,TQQQ,152961.0823978998,0.0,19.56256103515625,False
2020-12-22,3189453.9379284354,TQQQ,152961.0823978998,0.0,19.56256103515625,False
2020-12-23,3141352.221814031,TQQQ,152961.0823978998,0.0,19.56256103515625,False
2020-12-24,3182166.020146034,TQQQ,152961.0823978998,0.0,19.56256103515625,False
2020-12-28,3277639.4935961575,TQQQ,152961.0823978998,0.0,19.56256103515625,False
2020-12-29,3287297.0057832287,TQQQ,152961.0823978998,0.0,19.56256103515625,False
2020-12-30,3286749.6825742703,TQQQ,152961.0823978998,0.0,19.56256103515625,False
2020-12-31,3312440.613882624,TQQQ,152961.0823978998,0.0,19.56256103515625,False
2021-01-04,3167589.601081009,TQQQ,152961.0823978998,0.0,21.655447006225586,False
2021-01-05,3247030.2389100725,TQQQ,152961.0823978998,0.0,21.655447006225586,False
2021-01-06,3112746.4151428277,TQQQ,152961.0823978998,0.0,21.655447006225586,False
2021-01-07,3337584.2219820195,TQQQ,152961.0823978998,0.0,21.655447006225586,False
2021-01-08,3466947.680120754,TQQQ,152961.0823978998,0.0,21.655447006225586,False
2021-01-11,3313715.270119266,TQQQ,152961.0823978998,0.0,21.655447006225586,False
2021-01-12,3299322.0701241908,TQQQ,152961.0823978998,0.0,21.655447006225586,False
2021-01-13,3363456.6218596552,TQQQ,152961.0823978998,0.0,21.655447006225586,False
2021-01-14,3312258.56181312,TQQQ,152961.0823978998,0.0,21.655447006225586,False
2021-01-15,3231724.1528164735,TQQQ,152961.0823978998,0.0,21.655447006225586,False
2021-01-19,3371838.3108096393,TQQQ,152961.0823978998,0.0,21.655447006225586,False
2021-01-20,3606879.4942943044,TQQQ,152961.0823978998,0.0,21.655447006225586,False
2021-01-21,3696524.0922690635,TQQQ,152961.0823978998,0.0,21.655447006225586,False
2021-01-22,3662997.91996935,TQQQ,152961.0823978998,0.0,21.655447006225586,False
2021-01-25,3764666.7070347373,TQQQ,152961.0823978998,0.0,21.655447006225586,False
2021-01-26,3768675.061815058,TQQQ,152961.0823978998,0.0,21.655447006225586,False
2021-01-27,3464761.596536145,TQQQ,152961.0823978998,0.0,21.655447006225586,False
2021-01-28,3515778.47976351,TQQQ,152961.0823978998,0.0,21.655447006225586,False
2021-01-29,3296771.2989003505,TQQQ,152961.0823978998,0.0,21.655447006225586,False
2021-02-01,3539100.9836676386,TECL,91308.7977853489,0.0,38.75969314575195,False
2021-02-02,3678690.4786218065,TECL,91308.7977853489,0.0,38.75969314575195,False
2021-02-03,3646341.380505051,TECL,91308.7977853489,0.0,38.75969314575195,False
2021-02-04,3808675.872466143,TECL,91308.7977853489,0.0,38.75969314575195,False
2021-02-05,3790900.9882048815,TECL,91308.7977853489,0.0,38.75969314575195,False
2021-02-08,3907745.137836703,TECL,91308.7977853489,0.0,38.75969314575195,False
2021-02-09,3890812.8285794198,TECL,91308.7977853489,0.0,38.75969314575195,False
2021-02-10,3872447.2013637363,TECL,91308.7977853489,0.0,38.75969314575195,False
2021-02-11,4002011.830179216,TECL,91308.7977853489,0.0,38.75969314575195,False
2021-02-12,4066625.734080787,TECL,91308.7977853489,0.0,38.75969314575195,False
2021-02-16,4033097.5882631363,TECL,91308.7977853489,0.0,38.75969314575195,False
2021-02-17,3915410.8636273374,TECL,91308.7977853489,0.0,38.75969314575195,False
2021-02-18,3864360.7105442453,TECL,91308.7977853489,0.0,38.75969314575195,False
2021-02-19,3840182.395578921,TECL,91308.7977853489,0.0,38.75969314575195,False
2021-02-22,3592425.9847668447,TECL,91308.7977853489,0.0,38.75969314575195,False
2021-02-23,3255972.904974228,CASH,0.0,3255972.904974228,,False
2021-02-24,3255972.904974228,CASH,0.0,3255972.904974228,,False
2021-02-25,3255972.904974228,CASH,0.0,3255972.904974228,,False
2021-02-26,3255972.904974228,CASH,0.0,3255972.904974228,,False
2021-03-01,3255972.904974228,TQQQ,140898.29488468033,0.0,23.108675003051758,False
2021-03-02,3099887.1838299003,TQQQ,140898.29488468033,0.0,23.108675003051758,False
2021-03-03,2995495.0725762895,CASH,0.0,2995495.0725762895,,False
2021-03-04,2995495.0725762895,CASH,0.0,2995495.0725762895,,False
2021-03-05,2995495.0725762895,CASH,0.0,2995495.0725762895,,False
2021-03-08,2995495.0725762895,CASH,0.0,2995495.0725762895,,False
2021-03-09,2995495.0725762895,CASH,0.0,2995495.0725762895,,False
2021-03-10,2995495.0725762895,CASH,0.0,2995495.0725762895,,False
2021-03-11,2995495.0725762895,CASH,0.0,2995495.0725762895,,False
2021-03-12,2995495.0725762895,CASH,0.0,2995495.0725762895,,False
2021-03-15,2995495.0725762895,CASH,0.0,2995495.0725762895,,False
2021-03-16,2995495.0725762895,CASH,0.0,2995495.0725762895,,False
2021-03-17,2995495.0725762895,CASH,0.0,2995495.0725762895,,False
2021-03-18,2995495.0725762895,CASH,0.0,2995495.0725762895,,False
2021-03-19,2995495.0725762895,CASH,0.0,2995495.0725762895,,False
2021-03-22,2995495.0725762895,CASH,0.0,2995495.0725762895,,False
2021-03-23,2995495.0725762895,CASH,0.0,2995495.0725762895,,False
2021-03-24,2995495.0725762895,CASH,0.0,2995495.0725762895,,False
2021-03-25,2995495.0725762895,CASH,0.0,2995495.0725762895,,False
2021-03-26,2995495.0725762895,CASH,0.0,2995495.0725762895,,False
2021-03-29,2995495.0725762895,CASH,0.0,2995495.0725762895,,False
2021-03-30,2995495.0725762895,CASH,0.0,2995495.0725762895,,False
2021-03-31,2995495.0725762895,CASH,0.0,2995495.0725762895,,False
2021-04-01,2995495.0725762895,TQQQ,131113.30032317675,0.0,22.846614837646484,False
2021-04-05,3175411.4957467723,TQQQ,131113.30032317675,0.0,22.846614837646484,False
2021-04-06,3167915.884650225,TQQQ,131113.30032317675,0.0,22.846614837646484,False
2021-04-07,3191342.0138154426,TQQQ,131113.30032317675,0.0,22.846614837646484,False
2021-04-08,3290983.90073135,TQQQ,131113.30032317675,0.0,22.846614837646484,False
2021-04-09,3350643.943478082,TQQQ,131113.30032317675,0.0,22.846614837646484,False
2021-04-12,3337525.061066786,TQQQ,131113.30032317675,0.0,22.846614837646484,False
2021-04-13,3451847.3222595626,TQQQ,131113.30032317675,0.0,22.846614837646484,False
2021-04-14,3330652.896354107,TQQQ,131113.30032317675,0.0,22.846614837646484,False
2021-04-15,3477772.9887720593,TQQQ,131113.30032317675,0.0,22.846614837646484,False
2021-04-16,3492453.613127703,TQQQ,131113.30032317675,0.0,22.846614837646484,False
2021-04-19,3397185.353892292,TQQQ,131113.30032317675,0.0,22.846614837646484,False
2021-04-20,3322843.6864748197,TQQQ,131113.30032317675,0.0,22.846614837646484,False
2021-04-21,3406867.9038684745,TQQQ,131113.30032317675,0.0,22.846614837646484,False
2021-04-22,3282862.5925419666,TQQQ,131113.30032317675,0.0,22.846614837646484,False
2021-04-23,3406555.3054008307,TQQQ,131113.30032317675,0.0,22.846614837646484,False
2021-04-26,3474024.8081056243,TQQQ,131113.30032317675,0.0,22.846614837646484,False
2021-04-27,3428420.943015571,TQQQ,131113.30032317675,0.0,22.846614837646484,False
2021-04-28,3393124.0746006654,TQQQ,131113.30032317675,0.0,22.846614837646484,False
2021-04-29,3427171.2993813185,TQQQ,131113.30032317675,0.0,22.846614837646484,False
2021-04-30,3362825.780722769,TQQQ,131113.30032317675,0.0,22.846614837646484,False
2021-05-03,3307850.7137303064,TECL,75751.64907059209,0.0,43.66704559326172,False
2021-05-04,3043222.656631882,CASH,0.0,3043222.656631882,,False
2021-05-05,3043222.656631882,CASH,0.0,3043222.656631882,,False
2021-05-06,3043222.656631882,CASH,0.0,3043222.656631882,,False
2021-05-07,3043222.656631882,CASH,0.0,3043222.656631882,,False
2021-05-10,3043222.656631882,CASH,0.0,3043222.656631882,,False
2021-05-11,3043222.656631882,CASH,0.0,3043222.656631882,,False
2021-05-12,3043222.656631882,CASH,0.0,3043222.656631882,,False
2021-05-13,3043222.656631882,CASH,0.0,3043222.656631882,,False
2021-05-14,3043222.656631882,CASH,0.0,3043222.656631882,,False
2021-05-17,3043222.656631882,CASH,0.0,3043222.656631882,,False
2021-05-18,3043222.656631882,CASH,0.0,3043222.656631882,,False
2021-05-19,3043222.656631882,CASH,0.0,3043222.656631882,,False
2021-05-20,3043222.656631882,CASH,0.0,3043222.656631882,,False
2021-05-21,3043222.656631882,CASH,0.0,3043222.656631882,,False
2021-05-24,3043222.656631882,CASH,0.0,3043222.656631882,,False
2021-05-25,3043222.656631882,CASH,0.0,3043222.656631882,,False
2021-05-26,3043222.656631882,CASH,0.0,3043222.656631882,,False
2021-05-27,3043222.656631882,CASH,0.0,3043222.656631882,,False
2021-05-28,3043222.656631882,CASH,0.0,3043222.656631882,,False
2021-06-01,3043222.656631882,TECL,73088.8458786518,0.0,41.637306213378906,False
2021-06-02,3101888.5670349835,TECL,73088.8458786518,0.0,41.637306213378906,False
2021-06-03,3016924.568096702,TECL,73088.8458786518,0.0,41.637306213378906,False
2021-06-04,3188202.5728082275,TECL,73088.8458786518,0.0,41.637306213378906,False
2021-06-07,3188202.5728082275,TECL,73088.8458786518,0.0,41.637306213378906,False
2021-06-08,3191573.965341967,TECL,73088.8458786518,0.0,41.637306213378906,False
2021-06-09,3196968.1376335863,TECL,73088.8458786518,0.0,41.637306213378906,False
2021-06-10,3269121.5698543903,TECL,73088.8458786518,0.0,41.637306213378906,False
2021-06-11,3323066.917324251,TECL,73088.8458786518,0.0,41.637306213378906,False
2021-06-14,3428260.9443358937,TECL,73088.8458786518,0.0,41.637306213378906,False
2021-06-15,3363526.6946591535,TECL,73088.8458786518,0.0,41.637306213378906,False
2021-06-16,3307557.4521841304,TECL,73088.8458786518,0.0,41.637306213378906,False
2021-06-17,3425564.276407815,TECL,73088.8458786518,0.0,41.637306213378906,False
2021-06-18,3325764.7004996124,TECL,73088.8458786518,0.0,41.637306213378906,False
2021-06-21,3435678.7328208545,TECL,73088.8458786518,0.0,41.637306213378906,False
2021-06-22,3527386.9108857177,TECL,73088.8458786518,0.0,41.637306213378906,False
2021-06-23,3511878.282181059,TECL,73088.8458786518,0.0,41.637306213378906,False
2021-06-24,3582681.42875508,TECL,73088.8458786518,0.0,41.637306213378906,False
2021-06-25,3572566.1359065785,TECL,73088.8458786518,0.0,41.637306213378906,False
2021-06-28,3683155.4504571226,TECL,73088.8458786518,0.0,41.637306213378906,False
2021-06-29,3761377.779575207,TECL,73088.8458786518,0.0,41.637306213378906,False
2021-06-30,3750588.5985565064,TECL,73088.8458786518,0.0,41.637306213378906,False
2021-07-01,3761377.779575207,TQQQ,128823.46783762201,0.0,29.19792366027832,False
2021-07-02,3889048.8615787863,TQQQ,128823.46783762201,0.0,29.19792366027832,False
2021-07-06,3941221.9630865483,TQQQ,128823.46783762201,0.0,29.19792366027832,False
2021-07-07,3966387.9565851544,TQQQ,128823.46783762201,0.0,29.19792366027832,False
2021-07-08,3897641.8759472584,TQQQ,128823.46783762201,0.0,29.19792366027832,False
2021-07-09,3963625.670541166,TQQQ,128823.46783762201,0.0,29.19792366027832,False
2021-07-12,4013343.379375242,TQQQ,128823.46783762201,0.0,29.19792366027832,False
2021-07-13,4011196.108628185,TQQQ,128823.46783762201,0.0,29.19792366027832,False
2021-07-14,4032985.537919667,TQQQ,128823.46783762201,0.0,29.19792366027832,False
2021-07-15,3949507.8383734524,TQQQ,128823.46783762201,0.0,29.19792366027832,False
2021-07-16,3852527.5676677204,TQQQ,128823.46783762201,0.0,29.19792366027832,False
2021-07-19,3760150.697516527,TQQQ,128823.46783762201,0.0,29.19792366027832,False
2021-07-20,3884138.32194268,TQQQ,128823.46783762201,0.0,29.19792366027832,False
2021-07-21,3972832.717361508,TQQQ,128823.46783762201,0.0,29.19792366027832,False
2021-07-22,4056309.679773927,TQQQ,128823.46783762201,0.0,29.19792366027832,False
2021-07-23,4191039.555005731,TQQQ,128823.46783762201,0.0,29.19792366027832,False
2021-07-26,4208533.214246773,TQQQ,128823.46783762201,0.0,29.19792366027832,False
2021-07-27,4071040.56154845,TQQQ,128823.46783762201,0.0,29.19792366027832,False
2021-07-28,4115542.311643709,TQQQ,128823.46783762201,0.0,29.19792366027832,False
2021-07-29,4135797.274083678,TQQQ,128823.46783762201,0.0,29.19792366027832,False
2021-07-30,4073803.8304374996,TQQQ,128823.46783762201,0.0,29.19792366027832,False
2021-08-02,4072574.782688698,TQQQ,128823.46783762201,0.0,31.623149871826172,False
2021-08-03,4143469.362629977,TQQQ,128823.46783762201,0.0,31.623149871826172,False
2021-08-04,4164032.4469965748,TQQQ,128823.46783762201,0.0,31.623149871826172,False
2021-08-05,4242291.484980054,TQQQ,128823.46783762201,0.0,31.623149871826172,False
2021-08-06,4187049.2040580017,TQQQ,128823.46783762201,0.0,31.623149871826172,False
2021-08-09,4209453.648646415,TQQQ,128823.46783762201,0.0,31.623149871826172,False
2021-08-10,4146537.804910472,TQQQ,128823.46783762201,0.0,31.623149871826172,False
2021-08-11,4124135.3260121807,TQQQ,128823.46783762201,0.0,31.623149871826172,False
2021-08-12,4167101.872122131,TQQQ,128823.46783762201,0.0,31.623149871826172,False
2021-08-13,4208839.370483279,TQQQ,128823.46783762201,0.0,31.623149871826172,False
2021-08-16,4216205.794215602,TQQQ,128823.46783762201,0.0,31.623149871826172,False
2021-08-17,4105414.8304237244,TQQQ,128823.46783762201,0.0,31.623149871826172,False
2021-08-18,3986030.1151295793,TQQQ,128823.46783762201,0.0,31.623149871826172,False
2021-08-19,4042806.3714806144,TQQQ,128823.46783762201,0.0,31.623149871826172,False
2021-08-20,4167714.184595145,TQQQ,128823.46783762201,0.0,31.623149871826172,False
2021-08-23,4353390.324987296,TQQQ,128823.46783762201,0.0,31.623149871826172,False
2021-08-24,4396354.905407124,TQQQ,128823.46783762201,0.0,31.623149871826172,False
2021-08-25,4401266.182177026,TQQQ,128823.46783762201,0.0,31.623149871826172,False
2021-08-26,4326688.881792116,TQQQ,128823.46783762201,0.0,31.623149871826172,False
2021-08-27,4453132.390314485,TQQQ,128823.46783762201,0.0,31.623149871826172,False
2021-08-30,4600751.295676466,TQQQ,128823.46783762201,0.0,31.623149871826172,False
2021-08-31,4587862.265546289,TQQQ,128823.46783762201,0.0,31.623149871826172,False
2021-09-01,4613028.99617869,TECL,73024.48917546075,0.0,63.17098617553711,False
2021-09-02,4604943.608764454,TECL,73024.48917546075,0.0,63.17098617553711,False
2021-09-03,4658842.570163884,TECL,73024.48917546075,0.0,63.17098617553711,False
2021-09-07,4660190.274016083,TECL,73024.48917546075,0.0,63.17098617553711,False
2021-09-08,4602249.315325332,TECL,73024.48917546075,0.0,63.17098617553711,False
2021-09-09,4545656.06048678,TECL,73024.48917546075,0.0,63.17098617553711,False
2021-09-10,4415625.202621421,TECL,73024.48917546075,0.0,63.17098617553711,False
2021-09-13,4416972.627907301,TECL,73024.48917546075,0.0,63.17098617553711,False
2021-09-14,4402151.50689526,TECL,73024.48917546075,0.0,63.17098617553711,False
2021-09-15,4512643.166000605,TECL,73024.48917546075,0.0,63.17098617553711,False
2021-09-16,4524769.993573524,TECL,73024.48917546075,0.0,63.17098617553711,False
2021-09-17,4316587.633428173,TECL,73024.48917546075,0.0,63.17098617553711,False
2021-09-20,4119859.277417494,CASH,0.0,4119859.277417494,,False
2021-09-21,4119859.277417494,CASH,0.0,4119859.277417494,,False
2021-09-22,4119859.277417494,CASH,0.0,4119859.277417494,,False
2021-09-23,4119859.277417494,CASH,0.0,4119859.277417494,,False
2021-09-24,4119859.277417494,CASH,0.0,4119859.277417494,,False
2021-09-27,4119859.277417494,CASH,0.0,4119859.277417494,,False
2021-09-28,4119859.277417494,CASH,0.0,4119859.277417494,,False
2021-09-29,4119859.277417494,CASH,0.0,4119859.277417494,,False
2021-09-30,4119859.277417494,CASH,0.0,4119859.277417494,,False
2021-10-01,4119859.2774174944,TECL,75531.95060580895,0.0,54.54458999633789,False
2021-10-04,3790270.535224095,CASH,0.0,3790270.535224095,,False
2021-10-05,3790270.535224095,CASH,0.0,3790270.535224095,,False
2021-10-06,3790270.535224095,CASH,0.0,3790270.535224095,,False
2021-10-07,3790270.535224095,CASH,0.0,3790270.535224095,,False
2021-10-08,3790270.535224095,CASH,0.0,3790270.535224095,,False
2021-10-11,3790270.535224095,CASH,0.0,3790270.535224095,,False
2021-10-12,3790270.535224095,CASH,0.0,3790270.535224095,,False
2021-10-13,3790270.535224095,CASH,0.0,3790270.535224095,,False
2021-10-14,3790270.535224095,CASH,0.0,3790270.535224095,,False
2021-10-15,3790270.535224095,CASH,0.0,3790270.535224095,,False
2021-10-18,3790270.535224095,CASH,0.0,3790270.535224095,,False
2021-10-19,3790270.535224095,CASH,0.0,3790270.535224095,,False
2021-10-20,3790270.535224095,CASH,0.0,3790270.535224095,,False
2021-10-21,3790270.535224095,CASH,0.0,3790270.535224095,,False
2021-10-22,3790270.535224095,CASH,0.0,3790270.535224095,,False
2021-10-25,3790270.535224095,CASH,0.0,3790270.535224095,,False
2021-10-26,3790270.535224095,CASH,0.0,3790270.535224095,,False
2021-10-27,3790270.535224095,CASH,0.0,3790270.535224095,,False
2021-10-28,3790270.535224095,CASH,0.0,3790270.535224095,,False
2021-10-29,3790270.535224095,CASH,0.0,3790270.535224095,,False
2021-11-01,3790270.535224095,TECL,57837.70991624245,0.0,65.5328598022461,False
2021-11-02,3880450.888483775,TECL,57837.70991624245,0.0,65.5328598022461,False
2021-11-03,3948220.1881910088,TECL,57837.70991624245,0.0,65.5328598022461,False
2021-11-04,4130184.0166595695,TECL,57837.70991624245,0.0,65.5328598022461,False
2021-11-05,4186746.907057165,TECL,57837.70991624245,0.0,65.5328598022461,False
2021-11-08,4259852.445061039,TECL,57837.70991624245,0.0,65.5328598022461,False
2021-11-09,4209692.775859386,TECL,57837.70991624245,0.0,65.5328598022461,False
2021-11-10,3994644.975978393,TECL,57837.70991624245,0.0,65.5328598022461,False
2021-11-11,4058678.070471235,TECL,57837.70991624245,0.0,65.5328598022461,False
2021-11-12,4202755.180680376,TECL,57837.70991624245,0.0,65.5328598022461,False
2021-11-15,4189948.297021783,TECL,57837.70991624245,0.0,65.5328598022461,False
2021-11-16,4320150.2168729035,TECL,57837.70991624245,0.0,65.5328598022461,False
2021-11-17,4280129.09154817,TECL,57837.70991624245,0.0,65.5328598022461,False
2021-11-18,4403927.790203349,TECL,57837.70991624245,0.0,65.5328598022461,False
2021-11-19,4507983.333821048,TECL,57837.70991624245,0.0,65.5328598022461,False
2021-11-22,4357503.88494938,TECL,57837.70991624245,0.0,65.5328598022461,False
2021-11-23,4327087.370785206,TECL,57837.70991624245,0.0,65.5328598022461,False
2021-11-24,4417268.606578301,TECL,57837.70991624245,0.0,65.5328598022461,False
2021-11-26,4089095.4671688243,TECL,57837.70991624245,0.0,65.5328598022461,False
2021-11-29,4389520.4321958,TECL,57837.70991624245,0.0,65.5328598022461,False
2021-11-30,4280663.024264529,TECL,57837.70991624245,0.0,65.5328598022461,False
2021-12-01,4101901.9095607097,TQQQ,111012.079016456,0.0,36.950050354003906,False
2021-12-02,4179127.2617695755,TQQQ,111012.079016456,0.0,36.950050354003906,False
2021-12-03,3969139.1805105195,TQQQ,111012.079016456,0.0,36.950050354003906,False
2021-12-06,4061967.9837365374,TQQQ,111012.079016456,0.0,36.950050354003906,False
2021-12-07,4428256.095543486,TQQQ,111012.079016456,0.0,36.950050354003906,False
2021-12-08,4489876.302825303,TQQQ,111012.079016456,0.0,36.950050354003906,False
2021-12-09,4296021.442903717,TQQQ,111012.079016456,0.0,36.950050354003906,False
2021-12-10,4429049.268852804,TQQQ,111012.079016456,0.0,36.950050354003906,False
2021-12-13,4238632.6225448605,TQQQ,111012.079016456,0.0,36.950050354003906,False
2021-12-14,4112481.2238230584,TQQQ,111012.079016456,0.0,36.950050354003906,False
2021-12-15,4384617.588774352,TQQQ,111012.079016456,0.0,36.950050354003906,False
2021-12-16,4050066.572799501,TQQQ,111012.079016456,0.0,36.950050354003906,False
2021-12-17,3988180.4216638394,TQQQ,111012.079016456,0.0,36.950050354003906,False
2021-12-20,3773749.7567958534,CASH,0.0,3773749.7567958534,,False
2021-12-21,3773749.7567958534,CASH,0.0,3773749.7567958534,,False
2021-12-22,3773749.7567958534,CASH,0.0,3773749.7567958534,,False
2021-12-23,3773749.7567958534,CASH,0.0,3773749.7567958534,,False
2021-12-27,3773749.7567958534,CASH,0.0,3773749.7567958534,,False
2021-12-28,3773749.7567958534,CASH,0.0,3773749.7567958534,,False
2021-12-29,3773749.7567958534,CASH,0.0,3773749.7567958534,,False
2021-12-30,3773749.7567958534,CASH,0.0,3773749.7567958534,,False
2021-12-31,3773749.7567958534,CASH,0.0,3773749.7567958534,,False
2022-01-03,3773749.7567958534,TQQQ,92564.32485833157,0.0,40.768943786621094,False
2022-01-04,3627104.24209157,TQQQ,92564.32485833157,0.0,40.768943786621094,False
2022-01-05,3471849.7762521855,CASH,0.0,3471849.7762521855,,False
2022-01-06,3471849.7762521855,CASH,0.0,3471849.7762521855,,False
2022-01-07,3471849.7762521855,CASH,0.0,3471849.7762521855,,False
2022-01-10,3471849.7762521855,CASH,0.0,3471849.7762521855,,False
2022-01-11,3471849.7762521855,CASH,0.0,3471849.7762521855,,False
2022-01-12,3471849.7762521855,CASH,0.0,3471849.7762521855,,False
2022-01-13,3471849.7762521855,CASH,0.0,3471849.7762521855,,False
2022-01-14,3471849.7762521855,CASH,0.0,3471849.7762521855,,False
2022-01-18,3471849.7762521855,CASH,0.0,3471849.7762521855,,False
2022-01-19,3471849.7762521855,CASH,0.0,3471849.7762521855,,False
2022-01-20,3471849.7762521855,CASH,0.0,3471849.7762521855,,False
2022-01-21,3471849.7762521855,CASH,0.0,3471849.7762521855,,False
2022-01-24,3471849.7762521855,CASH,0.0,3471849.7762521855,,False
2022-01-25,3471849.7762521855,CASH,0.0,3471849.7762521855,,False
2022-01-26,3471849.7762521855,CASH,0.0,3471849.7762521855,,False
2022-01-27,3471849.7762521855,CASH,0.0,3471849.7762521855,,False
2022-01-28,3471849.7762521855,CASH,0.0,3471849.7762521855,,False
2022-01-31,3471849.7762521855,CASH,0.0,3471849.7762521855,,False
2022-02-01,3471849.776252186,GLD,20637.519255930456,0.0,168.22999572753906,False
2022-02-02,3484438.6755944453,GLD,20637.519255930456,0.0,168.22999572753906,False
2022-02-03,3479485.872511296,GLD,20637.519255930456,0.0,168.22999572753906,False
2022-02-04,3484851.514152559,GLD,20637.519255930456,0.0,168.22999572753906,False
2022-02-07,3510648.413222472,GLD,20637.519255930456,0.0,168.22999572753906,False
2022-02-08,3521380.0114085507,GLD,20637.519255930456,0.0,168.22999572753906,False
2022-02-09,3533349.8103654166,GLD,20637.519255930456,0.0,168.22999572753906,False
2022-02-10,3519935.23390693,GLD,20637.519255930456,0.0,168.22999572753906,False
2022-02-11,3587007.171488704,GLD,20637.519255930456,0.0,168.22999572753906,False
2022-02-14,3606200.228146567,GLD,20637.519255930456,0.0,168.22999572753906,False
2022-02-15,3571941.87060487,GLD,20637.519255930456,0.0,168.22999572753906,False
2022-02-16,3608676.629688142,GLD,20637.519255930456,0.0,168.22999572753906,False
2022-02-17,3658000.288113673,GLD,20637.519255930456,0.0,168.22999572753906,False
2022-02-18,3655317.3098412654,GLD,20637.519255930456,0.0,168.22999572753906,False
2022-02-22,3662953.4061003756,GLD,20637.519255930456,0.0,168.22999572753906,False
2022-02-23,3679463.1695822775,GLD,20637.519255930456,0.0,168.22999572753906,False
2022-02-24,3655730.1483993786,GLD,20637.519255930456,0.0,168.22999572753906,False
2022-02-25,3643554.0876152324,GLD,20637.519255930456,0.0,168.22999572753906,False
2022-02-28,3681320.7856420116,GLD,20637.519255930456,0.0,168.22999572753906,False
2022-03-01,3748186.1464929525,GLD,20637.519255930456,0.0,178.3800048828125,False
2022-03-02,3709181.247695386,GLD,20637.519255930456,0.0,178.3800048828125,False
2022-03-03,3731263.544452937,GLD,20637.519255930456,0.0,178.3800048828125,False
2022-03-04,3790699.3857756006,GLD,20637.519255930456,0.0,178.3800048828125,False
2022-03-07,3847040.040074849,GLD,20637.519255930456,0.0,178.3800048828125,False
2022-03-08,3952291.1993379625,GLD,20637.519255930456,0.0,178.3800048828125,False
2022-03-09,3834863.979290703,GLD,20637.519255930456,0.0,178.3800048828125,False
2022-03-10,3846833.4633440156,GLD,20637.519255930456,0.0,178.3800048828125,False
2022-03-11,3819798.3635033155,GLD,20637.519255930456,0.0,178.3800048828125,False
2022-03-14,3762219.8233368327,GLD,20637.519255930456,0.0,178.3800048828125,False
2022-03-15,3691845.807097257,GLD,20637.519255930456,0.0,178.3800048828125,False
2022-03-16,3714959.727894762,GLD,20637.519255930456,0.0,178.3800048828125,False
2022-03-17,3733120.845609118,GLD,20637.519255930456,0.0,178.3800048828125,False
2022-03-18,3700307.2655690415,GLD,20637.519255930456,0.0,178.3800048828125,False
2022-03-21,3728580.566180529,GLD,20637.519255930456,0.0,178.3800048828125,False
2022-03-22,3701545.466339829,GLD,20637.519255930456,0.0,178.3800048828125,False
2022-03-23,3752107.3255361477,GLD,20637.519255930456,0.0,178.3800048828125,False
2022-03-24,3779349.0021076812,GLD,20637.519255930456,0.0,178.3800048828125,False
2022-03-25,3763870.8626657333,GLD,20637.519255930456,0.0,178.3800048828125,False
2022-03-28,3695354.147582339,GLD,20637.519255930456,0.0,178.3800048828125,False
2022-03-29,3697005.1869112398,GLD,20637.519255930456,0.0,178.3800048828125,False
2022-03-30,3726723.265024348,GLD,20637.519255930456,0.0,178.3800048828125,False
2022-03-31,3728167.7276224154,GLD,20637.519255930456,0.0,178.3800048828125,False
2022-04-01,3704434.706439517,GLD,20637.519255930456,0.0,180.64999389648438,False
2022-04-04,3722389.2474230393,GLD,20637.519255930456,0.0,180.64999389648438,False
2022-04-05,3699069.064798254,GLD,20637.519255930456,0.0,180.64999389648438,False
2022-04-06,3707736.7850973182,GLD,20637.519255930456,0.0,180.64999389648438,False
2022-04-07,3721770.147037646,GLD,20637.519255930456,0.0,180.64999389648438,False
2022-04-08,3745090.644565984,GLD,20637.519255930456,0.0,180.64999389648438,False
2022-04-11,3763664.2859349004,GLD,20637.519255930456,0.0,180.64999389648438,False
2022-04-12,3792557.0018353346,GLD,20637.519255930456,0.0,180.64999389648438,False
2022-04-13,3810717.8046461376,GLD,20637.519255930456,0.0,180.64999389648438,False
2022-04-14,3798128.905303878,GLD,20637.519255930456,0.0,180.64999389648438,False
2022-04-18,3809892.4424334634,GLD,20637.519255930456,0.0,180.64999389648438,False
2022-04-19,3752313.902266981,GLD,20637.519255930456,0.0,180.64999389648438,False
2022-04-20,3770681.281808617,GLD,20637.519255930456,0.0,180.64999389648438,False
2022-04-21,3757266.7053501303,GLD,20637.519255930456,0.0,180.64999389648438,False
2022-04-22,3720738.2080941387,GLD,20637.519255930456,0.0,180.64999389648438,False
2022-04-25,3653872.8472431977,GLD,20637.519255930456,0.0,180.64999389648438,False
2022-04-26,3659445.065615294,GLD,20637.519255930456,0.0,180.64999389648438,False
2022-04-27,3631790.550485647,GLD,20637.519255930456,0.0,180.64999389648438,False
2022-04-28,3651396.13079807,GLD,20637.519255930456,0.0,180.64999389648438,False
2022-04-29,3650983.6071435097,GLD,20637.519255930456,0.0,180.64999389648438,False
2022-05-02,3583292.569176342,GLD,20637.519255930456,0.0,176.91000366210938,False
2022-05-03,3592785.6516880803,GLD,20637.519255930456,0.0,176.91000366210938,False
2022-05-04,3628075.948173285,GLD,20637.519255930456,0.0,176.91000366210938,False
2022-05-05,3614248.8480602377,GLD,20637.519255930456,0.0,176.91000366210938,False
2022-05-06,3620233.590086894,GLD,20637.519255930456,0.0,176.91000366210938,False
2022-05-09,3567814.4297343944,GLD,20637.519255930456,0.0,176.91000366210938,False
2022-05-10,3537683.5130631723,GLD,20637.519255930456,0.0,176.91000366210938,False
2022-05-11,3566576.228963607,GLD,20637.519255930456,0.0,176.91000366210938,False
2022-05-12,3511886.613993259,GLD,20637.519255930456,0.0,176.91000366210938,False
2022-05-13,3483406.736650938,GLD,20637.519255930456,0.0,176.91000366210938,False
2022-05-16,3516633.1552491286,GLD,20637.519255930456,0.0,176.91000366210938,False
2022-05-17,3494551.1733951303,GLD,20637.519255930456,0.0,176.91000366210938,False
2022-05-18,3496408.4745513117,GLD,20637.519255930456,0.0,176.91000366210938,False
2022-05-19,3547796.0108638573,GLD,20637.519255930456,0.0,176.91000366210938,False
2022-05-20,3550272.412405432,GLD,20637.519255930456,0.0,176.91000366210938,False
2022-05-23,3566782.4907908873,GLD,20637.519255930456,0.0,176.91000366210938,False
2022-05-24,3593611.328804307,GLD,20637.519255930456,0.0,176.91000366210938,False
2022-05-25,3571941.87060487,GLD,20637.519255930456,0.0,176.91000366210938,False
2022-05-26,3565337.7132892665,GLD,20637.519255930456,0.0,176.91000366210938,False
2022-05-27,3567195.3293490005,GLD,20637.519255930456,0.0,176.91000366210938,False
2022-05-31,3531905.032863796,GLD,20637.519255930456,0.0,176.91000366210938,False
2022-06-01,3554399.8532759077,SHY,48932.04464346596,0.0,72.63951218826776,False
2022-06-02,3555254.027897541,SHY,48932.04464346596,0.0,72.63951218826776,False
2022-06-03,3553969.571735313,SHY,48932.04464346596,0.0,72.63951218826776,False
2022-06-06,3549267.289711337,SHY,48932.04464346596,0.0,72.63951218826776,False
2022-06-07,3549694.1891262843,SHY,48932.04464346596,0.0,72.63951218826776,False
2022-06-08,3547129.410510953,SHY,48932.04464346596,0.0,72.63951218826776,False
2022-06-09,3544565.00768736,SHY,48932.04464346596,0.0,72.63951218826776,False
2022-06-10,3529599.101701196,SHY,48932.04464346596,0.0,72.63951218826776,False
2022-06-13,3511641.517684753,SHY,48932.04464346596,0.0,72.63951218826776,False
2022-06-14,3504800.6048769164,SHY,48932.04464346596,0.0,72.63951218826776,False
2022-06-15,3518483.933659545,SHY,48932.04464346596,0.0,72.63951218826776,False
2022-06-16,3523186.59147526,SHY,48932.04464346596,0.0,72.63951218826776,False
2022-06-17,3522331.6652701492,SHY,48932.04464346596,0.0,72.63951218826776,False
2022-06-21,3521047.5848996607,SHY,48932.04464346596,0.0,72.63951218826776,False
2022-06-22,3531310.4572783704,SHY,48932.04464346596,0.0,72.63951218826776,False
2022-06-23,3534302.8868921264,SHY,48932.04464346596,0.0,72.63951218826776,False
2022-06-24,3533448.336478755,SHY,48932.04464346596,0.0,72.63951218826776,False
2022-06-27,3529599.101701196,SHY,48932.04464346596,0.0,72.63951218826776,False
2022-06-28,3528743.7997043473,SHY,48932.04464346596,0.0,72.63951218826776,False
2022-06-29,3533019.1823133766,SHY,48932.04464346596,0.0,72.63951218826776,False
2022-06-30,3539861.5982881687,SHY,48932.04464346596,0.0,72.63951218826776,False
2022-07-01,3550518.6762005757,SHY,48932.04464346596,0.0,72.34240106009665,False
2022-07-05,3550089.8978269347,SHY,48932.04464346596,0.0,72.34240106009665,False
2022-07-06,3540244.9058614485,SHY,48932.04464346596,0.0,72.34240106009665,False
2022-07-07,3537677.872495686,SHY,48932.04464346596,0.0,72.34240106009665,False
2022-07-08,3533397.6045940565,SHY,48932.04464346596,0.0,72.34240106009665,False
2022-07-11,3534681.684964545,SHY,48932.04464346596,0.0,72.34240106009665,False
2022-07-12,3536394.543708674,SHY,48932.04464346596,0.0,72.34240106009665,False
2022-07-13,3532543.4299724223,SHY,48932.04464346596,0.0,72.34240106009665,False
2022-07-14,3531258.2222267184,SHY,48932.04464346596,0.0,72.34240106009665,False
2022-07-15,3533827.510342912,SHY,48932.04464346596,0.0,72.34240106009665,False
2022-07-18,3531685.497433404,SHY,48932.04464346596,0.0,72.34240106009665,False
2022-07-19,3527836.262655846,SHY,48932.04464346596,0.0,72.34240106009665,False
2022-07-20,3527406.7326987283,SHY,48932.04464346596,0.0,72.34240106009665,False
2022-07-21,3537252.1004559533,SHY,48932.04464346596,0.0,72.34240106009665,False
2022-07-22,3546238.408298946,SHY,48932.04464346596,0.0,72.34240106009665,False
2022-07-25,3543242.220767804,SHY,48932.04464346596,0.0,72.34240106009665,False
2022-07-26,3541530.113607153,SHY,48932.04464346596,0.0,72.34240106009665,False
2022-07-27,3547093.7102957945,SHY,48932.04464346596,0.0,72.34240106009665,False
2022-07-28,3554796.689351774,SHY,48932.04464346596,0.0,72.34240106009665,False
2022-07-29,3554370.1657285653,SHY,48932.04464346596,0.0,72.34240106009665,False
2022-08-01,3554284.861003923,SHY,48932.04464346596,0.0,72.6389054785429,False
2022-08-02,3541859.307170087,SHY,48932.04464346596,0.0,72.6389054785429,False
2022-08-03,3543144.1391240535,SHY,48932.04464346596,0.0,72.6389054785429,False
2022-08-04,3547856.56752497,SHY,48932.04464346596,0.0,72.6389054785429,False
2022-08-05,3533290.879740319,SHY,48932.04464346596,0.0,72.6389054785429,False
2022-08-08,3536718.4761872697,SHY,48932.04464346596,0.0,72.6389054785429,False
2022-08-09,3533290.879740319,SHY,48932.04464346596,0.0,72.6389054785429,False
2022-08-10,3536718.4761872697,SHY,48932.04464346596,0.0,72.6389054785429,False
2022-08-11,3535432.8926498266,SHY,48932.04464346596,0.0,72.6389054785429,False
2022-08-12,3536289.322021891,SHY,48932.04464346596,0.0,72.6389054785429,False
2022-08-15,3539289.643262156,SHY,48932.04464346596,0.0,72.6389054785429,False
2022-08-16,3536289.322021891,SHY,48932.04464346596,0.0,72.6389054785429,False
2022-08-17,3533290.879740319,SHY,48932.04464346596,0.0,72.6389054785429,False
2022-08-18,3538431.7107231366,SHY,48932.04464346596,0.0,72.6389054785429,False
2022-08-19,3535862.046815205,SHY,48932.04464346596,0.0,72.6389054785429,False
2022-08-22,3531148.4910390726,SHY,48932.04464346596,0.0,72.6389054785429,False
2022-08-23,3532863.980325372,SHY,48932.04464346596,0.0,72.6389054785429,False
2022-08-24,3529006.4781295657,SHY,48932.04464346596,0.0,72.6389054785429,False
2022-08-25,3531148.4910390726,SHY,48932.04464346596,0.0,72.6389054785429,False
2022-08-26,3530292.4374587475,SHY,48932.04464346596,0.0,72.6389054785429,False
2022-08-29,3527721.6461755997,SHY,48932.04464346596,0.0,72.6389054785429,False
2022-08-30,3526008.411639732,SHY,48932.04464346596,0.0,72.6389054785429,False
2022-08-31,3525579.633266092,SHY,48932.04464346596,0.0,72.6389054785429,False
2022-09-01,3523003.9566903445,IEF,40222.79617376691,0.0,87.58724633341201,False
2022-09-02,3542739.9460827154,IEF,40222.79617376691,0.0,87.58724633341201,False
2022-09-06,3503266.7335673124,IEF,40222.79617376691,0.0,87.58724633341201,False
2022-09-07,3526176.4950864497,IEF,40222.79617376691,0.0,87.58724633341201,False
2022-09-08,3513135.653561494,IEF,40222.79617376691,0.0,87.58724633341201,False
2022-09-09,3513488.50053069,IEF,40222.79617376691,0.0,87.58724633341201,False
2022-09-12,3505029.117817297,IEF,40222.79617376691,0.0,87.58724633341201,False
2022-09-13,3485292.8199922605,IEF,40222.79617376691,0.0,87.58724633341201,False
2022-09-14,3487053.970511584,IEF,40222.79617376691,0.0,87.58724633341201,False
2022-09-15,3475071.9783268794,IEF,40222.79617376691,0.0,87.58724633341201,False
2022-09-16,3477891.0528884577,IEF,40222.79617376691,0.0,87.58724633341201,False
2022-09-19,3468022.441326942,IEF,40222.79617376691,0.0,87.58724633341201,False
2022-09-20,3446524.067684586,IEF,40222.79617376691,0.0,87.58724633341201,False
2022-09-21,3460269.369417271,IEF,40222.79617376691,0.0,87.58724633341201,False
2022-09-22,3408107.853913442,IEF,40222.79617376691,0.0,87.58724633341201,False
2022-09-23,3412337.3910538056,IEF,40222.79617376691,0.0,87.58724633341201,False
2022-09-26,3355593.7998730834,IEF,40222.79617376691,0.0,87.58724633341201,False
2022-09-27,3332684.655219277,IEF,40222.79617376691,0.0,87.58724633341201,False
2022-09-28,3407756.5491075735,IEF,40222.79617376691,0.0,87.58724633341201,False
2022-09-29,3391895.7077230434,IEF,40222.79617376691,0.0,87.58724633341201,False
2022-09-30,3383083.478040456,IEF,40222.79617376691,0.0,87.58724633341201,False
2022-10-03,3423235.242419697,SHY,47979.63884189795,0.0,71.34766590677994,False
2022-10-04,3424498.014420931,SHY,47979.63884189795,0.0,71.34766590677994,False
2022-10-05,3421130.868069228,SHY,47979.63884189795,0.0,71.34766590677994,False
2022-10-06,3416917.697639661,SHY,47979.63884189795,0.0,71.34766590677994,False
2022-10-07,3412706.001119638,SHY,47979.63884189795,0.0,71.34766590677994,False
2022-10-10,3411442.1236862456,SHY,47979.63884189795,0.0,71.34766590677994,False
2022-10-11,3413127.9077264126,SHY,47979.63884189795,0.0,71.34766590677994,False
2022-10-12,3416496.5279876585,SHY,47979.63884189795,0.0,71.34766590677994,False
2022-10-13,3406388.087862217,SHY,47979.63884189795,0.0,71.34766590677994,False
2022-10-14,3404703.0407768227,SHY,47979.63884189795,0.0,71.34766590677994,False
2022-10-17,3408494.673077001,SHY,47979.63884189795,0.0,71.34766590677994,False
2022-10-18,3410179.720162396,SHY,47979.63884189795,0.0,71.34766590677994,False
2022-10-19,3403861.4384275894,SHY,47979.63884189795,0.0,71.34766590677994,False
2022-10-20,3400070.1746047963,SHY,47979.63884189795,0.0,71.34766590677994,False
2022-10-21,3408916.2112063887,SHY,47979.63884189795,0.0,71.34766590677994,False
2022-10-24,3408072.397992841,SHY,47979.63884189795,0.0,71.34766590677994,False
2022-10-25,3411442.1236862456,SHY,47979.63884189795,0.0,71.34766590677994,False
2022-10-26,3414389.5742954896,SHY,47979.63884189795,0.0,71.34766590677994,False
2022-10-27,3421550.195334301,SHY,47979.63884189795,0.0,71.34766590677994,False
2022-10-28,3416496.5279876585,SHY,47979.63884189795,0.0,71.34766590677994,False
2022-10-31,3411442.1236862456,SHY,47979.63884189795,0.0,71.34766590677994,False
2022-11-01,3408110.351163581,SHY,47979.63884189795,0.0,71.10187166951376,False
2022-11-02,3406421.6193043278,SHY,47979.63884189795,0.0,71.10187166951376,False
2022-11-03,3400092.6517253327,SHY,47979.63884189795,0.0,71.10187166951376,False
2022-11-04,3403889.8111862983,SHY,47979.63884189795,0.0,71.10187166951376,False
2022-11-07,3400937.2018936523,SHY,47979.63884189795,0.0,71.10187166951376,False
2022-11-08,3404312.4547478436,SHY,47979.63884189795,0.0,71.10187166951376,False
2022-11-09,3409797.6091132914,SHY,47979.63884189795,0.0,71.10187166951376,False
2022-11-10,3428361.1313339607,SHY,47979.63884189795,0.0,71.10187166951376,False
2022-11-11,3427516.581165641,SHY,47979.63884189795,0.0,71.10187166951376,False
2022-11-14,3424562.8664408377,SHY,47979.63884189795,0.0,71.10187166951376,False
2022-11-15,3427939.2247271864,SHY,47979.63884189795,0.0,71.10187166951376,False
2022-11-16,3428361.1313339607,SHY,47979.63884189795,0.0,71.10187166951376,False
2022-11-17,3424142.4337436073,SHY,47979.63884189795,0.0,71.10187166951376,False
2022-11-18,3420344.905805255,SHY,47979.63884189795,0.0,71.10187166951376,False
2022-11-21,3419501.092591707,SHY,47979.63884189795,0.0,71.10187166951376,False
2022-11-22,3422032.53223235,SHY,47979.63884189795,0.0,71.10187166951376,False
2022-11-23,3424984.773047611,SHY,47979.63884189795,0.0,71.10187166951376,False
2022-11-25,3425408.1535639283,SHY,47979.63884189795,0.0,71.10187166951376,False
2022-11-28,3426251.2298227055,SHY,47979.63884189795,0.0,71.10187166951376,False
2022-11-29,3424984.773047611,SHY,47979.63884189795,0.0,71.10187166951376,False
2022-11-30,3435110.531610187,SHY,47979.63884189795,0.0,71.10187166951376,False
2022-12-01,3442509.925995015,SHY,47979.63884189795,0.0,71.59517275504159,False
2022-12-02,3441663.9019171516,SHY,47979.63884189795,0.0,71.59517275504159,False
2022-12-05,3431939.4152277443,SHY,47979.63884189795,0.0,71.59517275504159,False
2022-12-06,3435746.1551007414,SHY,47979.63884189795,0.0,71.59517275504159,False
2022-12-07,3442932.201079175,SHY,47979.63884189795,0.0,71.59517275504159,False
2022-12-08,3439549.9471546523,SHY,47979.63884189795,0.0,71.59517275504159,False
2022-12-09,3437859.0044310843,SHY,47979.63884189795,0.0,71.59517275504159,False
2022-12-12,3435746.1551007414,SHY,47979.63884189795,0.0,71.59517275504159,False
2022-12-13,3445890.7060099947,SHY,47979.63884189795,0.0,71.59517275504159,False
2022-12-14,3446315.5604358544,SHY,47979.63884189795,0.0,71.59517275504159,False
2022-12-15,3446779.8419419993,SHY,47979.63884189795,0.0,71.59517275504159,False
2022-12-16,3450169.8338916246,SHY,47979.63884189795,0.0,71.59517275504159,False
2022-12-19,3445933.080909365,SHY,47979.63884189795,0.0,71.59517275504159,False
2022-12-20,3445933.080909365,SHY,47979.63884189795,0.0,71.59517275504159,False
2022-12-21,3449322.3359042183,SHY,47979.63884189795,0.0,71.59517275504159,False
2022-12-22,3447202.8539809305,SHY,47979.63884189795,0.0,71.59517275504159,False
2022-12-23,3445509.331915661,SHY,47979.63884189795,0.0,71.59517275504159,False
2022-12-27,3440848.8299396993,SHY,47979.63884189795,0.0,71.59517275504159,False
2022-12-28,3440848.8299396993,SHY,47979.63884189795,0.0,71.59517275504159,False
2022-12-29,3443392.0608566892,SHY,47979.63884189795,0.0,71.59517275504159,False
2022-12-30,3439153.4654875007,SHY,47979.63884189795,0.0,71.59517275504159,False
2023-01-03,3442119.339966037,GLD,20122.292699010453,0.0,171.05999755859375,False
2023-01-04,3474516.2434931165,GLD,20122.292699010453,0.0,171.05999755859375,False
2023-01-05,3431253.4370069723,GLD,20122.292699010453,0.0,171.05999755859375,False
2023-01-06,3495443.5998435067,GLD,20122.292699010453,0.0,171.05999755859375,False
2023-01-09,3503291.281714448,GLD,20122.292699010453,0.0,171.05999755859375,False
2023-01-10,3516169.5367601416,GLD,20122.292699010453,0.0,171.05999755859375,False
2023-01-11,3513754.652847823,GLD,20122.292699010453,0.0,171.05999755859375,False
2023-01-12,3554401.7700715335,GLD,20122.292699010453,0.0,171.05999755859375,False
2023-01-13,3597060.9323400534,GLD,20122.292699010453,0.0,171.05999755859375,False
2023-01-17,3573517.8867272297,GLD,20122.292699010453,0.0,171.05999755859375,False
2023-01-18,3563255.6279857894,GLD,20122.292699010453,0.0,171.05999755859375,False
2023-01-19,3619799.2213433175,GLD,20122.292699010453,0.0,171.05999755859375,False
2023-01-20,3607725.7229071837,GLD,20122.292699010453,0.0,171.05999755859375,False
2023-01-23,3614567.53577663,GLD,20122.292699010453,0.0,171.05999755859375,False
2023-01-24,3627646.903214259,GLD,20122.292699010453,0.0,171.05999755859375,False
2023-01-25,3644348.442999456,GLD,20122.292699010453,0.0,171.05999755859375,False
2023-01-26,3611347.8952547517,GLD,20122.292699010453,0.0,171.05999755859375,False
2023-01-27,3606317.322079999,GLD,20122.292699010453,0.0,171.05999755859375,False
2023-01-30,3597060.9323400534,GLD,20122.292699010453,0.0,171.05999755859375,False
2023-01-31,3610140.606819502,GLD,20122.292699010453,0.0,171.05999755859375,False
2023-02-01,3655616.8777842107,GLD,20122.292699010453,0.0,179.41000366210938,False
2023-02-02,3579755.7483372316,GLD,20122.292699010453,0.0,179.41000366210938,False
2023-02-03,3490413.026668754,GLD,20122.292699010453,0.0,179.41000366210938,False
2023-02-06,3497657.0643220707,GLD,20122.292699010453,0.0,179.41000366210938,False
2023-02-07,3500876.397802129,GLD,20122.292699010453,0.0,179.41000366210938,False
2023-02-08,3509529.14332445,GLD,20122.292699010453,0.0,179.41000366210938,False
2023-02-09,3481760.281146433,GLD,20122.292699010453,0.0,179.41000366210938,False
2023-02-10,3488400.674582125,GLD,20122.292699010453,0.0,179.41000366210938,False
2023-02-13,3470692.9587536133,GLD,20122.292699010453,0.0,179.41000366210938,False
2023-02-14,3473308.9550578673,GLD,20122.292699010453,0.0,179.41000366210938,False
2023-02-15,3438698.5870522237,GLD,20122.292699010453,0.0,179.41000366210938,False
2023-02-16,3435881.478356035,GLD,20122.292699010453,0.0,179.41000366210938,False
2023-02-17,3446143.737097475,GLD,20122.292699010453,0.0,179.41000366210938,False
2023-02-21,3433265.4820517814,GLD,20122.292699010453,0.0,179.41000366210938,False
2023-02-22,3413948.2530041505,GLD,20122.292699010453,0.0,179.41000366210938,False
2023-02-23,3412137.320351276,GLD,20122.292699010453,0.0,179.41000366210938,False
2023-02-24,3387588.0986951375,GLD,20122.292699010453,0.0,179.41000366210938,False
2023-02-27,3400868.5785247018,GLD,20122.292699010453,0.0,179.41000366210938,False
2023-02-28,3416362.829874649,GLD,20122.292699010453,0.0,179.41000366210938,False
2023-03-01,3436082.5907479697,GLD,20122.292699010453,0.0,169.77999877929688,False
2023-03-02,3434070.5457031606,GLD,20122.292699010453,0.0,169.77999877929688,False
2023-03-03,3470894.378187368,GLD,20122.292699010453,0.0,169.77999877929688,False
2023-03-06,3453387.7747507915,GLD,20122.292699010453,0.0,169.77999877929688,False
2023-03-07,3393020.89665376,GLD,20122.292699010453,0.0,169.77999877929688,False
2023-03-08,3391411.076392821,GLD,20122.292699010453,0.0,169.77999877929688,False
2023-03-09,3424814.155963215,GLD,20122.292699010453,0.0,169.77999877929688,False
2023-03-10,3498662.9333235654,GLD,20122.292699010453,0.0,169.77999877929688,False
2023-03-13,3578950.991727672,GLD,20122.292699010453,0.0,169.77999877929688,False
2023-03-14,3558225.0548110367,GLD,20122.292699010453,0.0,169.77999877929688,False
2023-03-15,3585993.9169890536,GLD,20122.292699010453,0.0,169.77999877929688,False
2023-03-16,3593237.9546423703,GLD,20122.292699010453,0.0,169.77999877929688,False
2023-03-17,3697873.8152688607,GLD,20122.292699010453,0.0,169.77999877929688,False
2023-03-20,3699282.216096045,GLD,20122.292699010453,0.0,169.77999877929688,False
2023-03-21,3629457.835867133,GLD,20122.292699010453,0.0,169.77999877929688,False
2023-03-22,3691233.4218331687,GLD,20122.292699010453,0.0,169.77999877929688,False
2023-03-23,3737514.7564492566,GLD,20122.292699010453,0.0,169.77999877929688,False
2023-03-24,3695458.931356542,GLD,20122.292699010453,0.0,169.77999877929688,False
2023-03-27,3661251.095176588,GLD,20122.292699010453,0.0,169.77999877929688,False
2023-03-28,3691233.4218331687,GLD,20122.292699010453,0.0,169.77999877929688,False
2023-03-29,3672922.0617870325,GLD,20122.292699010453,0.0,169.77999877929688,False
2023-03-30,3706123.7219236717,GLD,20122.292699010453,0.0,169.77999877929688,False
2023-03-31,3686806.4928760407,GLD,20122.292699010453,0.0,169.77999877929688,False
2023-04-03,3713367.759576988,TQQQ,274709.97928861884,0.0,13.517411231994629,False
2023-04-04,3676314.0735106603,TQQQ,274709.97928861884,0.0,13.517411231994629,False
2023-04-05,3558534.779249828,TQQQ,274709.97928861884,0.0,13.517411231994629,False
2023-04-06,3629995.852496381,TQQQ,274709.97928861884,0.0,13.517411231994629,False
2023-04-10,3622055.907902665,TQQQ,274709.97928861884,0.0,13.517411231994629,False
2023-04-11,3551917.8531072377,TQQQ,274709.97928861884,0.0,13.517411231994629,False
2023-04-12,3457958.130643701,TQQQ,274709.97928861884,0.0,13.517411231994629,False
2023-04-13,3656463.2950828895,TQQQ,274709.97928861884,0.0,13.517411231994629,False
2023-04-14,3635288.97423629,TQQQ,274709.97928861884,0.0,13.517411231994629,False
2023-04-17,3639259.863476629,TQQQ,274709.97928861884,0.0,13.517411231994629,False
2023-04-18,3641906.424346584,TQQQ,274709.97928861884,0.0,13.517411231994629,False
2023-04-19,3633965.9557851646,TQQQ,274709.97928861884,0.0,13.517411231994629,False
2023-04-20,3549270.506285728,TQQQ,274709.97928861884,0.0,13.517411231994629,False
2023-04-21,3555887.9563960214,TQQQ,274709.97928861884,0.0,13.517411231994629,False
2023-04-24,3534713.3735655705,TQQQ,274709.97928861884,0.0,13.517411231994629,False
2023-04-25,3416298.3388108294,CASH,0.0,3416298.3388108294,,False
2023-04-26,3416298.3388108294,CASH,0.0,3416298.3388108294,,False
2023-04-27,3416298.3388108294,CASH,0.0,3416298.3388108294,,False
2023-04-28,3416298.3388108294,CASH,0.0,3416298.3388108294,,False
2023-05-01,3416298.3388108294,TECL,100498.75703602152,0.0,33.993438720703125,False
2023-05-02,3320050.7975828084,TECL,100498.75703602152,0.0,33.993438720703125,False
2023-05-03,3234083.0021096542,TECL,100498.75703602152,0.0,33.993438720703125,False
2023-05-04,3187361.4158060197,TECL,100498.75703602152,0.0,33.993438720703125,False
2023-05-05,3421904.775818332,TECL,100498.75703602152,0.0,33.993438720703125,False
2023-05-08,3416298.3388108294,TECL,100498.75703602152,0.0,33.993438720703125,False
2023-05-09,3336870.4919776497,TECL,100498.75703602152,0.0,33.993438720703125,False
2023-05-10,3455544.547980349,TECL,100498.75703602152,0.0,33.993438720703125,False
2023-05-11,3406953.2548054354,TECL,100498.75703602152,0.0,33.993438720703125,False
2023-05-12,3392936.778914345,TECL,100498.75703602152,0.0,33.993438720703125,False
2023-05-15,3474232.7991294693,TECL,100498.75703602152,0.0,33.993438720703125,False
2023-05-16,3486381.1016386147,TECL,100498.75703602152,0.0,33.993438720703125,False
2023-05-17,3623742.6420457666,TECL,100498.75703602152,0.0,33.993438720703125,False
2023-05-18,3846138.8496659347,TECL,100498.75703602152,0.0,33.993438720703125,False
2023-05-19,3834925.2089062617,TECL,100498.75703602152,0.0,33.993438720703125,False
2023-05-22,3854548.888549522,TECL,100498.75703602152,0.0,33.993438720703125,False
2023-05-23,3686349.6443671035,TECL,100498.75703602152,0.0,33.993438720703125,False
2023-05-24,3603185.0673977006,TECL,100498.75703602152,0.0,33.993438720703125,False
2023-05-25,4017140.9289797707,TECL,100498.75703602152,0.0,33.993438720703125,False
2023-05-26,4353537.500482939,TECL,100498.75703602152,0.0,33.993438720703125,False
2023-05-30,4421751.323184113,TECL,100498.75703602152,0.0,33.993438720703125,False
2023-05-31,4310553.0276878625,TECL,100498.75703602152,0.0,33.993438720703125,False
2023-06-01,4436702.077452342,TQQQ,255759.13713434775,0.0,17.34718894958496,False
2023-06-02,4536499.693946846,TQQQ,255759.13713434775,0.0,17.34718894958496,False
2023-06-05,4546356.622056848,TQQQ,255759.13713434775,0.0,17.34718894958496,False
2023-06-06,4541427.670180007,TQQQ,255759.13713434775,0.0,17.34718894958496,False
2023-06-07,4309797.176922572,TQQQ,255759.13713434775,0.0,17.34718894958496,False
2023-06-08,4457647.195997875,TQQQ,255759.13713434775,0.0,17.34718894958496,False
2023-06-09,4511858.349315522,TQQQ,255759.13713434775,0.0,17.34718894958496,False
2023-06-12,4742256.604603747,TQQQ,255759.13713434775,0.0,17.34718894958496,False
2023-06-13,4848212.9718351,TQQQ,255759.13713434775,0.0,17.34718894958496,False
2023-06-14,4951707.790059076,TQQQ,255759.13713434775,0.0,17.34718894958496,False
2023-06-15,5125431.391734912,TQQQ,255759.13713434775,0.0,17.34718894958496,False
2023-06-16,5026864.549744097,TQQQ,255759.13713434775,0.0,17.34718894958496,False
2023-06-20,5002223.692934615,TQQQ,255759.13713434775,0.0,17.34718894958496,False
2023-06-21,4801748.917167108,TQQQ,255759.13713434775,0.0,17.34718894958496,False
2023-06-22,4961190.558817382,TQQQ,255759.13713434775,0.0,17.34718894958496,False
2023-06-23,4814109.346962773,TQQQ,255759.13713434775,0.0,17.34718894958496,False
2023-06-26,4623769.557754378,TQQQ,255759.13713434775,0.0,17.34718894958496,False
2023-06-27,4852423.362140822,TQQQ,255759.13713434775,0.0,17.34718894958496,False
2023-06-28,4882087.808264212,TQQQ,255759.13713434775,0.0,17.34718894958496,False
2023-06-29,4848714.9405090185,TQQQ,255759.13713434775,0.0,17.34718894958496,False
2023-06-30,5067483.0352968685,TQQQ,255759.13713434775,0.0,17.34718894958496,False
2023-07-03,5102090.092308635,TECL,102239.71813403087,0.0,49.9032096862793,False
2023-07-05,5008857.34763418,TECL,102239.71813403087,0.0,49.9032096862793,False
2023-07-06,4959387.245981819,TECL,102239.71813403087,0.0,49.9032096862793,False
2023-07-07,4890890.332160692,TECL,102239.71813403087,0.0,49.9032096862793,False
2023-07-10,4930846.442708312,TECL,102239.71813403087,0.0,49.9032096862793,False
2023-07-11,4963192.218401998,TECL,102239.71813403087,0.0,49.9032096862793,False
2023-07-12,5129678.482436378,TECL,102239.71813403087,0.0,49.9032096862793,False
2023-07-13,5326609.205995073,TECL,102239.71813403087,0.0,49.9032096862793,False
2023-07-14,5296164.746470756,TECL,102239.71813403087,0.0,49.9032096862793,False
2023-07-17,5501656.657974856,TECL,102239.71813403087,0.0,49.9032096862793,False
2023-07-18,5687170.124191572,TECL,102239.71813403087,0.0,49.9032096862793,False
2023-07-19,5642456.628078008,TECL,102239.71813403087,0.0,49.9032096862793,False
2023-07-20,5299019.64582661,TECL,102239.71813403087,0.0,49.9032096862793,False
2023-07-21,5284749.04918307,TECL,102239.71813403087,0.0,49.9032096862793,False
2023-07-24,5318046.067981802,TECL,102239.71813403087,0.0,49.9032096862793,False
2023-07-25,5493095.080015878,TECL,102239.71813403087,0.0,49.9032096862793,False
2023-07-26,5272380.93874962,TECL,102239.71813403087,0.0,49.9032096862793,False
2023-07-27,5222911.227110831,TECL,102239.71813403087,0.0,49.9032096862793,False
2023-07-28,5432207.721021538,TECL,102239.71813403087,0.0,49.9032096862793,False
2023-07-31,5466456.372938887,TECL,102239.71813403087,0.0,49.9032096862793,False
2023-08-01,5494045.543093776,TECL,102239.71813403087,0.0,53.4670524597168,False
2023-08-02,5029139.863103776,CASH,0.0,5029139.863103776,,False
2023-08-03,5029139.863103776,CASH,0.0,5029139.863103776,,False
2023-08-04,5029139.863103776,CASH,0.0,5029139.863103776,,False
2023-08-07,5029139.863103776,CASH,0.0,5029139.863103776,,False
2023-08-08,5029139.863103776,CASH,0.0,5029139.863103776,,False
2023-08-09,5029139.863103776,CASH,0.0,5029139.863103776,,False
2023-08-10,5029139.863103776,CASH,0.0,5029139.863103776,,False
2023-08-11,5029139.863103776,CASH,0.0,5029139.863103776,,False
2023-08-14,5029139.863103776,CASH,0.0,5029139.863103776,,False
2023-08-15,5029139.863103776,CASH,0.0,5029139.863103776,,False
2023-08-16,5029139.863103776,CASH,0.0,5029139.863103776,,False
2023-08-17,5029139.863103776,CASH,0.0,5029139.863103776,,False
2023-08-18,5029139.863103776,CASH,0.0,5029139.863103776,,False
2023-08-21,5029139.863103776,CASH,0.0,5029139.863103776,,False
2023-08-22,5029139.863103776,CASH,0.0,5029139.863103776,,False
2023-08-23,5029139.863103776,CASH,0.0,5029139.863103776,,False
2023-08-24,5029139.863103776,CASH,0.0,5029139.863103776,,False
2023-08-25,5029139.863103776,CASH,0.0,5029139.863103776,,False
2023-08-28,5029139.863103776,CASH,0.0,5029139.863103776,,False
2023-08-29,5029139.863103776,CASH,0.0,5029139.863103776,,False
2023-08-30,5029139.863103776,CASH,0.0,5029139.863103776,,False
2023-08-31,5029139.863103776,CASH,0.0,5029139.863103776,,False
2023-09-01,5029139.863103776,TECL,100050.31815943227,0.0,50.26610565185547,False
2023-09-05,5084067.466400251,TECL,100050.31815943227,0.0,50.26610565185547,False
2023-09-06,4923008.911136528,TECL,100050.31815943227,0.0,50.26610565185547,False
2023-09-07,4626808.674055475,CASH,0.0,4626808.674055475,,False
2023-09-08,4626808.674055475,CASH,0.0,4626808.674055475,,False
2023-09-11,4626808.674055475,CASH,0.0,4626808.674055475,,False
2023-09-12,4626808.674055475,CASH,0.0,4626808.674055475,,False
2023-09-13,4626808.674055475,CASH,0.0,4626808.674055475,,False
2023-09-14,4626808.674055475,CASH,0.0,4626808.674055475,,False
2023-09-15,4626808.674055475,CASH,0.0,4626808.674055475,,False
2023-09-18,4626808.674055475,CASH,0.0,4626808.674055475,,False
2023-09-19,4626808.674055475,CASH,0.0,4626808.674055475,,False
2023-09-20,4626808.674055475,CASH,0.0,4626808.674055475,,False
2023-09-21,4626808.674055475,CASH,0.0,4626808.674055475,,False
2023-09-22,4626808.674055475,CASH,0.0,4626808.674055475,,False
2023-09-25,4626808.674055475,CASH,0.0,4626808.674055475,,False
2023-09-26,4626808.674055475,CASH,0.0,4626808.674055475,,False
2023-09-27,4626808.674055475,CASH,0.0,4626808.674055475,,False
2023-09-28,4626808.674055475,CASH,0.0,4626808.674055475,,False
2023-09-29,4626808.674055475,CASH,0.0,4626808.674055475,,False
2023-10-02,4626808.674055475,TECL,111687.79439735049,0.0,41.42626953125,False
2023-10-03,4385699.392839048,TECL,111687.79439735049,0.0,41.42626953125,False
2023-10-04,4546784.870410599,TECL,111687.79439735049,0.0,41.42626953125,False
2023-10-05,4564453.37639837,TECL,111687.79439735049,0.0,41.42626953125,False
2023-10-06,4816992.864478551,TECL,111687.79439735049,0.0,41.42626953125,False
2023-10-09,4889742.202938108,TECL,111687.79439735049,0.0,41.42626953125,False
2023-10-10,4911566.450604314,TECL,111687.79439735049,0.0,41.42626953125,False
2023-10-11,5040436.622093075,TECL,111687.79439735049,0.0,41.42626953125,False
2023-10-12,5048750.661780689,TECL,111687.79439735049,0.0,41.42626953125,False
2023-10-13,4832583.07357198,TECL,111687.79439735049,0.0,41.42626953125,False
2023-10-16,4972883.451924496,TECL,111687.79439735049,0.0,41.42626953125,False
2023-10-17,4902213.262469529,TECL,111687.79439735049,0.0,41.42626953125,False
2023-10-18,4741127.7848979775,TECL,111687.79439735049,0.0,41.42626953125,False
2023-10-19,4664222.278704862,TECL,111687.79439735049,0.0,41.42626953125,False
2023-10-20,4419994.273981551,TECL,111687.79439735049,0.0,41.42626953125,False
2023-10-23,4434544.056462438,TECL,111687.79439735049,0.0,41.42626953125,False
2023-10-24,4525999.771191564,TECL,111687.79439735049,0.0,41.42626953125,False
2023-10-25,4368031.312906401,TECL,111687.79439735049,0.0,41.42626953125,False
2023-10-26,4256663.980131037,CASH,0.0,4256663.980131037,,False
2023-10-27,4256663.980131037,CASH,0.0,4256663.980131037,,False
2023-10-30,4256663.980131037,CASH,0.0,4256663.980131037,,False
2023-10-31,4256663.980131037,CASH,0.0,4256663.980131037,,False
2023-11-01,4256663.980131037,TQQQ,254638.2766311137,0.0,16.71651268005371,False
2023-11-02,4482648.845339174,TQQQ,254638.2766311137,0.0,16.71651268005371,False
2023-11-03,4640714.69298321,TQQQ,254638.2766311137,0.0,16.71651268005371,False
2023-11-06,4693815.006975436,TQQQ,254638.2766311137,0.0,16.71651268005371,False
2023-11-07,4825947.759105711,TQQQ,254638.2766311137,0.0,16.71651268005371,False
2023-11-08,4834592.933750246,TQQQ,254638.2766311137,0.0,16.71651268005371,False
2023-11-09,4719746.64543729,TQQQ,254638.2766311137,0.0,16.71651268005371,False
2023-11-10,5034644.217760654,TQQQ,254638.2766311137,0.0,16.71651268005371,False
2023-11-13,4988953.984080319,TQQQ,254638.2766311137,0.0,16.71651268005371,False
2023-11-14,5302615.490703103,TQQQ,254638.2766311137,0.0,16.71651268005371,False
2023-11-15,5317433.708591011,TQQQ,254638.2766311137,0.0,16.71651268005371,False
2023-11-16,5326077.911867608,TQQQ,254638.2766311137,0.0,16.71651268005371,False
2023-11-17,5329783.194865538,TQQQ,254638.2766311137,0.0,16.71651268005371,False
2023-11-20,5519956.152634644,TQQQ,254638.2766311137,0.0,16.71651268005371,False
2023-11-21,5419930.0249454705,TQQQ,254638.2766311137,0.0,16.71651268005371,False
2023-11-22,5482909.636546938,TQQQ,254638.2766311137,0.0,16.71651268005371,False
2023-11-24,5455741.932384503,TQQQ,254638.2766311137,0.0,16.71651268005371,False
2023-11-27,5439687.6487960145,TQQQ,254638.2766311137,0.0,16.71651268005371,False
2023-11-28,5482909.636546938,TQQQ,254638.2766311137,0.0,16.71651268005371,False
2023-11-29,5463152.012696394,TQQQ,254638.2766311137,0.0,16.71651268005371,False
2023-11-30,5417459.836280184,TQQQ,254638.2766311137,0.0,16.71651268005371,False
2023-12-01,5463152.012696394,TQQQ,254638.2766311137,0.0,21.27511978149414,False
2023-12-04,5307555.382349708,TQQQ,254638.2766311137,0.0,21.27511978149414,False
2023-12-05,5345836.507086089,TQQQ,254638.2766311137,0.0,21.27511978149414,False
2023-12-06,5250750.27104352,TQQQ,254638.2766311137,0.0,21.27511978149414,False
2023-12-07,5470560.15027241,TQQQ,254638.2766311137,0.0,21.27511978149414,False
2023-12-08,5536009.464855195,TQQQ,254638.2766311137,0.0,21.27511978149414,False
2023-12-11,5676787.877313973,TQQQ,254638.2766311137,0.0,21.27511978149414,False
2023-12-12,5813860.521090853,TQQQ,254638.2766311137,0.0,21.27511978149414,False
2023-12-13,6018851.696747866,TQQQ,254638.2766311137,0.0,21.27511978149414,False
2023-12-14,6008972.399138626,TQQQ,254638.2766311137,0.0,21.27511978149414,False
2023-12-15,6080596.21401669,TQQQ,254638.2766311137,0.0,21.27511978149414,False
2023-12-18,6207788.588816391,TQQQ,254638.2766311137,0.0,21.27511978149414,False
2023-12-19,6300406.578929548,TQQQ,254638.2766311137,0.0,21.27511978149414,False
2023-12-20,6020467.567312045,TQQQ,254638.2766311137,0.0,21.27511978149414,False
2023-12-21,6220157.502449671,TQQQ,254638.2766311137,0.0,21.27511978149414,False
2023-12-22,6244963.811155829,TQQQ,254638.2766311137,0.0,21.27511978149414,False
2023-12-26,6359073.316888124,TQQQ,254638.2766311137,0.0,21.27511978149414,False
2023-12-27,6392560.255168539,TQQQ,254638.2766311137,0.0,21.27511978149414,False
2023-12-28,6376437.004456481,TQQQ,254638.2766311137,0.0,21.27511978149414,False
2023-12-29,6288374.729970613,TQQQ,254638.2766311137,0.0,21.27511978149414,False
2024-01-02,5969614.998727397,TECL,104048.33063275949,0.0,57.37348175048828,False
2024-01-03,5764134.390269497,TECL,104048.33063275949,0.0,57.37348175048828,False
2024-01-04,5637162.753029055,TECL,104048.33063275949,0.0,57.37348175048828,False
2024-01-05,5636192.697944573,TECL,104048.33063275949,0.0,57.37348175048828,False
2024-01-08,6059754.708136581,TECL,104048.33063275949,0.0,57.37348175048828,False
2024-01-09,6082047.71708708,TECL,104048.33063275949,0.0,57.37348175048828,False
2024-01-10,6237127.930830325,TECL,104048.33063275949,0.0,57.37348175048828,False
2024-01-11,6321452.866512969,TECL,104048.33063275949,0.0,57.37348175048828,False
2024-01-12,6380577.0094689615,TECL,104048.33063275949,0.0,57.37348175048828,False
2024-01-16,6426132.288628677,TECL,104048.33063275949,0.0,57.37348175048828,False
2024-01-17,6329207.7504084725,TECL,104048.33063275949,0.0,57.37348175048828,False
2024-01-18,6710122.662129799,TECL,104048.33063275949,0.0,57.37348175048828,False
2024-01-19,7163731.374429162,TECL,104048.33063275949,0.0,57.37348175048828,False
2024-01-22,7250964.887713722,TECL,104048.33063275949,0.0,57.37348175048828,False
2024-01-23,7342073.8583816225,TECL,104048.33063275949,0.0,57.37348175048828,False
2024-01-24,7491338.504572564,TECL,104048.33063275949,0.0,57.37348175048828,False
2024-01-25,7577601.962772642,TECL,104048.33063275949,0.0,57.37348175048828,False
2024-01-26,7306211.985634846,TECL,104048.33063275949,0.0,57.37348175048828,False
2024-01-29,7507815.152144994,TECL,104048.33063275949,0.0,57.37348175048828,False
2024-01-30,7327533.351849333,TECL,104048.33063275949,0.0,57.37348175048828,False
2024-01-31,6859387.30832074,TECL,104048.33063275949,0.0,57.37348175048828,False
2024-02-01,7123022.4015630325,TQQQ,268324.9241674007,0.0,26.54625701904297,False
2024-02-02,7481133.060043079,TQQQ,268324.9241674007,0.0,26.54625701904297,False
2024-02-05,7443230.465364365,TQQQ,268324.9241674007,0.0,26.54625701904297,False
2024-02-06,7400101.991396647,TQQQ,268324.9241674007,0.0,26.54625701904297,False
2024-02-07,7620980.988096963,TQQQ,268324.9241674007,0.0,26.54625701904297,False
2024-02-08,7652347.523192886,TQQQ,268324.9241674007,0.0,26.54625701904297,False
2024-02-09,7877147.84856937,TQQQ,268324.9241674007,0.0,26.54625701904297,False
2024-02-12,7784352.282105258,TQQQ,268324.9241674007,0.0,26.54625701904297,False
2024-02-13,7415785.770733786,TQQQ,268324.9241674007,0.0,26.54625701904297,False
2024-02-14,7651040.925423341,TQQQ,268324.9241674007,0.0,26.54625701904297,False
2024-02-15,7715082.640541443,TQQQ,268324.9241674007,0.0,26.54625701904297,False
2024-02-16,7503352.898963008,TQQQ,268324.9241674007,0.0,26.54625701904297,False
2024-02-20,7329524.216695755,TQQQ,268324.9241674007,0.0,26.54625701904297,False
2024-02-21,7238036.271579542,TQQQ,268324.9241674007,0.0,26.54625701904297,False
2024-02-22,7864078.288349676,TQQQ,268324.9241674007,0.0,26.54625701904297,False
2024-02-23,7792194.939457593,TQQQ,268324.9241674007,0.0,26.54625701904297,False
2024-02-26,7781739.086566167,TQQQ,268324.9241674007,0.0,26.54625701904297,False
2024-02-27,7830095.998768775,TQQQ,268324.9241674007,0.0,26.54625701904297,False
2024-02-28,7703319.678091294,TQQQ,268324.9241674007,0.0,26.54625701904297,False
2024-02-29,7888910.811019518,TQQQ,268324.9241674007,0.0,26.54625701904297,False
2024-03-01,8250943.309964909,TECL,105318.98110538676,0.0,78.34241485595703,False
2024-03-04,8249962.211973502,TECL,105318.98110538676,0.0,78.34241485595703,False
2024-03-05,7590867.845167717,CASH,0.0,7590867.845167717,,False
2024-03-06,7590867.845167717,CASH,0.0,7590867.845167717,,False
2024-03-07,7590867.845167717,CASH,0.0,7590867.845167717,,False
2024-03-08,7590867.845167717,CASH,0.0,7590867.845167717,,False
2024-03-11,7590867.845167717,CASH,0.0,7590867.845167717,,False
2024-03-12,7590867.845167717,CASH,0.0,7590867.845167717,,False
2024-03-13,7590867.845167717,CASH,0.0,7590867.845167717,,False
2024-03-14,7590867.845167717,CASH,0.0,7590867.845167717,,False
2024-03-15,7590867.845167717,CASH,0.0,7590867.845167717,,False
2024-03-18,7590867.845167717,CASH,0.0,7590867.845167717,,False
2024-03-19,7590867.845167717,CASH,0.0,7590867.845167717,,False
2024-03-20,7590867.845167717,CASH,0.0,7590867.845167717,,False
2024-03-21,7590867.845167717,CASH,0.0,7590867.845167717,,False
2024-03-22,7590867.845167717,CASH,0.0,7590867.845167717,,False
2024-03-25,7590867.845167717,CASH,0.0,7590867.845167717,,False
2024-03-26,7590867.845167717,CASH,0.0,7590867.845167717,,False
2024-03-27,7590867.845167717,CASH,0.0,7590867.845167717,,False
2024-03-28,7590867.845167717,CASH,0.0,7590867.845167717,,False
2024-04-01,7590867.845167716,TECL,100781.47843612373,0.0,75.320068359375,False
2024-04-02,7374630.400106127,TECL,100781.47843612373,0.0,75.320068359375,False
2024-04-03,7423517.936578045,TECL,100781.47843612373,0.0,75.320068359375,False
2024-04-04,7071899.207262559,TECL,100781.47843612373,0.0,75.320068359375,False
2024-04-05,7304119.042237884,TECL,100781.47843612373,0.0,75.320068359375,False
2024-04-08,7277794.156089679,TECL,100781.47843612373,0.0,75.320068359375,False
2024-04-09,7377451.500298251,TECL,100781.47843612373,0.0,75.320068359375,False
2024-04-10,7116086.447884256,TECL,100781.47843612373,0.0,75.320068359375,False
2024-04-11,7519415.351667105,TECL,100781.47843612373,0.0,75.320068359375,False
2024-04-12,7169674.280206393,TECL,100781.47843612373,0.0,75.320068359375,False
2024-04-15,6983598.417554299,CASH,0.0,6983598.417554299,,False
2024-04-16,6983598.417554299,CASH,0.0,6983598.417554299,,False
2024-04-17,6983598.417554299,CASH,0.0,6983598.417554299,,False
2024-04-18,6983598.417554299,CASH,0.0,6983598.417554299,,False
2024-04-19,6983598.417554299,CASH,0.0,6983598.417554299,,False
2024-04-22,6983598.417554299,CASH,0.0,6983598.417554299,,False
2024-04-23,6983598.417554299,CASH,0.0,6983598.417554299,,False
2024-04-24,6983598.417554299,CASH,0.0,6983598.417554299,,False
2024-04-25,6983598.417554299,CASH,0.0,6983598.417554299,,False
2024-04-26,6983598.417554299,CASH,0.0,6983598.417554299,,False
2024-04-29,6983598.417554299,CASH,0.0,6983598.417554299,,False
2024-04-30,6983598.417554299,CASH,0.0,6983598.417554299,,False
2024-05-01,6983598.417554299,TECL,117632.45098400691,0.0,59.367958068847656,False
2024-05-02,7272203.217378327,TECL,117632.45098400691,0.0,59.367958068847656,False
2024-05-03,7870263.606925915,TECL,117632.45098400691,0.0,59.367958068847656,False
2024-05-06,8144605.005386655,TECL,117632.45098400691,0.0,59.367958068847656,False
2024-05-07,8063400.633515203,TECL,117632.45098400691,0.0,59.367958068847656,False
2024-05-08,8135826.906303139,TECL,117632.45098400691,0.0,59.367958068847656,False
2024-05-09,8117170.416808392,TECL,117632.45098400691,0.0,59.367958068847656,False
2024-05-10,8197279.882138397,TECL,117632.45098400691,0.0,59.367958068847656,False
2024-05-13,8315793.64314183,TECL,117632.45098400691,0.0,59.367958068847656,False
2024-05-14,8538556.866321031,TECL,117632.45098400691,0.0,59.367958068847656,False
2024-05-15,9106990.161814328,TECL,117632.45098400691,0.0,59.367958068847656,False
2024-05-16,9009324.498317292,TECL,117632.45098400691,0.0,59.367958068847656,False
2024-05-17,8936899.122993734,TECL,117632.45098400691,0.0,59.367958068847656,False
2024-05-20,9247452.311651874,TECL,117632.45098400691,0.0,59.367958068847656,False
2024-05-21,9294636.501337575,TECL,117632.45098400691,0.0,59.367958068847656,False
2024-05-22,9357187.076107414,TECL,117632.45098400691,0.0,59.367958068847656,False
2024-05-23,9130034.354654266,TECL,117632.45098400691,0.0,59.367958068847656,False
2024-05-24,9335239.584737679,TECL,117632.45098400691,0.0,59.367958068847656,False
2024-05-28,9452658.439199667,TECL,117632.45098400691,0.0,59.367958068847656,False
2024-05-29,9268301.30662265,TECL,117632.45098400691,0.0,59.367958068847656,False
2024-05-30,8632930.630478702,TECL,117632.45098400691,0.0,59.367958068847656,False
2024-05-31,8674630.41534901,TECL,117632.45098400691,0.0,59.367958068847656,False
2024-06-03,8739374.393059256,TQQQ,283142.3165456409,0.0,30.865659713745117,False
2024-06-04,8804429.489863692,TQQQ,283142.3165456409,0.0,30.865659713745117,False
2024-06-05,9335932.67124369,TQQQ,283142.3165456409,0.0,30.865659713745117,False
2024-06-06,9324861.623481419,TQQQ,283142.3165456409,0.0,30.865659713745117,False
2024-06-07,9290257.308534332,TQQQ,283142.3165456409,0.0,30.865659713745117,False
2024-06-10,9388530.409085575,TQQQ,283142.3165456409,0.0,30.865659713745117,False
2024-06-11,9582311.548503045,TQQQ,283142.3165456409,0.0,30.865659713745117,False
2024-06-12,9960174.509396017,TQQQ,283142.3165456409,0.0,30.865659713745117,False
2024-06-13,10119349.173661958,TQQQ,283142.3165456409,0.0,30.865659713745117,False
2024-06-14,10266064.858812017,TQQQ,283142.3165456409,0.0,30.865659713745117,False
2024-06-17,10638397.696334956,TQQQ,283142.3165456409,0.0,30.865659713745117,False
2024-06-18,10643933.220216092,TQQQ,283142.3165456409,0.0,30.865659713745117,False
2024-06-20,10393404.59022477,TQQQ,283142.3165456409,0.0,30.865659713745117,False
2024-06-21,10297900.871767426,TQQQ,283142.3165456409,0.0,30.865659713745117,False
2024-06-24,9949102.381531525,TQQQ,283142.3165456409,0.0,30.865659713745117,False
2024-06-25,10281293.2200218,TQQQ,283142.3165456409,0.0,30.865659713745117,False
2024-06-26,10345621.948082808,TQQQ,283142.3165456409,0.0,30.865659713745117,False
2024-06-27,10420652.328946607,TQQQ,283142.3165456409,0.0,30.865659713745117,False
2024-06-28,10256700.372558467,TQQQ,283142.3165456409,0.0,30.865659713745117,False
2024-07-01,10424818.283211883,TQQQ,283142.3165456409,0.0,36.22454071044922,False
2024-07-02,10744387.047150947,TQQQ,283142.3165456409,0.0,36.22454071044922,False
2024-07-03,11008376.99111897,TQQQ,283142.3165456409,0.0,36.22454071044922,False
2024-07-05,11341835.869616358,TQQQ,283142.3165456409,0.0,36.22454071044922,False
2024-07-08,11416864.090275714,TQQQ,283142.3165456409,0.0,36.22454071044922,False
2024-07-09,11441874.93729846,TQQQ,283142.3165456409,0.0,36.22454071044922,False
2024-07-10,11800343.582716374,TQQQ,283142.3165456409,0.0,36.22454071044922,False
2024-07-11,11025048.36889562,TQQQ,283142.3165456409,0.0,36.22454071044922,False
2024-07-12,11204284.851809017,TQQQ,283142.3165456409,0.0,36.22454071044922,False
2024-07-15,11287647.141203368,TQQQ,283142.3165456409,0.0,36.22454071044922,False
2024-07-16,11295986.610449465,TQQQ,283142.3165456409,0.0,36.22454071044922,False
2024-07-17,10302549.63172536,TQQQ,283142.3165456409,0.0,36.22454071044922,False
2024-07-18,10148323.995834708,TQQQ,283142.3165456409,0.0,36.22454071044922,False
2024-07-19,9873218.719913365,TQQQ,283142.3165456409,0.0,36.22454071044922,False
2024-07-22,10303939.723283414,TQQQ,283142.3165456409,0.0,36.22454071044922,False
2024-07-23,10192786.403750211,TQQQ,283142.3165456409,0.0,36.22454071044922,False
2024-07-24,9436164.34275379,CASH,0.0,9436164.34275379,,False
2024-07-25,9436164.34275379,CASH,0.0,9436164.34275379,,False
2024-07-26,9436164.34275379,CASH,0.0,9436164.34275379,,False
2024-07-29,9436164.34275379,CASH,0.0,9436164.34275379,,False
2024-07-30,9436164.34275379,CASH,0.0,9436164.34275379,,False
2024-07-31,9436164.34275379,CASH,0.0,9436164.34275379,,False
2024-08-01,9436164.342753792,TECL,133870.00378110746,0.0,70.48751831054688,False
2024-08-02,8646066.037869664,CASH,0.0,8646066.037869664,,False
2024-08-05,8646066.037869664,CASH,0.0,8646066.037869664,,False
2024-08-06,8646066.037869664,CASH,0.0,8646066.037869664,,False
2024-08-07,8646066.037869664,CASH,0.0,8646066.037869664,,False
2024-08-08,8646066.037869664,CASH,0.0,8646066.037869664,,False
2024-08-09,8646066.037869664,CASH,0.0,8646066.037869664,,False
2024-08-12,8646066.037869664,CASH,0.0,8646066.037869664,,False
2024-08-13,8646066.037869664,CASH,0.0,8646066.037869664,,False
2024-08-14,8646066.037869664,CASH,0.0,8646066.037869664,,False
2024-08-15,8646066.037869664,CASH,0.0,8646066.037869664,,False
2024-08-16,8646066.037869664,CASH,0.0,8646066.037869664,,False
2024-08-19,8646066.037869664,CASH,0.0,8646066.037869664,,False
2024-08-20,8646066.037869664,CASH,0.0,8646066.037869664,,False
2024-08-21,8646066.037869664,CASH,0.0,8646066.037869664,,False
2024-08-22,8646066.037869664,CASH,0.0,8646066.037869664,,False
2024-08-23,8646066.037869664,CASH,0.0,8646066.037869664,,False
2024-08-26,8646066.037869664,CASH,0.0,8646066.037869664,,False
2024-08-27,8646066.037869664,CASH,0.0,8646066.037869664,,False
2024-08-28,8646066.037869664,CASH,0.0,8646066.037869664,,False
2024-08-29,8646066.037869664,CASH,0.0,8646066.037869664,,False
2024-08-30,8646066.037869664,CASH,0.0,8646066.037869664,,False
2024-09-03,8646066.037869664,TQQQ,282587.74118459376,0.0,30.596040725708008,False
2024-09-04,8572571.600748798,TQQQ,282587.74118459376,0.0,30.596040725708008,False
2024-09-05,8600305.503151014,TQQQ,282587.74118459376,0.0,30.596040725708008,False
2024-09-06,7954380.754840092,CASH,0.0,7954380.754840092,,False
2024-09-09,7954380.754840092,CASH,0.0,7954380.754840092,,False
2024-09-10,7954380.754840092,CASH,0.0,7954380.754840092,,False
2024-09-11,7954380.754840092,CASH,0.0,7954380.754840092,,False
2024-09-12,7954380.754840092,CASH,0.0,7954380.754840092,,False
2024-09-13,7954380.754840092,CASH,0.0,7954380.754840092,,False
2024-09-16,7954380.754840092,CASH,0.0,7954380.754840092,,False
2024-09-17,7954380.754840092,CASH,0.0,7954380.754840092,,False
2024-09-18,7954380.754840092,CASH,0.0,7954380.754840092,,False
2024-09-19,7954380.754840092,CASH,0.0,7954380.754840092,,False
2024-09-20,7954380.754840092,CASH,0.0,7954380.754840092,,False
2024-09-23,7954380.754840092,CASH,0.0,7954380.754840092,,False
2024-09-24,7954380.754840092,CASH,0.0,7954380.754840092,,False
2024-09-25,7954380.754840092,CASH,0.0,7954380.754840092,,False
2024-09-26,7954380.754840092,CASH,0.0,7954380.754840092,,False
2024-09-27,7954380.754840092,CASH,0.0,7954380.754840092,,False
2024-09-30,7954380.754840092,CASH,0.0,7954380.754840092,,False
2024-10-01,7954380.754840092,TECL,104834.11895145835,0.0,75.8758773803711,False
2024-10-02,8111999.051039181,TECL,104834.11895145835,0.0,75.8758773803711,False
2024-10-03,8225562.414789194,TECL,104834.11895145835,0.0,75.8758773803711,False
2024-10-04,8490872.58985043,TECL,104834.11895145835,0.0,75.8758773803711,False
2024-10-07,8321505.725129627,TECL,104834.11895145835,0.0,75.8758773803711,False
2024-10-08,8771845.656691955,TECL,104834.11895145835,0.0,75.8758773803711,False
2024-10-09,9061628.750238273,TECL,104834.11895145835,0.0,75.8758773803711,False
2024-10-10,9043028.916282766,TECL,104834.11895145835,0.0,75.8758773803711,False
2024-10-11,9079252.002931269,TECL,104834.11895145835,0.0,75.8758773803711,False
2024-10-14,9419943.693823017,TECL,104834.11895145835,0.0,75.8758773803711,False
2024-10-15,8840375.907088675,TECL,104834.11895145835,0.0,75.8758773803711,False
2024-10-16,8892262.685338324,TECL,104834.11895145835,0.0,75.8758773803711,False
2024-10-17,8990162.357487192,TECL,104834.11895145835,0.0,75.8758773803711,False
2024-10-18,9051839.74280841,TECL,104834.11895145835,0.0,75.8758773803711,False
2024-10-21,9187920.463055925,TECL,104834.11895145835,0.0,75.8758773803711,False
2024-10-22,9162465.364562355,TECL,104834.11895145835,0.0,75.8758773803711,False
2024-10-23,8767928.933970815,TECL,104834.11895145835,0.0,75.8758773803711,False
2024-10-24,8838417.145817678,TECL,104834.11895145835,0.0,75.8758773803711,False
2024-10-25,8962750.897185188,TECL,104834.11895145835,0.0,75.8758773803711,False
2024-10-28,8958835.774105754,TECL,104834.11895145835,0.0,75.8758773803711,False
2024-10-29,9313233.195148505,TECL,104834.11895145835,0.0,75.8758773803711,False
2024-10-30,8875620.013012107,TECL,104834.11895145835,0.0,75.8758773803711,False
2024-10-31,8007247.313635666,TECL,104834.11895145835,0.0,75.8758773803711,False
2024-11-01,8183466.243611115,TECL,104834.11895145835,0.0,76.38016510009766,False
2024-11-04,8159969.906388544,TECL,104834.11895145835,0.0,76.38016510009766,False
2024-11-05,8501640.578005362,TECL,104834.11895145835,0.0,76.38016510009766,False
2024-11-06,9203584.954477925,TECL,104834.11895145835,0.0,76.38016510009766,False
2024-11-07,9703854.502660612,TECL,104834.11895145835,0.0,76.38016510009766,False
2024-11-08,9657841.608761393,TECL,104834.11895145835,0.0,76.38016510009766,False
2024-11-11,9506096.39709188,TECL,104834.11895145835,0.0,76.38016510009766,False
2024-11-12,9525675.211772459,TECL,104834.11895145835,0.0,76.38016510009766,False
2024-11-13,9469872.510622522,TECL,104834.11895145835,0.0,76.38016510009766,False
2024-11-14,9334771.570920933,TECL,104834.11895145835,0.0,76.38016510009766,False
2024-11-15,8660241.054212939,TECL,104834.11895145835,0.0,76.38016510009766,False
2024-11-18,8714084.194271022,TECL,104834.11895145835,0.0,76.38016510009766,False
2024-11-19,8930443.73343697,TECL,104834.11895145835,0.0,76.38016510009766,False
2024-11-20,8885409.02044197,TECL,104834.11895145835,0.0,76.38016510009766,False
2024-11-21,9164424.125833353,TECL,104834.11895145835,0.0,76.38016510009766,False
2024-11-22,9165404.706200132,TECL,104834.11895145835,0.0,76.38016510009766,False
2024-11-25,9156593.079853633,TECL,104834.11895145835,0.0,76.38016510009766,False
2024-11-26,9299526.665176649,TECL,104834.11895145835,0.0,76.38016510009766,False
2024-11-27,8916738.803106822,TECL,104834.11895145835,0.0,76.38016510009766,False
2024-11-29,9154634.318582635,TECL,104834.11895145835,0.0,76.38016510009766,False
2024-12-02,9412111.848022444,TECL,104834.11895145835,0.0,87.324951171875,False
2024-12-03,9510012.319992166,TECL,104834.11895145835,0.0,87.324951171875,False
2024-12-04,10036713.547930934,TECL,104834.11895145835,0.0,87.324951171875,False
2024-12-05,9872243.186477197,TECL,104834.11895145835,0.0,87.324951171875,False
2024-12-06,9971121.039530283,TECL,104834.11895145835,0.0,87.324951171875,False
2024-12-09,9788050.044300186,TECL,104834.11895145835,0.0,87.324951171875,False
2024-12-10,9370993.857748583,TECL,104834.11895145835,0.0,87.324951171875,False
2024-12-11,9777278.856861835,TECL,104834.11895145835,0.0,87.324951171875,False
2024-12-12,9613238.799027452,TECL,104834.11895145835,0.0,87.324951171875,False
2024-12-13,9724884.192370014,TECL,104834.11895145835,0.0,87.324951171875,False
2024-12-16,10009873.959539408,TECL,104834.11895145835,0.0,87.324951171875,False
2024-12-17,9835550.604987504,TECL,104834.11895145835,0.0,87.324951171875,False
2024-12-18,8896359.367751572,TECL,104834.11895145835,0.0,87.324951171875,False
2024-12-19,8905172.59373978,TECL,104834.11895145835,0.0,87.324951171875,False
2024-12-20,9305724.476972874,TECL,104834.11895145835,0.0,87.324951171875,False
2024-12-23,9575577.634483788,TECL,104834.11895145835,0.0,87.324951171875,False
2024-12-24,9859631.611254215,TECL,104834.11895145835,0.0,87.324951171875,False
2024-12-26,9884119.72633552,TECL,104834.11895145835,0.0,87.324951171875,False
2024-12-27,9475668.012529278,TECL,104834.11895145835,0.0,87.324951171875,False
2024-12-30,9111293.626156019,TECL,104834.11895145835,0.0,87.324951171875,False
2024-12-31,8869358.215547577,TECL,104834.11895145835,0.0,87.324951171875,False
2025-01-02,8814506.501392828,TECL,104834.11895145835,0.0,84.6037368774414,False
2025-01-03,9223937.195924142,TECL,104834.11895145835,0.0,84.6037368774414,False
2025-01-06,9577536.395754784,TECL,104834.11895145835,0.0,84.6037368774414,False
2025-01-07,9005509.320030225,TECL,104834.11895145835,0.0,84.6037368774414,False
2025-01-08,8999631.436575528,TECL,104834.11895145835,0.0,84.6037368774414,False
2025-01-10,8399199.523048524,TECL,104834.11895145835,0.0,84.6037368774414,False
2025-01-13,7981932.939309762,CASH,0.0,7981932.939309762,,False
2025-01-14,7981932.939309762,CASH,0.0,7981932.939309762,,False
2025-01-15,7981932.939309762,CASH,0.0,7981932.939309762,,False
2025-01-16,7981932.939309762,CASH,0.0,7981932.939309762,,False
2025-01-17,7981932.939309762,CASH,0.0,7981932.939309762,,False
2025-01-21,7981932.939309762,CASH,0.0,7981932.939309762,,False
2025-01-22,7981932.939309762,CASH,0.0,7981932.939309762,,False
2025-01-23,7981932.939309762,CASH,0.0,7981932.939309762,,False
2025-01-24,7981932.939309762,CASH,0.0,7981932.939309762,,False
2025-01-27,7981932.939309762,CASH,0.0,7981932.939309762,,False
2025-01-28,7981932.939309762,CASH,0.0,7981932.939309762,,False
2025-01-29,7981932.939309762,CASH,0.0,7981932.939309762,,False
2025-01-30,7981932.939309762,CASH,0.0,7981932.939309762,,False
2025-01-31,7981932.939309762,CASH,0.0,7981932.939309762,,False
2025-02-03,7981932.939309762,TECL,103538.14481090568,0.0,77.09171295166016,False
2025-02-04,8320519.703804575,TECL,103538.14481090568,0.0,77.09171295166016,False
2025-02-05,8681355.73119874,TECL,103538.14481090568,0.0,77.09171295166016,False
2025-02-06,8736496.239166731,TECL,103538.14481090568,0.0,77.09171295166016,False
2025-02-07,8498518.546599532,TECL,103538.14481090568,0.0,77.09171295166016,False
2025-02-10,8872898.771312177,TECL,103538.14481090568,0.0,77.09171295166016,False
2025-02-11,8879670.869971417,TECL,103538.14481090568,0.0,77.09171295166016,False
2025-02-12,8826464.908791771,TECL,103538.14481090568,0.0,77.09171295166016,False
2025-02-13,9197942.128421865,TECL,103538.14481090568,0.0,77.09171295166016,False
2025-02-14,9271464.385579232,TECL,103538.14481090568,0.0,77.09171295166016,False
2025-02-18,9527820.667602383,TECL,103538.14481090568,0.0,77.09171295166016,False
2025-02-19,9526853.789174888,TECL,103538.14481090568,0.0,77.09171295166016,False
2025-02-20,9436887.489349915,TECL,103538.14481090568,0.0,77.09171295166016,False
2025-02-21,8658138.010005182,TECL,103538.14481090568,0.0,77.09171295166016,False
2025-02-24,8280856.360076697,TECL,103538.14481090568,0.0,77.09171295166016,False
2025-02-25,7959682.886477053,TECL,103538.14481090568,0.0,77.09171295166016,False
2025-02-26,8214106.991511927,TECL,103538.14481090568,0.0,77.09171295166016,False
2025-02-27,7343378.3041649815,CASH,0.0,7343378.3041649815,,False
2025-02-28,7343378.3041649815,CASH,0.0,7343378.3041649815,,False
2025-03-03,7343378.3041649815,TECL,109830.88194630964,0.0,66.86077880859375,False
2025-03-04,7300278.699269135,TECL,109830.88194630964,0.0,66.86077880859375,False
2025-03-05,7605056.212486249,TECL,109830.88194630964,0.0,66.86077880859375,False
2025-03-06,6978056.885969941,TECL,109830.88194630964,0.0,66.86077880859375,False
2025-03-07,6755908.039831783,CASH,0.0,6755908.039831783,,False
2025-03-10,6755908.039831783,CASH,0.0,6755908.039831783,,False
2025-03-11,6755908.039831783,CASH,0.0,6755908.039831783,,False
2025-03-12,6755908.039831783,CASH,0.0,6755908.039831783,,False
2025-03-13,6755908.039831783,CASH,0.0,6755908.039831783,,False
2025-03-14,6755908.039831783,CASH,0.0,6755908.039831783,,False
2025-03-17,6755908.039831783,CASH,0.0,6755908.039831783,,False
2025-03-18,6755908.039831783,CASH,0.0,6755908.039831783,,False
2025-03-19,6755908.039831783,CASH,0.0,6755908.039831783,,False
2025-03-20,6755908.039831783,CASH,0.0,6755908.039831783,,False
2025-03-21,6755908.039831783,CASH,0.0,6755908.039831783,,False
2025-03-24,6755908.039831783,CASH,0.0,6755908.039831783,,False
2025-03-25,6755908.039831783,CASH,0.0,6755908.039831783,,False
2025-03-26,6755908.039831783,CASH,0.0,6755908.039831783,,False
2025-03-27,6755908.039831783,CASH,0.0,6755908.039831783,,False
2025-03-28,6755908.039831783,CASH,0.0,6755908.039831783,,False
2025-03-31,6755908.039831783,CASH,0.0,6755908.039831783,,False
2025-04-01,6755908.039831783,GLD,23493.089918152982,0.0,287.57000732421875,False
2025-04-02,6769768.8768492285,GLD,23493.089918152982,0.0,287.57000732421875,False
2025-04-03,6728891.129816349,GLD,23493.089918152982,0.0,287.57000732421875,False
2025-04-04,6571487.14058384,GLD,23493.089918152982,0.0,287.57000732421875,False
2025-04-07,6430293.440751035,GLD,23493.089918152982,0.0,287.57000732421875,False
2025-04-08,6465298.632256583,GLD,23493.089918152982,0.0,287.57000732421875,False
2025-04-09,6704458.1155548515,GLD,23493.089918152982,0.0,287.57000732421875,False
2025-04-10,6868204.9809624655,GLD,23493.089918152982,0.0,287.57000732421875,False
2025-04-11,6999296.107246788,GLD,23493.089918152982,0.0,287.57000732421875,False
2025-04-14,6959358.284557252,GLD,23493.089918152982,0.0,287.57000732421875,False
2025-04-15,6995772.287149507,GLD,23493.089918152982,0.0,287.57000732421875,False
2025-04-16,7223420.385812585,GLD,23493.089918152982,0.0,287.57000732421875,False
2025-04-17,7191704.571032638,GLD,23493.089918152982,0.0,287.57000732421875,False
2025-04-21,7414184.161235635,GLD,23493.089918152982,0.0,287.57000732421875,False
2025-04-22,7308934.860299515,GLD,23493.089918152982,0.0,287.57000732421875,False
2025-04-23,7133676.610256712,GLD,23493.089918152982,0.0,287.57000732421875,False
2025-04-24,7237516.383153919,GLD,23493.089918152982,0.0,287.57000732421875,False
2025-04-25,7159049.548861553,GLD,23493.089918152982,0.0,287.57000732421875,False
2025-04-28,7261009.473072072,GLD,23493.089918152982,0.0,287.57000732421875,False
2025-04-29,7190295.042993725,GLD,23493.089918152982,0.0,287.57000732421875,False
2025-04-30,7136495.666334537,GLD,23493.089918152982,0.0,287.57000732421875,False
2025-05-01,6988254.326307168,GLD,23493.089918152982,0.0,303.7699890136719,False
2025-05-02,7000471.19191402,GLD,23493.089918152982,0.0,303.7699890136719,False
2025-05-05,7209559.54879514,GLD,23493.089918152982,0.0,303.7699890136719,False
2025-05-06,7411600.265481697,GLD,23493.089918152982,0.0,303.7699890136719,False
2025-05-07,7300477.692066039,GLD,23493.089918152982,0.0,303.7699890136719,False
2025-05-08,7156700.096479296,GLD,23493.089918152982,0.0,303.7699890136719,False
2025-05-09,7208619.6244517965,GLD,23493.089918152982,0.0,303.7699890136719,False
2025-05-12,7005404.540050214,GLD,23493.089918152982,0.0,303.7699890136719,False
2025-05-13,7035240.506143474,GLD,23493.089918152982,0.0,303.7699890136719,False
2025-05-14,6887234.326439993,GLD,23493.089918152982,0.0,303.7699890136719,False
2025-05-15,6997181.815188419,GLD,23493.089918152982,0.0,303.7699890136719,False
2025-05-16,6912606.548092627,GLD,23493.089918152982,0.0,303.7699890136719,False
2025-05-19,7001645.559629045,GLD,23493.089918152982,0.0,303.7699890136719,False
2025-05-20,7132031.921893911,GLD,23493.089918152982,0.0,303.7699890136719,False
2025-05-21,7184656.930838075,GLD,23493.089918152982,0.0,303.7699890136719,False
2025-05-22,7120990.140954291,GLD,23493.089918152982,0.0,303.7699890136719,False
2025-05-23,7276984.6021478865,GLD,23493.089918152982,0.0,303.7699890136719,False
2025-05-27,7153645.880077583,GLD,23493.089918152982,0.0,303.7699890136719,False
2025-05-28,7137435.590677881,GLD,23493.089918152982,0.0,303.7699890136719,False
2025-05-29,7179722.865749674,GLD,23493.089918152982,0.0,303.7699890136719,False
2025-05-30,7132502.242541687,GLD,23493.089918152982,0.0,303.7699890136719,False
2025-06-02,7322091.650249711,TQQQ,206403.04067988484,0.0,35.474727630615234,False
2025-06-03,7492846.735352578,TQQQ,206403.04067988484,0.0,35.474727630615234,False
2025-06-04,7553175.437821196,TQQQ,206403.04067988484,0.0,35.474727630615234,False
2025-06-05,7377304.8415668355,TQQQ,206403.04067988484,0.0,35.474727630615234,False
2025-06-06,7587939.182374183,TQQQ,206403.04067988484,0.0,35.474727630615234,False
2025-06-09,7621681.714373147,TQQQ,206403.04067988484,0.0,35.474727630615234,False
2025-06-10,7768922.927684694,TQQQ,206403.04067988484,0.0,35.474727630615234,False
2025-06-11,7689167.56573619,TQQQ,206403.04067988484,0.0,35.474727630615234,False
2025-06-12,7739269.970092511,TQQQ,206403.04067988484,0.0,35.474727630615234,False
2025-06-13,7446835.480133269,TQQQ,206403.04067988484,0.0,35.474727630615234,False
2025-06-16,7750516.6933937175,TQQQ,206403.04067988484,0.0,35.474727630615234,False
2025-06-17,7521476.905660508,TQQQ,206403.04067988484,0.0,35.474727630615234,False
2025-06-18,7511252.969643554,TQQQ,206403.04067988484,0.0,35.474727630615234,False
2025-06-20,7407980.586443271,TQQQ,206403.04067988484,0.0,35.474727630615234,False
2025-06-23,7638041.5867305035,TQQQ,206403.04067988484,0.0,35.474727630615234,False
2025-06-24,7985690.842737098,TQQQ,206403.04067988484,0.0,35.474727630615234,False
2025-06-25,8047007.688424914,TQQQ,206403.04067988484,0.0,35.474727630615234,False
2025-06-26,8267458.897484814,TQQQ,206403.04067988484,0.0,35.474727630615234,False
2025-06-27,8348462.2331404295,TQQQ,206403.04067988484,0.0,35.474727630615234,False
2025-06-30,8510468.117086546,TQQQ,206403.04067988484,0.0,35.474727630615234,False
2025-07-01,8294118.292910153,TQQQ,206403.04067988484,0.0,41.23228073120117,False
2025-07-02,8459200.412360178,TQQQ,206403.04067988484,0.0,41.23228073120117,False
2025-07-03,8696058.735684328,TQQQ,206403.04067988484,0.0,41.23228073120117,False
2025-07-07,8502265.347319538,TQQQ,206403.04067988484,0.0,41.23228073120117,False
2025-07-08,8513544.352590455,TQQQ,206403.04067988484,0.0,41.23228073120117,False
2025-07-09,8689907.052041627,TQQQ,206403.04067988484,0.0,41.23228073120117,False
2025-07-10,8649917.56522106,TQQQ,206403.04067988484,0.0,41.23228073120117,False
2025-07-11,8584295.407084981,TQQQ,206403.04067988484,0.0,41.23228073120117,False
2025-07-14,8675551.811266802,TQQQ,206403.04067988484,0.0,41.23228073120117,False
2025-07-15,8698109.821808636,TQQQ,206403.04067988484,0.0,41.23228073120117,False
2025-07-16,8722717.343744552,TQQQ,206403.04067988484,0.0,41.23228073120117,False
2025-07-17,8925739.438621063,TQQQ,206403.04067988484,0.0,41.23228073120117,False
2025-07-18,8894977.870947104,TQQQ,206403.04067988484,0.0,41.23228073120117,False
2025-07-21,9030325.146832997,TQQQ,206403.04067988484,0.0,41.23228073120117,False
2025-07-22,8889850.549318887,TQQQ,206403.04067988484,0.0,41.23228073120117,False
2025-07-23,9006740.412181335,TQQQ,206403.04067988484,0.0,41.23228073120117,False
2025-07-24,9066212.461404944,TQQQ,206403.04067988484,0.0,41.23228073120117,False
2025-07-25,9117480.166131314,TQQQ,206403.04067988484,0.0,41.23228073120117,False
2025-07-28,9206687.058919054,TQQQ,206403.04067988484,0.0,41.23228073120117,False
2025-07-29,9164645.698609063,TQQQ,206403.04067988484,0.0,41.23228073120117,False
2025-07-30,9196433.203027735,TQQQ,206403.04067988484,0.0,41.23228073120117,False
2025-07-31,9044680.387607822,TQQQ,206403.04067988484,0.0,41.23228073120117,False
2025-08-01,8502265.347319538,TQQQ,206403.04067988484,0.0,43.82048034667969,False
2025-08-04,8967777.649470596,TQQQ,206403.04067988484,0.0,43.82048034667969,False
2025-08-05,8781163.456223449,TQQQ,206403.04067988484,0.0,43.82048034667969,False
2025-08-06,9109277.396364303,TQQQ,206403.04067988484,0.0,43.82048034667969,False
2025-08-07,9201559.737290837,TQQQ,206403.04067988484,0.0,43.82048034667969,False
2025-08-08,9449697.065885903,TQQQ,206403.04067988484,0.0,43.82048034667969,False
2025-08-11,9366642.644105976,TQQQ,206403.04067988484,0.0,43.82048034667969,False
2025-08-12,9712188.847890679,TQQQ,206403.04067988484,0.0,43.82048034667969,False
2025-08-13,9726543.30130039,TQQQ,206403.04067988484,0.0,43.82048034667969,False
2025-08-14,9699883.90587505,TQQQ,206403.04067988484,0.0,43.82048034667969,False
2025-08-15,9562486.33122996,TQQQ,206403.04067988484,0.0,43.82048034667969,False
2025-08-18,9550182.176579447,TQQQ,206403.04067988484,0.0,43.82048034667969,False
2025-08-19,9160545.101090673,TQQQ,206403.04067988484,0.0,43.82048034667969,False
2025-08-20,8993411.108151224,TQQQ,206403.04067988484,0.0,43.82048034667969,False
2025-08-21,8868318.475521764,TQQQ,206403.04067988484,0.0,43.82048034667969,False
2025-08-22,9267182.68279203,TQQQ,206403.04067988484,0.0,43.82048034667969,False
2025-08-25,9186179.347136416,TQQQ,206403.04067988484,0.0,43.82048034667969,False
2025-08-26,9292816.928837772,TQQQ,206403.04067988484,0.0,43.82048034667969,False
2025-08-27,9334856.714417536,TQQQ,206403.04067988484,0.0,43.82048034667969,False
2025-08-28,9505064.580765547,TQQQ,206403.04067988484,0.0,43.82048034667969,False
2025-08-29,9162596.974580098,TQQQ,206403.04067988484,0.0,43.82048034667969,False
2025-09-02,8928814.09939474,TECL,96816.6889217793,0.0,92.22391510009766,False
2025-09-03,9072518.985485837,TECL,96816.6889217793,0.0,92.22391510009766,False
2025-09-04,9203490.23738868,TECL,96816.6889217793,0.0,92.22391510009766,False
2025-09-05,9222591.057997417,TECL,96816.6889217793,0.0,92.22391510009766,False
2025-09-08,9426324.773093145,TECL,96816.6889217793,0.0,92.22391510009766,False
2025-09-09,9484534.300455824,TECL,96816.6889217793,0.0,92.22391510009766,False
2025-09-10,9989320.703416614,TECL,96816.6889217793,0.0,92.22391510009766,False
2025-09-11,10060264.603620261,TECL,96816.6889217793,0.0,92.22391510009766,False
2025-09-12,10062991.709451402,TECL,96816.6889217793,0.0,92.22391510009766,False
2025-09-15,10326754.992204478,TECL,96816.6889217793,0.0,92.22391510009766,False
2025-09-16,10218520.94823613,TECL,96816.6889217793,0.0,92.22391510009766,False
2025-09-17,10137573.47428624,TECL,96816.6889217793,0.0,92.22391510009766,False
2025-09-18,10621441.232301775,TECL,96816.6889217793,0.0,92.22391510009766,False
2025-09-19,10934317.534207754,TECL,96816.6889217793,0.0,92.22391510009766,False
2025-09-22,11429100.363422303,TECL,96816.6889217793,0.0,92.22391510009766,False
2025-09-23,11119861.926147517,TECL,96816.6889217793,0.0,92.22391510009766,False
2025-09-24,10938865.418986283,TECL,96816.6889217793,0.0,92.22391510009766,False
2025-09-25,10858827.226531012,TECL,96816.6889217793,0.0,92.22391510009766,False
2025-09-26,10946141.148248669,TECL,96816.6889217793,0.0,92.22391510009766,False
2025-09-29,11104398.970169973,TECL,96816.6889217793,0.0,92.22391510009766,False
2025-09-30,11311771.288549611,TECL,96816.6889217793,0.0,92.22391510009766,False
2025-10-01,11628286.193739502,TQQQ,223013.7452983768,0.0,52.14156723022461,False
2025-10-02,11770230.48162339,TQQQ,223013.7452983768,0.0,52.14156723022461,False
2025-10-03,11610543.370436497,TQQQ,223013.7452983768,0.0,52.14156723022461,False
2025-10-06,11870035.564162642,TQQQ,223013.7452983768,0.0,52.14156723022461,False
2025-10-07,11678189.16037409,TQQQ,223013.7452983768,0.0,52.14156723022461,False
2025-10-08,12074078.882877124,TQQQ,223013.7452983768,0.0,52.14156723022461,False
2025-10-09,12026394.619885337,TQQQ,223013.7452983768,0.0,52.14156723022461,False
2025-10-10,10764426.954429936,TQQQ,223013.7452983768,0.0,52.14156723022461,False
2025-10-13,11447530.755975176,TQQQ,223013.7452983768,0.0,52.14156723022461,False
2025-10-14,11214654.498663386,TQQQ,223013.7452983768,0.0,52.14156723022461,False
2025-10-15,11444203.5512409,TQQQ,223013.7452983768,0.0,52.14156723022461,False
2025-10-16,11316676.583385589,TQQQ,223013.7452983768,0.0,52.14156723022461,False
2025-10-17,11531809.16666445,TQQQ,223013.7452983768,0.0,52.14156723022461,False
2025-10-20,11964293.887594894,TQQQ,223013.7452983768,0.0,52.14156723022461,False
2025-10-21,11950986.77011764,TQQQ,223013.7452983768,0.0,52.14156723022461,False
2025-10-22,11599455.807331966,TQQQ,223013.7452983768,0.0,52.14156723022461,False
2025-10-23,11889996.240378523,TQQQ,223013.7452983768,0.0,52.14156723022461,False
2025-10-24,12260379.3782886,TQQQ,223013.7452983768,0.0,52.14156723022461,False
2025-10-27,12911324.737962106,TQQQ,223013.7452983768,0.0,52.14156723022461,False
2025-10-28,13206300.876834413,TQQQ,223013.7452983768,0.0,52.14156723022461,False
2025-10-29,13374859.39967281,TQQQ,223013.7452983768,0.0,52.14156723022461,False
2025-10-30,12762726.040609667,TQQQ,223013.7452983768,0.0,52.14156723022461,False
2025-10-31,12943483.17983384,TQQQ,223013.7452983768,0.0,52.14156723022461,False
2025-11-03,13120913.114323739,TQQQ,223013.7452983768,0.0,58.03894805908203,False
2025-11-04,12318045.255483216,TQQQ,223013.7452983768,0.0,58.03894805908203,False
2025-11-05,12557574.220803708,TQQQ,223013.7452983768,0.0,58.03894805908203,False
2025-11-06,11908004.525447134,CASH,0.0,11908004.525447134,,False
2025-11-07,11908004.525447134,CASH,0.0,11908004.525447134,,False
2025-11-10,11908004.525447134,CASH,0.0,11908004.525447134,,False
2025-11-11,11908004.525447134,CASH,0.0,11908004.525447134,,False
2025-11-12,11908004.525447134,CASH,0.0,11908004.525447134,,False
2025-11-13,11908004.525447134,CASH,0.0,11908004.525447134,,False
2025-11-14,11908004.525447134,CASH,0.0,11908004.525447134,,False
2025-11-17,11908004.525447134,CASH,0.0,11908004.525447134,,False
2025-11-18,11908004.525447134,CASH,0.0,11908004.525447134,,False
2025-11-19,11908004.525447134,CASH,0.0,11908004.525447134,,False
2025-11-20,11908004.525447134,CASH,0.0,11908004.525447134,,False
2025-11-21,11908004.525447134,CASH,0.0,11908004.525447134,,False
2025-11-24,11908004.525447134,CASH,0.0,11908004.525447134,,False
2025-11-25,11908004.525447134,CASH,0.0,11908004.525447134,,False
2025-11-26,11908004.525447134,CASH,0.0,11908004.525447134,,False
2025-11-28,11908004.525447134,CASH,0.0,11908004.525447134,,False
2025-12-01,11908004.525447134,TECL,101944.4063615605,0.0,116.80880737304688,False
2025-12-02,12267140.936679466,TECL,101944.4063615605,0.0,116.80880737304688,False
2025-12-03,12346630.227104254,TECL,101944.4063615605,0.0,116.80880737304688,False
2025-12-04,12470174.197896563,TECL,101944.4063615605,0.0,116.80880737304688,False
2025-12-05,12737371.48874325,TECL,101944.4063615605,0.0,116.80880737304688,False
2025-12-08,13006482.103867045,TECL,101944.4063615605,0.0,116.80880737304688,False
2025-12-09,13105126.414737638,TECL,101944.4063615605,0.0,116.80880737304688,False
2025-12-10,13312485.655478835,TECL,101944.4063615605,0.0,116.80880737304688,False
2025-12-11,13092713.14015931,TECL,101944.4063615605,0.0,116.80880737304688,False
2025-12-12,11932806.185832705,TECL,101944.4063615605,0.0,116.80880737304688,False
2025-12-15,11610269.490254028,TECL,101944.4063615605,0.0,116.80880737304688,False
2025-12-16,11658090.930570347,TECL,101944.4063615605,0.0,116.80880737304688,False
2025-12-17,10955364.163411364,CASH,0.0,10955364.163411364,,False
2025-12-18,10955364.163411364,CASH,0.0,10955364.163411364,,False
2025-12-19,10955364.163411364,CASH,0.0,10955364.163411364,,False
2025-12-22,10955364.163411364,CASH,0.0,10955364.163411364,,False
2025-12-23,10955364.163411364,CASH,0.0,10955364.163411364,,False
2025-12-24,10955364.163411364,CASH,0.0,10955364.163411364,,False
2025-12-26,10955364.163411364,CASH,0.0,10955364.163411364,,False
2025-12-29,10955364.163411364,CASH,0.0,10955364.163411364,,False
2025-12-30,10955364.163411364,CASH,0.0,10955364.163411364,,False
2025-12-31,10955364.163411364,CASH,0.0,10955364.163411364,,False
2026-01-02,10955364.163411364,TQQQ,210100.17133176883,0.0,52.14352798461914,False
2026-01-05,11216953.880210655,TQQQ,210100.17133176883,0.0,52.14352798461914,False
2026-01-06,11512027.350053689,TQQQ,210100.17133176883,0.0,52.14352798461914,False
2026-01-07,11545510.30162888,TQQQ,210100.17133176883,0.0,52.14352798461914,False
2026-01-08,11340424.117540197,TQQQ,210100.17133176883,0.0,52.14352798461914,False
2026-01-09,11668980.538958423,TQQQ,210100.17133176883,0.0,52.14352798461914,False
2026-01-12,11696186.38885717,TQQQ,210100.17133176883,0.0,52.14352798461914,False
2026-01-13,11635496.785914682,TQQQ,210100.17133176883,0.0,52.14352798461914,False
2026-01-14,11265086.875394603,TQQQ,210100.17133176883,0.0,52.14352798461914,False
2026-01-15,11380186.575197484,TQQQ,210100.17133176883,0.0,52.14352798461914,False
2026-01-16,11329960.945631871,TQQQ,210100.17133176883,0.0,52.14352798461914,False
2026-01-20,10616344.570084812,TQQQ,210100.17133176883,0.0,52.14352798461914,False
2026-01-21,11034888.277257388,TQQQ,210100.17133176883,0.0,52.14352798461914,False
2026-01-22,11279736.117534809,TQQQ,210100.17133176883,0.0,52.14352798461914,False
2026-01-23,11380186.575197484,TQQQ,210100.17133176883,0.0,52.14352798461914,False
2026-01-26,11526676.592193894,TQQQ,210100.17133176883,0.0,52.14352798461914,False
2026-01-27,11832212.432476703,TQQQ,210100.17133176883,0.0,52.14352798461914,False
2026-01-28,11941034.22913459,TQQQ,210100.17133176883,0.0,52.14352798461914,False
2026-01-29,11727576.706050696,TQQQ,210100.17133176883,0.0,52.14352798461914,False
2026-01-30,11300663.26282001,TQQQ,210100.17133176883,0.0,52.14352798461914,False
2026-02-02,11530861.059488675,TECL,97471.63335805958,0.0,118.2996597290039,False
2026-02-03,10608392.174729582,CASH,0.0,10608392.174729582,,False
2026-02-04,10608392.174729582,CASH,0.0,10608392.174729582,,False
2026-02-05,10608392.174729582,CASH,0.0,10608392.174729582,,False
2026-02-06,10608392.174729582,CASH,0.0,10608392.174729582,,False
2026-02-09,10608392.174729582,CASH,0.0,10608392.174729582,,False
2026-02-10,10608392.174729582,CASH,0.0,10608392.174729582,,False
2026-02-11,10608392.174729582,CASH,0.0,10608392.174729582,,False
2026-02-12,10608392.174729582,CASH,0.0,10608392.174729582,,False
2026-02-13,10608392.174729582,CASH,0.0,10608392.174729582,,False
2026-02-17,10608392.174729582,CASH,0.0,10608392.174729582,,False
2026-02-18,10608392.174729582,CASH,0.0,10608392.174729582,,False
2026-02-19,10608392.174729582,CASH,0.0,10608392.174729582,,False
2026-02-20,10608392.174729582,CASH,0.0,10608392.174729582,,False
2026-02-23,10608392.174729582,CASH,0.0,10608392.174729582,,False
2026-02-24,10608392.174729582,CASH,0.0,10608392.174729582,,False
2026-02-25,10608392.174729582,CASH,0.0,10608392.174729582,,False
2026-02-26,10608392.174729582,CASH,0.0,10608392.174729582,,False
2026-02-27,10608392.174729582,CASH,0.0,10608392.174729582,,False
2026-03-02,10608392.174729582,TECL,103637.35989308752,0.0,102.3606948852539,False
2026-03-03,9759720.800751215,CASH,0.0,9759720.800751215,,False
2026-03-04,9759720.800751215,CASH,0.0,9759720.800751215,,False
2026-03-05,9759720.800751215,CASH,0.0,9759720.800751215,,False
2026-03-06,9759720.800751215,CASH,0.0,9759720.800751215,,False
2026-03-09,9759720.800751215,CASH,0.0,9759720.800751215,,False
2026-03-10,9759720.800751215,CASH,0.0,9759720.800751215,,False
2026-03-11,9759720.800751215,CASH,0.0,9759720.800751215,,False
2026-03-12,9759720.800751215,CASH,0.0,9759720.800751215,,False
2026-03-13,9759720.800751215,CASH,0.0,9759720.800751215,,False
2026-03-16,9759720.800751215,CASH,0.0,9759720.800751215,,False
2026-03-17,9759720.800751215,CASH,0.0,9759720.800751215,,False
2026-03-18,9759720.800751215,CASH,0.0,9759720.800751215,,False
2026-03-19,9759720.800751215,CASH,0.0,9759720.800751215,,False
2026-03-20,9759720.800751215,CASH,0.0,9759720.800751215,,False
2026-03-23,9759720.800751215,CASH,0.0,9759720.800751215,,False
2026-03-24,9759720.800751215,CASH,0.0,9759720.800751215,,False
2026-03-25,9759720.800751215,CASH,0.0,9759720.800751215,,False
2026-03-26,9759720.800751215,CASH,0.0,9759720.800751215,,False
2026-03-27,9759720.800751215,CASH,0.0,9759720.800751215,,False
2026-03-30,9759720.800751215,CASH,0.0,9759720.800751215,,False
2026-03-31,9759720.800751215,CASH,0.0,9759720.800751215,,False
2026-04-01,9759720.800751215,GLD,22291.62815194019,0.0,437.82000732421875,False
2026-04-02,9572248.126359018,GLD,22291.62815194019,0.0,437.82000732421875,False
2026-04-06,9533014.643119922,GLD,22291.62815194019,0.0,437.82000732421875,False
2026-04-07,9625747.897866372,GLD,22291.62815194019,0.0,437.82000732421875,False
2026-04-08,9686381.15365111,GLD,22291.62815194019,0.0,437.82000732421875,False
2026-04-09,9761726.965650508,GLD,22291.62815194019,0.0,437.82000732421875,False
2026-04-10,9744339.522903455,GLD,22291.62815194019,0.0,437.82000732421875,False
2026-04-13,9704882.90569116,GLD,22291.62815194019,0.0,437.82000732421875,False
2026-04-14,9921780.692512678,GLD,22291.62815194019,0.0,437.82000732421875,False
2026-04-15,9818570.345323354,GLD,22291.62815194019,0.0,437.82000732421875,False
2026-04-16,9810099.417779777,GLD,22291.62815194019,0.0,437.82000732421875,False
2026-04-17,9940505.578525927,GLD,22291.62815194019,0.0,437.82000732421875,False
2026-04-20,9854905.808056857,GLD,22291.62815194019,0.0,437.82000732421875,False
2026-04-21,9575814.868497709,GLD,22291.62815194019,0.0,437.82000732421875,False
2026-04-22,9702654.287105167,GLD,22291.62815194019,0.0,437.82000732421875,False
2026-04-23,9608583.589092521,GLD,22291.62815194019,0.0,437.82000732421875,False
2026-04-24,9657847.896828087,GLD,22291.62815194019,0.0,437.82000732421875,False
2026-04-27,9582948.35277509,GLD,22291.62815194019,0.0,437.82000732421875,False
2026-04-28,9405060.915219465,GLD,22291.62815194019,0.0,437.82000732421875,False
2026-04-29,9304748.588535735,GLD,22291.62815194019,0.0,437.82000732421875,False
2026-04-30,9444071.264485361,GLD,22291.62815194019,0.0,437.82000732421875,False
2026-05-01,9433371.03806929,TQQQ,144794.64032433156,0.0,65.1500015258789,False
2026-05-04,9377030.466084568,TQQQ,144794.64032433156,0.0,65.1500015258789,False
2026-05-05,9735295.347967993,TQQQ,144794.64032433156,0.0,65.1500015258789,False
2026-05-06,10339147.281851714,TQQQ,144794.64032433156,0.0,65.1500015258789,False
2026-05-07,10305920.252496282,TQQQ,144794.64032433156,0.0,65.1500015258789,False
2026-05-08,11019563.447086135,TQQQ,144794.64032433156,0.0,65.1500015258789,False
2026-05-11,11117797.384129902,TQQQ,144794.64032433156,0.0,65.1500015258789,False
2026-05-12,10828873.13013434,TQQQ,144794.64032433156,0.0,65.1500015258789,False
2026-05-13,11158246.912252733,TQQQ,144794.64032433156,0.0,65.1500015258789,False
2026-05-14,11405276.69649381,TQQQ,144794.64032433156,0.0,65.1500015258789,False
2026-05-15,10883768.760487406,TQQQ,144794.64032433156,0.0,65.1500015258789,False
2026-05-18,10736417.854921753,TQQQ,144794.64032433156,0.0,65.1500015258789,False
2026-05-19,10535615.155939251,TQQQ,144794.64032433156,0.0,65.1500015258789,False
2026-05-20,11052789.37174613,TQQQ,144794.64032433156,0.0,65.1500015258789,False
2026-05-21,11116352.442498248,TQQQ,144794.64032433156,0.0,65.1500015258789,False
2026-05-22,11244923.52563414,TQQQ,144794.64032433156,0.0,65.1500015258789,False
2026-05-26,11838661.972791716,TQQQ,144794.64032433156,0.0,65.1500015258789,False
2026-05-27,11798213.549364323,TQQQ,144794.64032433156,0.0,65.1500015258789,False
2026-05-28,12088581.640296102,TQQQ,144794.64032433156,0.0,65.1500015258789,False
2026-05-29,12215708.886495776,TQQQ,144794.64032433156,0.0,65.1500015258789,False
2026-06-01,12429512.746076858,TQQQ,144794.64032433156,0.0,84.36575317382812,False
2026-06-02,12599978.298967237,TQQQ,144794.64032433156,0.0,84.36575317382812,False
2026-06-03,12504632.035795903,TQQQ,144794.64032433156,0.0,84.36575317382812,False
2026-06-04,12311054.044971673,TQQQ,144794.64032433156,0.0,84.36575317382812,False
2026-06-05,11238452.175576115,CASH,0.0,11238452.175576115,,False
2026-06-08,11238452.175576115,CASH,0.0,11238452.175576115,,False
2026-06-09,11238452.175576115,CASH,0.0,11238452.175576115,,False
2026-06-10,11238452.175576115,CASH,0.0,11238452.175576115,,False
2026-06-11,11238452.175576115,CASH,0.0,11238452.175576115,,False
2026-06-12,11238452.175576115,CASH,0.0,11238452.175576115,,False
2026-06-15,11238452.175576115,CASH,0.0,11238452.175576115,,False
2026-06-16,11238452.175576115,CASH,0.0,11238452.175576115,,False
2026-06-17,11238452.175576115,CASH,0.0,11238452.175576115,,False
2026-06-18,11238452.175576115,CASH,0.0,11238452.175576115,,False
2026-06-22,11238452.175576115,CASH,0.0,11238452.175576115,,False
2026-06-23,11238452.175576115,CASH,0.0,11238452.175576115,,False
2026-06-24,11238452.175576115,CASH,0.0,11238452.175576115,,False
2026-06-25,11238452.175576115,CASH,0.0,11238452.175576115,,False
2026-06-26,11238452.175576115,CASH,0.0,11238452.175576115,,False
2026-06-29,11238452.175576115,CASH,0.0,11238452.175576115,,False
2026-06-30,11238452.175576115,CASH,0.0,11238452.175576115,,False
2026-07-01,11238452.175576115,TQQQ,145087.17155186404,0.0,77.45999908447266,False
2026-07-02,10642143.811943773,TQQQ,145087.17155186404,0.0,77.45999908447266,False
2026-07-06,11087561.384330904,TQQQ,145087.17155186404,0.0,77.45999908447266,False
2026-07-07,10339376.001530027,CASH,0.0,10339376.001530027,,False
2026-07-08,10339376.001530027,CASH,0.0,10339376.001530027,,False
2026-07-09,10339376.001530027,CASH,0.0,10339376.001530027,,False
2026-07-10,10339376.001530027,CASH,0.0,10339376.001530027,,False
2026-07-13,10339376.001530027,CASH,0.0,10339376.001530027,,False
2026-07-14,10339376.001530027,CASH,0.0,10339376.001530027,,False
2026-07-15,10339376.001530027,CASH,0.0,10339376.001530027,,False
2026-07-16,10339376.001530027,CASH,0.0,10339376.001530027,,False
2026-07-17,10339376.001530027,CASH,0.0,10339376.001530027,,False
2026-07-20,10339376.001530027,CASH,0.0,10339376.001530027,,False
2026-07-21,10339376.001530027,CASH,0.0,10339376.001530027,,False
2026-07-22,10339376.001530027,CASH,0.0,10339376.001530027,,False
2026-07-23,10339376.001530027,CASH,0.0,10339376.001530027,,False
2026-07-24,10339376.001530027,CASH,0.0,10339376.001530027,,False
2026-07-27,10339376.001530027,CASH,0.0,10339376.001530027,,False
2026-07-28,10339376.001530027,CASH,0.0,10339376.001530027,,False
2026-07-29,10339376.001530027,CASH,0.0,10339376.001530027,,False
2026-07-30,10339376.001530027,CASH,0.0,10339376.001530027,,False
2026-07-31,10339376.001530027,CASH,0.0,10339376.001530027,,False
2026-08-03,10339376.001530027,TECL,57047.97885762591,0.0,181.24000549316406,False
2026-08-04,11888228.27932134,TECL,57047.97885762591,0.0,181.24000549316406,False
2026-08-05,11694265.499398643,TECL,57047.97885762591,0.0,181.24000549316406,False
2026-08-06,11604699.754760293,TECL,57047.97885762591,0.0,181.24000549316406,False
2026-08-07,12073634.210608624,TECL,57047.97885762591,0.0,181.24000549316406,False
2026-08-10,11750742.441358523,TECL,57047.97885762591,0.0,181.24000549316406,False
2026-08-11,11691983.092773816,TECL,57047.97885762591,0.0,181.24000549316406,False
2026-08-12,12211120.048571441,TECL,57047.97885762591,0.0,181.24000549316406,False
2026-08-13,12583643.280873092,TECL,57047.97885762591,0.0,181.24000549316406,False
2026-08-14,12417633.453481462,TECL,57047.97885762591,0.0,181.24000549316406,False
2026-08-17,12487802.22374108,TECL,57047.97885762591,0.0,181.24000549316406,False
2026-08-18,11529396.875319427,TECL,57047.97885762591,0.0,181.24000549316406,False
2026-08-19,11146604.554172203,TECL,57047.97885762591,0.0,181.24000549316406,False
2026-08-20,11074724.414185502,TECL,57047.97885762591,0.0,181.24000549316406,False
2026-08-21,11113516.621976811,TECL,57047.97885762591,0.0,181.24000549316406,False
2026-08-24,10508808.568375822,TECL,57047.97885762591,0.0,181.24000549316406,False
2026-08-25,10806598.217168199,TECL,57047.97885762591,0.0,181.24000549316406,False
2026-08-26,10993145.351767898,TECL,57047.97885762591,0.0,181.24000549316406,False
2026-08-27,12017727.435063412,TECL,57047.97885762591,0.0,181.24000549316406,False
2026-08-28,11438119.760953994,TECL,57047.97885762591,0.0,181.24000549316406,False
2026-08-31,11605269.921174962,TECL,57047.97885762591,0.0,181.24000549316406,False
2026-09-01,11070160.471418923,TQQQ,160089.0849912128,0.0,69.1500015258789,False
2026-09-02,11113960.479634788,TQQQ,160089.0849912128,0.0,69.1500015258789,False
