date,equity,holding,shares,cash,stop_reference,entered_at_open
2016-06-01,100000.0,GLD,862.5150758517362,0.0,115.94000244140625,False
2016-06-02,99767.11724445806,GLD,862.5150758517362,0.0,115.94000244140625,False
2016-06-03,102535.78984828599,GLD,862.5150758517362,0.0,115.94000244140625,False
2016-06-06,102570.2912409762,GLD,862.5150758517362,0.0,115.94000244140625,False
2016-06-07,102484.04104948459,GLD,862.5150758517362,0.0,115.94000244140625,False
2016-06-08,104002.06942551462,GLD,862.5150758517362,0.0,115.94000244140625,False
2016-06-09,104579.95294702302,GLD,862.5150758517362,0.0,115.94000244140625,False
2016-06-10,105002.58349165939,GLD,862.5150758517362,0.0,115.94000244140625,False
2016-06-13,105778.84837601951,GLD,862.5150758517362,0.0,115.94000244140625,False
2016-06-14,105890.97296691182,GLD,862.5150758517362,0.0,115.94000244140625,False
2016-06-15,106675.86484456145,GLD,862.5150758517362,0.0,115.94000244140625,False
2016-06-16,105554.59261376708,GLD,862.5150758517362,0.0,115.94000244140625,False
2016-06-17,106908.74101963559,GLD,862.5150758517362,0.0,115.94000244140625,False
2016-06-20,106270.48170603628,GLD,862.5150758517362,0.0,115.94000244140625,False
2016-06-21,104226.31860729927,GLD,862.5150758517362,0.0,115.94000244140625,False
2016-06-22,104278.07398656847,GLD,862.5150758517362,0.0,115.94000244140625,False
2016-06-23,103596.68628698947,GLD,862.5150758517362,0.0,115.94000244140625,False
2016-06-24,108676.89955731877,GLD,862.5150758517362,0.0,115.94000244140625,False
2016-06-27,109263.41007211666,GLD,862.5150758517362,0.0,115.94000244140625,False
2016-06-28,108090.38904252087,GLD,862.5150758517362,0.0,115.94000244140625,False
2016-06-29,108538.89398655795,GLD,862.5150758517362,0.0,115.94000244140625,False
2016-06-30,109082.28269584393,GLD,862.5150758517362,0.0,115.94000244140625,False
2016-07-01,110755.56404874599,SHY,1584.5933987457647,0.0,69.89525775912678,False
2016-07-05,110807.46050640337,SHY,1584.5933987457647,0.0,69.89525775912678,False
2016-07-06,110755.56404874599,SHY,1584.5933987457647,0.0,69.89525775912678,False
2016-07-07,110703.61881622237,SHY,1584.5933987457647,0.0,69.89525775912678,False
2016-07-08,110703.61881622237,SHY,1584.5933987457647,0.0,69.89525775912678,False
2016-07-11,110586.74204304426,SHY,1584.5933987457647,0.0,69.89525775912678,False
2016-07-12,110547.80750608462,SHY,1584.5933987457647,0.0,69.89525775912678,False
2016-07-13,110573.80450977955,SHY,1584.5933987457647,0.0,69.89525775912678,False
2016-07-14,110508.83638797537,SHY,1584.5933987457647,0.0,69.89525775912678,False
2016-07-15,110456.90334916834,SHY,1584.5933987457647,0.0,69.89525775912678,False
2016-07-18,110521.82269610628,SHY,1584.5933987457647,0.0,69.89525775912678,False
2016-07-19,110534.79681052064,SHY,1584.5933987457647,0.0,69.89525775912678,False
2016-07-20,110482.86377171359,SHY,1584.5933987457647,0.0,69.89525775912678,False
2016-07-21,110560.74503934933,SHY,1584.5933987457647,0.0,69.89525775912678,False
2016-07-22,110521.82269610628,SHY,1584.5933987457647,0.0,69.89525775912678,False
2016-07-25,110443.85607245464,SHY,1584.5933987457647,0.0,69.89525775912678,False
2016-07-26,110456.90334916834,SHY,1584.5933987457647,0.0,69.89525775912678,False
2016-07-27,110534.79681052064,SHY,1584.5933987457647,0.0,69.89525775912678,False
2016-07-28,110521.82269610628,SHY,1584.5933987457647,0.0,69.89525775912678,False
2016-07-29,110664.61111696342,SHY,1584.5933987457647,0.0,69.89525775912678,False
2016-08-01,110626.92033909242,TECL,27184.60199392737,0.0,4.069469928741455,False
2016-08-02,108107.61407305984,TECL,27184.60199392737,0.0,4.069469928741455,False
2016-08-03,109169.66165867378,TECL,27184.60199392737,0.0,4.069469928741455,False
2016-08-04,110849.19052760993,TECL,27184.60199392737,0.0,4.069469928741455,False
2016-08-05,114109.51192525141,TECL,27184.60199392737,0.0,4.069469928741455,False
2016-08-08,114257.66180479691,TECL,27184.60199392737,0.0,4.069469928741455,False
2016-08-09,114850.45576240432,TECL,27184.60199392737,0.0,4.069469928741455,False
2016-08-10,113837.77634690578,TECL,27184.60199392737,0.0,4.069469928741455,False
2016-08-11,115146.87218515057,TECL,27184.60199392737,0.0,4.069469928741455,False
2016-08-12,114628.14668600172,TECL,27184.60199392737,0.0,4.069469928741455,False
2016-08-15,116085.41832904873,TECL,27184.60199392737,0.0,4.069469928741455,False
2016-08-16,113837.77634690578,TECL,27184.60199392737,0.0,4.069469928741455,False
2016-08-17,113689.5875794752,TECL,27184.60199392737,0.0,4.069469928741455,False
2016-08-18,113541.39881204463,TECL,27184.60199392737,0.0,4.069469928741455,False
2016-08-19,113862.48311656312,TECL,27184.60199392737,0.0,4.069469928741455,False
2016-08-22,113714.29434913254,TECL,27184.60199392737,0.0,4.069469928741455,False
2016-08-23,114949.24395314859,TECL,27184.60199392737,0.0,4.069469928741455,False
2016-08-24,113294.42185386978,TECL,27184.60199392737,0.0,4.069469928741455,False
2016-08-25,113788.37577021947,TECL,27184.60199392737,0.0,4.069469928741455,False
2016-08-26,113961.29723256412,TECL,27184.60199392737,0.0,4.069469928741455,False
2016-08-29,115146.87218515057,TECL,27184.60199392737,0.0,4.069469928741455,False
2016-08-30,114134.20573228039,TECL,27184.60199392737,0.0,4.069469928741455,False
2016-08-31,113813.0825398768,TECL,27184.60199392737,0.0,4.069469928741455,False
2016-09-01,114628.14668600172,TQQQ,47393.87279005595,0.0,2.418627977371216,False
2016-09-02,115970.85315551294,TQQQ,47393.87279005595,0.0,2.418627977371216,False
2016-09-06,118121.03889773549,TQQQ,47393.87279005595,0.0,2.418627977371216,False
2016-09-07,118337.04166535908,TQQQ,47393.87279005595,0.0,2.418627977371216,False
2016-09-08,116308.90268465059,TQQQ,47393.87279005595,0.0,2.418627977371216,False
2016-09-09,107492.06655149837,TQQQ,47393.87279005595,0.0,2.418627977371216,False
2016-09-12,113003.77559059842,TQQQ,47393.87279005595,0.0,2.418627977371216,False
2016-09-13,110337.10865447867,TQQQ,47393.87279005595,0.0,2.418627977371216,False
2016-09-14,111754.90083181886,TQQQ,47393.87279005595,0.0,2.418627977371216,False
2016-09-15,116937.98419134175,TQQQ,47393.87279005595,0.0,2.418627977371216,False
2016-09-16,116806.52487984704,TQQQ,47393.87279005595,0.0,2.418627977371216,False
2016-09-19,115275.99679475519,TQQQ,47393.87279005595,0.0,2.418627977371216,False
2016-09-20,115914.52475016646,TQQQ,47393.87279005595,0.0,2.418627977371216,False
2016-09-21,119285.39279954578,TQQQ,47393.87279005595,0.0,2.418627977371216,False
2016-09-22,122074.1290963392,TQQQ,47393.87279005595,0.0,2.418627977371216,False
2016-09-23,119876.95970127198,TQQQ,47393.87279005595,0.0,2.418627977371216,False
2016-09-26,116900.42438805755,TQQQ,47393.87279005595,0.0,2.418627977371216,False
2016-09-27,120215.00923040962,TQQQ,47393.87279005595,0.0,2.418627977371216,False
2016-09-28,120872.22669082451,TQQQ,47393.87279005595,0.0,2.418627977371216,False
2016-09-29,118308.87181289593,TQQQ,47393.87279005595,0.0,2.418627977371216,False
2016-09-30,120740.75607974999,TQQQ,47393.87279005595,0.0,2.418627977371216,False
2016-10-03,120468.48140467894,TECL,27577.326785569017,0.0,4.368388652801514,False
2016-10-04,119315.88003382842,TECL,27577.326785569017,0.0,4.368388652801514,False
2016-10-05,120543.64619955614,TECL,27577.326785569017,0.0,4.368388652801514,False
2016-10-06,121370.4720930995,TECL,27577.326785569017,0.0,4.368388652801514,False
2016-10-07,120393.27716011932,TECL,27577.326785569017,0.0,4.368388652801514,False
2016-10-10,122823.71949356468,TECL,27577.326785569017,0.0,4.368388652801514,False
2016-10-11,118889.9023632105,TECL,27577.326785569017,0.0,4.368388652801514,False
2016-10-12,119265.80523696131,TECL,27577.326785569017,0.0,4.368388652801514,False
2016-10-13,117161.09893114073,TECL,27577.326785569017,0.0,4.368388652801514,False
2016-10-14,118489.0672901792,TECL,27577.326785569017,0.0,4.368388652801514,False
2016-10-17,117662.21509684758,TECL,27577.326785569017,0.0,4.368388652801514,False
2016-10-18,119791.95880110172,TECL,27577.326785569017,0.0,4.368388652801514,False
2016-10-19,119992.42893719391,TECL,27577.326785569017,0.0,4.368388652801514,False
2016-10-20,118539.18153672872,TECL,27577.326785569017,0.0,4.368388652801514,False
2016-10-21,119265.80523696131,TECL,27577.326785569017,0.0,4.368388652801514,False
2016-10-24,122873.84689000832,TECL,27577.326785569017,0.0,4.368388652801514,False
2016-10-25,121671.15757239657,TECL,27577.326785569017,0.0,4.368388652801514,False
2016-10-26,119766.92140266817,TECL,27577.326785569017,0.0,4.368388652801514,False
2016-10-27,118889.9023632105,TECL,27577.326785569017,0.0,4.368388652801514,False
2016-10-28,118489.0672901792,TECL,27577.326785569017,0.0,4.368388652801514,False
2016-10-31,118539.18153672872,TECL,27577.326785569017,0.0,4.368388652801514,False
2016-11-01,115457.29344782211,TECL,27577.326785569017,0.0,4.298429012298584,False
2016-11-02,113252.38494869077,TECL,27577.326785569017,0.0,4.298429012298584,False
2016-11-03,110370.96699587636,TECL,27577.326785569017,0.0,4.298429012298584,False
2016-11-04,109056.04701379042,CASH,0.0,109056.04701379042,,False
2016-11-07,109056.04701379042,CASH,0.0,109056.04701379042,,False
2016-11-08,109056.04701379042,CASH,0.0,109056.04701379042,,False
2016-11-09,109056.04701379042,CASH,0.0,109056.04701379042,,False
2016-11-10,109056.04701379042,CASH,0.0,109056.04701379042,,False
2016-11-11,109056.04701379042,CASH,0.0,109056.04701379042,,False
2016-11-14,109056.04701379042,CASH,0.0,109056.04701379042,,False
2016-11-15,109056.04701379042,CASH,0.0,109056.04701379042,,False
2016-11-16,109056.04701379042,CASH,0.0,109056.04701379042,,False
2016-11-17,109056.04701379042,CASH,0.0,109056.04701379042,,False
2016-11-18,109056.04701379042,CASH,0.0,109056.04701379042,,False
2016-11-21,109056.04701379042,CASH,0.0,109056.04701379042,,False
2016-11-22,109056.04701379042,CASH,0.0,109056.04701379042,,False
2016-11-23,109056.04701379042,CASH,0.0,109056.04701379042,,False
2016-11-25,109056.04701379042,CASH,0.0,109056.04701379042,,False
2016-11-28,109056.04701379042,CASH,0.0,109056.04701379042,,False
2016-11-29,109056.04701379042,CASH,0.0,109056.04701379042,,False
2016-11-30,109056.04701379042,CASH,0.0,109056.04701379042,,False
2016-12-01,109056.04701379042,TECL,27168.598199380736,0.0,4.014047622680664,False
2016-12-02,110191.5395596705,TECL,27168.598199380736,0.0,4.014047622680664,False
2016-12-05,113375.81308606095,TECL,27168.598199380736,0.0,4.014047622680664,False
2016-12-06,114412.57559860179,TECL,27168.598199380736,0.0,4.014047622680664,False
2016-12-07,120830.54596553954,TECL,27168.598199380736,0.0,4.014047622680664,False
2016-12-08,122138.79339851829,TECL,27168.598199380736,0.0,4.014047622680664,False
2016-12-09,124409.80440027278,TECL,27168.598199380736,0.0,4.014047622680664,False
2016-12-12,123521.13046024225,TECL,27168.598199380736,0.0,4.014047622680664,False
2016-12-13,127914.98616125798,TECL,27168.598199380736,0.0,4.014047622680664,False
2016-12-14,126804.18583996058,TECL,27168.598199380736,0.0,4.014047622680664,False
2016-12-15,128211.1892162729,TECL,27168.598199380736,0.0,4.014047622680664,False
2016-12-16,125792.14146199674,TECL,27168.598199380736,0.0,4.014047622680664,False
2016-12-19,128334.58556420052,TECL,27168.598199380736,0.0,4.014047622680664,False
2016-12-20,129642.87186217075,TECL,27168.598199380736,0.0,4.014047622680664,False
2016-12-21,128951.74867379882,TECL,27168.598199380736,0.0,4.014047622680664,False
2016-12-22,128038.40841917992,TECL,27168.598199380736,0.0,4.014047622680664,False
2016-12-23,128211.1892162729,TECL,27168.598199380736,0.0,4.014047622680664,False
2016-12-27,129889.74228800894,TECL,27168.598199380736,0.0,4.014047622680664,False
2016-12-28,126656.07135745596,TECL,27168.598199380736,0.0,4.014047622680664,False
2016-12-29,126532.66205453119,TECL,27168.598199380736,0.0,4.014047622680664,False
2016-12-30,123274.28594439838,TECL,27168.598199380736,0.0,4.014047622680664,False
2017-01-03,126828.85215454895,TECL,27168.598199380736,0.0,4.537381172180176,False
2017-01-04,127964.3576554262,TECL,27168.598199380736,0.0,4.537381172180176,False
2017-01-05,128655.50675379243,TECL,27168.598199380736,0.0,4.537381172180176,False
2017-01-06,131222.69490056753,TECL,27168.598199380736,0.0,4.537381172180176,False
2017-01-09,131617.6279889217,TECL,27168.598199380736,0.0,4.537381172180176,False
2017-01-10,131346.13011348664,TECL,27168.598199380736,0.0,4.537381172180176,False
2017-01-11,133148.1054431446,TECL,27168.598199380736,0.0,4.537381172180176,False
2017-01-12,132703.7749506279,TECL,27168.598199380736,0.0,4.537381172180176,False
2017-01-13,133345.5655098231,TECL,27168.598199380736,0.0,4.537381172180176,False
2017-01-17,132136.0740201779,TECL,27168.598199380736,0.0,4.537381172180176,False
2017-01-18,133123.3873085676,TECL,27168.598199380736,0.0,4.537381172180176,False
2017-01-19,132234.77814352285,TECL,27168.598199380736,0.0,4.537381172180176,False
2017-01-20,134579.77513404528,TECL,27168.598199380736,0.0,4.537381172180176,False
2017-01-23,134950.10668279688,TECL,27168.598199380736,0.0,4.537381172180176,False
2017-01-24,137788.76679501272,TECL,27168.598199380736,0.0,4.537381172180176,False
2017-01-25,141540.83193683327,TECL,27168.598199380736,0.0,4.537381172180176,False
2017-01-26,140800.2595243102,TECL,27168.598199380736,0.0,4.537381172180176,False
2017-01-27,142231.94217020806,TECL,27168.598199380736,0.0,4.537381172180176,False
2017-01-30,138800.8629929652,TECL,27168.598199380736,0.0,4.537381172180176,False
2017-01-31,136677.97942871248,TECL,27168.598199380736,0.0,4.537381172180176,False
2017-02-01,139220.46239590773,TECL,27168.598199380736,0.0,5.030733585357666,False
2017-02-02,138751.45263380551,TECL,27168.598199380736,0.0,5.030733585357666,False
2017-02-03,141318.66669057493,TECL,27168.598199380736,0.0,5.030733585357666,False
2017-02-06,141565.47234142732,TECL,27168.598199380736,0.0,5.030733585357666,False
2017-02-07,143293.4228173259,TECL,27168.598199380736,0.0,5.030733585357666,False
2017-02-08,144132.68639819673,TECL,27168.598199380736,0.0,5.030733585357666,False
2017-02-09,145663.112032431,TECL,27168.598199380736,0.0,5.030733585357666,False
2017-02-10,146551.76006246722,TECL,27168.598199380736,0.0,5.030733585357666,False
2017-02-13,148575.86177339207,TECL,27168.598199380736,0.0,5.030733585357666,False
2017-02-14,150180.37703637153,TECL,27168.598199380736,0.0,5.030733585357666,False
2017-02-15,151735.49489518846,TECL,27168.598199380736,0.0,5.030733585357666,False
2017-02-16,152945.03820482228,TECL,27168.598199380736,0.0,5.030733585357666,False
2017-02-17,154006.44112195718,TECL,27168.598199380736,0.0,5.030733585357666,False
2017-02-21,156697.09039164567,TECL,27168.598199380736,0.0,5.030733585357666,False
2017-02-22,157363.56022042639,TECL,27168.598199380736,0.0,5.030733585357666,False
2017-02-23,157018.01158123757,TECL,27168.598199380736,0.0,5.030733585357666,False
2017-02-24,158202.82380129726,TECL,27168.598199380736,0.0,5.030733585357666,False
2017-02-27,157783.23735335187,TECL,27168.598199380736,0.0,5.030733585357666,False
2017-02-28,155783.76309202393,TECL,27168.598199380736,0.0,5.030733585357666,False
2017-03-01,162201.73345896165,TECL,27168.598199380736,0.0,5.733963966369629,False
2017-03-02,159214.88113425823,TECL,27168.598199380736,0.0,5.733963966369629,False
2017-03-03,159634.54531218656,TECL,27168.598199380736,0.0,5.733963966369629,False
2017-03-06,159140.85628049882,TECL,27168.598199380736,0.0,5.733963966369629,False
2017-03-07,159288.97076300345,TECL,27168.598199380736,0.0,5.733963966369629,False
2017-03-08,159683.8779413633,TECL,27168.598199380736,0.0,5.733963966369629,False
2017-03-09,159511.11009926748,TECL,27168.598199380736,0.0,5.733963966369629,False
2017-03-10,162053.60602145988,TECL,27168.598199380736,0.0,5.733963966369629,False
2017-03-13,162794.1395689915,TECL,27168.598199380736,0.0,5.733963966369629,False
2017-03-14,161313.08542892543,TECL,27168.598199380736,0.0,5.733963966369629,False
2017-03-15,164546.7563594784,TECL,27168.598199380736,0.0,5.733963966369629,False
2017-03-16,165583.5059170221,TECL,27168.598199380736,0.0,5.733963966369629,False
2017-03-17,165879.69601703985,TECL,27168.598199380736,0.0,5.733963966369629,False
2017-03-20,166299.3213299767,TECL,27168.598199380736,0.0,5.733963966369629,False
2017-03-21,159437.05933551374,TECL,27168.598199380736,0.0,5.733963966369629,False
2017-03-22,162349.83498646913,TECL,27168.598199380736,0.0,5.733963966369629,False
2017-03-23,160918.12643057696,TECL,27168.598199380736,0.0,5.733963966369629,False
2017-03-24,161115.61240724978,TECL,27168.598199380736,0.0,5.733963966369629,False
2017-03-27,161115.61240724978,TECL,27168.598199380736,0.0,5.733963966369629,False
2017-03-28,164201.1818102953,TECL,27168.598199380736,0.0,5.733963966369629,False
2017-03-29,165262.62359242165,TECL,27168.598199380736,0.0,5.733963966369629,False
2017-03-30,166027.7975445473,TECL,27168.598199380736,0.0,5.733963966369629,False
2017-03-31,165262.62359242165,TECL,27168.598199380736,0.0,5.733963966369629,False
2017-04-03,164768.9345607339,TECL,27168.598199380736,0.0,6.082854270935059,False
2017-04-04,164966.3687174181,TECL,27168.598199380736,0.0,6.082854270935059,False
2017-04-05,163411.27676859548,TECL,27168.598199380736,0.0,6.082854270935059,False
2017-04-06,163065.6892644152,TECL,27168.598199380736,0.0,6.082854270935059,False
2017-04-07,162917.58773690774,TECL,27168.598199380736,0.0,6.082854270935059,False
2017-04-10,162028.96561686584,TECL,27168.598199380736,0.0,6.082854270935059,False
2017-04-11,160177.6058380425,TECL,27168.598199380736,0.0,6.082854270935059,False
2017-04-12,158499.0398113093,TECL,27168.598199380736,0.0,6.082854270935059,False
2017-04-13,156647.74480747178,TECL,27168.598199380736,0.0,6.082854270935059,False
2017-04-17,160671.29486973025,TECL,27168.598199380736,0.0,6.082854270935059,False
2017-04-18,160498.51407263728,TECL,27168.598199380736,0.0,6.082854270935059,False
2017-04-19,160078.8887597004,TECL,27168.598199380736,0.0,6.082854270935059,False
2017-04-20,164225.84812488366,TECL,27168.598199380736,0.0,6.082854270935059,False
2017-04-21,163534.6731165231,TECL,27168.598199380736,0.0,6.082854270935059,False
2017-04-24,169236.78920551477,TECL,27168.598199380736,0.0,6.082854270935059,False
2017-04-25,171976.77110438,TECL,27168.598199380736,0.0,6.082854270935059,False
2017-04-26,171433.7235335212,TECL,27168.598199380736,0.0,6.082854270935059,False
2017-04-27,173803.41274862632,TECL,27168.598199380736,0.0,6.082854270935059,False
2017-04-28,174667.39446407417,TECL,27168.598199380736,0.0,6.082854270935059,False
2017-05-01,178493.48445965414,TECL,27168.598199380736,0.0,6.429017543792725,False
2017-05-02,179579.59255636888,TECL,27168.598199380736,0.0,6.429017543792725,False
2017-05-03,178468.79223507145,TECL,27168.598199380736,0.0,6.429017543792725,False
2017-05-04,178320.70366256117,TECL,27168.598199380736,0.0,6.429017543792725,False
2017-05-05,180394.18982265136,TECL,27168.598199380736,0.0,6.429017543792725,False
2017-05-08,182615.76455525187,TECL,27168.598199380736,0.0,6.429017543792725,False
2017-05-09,183232.90175485585,TECL,27168.598199380736,0.0,6.429017543792725,False
2017-05-10,185380.4645886941,TECL,27168.598199380736,0.0,6.429017543792725,False
2017-05-11,184763.35329908444,TECL,27168.598199380736,0.0,6.429017543792725,False
2017-05-12,186269.09966373316,TECL,27168.598199380736,0.0,6.429017543792725,False
2017-05-15,188885.63339468214,TECL,27168.598199380736,0.0,6.429017543792725,False
2017-05-16,191674.99974271274,TECL,27168.598199380736,0.0,6.429017543792725,False
2017-05-17,175827.57923453694,TECL,27168.598199380736,0.0,6.429017543792725,False
2017-05-18,179505.5547476123,TECL,27168.598199380736,0.0,6.429017543792725,False
2017-05-19,182245.5107364832,TECL,27168.598199380736,0.0,6.429017543792725,False
2017-05-22,186787.42910001494,TECL,27168.598199380736,0.0,6.429017543792725,False
2017-05-23,187355.22071544506,TECL,27168.598199380736,0.0,6.429017543792725,False
2017-05-24,189453.38614512078,TECL,27168.598199380736,0.0,6.429017543792725,False
2017-05-25,194069.42004739202,TECL,27168.598199380736,0.0,6.429017543792725,False
2017-05-26,193896.57447531325,TECL,27168.598199380736,0.0,6.429017543792725,False
2017-05-30,196068.84248873132,TECL,27168.598199380736,0.0,6.429017543792725,False
2017-05-31,194883.95253868873,TECL,27168.598199380736,0.0,6.429017543792725,False
2017-06-01,196192.22588166178,TECL,27168.598199380736,0.0,7.173132419586182,False
2017-06-02,201598.16482563285,TECL,27168.598199380736,0.0,7.173132419586182,False
2017-06-05,202313.9931935846,TECL,27168.598199380736,0.0,7.173132419586182,False
2017-06-06,201301.9358606236,TECL,27168.598199380736,0.0,7.173132419586182,False
2017-06-07,202807.6951802695,TECL,27168.598199380736,0.0,7.173132419586182,False
2017-06-08,204486.20938701407,TECL,27168.598199380736,0.0,7.173132419586182,False
2017-06-09,179293.23633559362,CASH,0.0,179293.23633559362,,False
2017-06-12,179293.23633559362,CASH,0.0,179293.23633559362,,False
2017-06-13,179293.23633559362,CASH,0.0,179293.23633559362,,False
2017-06-14,179293.23633559362,CASH,0.0,179293.23633559362,,False
2017-06-15,179293.23633559362,CASH,0.0,179293.23633559362,,False
2017-06-16,179293.23633559362,CASH,0.0,179293.23633559362,,False
2017-06-19,179293.23633559362,CASH,0.0,179293.23633559362,,False
2017-06-20,179293.23633559362,CASH,0.0,179293.23633559362,,False
2017-06-21,179293.23633559362,CASH,0.0,179293.23633559362,,False
2017-06-22,179293.23633559362,CASH,0.0,179293.23633559362,,False
2017-06-23,179293.23633559362,CASH,0.0,179293.23633559362,,False
2017-06-26,179293.23633559362,CASH,0.0,179293.23633559362,,False
2017-06-27,179293.23633559362,CASH,0.0,179293.23633559362,,False
2017-06-28,179293.23633559362,CASH,0.0,179293.23633559362,,False
2017-06-29,179293.23633559362,CASH,0.0,179293.23633559362,,False
2017-06-30,179293.23633559362,CASH,0.0,179293.23633559362,,False
2017-07-03,179293.23633559362,TECL,28066.613786285143,0.0,6.388132095336914,False
2017-07-05,184418.81623993733,TECL,28066.613786285143,0.0,6.388132095336914,False
2017-07-06,179599.25668644908,TECL,28066.613786285143,0.0,6.388132095336914,False
2017-07-07,185464.3121644028,TECL,28066.613786285143,0.0,6.388132095336914,False
2017-07-10,189544.35599466795,TECL,28066.613786285143,0.0,6.388132095336914,False
2017-07-11,191227.4010083511,TECL,28066.613786285143,0.0,6.388132095336914,False
2017-07-12,198316.51112331788,TECL,28066.613786285143,0.0,6.388132095336914,False
2017-07-13,199387.54220169887,TECL,28066.613786285143,0.0,6.388132095336914,False
2017-07-14,204411.08855601537,TECL,28066.613786285143,0.0,6.388132095336914,False
2017-07-17,204895.62746980533,TECL,28066.613786285143,0.0,6.388132095336914,False
2017-07-18,207522.09470831367,TECL,28066.613786285143,0.0,6.388132095336914,False
2017-07-19,210429.19435900988,TECL,28066.613786285143,0.0,6.388132095336914,False
2017-07-20,212163.22938129792,TECL,28066.613786285143,0.0,6.388132095336914,False
2017-07-21,210939.28180991972,TECL,28066.613786285143,0.0,6.388132095336914,False
2017-07-24,212877.22333380984,TECL,28066.613786285143,0.0,6.388132095336914,False
2017-07-25,211576.68368388948,TECL,28066.613786285143,0.0,6.388132095336914,False
2017-07-26,213846.234245368,TECL,28066.613786285143,0.0,6.388132095336914,False
2017-07-27,211296.2118701539,TECL,28066.613786285143,0.0,6.388132095336914,False
2017-07-28,210429.19435900988,TECL,28066.613786285143,0.0,6.388132095336914,False
2017-07-31,208006.647005308,TECL,28066.613786285143,0.0,6.388132095336914,False
2017-08-01,210556.70953013518,TECL,28066.613786285143,0.0,7.411177158355713,False
2017-08-02,212775.25669980445,TECL,28066.613786285143,0.0,7.411177158355713,False
2017-08-03,210607.71292194442,TECL,28066.613786285143,0.0,7.411177158355713,False
2017-08-04,212341.70779461937,TECL,28066.613786285143,0.0,7.411177158355713,False
2017-08-07,215809.77783919542,TECL,28066.613786285143,0.0,7.411177158355713,False
2017-08-08,214764.26853152562,TECL,28066.613786285143,0.0,7.411177158355713,False
2017-08-09,214968.26871555822,TECL,28066.613786285143,0.0,7.411177158355713,False
2017-08-10,202218.06315705724,TECL,28066.613786285143,0.0,7.411177158355713,False
2017-08-11,206298.09360411804,TECL,28066.613786285143,0.0,7.411177158355713,False
2017-08-14,215835.28622670224,TECL,28066.613786285143,0.0,7.411177158355713,False
2017-08-15,217416.31107356254,TECL,28066.613786285143,0.0,7.411177158355713,False
2017-08-16,218767.85411529217,TECL,28066.613786285143,0.0,7.411177158355713,False
2017-08-17,206043.13017788928,TECL,28066.613786285143,0.0,7.411177158355713,False
2017-08-18,205278.11945036374,TECL,28066.613786285143,0.0,7.411177158355713,False
2017-08-21,205252.61106285694,TECL,28066.613786285143,0.0,7.411177158355713,False
2017-08-22,214024.7260418938,TECL,28066.613786285143,0.0,7.411177158355713,False
2017-08-23,212953.7351131259,TECL,28066.613786285143,0.0,7.411177158355713,False
2017-08-24,211882.7174179493,TECL,28066.613786285143,0.0,7.411177158355713,False
2017-08-25,211551.1752963827,TECL,28066.613786285143,0.0,7.411177158355713,False
2017-08-28,213412.79240581777,TECL,28066.613786285143,0.0,7.411177158355713,False
2017-08-29,215784.26945168863,TECL,28066.613786285143,0.0,7.411177158355713,False
2017-08-30,220042.8050784796,TECL,28066.613786285143,0.0,7.411177158355713,False
2017-08-31,224173.93259978015,TECL,28066.613786285143,0.0,7.411177158355713,False
2017-09-01,223893.3537204097,TECL,28066.613786285143,0.0,7.987209796905518,False
2017-09-05,217773.29466661415,TECL,28066.613786285143,0.0,7.987209796905518,False
2017-09-06,218232.31180969297,TECL,28066.613786285143,0.0,7.987209796905518,False
2017-09-07,220221.39055743592,TECL,28066.613786285143,0.0,7.987209796905518,False
2017-09-08,214840.74016122858,TECL,28066.613786285143,0.0,7.987209796905518,False
2017-09-11,223740.42384420816,TECL,28066.613786285143,0.0,7.987209796905518,False
2017-09-12,225627.44227551518,TECL,28066.613786285143,0.0,7.987209796905518,False
2017-09-13,224377.90601740405,TECL,28066.613786285143,0.0,7.987209796905518,False
2017-09-14,222184.86723524157,TECL,28066.613786285143,0.0,7.987209796905518,False
2017-09-15,224785.90638546925,TECL,28066.613786285143,0.0,7.987209796905518,False
2017-09-18,225091.89996991598,TECL,28066.613786285143,0.0,7.987209796905518,False
2017-09-19,228815.00035674262,TECL,28066.613786285143,0.0,7.987209796905518,False
2017-09-20,225780.43906773854,TECL,28066.613786285143,0.0,7.987209796905518,False
2017-09-21,221955.35866370215,TECL,28066.613786285143,0.0,7.987209796905518,False
2017-09-22,222516.3959736038,TECL,28066.613786285143,0.0,7.987209796905518,False
2017-09-25,214534.81349280363,TECL,28066.613786285143,0.0,7.987209796905518,False
2017-09-26,216294.26322016795,TECL,28066.613786285143,0.0,7.987209796905518,False
2017-09-27,222822.45647407233,TECL,28066.613786285143,0.0,7.987209796905518,False
2017-09-28,224071.89904975294,TECL,28066.613786285143,0.0,7.987209796905518,False
2017-09-29,228432.48160977548,TECL,28066.613786285143,0.0,7.987209796905518,False
2017-10-02,229223.00072480782,TQQQ,50493.1801650468,0.0,4.539682388305664,False
2017-10-03,230663.52910294864,TQQQ,50493.1801650468,0.0,4.539682388305664,False
2017-10-04,231263.7693246944,TQQQ,50493.1801650468,0.0,4.539682388305664,False
2017-10-05,237926.12278475362,TQQQ,50493.1801650468,0.0,4.539682388305664,False
2017-10-06,238786.53933366286,TQQQ,50493.1801650468,0.0,4.539682388305664,False
2017-10-09,238186.2991119171,TQQQ,50493.1801650468,0.0,4.539682388305664,False
2017-10-10,238686.42706563164,TQQQ,50493.1801650468,0.0,4.539682388305664,False
2017-10-11,240767.1635262522,TQQQ,50493.1801650468,0.0,4.539682388305664,False
2017-10-12,239466.73935390115,TQQQ,50493.1801650468,0.0,4.539682388305664,False
2017-10-13,242147.69195924295,TQQQ,50493.1801650468,0.0,4.539682388305664,False
2017-10-16,244648.57249806105,TQQQ,50493.1801650468,0.0,4.539682388305664,False
2017-10-17,245508.9408929212,TQQQ,50493.1801650468,0.0,4.539682388305664,False
2017-10-18,244568.5163914704,TQQQ,50493.1801650468,0.0,4.539682388305664,False
2017-10-19,241867.5798557616,TQQQ,50493.1801650468,0.0,4.539682388305664,False
2017-10-20,243628.23635216683,TQQQ,50493.1801650468,0.0,4.539682388305664,False
2017-10-23,239086.58721346216,TQQQ,50493.1801650468,0.0,4.539682388305664,False
2017-10-24,240306.9793562471,TQQQ,50493.1801650468,0.0,4.539682388305664,False
2017-10-25,237385.9547392315,TQQQ,50493.1801650468,0.0,4.539682388305664,False
2017-10-26,235185.09800318818,TQQQ,50493.1801650468,0.0,4.539682388305664,False
2017-10-27,255452.51125709256,TQQQ,50493.1801650468,0.0,4.539682388305664,False
2017-10-30,257273.16769864783,TQQQ,50493.1801650468,0.0,4.539682388305664,False
2017-10-31,259994.16039579723,TQQQ,50493.1801650468,0.0,4.539682388305664,False
2017-11-01,259653.9761160922,TECL,26552.469797642043,0.0,9.778901100158691,False
2017-11-02,260208.8407307753,TECL,26552.469797642043,0.0,9.778901100158691,False
2017-11-03,266143.577639749,TECL,26552.469797642043,0.0,9.778901100158691,False
2017-11-06,267639.34698644094,TECL,26552.469797642043,0.0,9.778901100158691,False
2017-11-07,268242.425466876,TECL,26552.469797642043,0.0,9.778901100158691,False
2017-11-08,272633.10319618025,TECL,26552.469797642043,0.0,9.778901100158691,False
2017-11-09,266457.1197015875,TECL,26552.469797642043,0.0,9.778901100158691,False
2017-11-10,265950.5195974733,TECL,26552.469797642043,0.0,9.778901100158691,False
2017-11-13,265757.51220001467,TECL,26552.469797642043,0.0,9.778901100158691,False
2017-11-14,263972.33304676856,TECL,26552.469797642043,0.0,9.778901100158691,False
2017-11-15,257989.38227204295,TECL,26552.469797642043,0.0,9.778901100158691,False
2017-11-16,268411.2752866417,TECL,26552.469797642043,0.0,9.778901100158691,False
2017-11-17,263899.98692573217,TECL,26552.469797642043,0.0,9.778901100158691,False
2017-11-20,266553.6740451338,TECL,26552.469797642043,0.0,9.778901100158691,False
2017-11-21,274683.6611903299,TECL,26552.469797642043,0.0,9.778901100158691,False
2017-11-22,273670.46098210156,TECL,26552.469797642043,0.0,9.778901100158691,False
2017-11-24,277795.81051531923,TECL,26552.469797642043,0.0,9.778901100158691,False
2017-11-27,277892.2635692316,TECL,26552.469797642043,0.0,9.778901100158691,False
2017-11-28,280159.98653853283,TECL,26552.469797642043,0.0,9.778901100158691,False
2017-11-29,261921.74973021043,TECL,26552.469797642043,0.0,9.778901100158691,False
2017-11-30,268556.0181735315,TECL,26552.469797642043,0.0,9.778901100158691,False
2017-12-01,264671.9152259329,TQQQ,49380.08463317633,0.0,5.359891891479492,False
2017-12-04,255534.5303235343,TQQQ,49380.08463317633,0.0,5.359891891479492,False
2017-12-05,255906.25511797168,TQQQ,49380.08463317633,0.0,5.359891891479492,False
2017-12-06,259291.2182521156,TQQQ,49380.08463317633,0.0,5.359891891479492,False
2017-12-07,261854.41693919135,TQQQ,49380.08463317633,0.0,5.359891891479492,False
2017-12-08,265317.62429275096,TQQQ,49380.08463317633,0.0,5.359891891479492,False
2017-12-11,271402.6605188648,TQQQ,49380.08463317633,0.0,5.359891891479492,False
2017-12-12,270385.3208426463,TQQQ,49380.08463317633,0.0,5.359891891479492,False
2017-12-13,271735.36916176084,TQQQ,49380.08463317633,0.0,5.359891891479492,False
2017-12-14,271343.98324086785,TQQQ,49380.08463317633,0.0,5.359891891479492,False
2017-12-15,280168.320626826,TQQQ,49380.08463317633,0.0,5.359891891479492,False
2017-12-18,287368.69606006664,TQQQ,49380.08463317633,0.0,5.359891891479492,False
2017-12-19,282692.3854310643,TQQQ,49380.08463317633,0.0,5.359891891479492,False
2017-12-20,281518.3689459406,TQQQ,49380.08463317633,0.0,5.359891891479492,False
2017-12-21,281381.49454104644,TQQQ,49380.08463317633,0.0,5.359891891479492,False
2017-12-22,280442.234260429,TQQQ,49380.08463317633,0.0,5.359891891479492,False
2017-12-26,275902.9393138762,TQQQ,49380.08463317633,0.0,5.359891891479492,False
2017-12-27,275902.9393138762,TQQQ,49380.08463317633,0.0,5.359891891479492,False
2017-12-28,276646.41244901024,TQQQ,49380.08463317633,0.0,5.359891891479492,False
2017-12-29,271422.274552802,TQQQ,49380.08463317633,0.0,5.359891891479492,False
2018-01-02,285353.3952789745,TECL,26970.47840661043,0.0,10.580212593078613,False
2018-01-03,292368.24650089646,TECL,26970.47840661043,0.0,10.580212593078613,False
2018-01-04,297396.45506537653,TECL,26970.47840661043,0.0,10.580212593078613,False
2018-01-05,306913.11590641603,TECL,26970.47840661043,0.0,10.580212593078613,False
2018-01-08,310199.82916538045,TECL,26970.47840661043,0.0,10.580212593078613,False
2018-01-09,307526.280078336,TECL,26970.47840661043,0.0,10.580212593078613,False
2018-01-10,304117.05744603986,TECL,26970.47840661043,0.0,10.580212593078613,False
2018-01-11,308556.48539642454,TECL,26970.47840661043,0.0,10.580212593078613,False
2018-01-12,313314.802956418,TECL,26970.47840661043,0.0,10.580212593078613,False
2018-01-16,309709.3286931075,TECL,26970.47840661043,0.0,10.580212593078613,False
2018-01-17,323665.4174845317,TECL,26970.47840661043,0.0,10.580212593078613,False
2018-01-18,325308.76125348767,TECL,26970.47840661043,0.0,10.580212593078613,False
2018-01-19,326559.6532025201,TECL,26970.47840661043,0.0,10.580212593078613,False
2018-01-22,336076.3912067173,TECL,26970.47840661043,0.0,10.580212593078613,False
2018-01-23,341497.0258700683,TECL,26970.47840661043,0.0,10.580212593078613,False
2018-01-24,333550.04370345984,TECL,26970.47840661043,0.0,10.580212593078613,False
2018-01-25,331342.5858098112,TECL,26970.47840661043,0.0,10.580212593078613,False
2018-01-26,346206.26766178187,TECL,26970.47840661043,0.0,10.580212593078613,False
2018-01-29,337302.74527160986,TECL,26970.47840661043,0.0,10.580212593078613,False
2018-01-30,327761.54654643044,TECL,26970.47840661043,0.0,10.580212593078613,False
2018-01-31,335634.91506061907,TECL,26970.47840661043,0.0,10.580212593078613,False
2018-02-01,336076.3912067173,TQQQ,49106.69676030731,0.0,6.843799591064453,False
2018-02-02,315548.2590625797,TQQQ,49106.69676030731,0.0,6.843799591064453,False
2018-02-05,306947.91957601404,CASH,0.0,306947.91957601404,,False
2018-02-06,306947.91957601404,CASH,0.0,306947.91957601404,,False
2018-02-07,306947.91957601404,CASH,0.0,306947.91957601404,,False
2018-02-08,306947.91957601404,CASH,0.0,306947.91957601404,,False
2018-02-09,306947.91957601404,CASH,0.0,306947.91957601404,,False
2018-02-12,306947.91957601404,CASH,0.0,306947.91957601404,,False
2018-02-13,306947.91957601404,CASH,0.0,306947.91957601404,,False
2018-02-14,306947.91957601404,CASH,0.0,306947.91957601404,,False
2018-02-15,306947.91957601404,CASH,0.0,306947.91957601404,,False
2018-02-16,306947.91957601404,CASH,0.0,306947.91957601404,,False
2018-02-20,306947.91957601404,CASH,0.0,306947.91957601404,,False
2018-02-21,306947.91957601404,CASH,0.0,306947.91957601404,,False
2018-02-22,306947.91957601404,CASH,0.0,306947.91957601404,,False
2018-02-23,306947.91957601404,CASH,0.0,306947.91957601404,,False
2018-02-26,306947.91957601404,CASH,0.0,306947.91957601404,,False
2018-02-27,306947.91957601404,CASH,0.0,306947.91957601404,,False
2018-02-28,306947.91957601404,CASH,0.0,306947.91957601404,,False
2018-03-01,306947.91957601404,TQQQ,48957.740398624395,0.0,6.269650459289551,False
2018-03-02,315386.4830434462,TQQQ,48957.740398624395,0.0,6.269650459289551,False
2018-03-05,325279.92214191647,TQQQ,48957.740398624395,0.0,6.269650459289551,False
2018-03-06,329392.4244411503,TQQQ,48957.740398624395,0.0,6.269650459289551,False
2018-03-07,331856.1019310168,TQQQ,48957.740398624395,0.0,6.269650459289551,False
2018-03-08,336802.809807817,TQQQ,48957.740398624395,0.0,6.269650459289551,False
2018-03-09,356415.0450337557,TQQQ,48957.740398624395,0.0,6.269650459289551,False
2018-03-12,361749.74464669387,TQQQ,48957.740398624395,0.0,6.269650459289551,False
2018-03-13,348616.71462069073,TQQQ,48957.740398624395,0.0,6.269650459289551,False
2018-03-14,347433.3164806003,TQQQ,48957.740398624395,0.0,6.269650459289551,False
2018-03-15,345881.41957065795,TQQQ,48957.740398624395,0.0,6.269650459289551,False
2018-03-16,343592.3850517931,TQQQ,48957.740398624395,0.0,6.269650459289551,False
2018-03-19,322020.884937837,TQQQ,48957.740398624395,0.0,6.269650459289551,False
2018-03-20,324387.5878385388,TQQQ,48957.740398624395,0.0,6.269650459289551,False
2018-03-21,319693.00455561886,TQQQ,48957.740398624395,0.0,6.269650459289551,False
2018-03-22,296336.7658002981,TQQQ,48957.740398624395,0.0,6.269650459289551,False
2018-03-23,282392.0860099329,CASH,0.0,282392.0860099329,,False
2018-03-26,282392.0860099329,CASH,0.0,282392.0860099329,,False
2018-03-27,282392.0860099329,CASH,0.0,282392.0860099329,,False
2018-03-28,282392.0860099329,CASH,0.0,282392.0860099329,,False
2018-03-29,282392.0860099329,CASH,0.0,282392.0860099329,,False
2018-04-02,282392.0860099329,TECL,29164.85658464769,0.0,9.682615280151367,False
2018-04-03,290455.1602168635,TECL,29164.85658464769,0.0,9.682615280151367,False
2018-04-04,302390.49594663194,TECL,29164.85658464769,0.0,9.682615280151367,False
2018-04-05,306236.36219731136,TECL,29164.85658464769,0.0,9.682615280151367,False
2018-04-06,283850.80723608955,TECL,29164.85658464769,0.0,9.682615280151367,False
2018-04-09,289871.6272243614,TECL,29164.85658464769,0.0,9.682615280151367,False
2018-04-10,310930.9379681628,TECL,29164.85658464769,0.0,9.682615280151367,False
2018-04-11,305891.582646546,TECL,29164.85658464769,0.0,9.682615280151367,False
2018-04-12,316792.6075377932,TECL,29164.85658464769,0.0,9.682615280151367,False
2018-04-13,313264.930869298,TECL,29164.85658464769,0.0,9.682615280151367,False
2018-04-16,320638.4737884726,TECL,29164.85658464769,0.0,9.682615280151367,False
2018-04-17,338541.5330106746,TECL,29164.85658464769,0.0,9.682615280151367,False
2018-04-18,336074.89621815516,TECL,29164.85658464769,0.0,9.682615280151367,False
2018-04-19,324590.33833440585,TECL,29164.85658464769,0.0,9.682615280151367,False
2018-04-20,310108.7627890225,TECL,29164.85658464769,0.0,9.682615280151367,False
2018-04-23,307509.4542913441,TECL,29164.85658464769,0.0,9.682615280151367,False
2018-04-24,291462.936714353,TECL,29164.85658464769,0.0,9.682615280151367,False
2018-04-25,291489.49886915943,TECL,29164.85658464769,0.0,9.682615280151367,False
2018-04-26,307270.75647715665,TECL,29164.85658464769,0.0,9.682615280151367,False
2018-04-27,305095.8583671136,TECL,29164.85658464769,0.0,9.682615280151367,False
2018-04-30,299075.1218201658,TECL,29164.85658464769,0.0,9.682615280151367,False
2018-05-01,310480.0766808197,TQQQ,52954.81347930148,0.0,5.8631134033203125,False
2018-05-02,305066.552786592,TQQQ,52954.81347930148,0.0,5.8631134033203125,False
2018-05-03,305087.4604678477,TQQQ,52954.81347930148,0.0,5.8631134033203125,False
2018-05-04,322251.3284852127,TQQQ,52954.81347930148,0.0,5.8631134033203125,False
2018-05-07,329909.9787846247,TQQQ,52954.81347930148,0.0,5.8631134033203125,False
2018-05-08,328818.8149801504,TQQQ,52954.81347930148,0.0,5.8631134033203125,False
2018-05-09,339834.7136721224,TQQQ,52954.81347930148,0.0,5.8631134033203125,False
2018-05-10,350410.03600835736,TQQQ,52954.81347930148,0.0,5.8631134033203125,False
2018-05-11,349360.8390713311,TQQQ,52954.81347930148,0.0,5.8631134033203125,False
2018-05-14,350913.51216362114,TQQQ,52954.81347930148,0.0,5.8631134033203125,False
2018-05-15,339562.00478617783,TQQQ,52954.81347930148,0.0,5.8631134033203125,False
2018-05-16,345814.73977525445,TQQQ,52954.81347930148,0.0,5.8631134033203125,False
2018-05-17,341911.99785833695,TQQQ,52954.81347930148,0.0,5.8631134033203125,False
2018-05-18,336435.4984121143,TQQQ,52954.81347930148,0.0,5.8631134033203125,False
2018-05-21,342310.7083499171,TQQQ,52954.81347930148,0.0,5.8631134033203125,False
2018-05-22,340527.0912325484,TQQQ,52954.81347930148,0.0,5.8631134033203125,False
2018-05-23,349088.1301853865,TQQQ,52954.81347930148,0.0,5.8631134033203125,False
2018-05-24,348794.28636078123,TQQQ,52954.81347930148,0.0,5.8631134033203125,False
2018-05-25,349675.5400755466,TQQQ,52954.81347930148,0.0,5.8631134033203125,False
2018-05-29,345206.32120054757,TQQQ,52954.81347930148,0.0,5.8631134033203125,False
2018-05-30,352571.2286786454,TQQQ,52954.81347930148,0.0,5.8631134033203125,False
2018-05-31,351815.8250645789,TQQQ,52954.81347930148,0.0,5.8631134033203125,False
2018-06-01,368182.29734960647,TQQQ,52954.81347930148,0.0,6.643698692321777,False
2018-06-04,377624.5142647416,TQQQ,52954.81347930148,0.0,6.643698692321777,False
2018-06-05,381527.30668330466,TQQQ,52954.81347930148,0.0,6.643698692321777,False
2018-06-06,387821.9832890067,TQQQ,52954.81347930148,0.0,6.643698692321777,False
2018-06-07,378820.4689837225,TQQQ,52954.81347930148,0.0,6.643698692321777,False
2018-06-08,378568.66777903365,TQQQ,52954.81347930148,0.0,6.643698692321777,False
2018-06-11,381527.30668330466,TQQQ,52954.81347930148,0.0,6.643698692321777,False
2018-06-12,387570.2325859634,TQQQ,52954.81347930148,0.0,6.643698692321777,False
2018-06-13,387129.63097940345,TQQQ,52954.81347930148,0.0,6.643698692321777,False
2018-06-14,398900.8575329737,TQQQ,52954.81347930148,0.0,6.643698692321777,False
2018-06-15,394935.19056570675,TQQQ,52954.81347930148,0.0,6.643698692321777,False
2018-06-18,394053.9116001186,TQQQ,52954.81347930148,0.0,6.643698692321777,False
2018-06-19,390528.7957377661,TQQQ,52954.81347930148,0.0,6.643698692321777,False
2018-06-20,398712.0571311026,TQQQ,52954.81347930148,0.0,6.643698692321777,False
2018-06-21,388388.53599955654,TQQQ,52954.81347930148,0.0,6.643698692321777,False
2018-06-22,384485.76883181627,TQQQ,52954.81347930148,0.0,6.643698692321777,False
2018-06-25,359936.0856550977,TQQQ,52954.81347930148,0.0,6.643698692321777,False
2018-06-26,363901.80312401016,TQQQ,52954.81347930148,0.0,6.643698692321777,False
2018-06-27,349297.9645226272,TQQQ,52954.81347930148,0.0,6.643698692321777,False
2018-06-28,357858.8772213515,TQQQ,52954.81347930148,0.0,6.643698692321777,False
2018-06-29,359495.458797715,TQQQ,52954.81347930148,0.0,6.643698692321777,False
2018-07-02,367552.8195887072,TQQQ,52954.81347930148,0.0,6.788721084594727,False
2018-07-03,354900.3140695488,TQQQ,52954.81347930148,0.0,6.788721084594727,False
2018-07-05,367930.5213957404,TQQQ,52954.81347930148,0.0,6.788721084594727,False
2018-07-06,384485.76883181627,TQQQ,52954.81347930148,0.0,6.788721084594727,False
2018-07-09,395186.96651957283,TQQQ,52954.81347930148,0.0,6.788721084594727,False
2018-07-10,396131.14528468763,TQQQ,52954.81347930148,0.0,6.788721084594727,False
2018-07-11,390339.94483424944,TQQQ,52954.81347930148,0.0,6.788721084594727,False
2018-07-12,409602.05522073025,TQQQ,52954.81347930148,0.0,6.788721084594727,False
2018-07-13,410798.00993971113,TQQQ,52954.81347930148,0.0,6.788721084594727,False
2018-07-16,408028.32294224785,TQQQ,52954.81347930148,0.0,6.788721084594727,False
2018-07-17,415582.005571394,TQQQ,52954.81347930148,0.0,6.788721084594727,False
2018-07-18,412938.2444270979,TQQQ,52954.81347930148,0.0,6.788721084594727,False
2018-07-19,406832.3177216214,TQQQ,52954.81347930148,0.0,6.788721084594727,False
2018-07-20,406265.7397602488,TQQQ,52954.81347930148,0.0,6.788721084594727,False
2018-07-23,409790.8303717786,TQQQ,52954.81347930148,0.0,6.788721084594727,False
2018-07-24,415015.52861331246,TQQQ,52954.81347930148,0.0,6.788721084594727,False
2018-07-25,432326.15441263205,TQQQ,52954.81347930148,0.0,6.788721084594727,False
2018-07-26,413441.74583318445,TQQQ,52954.81347930148,0.0,6.788721084594727,False
2018-07-27,396194.1460875054,TQQQ,52954.81347930148,0.0,6.788721084594727,False
2018-07-30,379135.22048958356,TQQQ,52954.81347930148,0.0,6.788721084594727,False
2018-07-31,386688.978871198,TQQQ,52954.81347930148,0.0,6.788721084594727,False
2018-08-01,391976.55166143575,TECL,29844.058226656183,0.0,13.134157180786133,False
2018-08-02,407394.57954139204,TECL,29844.058226656183,0.0,13.134157180786133,False
2018-08-03,411691.01552091393,TECL,29844.058226656183,0.0,13.134157180786133,False
2018-08-06,418597.7990577495,TECL,29844.058226656183,0.0,13.134157180786133,False
2018-08-07,422866.96890894003,TECL,29844.058226656183,0.0,13.134157180786133,False
2018-08-08,425994.09213651647,TECL,29844.058226656183,0.0,13.134157180786133,False
2018-08-09,426510.75396073185,TECL,29844.058226656183,0.0,13.134157180786133,False
2018-08-10,416476.7618117844,TECL,29844.058226656183,0.0,13.134157180786133,False
2018-08-13,414872.500236082,TECL,29844.058226656183,0.0,13.134157180786133,False
2018-08-14,422377.5162900323,TECL,29844.058226656183,0.0,13.134157180786133,False
2018-08-15,411228.65826126654,TECL,29844.058226656183,0.0,13.134157180786133,False
2018-08-16,415905.795423001,TECL,29844.058226656183,0.0,13.134157180786133,False
2018-08-17,417890.72971940413,TECL,29844.058226656183,0.0,13.134157180786133,False
2018-08-20,415688.2071650752,TECL,29844.058226656183,0.0,13.134157180786133,False
2018-08-21,417374.0394336769,TECL,29844.058226656183,0.0,13.134157180786133,False
2018-08-22,421017.93833151605,TECL,29844.058226656183,0.0,13.134157180786133,False
2018-08-23,423383.6307331554,TECL,29844.058226656183,0.0,13.134157180786133,False
2018-08-24,436245.55869734235,TECL,29844.058226656183,0.0,13.134157180786133,False
2018-08-27,448373.3788869473,TECL,29844.058226656183,0.0,13.134157180786133,False
2018-08-28,449787.37525607884,TECL,29844.058226656183,0.0,13.134157180786133,False
2018-08-29,462350.1442694407,TECL,29844.058226656183,0.0,13.134157180786133,False
2018-08-30,458434.4094721314,TECL,29844.058226656183,0.0,13.134157180786133,False
2018-08-31,459522.1230696657,TECL,29844.058226656183,0.0,13.134157180786133,False
2018-09-04,454219.6580315562,TQQQ,53487.04976958653,0.0,8.492142677307129,False
2018-09-05,436162.7492246741,TQQQ,53487.04976958653,0.0,8.492142677307129,False
2018-09-06,417882.0853890317,CASH,0.0,417882.0853890317,,False
2018-09-07,417882.0853890317,CASH,0.0,417882.0853890317,,False
2018-09-10,417882.0853890317,CASH,0.0,417882.0853890317,,False
2018-09-11,417882.0853890317,CASH,0.0,417882.0853890317,,False
2018-09-12,417882.0853890317,CASH,0.0,417882.0853890317,,False
2018-09-13,417882.0853890317,CASH,0.0,417882.0853890317,,False
2018-09-14,417882.0853890317,CASH,0.0,417882.0853890317,,False
2018-09-17,417882.0853890317,CASH,0.0,417882.0853890317,,False
2018-09-18,417882.0853890317,CASH,0.0,417882.0853890317,,False
2018-09-19,417882.0853890317,CASH,0.0,417882.0853890317,,False
2018-09-20,417882.0853890317,CASH,0.0,417882.0853890317,,False
2018-09-21,417882.0853890317,CASH,0.0,417882.0853890317,,False
2018-09-24,417882.0853890317,CASH,0.0,417882.0853890317,,False
2018-09-25,417882.0853890317,CASH,0.0,417882.0853890317,,False
2018-09-26,417882.0853890317,CASH,0.0,417882.0853890317,,False
2018-09-27,417882.0853890317,CASH,0.0,417882.0853890317,,False
2018-09-28,417882.0853890317,CASH,0.0,417882.0853890317,,False
2018-10-01,417882.0853890317,TECL,27013.540246045217,0.0,15.469356536865234,False
2018-10-02,417709.7883336293,TECL,27013.540246045217,0.0,15.469356536865234,False
2018-10-03,421527.4768264629,TECL,27013.540246045217,0.0,15.469356536865234,False
2018-10-04,399630.9890958779,TECL,27013.540246045217,0.0,15.469356536865234,False
2018-10-05,384451.5185579091,CASH,0.0,384451.5185579091,,False
2018-10-08,384451.5185579091,CASH,0.0,384451.5185579091,,False
2018-10-09,384451.5185579091,CASH,0.0,384451.5185579091,,False
2018-10-10,384451.5185579091,CASH,0.0,384451.5185579091,,False
2018-10-11,384451.5185579091,CASH,0.0,384451.5185579091,,False
2018-10-12,384451.5185579091,CASH,0.0,384451.5185579091,,False
2018-10-15,384451.5185579091,CASH,0.0,384451.5185579091,,False
2018-10-16,384451.5185579091,CASH,0.0,384451.5185579091,,False
2018-10-17,384451.5185579091,CASH,0.0,384451.5185579091,,False
2018-10-18,384451.5185579091,CASH,0.0,384451.5185579091,,False
2018-10-19,384451.5185579091,CASH,0.0,384451.5185579091,,False
2018-10-22,384451.5185579091,CASH,0.0,384451.5185579091,,False
2018-10-23,384451.5185579091,CASH,0.0,384451.5185579091,,False
2018-10-24,384451.5185579091,CASH,0.0,384451.5185579091,,False
2018-10-25,384451.5185579091,CASH,0.0,384451.5185579091,,False
2018-10-26,384451.5185579091,CASH,0.0,384451.5185579091,,False
2018-10-29,384451.5185579091,CASH,0.0,384451.5185579091,,False
2018-10-30,384451.5185579091,CASH,0.0,384451.5185579091,,False
2018-10-31,384451.5185579091,CASH,0.0,384451.5185579091,,False
2018-11-01,384451.5185579091,SHY,5500.423351145394,0.0,69.89489608610798,False
2018-11-02,383988.295195482,SHY,5500.423351145394,0.0,69.89489608610798,False
2018-11-05,384127.33839226316,SHY,5500.423351145394,0.0,69.89489608610798,False
2018-11-06,384034.5582743501,SHY,5500.423351145394,0.0,69.89489608610798,False
2018-11-07,383895.7690377457,SHY,5500.423351145394,0.0,69.89489608610798,False
2018-11-08,383849.0403652203,SHY,5500.423351145394,0.0,69.89489608610798,False
2018-11-09,384034.5582743501,SHY,5500.423351145394,0.0,69.89489608610798,False
2018-11-12,384312.6446679125,SHY,5500.423351145394,0.0,69.89489608610798,False
2018-11-13,384359.1617069573,SHY,5500.423351145394,0.0,69.89489608610798,False
2018-11-14,384636.9518136468,SHY,5500.423351145394,0.0,69.89489608610798,False
2018-11-15,384822.3850693845,SHY,5500.423351145394,0.0,69.89489608610798,False
2018-11-16,385100.25982946623,SHY,5500.423351145394,0.0,69.89489608610798,False
2018-11-19,385424.60930189677,SHY,5500.423351145394,0.0,69.89489608610798,False
2018-11-20,385332.0408174644,SHY,5500.423351145394,0.0,69.89489608610798,False
2018-11-21,385332.0408174644,SHY,5500.423351145394,0.0,69.89489608610798,False
2018-11-23,385239.34535294346,SHY,5500.423351145394,0.0,69.89489608610798,False
2018-11-26,385285.65075850784,SHY,5500.423351145394,0.0,69.89489608610798,False
2018-11-27,385332.0408174644,SHY,5500.423351145394,0.0,69.89489608610798,False
2018-11-28,385470.8300540687,SHY,5500.423351145394,0.0,69.89489608610798,False
2018-11-29,385563.65249867796,SHY,5500.423351145394,0.0,69.89489608610798,False
2018-11-30,385702.5687153706,SHY,5500.423351145394,0.0,69.89489608610798,False
2018-12-03,385387.0231957349,GLD,3310.6005589893784,0.0,116.41000366210938,False
2018-12-04,387737.546561672,GLD,3310.6005589893784,0.0,116.41000366210938,False
2018-12-06,387803.74745938554,GLD,3310.6005589893784,0.0,116.41000366210938,False
2018-12-07,390948.80788727436,GLD,3310.6005589893784,0.0,116.41000366210938,False
2018-12-10,389591.4747921852,GLD,3310.6005589893784,0.0,116.41000366210938,False
2018-12-11,389127.9927345569,GLD,3310.6005589893784,0.0,116.41000366210938,False
2018-12-12,389955.6428743042,GLD,3310.6005589893784,0.0,116.41000366210938,False
2018-12-13,389094.8796567612,GLD,3310.6005589893784,0.0,116.41000366210938,False
2018-12-14,387538.8933527757,GLD,3310.6005589893784,0.0,116.41000366210938,False
2018-12-17,390220.49698091403,GLD,3310.6005589893784,0.0,116.41000366210938,False
2018-12-18,391147.46109617065,GLD,3310.6005589893784,0.0,116.41000366210938,False
2018-12-19,388763.8246524378,GLD,3310.6005589893784,0.0,116.41000366210938,False
2018-12-20,394756.0035816877,GLD,3310.6005589893784,0.0,116.41000366210938,False
2018-12-21,393034.5024044795,GLD,3310.6005589893784,0.0,116.41000366210938,False
2018-12-24,397338.267976439,GLD,3310.6005589893784,0.0,116.41000366210938,False
2018-12-26,396146.47501245036,GLD,3310.6005589893784,0.0,116.41000366210938,False
2018-12-27,399159.10838703427,GLD,3310.6005589893784,0.0,116.41000366210938,False
2018-12-28,400781.2955887333,GLD,3310.6005589893784,0.0,116.41000366210938,False
2018-12-31,401410.3177774621,GLD,3310.6005589893784,0.0,116.41000366210938,False
2019-01-02,401675.17188407195,GLD,3310.6005589893784,0.0,121.25,False
2019-01-03,405316.8274473847,GLD,3310.6005589893784,0.0,121.25,False
2019-01-04,402039.33996619104,GLD,3310.6005589893784,0.0,121.25,False
2019-01-07,403429.7861390759,GLD,3310.6005589893784,0.0,121.25,False
2019-01-08,402337.2818927187,GLD,3310.6005589893784,0.0,121.25,False
2019-01-09,404919.54628747,GLD,3310.6005589893784,0.0,121.25,False
2019-01-10,402535.9098437372,GLD,3310.6005589893784,0.0,121.25,False
2019-01-11,403231.1581880574,GLD,3310.6005589893784,0.0,121.25,False
2019-01-14,404191.21012323187,GLD,3310.6005589893784,0.0,121.25,False
2019-01-15,403495.9870367894,GLD,3310.6005589893784,0.0,121.25,False
2019-01-16,404787.11923416506,GLD,3310.6005589893784,0.0,121.25,False
2019-01-17,404257.43627882324,GLD,3310.6005589893784,0.0,121.25,False
2019-01-18,400648.86853542837,GLD,3310.6005589893784,0.0,121.25,False
2019-01-22,402072.42778610886,GLD,3310.6005589893784,0.0,121.25,False
2019-01-23,401509.6317529714,GLD,3310.6005589893784,0.0,121.25,False
2019-01-24,400880.6095642425,GLD,3310.6005589893784,0.0,121.25,False
2019-01-25,406740.38669806527,GLD,3310.6005589893784,0.0,121.25,False
2019-01-28,408163.9459487458,GLD,3310.6005589893784,0.0,121.25,False
2019-01-29,410448.2684169694,GLD,3310.6005589893784,0.0,121.25,False
2019-01-30,412798.7917829065,GLD,3310.6005589893784,0.0,121.25,False
2019-01-31,412997.41973392497,GLD,3310.6005589893784,0.0,121.25,False
2019-02-01,412169.7695941776,GLD,3310.6005589893784,0.0,124.75,False
2019-02-04,410382.042261378,GLD,3310.6005589893784,0.0,124.75,False
2019-02-05,411441.4334299395,GLD,3310.6005589893784,0.0,124.75,False
2019-02-06,408660.54108416976,GLD,3310.6005589893784,0.0,124.75,False
2019-02-07,409653.7060971399,GLD,3310.6005589893784,0.0,124.75,False
2019-02-08,411209.6924011254,GLD,3310.6005589893784,0.0,124.75,False
2019-02-11,409190.22403951164,GLD,3310.6005589893784,0.0,124.75,False
2019-02-12,410050.98725705466,GLD,3310.6005589893784,0.0,124.75,False
2019-02-13,408428.80005535565,GLD,3310.6005589893784,0.0,124.75,False
2019-02-14,410713.0972657014,GLD,3310.6005589893784,0.0,124.75,False
2019-02-15,413162.95986502554,GLD,3310.6005589893784,0.0,124.75,False
2019-02-19,419453.0807208031,GLD,3310.6005589893784,0.0,124.75,False
2019-02-20,418724.76981444284,GLD,3310.6005589893784,0.0,124.75,False
2019-02-21,413990.6100047729,GLD,3310.6005589893784,0.0,124.75,False
2019-02-22,415480.370153167,GLD,3310.6005589893784,0.0,124.75,False
2019-02-25,415050.00117333437,GLD,3310.6005589893784,0.0,124.75,False
2019-02-26,415745.2242597768,GLD,3310.6005589893784,0.0,124.75,False
2019-02-27,412798.7917829065,GLD,3310.6005589893784,0.0,124.75,False
2019-02-28,410481.3562368872,GLD,3310.6005589893784,0.0,124.75,False
2019-03-01,403495.9870367894,GLD,3310.6005589893784,0.0,123.98999786376953,False
2019-03-04,402436.59586822795,GLD,3310.6005589893784,0.0,123.98999786376953,False
2019-03-05,402966.3040814476,GLD,3310.6005589893784,0.0,123.98999786376953,False
2019-03-06,402602.1359993285,GLD,3310.6005589893784,0.0,123.98999786376953,False
2019-03-07,402271.08099500515,GLD,3310.6005589893784,0.0,123.98999786376953,False
2019-03-08,406674.1605424739,GLD,3310.6005589893784,0.0,123.98999786376953,False
2019-03-11,404687.80525865586,GLD,3310.6005589893784,0.0,123.98999786376953,False
2019-03-12,407137.66785798,GLD,3310.6005589893784,0.0,123.98999786376953,False
2019-03-13,409984.7611014633,GLD,3310.6005589893784,0.0,123.98999786376953,False
2019-03-14,405250.6265496712,GLD,3310.6005589893784,0.0,123.98999786376953,False
2019-03-15,407104.5547801843,GLD,3310.6005589893784,0.0,123.98999786376953,False
2019-03-18,407336.29580899846,GLD,3310.6005589893784,0.0,123.98999786376953,False
2019-03-19,408461.88787527353,GLD,3310.6005589893784,0.0,123.98999786376953,False
2019-03-20,411110.37842561613,GLD,3310.6005589893784,0.0,123.98999786376953,False
2019-03-21,409455.07814612146,GLD,3310.6005589893784,0.0,123.98999786376953,False
2019-03-22,410415.1553391737,GLD,3310.6005589893784,0.0,123.98999786376953,False
2019-03-25,413560.2157670625,GLD,3310.6005589893784,0.0,123.98999786376953,False
2019-03-26,411507.65958553087,GLD,3310.6005589893784,0.0,123.98999786376953,False
2019-03-27,409355.7641706122,GLD,3310.6005589893784,0.0,123.98999786376953,False
2019-03-28,403562.2131923808,GLD,3310.6005589893784,0.0,123.98999786376953,False
2019-03-29,403926.3812744999,GLD,3310.6005589893784,0.0,123.98999786376953,False
2019-04-01,402337.2818927187,GLD,3310.6005589893784,0.0,122.01000213623047,False
2019-04-02,403827.0672989906,GLD,3310.6005589893784,0.0,122.01000213623047,False
2019-04-03,403231.1581880574,GLD,3310.6005589893784,0.0,122.01000213623047,False
2019-04-04,404257.43627882324,GLD,3310.6005589893784,0.0,122.01000213623047,False
2019-04-05,403827.0672989906,GLD,3310.6005589893784,0.0,122.01000213623047,False
2019-04-08,405581.68155399454,GLD,3310.6005589893784,0.0,122.01000213623047,False
2019-04-09,407700.46389111754,GLD,3310.6005589893784,0.0,122.01000213623047,False
2019-04-10,408958.48301069747,GLD,3310.6005589893784,0.0,122.01000213623047,False
2019-04-11,403727.7280656036,GLD,3310.6005589893784,0.0,122.01000213623047,False
2019-04-12,403330.4721635666,GLD,3310.6005589893784,0.0,122.01000213623047,False
2019-04-15,402569.02292153286,GLD,3310.6005589893784,0.0,122.01000213623047,False
2019-04-16,398960.48043601576,GLD,3310.6005589893784,0.0,122.01000213623047,False
2019-04-17,398199.031193982,GLD,3310.6005589893784,0.0,122.01000213623047,False
2019-04-18,398496.9983783875,GLD,3310.6005589893784,0.0,122.01000213623047,False
2019-04-22,398496.9983783875,GLD,3310.6005589893784,0.0,122.01000213623047,False
2019-04-23,397669.3482386402,GLD,3310.6005589893784,0.0,122.01000213623047,False
2019-04-24,398828.05338271084,GLD,3310.6005589893784,0.0,122.01000213623047,False
2019-04-25,399159.10838703427,GLD,3310.6005589893784,0.0,122.01000213623047,False
2019-04-26,401807.59893737687,GLD,3310.6005589893784,0.0,122.01000213623047,False
2019-04-29,400019.8716045773,GLD,3310.6005589893784,0.0,122.01000213623047,False
2019-04-30,401244.77764636156,GLD,3310.6005589893784,0.0,122.01000213623047,False
2019-05-01,398596.31235389673,TECL,26479.190189994348,0.0,15.053191184997559,False
2019-05-02,391862.8531976591,TECL,26479.190189994348,0.0,15.053191184997559,False
2019-05-03,402931.6908586579,TECL,26479.190189994348,0.0,15.053191184997559,False
2019-05-06,393897.42377186415,TECL,26479.190189994348,0.0,15.053191184997559,False
2019-05-07,366708.60736558505,CASH,0.0,366708.60736558505,,False
2019-05-08,366708.60736558505,CASH,0.0,366708.60736558505,,False
2019-05-09,366708.60736558505,CASH,0.0,366708.60736558505,,False
2019-05-10,366708.60736558505,CASH,0.0,366708.60736558505,,False
2019-05-13,366708.60736558505,CASH,0.0,366708.60736558505,,False
2019-05-14,366708.60736558505,CASH,0.0,366708.60736558505,,False
2019-05-15,366708.60736558505,CASH,0.0,366708.60736558505,,False
2019-05-16,366708.60736558505,CASH,0.0,366708.60736558505,,False
2019-05-17,366708.60736558505,CASH,0.0,366708.60736558505,,False
2019-05-20,366708.60736558505,CASH,0.0,366708.60736558505,,False
2019-05-21,366708.60736558505,CASH,0.0,366708.60736558505,,False
2019-05-22,366708.60736558505,CASH,0.0,366708.60736558505,,False
2019-05-23,366708.60736558505,CASH,0.0,366708.60736558505,,False
2019-05-24,366708.60736558505,CASH,0.0,366708.60736558505,,False
2019-05-28,366708.60736558505,CASH,0.0,366708.60736558505,,False
2019-05-29,366708.60736558505,CASH,0.0,366708.60736558505,,False
2019-05-30,366708.60736558505,CASH,0.0,366708.60736558505,,False
2019-05-31,366708.60736558505,CASH,0.0,366708.60736558505,,False
2019-06-03,366708.60736558505,TECL,34174.97755884501,0.0,10.730324745178223,False
2019-06-04,403220.05835717695,TECL,34174.97755884501,0.0,10.730324745178223,False
2019-06-05,420162.8395518738,TECL,34174.97755884501,0.0,10.730324745178223,False
2019-06-06,434073.4427859964,TECL,34174.97755884501,0.0,10.730324745178223,False
2019-06-07,457799.5875654978,TECL,34174.97755884501,0.0,10.730324745178223,False
2019-06-10,471366.3473269051,TECL,34174.97755884501,0.0,10.730324745178223,False
2019-06-11,472147.86605981865,TECL,34174.97755884501,0.0,10.730324745178223,False
2019-06-12,463863.9760784447,TECL,34174.97755884501,0.0,10.730324745178223,False
2019-06-13,467834.04822047165,TECL,34174.97755884501,0.0,10.730324745178223,False
2019-06-14,455080.0301348082,TECL,34174.97755884501,0.0,10.730324745178223,False
2019-06-17,457518.2877538385,TECL,34174.97755884501,0.0,10.730324745178223,False
2019-06-18,481306.97619439586,TECL,34174.97755884501,0.0,10.730324745178223,False
2019-06-19,486902.5316879108,TECL,34174.97755884501,0.0,10.730324745178223,False
2019-06-20,507471.37859292753,TECL,34174.97755884501,0.0,10.730324745178223,False
2019-06-21,500344.2041272062,TECL,34174.97755884501,0.0,10.730324745178223,False
2019-06-24,503126.33781075006,TECL,34174.97755884501,0.0,10.730324745178223,False
2019-06-25,475242.55508965056,TECL,34174.97755884501,0.0,10.730324745178223,False
2019-06-26,490434.895977941,TECL,34174.97755884501,0.0,10.730324745178223,False
2019-06-27,494060.99428005924,TECL,34174.97755884501,0.0,10.730324745178223,False
2019-06-28,495717.7657579744,TECL,34174.97755884501,0.0,10.730324745178223,False
2019-07-01,518131.080307671,TQQQ,67746.28684816265,0.0,7.648110389709473,False
2019-07-02,524423.2107808071,TQQQ,67746.28684816265,0.0,7.648110389709473,False
2019-07-03,536039.3870463952,TQQQ,67746.28684816265,0.0,7.648110389709473,False
2019-07-05,532570.6538362217,TQQQ,67746.28684816265,0.0,7.648110389709473,False
2019-07-08,521357.82465162047,TQQQ,67746.28684816265,0.0,7.648110389709473,False
2019-07-09,529182.6158854029,TQQQ,67746.28684816265,0.0,7.648110389709473,False
2019-07-10,544832.2952648086,TQQQ,67746.28684816265,0.0,7.648110389709473,False
2019-07-11,543380.1036358888,TQQQ,67746.28684816265,0.0,7.648110389709473,False
2019-07-12,552495.6959798812,TQQQ,67746.28684816265,0.0,7.648110389709473,False
2019-07-15,557174.4058251221,TQQQ,67746.28684816265,0.0,7.648110389709473,False
2019-07-16,549268.8547240909,TQQQ,67746.28684816265,0.0,7.648110389709473,False
2019-07-17,541121.5731884108,TQQQ,67746.28684816265,0.0,7.648110389709473,False
2019-07-18,543460.9281110313,TQQQ,67746.28684816265,0.0,7.648110389709473,False
2019-07-19,530311.9618690092,TQQQ,67746.28684816265,0.0,7.648110389709473,False
2019-07-22,542815.4952519794,TQQQ,67746.28684816265,0.0,7.648110389709473,False
2019-07-23,553302.3255339614,TQQQ,67746.28684816265,0.0,7.648110389709473,False
2019-07-24,565079.8277103658,TQQQ,67746.28684816265,0.0,7.648110389709473,False
2019-07-25,548946.3321182465,TQQQ,67746.28684816265,0.0,7.648110389709473,False
2019-07-26,565241.412052757,TQQQ,67746.28684816265,0.0,7.648110389709473,False
2019-07-29,559997.7707841377,TQQQ,67746.28684816265,0.0,7.648110389709473,False
2019-07-30,552495.6959798812,TQQQ,67746.28684816265,0.0,7.648110389709473,False
2019-07-31,529182.6158854029,TQQQ,67746.28684816265,0.0,7.648110389709473,False
2019-08-01,521761.1394286606,TQQQ,67746.28684816265,0.0,7.811241626739502,False
2019-08-02,497883.3863423793,TQQQ,67746.28684816265,0.0,7.811241626739502,False
2019-08-05,467390.81976348837,CASH,0.0,467390.81976348837,,False
2019-08-06,467390.81976348837,CASH,0.0,467390.81976348837,,False
2019-08-07,467390.81976348837,CASH,0.0,467390.81976348837,,False
2019-08-08,467390.81976348837,CASH,0.0,467390.81976348837,,False
2019-08-09,467390.81976348837,CASH,0.0,467390.81976348837,,False
2019-08-12,467390.81976348837,CASH,0.0,467390.81976348837,,False
2019-08-13,467390.81976348837,CASH,0.0,467390.81976348837,,False
2019-08-14,467390.81976348837,CASH,0.0,467390.81976348837,,False
2019-08-15,467390.81976348837,CASH,0.0,467390.81976348837,,False
2019-08-16,467390.81976348837,CASH,0.0,467390.81976348837,,False
2019-08-19,467390.81976348837,CASH,0.0,467390.81976348837,,False
2019-08-20,467390.81976348837,CASH,0.0,467390.81976348837,,False
2019-08-21,467390.81976348837,CASH,0.0,467390.81976348837,,False
2019-08-22,467390.81976348837,CASH,0.0,467390.81976348837,,False
2019-08-23,467390.81976348837,CASH,0.0,467390.81976348837,,False
2019-08-26,467390.81976348837,CASH,0.0,467390.81976348837,,False
2019-08-27,467390.81976348837,CASH,0.0,467390.81976348837,,False
2019-08-28,467390.81976348837,CASH,0.0,467390.81976348837,,False
2019-08-29,467390.81976348837,CASH,0.0,467390.81976348837,,False
2019-08-30,467390.81976348837,CASH,0.0,467390.81976348837,,False
2019-09-03,467390.81976348837,TQQQ,66835.00779115722,0.0,6.993203639984131,False
2019-09-04,487047.87504874467,TQQQ,66835.00779115722,0.0,6.993203639984131,False
2019-09-05,513946.90437091136,TQQQ,66835.00779115722,0.0,6.993203639984131,False
2019-09-06,512514.4060278229,TQQQ,66835.00779115722,0.0,6.993203639984131,False
2019-09-09,509251.55156249355,TQQQ,66835.00779115722,0.0,6.993203639984131,False
2019-09-10,505033.63446294155,TQQQ,66835.00779115722,0.0,6.993203639984131,False
2019-09-11,518642.3209181595,TQQQ,66835.00779115722,0.0,6.993203639984131,False
2019-09-12,525088.515657935,TQQQ,66835.00779115722,0.0,6.993203639984131,False
2019-09-13,519517.7100144232,TQQQ,66835.00779115722,0.0,6.993203639984131,False
2019-09-16,512355.2182989807,TQQQ,66835.00779115722,0.0,6.993203639984131,False
2019-09-17,519119.88410468603,TQQQ,66835.00779115722,0.0,6.993203639984131,False
2019-09-18,518801.4767775865,TQQQ,66835.00779115722,0.0,6.993203639984131,False
2019-09-19,521109.427955769,TQQQ,66835.00779115722,0.0,6.993203639984131,False
2019-09-20,504715.2908746724,TQQQ,66835.00779115722,0.0,6.993203639984131,False
2019-09-23,505192.75845295336,TQQQ,66835.00779115722,0.0,6.993203639984131,False
2019-09-24,485217.4551876735,TQQQ,66835.00779115722,0.0,6.993203639984131,False
2019-09-25,500736.1075642609,TQQQ,66835.00779115722,0.0,6.993203639984131,False
2019-09-26,495722.37929815875,TQQQ,66835.00779115722,0.0,6.993203639984131,False
2019-09-27,477736.61988396186,TQQQ,66835.00779115722,0.0,6.993203639984131,False
2019-09-30,490469.85350408574,TQQQ,66835.00779115722,0.0,6.993203639984131,False
2019-10-01,478612.07271905587,TECL,32215.828020752266,0.0,14.856426239013672,False
2019-10-02,450871.1397627058,TECL,32215.828020752266,0.0,14.856426239013672,False
2019-10-03,440323.1069015314,CASH,0.0,440323.1069015314,,False
2019-10-04,440323.1069015314,CASH,0.0,440323.1069015314,,False
2019-10-07,440323.1069015314,CASH,0.0,440323.1069015314,,False
2019-10-08,440323.1069015314,CASH,0.0,440323.1069015314,,False
2019-10-09,440323.1069015314,CASH,0.0,440323.1069015314,,False
2019-10-10,440323.1069015314,CASH,0.0,440323.1069015314,,False
2019-10-11,440323.1069015314,CASH,0.0,440323.1069015314,,False
2019-10-14,440323.1069015314,CASH,0.0,440323.1069015314,,False
2019-10-15,440323.1069015314,CASH,0.0,440323.1069015314,,False
2019-10-16,440323.1069015314,CASH,0.0,440323.1069015314,,False
2019-10-17,440323.1069015314,CASH,0.0,440323.1069015314,,False
2019-10-18,440323.1069015314,CASH,0.0,440323.1069015314,,False
2019-10-21,440323.1069015314,CASH,0.0,440323.1069015314,,False
2019-10-22,440323.1069015314,CASH,0.0,440323.1069015314,,False
2019-10-23,440323.1069015314,CASH,0.0,440323.1069015314,,False
2019-10-24,440323.1069015314,CASH,0.0,440323.1069015314,,False
2019-10-25,440323.1069015314,CASH,0.0,440323.1069015314,,False
2019-10-28,440323.1069015314,CASH,0.0,440323.1069015314,,False
2019-10-29,440323.1069015314,CASH,0.0,440323.1069015314,,False
2019-10-30,440323.1069015314,CASH,0.0,440323.1069015314,,False
2019-10-31,440323.1069015314,CASH,0.0,440323.1069015314,,False
2019-11-01,440323.1069015314,TQQQ,51958.695467591126,0.0,8.474483489990234,False
2019-11-04,448180.4166462757,TQQQ,51958.695467591126,0.0,8.474483489990234,False
2019-11-05,448737.32790340943,TQQQ,51958.695467591126,0.0,8.474483489990234,False
2019-11-06,445891.2779910744,TQQQ,51958.695467591126,0.0,8.474483489990234,False
2019-11-07,450407.7643647703,TQQQ,51958.695467591126,0.0,8.474483489990234,False
2019-11-08,455728.57350079337,TQQQ,51958.695467591126,0.0,8.474483489990234,False
2019-11-11,453810.5273275455,TQQQ,51958.695467591126,0.0,8.474483489990234,False
2019-11-12,457522.69093891425,TQQQ,51958.695467591126,0.0,8.474483489990234,False
2019-11-13,456842.1482566939,TQQQ,51958.695467591126,0.0,8.474483489990234,False
2019-11-14,456718.4177282605,TQQQ,51958.695467591126,0.0,8.474483489990234,False
2019-11-15,465318.3088502987,TQQQ,51958.695467591126,0.0,8.474483489990234,False
2019-11-18,467731.1284822599,TQQQ,51958.695467591126,0.0,8.474483489990234,False
2019-11-19,469649.1746555078,TQQQ,51958.695467591126,0.0,8.474483489990234,False
2019-11-20,461420.52467044315,TQQQ,51958.695467591126,0.0,8.474483489990234,False
2019-11-21,457832.0915875078,TQQQ,51958.695467591126,0.0,8.474483489990234,False
2019-11-22,459069.4959751885,TQQQ,51958.695467591126,0.0,8.474483489990234,False
2019-11-25,474969.884688184,TQQQ,51958.695467591126,0.0,8.474483489990234,False
2019-11-26,477815.83549717226,TQQQ,51958.695467591126,0.0,8.474483489990234,False
2019-11-27,487467.460886731,TQQQ,51958.695467591126,0.0,8.474483489990234,False
2019-11-29,480971.0382997339,TQQQ,51958.695467591126,0.0,8.474483489990234,False
2019-12-02,465503.7312120919,TECL,24726.544872439867,0.0,18.826072692871094,False
2019-12-03,453375.70353795646,TECL,24726.544872439867,0.0,18.826072692871094,False
2019-12-04,458104.6514718392,TECL,24726.544872439867,0.0,18.826072692871094,False
2019-12-05,462788.46523625235,TECL,24726.544872439867,0.0,18.826072692871094,False
2019-12-06,478265.19360947446,TECL,24726.544872439867,0.0,18.826072692871094,False
2019-12-09,470866.2081935049,TECL,24726.544872439867,0.0,18.826072692871094,False
2019-12-10,471318.8232660238,TECL,24726.544872439867,0.0,18.826072692871094,False
2019-12-11,480935.13676727813,TECL,24726.544872439867,0.0,18.826072692871094,False
2019-12-12,496502.6051008552,TECL,24726.544872439867,0.0,18.826072692871094,False
2019-12-13,506503.71451506997,TECL,24726.544872439867,0.0,18.826072692871094,False
2019-12-16,519604.6971695186,TECL,24726.544872439867,0.0,18.826072692871094,False
2019-12-17,516074.84668471303,TECL,24726.544872439867,0.0,18.826072692871094,False
2019-12-18,516210.62649025454,TECL,24726.544872439867,0.0,18.826072692871094,False
2019-12-19,526279.6022261693,TECL,24726.544872439867,0.0,18.826072692871094,False
2019-12-20,534583.6291386106,TECL,24726.544872439867,0.0,18.826072692871094,False
2019-12-23,540517.0038435664,TECL,24726.544872439867,0.0,18.826072692871094,False
2019-12-24,541014.9417341213,TECL,24726.544872439867,0.0,18.826072692871094,False
2019-12-26,552424.4070195,TECL,24726.544872439867,0.0,18.826072692871094,False
2019-12-27,553103.4475336323,TECL,24726.544872439867,0.0,18.826072692871094,False
2019-12-30,543256.0867008921,TECL,24726.544872439867,0.0,18.826072692871094,False
2019-12-31,547262.9350854014,TECL,24726.544872439867,0.0,18.826072692871094,False
2020-01-02,577778.3026989262,TQQQ,53396.26263558546,0.0,10.820575714111328,False
2020-01-03,562068.2086385606,TQQQ,53396.26263558546,0.0,10.820575714111328,False
2020-01-06,572753.6635437495,TQQQ,53396.26263558546,0.0,10.820575714111328,False
2020-01-07,572053.9354888679,TQQQ,53396.26263558546,0.0,10.820575714111328,False
2020-01-08,585219.9342416221,TQQQ,53396.26263558546,0.0,10.820575714111328,False
2020-01-09,599976.0434842777,TQQQ,53396.26263558546,0.0,10.820575714111328,False
2020-01-10,595078.6600171258,TQQQ,53396.26263558546,0.0,10.820575714111328,False
2020-01-13,615877.1483832911,TQQQ,53396.26263558546,0.0,10.820575714111328,False
2020-01-14,608689.8245260677,TQQQ,53396.26263558546,0.0,10.820575714111328,False
2020-01-15,609071.4897448537,TQQQ,53396.26263558546,0.0,10.820575714111328,False
2020-01-16,626053.7333043134,TQQQ,53396.26263558546,0.0,10.820575714111328,False
2020-01-17,635403.487250362,TQQQ,53396.26263558546,0.0,10.820575714111328,False
2020-01-21,635085.4753369107,TQQQ,53396.26263558546,0.0,10.820575714111328,False
2020-01-22,639410.5901277828,TQQQ,53396.26263558546,0.0,10.820575714111328,False
2020-01-23,645325.7135632676,TQQQ,53396.26263558546,0.0,10.820575714111328,False
2020-01-24,628597.8286119248,TQQQ,53396.26263558546,0.0,10.820575714111328,False
2020-01-27,589735.7034126322,TQQQ,53396.26263558546,0.0,10.820575714111328,False
2020-01-28,617149.1451144525,TQQQ,53396.26263558546,0.0,10.820575714111328,False
2020-01-29,619375.3303539009,TQQQ,53396.26263558546,0.0,10.820575714111328,False
2020-01-30,626371.6942951205,TQQQ,53396.26263558546,0.0,10.820575714111328,False
2020-01-31,595587.3772333595,TQQQ,53396.26263558546,0.0,10.820575714111328,False
2020-02-03,622937.0637845567,TQQQ,53396.26263558546,0.0,11.154102325439453,False
2020-02-04,665488.2290251743,TQQQ,53396.26263558546,0.0,11.154102325439453,False
2020-02-05,673184.1173306985,TQQQ,53396.26263558546,0.0,11.154102325439453,False
2020-02-06,689594.0922138785,TQQQ,53396.26263558546,0.0,11.154102325439453,False
2020-02-07,680689.5040240175,TQQQ,53396.26263558546,0.0,11.154102325439453,False
2020-02-10,705240.5838915537,TQQQ,53396.26263558546,0.0,11.154102325439453,False
2020-02-11,705749.4538757203,TQQQ,53396.26263558546,0.0,11.154102325439453,False
2020-02-12,726420.6865538607,TQQQ,53396.26263558546,0.0,11.154102325439453,False
2020-02-13,723622.0798701997,TQQQ,53396.26263558546,0.0,11.154102325439453,False
2020-02-14,728519.6670279285,TQQQ,53396.26263558546,0.0,11.154102325439453,False
2020-02-18,729791.7656043784,TQQQ,53396.26263558546,0.0,11.154102325439453,False
2020-02-19,750908.2658839951,TQQQ,53396.26263558546,0.0,11.154102325439453,False
2020-02-20,729537.4069962616,TQQQ,53396.26263558546,0.0,11.154102325439453,False
2020-02-21,687813.1745759062,TQQQ,53396.26263558546,0.0,11.154102325439453,False
2020-02-24,608562.6197606871,TQQQ,53396.26263558546,0.0,11.154102325439453,False
2020-02-25,559333.1534149457,TQQQ,53396.26263558546,0.0,11.154102325439453,False
2020-02-26,567029.245411047,TQQQ,53396.26263558546,0.0,11.154102325439453,False
2020-02-27,523460.5653562606,CASH,0.0,523460.5653562606,,False
2020-02-28,523460.5653562606,CASH,0.0,523460.5653562606,,False
2020-03-02,523460.56535626063,TQQQ,50217.266930601,0.0,10.42391586303711,False
2020-03-03,481583.7201277598,CASH,0.0,481583.7201277598,,False
2020-03-04,481583.7201277598,CASH,0.0,481583.7201277598,,False
2020-03-05,481583.7201277598,CASH,0.0,481583.7201277598,,False
2020-03-06,481583.7201277598,CASH,0.0,481583.7201277598,,False
2020-03-09,481583.7201277598,CASH,0.0,481583.7201277598,,False
2020-03-10,481583.7201277598,CASH,0.0,481583.7201277598,,False
2020-03-11,481583.7201277598,CASH,0.0,481583.7201277598,,False
2020-03-12,481583.7201277598,CASH,0.0,481583.7201277598,,False
2020-03-13,481583.7201277598,CASH,0.0,481583.7201277598,,False
2020-03-16,481583.7201277598,CASH,0.0,481583.7201277598,,False
2020-03-17,481583.7201277598,CASH,0.0,481583.7201277598,,False
2020-03-18,481583.7201277598,CASH,0.0,481583.7201277598,,False
2020-03-19,481583.7201277598,CASH,0.0,481583.7201277598,,False
2020-03-20,481583.7201277598,CASH,0.0,481583.7201277598,,False
2020-03-23,481583.7201277598,CASH,0.0,481583.7201277598,,False
2020-03-24,481583.7201277598,CASH,0.0,481583.7201277598,,False
2020-03-25,481583.7201277598,CASH,0.0,481583.7201277598,,False
2020-03-26,481583.7201277598,CASH,0.0,481583.7201277598,,False
2020-03-27,481583.7201277598,CASH,0.0,481583.7201277598,,False
2020-03-30,481583.7201277598,CASH,0.0,481583.7201277598,,False
2020-03-31,481583.7201277598,CASH,0.0,481583.7201277598,,False
2020-04-01,481583.72012775985,IEF,4629.430685946855,0.0,104.02655375954976,False
2020-04-02,481662.8118224493,IEF,4629.430685946855,0.0,104.02655375954976,False
2020-04-03,482018.54695372545,IEF,4629.430685946855,0.0,104.02655375954976,False
2020-04-06,479844.62581768894,IEF,4629.430685946855,0.0,104.02655375954976,False
2020-04-07,477709.8600403788,IEF,4629.430685946855,0.0,104.02655375954976,False
2020-04-08,477116.7433281383,IEF,4629.430685946855,0.0,104.02655375954976,False
2020-04-09,478144.72236530983,IEF,4629.430685946855,0.0,104.02655375954976,False
2020-04-13,477116.7433281383,IEF,4629.430685946855,0.0,104.02655375954976,False
2020-04-14,477749.4768856542,IEF,4629.430685946855,0.0,104.02655375954976,False
2020-04-15,482018.54695372545,IEF,4629.430685946855,0.0,104.02655375954976,False
2020-04-16,482532.35897748475,IEF,4629.430685946855,0.0,104.02655375954976,False
2020-04-17,481267.6373407243,IEF,4629.430685946855,0.0,104.02655375954976,False
2020-04-20,482532.35897748475,IEF,4629.430685946855,0.0,104.02655375954976,False
2020-04-21,483876.42080169177,IEF,4629.430685946855,0.0,104.02655375954976,False
2020-04-22,482374.24658603634,IEF,4629.430685946855,0.0,104.02655375954976,False
2020-04-23,482690.577865829,IEF,4629.430685946855,0.0,104.02655375954976,False
2020-04-24,482809.14440993266,IEF,4629.430685946855,0.0,104.02655375954976,False
2020-04-27,480239.87129734457,IEF,4629.430685946855,0.0,104.02655375954976,False
2020-04-28,482334.6652397263,IEF,4629.430685946855,0.0,104.02655375954976,False
2020-04-29,482097.5676504844,IEF,4629.430685946855,0.0,104.02655375954976,False
2020-04-30,480951.4480567928,IEF,4629.430685946855,0.0,104.02655375954976,False
2020-05-01,481616.1306830791,TQQQ,63662.78826123613,0.0,7.565112113952637,False
2020-05-04,498602.60255647963,TQQQ,63662.78826123613,0.0,7.565112113952637,False
2020-05-05,514527.6191541813,TQQQ,63662.78826123613,0.0,7.565112113952637,False
2020-05-06,524689.3701353782,TQQQ,63662.78826123613,0.0,7.565112113952637,False
2020-05-07,545164.2310179985,TQQQ,63662.78826123613,0.0,7.565112113952637,False
2020-05-08,567156.0203490165,TQQQ,63662.78826123613,0.0,7.565112113952637,False
2020-05-11,581260.8138789901,TQQQ,63662.78826123613,0.0,7.565112113952637,False
2020-05-12,546680.9166121319,TQQQ,63662.78826123613,0.0,7.565112113952637,False
2020-05-13,525978.5012838604,TQQQ,63662.78826123613,0.0,7.565112113952637,False
2020-05-14,543420.1124053462,TQQQ,63662.78826123613,0.0,7.565112113952637,False
2020-05-15,552747.5982750991,TQQQ,63662.78826123613,0.0,7.565112113952637,False
2020-05-18,584749.233244993,TQQQ,63662.78826123613,0.0,7.565112113952637,False
2020-05-19,580274.9469930553,TQQQ,63662.78826123613,0.0,7.565112113952637,False
2020-05-20,614248.3764483848,TQQQ,63662.78826123613,0.0,7.565112113952637,False
2020-05-21,595365.7895496619,TQQQ,63662.78826123613,0.0,7.565112113952637,False
2020-05-22,600749.9900163739,TQQQ,63662.78826123613,0.0,7.565112113952637,False
2020-05-26,598247.4375363057,TQQQ,63662.78826123613,0.0,7.565112113952637,False
2020-05-27,606664.8877641523,TQQQ,63662.78826123613,0.0,7.565112113952637,False
2020-05-28,602797.3728915736,TQQQ,63662.78826123613,0.0,7.565112113952637,False
2020-05-29,627670.8102092354,TQQQ,63662.78826123613,0.0,7.565112113952637,False
2020-06-01,635405.7185272604,TECL,35522.92165715761,0.0,17.887203216552734,False
2020-06-02,653595.5916667031,TECL,35522.92165715761,0.0,17.887203216552734,False
2020-06-03,668623.357808199,TECL,35522.92165715761,0.0,17.887203216552734,False
2020-06-04,651965.7548585691,TECL,35522.92165715761,0.0,17.887203216552734,False
2020-06-05,702427.8196455811,TECL,35522.92165715761,0.0,17.887203216552734,False
2020-06-08,714782.6669726565,TECL,35522.92165715761,0.0,17.887203216552734,False
2020-06-09,723812.3219890776,TECL,35522.92165715761,0.0,17.887203216552734,False
2020-06-10,762082.7602709136,TECL,35522.92165715761,0.0,17.887203216552734,False
2020-06-11,630059.6776346313,TECL,35522.92165715761,0.0,17.887203216552734,False
2020-06-12,652096.1824559775,TECL,35522.92165715761,0.0,17.887203216552734,False
2020-06-15,671166.1877981913,TECL,35522.92165715761,0.0,17.887203216552734,False
2020-06-16,716901.5564551246,TECL,35522.92165715761,0.0,17.887203216552734,False
2020-06-17,715695.3891361307,TECL,35522.92165715761,0.0,17.887203216552734,False
2020-06-18,726094.2290296572,TECL,35522.92165715761,0.0,17.887203216552734,False
2020-06-19,710479.7080863139,TECL,35522.92165715761,0.0,17.887203216552734,False
2020-06-22,750412.5731369869,TECL,35522.92165715761,0.0,17.887203216552734,False
2020-06-23,766744.276479586,TECL,35522.92165715761,0.0,17.887203216552734,False
2020-06-24,714163.322210106,TECL,35522.92165715761,0.0,17.887203216552734,False
2020-06-25,741415.3725720767,TECL,35522.92165715761,0.0,17.887203216552734,False
2020-06-26,698841.9754038982,TECL,35522.92165715761,0.0,17.887203216552734,False
2020-06-29,718759.52298818,TECL,35522.92165715761,0.0,17.887203216552734,False
2020-06-30,759181.5084677835,TECL,35522.92165715761,0.0,17.887203216552734,False
2020-07-01,761398.1000777648,TECL,35522.92165715761,0.0,21.37159538269043,False
2020-07-02,775154.5867334566,TECL,35522.92165715761,0.0,21.37159538269043,False
2020-07-06,816293.6868577197,TECL,35522.92165715761,0.0,21.37159538269043,False
2020-07-07,791942.7527896869,TECL,35522.92165715761,0.0,21.37159538269043,False
2020-07-08,827605.3844239125,TECL,35522.92165715761,0.0,21.37159538269043,False
2020-07-09,838069.3364842492,TECL,35522.92165715761,0.0,21.37159538269043,False
2020-07-10,836928.3490866614,TECL,35522.92165715761,0.0,21.37159538269043,False
2020-07-13,786237.8835563437,TECL,35522.92165715761,0.0,21.37159538269043,False
2020-07-14,810328.165693348,TECL,35522.92165715761,0.0,21.37159538269043,False
2020-07-15,826301.3117136173,TECL,35522.92165715761,0.0,21.37159538269043,False
2020-07-16,795398.1016793653,TECL,35522.92165715761,0.0,21.37159538269043,False
2020-07-17,804818.9717334154,TECL,35522.92165715761,0.0,21.37159538269043,False
2020-07-20,865843.0972358534,TECL,35522.92165715761,0.0,21.37159538269043,False
2020-07-21,841850.7882447465,TECL,35522.92165715761,0.0,21.37159538269043,False
2020-07-22,862387.748346175,TECL,35522.92165715761,0.0,21.37159538269043,False
2020-07-23,795007.0899055245,TECL,35522.92165715761,0.0,21.37159538269043,False
2020-07-24,766124.9994716316,TECL,35522.92165715761,0.0,21.37159538269043,False
2020-07-27,800385.7885134527,TECL,35522.92165715761,0.0,21.37159538269043,False
2020-07-28,773948.4871690586,TECL,35522.92165715761,0.0,21.37159538269043,False
2020-07-29,806285.9942472262,TECL,35522.92165715761,0.0,21.37159538269043,False
2020-07-30,819325.2985036621,TECL,35522.92165715761,0.0,21.37159538269043,False
2020-07-31,883185.4958878241,TECL,35522.92165715761,0.0,21.37159538269043,False
2020-08-03,945611.1929642824,TQQQ,64108.18474352401,0.0,14.75024127960205,False
2020-08-04,957905.7441487594,TQQQ,64108.18474352401,0.0,14.75024127960205,False
2020-08-05,965542.1048884868,TQQQ,64108.18474352401,0.0,14.75024127960205,False
2020-08-06,1002502.1813534945,TQQQ,64108.18474352401,0.0,14.75024127960205,False
2020-08-07,969742.0635554228,TQQQ,64108.18474352401,0.0,14.75024127960205,False
2020-08-10,956683.8335001426,TQQQ,64108.18474352401,0.0,14.75024127960205,False
2020-08-11,902389.5122313172,TQQQ,64108.18474352401,0.0,14.75024127960205,False
2020-08-12,969894.9093785761,TQQQ,64108.18474352401,0.0,14.75024127960205,False
2020-08-13,976691.3517509113,TQQQ,64108.18474352401,0.0,14.75024127960205,False
2020-08-14,973865.7827257699,TQQQ,64108.18474352401,0.0,14.75024127960205,False
2020-08-17,1006014.884061204,TQQQ,64108.18474352401,0.0,14.75024127960205,False
2020-08-18,1035567.6239678974,TQQQ,64108.18474352401,0.0,14.75024127960205,False
2020-08-19,1015331.3872273619,TQQQ,64108.18474352401,0.0,14.75024127960205,False
2020-08-20,1057102.2554069557,TQQQ,64108.18474352401,0.0,14.75024127960205,False
2020-08-21,1079171.6026737336,TQQQ,64108.18474352401,0.0,14.75024127960205,False
2020-08-24,1099178.3872645514,TQQQ,64108.18474352401,0.0,14.75024127960205,False
2020-08-25,1124836.7990122861,TQQQ,64108.18474352401,0.0,14.75024127960205,False
2020-08-26,1196847.6019194706,TQQQ,64108.18474352401,0.0,14.75024127960205,False
2020-08-27,1186003.8632883646,TQQQ,64108.18474352401,0.0,14.75024127960205,False
2020-08-28,1204331.1779743738,TQQQ,64108.18474352401,0.0,14.75024127960205,False
2020-08-31,1232204.0200079537,TQQQ,64108.18474352401,0.0,14.75024127960205,False
2020-09-01,1296196.6533091739,TQQQ,64108.18474352401,0.0,19.2206974029541,False
2020-09-02,1332774.982046274,TQQQ,64108.18474352401,0.0,19.2206974029541,False
2020-09-03,1133627.6984073173,CASH,0.0,1133627.6984073173,,False
2020-09-04,1133627.6984073173,CASH,0.0,1133627.6984073173,,False
2020-09-08,1133627.6984073173,CASH,0.0,1133627.6984073173,,False
2020-09-09,1133627.6984073173,CASH,0.0,1133627.6984073173,,False
2020-09-10,1133627.6984073173,CASH,0.0,1133627.6984073173,,False
2020-09-11,1133627.6984073173,CASH,0.0,1133627.6984073173,,False
2020-09-14,1133627.6984073173,CASH,0.0,1133627.6984073173,,False
2020-09-15,1133627.6984073173,CASH,0.0,1133627.6984073173,,False
2020-09-16,1133627.6984073173,CASH,0.0,1133627.6984073173,,False
2020-09-17,1133627.6984073173,CASH,0.0,1133627.6984073173,,False
2020-09-18,1133627.6984073173,CASH,0.0,1133627.6984073173,,False
2020-09-21,1133627.6984073173,CASH,0.0,1133627.6984073173,,False
2020-09-22,1133627.6984073173,CASH,0.0,1133627.6984073173,,False
2020-09-23,1133627.6984073173,CASH,0.0,1133627.6984073173,,False
2020-09-24,1133627.6984073173,CASH,0.0,1133627.6984073173,,False
2020-09-25,1133627.6984073173,CASH,0.0,1133627.6984073173,,False
2020-09-28,1133627.6984073173,CASH,0.0,1133627.6984073173,,False
2020-09-29,1133627.6984073173,CASH,0.0,1133627.6984073173,,False
2020-09-30,1133627.6984073173,CASH,0.0,1133627.6984073173,,False
2020-10-01,1133627.6984073173,TQQQ,69451.48438723279,0.0,16.32258415222168,False
2020-10-02,1042937.482534732,CASH,0.0,1042937.482534732,,False
2020-10-05,1042937.482534732,CASH,0.0,1042937.482534732,,False
2020-10-06,1042937.482534732,CASH,0.0,1042937.482534732,,False
2020-10-07,1042937.482534732,CASH,0.0,1042937.482534732,,False
2020-10-08,1042937.482534732,CASH,0.0,1042937.482534732,,False
2020-10-09,1042937.482534732,CASH,0.0,1042937.482534732,,False
2020-10-12,1042937.482534732,CASH,0.0,1042937.482534732,,False
2020-10-13,1042937.482534732,CASH,0.0,1042937.482534732,,False
2020-10-14,1042937.482534732,CASH,0.0,1042937.482534732,,False
2020-10-15,1042937.482534732,CASH,0.0,1042937.482534732,,False
2020-10-16,1042937.482534732,CASH,0.0,1042937.482534732,,False
2020-10-19,1042937.482534732,CASH,0.0,1042937.482534732,,False
2020-10-20,1042937.482534732,CASH,0.0,1042937.482534732,,False
2020-10-21,1042937.482534732,CASH,0.0,1042937.482534732,,False
2020-10-22,1042937.482534732,CASH,0.0,1042937.482534732,,False
2020-10-23,1042937.482534732,CASH,0.0,1042937.482534732,,False
2020-10-26,1042937.482534732,CASH,0.0,1042937.482534732,,False
2020-10-27,1042937.482534732,CASH,0.0,1042937.482534732,,False
2020-10-28,1042937.482534732,CASH,0.0,1042937.482534732,,False
2020-10-29,1042937.482534732,CASH,0.0,1042937.482534732,,False
2020-10-30,1042937.482534732,CASH,0.0,1042937.482534732,,False
2020-11-02,1042937.482534732,TECL,44052.37038202404,0.0,23.674945831298828,False
2020-11-03,1101109.7043831027,TECL,44052.37038202404,0.0,23.674945831298828,False
2020-11-04,1227722.3747554044,TECL,44052.37038202404,0.0,23.674945831298828,False
2020-11-05,1344269.0623629536,TECL,44052.37038202404,0.0,23.674945831298828,False
2020-11-06,1354617.6992681117,TECL,44052.37038202404,0.0,23.674945831298828,False
2020-11-09,1328139.2072263362,TECL,44052.37038202404,0.0,23.674945831298828,False
2020-11-10,1249835.2719181462,TECL,44052.37038202404,0.0,23.674945831298828,False
2020-11-11,1339134.9910367879,TECL,44052.37038202404,0.0,23.674945831298828,False
2020-11-12,1302388.4403659091,TECL,44052.37038202404,0.0,23.674945831298828,False
2020-11-13,1337396.8865336853,TECL,44052.37038202404,0.0,23.674945831298828,False
2020-11-16,1377741.3118455214,TECL,44052.37038202404,0.0,23.674945831298828,False
2020-11-17,1354253.8786890518,TECL,44052.37038202404,0.0,23.674945831298828,False
2020-11-18,1309017.9571114995,TECL,44052.37038202404,0.0,23.674945831298828,False
2020-11-19,1342086.0548653656,TECL,44052.37038202404,0.0,23.674945831298828,False
2020-11-20,1300286.1791908331,TECL,44052.37038202404,0.0,23.674945831298828,False
2020-11-23,1300771.0772420466,TECL,44052.37038202404,0.0,23.674945831298828,False
2020-11-24,1350858.5840518158,TECL,44052.37038202404,0.0,23.674945831298828,False
2020-11-25,1359832.853009703,TECL,44052.37038202404,0.0,23.674945831298828,False
2020-11-27,1383643.4395026772,TECL,44052.37038202404,0.0,23.674945831298828,False
2020-11-30,1411577.2978839208,TECL,44052.37038202404,0.0,23.674945831298828,False
2020-12-01,1468577.4797190567,TQQQ,75070.81905481845,0.0,19.56256103515625,False
2020-12-02,1474479.6158759773,TQQQ,75070.81905481845,0.0,19.56256103515625,False
2020-12-03,1480470.670678057,TQQQ,75070.81905481845,0.0,19.56256103515625,False
2020-12-04,1498623.2474230782,TQQQ,75070.81905481845,0.0,19.56256103515625,False
2020-12-07,1524019.1856860553,TQQQ,75070.81905481845,0.0,19.56256103515625,False
2020-12-08,1537969.2467540842,TQQQ,75070.81905481845,0.0,19.56256103515625,False
2020-12-09,1434954.776951085,TQQQ,75070.81905481845,0.0,19.56256103515625,False
2020-12-10,1452570.9781006714,TQQQ,75070.81905481845,0.0,19.56256103515625,False
2020-12-11,1442376.8348767033,TQQQ,75070.81905481845,0.0,19.56256103515625,False
2020-12-14,1473138.104142494,TQQQ,75070.81905481845,0.0,19.56256103515625,False
2020-12-15,1518922.1856671833,TQQQ,75070.81905481845,0.0,19.56256103515625,False
2020-12-16,1544407.1857615432,TQQQ,75070.81905481845,0.0,19.56256103515625,False
2020-12-17,1576062.9393692138,TQQQ,75070.81905481845,0.0,19.56256103515625,False
2020-12-18,1558893.765611231,TQQQ,75070.81905481845,0.0,19.56256103515625,False
2020-12-21,1553081.2640305897,TQQQ,75070.81905481845,0.0,19.56256103515625,False
2020-12-22,1565332.2773635867,TQQQ,75070.81905481845,0.0,19.56256103515625,False
2020-12-23,1541724.7350394726,TQQQ,75070.81905481845,0.0,19.56256103515625,False
2020-12-24,1561755.4854858604,TQQQ,75070.81905481845,0.0,19.56256103515625,False
2020-12-28,1608612.3182014194,TQQQ,75070.81905481845,0.0,19.56256103515625,False
2020-12-29,1613352.068591191,TQQQ,75070.81905481845,0.0,19.56256103515625,False
2020-12-30,1613083.4512348014,TQQQ,75070.81905481845,0.0,19.56256103515625,False
2020-12-31,1625692.143755571,TQQQ,75070.81905481845,0.0,19.56256103515625,False
2021-01-04,1554601.6153579596,TQQQ,75070.81905481845,0.0,21.655447006225586,False
2021-01-05,1593589.792314969,TQQQ,75070.81905481845,0.0,21.655447006225586,False
2021-01-06,1527685.4689538367,TQQQ,75070.81905481845,0.0,21.655447006225586,False
2021-01-07,1638032.2189199508,TQQQ,75070.81905481845,0.0,21.655447006225586,False
2021-01-08,1701521.7066118333,TQQQ,75070.81905481845,0.0,21.655447006225586,False
2021-01-11,1626317.7243686127,TQQQ,75070.81905481845,0.0,21.655447006225586,False
2021-01-12,1619253.7751894395,TQQQ,75070.81905481845,0.0,21.655447006225586,False
2021-01-13,1650729.9732721031,TQQQ,75070.81905481845,0.0,21.655447006225586,False
2021-01-14,1625602.7955517399,TQQQ,75070.81905481845,0.0,21.655447006225586,False
2021-01-15,1586077.8134406232,TQQQ,75070.81905481845,0.0,21.655447006225586,False
2021-01-19,1654843.5703039365,TQQQ,75070.81905481845,0.0,21.655447006225586,False
2021-01-20,1770197.9720850915,TQQQ,75070.81905481845,0.0,21.655447006225586,False
2021-01-21,1814194.08722959,TQQQ,75070.81905481845,0.0,21.655447006225586,False
2021-01-22,1797739.9854747043,TQQQ,75070.81905481845,0.0,21.655447006225586,False
2021-01-25,1847637.3776587788,TQQQ,75070.81905481845,0.0,21.655447006225586,False
2021-01-26,1849604.6131915282,TQQQ,75070.81905481845,0.0,21.655447006225586,False
2021-01-27,1700448.8122347395,TQQQ,75070.81905481845,0.0,21.655447006225586,False
2021-01-28,1725487.0713099441,TQQQ,75070.81905481845,0.0,21.655447006225586,False
2021-01-29,1618001.8980322352,TQQQ,75070.81905481845,0.0,21.655447006225586,False
2021-02-01,1736933.3780635647,TECL,44812.87742738314,0.0,38.75969314575195,False
2021-02-02,1805441.6388144814,TECL,44812.87742738314,0.0,38.75969314575195,False
2021-02-03,1789565.2259829333,TECL,44812.87742738314,0.0,38.75969314575195,False
2021-02-04,1869236.3624663032,TECL,44812.87742738314,0.0,38.75969314575195,False
2021-02-05,1860512.737481574,TECL,44812.87742738314,0.0,38.75969314575195,False
2021-02-08,1917857.9515524772,TECL,44812.87742738314,0.0,38.75969314575195,False
2021-02-09,1909547.848717776,TECL,44812.87742738314,0.0,38.75969314575195,False
2021-02-10,1900534.2966696129,TECL,44812.87742738314,0.0,38.75969314575195,False
2021-02-11,1964122.5156677621,TECL,44812.87742738314,0.0,38.75969314575195,False
2021-02-12,1995833.9720210996,TECL,44812.87742738314,0.0,38.75969314575195,False
2021-02-16,1979378.9016956103,TECL,44812.87742738314,0.0,38.75969314575195,False
2021-02-17,1921620.1654746796,TECL,44812.87742738314,0.0,38.75969314575195,False
2021-02-18,1896565.578093738,TECL,44812.87742738314,0.0,38.75969314575195,False
2021-02-19,1884699.2531478235,TECL,44812.87742738314,0.0,38.75969314575195,False
2021-02-22,1763104.4239653125,TECL,44812.87742738314,0.0,38.75969314575195,False
2021-02-23,1597978.7078184795,CASH,0.0,1597978.7078184795,,False
2021-02-24,1597978.7078184795,CASH,0.0,1597978.7078184795,,False
2021-02-25,1597978.7078184795,CASH,0.0,1597978.7078184795,,False
2021-02-26,1597978.7078184795,CASH,0.0,1597978.7078184795,,False
2021-03-01,1597978.7078184795,TECL,39441.25218165846,0.0,40.51541519165039,False
2021-03-02,1523236.1627715325,TECL,39441.25218165846,0.0,40.51541519165039,False
2021-03-03,1470140.411193001,CASH,0.0,1470140.411193001,,False
2021-03-04,1470140.411193001,CASH,0.0,1470140.411193001,,False
2021-03-05,1470140.411193001,CASH,0.0,1470140.411193001,,False
2021-03-08,1470140.411193001,CASH,0.0,1470140.411193001,,False
2021-03-09,1470140.411193001,CASH,0.0,1470140.411193001,,False
2021-03-10,1470140.411193001,CASH,0.0,1470140.411193001,,False
2021-03-11,1470140.411193001,CASH,0.0,1470140.411193001,,False
2021-03-12,1470140.411193001,CASH,0.0,1470140.411193001,,False
2021-03-15,1470140.411193001,CASH,0.0,1470140.411193001,,False
2021-03-16,1470140.411193001,CASH,0.0,1470140.411193001,,False
2021-03-17,1470140.411193001,CASH,0.0,1470140.411193001,,False
2021-03-18,1470140.411193001,CASH,0.0,1470140.411193001,,False
2021-03-19,1470140.411193001,CASH,0.0,1470140.411193001,,False
2021-03-22,1470140.411193001,CASH,0.0,1470140.411193001,,False
2021-03-23,1470140.411193001,CASH,0.0,1470140.411193001,,False
2021-03-24,1470140.411193001,CASH,0.0,1470140.411193001,,False
2021-03-25,1470140.411193001,CASH,0.0,1470140.411193001,,False
2021-03-26,1470140.411193001,CASH,0.0,1470140.411193001,,False
2021-03-29,1470140.411193001,CASH,0.0,1470140.411193001,,False
2021-03-30,1470140.411193001,CASH,0.0,1470140.411193001,,False
2021-03-31,1470140.411193001,CASH,0.0,1470140.411193001,,False
2021-04-01,1470140.411193001,TQQQ,64348.28186320691,0.0,22.846614837646484,False
2021-04-05,1558440.474431877,TQQQ,64348.28186320691,0.0,22.846614837646484,False
2021-04-06,1554761.7500432092,TQQQ,64348.28186320691,0.0,22.846614837646484,False
2021-04-07,1566258.914394741,TQQQ,64348.28186320691,0.0,22.846614837646484,False
2021-04-08,1615161.5368506047,TQQQ,64348.28186320691,0.0,22.846614837646484,False
2021-04-09,1644441.7184734836,TQQQ,64348.28186320691,0.0,22.846614837646484,False
2021-04-12,1638003.1837020183,TQQQ,64348.28186320691,0.0,22.846614837646484,False
2021-04-13,1694110.6958181753,TQQQ,64348.28186320691,0.0,22.846614837646484,False
2021-04-14,1634630.4366896874,TQQQ,64348.28186320691,0.0,22.846614837646484,False
2021-04-15,1706834.5925710262,TQQQ,64348.28186320691,0.0,22.846614837646484,False
2021-04-16,1714039.6049659268,TQQQ,64348.28186320691,0.0,22.846614837646484,False
2021-04-19,1667283.4880595047,TQQQ,64348.28186320691,0.0,22.846614837646484,False
2021-04-20,1630797.8031032954,TQQQ,64348.28186320691,0.0,22.846614837646484,False
2021-04-21,1672035.526590197,TQQQ,64348.28186320691,0.0,22.846614837646484,False
2021-04-22,1611175.7304741328,TQQQ,64348.28186320691,0.0,22.846614837646484,False
2021-04-23,1671882.1083309026,TQQQ,64348.28186320691,0.0,22.846614837646484,False
2021-04-26,1704995.046274781,TQQQ,64348.28186320691,0.0,22.846614837646484,False
2021-04-27,1682613.4087320361,TQQQ,64348.28186320691,0.0,22.846614837646484,False
2021-04-28,1665290.2780347501,TQQQ,64348.28186320691,0.0,22.846614837646484,False
2021-04-29,1682000.1038986803,TQQQ,64348.28186320691,0.0,22.846614837646484,False
2021-04-30,1650420.3666708875,TQQQ,64348.28186320691,0.0,22.846614837646484,False
2021-05-03,1623439.4951837074,TECL,37177.68108942596,0.0,43.66704559326172,False
2021-05-04,1493564.3355690108,CASH,0.0,1493564.3355690108,,False
2021-05-05,1493564.3355690108,CASH,0.0,1493564.3355690108,,False
2021-05-06,1493564.3355690108,CASH,0.0,1493564.3355690108,,False
2021-05-07,1493564.3355690108,CASH,0.0,1493564.3355690108,,False
2021-05-10,1493564.3355690108,CASH,0.0,1493564.3355690108,,False
2021-05-11,1493564.3355690108,CASH,0.0,1493564.3355690108,,False
2021-05-12,1493564.3355690108,CASH,0.0,1493564.3355690108,,False
2021-05-13,1493564.3355690108,CASH,0.0,1493564.3355690108,,False
2021-05-14,1493564.3355690108,CASH,0.0,1493564.3355690108,,False
2021-05-17,1493564.3355690108,CASH,0.0,1493564.3355690108,,False
2021-05-18,1493564.3355690108,CASH,0.0,1493564.3355690108,,False
2021-05-19,1493564.3355690108,CASH,0.0,1493564.3355690108,,False
2021-05-20,1493564.3355690108,CASH,0.0,1493564.3355690108,,False
2021-05-21,1493564.3355690108,CASH,0.0,1493564.3355690108,,False
2021-05-24,1493564.3355690108,CASH,0.0,1493564.3355690108,,False
2021-05-25,1493564.3355690108,CASH,0.0,1493564.3355690108,,False
2021-05-26,1493564.3355690108,CASH,0.0,1493564.3355690108,,False
2021-05-27,1493564.3355690108,CASH,0.0,1493564.3355690108,,False
2021-05-28,1493564.3355690108,CASH,0.0,1493564.3355690108,,False
2021-06-01,1493564.3355690108,TECL,35870.82045881965,0.0,41.637306213378906,False
2021-06-02,1522356.6131569855,TECL,35870.82045881965,0.0,41.637306213378906,False
2021-06-03,1480657.6601260602,TECL,35870.82045881965,0.0,41.637306213378906,False
2021-06-04,1564718.127652837,TECL,35870.82045881965,0.0,41.637306213378906,False
2021-06-07,1564718.127652837,TECL,35870.82045881965,0.0,41.637306213378906,False
2021-06-08,1566372.752442983,TECL,35870.82045881965,0.0,41.637306213378906,False
2021-06-09,1569020.1247399526,TECL,35870.82045881965,0.0,41.637306213378906,False
2021-06-10,1604431.8593427567,TECL,35870.82045881965,0.0,41.637306213378906,False
2021-06-11,1630907.3611846215,TECL,35870.82045881965,0.0,41.637306213378906,False
2021-06-14,1682534.8839743473,TECL,35870.82045881965,0.0,41.637306213378906,False
2021-06-15,1650764.363865902,TECL,35870.82045881965,0.0,41.637306213378906,False
2021-06-16,1623295.5671719308,TECL,35870.82045881965,0.0,41.637306213378906,False
2021-06-17,1681211.4030803437,TECL,35870.82045881965,0.0,41.637306213378906,False
2021-06-18,1632231.389423908,TECL,35870.82045881965,0.0,41.637306213378906,False
2021-06-21,1686175.4142871026,TECL,35870.82045881965,0.0,41.637306213378906,False
2021-06-22,1731184.3010799235,TECL,35870.82045881965,0.0,41.637306213378906,False
2021-06-23,1723572.917576195,TECL,35870.82045881965,0.0,41.637306213378906,False
2021-06-24,1758321.9538777522,TECL,35870.82045881965,0.0,41.637306213378906,False
2021-06-25,1753357.5321620312,TECL,35870.82045881965,0.0,41.637306213378906,False
2021-06-28,1807632.9745940096,TECL,35870.82045881965,0.0,41.637306213378906,False
2021-06-29,1846023.2253899255,TECL,35870.82045881965,0.0,41.637306213378906,False
2021-06-30,1840728.0702870244,TECL,35870.82045881965,0.0,41.637306213378906,False
2021-07-01,1846023.2253899255,TECL,35870.82045881965,0.0,51.31547164916992,False
2021-07-02,1923795.7903069775,TECL,35870.82045881965,0.0,51.31547164916992,False
2021-07-06,1944314.396598939,TECL,35870.82045881965,0.0,51.31547164916992,False
2021-07-07,1975092.5797095231,TECL,35870.82045881965,0.0,51.31547164916992,False
2021-07-08,1920155.2599942223,TECL,35870.82045881965,0.0,51.31547164916992,False
2021-07-09,1971783.0564565896,TECL,35870.82045881965,0.0,51.31547164916992,False
2021-07-12,1976085.190380026,TECL,35870.82045881965,0.0,51.31547164916992,False
2021-07-13,2003222.8431778548,TECL,35870.82045881965,0.0,51.31547164916992,False
2021-07-14,2047900.8597471747,TECL,35870.82045881965,0.0,51.31547164916992,False
2021-07-15,1994618.4384946614,TECL,35870.82045881965,0.0,51.31547164916992,False
2021-07-16,1934385.9636764592,TECL,35870.82045881965,0.0,51.31547164916992,False
2021-07-19,1856612.988250445,TECL,35870.82045881965,0.0,51.31547164916992,False
2021-07-20,1936040.5884666054,TECL,35870.82045881965,0.0,51.31547164916992,False
2021-07-21,1993294.4102553749,TECL,35870.82045881965,0.0,51.31547164916992,False
2021-07-22,2037310.5495413723,TECL,35870.82045881965,0.0,51.31547164916992,False
2021-07-23,2095888.1258967868,TECL,35870.82045881965,0.0,51.31547164916992,False
2021-07-26,2094233.3642703202,TECL,35870.82045881965,0.0,51.31547164916992,False
2021-07-27,2034000.889452118,TECL,35870.82045881965,0.0,51.31547164916992,False
2021-07-28,2024403.6004257805,TECL,35870.82045881965,0.0,51.31547164916992,False
2021-07-29,2054850.639640222,TECL,35870.82045881965,0.0,51.31547164916992,False
2021-07-30,2050548.368880465,TECL,35870.82045881965,0.0,51.31547164916992,False
2021-08-02,2026058.3620522472,TQQQ,64088.169811008134,0.0,31.613609313964844,False
2021-08-03,2061327.5870950301,TQQQ,64088.169811008134,0.0,31.613609313964844,False
2021-08-04,2071557.4812660653,TQQQ,64088.169811008134,0.0,31.613609313964844,False
2021-08-05,2110490.4381233766,TQQQ,64088.169811008134,0.0,31.613609313964844,False
2021-08-06,2083008.0489290222,TQQQ,64088.169811008134,0.0,31.613609313964844,False
2021-08-09,2094153.9982921726,TQQQ,64088.169811008134,0.0,31.613609313964844,False
2021-08-10,2062854.1012715893,TQQQ,64088.169811008134,0.0,31.613609313964844,False
2021-08-11,2051709.1298163035,TQQQ,64088.169811008134,0.0,31.613609313964844,False
2021-08-12,2073084.4843965566,TQQQ,64088.169811008134,0.0,31.613609313964844,False
2021-08-13,2093848.4020845012,TQQQ,64088.169811008134,0.0,31.613609313964844,False
2021-08-16,2097513.111806894,TQQQ,64088.169811008134,0.0,31.613609313964844,False
2021-08-17,2042395.902029799,TQQQ,64088.169811008134,0.0,31.613609313964844,False
2021-08-18,1983003.4013073836,TQQQ,64088.169811008134,0.0,31.613609313964844,False
2021-08-19,2011248.9253515345,TQQQ,64088.169811008134,0.0,31.613609313964844,False
2021-08-20,2073389.1026963633,TQQQ,64088.169811008134,0.0,31.613609313964844,False
2021-08-23,2165760.8127197567,TQQQ,64088.169811008134,0.0,31.613609313964844,False
2021-08-24,2187135.1893921453,TQQQ,64088.169811008134,0.0,31.613609313964844,False
2021-08-25,2189578.4921917184,TQQQ,64088.169811008134,0.0,31.613609313964844,False
2021-08-26,2152477.1567647047,TQQQ,64088.169811008134,0.0,31.613609313964844,False
2021-08-27,2215381.3246287117,TQQQ,64088.169811008134,0.0,31.613609313964844,False
2021-08-30,2288820.0049635605,TQQQ,64088.169811008134,0.0,31.613609313964844,False
2021-08-31,2282407.86309572,TQQQ,64088.169811008134,0.0,31.613609313964844,False
2021-09-01,2294928.0174855264,TQQQ,64088.169811008134,0.0,35.61355972290039,False
2021-09-02,2291721.457597674,TQQQ,64088.169811008134,0.0,35.61355972290039,False
2021-09-03,2312333.3106126813,TQQQ,64088.169811008134,0.0,35.61355972290039,False
2021-09-07,2321798.969787572,TQQQ,64088.169811008134,0.0,35.61355972290039,False
2021-09-08,2297981.290315611,TQQQ,64088.169811008134,0.0,35.61355972290039,False
2021-09-09,2273399.131370539,TQQQ,64088.169811008134,0.0,35.61355972290039,False
2021-09-10,2222251.8608080586,TQQQ,64088.169811008134,0.0,35.61355972290039,False
2021-09-13,2217214.1684438405,TQQQ,64088.169811008134,0.0,35.61355972290039,False
2021-09-14,2198129.0740823583,TQQQ,64088.169811008134,0.0,35.61355972290039,False
2021-09-15,2246834.0197531306,TQQQ,64088.169811008134,0.0,35.61355972290039,False
2021-09-16,2251260.7641789727,TQQQ,64088.169811008134,0.0,35.61355972290039,False
2021-09-17,2171715.0492300224,TQQQ,64088.169811008134,0.0,35.61355972290039,False
2021-09-20,2067587.5459586265,CASH,0.0,2067587.5459586265,,False
2021-09-21,2067587.5459586265,CASH,0.0,2067587.5459586265,,False
2021-09-22,2067587.5459586265,CASH,0.0,2067587.5459586265,,False
2021-09-23,2067587.5459586265,CASH,0.0,2067587.5459586265,,False
2021-09-24,2067587.5459586265,CASH,0.0,2067587.5459586265,,False
2021-09-27,2067587.5459586265,CASH,0.0,2067587.5459586265,,False
2021-09-28,2067587.5459586265,CASH,0.0,2067587.5459586265,,False
2021-09-29,2067587.5459586265,CASH,0.0,2067587.5459586265,,False
2021-09-30,2067587.5459586265,CASH,0.0,2067587.5459586265,,False
2021-10-01,2067587.5459586265,TECL,37906.37249445717,0.0,54.54458999633789,False
2021-10-04,1902180.5422819366,CASH,0.0,1902180.5422819366,,False
2021-10-05,1902180.5422819366,CASH,0.0,1902180.5422819366,,False
2021-10-06,1902180.5422819366,CASH,0.0,1902180.5422819366,,False
2021-10-07,1902180.5422819366,CASH,0.0,1902180.5422819366,,False
2021-10-08,1902180.5422819366,CASH,0.0,1902180.5422819366,,False
2021-10-11,1902180.5422819366,CASH,0.0,1902180.5422819366,,False
2021-10-12,1902180.5422819366,CASH,0.0,1902180.5422819366,,False
2021-10-13,1902180.5422819366,CASH,0.0,1902180.5422819366,,False
2021-10-14,1902180.5422819366,CASH,0.0,1902180.5422819366,,False
2021-10-15,1902180.5422819366,CASH,0.0,1902180.5422819366,,False
2021-10-18,1902180.5422819366,CASH,0.0,1902180.5422819366,,False
2021-10-19,1902180.5422819366,CASH,0.0,1902180.5422819366,,False
2021-10-20,1902180.5422819366,CASH,0.0,1902180.5422819366,,False
2021-10-21,1902180.5422819366,CASH,0.0,1902180.5422819366,,False
2021-10-22,1902180.5422819366,CASH,0.0,1902180.5422819366,,False
2021-10-25,1902180.5422819366,CASH,0.0,1902180.5422819366,,False
2021-10-26,1902180.5422819366,CASH,0.0,1902180.5422819366,,False
2021-10-27,1902180.5422819366,CASH,0.0,1902180.5422819366,,False
2021-10-28,1902180.5422819366,CASH,0.0,1902180.5422819366,,False
2021-10-29,1902180.5422819366,CASH,0.0,1902180.5422819366,,False
2021-11-01,1902180.5422819366,TECL,29026.362469484975,0.0,65.5328598022461,False
2021-11-02,1947438.3442442263,TECL,29026.362469484975,0.0,65.5328598022461,False
2021-11-03,1981448.9622381611,TECL,29026.362469484975,0.0,65.5328598022461,False
2021-11-04,2072769.1069864987,TECL,29026.362469484975,0.0,65.5328598022461,False
2021-11-05,2101155.690089114,TECL,29026.362469484975,0.0,65.5328598022461,False
2021-11-08,2137844.3461182015,TECL,29026.362469484975,0.0,65.5328598022461,False
2021-11-09,2112671.275785626,TECL,29026.362469484975,0.0,65.5328598022461,False
2021-11-10,2004747.649545058,TECL,29026.362469484975,0.0,65.5328598022461,False
2021-11-11,2036883.2201526011,TECL,29026.362469484975,0.0,65.5328598022461,False
2021-11-12,2109189.5827409998,TECL,29026.362469484975,0.0,65.5328598022461,False
2021-11-15,2102762.3357473486,TECL,29026.362469484975,0.0,65.5328598022461,False
2021-11-16,2168105.312246495,TECL,29026.362469484975,0.0,65.5328598022461,False
2021-11-17,2148020.3591632093,TECL,29026.362469484975,0.0,65.5328598022461,False
2021-11-18,2210149.8228923157,TECL,29026.362469484975,0.0,65.5328598022461,False
2021-11-19,2262371.010943858,TECL,29026.362469484975,0.0,65.5328598022461,False
2021-11-22,2186851.578492561,TECL,29026.362469484975,0.0,65.5328598022461,False
2021-11-23,2171586.78383755,TECL,29026.362469484975,0.0,65.5328598022461,False
2021-11-24,2216845.028706982,TECL,29026.362469484975,0.0,65.5328598022461,False
2021-11-26,2052148.4577147544,TECL,29026.362469484975,0.0,65.5328598022461,False
2021-11-29,2202919.363796333,TECL,29026.362469484975,0.0,65.5328598022461,False
2021-11-30,2148288.3179842243,TECL,29026.362469484975,0.0,65.5328598022461,False
2021-12-01,2058575.4832548345,TECL,29026.362469484975,0.0,74.01162719726562,False
2021-12-02,2115884.567102095,TECL,29026.362469484975,0.0,74.01162719726562,False
2021-12-03,1976425.2525454864,CASH,0.0,1976425.2525454864,,False
2021-12-06,1976425.2525454864,CASH,0.0,1976425.2525454864,,False
2021-12-07,1976425.2525454864,CASH,0.0,1976425.2525454864,,False
2021-12-08,1976425.2525454864,CASH,0.0,1976425.2525454864,,False
2021-12-09,1976425.2525454864,CASH,0.0,1976425.2525454864,,False
2021-12-10,1976425.2525454864,CASH,0.0,1976425.2525454864,,False
2021-12-13,1976425.2525454864,CASH,0.0,1976425.2525454864,,False
2021-12-14,1976425.2525454864,CASH,0.0,1976425.2525454864,,False
2021-12-15,1976425.2525454864,CASH,0.0,1976425.2525454864,,False
2021-12-16,1976425.2525454864,CASH,0.0,1976425.2525454864,,False
2021-12-17,1976425.2525454864,CASH,0.0,1976425.2525454864,,False
2021-12-20,1976425.2525454864,CASH,0.0,1976425.2525454864,,False
2021-12-21,1976425.2525454864,CASH,0.0,1976425.2525454864,,False
2021-12-22,1976425.2525454864,CASH,0.0,1976425.2525454864,,False
2021-12-23,1976425.2525454864,CASH,0.0,1976425.2525454864,,False
2021-12-27,1976425.2525454864,CASH,0.0,1976425.2525454864,,False
2021-12-28,1976425.2525454864,CASH,0.0,1976425.2525454864,,False
2021-12-29,1976425.2525454864,CASH,0.0,1976425.2525454864,,False
2021-12-30,1976425.2525454864,CASH,0.0,1976425.2525454864,,False
2021-12-31,1976425.2525454864,CASH,0.0,1976425.2525454864,,False
2022-01-03,1976425.2525454864,TECL,24078.6994321811,0.0,82.08189392089844,False
2022-01-04,1913797.891231672,TECL,24078.6994321811,0.0,82.08189392089844,False
2022-01-05,1818311.2323418476,CASH,0.0,1818311.2323418476,,False
2022-01-06,1818311.2323418476,CASH,0.0,1818311.2323418476,,False
2022-01-07,1818311.2323418476,CASH,0.0,1818311.2323418476,,False
2022-01-10,1818311.2323418476,CASH,0.0,1818311.2323418476,,False
2022-01-11,1818311.2323418476,CASH,0.0,1818311.2323418476,,False
2022-01-12,1818311.2323418476,CASH,0.0,1818311.2323418476,,False
2022-01-13,1818311.2323418476,CASH,0.0,1818311.2323418476,,False
2022-01-14,1818311.2323418476,CASH,0.0,1818311.2323418476,,False
2022-01-18,1818311.2323418476,CASH,0.0,1818311.2323418476,,False
2022-01-19,1818311.2323418476,CASH,0.0,1818311.2323418476,,False
2022-01-20,1818311.2323418476,CASH,0.0,1818311.2323418476,,False
2022-01-21,1818311.2323418476,CASH,0.0,1818311.2323418476,,False
2022-01-24,1818311.2323418476,CASH,0.0,1818311.2323418476,,False
2022-01-25,1818311.2323418476,CASH,0.0,1818311.2323418476,,False
2022-01-26,1818311.2323418476,CASH,0.0,1818311.2323418476,,False
2022-01-27,1818311.2323418476,CASH,0.0,1818311.2323418476,,False
2022-01-28,1818311.2323418476,CASH,0.0,1818311.2323418476,,False
2022-01-31,1818311.2323418476,CASH,0.0,1818311.2323418476,,False
2022-02-01,1818311.2323418476,GLD,10808.484090356498,0.0,168.22999572753906,False
2022-02-02,1824904.4142339402,GLD,10808.484090356498,0.0,168.22999572753906,False
2022-02-03,1822310.4836038572,GLD,10808.484090356498,0.0,168.22999572753906,False
2022-02-04,1825120.6300945734,GLD,10808.484090356498,0.0,168.22999572753906,False
2022-02-07,1838631.235207519,GLD,10808.484090356498,0.0,168.22999572753906,False
2022-02-08,1844251.6931133305,GLD,10808.484090356498,0.0,168.22999572753906,False
2022-02-09,1850520.6336766628,GLD,10808.484090356498,0.0,168.22999572753906,False
2022-02-10,1843495.0200633036,GLD,10808.484090356498,0.0,168.22999572753906,False
2022-02-11,1878622.5933569623,GLD,10808.484090356498,0.0,168.22999572753906,False
2022-02-14,1888674.5693216708,GLD,10808.484090356498,0.0,168.22999572753906,False
2022-02-15,1870732.4461498281,GLD,10808.484090356498,0.0,168.22999572753906,False
2022-02-16,1889971.5346367124,GLD,10808.484090356498,0.0,168.22999572753906,False
2022-02-17,1915803.8050156892,GLD,10808.484090356498,0.0,168.22999572753906,False
2022-02-18,1914398.6493081418,GLD,10808.484090356498,0.0,168.22999572753906,False
2022-02-22,1918397.9005701512,GLD,10808.484090356498,0.0,168.22999572753906,False
2022-02-23,1927044.5559029335,GLD,10808.484090356498,0.0,168.22999572753906,False
2022-02-24,1914614.865168775,GLD,10808.484090356498,0.0,168.22999572753906,False
2022-02-25,1908237.8991373156,GLD,10808.484090356498,0.0,168.22999572753906,False
2022-02-28,1928017.4448135933,GLD,10808.484090356498,0.0,168.22999572753906,False
2022-03-01,1963036.827714746,GLD,10808.484090356498,0.0,178.3800048828125,False
2022-03-02,1942608.7993809474,GLD,10808.484090356498,0.0,178.3800048828125,False
2022-03-03,1954173.9565213306,GLD,10808.484090356498,0.0,178.3800048828125,False
2022-03-04,1985302.2785529797,GLD,10808.484090356498,0.0,178.3800048828125,False
2022-03-07,2014809.5588652059,GLD,10808.484090356498,0.0,178.3800048828125,False
2022-03-08,2069932.7287713967,GLD,10808.484090356498,0.0,178.3800048828125,False
2022-03-09,2008432.5928337462,GLD,10808.484090356498,0.0,178.3800048828125,False
2022-03-10,2014701.3684726998,GLD,10808.484090356498,0.0,178.3800048828125,False
2022-03-11,2000542.2807022333,GLD,10808.484090356498,0.0,178.3800048828125,False
2022-03-14,1970386.6826568653,GLD,10808.484090356498,0.0,178.3800048828125,False
2022-03-15,1933529.7123268987,GLD,10808.484090356498,0.0,178.3800048828125,False
2022-03-16,1945635.161732297,GLD,10808.484090356498,0.0,178.3800048828125,False
2022-03-17,1955146.6805076117,GLD,10808.484090356498,0.0,178.3800048828125,False
2022-03-18,1937961.230385796,GLD,10808.484090356498,0.0,178.3800048828125,False
2022-03-21,1952768.800813783,GLD,10808.484090356498,0.0,178.3800048828125,False
2022-03-22,1938609.7130433167,GLD,10808.484090356498,0.0,178.3800048828125,False
2022-03-23,1965090.4660798144,GLD,10808.484090356498,0.0,178.3800048828125,False
2022-03-24,1979357.7442427867,GLD,10808.484090356498,0.0,178.3800048828125,False
2022-03-25,1971251.3811750193,GLD,10808.484090356498,0.0,178.3800048828125,False
2022-03-28,1935367.134831334,GLD,10808.484090356498,0.0,178.3800048828125,False
2022-03-29,1936231.833349488,GLD,10808.484090356498,0.0,178.3800048828125,False
2022-03-30,1951796.0768275019,GLD,10808.484090356498,0.0,178.3800048828125,False
2022-03-31,1952552.5849531498,GLD,10808.484090356498,0.0,178.3800048828125,False
2022-04-01,1940122.8942189915,GLD,10808.484090356498,0.0,180.64999389648438,False
2022-04-04,1949526.2226018005,GLD,10808.484090356498,0.0,180.64999389648438,False
2022-04-05,1937312.7477282751,GLD,10808.484090356498,0.0,180.64999389648438,False
2022-04-06,1941852.2912552995,GLD,10808.484090356498,0.0,180.64999389648438,False
2022-04-07,1949201.98127304,GLD,10808.484090356498,0.0,180.64999389648438,False
2022-04-08,1961415.621070944,GLD,10808.484090356498,0.0,180.64999389648438,False
2022-04-11,1971143.1907825135,GLD,10808.484090356498,0.0,180.64999389648438,False
2022-04-12,1986275.1674636398,GLD,10808.484090356498,0.0,180.64999389648438,False
2022-04-13,1995786.5213145758,GLD,10808.484090356498,0.0,180.64999389648438,False
2022-04-14,1989193.3394224832,GLD,10808.484090356498,0.0,180.64999389648438,False
2022-04-18,1995354.2545176882,GLD,10808.484090356498,0.0,180.64999389648438,False
2022-04-19,1965198.6564723204,GLD,10808.484090356498,0.0,180.64999389648438,False
2022-04-20,1974818.2007157626,GLD,10808.484090356498,0.0,180.64999389648438,False
2022-04-21,1967792.5871024034,GLD,10808.484090356498,0.0,180.64999389648438,False
2022-04-22,1948661.5240836465,GLD,10808.484090356498,0.0,180.64999389648438,False
2022-04-25,1913642.141182494,GLD,10808.484090356498,0.0,180.64999389648438,False
2022-04-26,1916560.478065716,GLD,10808.484090356498,0.0,180.64999389648438,False
2022-04-27,1902076.9840421104,GLD,10808.484090356498,0.0,180.64999389648438,False
2022-04-28,1912345.0109430733,GLD,10808.484090356498,0.0,180.64999389648438,False
2022-04-29,1912128.960006819,GLD,10808.484090356498,0.0,180.64999389648438,False
2022-05-02,1876677.1453844,GLD,10808.484090356498,0.0,176.91000366210938,False
2022-05-03,1881648.9557083119,GLD,10808.484090356498,0.0,176.91000366210938,False
2022-05-04,1900131.5360695482,GLD,10808.484090356498,0.0,176.91000366210938,False
2022-05-05,1892889.8715199349,GLD,10808.484090356498,0.0,176.91000366210938,False
2022-05-06,1896024.2593394115,GLD,10808.484090356498,0.0,176.91000366210938,False
2022-05-09,1868570.7823166326,GLD,10808.484090356498,0.0,176.91000366210938,False
2022-05-10,1852790.3229779855,GLD,10808.484090356498,0.0,176.91000366210938,False
2022-05-11,1867922.2996591118,GLD,10808.484090356498,0.0,176.91000366210938,False
2022-05-12,1839279.7178650398,GLD,10808.484090356498,0.0,176.91000366210938,False
2022-05-13,1824363.9570445467,GLD,10808.484090356498,0.0,176.91000366210938,False
2022-05-16,1841765.6230269957,GLD,10808.484090356498,0.0,176.91000366210938,False
2022-05-17,1830200.6308109914,GLD,10808.484090356498,0.0,176.91000366210938,False
2022-05-18,1831173.3547972725,GLD,10808.484090356498,0.0,176.91000366210938,False
2022-05-19,1858086.5395550365,GLD,10808.484090356498,0.0,176.91000366210938,False
2022-05-20,1859383.504870078,GLD,10808.484090356498,0.0,176.91000366210938,False
2022-05-23,1868030.325127239,GLD,10808.484090356498,0.0,176.91000366210938,False
2022-05-24,1882081.3874295782,GLD,10808.484090356498,0.0,176.91000366210938,False
2022-05-25,1870732.4461498281,GLD,10808.484090356498,0.0,176.91000366210938,False
2022-05-26,1867273.6520772122,GLD,10808.484090356498,0.0,176.91000366210938,False
2022-05-27,1868246.5409878723,GLD,10808.484090356498,0.0,176.91000366210938,False
2022-05-31,1849763.960626636,GLD,10808.484090356498,0.0,176.91000366210938,False
2022-06-01,1861545.1687032736,SHY,25627.170566323515,0.0,72.63951218826776,False
2022-06-02,1861992.5254177032,SHY,25627.170566323515,0.0,72.63951218826776,False
2022-06-03,1861319.8174326962,SHY,25627.170566323515,0.0,72.63951218826776,False
2022-06-06,1858857.092149961,SHY,25627.170566323515,0.0,72.63951218826776,False
2022-06-07,1859080.6721005074,SHY,25627.170566323515,0.0,72.63951218826776,False
2022-06-08,1857737.421077198,SHY,25627.170566323515,0.0,72.63951218826776,False
2022-06-09,1856394.3668672254,SHY,25627.170566323515,0.0,72.63951218826776,False
2022-06-10,1848556.2757312115,SHY,25627.170566323515,0.0,72.63951218826776,False
2022-06-13,1839151.3536213415,SHY,25627.170566323515,0.0,72.63951218826776,False
2022-06-14,1835568.5636391703,SHY,25627.170566323515,0.0,72.63951218826776,False
2022-06-15,1842734.9308568607,SHY,25627.170566323515,0.0,72.63951218826776,False
2022-06-16,1845197.852952933,SHY,25627.170566323515,0.0,72.63951218826776,False
2022-06-17,1844750.1026118298,SHY,25627.170566323515,0.0,72.63951218826776,False
2022-06-21,1844077.5914401598,SHY,25627.170566323515,0.0,72.63951218826776,False
2022-06-22,1849452.5636667644,SHY,25627.170566323515,0.0,72.63951218826776,False
2022-06-23,1851019.7882672937,SHY,25627.170566323515,0.0,72.63951218826776,False
2022-06-24,1850572.2347395278,SHY,25627.170566323515,0.0,72.63951218826776,False
2022-06-27,1848556.2757312115,SHY,25627.170566323515,0.0,72.63951218826776,False
2022-06-28,1848108.3285767718,SHY,25627.170566323515,0.0,72.63951218826776,False
2022-06-29,1850347.4739089608,SHY,25627.170566323515,0.0,72.63951218826776,False
2022-06-30,1853931.05114448,SHY,25627.170566323515,0.0,72.63951218826776,False
2022-07-01,1859512.480561334,SHY,25627.170566323515,0.0,72.34240106009665,False
2022-07-05,1859287.9165441033,SHY,25627.170566323515,0.0,72.34240106009665,False
2022-07-06,1854131.8007479634,SHY,25627.170566323515,0.0,72.34240106009665,False
2022-07-07,1852787.3688446335,SHY,25627.170566323515,0.0,72.34240106009665,False
2022-07-08,1850545.6649390669,SHY,25627.170566323515,0.0,72.34240106009665,False
2022-07-11,1851218.1761107366,SHY,25627.170566323515,0.0,72.34240106009665,False
2022-07-12,1852115.251299637,SHY,25627.170566323515,0.0,72.34240106009665,False
2022-07-13,1850098.3082246368,SHY,25627.170566323515,0.0,72.34240106009665,False
2022-07-14,1849425.206612957,SHY,25627.170566323515,0.0,72.34240106009665,False
2022-07-15,1850770.819396307,SHY,25627.170566323515,0.0,72.34240106009665,False
2022-07-18,1849648.9833768397,SHY,25627.170566323515,0.0,72.34240106009665,False
2022-07-19,1847633.0243685239,SHY,25627.170566323515,0.0,72.34240106009665,False
2022-07-20,1847408.06672462,SHY,25627.170566323515,0.0,72.34240106009665,False
2022-07-21,1852564.3793340968,SHY,25627.170566323515,0.0,72.34240106009665,False
2022-07-22,1857270.776655767,SHY,25627.170566323515,0.0,72.34240106009665,False
2022-07-25,1855701.58392187,SHY,25627.170566323515,0.0,72.34240106009665,False
2022-07-26,1854804.9023596437,SHY,25627.170566323515,0.0,72.34240106009665,False
2022-07-27,1857718.7238102069,SHY,25627.170566323515,0.0,72.34240106009665,False
2022-07-28,1861753.00358688,SHY,25627.170566323515,0.0,72.34240106009665,False
2022-07-29,1861529.6204496704,SHY,25627.170566323515,0.0,72.34240106009665,False
2022-08-01,1861484.9438222283,SHY,25627.170566323515,0.0,72.6389054785429,False
2022-08-02,1854977.310842635,SHY,25627.170566323515,0.0,72.6389054785429,False
2022-08-03,1855650.215640979,SHY,25627.170566323515,0.0,72.6389054785429,False
2022-08-04,1858118.2548838065,SHY,25627.170566323515,0.0,72.6389054785429,False
2022-08-05,1850489.76995143,SHY,25627.170566323515,0.0,72.6389054785429,False
2022-08-08,1852284.9043959142,SHY,25627.170566323515,0.0,72.6389054785429,False
2022-08-09,1850489.76995143,SHY,25627.170566323515,0.0,72.6389054785429,False
2022-08-10,1852284.9043959142,SHY,25627.170566323515,0.0,72.6389054785429,False
2022-08-11,1851611.605970897,SHY,25627.170566323515,0.0,72.6389054785429,False
2022-08-12,1852060.1435653472,SHY,25627.170566323515,0.0,72.6389054785429,False
2022-08-15,1853631.5012459485,SHY,25627.170566323515,0.0,72.6389054785429,False
2022-08-16,1852060.1435653472,SHY,25627.170566323515,0.0,72.6389054785429,False
2022-08-17,1850489.76995143,SHY,25627.170566323515,0.0,72.6389054785429,False
2022-08-18,1853182.1763981509,SHY,25627.170566323515,0.0,72.6389054785429,False
2022-08-19,1851836.366801464,SHY,25627.170566323515,0.0,72.6389054785429,False
2022-08-22,1849367.7371186258,SHY,25627.170566323515,0.0,72.6389054785429,False
2022-08-23,1850266.1900008838,SHY,25627.170566323515,0.0,72.6389054785429,False
2022-08-24,1848245.901099159,SHY,25627.170566323515,0.0,72.6389054785429,False
2022-08-25,1849367.7371186258,SHY,25627.170566323515,0.0,72.6389054785429,False
2022-08-26,1848919.3963375129,SHY,25627.170566323515,0.0,72.6389054785429,False
2022-08-29,1847572.9963008154,SHY,25627.170566323515,0.0,72.6389054785429,False
2022-08-30,1846675.7242985782,SHY,25627.170566323515,0.0,72.6389054785429,False
2022-08-31,1846451.160281348,SHY,25627.170566323515,0.0,72.6389054785429,False
2022-09-01,1845102.201671273,IEF,21065.877498279333,0.0,87.58724633341201,False
2022-09-02,1855438.5276952253,IEF,21065.877498279333,0.0,87.58724633341201,False
2022-09-06,1834765.2295057932,IEF,21065.877498279333,0.0,87.58724633341201,False
2022-09-07,1846763.7546106116,IEF,21065.877498279333,0.0,87.58724633341201,False
2022-09-08,1839933.8771239151,IEF,21065.877498279333,0.0,87.58724633341201,False
2022-09-09,1840118.673600933,IEF,21065.877498279333,0.0,87.58724633341201,False
2022-09-12,1835688.2426785892,IEF,21065.877498279333,0.0,87.58724633341201,False
2022-09-13,1825351.7551192548,IEF,21065.877498279333,0.0,87.58724633341201,False
2022-09-14,1826274.122150523,IEF,21065.877498279333,0.0,87.58724633341201,False
2022-09-15,1819998.7956302613,IEF,21065.877498279333,0.0,87.58724633341201,False
2022-09-16,1821475.229021818,IEF,21065.877498279333,0.0,87.58724633341201,False
2022-09-19,1816306.7429390778,IEF,21065.877498279333,0.0,87.58724633341201,False
2022-09-20,1805047.4037423297,IEF,21065.877498279333,0.0,87.58724633341201,False
2022-09-21,1812246.2280415334,IEF,21065.877498279333,0.0,87.58724633341201,False
2022-09-22,1784927.6873070404,IEF,21065.877498279333,0.0,87.58724633341201,False
2022-09-23,1787142.8220005215,IEF,21065.877498279333,0.0,87.58724633341201,False
2022-09-26,1757424.511630912,IEF,21065.877498279333,0.0,87.58724633341201,False
2022-09-27,1745426.3095968578,IEF,21065.877498279333,0.0,87.58724633341201,False
2022-09-28,1784743.698506933,IEF,21065.877498279333,0.0,87.58724633341201,False
2022-09-29,1776436.903022534,IEF,21065.877498279333,0.0,87.58724633341201,False
2022-09-30,1771821.6756231727,IEF,21065.877498279333,0.0,87.58724633341201,False
2022-10-03,1792850.3516530232,SHY,25128.367254445173,0.0,71.34766590677994,False
2022-10-04,1793511.7029964589,SHY,25128.367254445173,0.0,71.34766590677994,False
2022-10-05,1791748.228069024,SHY,25128.367254445173,0.0,71.34766590677994,False
2022-10-06,1789541.66510992,SHY,25128.367254445173,0.0,71.34766590677994,False
2022-10-07,1787335.8740811849,SHY,25128.367254445173,0.0,71.34766590677994,False
2022-10-10,1786673.9437899725,SHY,25128.367254445173,0.0,71.34766590677994,False
2022-10-11,1787556.8391492432,SHY,25128.367254445173,0.0,71.34766590677994,False
2022-10-12,1789321.0860070465,SHY,25128.367254445173,0.0,71.34766590677994,False
2022-10-13,1784026.9945554899,SHY,25128.367254445173,0.0,71.34766590677994,False
2022-10-14,1783144.4851614041,SHY,25128.367254445173,0.0,71.34766590677994,False
2022-10-17,1785130.276035042,SHY,25128.367254445173,0.0,71.34766590677994,False
2022-10-18,1786012.7854291282,SHY,25128.367254445173,0.0,71.34766590677994,False
2022-10-19,1782703.7129208413,SHY,25128.367254445173,0.0,71.34766590677994,False
2022-10-20,1780718.1150297949,SHY,25128.367254445173,0.0,71.34766590677994,False
2022-10-21,1785351.0481205075,SHY,25128.367254445173,0.0,71.34766590677994,False
2022-10-24,1784909.117984392,SHY,25128.367254445173,0.0,71.34766590677994,False
2022-10-25,1786673.9437899725,SHY,25128.367254445173,0.0,71.34766590677994,False
2022-10-26,1788217.6115449024,SHY,25128.367254445173,0.0,71.34766590677994,False
2022-10-27,1791967.8422589367,SHY,25128.367254445173,0.0,71.34766590677994,False
2022-10-28,1789321.0860070465,SHY,25128.367254445173,0.0,71.34766590677994,False
2022-10-31,1786673.9437899725,SHY,25128.367254445173,0.0,71.34766590677994,False
2022-11-01,1784928.9951913876,SHY,25128.367254445173,0.0,71.10187166951376,False
2022-11-02,1784044.5559713794,SHY,25128.367254445173,0.0,71.10187166951376,False
2022-11-03,1780729.8869679188,SHY,25128.367254445173,0.0,71.10187166951376,False
2022-11-04,1782718.57258044,SHY,25128.367254445173,0.0,71.10187166951376,False
2022-11-07,1781172.2030692191,SHY,25128.367254445173,0.0,71.10187166951376,False
2022-11-08,1782939.923613682,SHY,25128.367254445173,0.0,71.10187166951376,False
2022-11-09,1785812.662481027,SHY,25128.367254445173,0.0,71.10187166951376,False
2022-11-10,1795534.9324929824,SHY,25128.367254445173,0.0,71.10187166951376,False
2022-11-11,1795092.616391682,SHY,25128.367254445173,0.0,71.10187166951376,False
2022-11-14,1793545.6679326848,SHY,25128.367254445173,0.0,71.10187166951376,False
2022-11-15,1795313.9674249243,SHY,25128.367254445173,0.0,71.10187166951376,False
2022-11-16,1795534.9324929824,SHY,25128.367254445173,0.0,71.10187166951376,False
2022-11-17,1793325.4747949957,SHY,25128.367254445173,0.0,71.10187166951376,False
2022-11-18,1791336.5961998822,SHY,25128.367254445173,0.0,71.10187166951376,False
2022-11-21,1790894.6660637665,SHY,25128.367254445173,0.0,71.10187166951376,False
2022-11-22,1792220.4564721135,SHY,25128.367254445173,0.0,71.10187166951376,False
2022-11-23,1793766.6330007424,SHY,25128.367254445173,0.0,71.10187166951376,False
2022-11-25,1793988.369999169,SHY,25128.367254445173,0.0,71.10187166951376,False
2022-11-28,1794429.9141701008,SHY,25128.367254445173,0.0,71.10187166951376,False
2022-11-29,1793766.6330007424,SHY,25128.367254445173,0.0,71.10187166951376,False
2022-11-30,1799069.7946341322,SHY,25128.367254445173,0.0,71.10187166951376,False
2022-12-01,1802945.0780679057,SHY,25128.367254445173,0.0,71.59517275504159,False
2022-12-02,1802501.9900362364,SHY,25128.367254445173,0.0,71.59517275504159,False
2022-12-05,1797408.9864457424,SHY,25128.367254445173,0.0,71.59517275504159,False
2022-12-06,1799402.6896056603,SHY,25128.367254445173,0.0,71.59517275504159,False
2022-12-07,1803166.2361185558,SHY,25128.367254445173,0.0,71.59517275504159,False
2022-12-08,1801394.8489048409,SHY,25128.367254445173,0.0,71.59517275504159,False
2022-12-09,1800509.2517892797,SHY,25128.367254445173,0.0,71.59517275504159,False
2022-12-12,1799402.6896056603,SHY,25128.367254445173,0.0,71.59517275504159,False
2022-12-13,1804715.693351252,SHY,25128.367254445173,0.0,71.59517275504159,False
2022-12-14,1804938.202280047,SHY,25128.367254445173,0.0,71.59517275504159,False
2022-12-15,1805181.360346207,SHY,25128.367254445173,0.0,71.59517275504159,False
2022-12-16,1806956.8001943578,SHY,25128.367254445173,0.0,71.59517275504159,False
2022-12-19,1804737.8863493537,SHY,25128.367254445173,0.0,71.59517275504159,False
2022-12-20,1804737.8863493537,SHY,25128.367254445173,0.0,71.59517275504159,False
2022-12-21,1806512.9402323202,SHY,25128.367254445173,0.0,71.59517275504159,False
2022-12-22,1805402.9043620413,SHY,25128.367254445173,0.0,71.59517275504159,False
2022-12-23,1804515.9563683346,SHY,25128.367254445173,0.0,71.59517275504159,False
2022-12-27,1802075.112542312,SHY,25128.367254445173,0.0,71.59517275504159,False
2022-12-28,1802075.112542312,SHY,25128.367254445173,0.0,71.59517275504159,False
2022-12-29,1803407.0783936093,SHY,25128.367254445173,0.0,71.59517275504159,False
2022-12-30,1801187.1996356442,SHY,25128.367254445173,0.0,71.59517275504159,False
2023-01-03,1802740.516520184,GLD,10538.64458230619,0.0,171.05999755859375,False
2023-01-04,1819707.7407299753,GLD,10538.64458230619,0.0,171.05999755859375,False
2023-01-05,1797049.7192007988,GLD,10538.64458230619,0.0,171.05999755859375,False
2023-01-06,1830668.0211474681,GLD,10538.64458230619,0.0,171.05999755859375,False
2023-01-09,1834778.0861022894,GLD,10538.64458230619,0.0,171.05999755859375,False
2023-01-10,1841522.8122026871,GLD,10538.64458230619,0.0,171.05999755859375,False
2023-01-11,1840258.0655040813,GLD,10538.64458230619,0.0,171.05999755859375,False
2023-01-12,1861546.1725862871,GLD,10538.64458230619,0.0,171.05999755859375,False
2023-01-13,1883888.0476425507,GLD,10538.64458230619,0.0,171.05999755859375,False
2023-01-17,1871557.8527780871,GLD,10538.64458230619,0.0,171.05999755859375,False
2023-01-18,1866183.2019316147,GLD,10538.64458230619,0.0,171.05999755859375,False
2023-01-19,1895796.7674787822,GLD,10538.64458230619,0.0,171.05999755859375,False
2023-01-20,1889473.5164066167,GLD,10538.64458230619,0.0,171.05999755859375,False
2023-01-23,1893056.7777778863,GLD,10538.64458230619,0.0,171.05999755859375,False
2023-01-24,1899906.8324336035,GLD,10538.64458230619,0.0,171.05999755859375,False
2023-01-25,1908653.9267337522,GLD,10538.64458230619,0.0,171.05999755859375,False
2023-01-26,1891370.5560510482,GLD,10538.64458230619,0.0,171.05999755859375,False
2023-01-27,1888735.8949054717,GLD,10538.64458230619,0.0,171.05999755859375,False
2023-01-30,1883888.0476425507,GLD,10538.64458230619,0.0,171.05999755859375,False
2023-01-31,1890738.2631052225,GLD,10538.64458230619,0.0,171.05999755859375,False
2023-02-01,1914555.541970731,GLD,10538.64458230619,0.0,179.41000366210938,False
2023-02-02,1874824.8068694891,GLD,10538.64458230619,0.0,179.41000366210938,False
2023-02-03,1828033.3600018916,GLD,10538.64458230619,0.0,179.41000366210938,False
2023-02-06,1831827.2784838001,GLD,10538.64458230619,0.0,179.41000366210938,False
2023-02-07,1833513.3394036836,GLD,10538.64458230619,0.0,179.41000366210938,False
2023-02-08,1838045.0401936916,GLD,10538.64458230619,0.0,179.41000366210938,False
2023-02-09,1823501.6592118836,GLD,10538.64458230619,0.0,179.41000366210938,False
2023-02-10,1826979.431220879,GLD,10538.64458230619,0.0,179.41000366210938,False
2023-02-13,1817705.3725302243,GLD,10538.64458230619,0.0,179.41000366210938,False
2023-02-14,1819075.4477841496,GLD,10538.64458230619,0.0,179.41000366210938,False
2023-02-15,1800948.9662380265,GLD,10538.64458230619,0.0,179.41000366210938,False
2023-02-16,1799473.5624287818,GLD,10538.64458230619,0.0,179.41000366210938,False
2023-02-17,1804848.2132752542,GLD,10538.64458230619,0.0,179.41000366210938,False
2023-02-21,1798103.4871748565,GLD,10538.64458230619,0.0,179.41000366210938,False
2023-02-22,1787986.4784277373,GLD,10538.64458230619,0.0,179.41000366210938,False
2023-02-23,1787038.0390089988,GLD,10538.64458230619,0.0,179.41000366210938,False
2023-02-24,1774180.879754029,GLD,10538.64458230619,0.0,179.41000366210938,False
2023-02-27,1781136.2629650654,GLD,10538.64458230619,0.0,179.41000366210938,False
2023-02-28,1789251.0643193885,GLD,10538.64458230619,0.0,179.41000366210938,False
2023-03-01,1799578.8909841012,GLD,10538.64458230619,0.0,169.77999877929688,False
2023-03-02,1798525.1230100435,GLD,10538.64458230619,0.0,169.77999877929688,False
2023-03-03,1817810.8618924983,GLD,10538.64458230619,0.0,169.77999877929688,False
2023-03-06,1808642.1317571627,GLD,10538.64458230619,0.0,169.77999877929688,False
2023-03-07,1777026.1980102442,GLD,10538.64458230619,0.0,169.77999877929688,False
2023-03-08,1776183.0871468252,GLD,10538.64458230619,0.0,169.77999877929688,False
2023-03-09,1793677.2757471225,GLD,10538.64458230619,0.0,169.77999877929688,False
2023-03-10,1832354.0820673516,GLD,10538.64458230619,0.0,169.77999877929688,False
2023-03-13,1874403.331841257,GLD,10538.64458230619,0.0,169.77999877929688,False
2023-03-14,1863548.5407860382,GLD,10538.64458230619,0.0,169.77999877929688,False
2023-03-15,1878091.921767846,GLD,10538.64458230619,0.0,169.77999877929688,False
2023-03-16,1881885.8402497545,GLD,10538.64458230619,0.0,169.77999877929688,False
2023-03-17,1936686.7599163558,GLD,10538.64458230619,0.0,169.77999877929688,False
2023-03-20,1937424.3814175008,GLD,10538.64458230619,0.0,169.77999877929688,False
2023-03-21,1900855.271852342,GLD,10538.64458230619,0.0,169.77999877929688,False
2023-03-22,1933208.98790736,GLD,10538.64458230619,0.0,169.77999877929688,False
2023-03-23,1957447.9026080554,GLD,10538.64458230619,0.0,169.77999877929688,False
2023-03-24,1935422.0132177498,GLD,10538.64458230619,0.0,169.77999877929688,False
2023-03-27,1917506.3495892202,GLD,10538.64458230619,0.0,169.77999877929688,False
2023-03-28,1933208.98790736,GLD,10538.64458230619,0.0,169.77999877929688,False
2023-03-29,1923618.7827437923,GLD,10538.64458230619,0.0,169.77999877929688,False
2023-03-30,1941007.4819818158,GLD,10538.64458230619,0.0,169.77999877929688,False
2023-03-31,1930890.4732346963,GLD,10538.64458230619,0.0,169.77999877929688,False
2023-04-03,1944801.400463724,TQQQ,143873.8059444796,0.0,13.517411231994629,False
2023-04-04,1925395.2804078031,TQQQ,143873.8059444796,0.0,13.517411231994629,False
2023-04-05,1863710.7527082926,TQQQ,143873.8059444796,0.0,13.517411231994629,False
2023-04-06,1901137.047200699,TQQQ,143873.8059444796,0.0,13.517411231994629,False
2023-04-10,1896978.6615073786,TQQQ,143873.8059444796,0.0,13.517411231994629,False
2023-04-11,1860245.271220313,TQQQ,143873.8059444796,0.0,13.517411231994629,False
2023-04-12,1811035.7633920107,TQQQ,143873.8059444796,0.0,13.517411231994629,False
2023-04-13,1914998.8359438642,TQQQ,143873.8059444796,0.0,13.517411231994629,False
2023-04-14,1903909.2128570771,TQQQ,143873.8059444796,0.0,13.517411231994629,False
2023-04-17,1905988.885934375,TQQQ,143873.8059444796,0.0,13.517411231994629,False
2023-04-18,1907374.968762564,TQQQ,143873.8059444796,0.0,13.517411231994629,False
2023-04-19,1903216.3086517362,TQQQ,143873.8059444796,0.0,13.517411231994629,False
2023-04-20,1858858.7767658634,TQQQ,143873.8059444796,0.0,13.517411231994629,False
2023-04-21,1862324.53267135,TQQQ,143873.8059444796,0.0,13.517411231994629,False
2023-04-24,1851234.7723758095,TQQQ,143873.8059444796,0.0,13.517411231994629,False
2023-04-25,1789217.2884266262,CASH,0.0,1789217.2884266262,,False
2023-04-26,1789217.2884266262,CASH,0.0,1789217.2884266262,,False
2023-04-27,1789217.2884266262,CASH,0.0,1789217.2884266262,,False
2023-04-28,1789217.2884266262,CASH,0.0,1789217.2884266262,,False
2023-05-01,1789217.2884266262,TECL,52634.19517887533,0.0,33.993438720703125,False
2023-05-02,1738809.5817057686,TECL,52634.19517887533,0.0,33.993438720703125,False
2023-05-03,1693785.6843016464,TECL,52634.19517887533,0.0,33.993438720703125,False
2023-05-04,1669316.1966671802,TECL,52634.19517887533,0.0,33.993438720703125,False
2023-05-05,1792153.5466293541,TECL,52634.19517887533,0.0,33.993438720703125,False
2023-05-08,1789217.2884266262,TECL,52634.19517887533,0.0,33.993438720703125,False
2023-05-09,1747618.5570974723,TECL,52634.19517887533,0.0,33.993438720703125,False
2023-05-10,1809771.6981962821,TECL,52634.19517887533,0.0,33.993438720703125,False
2023-05-11,1784322.9893326922,TECL,52634.19517887533,0.0,33.993438720703125,False
2023-05-12,1776982.1430423523,TECL,52634.19517887533,0.0,33.993438720703125,False
2023-05-15,1819559.2924665483,TECL,52634.19517887533,0.0,33.993438720703125,False
2023-05-16,1825921.7206618462,TECL,52634.19517887533,0.0,33.993438720703125,False
2023-05-17,1897862.0544638813,TECL,52634.19517887533,0.0,33.993438720703125,False
2023-05-18,2014337.5785813185,TECL,52634.19517887533,0.0,33.993438720703125,False
2023-05-19,2008464.660608822,TECL,52634.19517887533,0.0,33.993438720703125,False
2023-05-22,2018742.1666689306,TECL,52634.19517887533,0.0,33.993438720703125,False
2023-05-23,1930651.2080507702,TECL,52634.19517887533,0.0,33.993438720703125,False
2023-05-24,1887095.439748012,TECL,52634.19517887533,0.0,33.993438720703125,False
2023-05-25,2103896.4655173225,TECL,52634.19517887533,0.0,33.993438720703125,False
2023-05-26,2280077.3788360413,TECL,52634.19517887533,0.0,33.993438720703125,False
2023-05-30,2315802.9914091784,TECL,52634.19517887533,0.0,33.993438720703125,False
2023-05-31,2257565.1289586993,TECL,52634.19517887533,0.0,33.993438720703125,False
2023-06-01,2323633.1471387995,TQQQ,133948.68493632184,0.0,17.34718894958496,False
2023-06-02,2375900.1341133304,TQQQ,133948.68493632184,0.0,17.34718894958496,False
2023-06-05,2381062.5012242,TQQQ,133948.68493632184,0.0,17.34718894958496,False
2023-06-06,2378481.062181924,TQQQ,133948.68493632184,0.0,17.34718894958496,False
2023-06-07,2257169.267379117,TQQQ,133948.68493632184,0.0,17.34718894958496,False
2023-06-08,2334602.7301474246,TQQQ,133948.68493632184,0.0,17.34718894958496,False
2023-06-09,2362994.7273098403,TQQQ,133948.68493632184,0.0,17.34718894958496,False
2023-06-12,2483661.162352078,TQQQ,133948.68493632184,0.0,17.34718894958496,False
2023-06-13,2539153.670695248,TQQQ,133948.68493632184,0.0,17.34718894958496,False
2023-06-14,2593356.9924383266,TQQQ,133948.68493632184,0.0,17.34718894958496,False
2023-06-15,2684341.221770693,TQQQ,133948.68493632184,0.0,17.34718894958496,False
2023-06-16,2632718.828096208,TQQQ,133948.68493632184,0.0,17.34718894958496,False
2023-06-20,2619813.6767795584,TQQQ,133948.68493632184,0.0,17.34718894958496,False
2023-06-21,2514819.060056029,TQQQ,133948.68493632184,0.0,17.34718894958496,False
2023-06-22,2598323.401142087,TQQQ,133948.68493632184,0.0,17.34718894958496,False
2023-06-23,2521292.585635322,TQQQ,133948.68493632184,0.0,17.34718894958496,False
2023-06-26,2421605.9635220775,TQQQ,133948.68493632184,0.0,17.34718894958496,False
2023-06-27,2541358.777620612,TQQQ,133948.68493632184,0.0,17.34718894958496,False
2023-06-28,2556894.932426707,TQQQ,133948.68493632184,0.0,17.34718894958496,False
2023-06-29,2539416.5666547194,TQQQ,133948.68493632184,0.0,17.34718894958496,False
2023-06-30,2653991.939918761,TQQQ,133948.68493632184,0.0,17.34718894958496,False
2023-07-03,2672116.687398682,TECL,53545.98840830413,0.0,49.9032096862793,False
2023-07-05,2623287.919511547,TECL,53545.98840830413,0.0,49.9032096862793,False
2023-07-06,2597378.9524488403,TECL,53545.98840830413,0.0,49.9032096862793,False
2023-07-07,2561505.07661653,TECL,53545.98840830413,0.0,49.9032096862793,False
2023-07-10,2582431.282901831,TECL,53545.98840830413,0.0,49.9032096862793,False
2023-07-11,2599371.729941026,TECL,53545.98840830413,0.0,49.9032096862793,False
2023-07-12,2686565.5497874385,TECL,53545.98840830413,0.0,49.9032096862793,False
2023-07-13,2789704.04071216,TECL,53545.98840830413,0.0,49.9032096862793,False
2023-07-14,2773759.369633851,TECL,53545.98840830413,0.0,49.9032096862793,False
2023-07-17,2881381.6099159895,TECL,53545.98840830413,0.0,49.9032096862793,False
2023-07-18,2978540.542793742,TECL,53545.98840830413,0.0,49.9032096862793,False
2023-07-19,2955122.7518580025,TECL,53545.98840830413,0.0,49.9032096862793,False
2023-07-20,2775254.565538197,TECL,53545.98840830413,0.0,49.9032096862793,False
2023-07-21,2767780.628633824,TECL,53545.98840830413,0.0,49.9032096862793,False
2023-07-24,2785219.270046065,TECL,53545.98840830413,0.0,49.9032096862793,False
2023-07-25,2876897.656296837,TECL,53545.98840830413,0.0,49.9032096862793,False
2023-07-26,2761303.080475544,TECL,53545.98840830413,0.0,49.9032096862793,False
2023-07-27,2735394.317674573,TECL,53545.98840830413,0.0,49.9032096862793,False
2023-07-28,2845009.1311871614,TECL,53545.98840830413,0.0,49.9032096862793,False
2023-07-31,2862946.1712341844,TECL,53545.98840830413,0.0,49.9032096862793,False
2023-08-01,2877395.442146412,TECL,53545.98840830413,0.0,53.4670524597168,False
2023-08-02,2633910.47753545,CASH,0.0,2633910.47753545,,False
2023-08-03,2633910.47753545,CASH,0.0,2633910.47753545,,False
2023-08-04,2633910.47753545,CASH,0.0,2633910.47753545,,False
2023-08-07,2633910.47753545,CASH,0.0,2633910.47753545,,False
2023-08-08,2633910.47753545,CASH,0.0,2633910.47753545,,False
2023-08-09,2633910.47753545,CASH,0.0,2633910.47753545,,False
2023-08-10,2633910.47753545,CASH,0.0,2633910.47753545,,False
2023-08-11,2633910.47753545,CASH,0.0,2633910.47753545,,False
2023-08-14,2633910.47753545,CASH,0.0,2633910.47753545,,False
2023-08-15,2633910.47753545,CASH,0.0,2633910.47753545,,False
2023-08-16,2633910.47753545,CASH,0.0,2633910.47753545,,False
2023-08-17,2633910.47753545,CASH,0.0,2633910.47753545,,False
2023-08-18,2633910.47753545,CASH,0.0,2633910.47753545,,False
2023-08-21,2633910.47753545,CASH,0.0,2633910.47753545,,False
2023-08-22,2633910.47753545,CASH,0.0,2633910.47753545,,False
2023-08-23,2633910.47753545,CASH,0.0,2633910.47753545,,False
2023-08-24,2633910.47753545,CASH,0.0,2633910.47753545,,False
2023-08-25,2633910.47753545,CASH,0.0,2633910.47753545,,False
2023-08-28,2633910.47753545,CASH,0.0,2633910.47753545,,False
2023-08-29,2633910.47753545,CASH,0.0,2633910.47753545,,False
2023-08-30,2633910.47753545,CASH,0.0,2633910.47753545,,False
2023-08-31,2633910.47753545,CASH,0.0,2633910.47753545,,False
2023-09-01,2633910.47753545,TQQQ,128880.15444460159,0.0,20.43689727783203,False
2023-09-05,2640761.955472538,TQQQ,128880.15444460159,0.0,20.43689727783203,False
2023-09-06,2571005.542381071,TQQQ,128880.15444460159,0.0,20.43689727783203,False
2023-09-07,2514951.8393443935,TQQQ,128880.15444460159,0.0,20.43689727783203,False
2023-09-08,2522425.4861484,TQQQ,128880.15444460159,0.0,20.43689727783203,False
2023-09-11,2608375.2513174242,TQQQ,128880.15444460159,0.0,20.43689727783203,False
2023-09-12,2524916.865629327,TQQQ,128880.15444460159,0.0,20.43689727783203,False
2023-09-13,2549829.1855222746,TQQQ,128880.15444460159,0.0,20.43689727783203,False
2023-09-14,2609620.8181481943,TQQQ,128880.15444460159,0.0,20.43689727783203,False
2023-09-15,2475713.903071578,TQQQ,128880.15444460159,0.0,20.43689727783203,False
2023-09-18,2481319.814177896,TQQQ,128880.15444460159,0.0,20.43689727783203,False
2023-09-19,2423197.639332614,CASH,0.0,2423197.639332614,,False
2023-09-20,2423197.639332614,CASH,0.0,2423197.639332614,,False
2023-09-21,2423197.639332614,CASH,0.0,2423197.639332614,,False
2023-09-22,2423197.639332614,CASH,0.0,2423197.639332614,,False
2023-09-25,2423197.639332614,CASH,0.0,2423197.639332614,,False
2023-09-26,2423197.639332614,CASH,0.0,2423197.639332614,,False
2023-09-27,2423197.639332614,CASH,0.0,2423197.639332614,,False
2023-09-28,2423197.639332614,CASH,0.0,2423197.639332614,,False
2023-09-29,2423197.639332614,CASH,0.0,2423197.639332614,,False
2023-10-02,2423197.639332614,TECL,58494.22761817038,0.0,41.42626953125,False
2023-10-03,2296921.5206893245,TECL,58494.22761817038,0.0,41.42626953125,False
2023-10-04,2381286.787654212,TECL,58494.22761817038,0.0,41.42626953125,False
2023-10-05,2390540.310982328,TECL,58494.22761817038,0.0,41.42626953125,False
2023-10-06,2522802.7697231984,TECL,58494.22761817038,0.0,41.42626953125,False
2023-10-09,2560903.7671140605,TECL,58494.22761817038,0.0,41.42626953125,False
2023-10-10,2572333.776252218,TECL,58494.22761817038,0.0,41.42626953125,False
2023-10-11,2639826.927002763,TECL,58494.22761817038,0.0,41.42626953125,False
2023-10-12,2644181.2374494676,TECL,58494.22761817038,0.0,41.42626953125,False
2023-10-13,2530967.8270085226,TECL,58494.22761817038,0.0,41.42626953125,False
2023-10-16,2604447.3178566485,TECL,58494.22761817038,0.0,41.42626953125,False
2023-10-17,2567435.2327841176,TECL,58494.22761817038,0.0,41.42626953125,False
2023-10-18,2483069.96581923,TECL,58494.22761817038,0.0,41.42626953125,False
2023-10-19,2442792.2594805555,TECL,58494.22761817038,0.0,41.42626953125,False
2023-10-20,2314882.772359769,TECL,58494.22761817038,0.0,41.42626953125,False
2023-10-23,2322502.9272103873,TECL,58494.22761817038,0.0,41.42626953125,False
2023-10-24,2370401.0115374504,TECL,58494.22761817038,0.0,41.42626953125,False
2023-10-25,2287668.220498979,TECL,58494.22761817038,0.0,41.42626953125,False
2023-10-26,2229341.828186005,CASH,0.0,2229341.828186005,,False
2023-10-27,2229341.828186005,CASH,0.0,2229341.828186005,,False
2023-10-30,2229341.828186005,CASH,0.0,2229341.828186005,,False
2023-10-31,2229341.828186005,CASH,0.0,2229341.828186005,,False
2023-11-01,2229341.828186005,TECL,53478.35578689646,0.0,41.686805725097656,False
2023-11-02,2342799.7308693286,TECL,53478.35578689646,0.0,41.686805725097656,False
2023-11-03,2409978.365661583,TECL,53478.35578689646,0.0,41.686805725097656,False
2023-11-06,2457749.7168893884,TECL,53478.35578689646,0.0,41.686805725097656,False
2023-11-07,2539857.9572097207,TECL,53478.35578689646,0.0,41.686805725097656,False
2023-11-08,2580662.580798814,TECL,53478.35578689646,0.0,41.686805725097656,False
2023-11-09,2542842.9398981435,TECL,53478.35578689646,0.0,41.686805725097656,False
2023-11-10,2736915.163531425,TECL,53478.35578689646,0.0,41.686805725097656,False
2023-11-13,2689143.608299882,TECL,53478.35578689646,0.0,41.686805725097656,False
2023-11-14,2851367.992442977,TECL,53478.35578689646,0.0,41.686805725097656,False
2023-11-15,2860325.1845493587,TECL,53478.35578689646,0.0,41.686805725097656,False
2023-11-16,2902623.5235050884,TECL,53478.35578689646,0.0,41.686805725097656,False
2023-11-17,2882220.701701198,TECL,53478.35578689646,0.0,41.686805725097656,False
2023-11-20,3009612.059661946,TECL,53478.35578689646,0.0,41.686805725097656,False
2023-11-21,2931982.7214004104,TECL,53478.35578689646,0.0,41.686805725097656,False
2023-11-22,2969801.9542936054,TECL,53478.35578689646,0.0,41.686805725097656,False
2023-11-24,2949897.3096169108,TECL,53478.35578689646,0.0,41.686805725097656,False
2023-11-27,2947409.2800332583,TECL,53478.35578689646,0.0,41.686805725097656,False
2023-11-28,2963830.5608905973,TECL,53478.35578689646,0.0,41.686805725097656,False
2023-11-29,2973285.3181129615,TECL,53478.35578689646,0.0,41.686805725097656,False
2023-11-30,2976768.8859360553,TECL,53478.35578689646,0.0,41.686805725097656,False
2023-12-01,2998166.429964436,TQQQ,139744.9551111054,0.0,21.454559326171875,False
2023-12-04,2912775.32376112,TQQQ,139744.9551111054,0.0,21.454559326171875,False
2023-12-05,2933783.9251727527,TQQQ,139744.9551111054,0.0,21.454559326171875,False
2023-12-06,2881600.7971558194,TQQQ,139744.9551111054,0.0,21.454559326171875,False
2023-12-07,3002232.0004148562,TQQQ,139744.9551111054,0.0,21.454559326171875,False
2023-12-08,3038150.447748969,TQQQ,139744.9551111054,0.0,21.454559326171875,False
2023-12-11,3115409.3468820495,TQQQ,139744.9551111054,0.0,21.454559326171875,False
2023-12-12,3190634.5278916983,TQQQ,139744.9551111054,0.0,21.454559326171875,False
2023-12-13,3303133.25753815,TQQQ,139744.9551111054,0.0,21.454559326171875,False
2023-12-14,3297711.519615644,TQQQ,139744.9551111054,0.0,21.454559326171875,False
2023-12-15,3337018.5198335294,TQQQ,139744.9551111054,0.0,21.454559326171875,False
2023-12-18,3406821.429835974,TQQQ,139744.9551111054,0.0,21.454559326171875,False
2023-12-19,3457649.9896349153,TQQQ,139744.9551111054,0.0,21.454559326171875,False
2023-12-20,3304020.043933518,TQQQ,139744.9551111054,0.0,21.454559326171875,False
2023-12-21,3413609.4638398313,TQQQ,139744.9551111054,0.0,21.454559326171875,False
2023-12-22,3427223.114318766,TQQQ,139744.9551111054,0.0,21.454559326171875,False
2023-12-26,3489846.1730642146,TQQQ,139744.9551111054,0.0,21.454559326171875,False
2023-12-27,3508223.734948142,TQQQ,139744.9551111054,0.0,21.454559326171875,False
2023-12-28,3499375.3285859455,TQQQ,139744.9551111054,0.0,21.454559326171875,False
2023-12-29,3451046.9360213145,TQQQ,139744.9551111054,0.0,21.454559326171875,False
2024-01-02,3276112.260358464,TQQQ,139744.9551111054,0.0,24.695323944091797,False
2024-01-03,3174963.18113961,CASH,0.0,3174963.18113961,,False
2024-01-04,3174963.18113961,CASH,0.0,3174963.18113961,,False
2024-01-05,3174963.18113961,CASH,0.0,3174963.18113961,,False
2024-01-08,3174963.18113961,CASH,0.0,3174963.18113961,,False
2024-01-09,3174963.18113961,CASH,0.0,3174963.18113961,,False
2024-01-10,3174963.18113961,CASH,0.0,3174963.18113961,,False
2024-01-11,3174963.18113961,CASH,0.0,3174963.18113961,,False
2024-01-12,3174963.18113961,CASH,0.0,3174963.18113961,,False
2024-01-16,3174963.18113961,CASH,0.0,3174963.18113961,,False
2024-01-17,3174963.18113961,CASH,0.0,3174963.18113961,,False
2024-01-18,3174963.18113961,CASH,0.0,3174963.18113961,,False
2024-01-19,3174963.18113961,CASH,0.0,3174963.18113961,,False
2024-01-22,3174963.18113961,CASH,0.0,3174963.18113961,,False
2024-01-23,3174963.18113961,CASH,0.0,3174963.18113961,,False
2024-01-24,3174963.18113961,CASH,0.0,3174963.18113961,,False
2024-01-25,3174963.18113961,CASH,0.0,3174963.18113961,,False
2024-01-26,3174963.18113961,CASH,0.0,3174963.18113961,,False
2024-01-29,3174963.18113961,CASH,0.0,3174963.18113961,,False
2024-01-30,3174963.18113961,CASH,0.0,3174963.18113961,,False
2024-01-31,3174963.18113961,CASH,0.0,3174963.18113961,,False
2024-02-01,3174963.18113961,TQQQ,119601.1618083125,0.0,26.54625701904297,False
2024-02-02,3334584.770311969,TQQQ,119601.1618083125,0.0,26.54625701904297,False
2024-02-05,3317690.3488444514,TQQQ,119601.1618083125,0.0,26.54625701904297,False
2024-02-06,3298466.5826976267,TQQQ,119601.1618083125,0.0,26.54625701904297,False
2024-02-07,3396919.54865442,TQQQ,119601.1618083125,0.0,26.54625701904297,False
2024-02-08,3410900.6353947376,TQQQ,119601.1618083125,0.0,26.54625701904297,False
2024-02-09,3511101.465315183,TQQQ,119601.1618083125,0.0,26.54625701904297,False
2024-02-12,3469739.4576887717,TQQQ,119601.1618083125,0.0,26.54625701904297,False
2024-02-13,3305457.354188898,TQQQ,119601.1618083125,0.0,26.54625701904297,False
2024-02-14,3410318.2421946325,TQQQ,119601.1618083125,0.0,26.54625701904297,False
2024-02-15,3438863.7213598234,TQQQ,119601.1618083125,0.0,26.54625701904297,False
2024-02-16,3344488.87653044,TQQQ,119601.1618083125,0.0,26.54625701904297,False
2024-02-20,3267007.768805236,TQQQ,119601.1618083125,0.0,26.54625701904297,False
2024-02-21,3226228.610621155,TQQQ,119601.1618083125,0.0,26.54625701904297,False
2024-02-22,3505275.9364663465,TQQQ,119601.1618083125,0.0,26.54625701904297,False
2024-02-23,3473235.185616076,TQQQ,119601.1618083125,0.0,26.54625701904297,False
2024-02-26,3468574.6712885615,TQQQ,119601.1618083125,0.0,26.54625701904297,False
2024-02-27,3490128.9227202563,TQQQ,119601.1618083125,0.0,26.54625701904297,False
2024-02-28,3433620.5857110918,TQQQ,119601.1618083125,0.0,26.54625701904297,False
2024-02-29,3516344.6009639148,TQQQ,119601.1618083125,0.0,26.54625701904297,False
2024-03-01,3677714.2822210384,TQQQ,119601.1618083125,0.0,29.400588989257812,False
2024-03-04,3634022.2455519824,TQQQ,119601.1618083125,0.0,29.400588989257812,False
2024-03-05,3439446.5708021536,TQQQ,119601.1618083125,0.0,29.400588989257812,False
2024-03-06,3502945.679302589,TQQQ,119601.1618083125,0.0,29.400588989257812,False
2024-03-07,3659072.4530320936,TQQQ,119601.1618083125,0.0,29.400588989257812,False
2024-03-08,3498867.786296292,TQQQ,119601.1618083125,0.0,29.400588989257812,False
2024-03-11,3458088.628112211,TQQQ,119601.1618083125,0.0,29.400588989257812,False
2024-03-12,3604893.916944462,TQQQ,119601.1618083125,0.0,29.400588989257812,False
2024-03-13,3521004.659049204,TQQQ,119601.1618083125,0.0,29.400588989257812,False
2024-03-14,3492459.408005126,TQQQ,119601.1618083125,0.0,29.400588989257812,False
2024-03-15,3364878.5696830368,TQQQ,119601.1618083125,0.0,29.400588989257812,False
2024-03-18,3459836.035833638,TQQQ,119601.1618083125,0.0,29.400588989257812,False
2024-03-19,3483721.456913539,TQQQ,119601.1618083125,0.0,29.400588989257812,False
2024-03-20,3607377.699616903,TQQQ,119601.1618083125,0.0,29.400588989257812,False
2024-03-21,3654150.511909703,TQQQ,119601.1618083125,0.0,29.400588989257812,False
2024-03-22,3661751.051134574,TQQQ,119601.1618083125,0.0,29.400588989257812,False
2024-03-25,3624332.8013003343,TQQQ,119601.1618083125,0.0,29.400588989257812,False
2024-03-26,3590421.9135701344,TQQQ,119601.1618083125,0.0,29.400588989257812,False
2024-03-27,3621993.6474131914,TQQQ,119601.1618083125,0.0,29.400588989257812,False
2024-03-28,3599192.2578596896,TQQQ,119601.1618083125,0.0,29.400588989257812,False
2024-04-01,3621409.4292441867,TQQQ,119601.1618083125,0.0,30.09328842163086,False
2024-04-02,3524354.8457067604,TQQQ,119601.1618083125,0.0,30.09328842163086,False
2024-04-03,3547741.5940348287,TQQQ,119601.1618083125,0.0,30.09328842163086,False
2024-04-04,3380527.4498765343,TQQQ,119601.1618083125,0.0,30.09328842163086,False
2024-04-05,3499798.748556233,TQQQ,119601.1618083125,0.0,30.09328842163086,False
2024-04-08,3502137.902443376,TQQQ,119601.1618083125,0.0,30.09328842163086,False
2024-04-09,3538386.8034551567,TQQQ,119601.1618083125,0.0,30.09328842163086,False
2024-04-10,3445425.6251596743,TQQQ,119601.1618083125,0.0,30.09328842163086,False
2024-04-11,3607377.699616903,TQQQ,119601.1618083125,0.0,30.09328842163086,False
2024-04-12,3433147.690644967,TQQQ,119601.1618083125,0.0,30.09328842163086,False
2024-04-15,3311256.8772309143,CASH,0.0,3311256.8772309143,,False
2024-04-16,3311256.8772309143,CASH,0.0,3311256.8772309143,,False
2024-04-17,3311256.8772309143,CASH,0.0,3311256.8772309143,,False
2024-04-18,3311256.8772309143,CASH,0.0,3311256.8772309143,,False
2024-04-19,3311256.8772309143,CASH,0.0,3311256.8772309143,,False
2024-04-22,3311256.8772309143,CASH,0.0,3311256.8772309143,,False
2024-04-23,3311256.8772309143,CASH,0.0,3311256.8772309143,,False
2024-04-24,3311256.8772309143,CASH,0.0,3311256.8772309143,,False
2024-04-25,3311256.8772309143,CASH,0.0,3311256.8772309143,,False
2024-04-26,3311256.8772309143,CASH,0.0,3311256.8772309143,,False
2024-04-29,3311256.8772309143,CASH,0.0,3311256.8772309143,,False
2024-04-30,3311256.8772309143,CASH,0.0,3311256.8772309143,,False
2024-05-01,3311256.8772309143,TECL,55775.15186543768,0.0,59.367958068847656,False
2024-05-02,3448098.168937638,TECL,55775.15186543768,0.0,59.367958068847656,False
2024-05-03,3731667.1056781863,TECL,55775.15186543768,0.0,59.367958068847656,False
2024-05-06,3861745.438945294,TECL,55775.15186543768,0.0,59.367958068847656,False
2024-05-07,3823242.5757015157,TECL,55775.15186543768,0.0,59.367958068847656,False
2024-05-08,3857583.3237689342,TECL,55775.15186543768,0.0,59.367958068847656,False
2024-05-09,3848737.3928532638,TECL,55775.15186543768,0.0,59.367958068847656,False
2024-05-10,3886721.1087179235,TECL,55775.15186543768,0.0,59.367958068847656,False
2024-05-13,3942914.131670488,TECL,55775.15186543768,0.0,59.367958068847656,False
2024-05-14,4048536.7936053616,TECL,55775.15186543768,0.0,59.367958068847656,False
2024-05-15,4318058.112903727,TECL,55775.15186543768,0.0,59.367958068847656,False
2024-05-16,4271750.166686347,TECL,55775.15186543768,0.0,59.367958068847656,False
2024-05-17,4237409.844149567,TECL,55775.15186543768,0.0,59.367958068847656,False
2024-05-20,4384657.913154426,TECL,55775.15186543768,0.0,59.367958068847656,False
2024-05-21,4407030.186479968,TECL,55775.15186543768,0.0,59.367958068847656,False
2024-05-22,4436688.395399991,TECL,55775.15186543768,0.0,59.367958068847656,False
2024-05-23,4328984.4631116185,TECL,55775.15186543768,0.0,59.367958068847656,False
2024-05-24,4426282.043632495,TECL,55775.15186543768,0.0,59.367958068847656,False
2024-05-28,4481955.919205941,TECL,55775.15186543768,0.0,59.367958068847656,False
2024-05-29,4394543.415420249,TECL,55775.15186543768,0.0,59.367958068847656,False
2024-05-30,4093283.8934402764,TECL,55775.15186543768,0.0,59.367958068847656,False
2024-05-31,4113055.7490332,TECL,55775.15186543768,0.0,59.367958068847656,False
2024-06-03,4143753.954834016,TECL,55775.15186543768,0.0,73.74351501464844,False
2024-06-04,4159363.69525058,TECL,55775.15186543768,0.0,73.74351501464844,False
2024-06-05,4437729.243342061,TECL,55775.15186543768,0.0,73.74351501464844,False
2024-06-06,4394543.415420249,TECL,55775.15186543768,0.0,73.74351501464844,False
2024-06-07,4420559.507604309,TECL,55775.15186543768,0.0,73.74351501464844,False
2024-06-10,4450216.865463057,TECL,55775.15186543768,0.0,73.74351501464844,False
2024-06-11,4696843.785342291,TECL,55775.15186543768,0.0,73.74351501464844,False
2024-06-12,5006428.8142669,TECL,55775.15186543768,0.0,73.74351501464844,False
2024-06-13,5129222.4885314405,TECL,55775.15186543768,0.0,73.74351501464844,False
2024-06-14,5173969.162835716,TECL,55775.15186543768,0.0,73.74351501464844,False
2024-06-17,5409149.308536025,TECL,55775.15186543768,0.0,73.74351501464844,False
2024-06-18,5431002.008951808,TECL,55775.15186543768,0.0,73.74351501464844,False
2024-06-20,5240048.113584743,TECL,55775.15186543768,0.0,73.74351501464844,False
2024-06-21,5190619.325663711,TECL,55775.15186543768,0.0,73.74351501464844,False
2024-06-24,4833685.928110292,TECL,55775.15186543768,0.0,73.74351501464844,False
2024-06-25,5092448.98180302,TECL,55775.15186543768,0.0,73.74351501464844,False
2024-06-26,5079948.593762866,TECL,55775.15186543768,0.0,73.74351501464844,False
2024-06-27,5085677.938281271,TECL,55775.15186543768,0.0,73.74351501464844,False
2024-06-28,5072135.425707132,TECL,55775.15186543768,0.0,73.74351501464844,False
2024-07-01,5181516.374242313,TECL,55775.15186543768,0.0,90.93898010253906,False
2024-07-02,5254436.581068462,TECL,55775.15186543768,0.0,90.93898010253906,False
2024-07-03,5464864.035050778,TECL,55775.15186543768,0.0,90.93898010253906,False
2024-07-05,5513303.889767652,TECL,55775.15186543768,0.0,90.93898010253906,False
2024-07-08,5622163.988801161,TECL,55775.15186543768,0.0,90.93898010253906,False
2024-07-09,5601329.15767296,TECL,55775.15186543768,0.0,90.93898010253906,False
2024-07-10,5839362.911835866,TECL,55775.15186543768,0.0,90.93898010253906,False
2024-07-11,5408611.437808806,TECL,55775.15186543768,0.0,90.93898010253906,False
2024-07-12,5542472.312922623,TECL,55775.15186543768,0.0,90.93898010253906,False
2024-07-15,5570077.762041936,TECL,55775.15186543768,0.0,90.93898010253906,False
2024-07-16,5517471.111311676,TECL,55775.15186543768,0.0,90.93898010253906,False
2024-07-17,4875770.908269989,TECL,55775.15186543768,0.0,90.93898010253906,False
2024-07-18,4865875.193268839,TECL,55775.15186543768,0.0,90.93898010253906,False
2024-07-19,4666364.5916505605,CASH,0.0,4666364.5916505605,,False
2024-07-22,4666364.5916505605,CASH,0.0,4666364.5916505605,,False
2024-07-23,4666364.5916505605,CASH,0.0,4666364.5916505605,,False
2024-07-24,4666364.5916505605,CASH,0.0,4666364.5916505605,,False
2024-07-25,4666364.5916505605,CASH,0.0,4666364.5916505605,,False
2024-07-26,4666364.5916505605,CASH,0.0,4666364.5916505605,,False
2024-07-29,4666364.5916505605,CASH,0.0,4666364.5916505605,,False
2024-07-30,4666364.5916505605,CASH,0.0,4666364.5916505605,,False
2024-07-31,4666364.5916505605,CASH,0.0,4666364.5916505605,,False
2024-08-01,4666364.5916505605,TQQQ,150084.09054882373,0.0,31.09166717529297,False
2024-08-02,4293055.424318516,CASH,0.0,4293055.424318516,,False
2024-08-05,4293055.424318516,CASH,0.0,4293055.424318516,,False
2024-08-06,4293055.424318516,CASH,0.0,4293055.424318516,,False
2024-08-07,4293055.424318516,CASH,0.0,4293055.424318516,,False
2024-08-08,4293055.424318516,CASH,0.0,4293055.424318516,,False
2024-08-09,4293055.424318516,CASH,0.0,4293055.424318516,,False
2024-08-12,4293055.424318516,CASH,0.0,4293055.424318516,,False
2024-08-13,4293055.424318516,CASH,0.0,4293055.424318516,,False
2024-08-14,4293055.424318516,CASH,0.0,4293055.424318516,,False
2024-08-15,4293055.424318516,CASH,0.0,4293055.424318516,,False
2024-08-16,4293055.424318516,CASH,0.0,4293055.424318516,,False
2024-08-19,4293055.424318516,CASH,0.0,4293055.424318516,,False
2024-08-20,4293055.424318516,CASH,0.0,4293055.424318516,,False
2024-08-21,4293055.424318516,CASH,0.0,4293055.424318516,,False
2024-08-22,4293055.424318516,CASH,0.0,4293055.424318516,,False
2024-08-23,4293055.424318516,CASH,0.0,4293055.424318516,,False
2024-08-26,4293055.424318516,CASH,0.0,4293055.424318516,,False
2024-08-27,4293055.424318516,CASH,0.0,4293055.424318516,,False
2024-08-28,4293055.424318516,CASH,0.0,4293055.424318516,,False
2024-08-29,4293055.424318516,CASH,0.0,4293055.424318516,,False
2024-08-30,4293055.424318516,CASH,0.0,4293055.424318516,,False
2024-09-03,4293055.424318516,TQQQ,140314.08386482243,0.0,30.596040725708008,False
2024-09-04,4256563.025283276,TQQQ,140314.08386482243,0.0,30.596040725708008,False
2024-09-05,4270333.817644087,TQQQ,140314.08386482243,0.0,30.596040725708008,False
2024-09-06,3949610.990373035,CASH,0.0,3949610.990373035,,False
2024-09-09,3949610.990373035,CASH,0.0,3949610.990373035,,False
2024-09-10,3949610.990373035,CASH,0.0,3949610.990373035,,False
2024-09-11,3949610.990373035,CASH,0.0,3949610.990373035,,False
2024-09-12,3949610.990373035,CASH,0.0,3949610.990373035,,False
2024-09-13,3949610.990373035,CASH,0.0,3949610.990373035,,False
2024-09-16,3949610.990373035,CASH,0.0,3949610.990373035,,False
2024-09-17,3949610.990373035,CASH,0.0,3949610.990373035,,False
2024-09-18,3949610.990373035,CASH,0.0,3949610.990373035,,False
2024-09-19,3949610.990373035,CASH,0.0,3949610.990373035,,False
2024-09-20,3949610.990373035,CASH,0.0,3949610.990373035,,False
2024-09-23,3949610.990373035,CASH,0.0,3949610.990373035,,False
2024-09-24,3949610.990373035,CASH,0.0,3949610.990373035,,False
2024-09-25,3949610.990373035,CASH,0.0,3949610.990373035,,False
2024-09-26,3949610.990373035,CASH,0.0,3949610.990373035,,False
2024-09-27,3949610.990373035,CASH,0.0,3949610.990373035,,False
2024-09-30,3949610.990373035,CASH,0.0,3949610.990373035,,False
2024-10-01,3949610.990373035,TQQQ,115569.86267578242,0.0,34.17509460449219,False
2024-10-02,3964403.74234227,TQQQ,115569.86267578242,0.0,34.17509460449219,False
2024-10-03,3955300.3407981102,TQQQ,115569.86267578242,0.0,34.17509460449219,False
2024-10-04,4094692.291828713,TQQQ,115569.86267578242,0.0,34.17509460449219,False
2024-10-07,3959852.2620022097,TQQQ,115569.86267578242,0.0,34.17509460449219,False
2024-10-08,4131673.730887762,TQQQ,115569.86267578242,0.0,34.17509460449219,False
2024-10-09,4231238.906350719,TQQQ,115569.86267578242,0.0,34.17509460449219,False
2024-10-10,4216446.154381484,TQQQ,115569.86267578242,0.0,34.17509460449219,False
2024-10-11,4227256.581485186,TQQQ,115569.86267578242,0.0,34.17509460449219,False
2024-10-14,4335355.121289697,TQQQ,115569.86267578242,0.0,34.17509460449219,False
2024-10-15,4162396.223183169,TQQQ,115569.86267578242,0.0,34.17509460449219,False
2024-10-16,4160120.9238771778,TQQQ,115569.86267578242,0.0,34.17509460449219,False
2024-10-17,4172637.4948123437,TQQQ,115569.86267578242,0.0,34.17509460449219,False
2024-10-18,4246600.372930442,TQQQ,115569.86267578242,0.0,34.17509460449219,False
2024-10-21,4269926.489241231,TQQQ,115569.86267578242,0.0,34.17509460449219,False
2024-10-22,4282443.501040436,TQQQ,115569.86267578242,0.0,34.17509460449219,False
2024-10-23,4084451.0201995377,TQQQ,115569.86267578242,0.0,34.17509460449219,False
2024-10-24,4181740.4554924644,TQQQ,115569.86267578242,0.0,34.17509460449219,False
2024-10-25,4252290.164219556,TQQQ,115569.86267578242,0.0,34.17509460449219,False
2024-10-28,4256272.048221051,TQQQ,115569.86267578242,0.0,34.17509460449219,False
2024-10-29,4374044.026772327,TQQQ,115569.86267578242,0.0,34.17509460449219,False
2024-10-30,4276754.1506153615,TQQQ,115569.86267578242,0.0,34.17509460449219,False
2024-10-31,3951317.134204499,TQQQ,115569.86267578242,0.0,34.17509460449219,False
2024-11-01,4035521.724815811,TECL,51696.96457913797,0.0,78.06109619140625,False
2024-11-04,4023934.9501542407,TECL,51696.96457913797,0.0,78.06109619140625,False
2024-11-05,4192423.38488305,TECL,51696.96457913797,0.0,78.06109619140625,False
2024-11-06,4538573.988617602,TECL,51696.96457913797,0.0,78.06109619140625,False
2024-11-07,4785272.462083067,TECL,51696.96457913797,0.0,78.06109619140625,False
2024-11-08,4762582.073020008,TECL,51696.96457913797,0.0,78.06109619140625,False
2024-11-11,4687751.789604692,TECL,51696.96457913797,0.0,78.06109619140625,False
2024-11-12,4697406.712059013,TECL,51696.96457913797,0.0,78.06109619140625,False
2024-11-13,4669888.664560524,TECL,51696.96457913797,0.0,78.06109619140625,False
2024-11-14,4603266.189318515,TECL,51696.96457913797,0.0,78.06109619140625,False
2024-11-15,4270634.212452784,TECL,51696.96457913797,0.0,78.06109619140625,False
2024-11-18,4297185.9394311085,TECL,51696.96457913797,0.0,78.06109619140625,False
2024-11-19,4403879.557353339,TECL,51696.96457913797,0.0,78.06109619140625,False
2024-11-20,4381671.539717285,TECL,51696.96457913797,0.0,78.06109619140625,False
2024-11-21,4519262.566042805,TECL,51696.96457913797,0.0,78.06109619140625,False
2024-11-22,4519746.120719425,TECL,51696.96457913797,0.0,78.06109619140625,False
2024-11-25,4515400.833711,TECL,51696.96457913797,0.0,78.06109619140625,False
2024-11-26,4585885.830117891,TECL,51696.96457913797,0.0,78.06109619140625,False
2024-11-27,4397121.229960277,TECL,51696.96457913797,0.0,78.06109619140625,False
2024-11-29,4514434.907607375,TECL,51696.96457913797,0.0,78.06109619140625,False
2024-12-02,4641405.0853749495,TECL,51696.96457913797,0.0,87.324951171875,False
2024-12-03,4689682.852978864,TECL,51696.96457913797,0.0,87.324951171875,False
2024-12-04,4949415.60980345,TECL,51696.96457913797,0.0,87.324951171875,False
2024-12-05,4868310.159255153,TECL,51696.96457913797,0.0,87.324951171875,False
2024-12-06,4917069.903869532,TECL,51696.96457913797,0.0,87.324951171875,False
2024-12-09,4826791.902293918,TECL,51696.96457913797,0.0,87.324951171875,False
2024-12-10,4621128.525529605,TECL,51696.96457913797,0.0,87.324951171875,False
2024-12-11,4821480.294765329,TECL,51696.96457913797,0.0,87.324951171875,False
2024-12-12,4740587.040314929,TECL,51696.96457913797,0.0,87.324951171875,False
2024-12-13,4795642.856138848,TECL,51696.96457913797,0.0,87.324951171875,False
2024-12-16,4936180.17400952,TECL,51696.96457913797,0.0,87.324951171875,False
2024-12-17,4850215.906119224,TECL,51696.96457913797,0.0,87.324951171875,False
2024-12-18,4387071.496550575,TECL,51696.96457913797,0.0,87.324951171875,False
2024-12-19,4391417.572392078,TECL,51696.96457913797,0.0,87.324951171875,False
2024-12-20,4588942.16387738,TECL,51696.96457913797,0.0,87.324951171875,False
2024-12-23,4722015.148750461,TECL,51696.96457913797,0.0,87.324951171875,False
2024-12-24,4862090.999270688,TECL,51696.96457913797,0.0,87.324951171875,False
2024-12-26,4874166.850440422,TECL,51696.96457913797,0.0,87.324951171875,False
2024-12-27,4672746.606800975,TECL,51696.96457913797,0.0,87.324951171875,False
2024-12-30,4493062.264200589,TECL,51696.96457913797,0.0,87.324951171875,False
2024-12-31,4373756.388615797,TECL,51696.96457913797,0.0,87.324951171875,False
2025-01-02,4346707.302381992,TECL,51696.96457913797,0.0,84.6037368774414,False
2025-01-03,4548610.311864982,TECL,51696.96457913797,0.0,84.6037368774414,False
2025-01-06,4722981.074854086,TECL,51696.96457913797,0.0,84.6037368774414,False
2025-01-07,4440896.732773306,TECL,51696.96457913797,0.0,84.6037368774414,False
2025-01-08,4437998.165629353,TECL,51696.96457913797,0.0,84.6037368774414,False
2025-01-10,4141906.5145881283,TECL,51696.96457913797,0.0,84.6037368774414,False
2025-01-13,3936139.384427107,CASH,0.0,3936139.384427107,,False
2025-01-14,3936139.384427107,CASH,0.0,3936139.384427107,,False
2025-01-15,3936139.384427107,CASH,0.0,3936139.384427107,,False
2025-01-16,3936139.384427107,CASH,0.0,3936139.384427107,,False
2025-01-17,3936139.384427107,CASH,0.0,3936139.384427107,,False
2025-01-21,3936139.384427107,CASH,0.0,3936139.384427107,,False
2025-01-22,3936139.384427107,CASH,0.0,3936139.384427107,,False
2025-01-23,3936139.384427107,CASH,0.0,3936139.384427107,,False
2025-01-24,3936139.384427107,CASH,0.0,3936139.384427107,,False
2025-01-27,3936139.384427107,CASH,0.0,3936139.384427107,,False
2025-01-28,3936139.384427107,CASH,0.0,3936139.384427107,,False
2025-01-29,3936139.384427107,CASH,0.0,3936139.384427107,,False
2025-01-30,3936139.384427107,CASH,0.0,3936139.384427107,,False
2025-01-31,3936139.384427107,CASH,0.0,3936139.384427107,,False
2025-02-03,3936139.384427107,TQQQ,98724.14299520399,0.0,39.870079040527344,False
2025-02-04,4079014.547106312,TQQQ,98724.14299520399,0.0,39.870079040527344,False
2025-02-05,4132166.3717585187,TQQQ,98724.14299520399,0.0,39.870079040527344,False
2025-02-06,4194094.9227615222,TQQQ,98724.14299520399,0.0,39.870079040527344,False
2025-02-07,4034152.878092813,TQQQ,98724.14299520399,0.0,39.870079040527344,False
2025-02-10,4176053.0163342487,TQQQ,98724.14299520399,0.0,39.870079040527344,False
2025-02-11,4146307.8038319973,TQQQ,98724.14299520399,0.0,39.870079040527344,False
2025-02-12,4154597.2062652684,TQQQ,98724.14299520399,0.0,39.870079040527344,False
2025-02-13,4329655.707445226,TQQQ,98724.14299520399,0.0,39.870079040527344,False
2025-02-14,4380369.406098931,TQQQ,98724.14299520399,0.0,39.870079040527344,False
2025-02-18,4407676.492602683,TQQQ,98724.14299520399,0.0,39.870079040527344,False
2025-02-19,4408164.569725645,TQQQ,98724.14299520399,0.0,39.870079040527344,False
2025-02-20,4354524.667950476,TQQQ,98724.14299520399,0.0,39.870079040527344,False
2025-02-21,4081939.997022338,TQQQ,98724.14299520399,0.0,39.870079040527344,False
2025-02-24,3935164.3599893376,TQQQ,98724.14299520399,0.0,39.870079040527344,False
2025-02-25,3784974.8193146307,TQQQ,98724.14299520399,0.0,39.870079040527344,False
2025-02-26,3809356.4559023557,TQQQ,98724.14299520399,0.0,39.870079040527344,False
2025-02-27,3621248.2336729383,CASH,0.0,3621248.2336729383,,False
2025-02-28,3621248.2336729383,CASH,0.0,3621248.2336729383,,False
2025-03-03,3621248.2336729383,TECL,54161.02381995425,0.0,66.86077880859375,False
2025-03-04,3599994.4780258182,TECL,54161.02381995425,0.0,66.86077880859375,False
2025-03-05,3750289.748906079,TECL,54161.02381995425,0.0,66.86077880859375,False
2025-03-06,3441096.8802268878,TECL,54161.02381995425,0.0,66.86077880859375,False
2025-03-07,3331548.3749791034,CASH,0.0,3331548.3749791034,,False
2025-03-10,3331548.3749791034,CASH,0.0,3331548.3749791034,,False
2025-03-11,3331548.3749791034,CASH,0.0,3331548.3749791034,,False
2025-03-12,3331548.3749791034,CASH,0.0,3331548.3749791034,,False
2025-03-13,3331548.3749791034,CASH,0.0,3331548.3749791034,,False
2025-03-14,3331548.3749791034,CASH,0.0,3331548.3749791034,,False
2025-03-17,3331548.3749791034,CASH,0.0,3331548.3749791034,,False
2025-03-18,3331548.3749791034,CASH,0.0,3331548.3749791034,,False
2025-03-19,3331548.3749791034,CASH,0.0,3331548.3749791034,,False
2025-03-20,3331548.3749791034,CASH,0.0,3331548.3749791034,,False
2025-03-21,3331548.3749791034,CASH,0.0,3331548.3749791034,,False
2025-03-24,3331548.3749791034,CASH,0.0,3331548.3749791034,,False
2025-03-25,3331548.3749791034,CASH,0.0,3331548.3749791034,,False
2025-03-26,3331548.3749791034,CASH,0.0,3331548.3749791034,,False
2025-03-27,3331548.3749791034,CASH,0.0,3331548.3749791034,,False
2025-03-28,3331548.3749791034,CASH,0.0,3331548.3749791034,,False
2025-03-31,3331548.3749791034,CASH,0.0,3331548.3749791034,,False
2025-04-01,3331548.3749791034,GLD,11585.173314764266,0.0,287.57000732421875,False
2025-04-02,3338383.584808643,GLD,11585.173314764266,0.0,287.57000732421875,False
2025-04-03,3318225.4963774113,GLD,11585.173314764266,0.0,287.57000732421875,False
2025-04-04,3240604.6937479177,GLD,11585.173314764266,0.0,287.57000732421875,False
2025-04-07,3170977.6889897264,GLD,11585.173314764266,0.0,287.57000732421875,False
2025-04-08,3188239.837643699,GLD,11585.173314764266,0.0,287.57000732421875,False
2025-04-09,3306176.8171356553,GLD,11585.173314764266,0.0,287.57000732421875,False
2025-04-10,3386925.4892816194,GLD,11585.173314764266,0.0,287.57000732421875,False
2025-04-11,3451570.6008153744,GLD,11585.173314764266,0.0,287.57000732421875,False
2025-04-14,3431876.018311134,GLD,11585.173314764266,0.0,287.57000732421875,False
2025-04-15,3449832.895528446,GLD,11585.173314764266,0.0,287.57000732421875,False
2025-04-16,3562093.2532326262,GLD,11585.173314764266,0.0,287.57000732421875,False
2025-04-17,3546453.198547408,GLD,11585.173314764266,0.0,287.57000732421875,False
2025-04-21,3656164.803980283,GLD,11585.173314764266,0.0,287.57000732421875,False
2025-04-22,3604263.1002516234,GLD,11585.173314764266,0.0,287.57000732421875,False
2025-04-23,3517837.806317883,GLD,11585.173314764266,0.0,287.57000732421875,False
2025-04-24,3569044.427931771,GLD,11585.173314764266,0.0,287.57000732421875,False
2025-04-25,3530349.9914866304,GLD,11585.173314764266,0.0,287.57000732421875,False
2025-04-28,3580629.6012465353,GLD,11585.173314764266,0.0,287.57000732421875,False
2025-04-29,3545758.116432637,GLD,11585.173314764266,0.0,287.57000732421875,False
2025-04-30,3519227.9705474256,GLD,11585.173314764266,0.0,287.57000732421875,False
2025-05-01,3446125.555215378,GLD,11585.173314764266,0.0,303.7699890136719,False
2025-05-02,3452150.0716119716,GLD,11585.173314764266,0.0,303.7699890136719,False
2025-05-05,3555258.043403087,GLD,11585.173314764266,0.0,303.7699890136719,False
2025-05-06,3654890.6046203463,GLD,11585.173314764266,0.0,303.7699890136719,False
2025-05-07,3600092.6075629955,GLD,11585.173314764266,0.0,303.7699890136719,False
2025-05-08,3529191.4034448676,GLD,11585.173314764266,0.0,303.7699890136719,False
2025-05-09,3554794.537476096,GLD,11585.173314764266,0.0,303.7699890136719,False
2025-05-12,3454582.859013671,GLD,11585.173314764266,0.0,303.7699890136719,False
2025-05-13,3469295.901844906,GLD,11585.173314764266,0.0,303.7699890136719,False
2025-05-14,3396309.4513824643,GLD,11585.173314764266,0.0,303.7699890136719,False
2025-05-15,3450527.9776432174,GLD,11585.173314764266,0.0,303.7699890136719,False
2025-05-16,3408821.2829997796,GLD,11585.173314764266,0.0,303.7699890136719,False
2025-05-19,3452729.188857137,GLD,11585.173314764266,0.0,303.7699890136719,False
2025-05-20,3517026.7593335058,GLD,11585.173314764266,0.0,303.7699890136719,False
2025-05-21,3542977.7879735515,GLD,11585.173314764266,0.0,303.7699890136719,False
2025-05-22,3511581.7137335096,GLD,11585.173314764266,0.0,303.7699890136719,False
2025-05-23,3588507.4342482314,GLD,11585.173314764266,0.0,303.7699890136719,False
2025-05-27,3527685.2743457193,GLD,11585.173314764266,0.0,303.7699890136719,False
2025-05-28,3519691.4764744174,GLD,11585.173314764266,0.0,303.7699890136719,False
2025-05-29,3540544.64702042,GLD,11585.173314764266,0.0,303.7699890136719,False
2025-05-30,3517258.6890727174,GLD,11585.173314764266,0.0,303.7699890136719,False
2025-06-02,3610751.122575209,TECL,52390.951748968226,0.0,68.91936492919922,False
2025-06-03,3772287.225726256,TECL,52390.951748968226,0.0,68.91936492919922,False
2025-06-04,3790944.9470224776,TECL,52390.951748968226,0.0,68.91936492919922,False
2025-06-05,3752156.1687965915,TECL,52390.951748968226,0.0,68.91936492919922,False
2025-06-06,3858701.5982887633,TECL,52390.951748968226,0.0,68.91936492919922,False
2025-06-09,3915165.607581082,TECL,52390.951748968226,0.0,68.91936492919922,False
2025-06-10,3978012.2059658645,TECL,52390.951748968226,0.0,68.91936492919922,False
2025-06-11,3952481.0501735248,TECL,52390.951748968226,0.0,68.91936492919922,False
2025-06-12,4060008.1704730047,TECL,52390.951748968226,0.0,68.91936492919922,False
2025-06-13,3883250.663562555,TECL,52390.951748968226,0.0,68.91936492919922,False
2025-06-16,4075719.62021358,TECL,52390.951748968226,0.0,68.91936492919922,False
2025-06-17,3979976.387002962,TECL,52390.951748968226,0.0,68.91936492919922,False
2025-06-18,4000598.289336281,TECL,52390.951748968226,0.0,68.91936492919922,False
2025-06-20,3939715.072566114,TECL,52390.951748968226,0.0,68.91936492919922,False
2025-06-23,4077683.8012506776,TECL,52390.951748968226,0.0,68.91936492919922,False
2025-06-24,4296210.333398124,TECL,52390.951748968226,0.0,68.91936492919922,False
2025-06-25,4404981.355078851,TECL,52390.951748968226,0.0,68.91936492919922,False
2025-06-26,4498987.443237124,TECL,52390.951748968226,0.0,68.91936492919922,False
2025-06-27,4475362.510351971,TECL,52390.951748968226,0.0,68.91936492919922,False
2025-06-30,4605789.487345864,TECL,52390.951748968226,0.0,68.91936492919922,False
2025-07-01,4484714.154540805,TQQQ,111604.22426921473,0.0,40.18408966064453,False
2025-07-02,4573975.736256124,TQQQ,111604.22426921473,0.0,40.18408966064453,False
2025-07-03,4702047.4417369375,TQQQ,111604.22426921473,0.0,40.18408966064453,False
2025-07-07,4597261.384779091,TQQQ,111604.22426921473,0.0,40.18408966064453,False
2025-07-08,4603360.057694193,TQQQ,111604.22426921473,0.0,40.18408966064453,False
2025-07-09,4698721.163797272,TQQQ,111604.22426921473,0.0,40.18408966064453,False
2025-07-10,4677098.441375974,TQQQ,111604.22426921473,0.0,40.18408966064453,False
2025-07-11,4641615.872759132,TQQQ,111604.22426921473,0.0,40.18408966064453,False
2025-07-14,4690959.139044174,TQQQ,111604.22426921473,0.0,40.18408966064453,False
2025-07-15,4703156.484874378,TQQQ,111604.22426921473,0.0,40.18408966064453,False
2025-07-16,4716462.022369364,TQQQ,111604.22426921473,0.0,40.18408966064453,False
2025-07-17,4826238.134841201,TQQQ,111604.22426921473,0.0,40.18408966064453,False
2025-07-18,4809605.042197563,TQQQ,111604.22426921473,0.0,40.18408966064453,False
2025-07-21,4882788.691442457,TQQQ,111604.22426921473,0.0,40.18408966064453,False
2025-07-22,4806832.647222125,TQQQ,111604.22426921473,0.0,40.18408966064453,False
2025-07-23,4870036.185439039,TQQQ,111604.22426921473,0.0,40.18408966064453,False
2025-07-24,4902193.327588875,TQQQ,111604.22426921473,0.0,40.18408966064453,False
2025-07-25,4929914.297188948,TQQQ,111604.22426921473,0.0,40.18408966064453,False
2025-07-28,4978149.371809208,TQQQ,111604.22426921473,0.0,40.18408966064453,False
2025-07-29,4955417.180514138,TQQQ,111604.22426921473,0.0,40.18408966064453,False
2025-07-30,4972605.007594662,TQQQ,111604.22426921473,0.0,40.18408966064453,False
2025-07-31,4890550.716195556,TQQQ,111604.22426921473,0.0,40.18408966064453,False
2025-08-01,4597261.384779091,TECL,50664.32892280834,0.0,90.73960876464844,False
2025-08-04,4864272.664655661,TECL,50664.32892280834,0.0,90.73960876464844,False
2025-08-05,4764322.401867256,TECL,50664.32892280834,0.0,90.73960876464844,False
2025-08-06,4914248.569126172,TECL,50664.32892280834,0.0,90.73960876464844,False
2025-08-07,4919960.05688987,TECL,50664.32892280834,0.0,90.73960876464844,False
2025-08-08,5057987.033615647,TECL,50664.32892280834,0.0,90.73960876464844,False
2025-08-11,4964699.528987966,TECL,50664.32892280834,0.0,90.73960876464844,False
2025-08-12,5182687.720943667,TECL,50664.32892280834,0.0,90.73960876464844,False
2025-08-13,5191254.952589214,TECL,50664.32892280834,0.0,90.73960876464844,False
2025-08-14,5159365.941421285,TECL,50664.32892280834,0.0,90.73960876464844,False
2025-08-15,5035617.297566599,TECL,50664.32892280834,0.0,90.73960876464844,False
2025-08-18,5061318.605965086,TECL,50664.32892280834,0.0,90.73960876464844,False
2025-08-19,4797163.456508518,TECL,50664.32892280834,0.0,90.73960876464844,False
2025-08-20,4698640.292584729,TECL,50664.32892280834,0.0,90.73960876464844,False
2025-08-21,4645809.417308677,TECL,50664.32892280834,0.0,90.73960876464844,False
2025-08-22,4832859.868493477,TECL,50664.32892280834,0.0,90.73960876464844,False
2025-08-25,4798115.113443699,TECL,50664.32892280834,0.0,90.73960876464844,False
2025-08-26,4863321.007720481,TECL,50664.32892280834,0.0,90.73960876464844,False
2025-08-27,4933286.73282578,TECL,50664.32892280834,0.0,90.73960876464844,False
2025-08-28,5050371.845443434,TECL,50664.32892280834,0.0,90.73960876464844,False
2025-08-29,4819056.977551822,TECL,50664.32892280834,0.0,90.73960876464844,False
2025-09-02,4672462.769180498,TECL,50664.32892280834,0.0,95.11735534667969,False
2025-09-03,4747663.767043752,TECL,50664.32892280834,0.0,95.11735534667969,False
2025-09-04,4816201.233669973,TECL,50664.32892280834,0.0,95.11735534667969,False
2025-09-05,4826196.723794598,TECL,50664.32892280834,0.0,95.11735534667969,False
2025-09-08,4932810.9043581905,TECL,50664.32892280834,0.0,95.11735534667969,False
2025-09-09,4963272.043585195,TECL,50664.32892280834,0.0,95.11735534667969,False
2025-09-10,5227427.579579917,TECL,50664.32892280834,0.0,95.11735534667969,False
2025-09-11,5264552.636582107,TECL,50664.32892280834,0.0,95.11735534667969,False
2025-09-12,5265979.735446723,TECL,50664.32892280834,0.0,95.11735534667969,False
2025-09-15,5404007.485248809,TECL,50664.32892280834,0.0,95.11735534667969,False
2025-09-16,5347368.436079419,TECL,50664.32892280834,0.0,95.11735534667969,False
2025-09-17,5305008.492857429,TECL,50664.32892280834,0.0,95.11735534667969,False
2025-09-18,5558217.268330499,TECL,50664.32892280834,0.0,95.11735534667969,False
2025-09-19,5721945.939992916,TECL,50664.32892280834,0.0,95.11735534667969,False
2025-09-22,5980866.589767838,TECL,50664.32892280834,0.0,95.11735534667969,False
2025-09-23,5819041.618513935,TECL,50664.32892280834,0.0,95.11735534667969,False
2025-09-24,5724325.855407175,TECL,50664.32892280834,0.0,95.11735534667969,False
2025-09-25,5682441.740652774,TECL,50664.32892280834,0.0,95.11735534667969,False
2025-09-26,5728133.256224204,TECL,50664.32892280834,0.0,95.11735534667969,False
2025-09-29,5810949.828797825,TECL,50664.32892280834,0.0,95.11735534667969,False
2025-09-30,5919468.096308085,TECL,50664.32892280834,0.0,95.11735534667969,False
2025-10-01,6085100.854917171,TECL,50664.32892280834,0.0,116.83699798583984,False
2025-10-02,6187431.806196144,TECL,50664.32892280834,0.0,116.83699798583984,False
2025-10-03,6083196.767970502,TECL,50664.32892280834,0.0,116.83699798583984,False
2025-10-06,6265964.376408837,TECL,50664.32892280834,0.0,116.83699798583984,False
2025-10-07,6140310.872531174,TECL,50664.32892280834,0.0,116.83699798583984,False
2025-10-08,6450159.856788095,TECL,50664.32892280834,0.0,116.83699798583984,False
2025-10-09,6430169.263076998,TECL,50664.32892280834,0.0,116.83699798583984,False
2025-10-10,5658643.7461246485,TECL,50664.32892280834,0.0,116.83699798583984,False
2025-10-13,6048452.399458879,TECL,50664.32892280834,0.0,116.83699798583984,False
2025-10-14,5819041.618513935,TECL,50664.32892280834,0.0,116.83699798583984,False
2025-10-15,5980390.374762094,TECL,50664.32892280834,0.0,116.83699798583984,False
2025-10-16,5999428.538461702,TECL,50664.32892280834,0.0,116.83699798583984,False
2025-10-17,6020846.617575569,TECL,50664.32892280834,0.0,116.83699798583984,False
2025-10-20,6220272.087761099,TECL,50664.32892280834,0.0,116.83699798583984,False
2025-10-21,6235979.452187576,TECL,50664.32892280834,0.0,116.83699798583984,False
2025-10-22,6044644.612103696,TECL,50664.32892280834,0.0,116.83699798583984,False
2025-10-23,6260728.717112728,TECL,50664.32892280834,0.0,116.83699798583984,False
2025-10-24,6555345.392334455,TECL,50664.32892280834,0.0,116.83699798583984,False
2025-10-27,6918500.30725871,TECL,50664.32892280834,0.0,116.83699798583984,False
2025-10-28,7120781.907864243,TECL,50664.32892280834,0.0,116.83699798583984,False
2025-10-29,7267851.944703156,TECL,50664.32892280834,0.0,116.83699798583984,False
2025-10-30,7013216.07036547,TECL,50664.32892280834,0.0,116.83699798583984,False
2025-10-31,7023686.615881378,TECL,50664.32892280834,0.0,116.83699798583984,False
2025-11-03,7103171.229567405,TECL,50664.32892280834,0.0,138.6317901611328,False
2025-11-04,6547254.375694652,TECL,50664.32892280834,0.0,138.6317901611328,False
2025-11-05,6616267.670788463,TECL,50664.32892280834,0.0,138.6317901611328,False
2025-11-06,6461791.686610867,CASH,0.0,6461791.686610867,,False
2025-11-07,6461791.686610867,CASH,0.0,6461791.686610867,,False
2025-11-10,6461791.686610867,CASH,0.0,6461791.686610867,,False
2025-11-11,6461791.686610867,CASH,0.0,6461791.686610867,,False
2025-11-12,6461791.686610867,CASH,0.0,6461791.686610867,,False
2025-11-13,6461791.686610867,CASH,0.0,6461791.686610867,,False
2025-11-14,6461791.686610867,CASH,0.0,6461791.686610867,,False
2025-11-17,6461791.686610867,CASH,0.0,6461791.686610867,,False
2025-11-18,6461791.686610867,CASH,0.0,6461791.686610867,,False
2025-11-19,6461791.686610867,CASH,0.0,6461791.686610867,,False
2025-11-20,6461791.686610867,CASH,0.0,6461791.686610867,,False
2025-11-21,6461791.686610867,CASH,0.0,6461791.686610867,,False
2025-11-24,6461791.686610867,CASH,0.0,6461791.686610867,,False
2025-11-25,6461791.686610867,CASH,0.0,6461791.686610867,,False
2025-11-26,6461791.686610867,CASH,0.0,6461791.686610867,,False
2025-11-28,6461791.686610867,CASH,0.0,6461791.686610867,,False
2025-12-01,6461791.686610867,TQQQ,120213.43363432249,0.0,53.75265884399414,False
2025-12-02,6611231.662778364,TQQQ,120213.43363432249,0.0,53.75265884399414,False
2025-12-03,6657857.107767897,TQQQ,120213.43363432249,0.0,53.75265884399414,False
2025-12-04,6636337.883270199,TQQQ,120213.43363432249,0.0,53.75265884399414,False
2025-12-05,6712851.5986399455,TQQQ,120213.43363432249,0.0,53.75265884399414,False
2025-12-08,6671008.203538789,TQQQ,120213.43363432249,0.0,53.75265884399414,False
2025-12-09,6696113.506874912,TQQQ,120213.43363432249,0.0,53.75265884399414,False
2025-12-10,6772627.680822515,TQQQ,120213.43363432249,0.0,53.75265884399414,False
2025-12-11,6708069.090173712,TQQQ,120213.43363432249,0.0,53.75265884399414,False
2025-12-12,6314742.276809703,TQQQ,120213.43363432249,0.0,53.75265884399414,False
2025-12-15,6219100.820464306,TQQQ,120213.43363432249,0.0,53.75265884399414,False
2025-12-16,6256162.624254941,TQQQ,120213.43363432249,0.0,53.75265884399414,False
2025-12-17,5944848.351681998,CASH,0.0,5944848.351681998,,False
2025-12-18,5944848.351681998,CASH,0.0,5944848.351681998,,False
2025-12-19,5944848.351681998,CASH,0.0,5944848.351681998,,False
2025-12-22,5944848.351681998,CASH,0.0,5944848.351681998,,False
2025-12-23,5944848.351681998,CASH,0.0,5944848.351681998,,False
2025-12-24,5944848.351681998,CASH,0.0,5944848.351681998,,False
2025-12-26,5944848.351681998,CASH,0.0,5944848.351681998,,False
2025-12-29,5944848.351681998,CASH,0.0,5944848.351681998,,False
2025-12-30,5944848.351681998,CASH,0.0,5944848.351681998,,False
2025-12-31,5944848.351681998,CASH,0.0,5944848.351681998,,False
2026-01-02,5944848.351681998,TECL,50409.811807691156,0.0,117.93038177490234,False
2026-01-05,5987110.105376913,TECL,50409.811807691156,0.0,117.93038177490234,False
2026-01-06,6235650.876578839,TECL,50409.811807691156,0.0,117.93038177490234,False
2026-01-07,6215525.719167089,TECL,50409.811807691156,0.0,117.93038177490234,False
2026-01-08,5927742.2755590845,TECL,50409.811807691156,0.0,117.93038177490234,False
2026-01-09,6158673.534025729,TECL,50409.811807691156,0.0,117.93038177490234,False
2026-01-12,6237160.032626914,TECL,50409.811807691156,0.0,117.93038177490234,False
2026-01-13,6198419.643044176,TECL,50409.811807691156,0.0,117.93038177490234,False
2026-01-14,5962960.147240619,TECL,50409.811807691156,0.0,117.93038177490234,False
2026-01-15,6055534.025272224,TECL,50409.811807691156,0.0,117.93038177490234,False
2026-01-16,6072640.101395138,TECL,50409.811807691156,0.0,117.93038177490234,False
2026-01-20,5595180.664387012,TECL,50409.811807691156,0.0,117.93038177490234,False
2026-01-21,5829634.0561585175,TECL,50409.811807691156,0.0,117.93038177490234,False
2026-01-22,5957426.575064342,TECL,50409.811807691156,0.0,117.93038177490234,False
2026-01-23,5979563.5559438495,TECL,50409.811807691156,0.0,117.93038177490234,False
2026-01-26,6099305.7042079,TECL,50409.811807691156,0.0,117.93038177490234,False
2026-01-27,6345330.446137014,TECL,50409.811807691156,0.0,117.93038177490234,False
2026-01-28,6490228.656569409,TECL,50409.811807691156,0.0,117.93038177490234,False
2026-01-29,6174270.454100566,TECL,50409.811807691156,0.0,117.93038177490234,False
2026-01-30,5807497.0752790095,TECL,50409.811807691156,0.0,117.93038177490234,False
2026-02-02,5963463.583852987,TECL,50409.811807691156,0.0,115.2056884765625,False
2026-02-03,5342897.309256689,CASH,0.0,5342897.309256689,,False
2026-02-04,5342897.309256689,CASH,0.0,5342897.309256689,,False
2026-02-05,5342897.309256689,CASH,0.0,5342897.309256689,,False
2026-02-06,5342897.309256689,CASH,0.0,5342897.309256689,,False
2026-02-09,5342897.309256689,CASH,0.0,5342897.309256689,,False
2026-02-10,5342897.309256689,CASH,0.0,5342897.309256689,,False
2026-02-11,5342897.309256689,CASH,0.0,5342897.309256689,,False
2026-02-12,5342897.309256689,CASH,0.0,5342897.309256689,,False
2026-02-13,5342897.309256689,CASH,0.0,5342897.309256689,,False
2026-02-17,5342897.309256689,CASH,0.0,5342897.309256689,,False
2026-02-18,5342897.309256689,CASH,0.0,5342897.309256689,,False
2026-02-19,5342897.309256689,CASH,0.0,5342897.309256689,,False
2026-02-20,5342897.309256689,CASH,0.0,5342897.309256689,,False
2026-02-23,5342897.309256689,CASH,0.0,5342897.309256689,,False
2026-02-24,5342897.309256689,CASH,0.0,5342897.309256689,,False
2026-02-25,5342897.309256689,CASH,0.0,5342897.309256689,,False
2026-02-26,5342897.309256689,CASH,0.0,5342897.309256689,,False
2026-02-27,5342897.309256689,CASH,0.0,5342897.309256689,,False
2026-03-02,5342897.309256689,TQQQ,107928.6359337601,0.0,49.50398254394531,False
2026-03-03,4915465.524516154,CASH,0.0,4915465.524516154,,False
2026-03-04,4915465.524516154,CASH,0.0,4915465.524516154,,False
2026-03-05,4915465.524516154,CASH,0.0,4915465.524516154,,False
2026-03-06,4915465.524516154,CASH,0.0,4915465.524516154,,False
2026-03-09,4915465.524516154,CASH,0.0,4915465.524516154,,False
2026-03-10,4915465.524516154,CASH,0.0,4915465.524516154,,False
2026-03-11,4915465.524516154,CASH,0.0,4915465.524516154,,False
2026-03-12,4915465.524516154,CASH,0.0,4915465.524516154,,False
2026-03-13,4915465.524516154,CASH,0.0,4915465.524516154,,False
2026-03-16,4915465.524516154,CASH,0.0,4915465.524516154,,False
2026-03-17,4915465.524516154,CASH,0.0,4915465.524516154,,False
2026-03-18,4915465.524516154,CASH,0.0,4915465.524516154,,False
2026-03-19,4915465.524516154,CASH,0.0,4915465.524516154,,False
2026-03-20,4915465.524516154,CASH,0.0,4915465.524516154,,False
2026-03-23,4915465.524516154,CASH,0.0,4915465.524516154,,False
2026-03-24,4915465.524516154,CASH,0.0,4915465.524516154,,False
2026-03-25,4915465.524516154,CASH,0.0,4915465.524516154,,False
2026-03-26,4915465.524516154,CASH,0.0,4915465.524516154,,False
2026-03-27,4915465.524516154,CASH,0.0,4915465.524516154,,False
2026-03-30,4915465.524516154,CASH,0.0,4915465.524516154,,False
2026-03-31,4915465.524516154,CASH,0.0,4915465.524516154,,False
2026-04-01,4915465.524516154,GLD,11227.137733055002,0.0,437.82000732421875,False
2026-04-02,4821045.2550661545,GLD,11227.137733055002,0.0,437.82000732421875,False
2026-04-06,4801285.383015961,GLD,11227.137733055002,0.0,437.82000732421875,False
2026-04-07,4847990.3171004765,GLD,11227.137733055002,0.0,437.82000732421875,False
2026-04-08,4878528.145439388,GLD,11227.137733055002,0.0,437.82000732421875,False
2026-04-09,4916475.9257971225,GLD,11227.137733055002,0.0,437.82000732421875,False
2026-04-10,4907718.772070342,GLD,11227.137733055002,0.0,437.82000732421875,False
2026-04-13,4887846.519002801,GLD,11227.137733055002,0.0,437.82000732421875,False
2026-04-14,4997086.6924904445,GLD,11227.137733055002,0.0,437.82000732421875,False
2026-04-15,4945104.989966392,GLD,11227.137733055002,0.0,437.82000732421875,False
2026-04-16,4940838.622807822,GLD,11227.137733055002,0.0,437.82000732421875,False
2026-04-17,5006517.447071204,GLD,11227.137733055002,0.0,437.82000732421875,False
2026-04-20,4963405.27929128,GLD,11227.137733055002,0.0,437.82000732421875,False
2026-04-21,4822841.63821845,GLD,11227.137733055002,0.0,437.82000732421875,False
2026-04-22,4886724.079329537,GLD,11227.137733055002,0.0,437.82000732421875,False
2026-04-23,4839345.544391043,GLD,11227.137733055002,0.0,437.82000732421875,False
2026-04-24,4864157.42284608,GLD,11227.137733055002,0.0,437.82000732421875,False
2026-04-27,4826434.40452304,GLD,11227.137733055002,0.0,437.82000732421875,False
2026-04-28,4736841.722068243,GLD,11227.137733055002,0.0,437.82000732421875,False
2026-04-29,4686319.602269495,GLD,11227.137733055002,0.0,437.82000732421875,False
2026-04-30,4756489.213101089,GLD,11227.137733055002,0.0,437.82000732421875,False
2026-05-01,4751100.063644203,TECL,31149.241039197394,0.0,152.52699279785156,False
2026-05-04,4766349.579170045,TECL,31149.241039197394,0.0,152.52699279785156,False
2026-05-05,5076948.4261288885,TECL,31149.241039197394,0.0,152.52699279785156,False
2026-05-06,5478423.14953688,TECL,31149.241039197394,0.0,152.52699279785156,False
2026-05-07,5441387.79703178,TECL,31149.241039197394,0.0,152.52699279785156,False
2026-05-08,6009366.183711322,TECL,31149.241039197394,0.0,152.52699279785156,False
2026-05-11,6246205.646962464,TECL,31149.241039197394,0.0,152.52699279785156,False
2026-05-12,5965484.139049702,TECL,31149.241039197394,0.0,152.52699279785156,False
2026-05-13,6135721.756752466,TECL,31149.241039197394,0.0,152.52699279785156,False
2026-05-14,6403683.368959992,TECL,31149.241039197394,0.0,152.52699279785156,False
2026-05-15,6070365.671713787,TECL,31149.241039197394,0.0,152.52699279785156,False
2026-05-18,5854067.235531599,TECL,31149.241039197394,0.0,152.52699279785156,False
2026-05-19,5740160.23689319,TECL,31149.241039197394,0.0,152.52699279785156,False
2026-05-20,6127941.575988144,TECL,31149.241039197394,0.0,152.52699279785156,False
2026-05-21,6274837.700798543,TECL,31149.241039197394,0.0,152.52699279785156,False
2026-05-22,6468728.607995869,TECL,31149.241039197394,0.0,152.52699279785156,False
2026-05-26,6973217.886852339,TECL,31149.241039197394,0.0,152.52699279785156,False
2026-05-27,6880163.236585385,TECL,31149.241039197394,0.0,152.52699279785156,False
2026-05-28,7165863.508839662,TECL,31149.241039197394,0.0,152.52699279785156,False
2026-05-29,7637052.340221642,TECL,31149.241039197394,0.0,152.52699279785156,False
2026-06-01,8205964.6908086855,TQQQ,95593.42592048387,0.0,85.84235382080078,False
2026-06-02,8318506.05398152,TQQQ,95593.42592048387,0.0,85.84235382080078,False
2026-06-03,8255558.4481526865,TQQQ,95593.42592048387,0.0,85.84235382080078,False
2026-06-04,8127758.25275704,TQQQ,95593.42592048387,0.0,85.84235382080078,False
2026-06-05,7549487.515543991,CASH,0.0,7549487.515543991,,False
2026-06-08,7549487.515543991,CASH,0.0,7549487.515543991,,False
2026-06-09,7549487.515543991,CASH,0.0,7549487.515543991,,False
2026-06-10,7549487.515543991,CASH,0.0,7549487.515543991,,False
2026-06-11,7549487.515543991,CASH,0.0,7549487.515543991,,False
2026-06-12,7549487.515543991,CASH,0.0,7549487.515543991,,False
