date,equity,ending_balance,tax_withdrawal,cumulative_tax_withdrawal,holding,branch,cash,shares
2021-01-04,23669.650260530787,23669.650260530787,0.0,0.0,TQQQ,bull_trend,1263.0905071128182,1082
2021-01-05,24231.58701666482,24231.58701666482,0.0,0.0,TQQQ,bull_trend,1263.0905071128182,1082
2021-01-06,23281.706306063013,23281.706306063013,0.0,0.0,TQQQ,bull_trend,1263.0905071128182,1082
2021-01-07,24872.14237555154,24872.14237555154,0.0,0.0,TQQQ,bull_trend,1263.0905071128182,1082
2021-01-08,25787.22204931863,25787.22204931863,0.0,0.0,TQQQ,bull_trend,1263.0905071128182,1082
2021-01-11,24703.302760683375,24703.302760683375,0.0,0.0,TQQQ,bull_trend,1263.0905071128182,1082
2021-01-12,24601.485530458765,24601.485530458765,0.0,0.0,TQQQ,bull_trend,1263.0905071128182,1082
2021-01-13,25055.155833803492,25055.155833803492,0.0,0.0,TQQQ,bull_trend,1263.0905071128182,1082
2021-01-14,24692.992259584742,24692.992259584742,0.0,0.0,TQQQ,bull_trend,1263.0905071128182,1082
2021-01-15,24123.322627626734,24123.322627626734,0.0,0.0,TQQQ,bull_trend,1263.0905071128182,1082
2021-01-19,25114.447406374293,25114.447406374293,0.0,0.0,TQQQ,bull_trend,1263.0905071128182,1082
2021-01-20,26777.056983553248,26777.056983553248,0.0,0.0,TQQQ,bull_trend,1263.0905071128182,1082
2021-01-21,27411.16724737771,27411.16724737771,0.0,0.0,TQQQ,bull_trend,1263.0905071128182,1082
2021-01-22,27174.017467104273,27174.017467104273,0.0,0.0,TQQQ,bull_trend,1263.0905071128182,1082
2021-01-25,27893.19555624612,27893.19555624612,0.0,0.0,TQQQ,bull_trend,1263.0905071128182,1082
2021-01-26,27921.54943426736,27921.54943426736,0.0,0.0,TQQQ,bull_trend,1263.0905071128182,1082
2021-01-27,25771.752170168238,25771.752170168238,0.0,0.0,TQQQ,bull_trend,1263.0905071128182,1082
2021-01-28,26132.63415487893,26132.63415487893,0.0,0.0,TQQQ,bull_trend,1263.0905071128182,1082
2021-01-29,24583.440089784937,24583.440089784937,0.0,0.0,TQQQ,bull_trend,1263.0905071128182,1082
2021-02-01,26297.60836371072,26297.60836371072,0.0,0.0,TQQQ,bull_trend,1263.0905071128182,1082
2021-02-02,27509.117007814722,27509.117007814722,0.0,0.0,TQQQ,bull_trend,1263.0905071128182,1082
2021-02-03,27207.532786928492,27207.532786928492,0.0,0.0,TQQQ,bull_trend,1263.0905071128182,1082
2021-02-04,28125.18802221902,28125.18802221902,0.0,0.0,TQQQ,bull_trend,1263.0905071128182,1082
2021-02-05,28406.157432161646,28406.157432161646,0.0,0.0,TQQQ,bull_trend,1263.0905071128182,1082
2021-02-08,28937.16062124856,28937.16062124856,0.0,0.0,TQQQ,bull_trend,1263.0905071128182,1082
2021-02-09,28924.27043112405,28924.27043112405,0.0,0.0,TQQQ,bull_trend,1263.0905071128182,1082
2021-02-10,28728.366782747584,28728.366782747584,0.0,0.0,TQQQ,bull_trend,1263.0905071128182,1082
2021-02-11,29171.726584993678,29171.726584993678,0.0,0.0,TQQQ,bull_trend,1263.0905071128182,1082
2021-02-12,29646.02201803811,29646.02201803811,0.0,0.0,TQQQ,bull_trend,1263.0905071128182,1082
2021-02-16,29408.874301515894,29408.874301515894,0.0,0.0,TQQQ,bull_trend,1263.0905071128182,1082
2021-02-17,29017.067004762965,29017.067004762965,0.0,0.0,TQQQ,bull_trend,1263.0905071128182,1082
2021-02-18,28643.2989574302,28643.2989574302,0.0,0.0,TQQQ,bull_trend,1263.0905071128182,1082
2021-02-19,28282.429355226832,28282.429355226832,0.0,0.0,TQQQ,bull_trend,1263.0905071128182,1082
2021-02-22,26189.33984717019,26189.33984717019,0.0,0.0,TQQQ,bull_trend,1263.0905071128182,1082
2021-02-23,25967.659946047144,25967.659946047144,0.0,0.0,TQQQ,bull_trend,1263.0905071128182,1082
2021-02-24,26563.105830751734,26563.105830751734,0.0,0.0,TQQQ,bull_trend,1263.0905071128182,1082
2021-02-25,23920.975947939234,23920.975947939234,0.0,0.0,TQQQ,bull_trend,1263.0905071128182,1082
2021-02-26,24261.230739199,24261.230739199,0.0,0.0,TQQQ,bull_trend,1263.0905071128182,1082
2021-03-01,26266.67273291238,26266.67273291238,0.0,0.0,TQQQ,bull_trend,1263.0905071128182,1082
2021-03-02,25068.046023928004,25068.046023928004,0.0,0.0,TQQQ,bull_trend,1263.0905071128182,1082
2021-03-03,23003.316585146265,23003.316585146265,0.0,0.0,TQQQ,bull_trend,1263.0905071128182,1082
2021-03-04,21928.420016847926,21928.420016847926,0.0,0.0,TQQQ,bull_trend,1263.0905071128182,1082
2021-03-05,22853.81431921609,22853.81431921609,0.0,0.0,TQQQ,bull_trend,1263.0905071128182,1082
2021-03-08,21008.18715628274,21008.18715628274,0.0,0.0,TQQQ,bull_trend,1263.0905071128182,1082
2021-03-09,23333.26293905862,23333.26293905862,0.0,0.0,TQQQ,bull_trend,1263.0905071128182,1082
2021-03-10,23145.09216650613,23145.09216650613,0.0,0.0,TQQQ,bull_trend,1263.0905071128182,1082
2021-03-11,24663.348537050562,24663.348537050562,0.0,0.0,TQQQ,bull_trend,1263.0905071128182,1082
2021-03-12,24080.788714968043,24080.788714968043,0.0,0.0,TQQQ,bull_trend,1263.0905071128182,1082
2021-03-15,24810.279368959742,24810.279368959742,0.0,0.0,TQQQ,bull_trend,1263.0905071128182,1082
2021-03-16,25196.933478914576,25196.933478914576,0.0,0.0,TQQQ,bull_trend,1263.0905071128182,1082
2021-03-17,25498.517699800806,25498.517699800806,0.0,0.0,TQQQ,bull_trend,1263.0905071128182,1082
2021-03-18,23273.97549399026,23273.97549399026,0.0,0.0,TQQQ,bull_trend,1263.0905071128182,1082
2021-03-19,23554.942840181666,23554.942840181666,0.0,0.0,TQQQ,bull_trend,1263.0905071128182,1082
2021-03-22,24743.26111181863,24743.26111181863,0.0,0.0,TQQQ,bull_trend,1263.0905071128182,1082
2021-03-23,24436.51544912942,24436.51544912942,0.0,0.0,TQQQ,bull_trend,1263.0905071128182,1082
2021-03-24,23266.244681917506,23266.244681917506,0.0,0.0,TQQQ,bull_trend,1263.0905071128182,1082
2021-03-25,23147.671855532008,23147.671855532008,0.0,0.0,TQQQ,bull_trend,1263.0905071128182,1082
2021-03-26,24114.30197104104,24114.30197104104,0.0,0.0,TQQQ,bull_trend,1263.0905071128182,1082
2021-03-29,24101.41384466775,24101.41384466775,0.0,0.0,TQQQ,bull_trend,1263.0905071128182,1082
2021-03-30,23776.622741304713,23776.622741304713,0.0,0.0,TQQQ,bull_trend,1263.0905071128182,1082
2021-03-31,24787.080741487818,24787.080741487818,0.0,0.0,TQQQ,bull_trend,1263.0905071128182,1082
2021-04-01,25983.129825197535,25983.129825197535,0.0,0.0,TQQQ,bull_trend,1263.0905071128182,1082
2021-04-05,27467.87500342019,27467.87500342019,0.0,0.0,TQQQ,bull_trend,1263.0905071128182,1082
2021-04-06,27406.011996828394,27406.011996828394,0.0,0.0,TQQQ,bull_trend,1263.0905071128182,1082
2021-04-07,27599.34008368142,27599.34008368142,0.0,0.0,TQQQ,bull_trend,1263.0905071128182,1082
2021-04-08,28421.619056307154,28421.619056307154,0.0,0.0,TQQQ,bull_trend,1263.0905071128182,1082
2021-04-09,28913.957866274195,28913.957866274195,0.0,0.0,TQQQ,bull_trend,1263.0905071128182,1082
2021-04-12,28805.69966848977,28805.69966848977,0.0,0.0,TQQQ,bull_trend,1263.0905071128182,1082
2021-04-13,29749.13115652688,29749.13115652688,0.0,0.0,TQQQ,bull_trend,1263.0905071128182,1082
2021-04-14,28748.983657442408,28748.983657442408,0.0,0.0,TQQQ,bull_trend,1263.0905071128182,1082
2021-04-15,29963.078181825953,29963.078181825953,0.0,0.0,TQQQ,bull_trend,1263.0905071128182,1082
2021-04-16,29484.085701305863,29484.085701305863,0.0,0.0,UVXY,bull_overbought,7084.085701305863,2
2021-04-19,29451.248291762615,29451.248291762615,0.0,0.0,TQQQ,bull_trend,1494.0353458245045,1079
2021-04-20,28839.462075026775,28839.462075026775,0.0,0.0,TQQQ,bull_trend,1494.0353458245045,1079
2021-04-21,29530.935181411052,29530.935181411052,0.0,0.0,TQQQ,bull_trend,1494.0353458245045,1079
2021-04-22,28510.430544646526,28510.430544646526,0.0,0.0,TQQQ,bull_trend,1494.0353458245045,1079
2021-04-23,29528.362644942546,29528.362644942546,0.0,0.0,TQQQ,bull_trend,1494.0353458245045,1079
2021-04-26,30083.602452071453,30083.602452071453,0.0,0.0,TQQQ,bull_trend,1494.0353458245045,1079
2021-04-27,29708.302309783245,29708.302309783245,0.0,0.0,TQQQ,bull_trend,1494.0353458245045,1079
2021-04-28,29417.834130080486,29417.834130080486,0.0,0.0,TQQQ,bull_trend,1494.0353458245045,1079
2021-04-29,29698.02039602592,29698.02039602592,0.0,0.0,TQQQ,bull_trend,1494.0353458245045,1079
2021-04-30,29168.485373290325,29168.485373290325,0.0,0.0,TQQQ,bull_trend,1494.0353458245045,1079
2021-05-03,28716.070877822185,28716.070877822185,0.0,0.0,TQQQ,bull_trend,1494.0353458245045,1079
2021-05-04,27281.71509626701,27281.71509626701,0.0,0.0,TQQQ,bull_trend,1494.0353458245045,1079
2021-05-05,26980.958828719402,26980.958828719402,0.0,0.0,TQQQ,bull_trend,1494.0353458245045,1079
2021-05-06,27538.767056258464,27538.767056258464,0.0,0.0,TQQQ,bull_trend,1494.0353458245045,1079
2021-05-07,28176.258057387615,28176.258057387615,0.0,0.0,TQQQ,bull_trend,1494.0353458245045,1079
2021-05-10,26171.239598067546,26171.239598067546,0.0,0.0,TQQQ,bull_trend,1494.0353458245045,1079
2021-05-11,26047.848400862957,26047.848400862957,0.0,0.0,TQQQ,bull_trend,1494.0353458245045,1079
2021-05-12,24179.069414885784,24179.069414885784,0.0,0.0,TQQQ,bull_trend,1494.0353458245045,1079
2021-05-13,24657.19075277641,24657.19075277641,0.0,0.0,TQQQ,bull_trend,1494.0353458245045,1079
2021-05-14,26163.524046691204,26163.524046691204,0.0,0.0,TQQQ,bull_trend,1494.0353458245045,1079
2021-05-17,25747.0962493737,25747.0962493737,0.0,0.0,TQQQ,bull_trend,1494.0353458245045,1079
2021-05-18,25238.131228240276,25238.131228240276,0.0,0.0,TQQQ,bull_trend,1494.0353458245045,1079
2021-05-19,25325.529553206707,25325.529553206707,0.0,0.0,TQQQ,bull_trend,1494.0353458245045,1079
2021-05-20,26703.340983184124,26703.340983184124,0.0,0.0,TQQQ,bull_trend,1494.0353458245045,1079
2021-05-21,26286.911127837444,26286.911127837444,0.0,0.0,TQQQ,bull_trend,1494.0353458245045,1079
2021-05-24,27528.483084471965,27528.483084471965,0.0,0.0,TQQQ,bull_trend,1494.0353458245045,1079
2021-05-25,27654.438586028362,27654.438586028362,0.0,0.0,TQQQ,bull_trend,1494.0353458245045,1079
2021-05-26,27919.20609739616,27919.20609739616,0.0,0.0,TQQQ,bull_trend,1494.0353458245045,1079
2021-05-27,27610.740452559734,27610.740452559734,0.0,0.0,TQQQ,bull_trend,1494.0353458245045,1079
2021-05-28,27865.219876082683,27865.219876082683,0.0,0.0,TQQQ,bull_trend,1494.0353458245045,1079
2021-06-01,27608.167916091228,27608.167916091228,0.0,0.0,TQQQ,bull_trend,1494.0353458245045,1079
2021-06-02,27744.411505492473,27744.411505492473,0.0,0.0,TQQQ,bull_trend,1494.0353458245045,1079
2021-06-03,26919.263230117107,26919.263230117107,0.0,0.0,TQQQ,bull_trend,1494.0353458245045,1079
2021-06-04,28222.5328433831,28222.5328433831,0.0,0.0,TQQQ,bull_trend,1494.0353458245045,1079
2021-06-07,28459.020975859905,28459.020975859905,0.0,0.0,TQQQ,bull_trend,1494.0353458245045,1079
2021-06-08,28489.868775161052,28489.868775161052,0.0,0.0,TQQQ,bull_trend,1494.0353458245045,1079
2021-06-09,28520.714516433025,28520.714516433025,0.0,0.0,TQQQ,bull_trend,1494.0353458245045,1079
2021-06-10,29348.429154189373,29348.429154189373,0.0,0.0,TQQQ,bull_trend,1494.0353458245045,1079
2021-06-11,29569.494416030193,29569.494416030193,0.0,0.0,TQQQ,bull_trend,1494.0353458245045,1079
2021-06-14,30356.081398757244,30356.081398757244,0.0,0.0,TQQQ,bull_trend,1494.0353458245045,1079
2021-06-15,29821.405419142986,29821.405419142986,0.0,0.0,TQQQ,bull_trend,1494.0353458245045,1079
2021-06-16,29518.082789214397,29518.082789214397,0.0,0.0,TQQQ,bull_trend,1494.0353458245045,1079
2021-06-17,30564.292210372234,30564.292210372234,0.0,0.0,TQQQ,bull_trend,1494.0353458245045,1079
2021-06-18,29870.24656751945,29870.24656751945,0.0,0.0,TQQQ,bull_trend,1494.0353458245045,1079
2021-06-21,30389.495560439373,30389.495560439373,0.0,0.0,TQQQ,bull_trend,1494.0353458245045,1079
2021-06-22,31196.646370681072,31196.646370681072,0.0,0.0,TQQQ,bull_trend,1494.0353458245045,1079
2021-06-23,31248.053881438518,31248.053881438518,0.0,0.0,TQQQ,bull_trend,1494.0353458245045,1079
2021-06-24,31795.584311278606,31795.584311278606,0.0,0.0,TQQQ,bull_trend,1494.0353458245045,1079
2021-06-25,31700.474550994182,31700.474550994182,0.0,0.0,TQQQ,bull_trend,1494.0353458245045,1079
2021-06-28,32769.82033613518,32769.82033613518,0.0,0.0,TQQQ,bull_trend,1494.0353458245045,1079
2021-06-29,33121.982056411056,33121.982056411056,0.0,0.0,TQQQ,bull_trend,1494.0353458245045,1079
2021-06-30,32983.16798857048,32983.16798857048,0.0,0.0,TQQQ,bull_trend,1494.0353458245045,1079
2021-07-01,32998.59703329399,32998.59703329399,0.0,0.0,TQQQ,bull_trend,1494.0353458245045,1079
2021-07-02,34067.94076040581,34067.94076040581,0.0,0.0,TQQQ,bull_trend,1494.0353458245045,1079
2021-07-06,35485.82078338397,35485.82078338397,0.0,0.0,UVXY,bull_overbought,7445.82078338397,4
2021-07-07,35605.82078338397,35605.82078338397,0.0,0.0,UVXY,bull_overbought,7445.82078338397,4
2021-07-08,40248.78233275735,40248.78233275735,0.0,0.0,TQQQ,bull_trend,1975.3470262082774,1265
2021-07-09,40896.71940169656,40896.71940169656,0.0,0.0,TQQQ,bull_trend,1975.3470262082774,1265
2021-07-12,41384.946263650294,41384.946263650294,0.0,0.0,TQQQ,bull_trend,1975.3470262082774,1265
2021-07-13,41363.84636245095,41363.84636245095,0.0,0.0,TQQQ,bull_trend,1975.3470262082774,1265
2021-07-14,42203.491628066324,42203.491628066324,0.0,0.0,UVXY,bull_overbought,8365.991628066324,5
2021-07-15,42586.245667523246,42586.245667523246,0.0,0.0,TQQQ,bull_trend,2178.6032267273476,1318
2021-07-16,41594.02511698614,41594.02511698614,0.0,0.0,TQQQ,bull_trend,2178.6032267273476,1318
2021-07-19,40648.90723902593,40648.90723902593,0.0,0.0,TQQQ,bull_trend,2178.6032267273476,1318
2021-07-20,41917.43145853887,41917.43145853887,0.0,0.0,TQQQ,bull_trend,2178.6032267273476,1318
2021-07-21,42824.87122065435,42824.87122065435,0.0,0.0,TQQQ,bull_trend,2178.6032267273476,1318
2021-07-22,43678.9286242188,43678.9286242188,0.0,0.0,TQQQ,bull_trend,2178.6032267273476,1318
2021-07-23,45057.354889935355,45057.354889935355,0.0,0.0,TQQQ,bull_trend,2178.6032267273476,1318
2021-07-26,45236.3334818543,45236.3334818543,0.0,0.0,TQQQ,bull_trend,2178.6032267273476,1318
2021-07-27,43829.64108759771,43829.64108759771,0.0,0.0,TQQQ,bull_trend,2178.6032267273476,1318
2021-07-28,44284.948487347465,44284.948487347465,0.0,0.0,TQQQ,bull_trend,2178.6032267273476,1318
2021-07-29,44492.173096722465,44492.173096722465,0.0,0.0,TQQQ,bull_trend,2178.6032267273476,1318
2021-07-30,43857.90721613775,43857.90721613775,0.0,0.0,TQQQ,bull_trend,2178.6032267273476,1318
2021-08-02,43845.34533030401,43845.34533030401,0.0,0.0,TQQQ,bull_trend,2178.6032267273476,1318
2021-08-03,44570.67671305547,44570.67671305547,0.0,0.0,TQQQ,bull_trend,2178.6032267273476,1318
2021-08-04,44781.04367930303,44781.04367930303,0.0,0.0,TQQQ,bull_trend,2178.6032267273476,1318
2021-08-05,45581.72123820196,45581.72123820196,0.0,0.0,TQQQ,bull_trend,2178.6032267273476,1318
2021-08-06,45016.53944498907,45016.53944498907,0.0,0.0,TQQQ,bull_trend,2178.6032267273476,1318
2021-08-09,45245.750496929984,45245.750496929984,0.0,0.0,TQQQ,bull_trend,2178.6032267273476,1318
2021-08-10,44602.065087384086,44602.065087384086,0.0,0.0,TQQQ,bull_trend,2178.6032267273476,1318
2021-08-11,44372.859063214164,44372.859063214164,0.0,0.0,TQQQ,bull_trend,2178.6032267273476,1318
2021-08-12,44812.44210917364,44812.44210917364,0.0,0.0,TQQQ,bull_trend,2178.6032267273476,1318
2021-08-13,45239.480866497855,45239.480866497855,0.0,0.0,TQQQ,bull_trend,2178.6032267273476,1318
2021-08-16,45314.82201487432,45314.82201487432,0.0,0.0,TQQQ,bull_trend,2178.6032267273476,1318
2021-08-17,44181.31858546148,44181.31858546148,0.0,0.0,TQQQ,bull_trend,2178.6032267273476,1318
2021-08-18,42959.89703852544,42959.89703852544,0.0,0.0,TQQQ,bull_trend,2178.6032267273476,1318
2021-08-19,43540.77050501714,43540.77050501714,0.0,0.0,TQQQ,bull_trend,2178.6032267273476,1318
2021-08-20,44818.72179514776,44818.72179514776,0.0,0.0,TQQQ,bull_trend,2178.6032267273476,1318
2021-08-23,46718.37959391485,46718.37959391485,0.0,0.0,TQQQ,bull_trend,2178.6032267273476,1318
2021-08-24,47157.957612103324,47157.957612103324,0.0,0.0,TQQQ,bull_trend,2178.6032267273476,1318
2021-08-25,47208.205155438285,47208.205155438285,0.0,0.0,TQQQ,bull_trend,2178.6032267273476,1318
2021-08-26,46445.20068461309,46445.20068461309,0.0,0.0,TQQQ,bull_trend,2178.6032267273476,1318
2021-08-27,47738.85118967901,47738.85118967901,0.0,0.0,TQQQ,bull_trend,2178.6032267273476,1318
2021-08-30,49249.1533747376,49249.1533747376,0.0,0.0,TQQQ,bull_trend,2178.6032267273476,1318
2021-08-31,49117.27494151006,49117.27494151006,0.0,0.0,TQQQ,bull_trend,2178.6032267273476,1318
2021-09-01,49374.74206644903,49374.74206644903,0.0,0.0,TQQQ,bull_trend,2178.6032267273476,1318
2021-09-02,49308.807877606254,49308.807877606254,0.0,0.0,TQQQ,bull_trend,2178.6032267273476,1318
2021-09-03,49732.69925028692,49732.69925028692,0.0,0.0,TQQQ,bull_trend,2178.6032267273476,1318
2021-09-07,49927.37454325567,49927.37454325567,0.0,0.0,TQQQ,bull_trend,2178.6032267273476,1318
2021-09-08,49437.543953961234,49437.543953961234,0.0,0.0,TQQQ,bull_trend,2178.6032267273476,1318
2021-09-09,48932.011635846,48932.011635846,0.0,0.0,TQQQ,bull_trend,2178.6032267273476,1318
2021-09-10,47880.14663798223,47880.14663798223,0.0,0.0,TQQQ,bull_trend,2178.6032267273476,1318
2021-09-13,47776.53936106573,47776.53936106573,0.0,0.0,TQQQ,bull_trend,2178.6032267273476,1318
2021-09-14,47384.04139048467,47384.04139048467,0.0,0.0,TQQQ,bull_trend,2178.6032267273476,1318
2021-09-15,48385.67392832647,48385.67392832647,0.0,0.0,TQQQ,bull_trend,2178.6032267273476,1318
2021-09-16,48476.73691660772,48476.73691660772,0.0,0.0,TQQQ,bull_trend,2178.6032267273476,1318
2021-09-17,46840.825928753715,46840.825928753715,0.0,0.0,TQQQ,bull_trend,2178.6032267273476,1318
2021-09-20,44093.40298182378,44093.40298182378,0.0,0.0,TQQQ,bull_trend,2178.6032267273476,1318
2021-09-21,44146.78031260381,44146.78031260381,0.0,0.0,TQQQ,bull_trend,2178.6032267273476,1318
2021-09-22,45374.50165659795,45374.50165659795,0.0,0.0,TQQQ,bull_trend,2178.6032267273476,1318
2021-09-23,46573.931733197074,46573.931733197074,0.0,0.0,TQQQ,bull_trend,2178.6032267273476,1318
2021-09-24,46699.53048045049,46699.53048045049,0.0,0.0,TQQQ,bull_trend,2178.6032267273476,1318
2021-09-27,45625.6840677918,45625.6840677918,0.0,0.0,TQQQ,bull_trend,2178.6032267273476,1318
2021-09-28,42002.2122469605,42002.2122469605,0.0,0.0,TQQQ,bull_trend,2178.6032267273476,1318
2021-09-29,41738.46292216192,41738.46292216192,0.0,0.0,TQQQ,bull_trend,2178.6032267273476,1318
2021-09-30,41292.59264857183,41292.59264857183,0.0,0.0,TQQQ,bull_trend,2178.6032267273476,1318
2021-10-01,42005.35460383306,42005.35460383306,0.0,0.0,TQQQ,bull_trend,2178.6032267273476,1318
2021-10-04,39556.21925455938,39556.21925455938,0.0,0.0,TQQQ,bull_trend,2178.6032267273476,1318
2021-10-05,40994.297509259086,40994.297509259086,0.0,0.0,TQQQ,bull_trend,2178.6032267273476,1318
2021-10-06,41760.44685084234,41760.44685084234,0.0,0.0,TQQQ,bull_trend,2178.6032267273476,1318
2021-10-07,42831.15090662847,42831.15090662847,0.0,0.0,TQQQ,bull_trend,2178.6032267273476,1318
2021-10-08,42206.31461054693,42206.31461054693,0.0,0.0,TQQQ,bull_trend,2178.6032267273476,1318
2021-10-11,41317.70636469732,41317.70636469732,0.0,0.0,TQQQ,bull_trend,2178.6032267273476,1318
2021-10-12,40918.94127756963,40918.94127756963,0.0,0.0,TQQQ,bull_trend,2178.6032267273476,1318
2021-10-13,41826.37852579961,41826.37852579961,0.0,0.0,TQQQ,bull_trend,2178.6032267273476,1318
2021-10-14,44014.90187937627,44014.90187937627,0.0,0.0,TQQQ,bull_trend,2178.6032267273476,1318
2021-10-15,44790.460694378715,44790.460694378715,0.0,0.0,TQQQ,bull_trend,2178.6032267273476,1318
2021-10-18,46068.40947062383,46068.40947062383,0.0,0.0,TQQQ,bull_trend,2178.6032267273476,1318
2021-10-19,47032.3638926209,47032.3638926209,0.0,0.0,TQQQ,bull_trend,2178.6032267273476,1318
2021-10-20,46891.073472088676,46891.073472088676,0.0,0.0,TQQQ,bull_trend,2178.6032267273476,1318
2021-10-21,47691.7510309876,47691.7510309876,0.0,0.0,TQQQ,bull_trend,2178.6032267273476,1318
2021-10-22,46539.395974224906,46539.395974224906,0.0,0.0,TQQQ,bull_trend,2178.6032267273476,1318
2021-10-25,47870.72962290655,47870.72962290655,0.0,0.0,TQQQ,bull_trend,2178.6032267273476,1318
2021-10-26,48297.74826914678,48297.74826914678,0.0,0.0,TQQQ,bull_trend,2178.6032267273476,1318
2021-10-27,48661.98513895879,48661.98513895879,0.0,0.0,TQQQ,bull_trend,2178.6032267273476,1318
2021-10-28,50187.98905283819,50187.98905283819,0.0,0.0,TQQQ,bull_trend,2178.6032267273476,1318
2021-10-29,50897.613678997855,50897.613678997855,0.0,0.0,TQQQ,bull_trend,2178.6032267273476,1318
2021-11-01,51378.027253216605,51378.027253216605,0.0,0.0,TQQQ,bull_trend,2178.6032267273476,1318
2021-11-02,52034.261979168754,52034.261979168754,0.0,0.0,TQQQ,bull_trend,2178.6032267273476,1318
2021-11-03,53616.78306681524,53616.78306681524,0.0,0.0,TQQQ,bull_trend,2178.6032267273476,1318
2021-11-04,55926.12118699295,55926.12118699295,0.0,0.0,UVXY,bull_overbought,3636.1211869929466,14
2021-11-05,58761.12118699295,58761.12118699295,0.0,0.0,UVXY,bull_overbought,3636.1211869929466,14
2021-11-08,58831.12118699295,58831.12118699295,0.0,0.0,UVXY,bull_overbought,3636.1211869929466,14
2021-11-09,60301.12118699295,60301.12118699295,0.0,0.0,UVXY,bull_overbought,3636.1211869929466,14
2021-11-10,60740.69851751468,60740.69851751468,0.0,0.0,TQQQ,bull_trend,3139.0221869482702,1520
2021-11-11,61207.824372006864,61207.824372006864,0.0,0.0,TQQQ,bull_trend,3139.0221869482702,1520
2021-11-12,63050.97744817874,63050.97744817874,0.0,0.0,TQQQ,bull_trend,3139.0221869482702,1520
2021-11-15,63032.88662786624,63032.88662786624,0.0,0.0,TQQQ,bull_trend,3139.0221869482702,1520
2021-11-16,64271.31924505374,64271.31924505374,0.0,0.0,TQQQ,bull_trend,3139.0221869482702,1520
2021-11-17,64343.74630804202,64343.74630804202,0.0,0.0,TQQQ,bull_trend,3139.0221869482702,1520
2021-11-18,66215.89108343265,66215.89108343265,0.0,0.0,TQQQ,bull_trend,3139.0221869482702,1520
2021-11-19,67284.11343450687,67284.11343450687,0.0,0.0,TQQQ,bull_trend,3139.0221869482702,1520
2021-11-22,65060.73422308108,65060.73422308108,0.0,0.0,TQQQ,bull_trend,3139.0221869482702,1520
2021-11-23,64217.00039739749,64217.00039739749,0.0,0.0,TQQQ,bull_trend,3139.0221869482702,1520
2021-11-24,64781.90365667483,64781.90365667483,0.0,0.0,TQQQ,bull_trend,3139.0221869482702,1520
2021-11-26,61381.6470038428,61381.6470038428,0.0,0.0,TQQQ,bull_trend,3139.0221869482702,1520
2021-11-29,64999.18484563968,64999.18484563968,0.0,0.0,TQQQ,bull_trend,3139.0221869482702,1520
2021-11-30,62341.24905462405,62341.24905462405,0.0,0.0,TQQQ,bull_trend,3139.0221869482702,1520
2021-12-01,59303.08712835452,59303.08712835452,0.0,0.0,TQQQ,bull_trend,3139.0221869482702,1520
2021-12-02,60360.478180600614,60360.478180600614,0.0,0.0,TQQQ,bull_trend,3139.0221869482702,1520
2021-12-03,57485.290192319364,57485.290192319364,0.0,0.0,TQQQ,bull_trend,3139.0221869482702,1520
2021-12-06,58756.30947942874,58756.30947942874,0.0,0.0,TQQQ,bull_trend,3139.0221869482702,1520
2021-12-07,63771.60092229983,63771.60092229983,0.0,0.0,TQQQ,bull_trend,3139.0221869482702,1520
2021-12-08,64615.34054632327,64615.34054632327,0.0,0.0,TQQQ,bull_trend,3139.0221869482702,1520
2021-12-09,61961.0171210303,61961.0171210303,0.0,0.0,TQQQ,bull_trend,3139.0221869482702,1520
2021-12-10,63782.46121282718,63782.46121282718,0.0,0.0,TQQQ,bull_trend,3139.0221869482702,1520
2021-12-13,61175.24350042483,61175.24350042483,0.0,0.0,TQQQ,bull_trend,3139.0221869482702,1520
2021-12-14,59447.94705267093,59447.94705267093,0.0,0.0,TQQQ,bull_trend,3139.0221869482702,1520
2021-12-15,63174.110993100614,63174.110993100614,0.0,0.0,TQQQ,bull_trend,3139.0221869482702,1520
2021-12-16,58593.35293645999,58593.35293645999,0.0,0.0,TQQQ,bull_trend,3139.0221869482702,1520
2021-12-17,57746.000946713895,57746.000946713895,0.0,0.0,TQQQ,bull_trend,3139.0221869482702,1520
2021-12-20,56112.86953802249,56112.86953802249,0.0,0.0,TQQQ,bull_trend,3139.0221869482702,1520
2021-12-21,59654.36795110843,59654.36795110843,0.0,0.0,TQQQ,bull_trend,3139.0221869482702,1520
2021-12-22,61671.337860776395,61671.337860776395,0.0,0.0,TQQQ,bull_trend,3139.0221869482702,1520
2021-12-23,63061.84933538577,63061.84933538577,0.0,0.0,TQQQ,bull_trend,3139.0221869482702,1520
2021-12-27,65926.18862981937,65926.18862981937,0.0,0.0,TQQQ,bull_trend,3139.0221869482702,1520
2021-12-28,65187.46273870608,65187.46273870608,0.0,0.0,TQQQ,bull_trend,3139.0221869482702,1520
2021-12-29,65089.7085272803,65089.7085272803,0.0,0.0,TQQQ,bull_trend,3139.0221869482702,1520
2021-12-30,64510.31521673343,64510.31521673343,0.0,0.0,TQQQ,bull_trend,3139.0221869482702,1520
2021-12-31,46363.79076631043,46363.79076631043,16997.754244589567,16997.754244589567,TQQQ,bull_trend,2339.958048414919,1111
2022-01-03,47634.25035722229,47634.25035722229,0.0,16997.754244589567,TQQQ,bull_trend,2339.958048414919,1111
2022-01-04,45874.13857133362,45874.13857133362,0.0,16997.754244589567,TQQQ,bull_trend,2339.958048414919,1111
2022-01-05,41869.56894166443,41869.56894166443,0.0,16997.754244589567,TQQQ,bull_trend,2339.958048414919,1111
2022-01-06,41761.05165727112,41761.05165727112,0.0,16997.754244589567,TQQQ,bull_trend,2339.958048414919,1111
2022-01-07,40472.0756822345,40472.0756822345,0.0,16997.754244589567,TQQQ,bull_trend,2339.958048414919,1111
2022-01-10,40612.35350282166,40612.35350282166,0.0,16997.754244589567,TQQQ,bull_trend,2339.958048414919,1111
2022-01-11,42295.69582612488,42295.69582612488,0.0,16997.754244589567,TQQQ,bull_trend,2339.958048414919,1111
2022-01-12,42750.947130751345,42750.947130751345,0.0,16997.754244589567,TQQQ,bull_trend,2339.958048414919,1111
2022-01-13,39818.32314546082,39818.32314546082,0.0,16997.754244589567,TQQQ,bull_trend,2339.958048414919,1111
2022-01-14,40384.727850508425,40384.727850508425,0.0,16997.754244589567,TQQQ,bull_trend,2339.958048414919,1111
2022-01-18,37642.67343957398,37642.67343957398,0.0,16997.754244589567,TQQQ,bull_trend,2339.958048414919,1111
2022-01-19,36414.56123025391,36414.56123025391,0.0,16997.754244589567,TQQQ,bull_trend,2339.958048414919,1111
2022-01-20,35096.4629541156,35096.4629541156,0.0,16997.754244589567,TQQQ,bull_trend,2339.958048414919,1111
2022-01-21,32338.52827508423,32338.52827508423,0.0,16997.754244589567,TQQQ,bull_trend,2339.958048414919,1111
2022-01-24,32942.04086499902,32942.04086499902,0.0,16997.754244589567,TECL,bear_tqqq_oversold,1582.8355427333954,560
2022-01-25,30775.40756421777,30775.40756421777,0.0,16997.754244589567,TECL,bear_tqqq_oversold,1582.8355427333954,560
2022-01-26,31153.875993025562,31153.875993025562,0.0,16997.754244589567,TQQQ,bull_trend,1676.4565060260502,1164
2022-01-27,30379.902896016203,30379.902896016203,0.0,16997.754244589567,TECL,bear_tqqq_oversold,1639.258147328459,553
2022-01-28,34085.73321446713,34085.73321446713,0.0,16997.754244589567,TECL,bear_tqqq_oversold,1639.258147328459,553
2022-01-31,36834.6184856364,36834.6184856364,0.0,16997.754244589567,TQQQ,bull_trend,1718.3177654215579,1192
2022-02-01,37504.79336661784,37504.79336661784,0.0,16997.754244589567,TQQQ,bull_trend,1718.3177654215579,1192
2022-02-02,38351.04179496257,38351.04179496257,0.0,16997.754244589567,TQQQ,bull_trend,1718.3177654215579,1192
2022-02-03,33943.76020926921,33943.76020926921,0.0,16997.754244589567,TQQQ,bull_trend,1718.3177654215579,1192
2022-02-04,35056.94044608562,35056.94044608562,0.0,16997.754244589567,TQQQ,bull_trend,1718.3177654215579,1192
2022-02-07,34301.56164664714,34301.56164664714,0.0,16997.754244589567,TQQQ,bull_trend,1718.3177654215579,1192
2022-02-08,35409.062531656906,35409.062531656906,0.0,16997.754244589567,TQQQ,bull_trend,1718.3177654215579,1192
2022-02-09,37499.11856193034,37499.11856193034,0.0,16997.754244589567,TQQQ,bull_trend,1718.3177654215579,1192
2022-02-10,35125.090394205734,35125.090394205734,0.0,16997.754244589567,TQQQ,bull_trend,1718.3177654215579,1192
2022-02-11,31978.64991874187,31978.64991874187,0.0,16997.754244589567,TQQQ,bull_trend,1718.3177654215579,1192
2022-02-14,31325.460292312153,31325.460292312153,0.0,16997.754244589567,TECS,bear_relative_inverse,2123.452968093403,9
2022-02-15,30818.27469188468,30818.27469188468,0.0,16997.754244589567,TQQQ,bull_trend,1523.6747983147325,1073
2022-02-16,30813.16641551749,30813.16641551749,0.0,16997.754244589567,TQQQ,bull_trend,1523.6747983147325,1073
2022-02-17,28216.01719981925,28216.01719981925,0.0,16997.754244589567,TQQQ,bull_trend,1523.6747983147325,1073
2022-02-18,29414.955335422528,29414.955335422528,0.0,16997.754244589567,TECS,bear_relative_inverse,2503.199476047528,8
2022-02-22,30181.273694797528,30181.273694797528,0.0,16997.754244589567,TECS,bear_relative_inverse,2503.199476047528,8
2022-02-23,32299.101819797528,32299.101819797528,0.0,16997.754244589567,TECS,bear_relative_inverse,2503.199476047528,8
2022-02-24,43360.63027892371,43360.63027892371,0.0,16997.754244589567,TECL,bear_tqqq_oversold,1798.0188745047635,812
2022-02-25,42632.352063636885,42632.352063636885,0.0,16997.754244589567,TECS,bear_relative_inverse,4156.130383949385,12
2022-02-28,42851.788587074385,42851.788587074385,0.0,16997.754244589567,TECS,bear_relative_inverse,4156.130383949385,12
2022-03-01,43291.82881511984,43291.82881511984,0.0,16997.754244589567,BSV,bear_relative_bond,2217.459857486414,589
2022-03-02,41089.325908982195,41089.325908982195,0.0,16997.754244589567,TECS,bear_relative_inverse,2790.754619919695,12
2022-03-03,40069.36258864012,40069.36258864012,0.0,16997.754244589567,BSV,bear_relative_bond,2031.5500233158382,548
2022-03-04,41018.349529491,41018.349529491,0.0,16997.754244589567,TECS,bear_relative_inverse,2759.8339044910026,11
2022-03-07,45223.52384589725,45223.52384589725,0.0,16997.754244589567,TECS,bear_relative_inverse,2759.8339044910026,11
2022-03-08,45807.839763866,45807.839763866,0.0,16997.754244589567,TECS,bear_relative_inverse,2759.8339044910026,11
2022-03-09,40750.13322089725,40750.13322089725,0.0,16997.754244589567,TECS,bear_relative_inverse,2759.8339044910026,11
2022-03-10,42752.14396308475,42752.14396308475,0.0,16997.754244589567,TECS,bear_relative_inverse,2759.8339044910026,11
2022-03-11,44792.466716991,44792.466716991,0.0,16997.754244589567,TECS,bear_relative_inverse,2759.8339044910026,11
2022-03-14,47177.640545116,47177.640545116,0.0,16997.754244589567,TECS,bear_relative_inverse,2759.8339044910026,11
2022-03-15,42752.14396308475,42752.14396308475,0.0,16997.754244589567,TECS,bear_relative_inverse,2759.8339044910026,11
2022-03-16,38824.75724433475,38824.75724433475,0.0,16997.754244589567,TECS,bear_relative_inverse,2759.8339044910026,11
2022-03-17,40932.02963957091,40932.02963957091,0.0,16997.754244589567,TECL,bear_trend_long,2013.380595534043,783
2022-03-18,43258.44562849303,43258.44562849303,0.0,16997.754244589567,TECL,bear_trend_long,2013.380595534043,783
2022-03-21,42541.06720411073,42541.06720411073,0.0,16997.754244589567,TQQQ,bull_trend,2145.7996908355854,1606
2022-03-22,44928.50226270448,44928.50226270448,0.0,16997.754244589567,TQQQ,bull_trend,2145.7996908355854,1606
2022-03-23,43122.6191488434,43122.6191488434,0.0,16997.754244589567,TQQQ,bull_trend,2145.7996908355854,1606
2022-03-24,45777.891392343154,45777.891392343154,0.0,16997.754244589567,TQQQ,bull_trend,2145.7996908355854,1606
2022-03-25,45709.02142392885,45709.02142392885,0.0,16997.754244589567,TQQQ,bull_trend,2145.7996908355854,1606
2022-03-28,47690.90692960512,47690.90692960512,0.0,16997.754244589567,TQQQ,bull_trend,2145.7996908355854,1606
2022-03-29,50024.788029306044,50024.788029306044,0.0,16997.754244589567,TQQQ,bull_trend,2145.7996908355854,1606
2022-03-30,48586.19813977968,48586.19813977968,0.0,16997.754244589567,TQQQ,bull_trend,2145.7996908355854,1606
2022-03-31,46665.52459775697,46665.52459775697,0.0,16997.754244589567,TQQQ,bull_trend,2145.7996908355854,1606
2022-04-01,46474.22763883363,46474.22763883363,0.0,16997.754244589567,TQQQ,bull_trend,2145.7996908355854,1606
2022-04-04,49244.26886808168,49244.26886808168,0.0,16997.754244589567,TQQQ,bull_trend,2145.7996908355854,1606
2022-04-05,46129.88392316591,46129.88392316591,0.0,16997.754244589567,TQQQ,bull_trend,2145.7996908355854,1606
2022-04-06,43237.40957700502,43237.40957700502,0.0,16997.754244589567,TQQQ,bull_trend,2145.7996908355854,1606
2022-04-07,43505.219193093886,43505.219193093886,0.0,16997.754244589567,TQQQ,bull_trend,2145.7996908355854,1606
2022-04-08,41814.114254586806,41814.114254586806,0.0,16997.754244589567,TQQQ,bull_trend,2145.7996908355854,1606
2022-04-11,41532.577566065826,41532.577566065826,0.0,16997.754244589567,TECS,bear_relative_inverse,5084.4938258314505,11
2022-04-12,41934.893972315826,41934.893972315826,0.0,16997.754244589567,TECS,bear_relative_inverse,5084.4938258314505,11
2022-04-13,40248.9962672377,40248.9962672377,0.0,16997.754244589567,TECS,bear_relative_inverse,5084.4938258314505,11
2022-04-14,42720.373464503326,42720.373464503326,0.0,16997.754244589567,TECS,bear_relative_inverse,5084.4938258314505,11
2022-04-18,42423.427175440826,42423.427175440826,0.0,16997.754244589567,TECS,bear_relative_inverse,5084.4938258314505,11
2022-04-19,40277.723562159576,40277.723562159576,0.0,16997.754244589567,TECS,bear_relative_inverse,5084.4938258314505,11
2022-04-20,37159.688877034045,37159.688877034045,0.0,16997.754244589567,TQQQ,bull_trend,1966.9435309647088,1542
2022-04-21,35095.14390938268,35095.14390938268,0.0,16997.754244589567,TQQQ,bull_trend,1966.9435309647088,1542
2022-04-22,37424.320170933664,37424.320170933664,0.0,16997.754244589567,TECS,bear_relative_inverse,4476.0518603867895,9
2022-04-25,35966.56846194929,35966.56846194929,0.0,16997.754244589567,TECS,bear_relative_inverse,4476.0518603867895,9
2022-04-26,39430.68076663679,39430.68076663679,0.0,16997.754244589567,TECS,bear_relative_inverse,4476.0518603867895,9
2022-04-27,38650.44604549515,38650.44604549515,0.0,16997.754244589567,TECL,bear_tqqq_oversold,1928.522751427765,930
2022-04-28,37453.20399180703,37453.20399180703,0.0,16997.754244589567,TECS,bear_relative_inverse,4797.5277222757795,10
2022-04-29,41485.08387461953,41485.08387461953,0.0,16997.754244589567,TECS,bear_relative_inverse,4797.5277222757795,10
2022-05-02,39778.28455821328,39778.28455821328,0.0,16997.754244589567,TECS,bear_relative_inverse,4797.5277222757795,10
2022-05-03,39691.19959727578,39691.19959727578,0.0,16997.754244589567,TECS,bear_relative_inverse,4797.5277222757795,10
2022-05-04,36007.64490977578,36007.64490977578,0.0,16997.754244589567,TECS,bear_relative_inverse,4797.5277222757795,10
2022-05-05,40518.47987071328,40518.47987071328,0.0,16997.754244589567,TECS,bear_relative_inverse,4797.5277222757795,10
2022-05-06,41432.84022227578,41432.84022227578,0.0,16997.754244589567,TECS,bear_relative_inverse,4797.5277222757795,10
2022-05-09,45638.88758555703,45638.88758555703,0.0,16997.754244589567,TECS,bear_relative_inverse,4797.5277222757795,10
2022-05-10,43705.66248790078,43705.66248790078,0.0,16997.754244589567,TECS,bear_relative_inverse,4797.5277222757795,10
2022-05-11,47467.60584727578,47467.60584727578,0.0,16997.754244589567,TECS,bear_relative_inverse,4797.5277222757795,10
2022-05-12,50079.840701189125,50079.840701189125,0.0,16997.754244589567,TECL,bear_tqqq_oversold,2493.280341234291,1566
2022-05-13,49157.73644235908,49157.73644235908,0.0,16997.754244589567,TECS,bear_relative_inverse,5573.295280249702,11
2022-05-16,50192.2601239997,50192.2601239997,0.0,16997.754244589567,TECS,bear_relative_inverse,5573.295280249702,11
2022-05-17,46398.97618845283,46398.97618845283,0.0,16997.754244589567,TECS,bear_relative_inverse,5573.295280249702,11
2022-05-18,51954.7952802497,51954.7952802497,0.0,16997.754244589567,TECS,bear_relative_inverse,5573.295280249702,11
2022-05-19,53487.43151071845,53487.43151071845,0.0,16997.754244589567,TECS,bear_relative_inverse,5573.295280249702,11
2022-05-20,53209.64928415595,53209.64928415595,0.0,16997.754244589567,TECS,bear_relative_inverse,5573.295280249702,11
2022-05-23,49981.5306318122,49981.5306318122,0.0,16997.754244589567,TECS,bear_relative_inverse,5573.295280249702,11
2022-05-24,51954.7952802497,51954.7952802497,0.0,16997.754244589567,TECS,bear_relative_inverse,5573.295280249702,11
2022-05-25,52966.69875913677,52966.69875913677,0.0,16997.754244589567,BSV,bear_relative_bond,2657.417315075909,739
2022-05-26,52992.62598362763,52992.62598362763,0.0,16997.754244589567,BSV,bear_relative_bond,2657.417315075909,739
2022-05-27,53031.48004817124,53031.48004817124,0.0,16997.754244589567,BSV,bear_relative_bond,2657.417315075909,739
2022-05-31,52407.11486492165,52407.11486492165,0.0,16997.754244589567,TECL,bear_trend_long,2678.991093254168,1373
2022-06-01,51898.776363945086,51898.776363945086,0.0,16997.754244589567,TECL,bear_trend_long,2678.991093254168,1373
2022-06-02,55406.30992565163,55406.30992565163,0.0,16997.754244589567,TECL,bear_trend_long,2678.991093254168,1373
2022-06-03,51631.89550838478,51631.89550838478,0.0,16997.754244589567,TECL,bear_trend_long,2678.991093254168,1373
2022-06-06,51606.477535820086,51606.477535820086,0.0,16997.754244589567,TECL,bear_trend_long,2678.991093254168,1373
2022-06-07,53436.48775920876,53436.48775920876,0.0,16997.754244589567,TECL,bear_trend_long,2678.991093254168,1373
2022-06-08,51670.01461086281,51670.01461086281,0.0,16997.754244589567,TECL,bear_trend_long,2678.991093254168,1373
2022-06-09,47743.113308525164,47743.113308525164,0.0,16997.754244589567,TECL,bear_trend_long,2678.991093254168,1373
2022-06-10,47465.91799384238,47465.91799384238,0.0,16997.754244589567,TECS,bear_relative_inverse,5718.911157904877,10
2022-06-13,52986.90432196738,52986.90432196738,0.0,16997.754244589567,TECS,bear_relative_inverse,5718.911157904877,10
2022-06-14,52089.97072821738,52089.97072821738,0.0,16997.754244589567,TECS,bear_relative_inverse,5718.911157904877,10
2022-06-15,49094.35549384238,49094.35549384238,0.0,16997.754244589567,TECS,bear_relative_inverse,5718.911157904877,10
2022-06-16,51146.50048769586,51146.50048769586,0.0,16997.754244589567,SPXL,bear_spy_oversold,2678.84419954889,835
2022-06-17,51331.54887713068,51331.54887713068,0.0,16997.754244589567,SPXL,bear_spy_oversold,2678.84419954889,835
2022-06-21,52257.74260419708,52257.74260419708,0.0,16997.754244589567,TECS,bear_relative_inverse,4056.236744822083,11
2022-06-22,52889.96867841583,52889.96867841583,0.0,16997.754244589567,TECS,bear_relative_inverse,4056.236744822083,11
2022-06-23,50667.63567060333,50667.63567060333,0.0,16997.754244589567,TECS,bear_relative_inverse,4056.236744822083,11
2022-06-24,45801.50261396271,45801.50261396271,0.0,16997.754244589567,TECS,bear_relative_inverse,4056.236744822083,11
2022-06-27,45163.95487804715,45163.95487804715,0.0,16997.754244589567,BSV,bear_relative_bond,2295.0477904038635,639
2022-06-28,49138.04024041366,49138.04024041366,0.0,16997.754244589567,TECS,bear_relative_inverse,2842.746295101162,11
2022-06-29,48888.98262322616,48888.98262322616,0.0,16997.754244589567,TECS,bear_relative_inverse,2842.746295101162,11
2022-06-30,50718.57051385116,50718.57051385116,0.0,16997.754244589567,TECS,bear_relative_inverse,2842.746295101162,11
2022-07-01,51579.47942048437,51579.47942048437,0.0,16997.754244589567,BSV,bear_relative_bond,2635.8282668469183,723
2022-07-05,51655.73202603319,51655.73202603319,0.0,16997.754244589567,BSV,bear_relative_bond,2635.8282668469183,723
2022-07-06,51458.765961311845,51458.765961311845,0.0,16997.754244589567,BSV,bear_relative_bond,2635.8282668469183,723
2022-07-07,53626.56018275576,53626.56018275576,0.0,16997.754244589567,TECL,bear_trend_long,2588.735719865137,1728
2022-07-08,53754.52014369326,53754.52014369326,0.0,16997.754244589567,TECL,bear_trend_long,2588.735719865137,1728
2022-07-11,51595.28479213076,51595.28479213076,0.0,16997.754244589567,TECL,bear_trend_long,2588.735719865137,1728
2022-07-12,49580.00439662295,49580.00439662295,0.0,16997.754244589567,TECL,bear_trend_long,2588.735719865137,1728
2022-07-13,44504.866575637745,44504.866575637745,0.0,16997.754244589567,TECS,bear_relative_inverse,2992.976927200245,10
2022-07-14,43390.210813918995,43390.210813918995,0.0,16997.754244589567,TECS,bear_relative_inverse,2992.976927200245,10
2022-07-15,43001.66880303885,43001.66880303885,0.0,16997.754244589567,TECL,bear_trend_long,2121.3698871758097,1403
2022-07-18,41845.90537911917,41845.90537911917,0.0,16997.754244589567,TECL,bear_trend_long,2121.3698871758097,1403
2022-07-19,45365.1423595574,45365.1423595574,0.0,16997.754244589567,TECL,bear_trend_long,2121.3698871758097,1403
2022-07-20,47455.90907556082,47455.90907556082,0.0,16997.754244589567,TECL,bear_trend_long,2121.3698871758097,1403
2022-07-21,45854.42467139569,45854.42467139569,0.0,16997.754244589567,TECS,bear_trend_inverse,3379.412952645689,13
2022-07-22,47620.44420264569,47620.44420264569,0.0,16997.754244589567,TECS,bear_trend_inverse,3379.412952645689,13
2022-07-25,47035.282403566736,47035.282403566736,0.0,16997.754244589567,TECL,bear_trend_long,2418.006759264368,1407
2022-07-26,44782.28919563522,44782.28919563522,0.0,16997.754244589567,TECL,bear_trend_long,2418.006759264368,1407
2022-07-27,50238.98711738815,50238.98711738815,0.0,16997.754244589567,TECL,bear_trend_long,2418.006759264368,1407
2022-07-28,52426.86717949142,52426.86717949142,0.0,16997.754244589567,TECL,bear_trend_long,2418.006759264368,1407
2022-07-29,51235.00076780548,51235.00076780548,0.0,16997.754244589567,TECS,bear_trend_inverse,4991.086705305483,16
2022-08-01,51513.66873655548,51513.66873655548,0.0,16997.754244589567,TECS,bear_trend_inverse,4991.086705305483,16
2022-08-02,52936.55122454759,52936.55122454759,0.0,16997.754244589567,TECL,bear_trend_long,2646.6193893730306,1391
2022-08-03,50298.858323022316,50298.858323022316,0.0,16997.754244589567,TECS,bear_trend_inverse,3844.2084206785657,17
2022-08-04,49677.088303491066,49677.088303491066,0.0,16997.754244589567,TECS,bear_trend_inverse,3844.2084206785657,17
2022-08-05,50017.586350366066,50017.586350366066,0.0,16997.754244589567,TECS,bear_trend_inverse,3844.2084206785657,17
2022-08-08,51246.30534450669,51246.30534450669,0.0,16997.754244589567,TECS,bear_trend_inverse,3844.2084206785657,17
2022-08-09,52173.66406843473,52173.66406843473,0.0,16997.754244589567,TECL,bear_trend_long,2647.9661009054325,1336
2022-08-10,54926.85905569751,54926.85905569751,0.0,16997.754244589567,TECS,bear_trend_inverse,4810.4161846037605,19
2022-08-11,55555.589280306885,55555.589280306885,0.0,16997.754244589567,TECS,bear_trend_inverse,4810.4161846037605,19
2022-08-12,52478.118088900635,52478.118088900635,0.0,16997.754244589567,TECS,bear_trend_inverse,4810.4161846037605,19
2022-08-15,51584.654221713135,51584.654221713135,0.0,16997.754244589567,TECS,bear_trend_inverse,4810.4161846037605,19
2022-08-16,51948.65544241626,51948.65544241626,0.0,16997.754244589567,TECS,bear_trend_inverse,4810.4161846037605,19
2022-08-17,52974.483811556885,52974.483811556885,0.0,16997.754244589567,TECS,bear_trend_inverse,4810.4161846037605,19
2022-08-18,53767.371780097215,53767.371780097215,0.0,16997.754244589567,TECL,bear_trend_long,2662.678771674364,1214
2022-08-19,50969.43484467241,50969.43484467241,0.0,16997.754244589567,TECL,bear_trend_long,2662.678771674364,1214
2022-08-22,50301.782806646865,50301.782806646865,0.0,16997.754244589567,TECS,bear_relative_inverse,4643.064056646865,16
2022-08-23,50747.653900396865,50747.653900396865,0.0,16997.754244589567,TECS,bear_relative_inverse,4643.064056646865,16
2022-08-24,50650.114837896865,50650.114837896865,0.0,16997.754244589567,TECS,bear_relative_inverse,4643.064056646865,16
2022-08-25,48351.161712896865,48351.161712896865,0.0,16997.754244589567,TECS,bear_relative_inverse,4643.064056646865,16
2022-08-26,53966.196869146865,53966.196869146865,0.0,16997.754244589567,TECS,bear_relative_inverse,4643.064056646865,16
2022-08-29,55916.814056646865,55916.814056646865,0.0,16997.754244589567,TECS,bear_relative_inverse,4643.064056646865,16
2022-08-30,57491.263275396865,57491.263275396865,0.0,16997.754244589567,TECS,bear_relative_inverse,4643.064056646865,16
2022-08-31,59065.696869146865,59065.696869146865,0.0,16997.754244589567,TECS,bear_relative_inverse,4643.064056646865,16
2022-09-01,61491.783239917306,61491.783239917306,0.0,16997.754244589567,TECL,bear_tqqq_oversold,3043.5903688235558,1982
2022-09-02,67417.07853596113,67417.07853596113,0.0,16997.754244589567,TECS,bear_relative_inverse,6410.19206135175,17
2022-09-06,65680.9925992139,65680.9925992139,0.0,16997.754244589567,TECL,bear_tqqq_oversold,3383.634248460119,2245
2022-09-07,68631.6957909711,68631.6957909711,0.0,16997.754244589567,TECL,bear_tqqq_oversold,3383.634248460119,2245
2022-09-08,65104.453096639925,65104.453096639925,0.0,16997.754244589567,TECS,bear_relative_inverse,6436.57736421805,17
2022-09-09,61625.529268514925,61625.529268514925,0.0,16997.754244589567,TECS,bear_relative_inverse,6436.57736421805,17
2022-09-12,59034.8512899993,59034.8512899993,0.0,16997.754244589567,TECS,bear_relative_inverse,6436.57736421805,17
2022-09-13,67428.65939546804,67428.65939546804,0.0,16997.754244589567,TECS,bear_relative_inverse,6436.57736421805,17
2022-09-14,66644.0612509368,66644.0612509368,0.0,16997.754244589567,TECS,bear_relative_inverse,6436.57736421805,17
2022-09-15,70996.38913179617,70996.38913179617,0.0,16997.754244589567,TECS,bear_relative_inverse,6436.57736421805,17
2022-09-16,71973.44919038992,71973.44919038992,0.0,16997.754244589567,TECS,bear_relative_inverse,6436.57736421805,17
2022-09-19,70433.85348726492,70433.85348726492,0.0,16997.754244589567,TECS,bear_relative_inverse,6436.57736421805,17
2022-09-20,71529.34909273367,71529.34909273367,0.0,16997.754244589567,TECS,bear_relative_inverse,6436.57736421805,17
2022-09-21,74682.59176851492,74682.59176851492,0.0,16997.754244589567,TECS,bear_relative_inverse,6436.57736421805,17
2022-09-22,74738.32951672174,74738.32951672174,0.0,16997.754244589567,TECL,bear_tqqq_oversold,3808.2099774608796,3017
2022-09-23,71973.72636158564,71973.72636158564,0.0,16997.754244589567,TECL,bear_tqqq_oversold,3808.2099774608796,3017
2022-09-26,70465.7672818432,70465.7672818432,0.0,16997.754244589567,TECL,bear_tqqq_oversold,3808.2099774608796,3017
2022-09-27,70438.65391826184,70438.65391826184,0.0,16997.754244589567,SPXL,bear_spy_oversold,3661.9979162171658,1221
2022-09-28,73889.00856875227,73889.00856875227,0.0,16997.754244589567,TECL,bear_tqqq_oversold,3564.7881631736527,3076
2022-09-29,73214.64020621641,73214.64020621641,0.0,16997.754244589567,TECS,bear_relative_inverse,4467.9263390289125,15
2022-09-30,70636.13570617253,70636.13570617253,0.0,16997.754244589567,TECL,bear_tqqq_oversold,3713.952982173505,3366
2022-10-03,76649.14473174626,76649.14473174626,0.0,16997.754244589567,TECL,bear_tqqq_oversold,3713.952982173505,3366
2022-10-04,77549.52204396951,77549.52204396951,0.0,16997.754244589567,TECS,bear_relative_inverse,6448.985911157011,18
2022-10-05,76859.83991506326,76859.83991506326,0.0,16997.754244589567,TECS,bear_relative_inverse,6448.985911157011,18
2022-10-06,78678.11677053201,78678.11677053201,0.0,16997.754244589567,TECS,bear_relative_inverse,6448.985911157011,18
2022-10-07,87581.36677053201,87581.36677053201,0.0,16997.754244589567,TECS,bear_relative_inverse,6448.985911157011,18
2022-10-10,91641.10505178201,91641.10505178201,0.0,16997.754244589567,TECS,bear_relative_inverse,6448.985911157011,18
2022-10-11,95653.83063771951,95653.83063771951,0.0,16997.754244589567,TECS,bear_relative_inverse,6448.985911157011,18
2022-10-12,96453.23981740701,96453.23981740701,0.0,16997.754244589567,TECS,bear_relative_inverse,6448.985911157011,18
2022-10-13,123801.6432836171,123801.6432836171,0.0,16997.754244589567,TECL,bear_tqqq_oversold,5251.836375963292,5886
2022-10-14,140341.92659024036,140341.92659024036,0.0,16997.754244589567,TECS,bear_relative_inverse,7945.383133209107,27
2022-10-17,128915.0335238341,128915.0335238341,0.0,16997.754244589567,TECS,bear_relative_inverse,7945.383133209107,27
2022-10-18,113963.38803882166,113963.38803882166,0.0,16997.754244589567,TECL,bear_trend_long,6005.711666293588,5235
2022-10-19,109106.06116883324,109106.06116883324,0.0,16997.754244589567,TECS,bear_relative_inverse,7900.468395395743,23
2022-10-20,109045.9444696145,109045.9444696145,0.0,16997.754244589567,TECS,bear_relative_inverse,7900.468395395743,23
2022-10-21,101094.54237000512,101094.54237000512,0.0,16997.754244589567,TECS,bear_relative_inverse,7900.468395395743,23
2022-10-24,102079.52455122449,102079.52455122449,0.0,16997.754244589567,TECL,bear_trend_long,4998.949483704346,4219
2022-10-25,107663.79619581677,107663.79619581677,0.0,16997.754244589567,TECL,bear_trend_long,4998.949483704346,4219
2022-10-26,100751.78459913709,100751.78459913709,0.0,16997.754244589567,TECL,bear_trend_long,4998.949483704346,4219
2022-10-27,97588.66119368054,97588.66119368054,0.0,16997.754244589567,TECL,bear_trend_long,4998.949483704346,4219
2022-10-28,99003.72979717448,99003.72979717448,0.0,16997.754244589567,BSV,bear_relative_bond,4964.491470608904,1427
2022-10-31,97618.57832865493,97618.57832865493,0.0,16997.754244589567,TECL,bear_trend_long,4964.305913493794,3892
2022-11-01,95204.95603708999,95204.95603708999,0.0,16997.754244589567,TECL,bear_trend_long,4964.305913493794,3892
2022-11-02,85838.65813975112,85838.65813975112,0.0,16997.754244589567,TECL,bear_trend_long,4964.305913493794,3892
2022-11-03,86368.6342868965,86368.6342868965,0.0,16997.754244589567,TECS,bear_relative_inverse,5298.980966584,18
2022-11-04,81979.736825959,81979.736825959,0.0,16997.754244589567,TECS,bear_relative_inverse,5298.980966584,18
2022-11-07,78139.41309549025,78139.41309549025,0.0,16997.754244589567,TECS,bear_relative_inverse,5298.980966584,18
2022-11-08,76148.721200959,76148.721200959,0.0,16997.754244589567,TECS,bear_relative_inverse,5298.980966584,18
2022-11-09,81634.8803806465,81634.8803806465,0.0,16997.754244589567,TECS,bear_relative_inverse,5298.980966584,18
2022-11-10,76162.17440301199,76162.17440301199,0.0,16997.754244589567,TECL,bear_trend_long,3527.9699886443123,2927
2022-11-11,79657.06894570608,79657.06894570608,0.0,16997.754244589567,TECL,bear_trend_long,3527.9699886443123,2927
2022-11-14,77652.24857598562,77652.24857598562,0.0,16997.754244589567,TECL,bear_trend_long,3527.9699886443123,2927
2022-11-15,86186.12549018433,86186.12549018433,0.0,16997.754244589567,TECS,bear_trend_inverse,5210.515138621835,27
2022-11-16,86026.00169403297,86026.00169403297,0.0,16997.754244589567,TECL,bear_trend_long,4403.962662050544,3248
2022-11-17,86326.6545565818,86326.6545565818,0.0,16997.754244589567,TECL,bear_trend_long,4403.962662050544,3248
2022-11-18,86687.41816742164,86687.41816742164,0.0,16997.754244589567,TECL,bear_trend_long,4403.962662050544,3248
2022-11-21,83951.63880951148,83951.63880951148,0.0,16997.754244589567,TECL,bear_trend_long,4403.962662050544,3248
2022-11-22,88521.27610809547,88521.27610809547,0.0,16997.754244589567,TECL,bear_trend_long,4403.962662050544,3248
2022-11-23,90715.89765960914,90715.89765960914,0.0,16997.754244589567,TECL,bear_trend_long,4403.962662050544,3248
2022-11-25,89212.73246795875,89212.73246795875,0.0,16997.754244589567,TECL,bear_trend_long,4403.962662050544,3248
2022-11-28,83681.06300384742,83681.06300384742,0.0,16997.754244589567,TECL,bear_trend_long,4403.962662050544,3248
2022-11-29,81396.2474520896,81396.2474520896,0.0,16997.754244589567,TECL,bear_trend_long,4403.962662050544,3248
2022-11-30,92880.46073944312,92880.46073944312,0.0,16997.754244589567,TECL,bear_trend_long,4403.962662050544,3248
2022-12-01,92965.12165615988,92965.12165615988,0.0,16997.754244589567,TQQQ,bull_trend,4662.894263009555,7823
2022-12-02,91921.44421551657,91921.44421551657,0.0,16997.754244589567,TQQQ,bull_trend,4662.894263009555,7823
2022-12-05,87523.10314248038,87523.10314248038,0.0,16997.754244589567,TQQQ,bull_trend,4662.894263009555,7823
2022-12-06,82100.45067492449,82100.45067492449,0.0,16997.754244589567,TECL,bear_trend_long,4376.045218381521,3256
2022-12-07,81071.32534174572,81071.32534174572,0.0,16997.754244589567,BSV,bear_relative_bond,4087.6577663313656,1149
2022-12-08,80918.80391674068,80918.80391674068,0.0,16997.754244589567,BSV,bear_relative_bond,4087.6577663313656,1149
2022-12-09,80888.31722359952,80888.31722359952,0.0,16997.754244589567,BSV,bear_relative_bond,4087.6577663313656,1149
2022-12-12,80817.14055859717,80817.14055859717,0.0,16997.754244589567,BSV,bear_relative_bond,4087.6577663313656,1149
2022-12-13,75220.98402771758,75220.98402771758,0.0,16997.754244589567,TQQQ,bull_trend,4063.889087532036,6688
2022-12-14,73532.0691107254,73532.0691107254,0.0,16997.754244589567,TQQQ,bull_trend,4063.889087532036,6688
2022-12-15,70496.46162126207,70496.46162126207,0.0,16997.754244589567,BSV,bear_relative_bond,3591.029634625258,997
2022-12-16,70522.9152618728,70522.9152618728,0.0,16997.754244589567,BSV,bear_relative_bond,3591.029634625258,997
2022-12-19,70381.77066411915,70381.77066411915,0.0,16997.754244589567,BSV,bear_relative_bond,3591.029634625258,997
2022-12-20,68625.54892198165,68625.54892198165,0.0,16997.754244589567,TECS,bear_relative_inverse,6349.881929794159,18
2022-12-21,67714.90971255713,67714.90971255713,0.0,16997.754244589567,BSV,bear_relative_bond,3402.862181650271,960
2022-12-22,69698.8622230469,69698.8622230469,0.0,16997.754244589567,TECS,bear_relative_inverse,6043.826578515655,18
2022-12-23,69714.54630507815,69714.54630507815,0.0,16997.754244589567,TECS,bear_relative_inverse,6043.826578515655,18
2022-12-27,71470.1131996094,71470.1131996094,0.0,16997.754244589567,TECS,bear_relative_inverse,6043.826578515655,18
2022-12-28,68433.01031258023,68433.01031258023,0.0,16997.754244589567,TECL,bear_tqqq_oversold,3581.281926654934,3389
2022-12-29,67060.61482721163,67060.61482721163,0.0,16997.754244589567,TECS,bear_relative_inverse,7149.219807680369,17
2022-12-30,57970.84729801754,57970.84729801754,9234.274904438214,26232.02914902778,TECS,bear_relative_inverse,4977.22791325192,15
2023-01-03,59551.38440739254,59551.38440739254,0.0,26232.02914902778,TECS,bear_relative_inverse,4977.22791325192,15
2023-01-04,58644.236276498086,58644.236276498086,0.0,26232.02914902778,BSV,bear_relative_bond,2972.7120947916264,832
2023-01-05,61309.69184262684,61309.69184262684,0.0,26232.02914902778,TECS,bear_relative_inverse,3848.7641082518385,15
2023-01-06,56332.95844418934,56332.95844418934,0.0,26232.02914902778,TECS,bear_relative_inverse,3848.7641082518385,15
2023-01-09,54860.29167235144,54860.29167235144,0.0,26232.02914902778,BSV,bear_relative_bond,2802.228058809458,774
2023-01-10,54826.02034088898,54826.02034088898,0.0,26232.02914902778,BSV,bear_relative_bond,2802.228058809458,774
2023-01-11,56840.12663774228,56840.12663774228,0.0,26232.02914902778,TECL,bear_trend_long,2752.3733475658883,2381
2023-01-12,57689.70654427919,57689.70654427919,0.0,26232.02914902778,TQQQ,bull_trend,2862.681947111225,5808
2023-01-13,58037.964930604474,58037.964930604474,0.0,26232.02914902778,TECL,bear_trend_long,2808.8574076399964,2359
2023-01-17,58262.575449123484,58262.575449123484,0.0,26232.02914902778,TQQQ,bull_trend,2896.4921895409643,5720
2023-01-18,56207.921442165476,56207.921442165476,0.0,26232.02914902778,TQQQ,bull_trend,2896.4921895409643,5720
2023-01-19,54585.43385262728,54585.43385262728,0.0,26232.02914902778,TECL,bear_trend_long,2770.8946680569643,2352
2023-01-20,58643.32560677767,58643.32560677767,0.0,26232.02914902778,TECL,bear_trend_long,2770.8946680569643,2352
2023-01-23,62541.74176069215,62541.74176069215,0.0,26232.02914902778,TQQQ,bull_trend,2969.93079801515,5724
2023-01-24,62185.35100980714,62185.35100980714,0.0,26232.02914902778,TQQQ,bull_trend,2969.93079801515,5724
2023-01-25,61746.72841688112,61746.72841688112,0.0,26232.02914902778,TQQQ,bull_trend,2969.93079801515,5724
2023-01-26,65146.13402982667,65146.13402982667,0.0,26232.02914902778,TQQQ,bull_trend,2969.93079801515,5724
2023-01-27,66928.07140775636,66928.07140775636,0.0,26232.02914902778,TQQQ,bull_trend,2969.93079801515,5724
2023-01-30,63090.02136655763,63090.02136655763,0.0,26232.02914902778,TQQQ,bull_trend,2969.93079801515,5724
2023-01-31,65776.66185422853,65776.66185422853,0.0,26232.02914902778,TQQQ,bull_trend,2969.93079801515,5724
2023-02-01,69834.0095448108,69834.0095448108,0.0,26232.02914902778,TQQQ,bull_trend,2969.93079801515,5724
2023-02-02,76742.47232480958,76742.47232480958,0.0,26232.02914902778,TQQQ,bull_trend,2969.93079801515,5724
2023-02-03,72931.86383100465,72931.86383100465,0.0,26232.02914902778,TQQQ,bull_trend,2969.93079801515,5724
2023-02-06,71149.91553541139,71149.91553541139,0.0,26232.02914902778,TQQQ,bull_trend,2969.93079801515,5724
2023-02-07,75371.75420423463,75371.75420423463,0.0,26232.02914902778,TQQQ,bull_trend,2969.93079801515,5724
2023-02-08,71478.88111539796,71478.88111539796,0.0,26232.02914902778,TQQQ,bull_trend,2969.93079801515,5724
2023-02-09,69642.10977216676,69642.10977216676,0.0,26232.02914902778,TQQQ,bull_trend,2969.93079801515,5724
2023-02-10,68271.38073392824,68271.38073392824,0.0,26232.02914902778,TQQQ,bull_trend,2969.93079801515,5724
2023-02-13,71369.2295612903,71369.2295612903,0.0,26232.02914902778,TQQQ,bull_trend,2969.93079801515,5724
2023-02-14,72849.61015363649,72849.61015363649,0.0,26232.02914902778,TQQQ,bull_trend,2969.93079801515,5724
2023-02-15,74412.23896451906,74412.23896451906,0.0,26232.02914902778,TQQQ,bull_trend,2969.93079801515,5724
2023-02-16,70327.4824795337,70327.4824795337,0.0,26232.02914902778,TQQQ,bull_trend,2969.93079801515,5724
2023-02-17,68874.5052227588,68874.5052227588,0.0,26232.02914902778,TQQQ,bull_trend,2969.93079801515,5724
2023-02-21,64241.43637891725,64241.43637891725,0.0,26232.02914902778,TQQQ,bull_trend,2969.93079801515,5724
2023-02-22,64296.27580305055,64296.27580305055,0.0,26232.02914902778,TQQQ,bull_trend,2969.93079801515,5724
2023-02-23,65831.49036069826,65831.49036069826,0.0,26232.02914902778,TQQQ,bull_trend,2969.93079801515,5724
2023-02-24,62651.40423246339,62651.40423246339,0.0,26232.02914902778,TQQQ,bull_trend,2969.93079801515,5724
2023-02-27,63939.87959333375,63939.87959333375,0.0,26232.02914902778,TQQQ,bull_trend,2969.93079801515,5724
2023-02-28,63638.31189008668,63638.31189008668,0.0,26232.02914902778,TQQQ,bull_trend,2969.93079801515,5724
2023-03-01,62157.942215404066,62157.942215404066,0.0,26232.02914902778,TQQQ,bull_trend,2969.93079801515,5724
2023-03-02,63583.505218944105,63583.505218944105,0.0,26232.02914902778,TQQQ,bull_trend,2969.93079801515,5724
2023-03-03,67284.4512409778,67284.4512409778,0.0,26232.02914902778,TQQQ,bull_trend,2969.93079801515,5724
2023-03-06,67558.60469099,67558.60469099,0.0,26232.02914902778,TQQQ,bull_trend,2969.93079801515,5724
2023-03-07,65146.13402982667,65146.13402982667,0.0,26232.02914902778,TQQQ,bull_trend,2969.93079801515,5724
2023-03-08,65995.98679777101,65995.98679777101,0.0,26232.02914902778,TQQQ,bull_trend,2969.93079801515,5724
2023-03-09,62678.818485698255,62678.818485698255,0.0,26232.02914902778,TQQQ,bull_trend,2969.93079801515,5724
2023-03-10,62807.901620330165,62807.901620330165,0.0,26232.02914902778,BSV,bear_relative_bond,3140.606820841662,890
2023-03-13,64889.53279469066,64889.53279469066,0.0,26232.02914902778,SPXL,bear_spy_oversold,3213.1062466865114,1041
2023-03-14,67213.57041525989,67213.57041525989,0.0,26232.02914902778,BSV,bear_relative_bond,3430.1706671282445,947
2023-03-15,67609.34570158122,67609.34570158122,0.0,26232.02914902778,BSV,bear_relative_bond,3430.1706671282445,947
2023-03-16,73697.09023082323,73697.09023082323,0.0,26232.02914902778,TECL,bear_trend_long,3385.5955389744777,2357
2023-03-17,73198.73841038033,73198.73841038033,0.0,26232.02914902778,TQQQ,bull_trend,3723.024726298303,5904
2023-03-20,73933.9231637983,73933.9231637983,0.0,26232.02914902778,TQQQ,bull_trend,3723.024726298303,5904
2023-03-21,76902.96103611276,76902.96103611276,0.0,26232.02914902778,TQQQ,bull_trend,3723.024726298303,5904
2023-03-22,73916.60939731881,73916.60939731881,0.0,26232.02914902778,TQQQ,bull_trend,3723.024726298303,5904
2023-03-23,76419.46495762155,76419.46495762155,0.0,26232.02914902778,TQQQ,bull_trend,3723.024726298303,5904
2023-03-24,77158.94014683053,77158.94014683053,0.0,26232.02914902778,TQQQ,bull_trend,3723.024726298303,5904
2023-03-27,75651.54451694772,75651.54451694772,0.0,26232.02914902778,TQQQ,bull_trend,3723.024726298303,5904
2023-03-28,74457.00160923287,74457.00160923287,0.0,26232.02914902778,TQQQ,bull_trend,3723.024726298303,5904
2023-03-29,78325.03217258737,78325.03217258737,0.0,26232.02914902778,TQQQ,bull_trend,3723.024726298303,5904
2023-03-30,80344.38602390572,80344.38602390572,0.0,26232.02914902778,TQQQ,bull_trend,3723.024726298303,5904
2023-03-31,84098.66936435983,84098.66936435983,0.0,26232.02914902778,TQQQ,bull_trend,3723.024726298303,5904
2023-04-03,83529.83753147408,83529.83753147408,0.0,26232.02914902778,TQQQ,bull_trend,3723.024726298303,5904
2023-04-04,82733.47183933541,82733.47183933541,0.0,26232.02914902778,TQQQ,bull_trend,3723.024726298303,5904
2023-04-05,80202.18228855416,80202.18228855416,0.0,26232.02914902778,TQQQ,bull_trend,3723.024726298303,5904
2023-04-06,81738.02316990182,81738.02316990182,0.0,26232.02914902778,TQQQ,bull_trend,3723.024726298303,5904
2023-04-10,81567.36855259225,81567.36855259225,0.0,26232.02914902778,TQQQ,bull_trend,3723.024726298303,5904
2023-04-11,80059.97292270944,80059.97292270944,0.0,26232.02914902778,TQQQ,bull_trend,3723.024726298303,5904
2023-04-12,78040.62470188424,78040.62470188424,0.0,26232.02914902778,TQQQ,bull_trend,3723.024726298303,5904
2023-04-13,82306.8493722944,82306.8493722944,0.0,26232.02914902778,TQQQ,bull_trend,3723.024726298303,5904
2023-04-14,81851.77602329537,81851.77602329537,0.0,26232.02914902778,TQQQ,bull_trend,3723.024726298303,5904
2023-04-17,81937.10614719674,81937.10614719674,0.0,26232.02914902778,TQQQ,bull_trend,3723.024726298303,5904
2023-04-18,81993.99101963326,81993.99101963326,0.0,26232.02914902778,TQQQ,bull_trend,3723.024726298303,5904
2023-04-19,81823.3364023237,81823.3364023237,0.0,26232.02914902778,TQQQ,bull_trend,3723.024726298303,5904
2023-04-20,80003.09368076608,80003.09368076608,0.0,26232.02914902778,TQQQ,bull_trend,3723.024726298303,5904
2023-04-21,80145.29741611764,80145.29741611764,0.0,26232.02914902778,TQQQ,bull_trend,3723.024726298303,5904
2023-04-24,79690.23532810494,79690.23532810494,0.0,26232.02914902778,TQQQ,bull_trend,3723.024726298303,5904
2023-04-25,75395.55977573678,75395.55977573678,0.0,26232.02914902778,TQQQ,bull_trend,3723.024726298303,5904
2023-04-26,76590.10831394479,76590.10831394479,0.0,26232.02914902778,TQQQ,bull_trend,3723.024726298303,5904
2023-04-27,82477.49272861764,82477.49272861764,0.0,26232.02914902778,TQQQ,bull_trend,3723.024726298303,5904
2023-04-28,84070.22411289498,84070.22411289498,0.0,26232.02914902778,TQQQ,bull_trend,3723.024726298303,5904
2023-05-01,83842.69025364205,83842.69025364205,0.0,26232.02914902778,TQQQ,bull_trend,3723.024726298303,5904
2023-05-02,81709.5891794233,81709.5891794233,0.0,26232.02914902778,TQQQ,bull_trend,3723.024726298303,5904
2023-05-03,80173.73140659615,80173.73140659615,0.0,26232.02914902778,TQQQ,bull_trend,3723.024726298303,5904
2023-05-04,79320.48647251412,79320.48647251412,0.0,26232.02914902778,TQQQ,bull_trend,3723.024726298303,5904
2023-05-05,83956.45436802194,83956.45436802194,0.0,26232.02914902778,TQQQ,bull_trend,3723.024726298303,5904
2023-05-08,84610.61069431588,84610.61069431588,0.0,26232.02914902778,TQQQ,bull_trend,3723.024726298303,5904
2023-05-09,83046.31893101022,83046.31893101022,0.0,26232.02914902778,TQQQ,bull_trend,3723.024726298303,5904
2023-05-10,85606.06499424264,85606.06499424264,0.0,26232.02914902778,TQQQ,bull_trend,3723.024726298303,5904
2023-05-11,86288.6553110151,86288.6553110151,0.0,26232.02914902778,TQQQ,bull_trend,3723.024726298303,5904
2023-05-12,85435.4047464399,85435.4047464399,0.0,26232.02914902778,TQQQ,bull_trend,3723.024726298303,5904
2023-05-15,86686.8437875776,86686.8437875776,0.0,26232.02914902778,TQQQ,bull_trend,3723.024726298303,5904
2023-05-16,86999.69650974557,86999.69650974557,0.0,26232.02914902778,TQQQ,bull_trend,3723.024726298303,5904
2023-05-17,89986.05377903268,89986.05377903268,0.0,26232.02914902778,TQQQ,bull_trend,3723.024726298303,5904
2023-05-18,94622.004783061,94622.004783061,0.0,26232.02914902778,TQQQ,bull_trend,3723.024726298303,5904
2023-05-19,93996.29933872506,93996.29933872506,0.0,26232.02914902778,TQQQ,bull_trend,3723.024726298303,5904
2023-05-22,94934.88002720162,94934.88002720162,0.0,26232.02914902778,TQQQ,bull_trend,3723.024726298303,5904
2023-05-23,91408.11928501412,91408.11928501412,0.0,26232.02914902778,TQQQ,bull_trend,3723.024726298303,5904
2023-05-24,89986.05377903268,89986.05377903268,0.0,26232.02914902778,TQQQ,bull_trend,3723.024726298303,5904
2023-05-25,96214.73053684518,96214.73053684518,0.0,26232.02914902778,TQQQ,bull_trend,3723.024726298303,5904
2023-05-26,103211.33899631783,103211.33899631783,0.0,26232.02914902778,TQQQ,bull_trend,3723.024726298303,5904
2023-05-30,104604.98740330026,104604.98740330026,0.0,26232.02914902778,TQQQ,bull_trend,3723.024726298303,5904
2023-05-31,102557.1657785444,102557.1657785444,0.0,26232.02914902778,TQQQ,bull_trend,3723.024726298303,5904
2023-06-01,106140.80576267526,106140.80576267526,0.0,26232.02914902778,TQQQ,bull_trend,3723.024726298303,5904
2023-06-02,108444.56708469674,108444.56708469674,0.0,26232.02914902778,TQQQ,bull_trend,3723.024726298303,5904
2023-06-05,108672.12909641549,108672.12909641549,0.0,26232.02914902778,TQQQ,bull_trend,3723.024726298303,5904
2023-06-06,108558.33682956979,108558.33682956979,0.0,26232.02914902778,TQQQ,bull_trend,3723.024726298303,5904
2023-06-07,103211.33899631783,103211.33899631783,0.0,26232.02914902778,TQQQ,bull_trend,3723.024726298303,5904
2023-06-08,106624.34125461862,106624.34125461862,0.0,26232.02914902778,TQQQ,bull_trend,3723.024726298303,5904
2023-06-09,107875.72962131783,107875.72962131783,0.0,26232.02914902778,TQQQ,bull_trend,3723.024726298303,5904
2023-06-12,113194.31598606393,113194.31598606393,0.0,26232.02914902778,TQQQ,bull_trend,3723.024726298303,5904
2023-06-13,115640.25852146432,115640.25852146432,0.0,26232.02914902778,TQQQ,bull_trend,3723.024726298303,5904
2023-06-14,118029.344336894,118029.344336894,0.0,26232.02914902778,TQQQ,bull_trend,3723.024726298303,5904
2023-06-15,122039.59552707955,122039.59552707955,0.0,26232.02914902778,TQQQ,bull_trend,3723.024726298303,5904
2023-06-16,117431.76878474522,117431.76878474522,0.0,26232.02914902778,UVXY,bull_overbought,6661.768784745218,209
2023-06-20,120807.21373278709,120807.21373278709,0.0,26232.02914902778,TQQQ,bull_trend,5999.77989871116,5870
2023-06-21,116206.07187945457,116206.07187945457,0.0,26232.02914902778,TQQQ,bull_trend,5999.77989871116,5870
2023-06-22,119865.43951708885,119865.43951708885,0.0,26232.02914902778,TQQQ,bull_trend,5999.77989871116,5870
2023-06-23,116489.7707815847,116489.7707815847,0.0,26232.02914902778,TQQQ,bull_trend,5999.77989871116,5870
2023-06-26,112121.22866351219,112121.22866351219,0.0,26232.02914902778,TQQQ,bull_trend,5999.77989871116,5870
2023-06-27,117369.12653643699,117369.12653643699,0.0,26232.02914902778,TQQQ,bull_trend,5999.77989871116,5870
2023-06-28,118049.94120318504,118049.94120318504,0.0,26232.02914902778,TQQQ,bull_trend,5999.77989871116,5870
2023-06-29,117284.02470309348,117284.02470309348,0.0,26232.02914902778,TQQQ,bull_trend,5999.77989871116,5870
2023-06-30,122305.01047808738,122305.01047808738,0.0,26232.02914902778,TQQQ,bull_trend,5999.77989871116,5870
2023-07-03,123099.26439959617,123099.26439959617,0.0,26232.02914902778,TQQQ,bull_trend,5999.77989871116,5870
2023-07-05,123014.18495852561,123014.18495852561,0.0,26232.02914902778,TQQQ,bull_trend,5999.77989871116,5870
2023-07-06,120262.60006625266,120262.60006625266,0.0,26232.02914902778,TQQQ,bull_trend,5999.77989871116,5870
2023-07-07,119099.5230169973,119099.5230169973,0.0,26232.02914902778,TQQQ,bull_trend,5999.77989871116,5870
2023-07-10,119184.6248503408,119184.6248503408,0.0,26232.02914902778,TQQQ,bull_trend,5999.77989871116,5870
2023-07-11,120801.54848773094,120801.54848773094,0.0,26232.02914902778,TQQQ,bull_trend,5999.77989871116,5870
2023-07-12,125056.64015490623,125056.64015490623,0.0,26232.02914902778,TQQQ,bull_trend,5999.77989871116,5870
2023-07-13,130985.36389071555,130985.36389071555,0.0,26232.02914902778,TQQQ,bull_trend,5999.77989871116,5870
2023-07-14,130871.89104754539,130871.89104754539,0.0,26232.02914902778,TQQQ,bull_trend,5999.77989871116,5870
2023-07-17,134332.684008666,134332.684008666,0.0,26232.02914902778,TQQQ,bull_trend,5999.77989871116,5870
2023-07-18,137396.32761675926,137396.32761675926,0.0,26232.02914902778,TQQQ,bull_trend,5999.77989871116,5870
2023-07-19,144747.41123554658,144747.41123554658,0.0,26232.02914902778,UVXY,bull_overbought,7050.411235546577,316
2023-07-20,139384.23033855192,139384.23033855192,0.0,26232.02914902778,TQQQ,bull_trend,7299.6204104208155,6346
2023-07-21,138218.86600826017,138218.86600826017,0.0,26232.02914902778,TQQQ,bull_trend,7299.6204104208155,6346
2023-07-24,138740.23518703214,138740.23518703214,0.0,26232.02914902778,TQQQ,bull_trend,7299.6204104208155,6346
2023-07-25,141377.63166377775,141377.63166377775,0.0,26232.02914902778,TQQQ,bull_trend,7299.6204104208155,6346
2023-07-26,139997.57807491056,139997.57807491056,0.0,26232.02914902778,TQQQ,bull_trend,7299.6204104208155,6346
2023-07-27,138862.8853678488,138862.8853678488,0.0,26232.02914902778,TQQQ,bull_trend,7299.6204104208155,6346
2023-07-28,145977.74573848478,145977.74573848478,0.0,26232.02914902778,TQQQ,bull_trend,7299.6204104208155,6346
2023-07-31,146253.7419314169,146253.7419314169,0.0,26232.02914902778,TQQQ,bull_trend,7299.6204104208155,6346
2023-08-01,145180.38036678068,145180.38036678068,0.0,26232.02914902778,TQQQ,bull_trend,7299.6204104208155,6346
2023-08-02,136164.14564464323,136164.14564464323,0.0,26232.02914902778,TQQQ,bull_trend,7299.6204104208155,6346
2023-08-03,135244.15430019132,135244.15430019132,0.0,26232.02914902778,TQQQ,bull_trend,7299.6204104208155,6346
2023-08-04,133465.4301295065,133465.4301295065,0.0,26232.02914902778,TQQQ,bull_trend,7299.6204104208155,6346
2023-08-07,136593.51205775968,136593.51205775968,0.0,26232.02914902778,TQQQ,bull_trend,7299.6204104208155,6346
2023-08-08,133281.41249416105,133281.41249416105,0.0,26232.02914902778,TQQQ,bull_trend,7299.6204104208155,6346
2023-08-09,129079.98110530607,129079.98110530607,0.0,26232.02914902778,TQQQ,bull_trend,7299.6204104208155,6346
2023-08-10,129631.97349117033,129631.97349117033,0.0,26232.02914902778,TQQQ,bull_trend,7299.6204104208155,6346
2023-08-11,127178.59464977018,127178.59464977018,0.0,26232.02914902778,TQQQ,bull_trend,7299.6204104208155,6346
2023-08-14,131165.34888408415,131165.34888408415,0.0,26232.02914902778,TQQQ,bull_trend,7299.6204104208155,6346
2023-08-15,127362.58807704679,127362.58807704679,0.0,26232.02914902778,TQQQ,bull_trend,7299.6204104208155,6346
2023-08-16,123375.83384273283,123375.83384273283,0.0,26232.02914902778,TQQQ,bull_trend,7299.6204104208155,6346
2023-08-17,119450.38654277555,119450.38654277555,0.0,26232.02914902778,TQQQ,bull_trend,7299.6204104208155,6346
2023-08-18,118929.05367610685,118929.05367610685,0.0,26232.02914902778,TQQQ,bull_trend,7299.6204104208155,6346
2023-08-21,124326.52101848356,124326.52101848356,0.0,26232.02914902778,TQQQ,bull_trend,7299.6204104208155,6346
2023-08-22,123805.18815181486,123805.18815181486,0.0,26232.02914902778,TQQQ,bull_trend,7299.6204104208155,6346
2023-08-23,129294.67036388151,129294.67036388151,0.0,26232.02914902778,TQQQ,bull_trend,7299.6204104208155,6346
2023-08-24,121259.79444072477,121259.79444072477,0.0,26232.02914902778,TQQQ,bull_trend,7299.6204104208155,6346
2023-08-25,123958.53416393034,123958.53416393034,0.0,26232.02914902778,TQQQ,bull_trend,7299.6204104208155,6346
2023-08-28,126565.23480937711,126565.23480937711,0.0,26232.02914902778,TQQQ,bull_trend,7299.6204104208155,6346
2023-08-29,134170.76852748625,134170.76852748625,0.0,26232.02914902778,TQQQ,bull_trend,7299.6204104208155,6346
2023-08-30,136286.82003352873,136286.82003352873,0.0,26232.02914902778,TQQQ,bull_trend,7299.6204104208155,6346
2023-08-31,137452.1964678549,137452.1964678549,0.0,26232.02914902778,TQQQ,bull_trend,7299.6204104208155,6346
2023-09-01,136992.1826395773,136992.1826395773,0.0,26232.02914902778,TQQQ,bull_trend,7299.6204104208155,6346
2023-09-05,137329.53418300382,137329.53418300382,0.0,26232.02914902778,TQQQ,bull_trend,7299.6204104208155,6346
2023-09-06,133894.73602245084,133894.73602245084,0.0,26232.02914902778,TQQQ,bull_trend,7299.6204104208155,6346
2023-09-07,131134.67726085417,131134.67726085417,0.0,26232.02914902778,TQQQ,bull_trend,7299.6204104208155,6346
2023-09-08,131502.68832347624,131502.68832347624,0.0,26232.02914902778,TQQQ,bull_trend,7299.6204104208155,6346
2023-09-11,135734.81554363004,135734.81554363004,0.0,26232.02914902778,TQQQ,bull_trend,7299.6204104208155,6346
2023-09-12,131625.37481639616,131625.37481639616,0.0,26232.02914902778,TQQQ,bull_trend,7299.6204104208155,6346
2023-09-13,132852.07028911344,132852.07028911344,0.0,26232.02914902778,TQQQ,bull_trend,7299.6204104208155,6346
2023-09-14,135796.15879009,135796.15879009,0.0,26232.02914902778,TQQQ,bull_trend,7299.6204104208155,6346
2023-09-15,129202.64339015714,129202.64339015714,0.0,26232.02914902778,TQQQ,bull_trend,7299.6204104208155,6346
2023-09-18,129478.66379115812,129478.66379115812,0.0,26232.02914902778,TQQQ,bull_trend,7299.6204104208155,6346
2023-09-19,128742.64166591398,128742.64166591398,0.0,26232.02914902778,TQQQ,bull_trend,7299.6204104208155,6346
2023-09-20,123476.95094630949,123476.95094630949,0.0,26232.02914902778,TQQQ,bull_trend,7299.6204104208155,6346
2023-09-21,116860.24421642057,116860.24421642057,0.0,26232.02914902778,TQQQ,bull_trend,7299.6204104208155,6346
2023-09-22,116952.57379100553,116952.57379100553,0.0,26232.02914902778,TQQQ,bull_trend,7299.6204104208155,6346
2023-09-25,118399.03011272184,118399.03011272184,0.0,26232.02914902778,TQQQ,bull_trend,7299.6204104208155,6346
2023-09-26,113444.17099712125,113444.17099712125,0.0,26232.02914902778,TQQQ,bull_trend,7299.6204104208155,6346
2023-09-27,114090.44170711271,114090.44170711271,0.0,26232.02914902778,TQQQ,bull_trend,7299.6204104208155,6346
2023-09-28,116675.59717128507,116675.59717128507,0.0,26232.02914902778,TQQQ,bull_trend,7299.6204104208155,6346
2023-09-29,116921.79323146574,116921.79323146574,0.0,26232.02914902778,TQQQ,bull_trend,7299.6204104208155,6346
2023-10-02,119537.71715114347,119537.71715114347,0.0,26232.02914902778,TQQQ,bull_trend,7299.6204104208155,6346
2023-10-03,113598.0616907858,113598.0616907858,0.0,26232.02914902778,TQQQ,bull_trend,7299.6204104208155,6346
2023-10-04,117906.60168025724,117906.60168025724,0.0,26232.02914902778,TQQQ,bull_trend,7299.6204104208155,6346
2023-10-05,116737.13408229582,116737.13408229582,0.0,26232.02914902778,TQQQ,bull_trend,7299.6204104208155,6346
2023-10-06,122245.92222926847,122245.92222926847,0.0,26232.02914902778,TQQQ,bull_trend,7299.6204104208155,6346
2023-10-09,123938.58671519987,123938.58671519987,0.0,26232.02914902778,TQQQ,bull_trend,7299.6204104208155,6346
2023-10-10,125846.66670177213,125846.66670177213,0.0,26232.02914902778,TQQQ,bull_trend,7299.6204104208155,6346
2023-10-11,128370.27315089933,128370.27315089933,0.0,26232.02914902778,TQQQ,bull_trend,7299.6204104208155,6346
2023-10-12,126954.5852846884,126954.5852846884,0.0,26232.02914902778,TQQQ,bull_trend,7299.6204104208155,6346
2023-10-13,122430.59348247282,122430.59348247282,0.0,26232.02914902778,TQQQ,bull_trend,7299.6204104208155,6346
2023-10-16,126308.29036662809,126308.29036662809,0.0,26232.02914902778,TQQQ,bull_trend,7299.6204104208155,6346
2023-10-17,125169.59122417204,125169.59122417204,0.0,26232.02914902778,TQQQ,bull_trend,7299.6204104208155,6346
2023-10-18,120183.98786113493,120183.98786113493,0.0,26232.02914902778,TQQQ,bull_trend,7299.6204104208155,6346
2023-10-19,117168.00139568083,117168.00139568083,0.0,26232.02914902778,TQQQ,bull_trend,7299.6204104208155,6346
2023-10-20,112213.14228008024,112213.14228008024,0.0,26232.02914902778,TQQQ,bull_trend,7299.6204104208155,6346
2023-10-23,108796.97335406792,108796.97335406792,0.0,26232.02914902778,TECS,bear_relative_inverse,6983.169643130415,70
2023-10-24,108778.45715623883,108778.45715623883,0.0,26232.02914902778,TQQQ,bull_trend,5375.276747761047,6030
2023-10-25,101204.54400163678,101204.54400163678,0.0,26232.02914902778,TQQQ,bull_trend,5375.276747761047,6030
2023-10-26,105913.86340860307,105913.86340860307,0.0,26232.02914902778,TECS,bear_relative_inverse,5901.699346103065,64
2023-10-27,104240.26184610307,104240.26184610307,0.0,26232.02914902778,TECS,bear_relative_inverse,5901.699346103065,64
2023-10-30,101008.48840860307,101008.48840860307,0.0,26232.02914902778,TECS,bear_relative_inverse,5901.699346103065,64
2023-10-31,98988.60559610307,98988.60559610307,0.0,26232.02914902778,TECS,bear_relative_inverse,5901.699346103065,64
2023-11-01,93736.98059610307,93736.98059610307,0.0,26232.02914902778,TECS,bear_relative_inverse,5901.699346103065,64
2023-11-02,92418.56699032335,92418.56699032335,0.0,26232.02914902778,TQQQ,bull_trend,4574.6826748326275,4990
2023-11-03,95516.10210461168,95516.10210461168,0.0,26232.02914902778,TQQQ,bull_trend,4574.6826748326275,4990
2023-11-06,96556.67844814806,96556.67844814806,0.0,26232.02914902778,TQQQ,bull_trend,4574.6826748326275,4990
2023-11-07,99146.00807232408,99146.00807232408,0.0,26232.02914902778,TQQQ,bull_trend,4574.6826748326275,4990
2023-11-08,99315.41307491808,99315.41307491808,0.0,26232.02914902778,TQQQ,bull_trend,4574.6826748326275,4990
2023-11-09,97064.84586758165,97064.84586758165,0.0,26232.02914902778,TQQQ,bull_trend,4574.6826748326275,4990
2023-11-10,103235.71266216783,103235.71266216783,0.0,26232.02914902778,TQQQ,bull_trend,4574.6826748326275,4990
2023-11-13,102340.33788723497,102340.33788723497,0.0,26232.02914902778,TQQQ,bull_trend,4574.6826748326275,4990
2023-11-14,108486.991730161,108486.991730161,0.0,26232.02914902778,TQQQ,bull_trend,4574.6826748326275,4990
2023-11-15,108777.38534969835,108777.38534969835,0.0,26232.02914902778,TQQQ,bull_trend,4574.6826748326275,4990
2023-11-16,108946.78083462267,108946.78083462267,0.0,26232.02914902778,TQQQ,bull_trend,4574.6826748326275,4990
2023-11-17,109019.36258358507,109019.36258358507,0.0,26232.02914902778,TQQQ,bull_trend,4574.6826748326275,4990
2023-11-20,112746.08228725939,112746.08228725939,0.0,26232.02914902778,TQQQ,bull_trend,4574.6826748326275,4990
2023-11-21,110785.93725246935,110785.93725246935,0.0,26232.02914902778,TQQQ,bull_trend,4574.6826748326275,4990
2023-11-22,112020.11251492052,112020.11251492052,0.0,26232.02914902778,TQQQ,bull_trend,4574.6826748326275,4990
2023-11-24,111487.72262615709,111487.72262615709,0.0,26232.02914902778,TQQQ,bull_trend,4574.6826748326275,4990
2023-11-27,111173.13509029894,111173.13509029894,0.0,26232.02914902778,TQQQ,bull_trend,4574.6826748326275,4990
2023-11-28,112020.11251492052,112020.11251492052,0.0,26232.02914902778,TQQQ,bull_trend,4574.6826748326275,4990
2023-11-29,111632.93371243028,111632.93371243028,0.0,26232.02914902778,TQQQ,bull_trend,4574.6826748326275,4990
2023-11-30,110737.53038448839,110737.53038448839,0.0,26232.02914902778,TQQQ,bull_trend,4574.6826748326275,4990
2023-12-01,111632.93371243028,111632.93371243028,0.0,26232.02914902778,TQQQ,bull_trend,4574.6826748326275,4990
2023-12-04,108583.79594845323,108583.79594845323,0.0,26232.02914902778,TQQQ,bull_trend,4574.6826748326275,4990
2023-12-05,109333.97867245226,109333.97867245226,0.0,26232.02914902778,TQQQ,bull_trend,4574.6826748326275,4990
2023-12-06,107470.6188206151,107470.6188206151,0.0,26232.02914902778,TQQQ,bull_trend,4574.6826748326275,4990
2023-12-07,111778.10672802477,111778.10672802477,0.0,26232.02914902778,TQQQ,bull_trend,4574.6826748326275,4990
2023-12-08,113060.66982311754,113060.66982311754,0.0,26232.02914902778,TQQQ,bull_trend,4574.6826748326275,4990
2023-12-11,115819.42348522691,115819.42348522691,0.0,26232.02914902778,TQQQ,bull_trend,4574.6826748326275,4990
2023-12-12,118505.56684536485,118505.56684536485,0.0,26232.02914902778,TQQQ,bull_trend,4574.6826748326275,4990
2023-12-13,122522.66113323717,122522.66113323717,0.0,26232.02914902778,TQQQ,bull_trend,4574.6826748326275,4990
2023-12-14,125303.63469876585,125303.63469876585,0.0,26232.02914902778,UVXY,bull_overbought,6394.884698765847,555
2023-12-15,130992.38469876585,130992.38469876585,0.0,26232.02914902778,UVXY,bull_overbought,6394.884698765847,555
2023-12-18,131408.63469876585,131408.63469876585,0.0,26232.02914902778,UVXY,bull_overbought,6394.884698765847,555
2023-12-19,134322.38469876585,134322.38469876585,0.0,26232.02914902778,UVXY,bull_overbought,6394.884698765847,555
2023-12-20,145561.13469876585,145561.13469876585,0.0,26232.02914902778,UVXY,bull_overbought,6394.884698765847,555
2023-12-21,143077.73330356515,143077.73330356515,0.0,26232.02914902778,TQQQ,bull_trend,7139.08980991281,5565
2023-12-22,143619.8210778419,143619.8210778419,0.0,26232.02914902778,TQQQ,bull_trend,7139.08980991281,5565
2023-12-26,146113.64137317575,146113.64137317575,0.0,26232.02914902778,TQQQ,bull_trend,7139.08980991281,5565
2023-12-27,146845.50391818918,146845.50391818918,0.0,26232.02914902778,TQQQ,bull_trend,7139.08980991281,5565
2023-12-28,146493.11661388315,146493.11661388315,0.0,26232.02914902778,TQQQ,bull_trend,7139.08980991281,5565
2023-12-29,106187.50294354564,106187.50294354564,38362.790075519384,64594.819224547166,TQQQ,bull_trend,5307.104631930655,4085
2024-01-02,101073.85100033885,101073.85100033885,0.0,64594.819224547166,TQQQ,bull_trend,5307.104631930655,4085
2024-01-03,98009.63350918895,98009.63350918895,0.0,64594.819224547166,TQQQ,bull_trend,5307.104631930655,4085
2024-01-04,96457.61743214732,96457.61743214732,0.0,64594.819224547166,TQQQ,bull_trend,5307.104631930655,4085
2024-01-05,96795.87065365916,96795.87065365916,0.0,64594.819224547166,TQQQ,bull_trend,5307.104631930655,4085
2024-01-08,102307.49002125865,102307.49002125865,0.0,64594.819224547166,TQQQ,bull_trend,5307.104631930655,4085
2024-01-09,102944.20517590648,102944.20517590648,0.0,64594.819224547166,TQQQ,bull_trend,5307.104631930655,4085
2024-01-10,104874.27355435496,104874.27355435496,0.0,64594.819224547166,TQQQ,bull_trend,5307.104631930655,4085
2024-01-11,105351.80018094188,105351.80018094188,0.0,64594.819224547166,TQQQ,bull_trend,5307.104631930655,4085
2024-01-12,105471.19742062694,105471.19742062694,0.0,64594.819224547166,TQQQ,bull_trend,5307.104631930655,4085
2024-01-16,105411.49880078441,105411.49880078441,0.0,64594.819224547166,TQQQ,bull_trend,5307.104631930655,4085
2024-01-17,103680.41803029185,103680.41803029185,0.0,64594.819224547166,TQQQ,bull_trend,5307.104631930655,4085
2024-01-18,107898.68417409068,107898.68417409068,0.0,64594.819224547166,TQQQ,bull_trend,5307.104631930655,4085
2024-01-19,113828.14713147288,113828.14713147288,0.0,64594.819224547166,TQQQ,bull_trend,5307.104631930655,4085
2024-01-22,114265.89026120311,114265.89026120311,0.0,64594.819224547166,TQQQ,bull_trend,5307.104631930655,4085
2024-01-23,115559.2356934846,115559.2356934846,0.0,64594.819224547166,TQQQ,bull_trend,5307.104631930655,4085
2024-01-24,117369.9146237672,117369.9146237672,0.0,64594.819224547166,TQQQ,bull_trend,5307.104631930655,4085
2024-01-25,121698.00375119815,121698.00375119815,0.0,64594.819224547166,UVXY,bull_overbought,5991.75375119815,605
2024-01-26,120181.77084566015,120181.77084566015,0.0,64594.819224547166,TQQQ,bull_trend,6062.376383074705,4226
2024-01-29,123537.03209901709,123537.03209901709,0.0,64594.819224547166,TQQQ,bull_trend,6062.376383074705,4226
2024-01-30,121190.40786195654,121190.40786195654,0.0,64594.819224547166,TQQQ,bull_trend,6062.376383074705,4226
2024-01-31,114418.17450929541,114418.17450929541,0.0,64594.819224547166,TQQQ,bull_trend,6062.376383074705,4226
2024-02-01,118246.85048509497,118246.85048509497,0.0,64594.819224547166,TQQQ,bull_trend,6062.376383074705,4226
2024-02-02,123886.95258546728,123886.95258546728,0.0,64594.819224547166,TQQQ,bull_trend,6062.376383074705,4226
2024-02-05,123290.01138521094,123290.01138521094,0.0,64594.819224547166,TQQQ,bull_trend,6062.376383074705,4226
2024-02-06,122610.72457338232,122610.72457338232,0.0,64594.819224547166,TQQQ,bull_trend,6062.376383074705,4226
2024-02-07,126089.48006273169,126089.48006273169,0.0,64594.819224547166,TQQQ,bull_trend,6062.376383074705,4226
2024-02-08,126583.49730897803,126583.49730897803,0.0,64594.819224547166,TQQQ,bull_trend,6062.376383074705,4226
2024-02-09,130124.00394655127,130124.00394655127,0.0,64594.819224547166,TQQQ,bull_trend,6062.376383074705,4226
2024-02-12,128662.51442933935,128662.51442933935,0.0,64594.819224547166,TQQQ,bull_trend,6062.376383074705,4226
2024-02-13,122857.73722673315,122857.73722673315,0.0,64594.819224547166,TQQQ,bull_trend,6062.376383074705,4226
2024-02-14,126562.90284562964,126562.90284562964,0.0,64594.819224547166,TQQQ,bull_trend,6062.376383074705,4226
2024-02-15,127571.53986192602,127571.53986192602,0.0,64594.819224547166,TQQQ,bull_trend,6062.376383074705,4226
2024-02-16,124236.89725328345,124236.89725328345,0.0,64594.819224547166,TQQQ,bull_trend,6062.376383074705,4226
2024-02-20,121499.17972398657,121499.17972398657,0.0,64594.819224547166,TQQQ,bull_trend,6062.376383074705,4226
2024-02-21,120058.29273057837,120058.29273057837,0.0,64594.819224547166,TQQQ,bull_trend,6062.376383074705,4226
2024-02-22,129918.14797807593,129918.14797807593,0.0,64594.819224547166,TQQQ,bull_trend,6062.376383074705,4226
2024-02-23,128786.03284669775,128786.03284669775,0.0,64594.819224547166,TQQQ,bull_trend,6062.376383074705,4226
2024-02-26,128621.35774446386,128621.35774446386,0.0,64594.819224547166,TQQQ,bull_trend,6062.376383074705,4226
2024-02-27,129382.96598649878,129382.96598649878,0.0,64594.819224547166,TQQQ,bull_trend,6062.376383074705,4226
2024-02-28,127386.29447770971,127386.29447770971,0.0,64594.819224547166,TQQQ,bull_trend,6062.376383074705,4226
2024-02-29,130309.26545167822,130309.26545167822,0.0,64594.819224547166,TQQQ,bull_trend,6062.376383074705,4226
2024-03-01,136011.1106398191,136011.1106398191,0.0,64594.819224547166,TQQQ,bull_trend,6062.376383074705,4226
2024-03-04,134467.29969240088,134467.29969240088,0.0,64594.819224547166,TQQQ,bull_trend,6062.376383074705,4226
2024-03-05,127592.13432527441,127592.13432527441,0.0,64594.819224547166,TQQQ,bull_trend,6062.376383074705,4226
2024-03-06,129835.82654786963,129835.82654786963,0.0,64594.819224547166,TQQQ,bull_trend,6062.376383074705,4226
2024-03-07,135352.41829133886,135352.41829133886,0.0,64594.819224547166,TQQQ,bull_trend,6062.376383074705,4226
2024-03-08,129691.72978807348,129691.72978807348,0.0,64594.819224547166,TQQQ,bull_trend,6062.376383074705,4226
2024-03-11,128250.83473420996,128250.83473420996,0.0,64594.819224547166,TQQQ,bull_trend,6062.376383074705,4226
2024-03-12,133438.07627321142,133438.07627321142,0.0,64594.819224547166,TQQQ,bull_trend,6062.376383074705,4226
2024-03-13,130473.93249345678,130473.93249345678,0.0,64594.819224547166,TQQQ,bull_trend,6062.376383074705,4226
2024-03-14,129465.30353761572,129465.30353761572,0.0,64594.819224547166,TQQQ,bull_trend,6062.376383074705,4226
2024-03-15,124957.34074998755,124957.34074998755,0.0,64594.819224547166,TQQQ,bull_trend,6062.376383074705,4226
2024-03-18,128312.57782197851,128312.57782197851,0.0,64594.819224547166,TQQQ,bull_trend,6062.376383074705,4226
2024-03-19,129156.54779649634,129156.54779649634,0.0,64594.819224547166,TQQQ,bull_trend,6062.376383074705,4226
2024-03-20,133525.83851076025,133525.83851076025,0.0,64594.819224547166,TQQQ,bull_trend,6062.376383074705,4226
2024-03-21,135178.51396776098,135178.51396776098,0.0,64594.819224547166,TQQQ,bull_trend,6062.376383074705,4226
2024-03-22,135447.08027864355,135447.08027864355,0.0,64594.819224547166,TQQQ,bull_trend,6062.376383074705,4226
2024-03-25,134124.92379213232,134124.92379213232,0.0,64594.819224547166,TQQQ,bull_trend,6062.376383074705,4226
2024-03-26,132926.72904802221,132926.72904802221,0.0,64594.819224547166,TQQQ,bull_trend,6062.376383074705,4226
2024-03-27,134042.2718832578,134042.2718832578,0.0,64594.819224547166,TQQQ,bull_trend,6062.376383074705,4226
2024-03-28,133236.6051924314,133236.6051924314,0.0,64594.819224547166,TQQQ,bull_trend,6062.376383074705,4226
2024-04-01,134021.62099672217,134021.62099672217,0.0,64594.819224547166,TQQQ,bull_trend,6062.376383074705,4226
2024-04-02,130592.29221940893,130592.29221940893,0.0,64594.819224547166,TQQQ,bull_trend,6062.376383074705,4226
2024-04-03,131418.65815950293,131418.65815950293,0.0,64594.819224547166,TQQQ,bull_trend,6062.376383074705,4226
2024-04-04,125510.28798509497,125510.28798509497,0.0,64594.819224547166,TQQQ,bull_trend,6062.376383074705,4226
2024-04-05,129724.64868760962,129724.64868760962,0.0,64594.819224547166,TQQQ,bull_trend,6062.376383074705,4226
2024-04-08,129807.27641511816,129807.27641511816,0.0,64594.819224547166,TQQQ,bull_trend,6062.376383074705,4226
2024-04-09,131088.11500764746,131088.11500764746,0.0,64594.819224547166,TQQQ,bull_trend,6062.376383074705,4226
2024-04-10,127803.398859271,127803.398859271,0.0,64594.819224547166,TQQQ,bull_trend,6062.376383074705,4226
2024-04-11,133525.83851076025,133525.83851076025,0.0,64594.819224547166,TQQQ,bull_trend,6062.376383074705,4226
2024-04-12,127369.57709337134,127369.57709337134,0.0,64594.819224547166,TQQQ,bull_trend,6062.376383074705,4226
2024-04-15,121275.27639604468,121275.27639604468,0.0,64594.819224547166,TQQQ,bull_trend,6062.376383074705,4226
2024-04-16,121295.93534303564,121295.93534303564,0.0,64594.819224547166,TQQQ,bull_trend,6062.376383074705,4226
2024-04-17,117019.62198091406,117019.62198091406,0.0,64594.819224547166,TQQQ,bull_trend,6062.376383074705,4226
2024-04-18,115036.40337205786,115036.40337205786,0.0,64594.819224547166,TQQQ,bull_trend,6062.376383074705,4226
2024-04-19,108281.04055238623,108281.04055238623,0.0,64594.819224547166,TQQQ,bull_trend,6062.376383074705,4226
2024-04-22,111255.87249589819,111255.87249589819,0.0,64594.819224547166,TQQQ,bull_trend,6062.376383074705,4226
2024-04-23,115945.37285829443,115945.37285829443,0.0,64594.819224547166,TQQQ,bull_trend,6062.376383074705,4226
2024-04-24,117019.62198091406,117019.62198091406,0.0,64594.819224547166,TQQQ,bull_trend,6062.376383074705,4226
2024-04-25,115242.9847815122,115242.9847815122,0.0,64594.819224547166,TQQQ,bull_trend,6062.376383074705,4226
2024-04-26,120263.01217485327,120263.01217485327,0.0,64594.819224547166,TQQQ,bull_trend,6062.376383074705,4226
2024-04-29,121626.48655534643,121626.48655534643,0.0,64594.819224547166,TQQQ,bull_trend,6062.376383074705,4226
2024-04-30,115015.73636461157,115015.73636461157,0.0,64594.819224547166,TQQQ,bull_trend,6062.376383074705,4226
2024-05-01,112660.65670991797,112660.65670991797,0.0,64594.819224547166,TQQQ,bull_trend,6062.376383074705,4226
2024-05-02,116606.44304109472,116606.44304109472,0.0,64594.819224547166,TQQQ,bull_trend,6062.376383074705,4226
2024-05-03,123196.55040574927,123196.55040574927,0.0,64594.819224547166,TQQQ,bull_trend,6062.376383074705,4226
2024-05-06,127039.01782060522,127039.01782060522,0.0,64594.819224547166,TQQQ,bull_trend,6062.376383074705,4226
2024-05-07,127039.01782060522,127039.01782060522,0.0,64594.819224547166,TQQQ,bull_trend,6062.376383074705,4226
2024-05-08,126811.78552461523,126811.78552461523,0.0,64594.819224547166,TQQQ,bull_trend,6062.376383074705,4226
2024-05-09,127472.87182832617,127472.87182832617,0.0,64594.819224547166,TQQQ,bull_trend,6062.376383074705,4226
2024-05-10,128299.19746614355,128299.19746614355,0.0,64594.819224547166,TQQQ,bull_trend,6062.376383074705,4226
2024-05-13,129104.90445924658,129104.90445924658,0.0,64594.819224547166,TQQQ,bull_trend,6062.376383074705,4226
2024-05-14,131397.99921251196,131397.99921251196,0.0,64594.819224547166,TQQQ,bull_trend,6062.376383074705,4226
2024-05-15,137182.4076445188,137182.4076445188,0.0,64594.819224547166,TQQQ,bull_trend,6062.376383074705,4226
2024-05-16,136376.7167723264,136376.7167723264,0.0,64594.819224547166,TQQQ,bull_trend,6062.376383074705,4226
2024-05-17,136087.48345399756,136087.48345399756,0.0,64594.819224547166,TQQQ,bull_trend,6062.376383074705,4226
2024-05-20,138773.0982000913,138773.0982000913,0.0,64594.819224547166,TQQQ,bull_trend,6062.376383074705,4226
2024-05-21,139454.82732988257,139454.82732988257,0.0,64594.819224547166,TQQQ,bull_trend,6062.376383074705,4226
2024-05-22,139372.20766282934,139372.20766282934,0.0,64594.819224547166,TQQQ,bull_trend,6062.376383074705,4226
2024-05-23,137388.98905397314,137388.98905397314,0.0,64594.819224547166,TQQQ,bull_trend,6062.376383074705,4226
2024-05-24,141066.21713472265,141066.21713472265,0.0,64594.819224547166,TQQQ,bull_trend,6062.376383074705,4226
2024-05-28,142532.97818971533,142532.97818971533,0.0,64594.819224547166,TQQQ,bull_trend,6062.376383074705,4226
2024-05-29,139682.09992814917,139682.09992814917,0.0,64594.819224547166,TQQQ,bull_trend,6062.376383074705,4226
2024-05-30,135385.09537721533,135385.09537721533,0.0,64594.819224547166,TQQQ,bull_trend,6062.376383074705,4226
2024-05-31,135240.48274827856,135240.48274827856,0.0,64594.819224547166,TQQQ,bull_trend,6062.376383074705,4226
2024-06-03,136500.64627290625,136500.64627290625,0.0,64594.819224547166,TQQQ,bull_trend,6062.376383074705,4226
2024-06-04,137471.6167814817,137471.6167814817,0.0,64594.819224547166,TQQQ,bull_trend,6062.376383074705,4226
2024-06-05,145404.4992773618,145404.4992773618,0.0,64594.819224547166,TQQQ,bull_trend,6062.376383074705,4226
2024-06-06,145239.276064166,145239.276064166,0.0,64594.819224547166,TQQQ,bull_trend,6062.376383074705,4226
2024-06-07,144722.77820802588,144722.77820802588,0.0,64594.819224547166,TQQQ,bull_trend,6062.376383074705,4226
2024-06-10,146189.5231421079,146189.5231421079,0.0,64594.819224547166,TQQQ,bull_trend,6062.376383074705,4226
2024-06-11,149081.74347902197,149081.74347902197,0.0,64594.819224547166,TQQQ,bull_trend,6062.376383074705,4226
2024-06-12,154721.53122163672,154721.53122163672,0.0,64594.819224547166,TQQQ,bull_trend,6062.376383074705,4226
2024-06-13,158215.0952075817,158215.0952075817,0.0,64594.819224547166,UVXY,bull_overbought,7946.799095521157,1274
2024-06-14,164839.90103949088,164839.90103949088,0.0,64594.819224547166,UVXY,bull_overbought,7946.799095521157,1274
2024-06-17,163438.5029834606,163438.5029834606,0.0,64594.819224547166,UVXY,bull_overbought,7946.799095521157,1274
2024-06-18,162546.69715155143,162546.69715155143,0.0,64594.819224547166,UVXY,bull_overbought,7946.799095521157,1274
2024-06-20,170063.29909552116,170063.29909552116,0.0,64594.819224547166,UVXY,bull_overbought,7946.799095521157,1274
2024-06-21,170278.504478958,170278.504478958,0.0,64594.819224547166,TQQQ,bull_trend,8577.234825637686,4446
2024-06-24,164801.51428272997,164801.51428272997,0.0,64594.819224547166,TQQQ,bull_trend,8577.234825637686,4446
2024-06-25,170017.67442372118,170017.67442372118,0.0,64594.819224547166,TQQQ,bull_trend,8577.234825637686,4446
2024-06-26,171027.8206029204,171027.8206029204,0.0,64594.819224547166,TQQQ,bull_trend,8577.234825637686,4446
2024-06-27,172205.97396900927,172205.97396900927,0.0,64594.819224547166,TQQQ,bull_trend,8577.234825637686,4446
2024-06-28,169631.52586415087,169631.52586415087,0.0,64594.819224547166,TQQQ,bull_trend,8577.234825637686,4446
2024-07-01,172271.42316487108,172271.42316487108,0.0,64594.819224547166,TQQQ,bull_trend,8577.234825637686,4446
2024-07-02,177289.33618214403,177289.33618214403,0.0,64594.819224547166,TQQQ,bull_trend,8577.234825637686,4446
2024-07-03,181434.61586811816,181434.61586811816,0.0,64594.819224547166,TQQQ,bull_trend,8577.234825637686,4446
2024-07-05,186670.70417835985,186670.70417835985,0.0,64594.819224547166,TQQQ,bull_trend,8577.234825637686,4446
2024-07-08,185985.1148533562,185985.1148533562,0.0,64594.819224547166,UVXY,bull_overbought,9434.667351219978,1637
2024-07-09,185985.1148533562,185985.1148533562,0.0,64594.819224547166,UVXY,bull_overbought,9434.667351219978,1637
2024-07-10,185330.31235549244,185330.31235549244,0.0,64594.819224547166,UVXY,bull_overbought,9434.667351219978,1637
2024-07-11,186148.81235549244,186148.81235549244,0.0,64594.819224547166,UVXY,bull_overbought,9434.667351219978,1637
2024-07-12,184256.09943518147,184256.09943518147,0.0,64594.819224547166,TQQQ,bull_trend,9113.911721558427,4426
2024-07-15,185559.19498571858,185559.19498571858,0.0,64594.819224547166,TQQQ,bull_trend,9113.911721558427,4426
2024-07-16,185689.5551923226,185689.5551923226,0.0,64594.819224547166,TQQQ,bull_trend,9113.911721558427,4426
2024-07-17,170160.44834265218,170160.44834265218,0.0,64594.819224547166,TQQQ,bull_trend,9113.911721558427,4426
2024-07-18,167749.62027105794,167749.62027105794,0.0,64594.819224547166,TQQQ,bull_trend,9113.911721558427,4426
2024-07-19,163449.2529996346,163449.2529996346,0.0,64594.819224547166,TQQQ,bull_trend,9113.911721558427,4426
2024-07-22,170182.16097387776,170182.16097387776,0.0,64594.819224547166,TQQQ,bull_trend,9113.911721558427,4426
2024-07-23,168444.66084417806,168444.66084417806,0.0,64594.819224547166,TQQQ,bull_trend,9113.911721558427,4426
2024-07-24,151264.88750586018,151264.88750586018,0.0,64594.819224547166,TQQQ,bull_trend,9113.911721558427,4426
2024-07-25,146530.14942297444,146530.14942297444,0.0,64594.819224547166,TQQQ,bull_trend,9113.911721558427,4426
2024-07-26,150461.2922185372,150461.2922185372,0.0,64594.819224547166,TQQQ,bull_trend,9113.911721558427,4426
2024-07-29,151286.63390478597,151286.63390478597,0.0,64594.819224547166,TQQQ,bull_trend,9113.911721558427,4426
2024-07-30,145487.6307729195,145487.6307729195,0.0,64594.819224547166,TQQQ,bull_trend,9113.911721558427,4426
2024-07-31,157411.38559851155,157411.38559851155,0.0,64594.819224547166,TQQQ,bull_trend,9113.911721558427,4426
2024-08-01,146725.62219748006,146725.62219748006,0.0,64594.819224547166,TQQQ,bull_trend,9113.911721558427,4426
2024-08-02,136691.4403394173,136691.4403394173,0.0,64594.819224547166,TQQQ,bull_trend,9113.911721558427,4426
2024-08-05,125571.28080114827,125571.28080114827,0.0,64594.819224547166,TQQQ,bull_trend,9113.911721558427,4426
2024-08-06,128481.63446173177,128481.63446173177,0.0,64594.819224547166,TQQQ,bull_trend,9113.911721558427,4426
2024-08-07,124637.37595877156,124637.37595877156,0.0,64594.819224547166,TQQQ,bull_trend,9113.911721558427,4426
2024-08-08,135214.52555212483,135214.52555212483,0.0,64594.819224547166,TQQQ,bull_trend,9113.911721558427,4426
2024-08-09,136930.32993444905,136930.32993444905,0.0,64594.819224547166,TQQQ,bull_trend,9113.911721558427,4426
2024-08-12,137799.096883149,137799.096883149,0.0,64594.819224547166,TQQQ,bull_trend,9113.911721558427,4426
2024-08-13,147160.00989279256,147160.00989279256,0.0,64594.819224547166,TQQQ,bull_trend,9113.911721558427,4426
2024-08-14,147398.90792974934,147398.90792974934,0.0,64594.819224547166,TQQQ,bull_trend,9113.911721558427,4426
2024-08-15,157802.2973798226,157802.2973798226,0.0,64594.819224547166,TQQQ,bull_trend,9113.911721558427,4426
2024-08-16,158193.25981268391,158193.25981268391,0.0,64594.819224547166,TQQQ,bull_trend,9113.911721558427,4426
2024-08-19,163970.52498754964,163970.52498754964,0.0,64594.819224547166,TQQQ,bull_trend,9113.911721558427,4426
2024-08-20,163014.8990720223,163014.8990720223,0.0,64594.819224547166,TQQQ,bull_trend,9113.911721558427,4426
2024-08-21,165121.61523565755,165121.61523565755,0.0,64594.819224547166,TQQQ,bull_trend,9113.911721558427,4426
2024-08-22,157628.5287946175,157628.5287946175,0.0,64594.819224547166,TQQQ,bull_trend,9113.911721558427,4426
2024-08-23,162298.1627515267,162298.1627515267,0.0,64594.819224547166,TQQQ,bull_trend,9113.911721558427,4426
2024-08-26,157802.2973798226,157802.2973798226,0.0,64594.819224547166,TQQQ,bull_trend,9113.911721558427,4426
2024-08-27,159062.03520330891,159062.03520330891,0.0,64594.819224547166,TQQQ,bull_trend,9113.911721558427,4426
2024-08-28,153979.75995001302,153979.75995001302,0.0,64594.819224547166,TQQQ,bull_trend,9113.911721558427,4426
2024-08-29,153219.58148321614,153219.58148321614,0.0,64594.819224547166,TQQQ,bull_trend,9113.911721558427,4426
2024-08-30,158128.08815130696,158128.08815130696,0.0,64594.819224547166,TQQQ,bull_trend,9113.911721558427,4426
2024-09-03,144531.99641546712,144531.99641546712,0.0,64594.819224547166,TQQQ,bull_trend,9113.911721558427,4426
2024-09-04,143380.88084158406,143380.88084158406,0.0,64594.819224547166,TQQQ,bull_trend,9113.911721558427,4426
2024-09-05,143815.2769788216,143815.2769788216,0.0,64594.819224547166,TQQQ,bull_trend,9113.911721558427,4426
2024-09-06,132890.60709890828,132890.60709890828,0.0,64594.819224547166,TQQQ,bull_trend,9113.911721558427,4426
2024-09-09,137495.0356267403,137495.0356267403,0.0,64594.819224547166,TQQQ,bull_trend,9113.911721558427,4426
2024-09-10,140948.36546453938,140948.36546453938,0.0,64594.819224547166,TQQQ,bull_trend,9113.911721558427,4426
2024-09-11,149353.61034903035,149353.61034903035,0.0,64594.819224547166,TQQQ,bull_trend,9113.911721558427,4426
2024-09-12,153501.96387609944,153501.96387609944,0.0,64594.819224547166,TQQQ,bull_trend,9113.911721558427,4426
2024-09-13,155391.50307592854,155391.50307592854,0.0,64594.819224547166,TQQQ,bull_trend,9113.911721558427,4426
2024-09-16,153436.7922147225,153436.7922147225,0.0,64594.819224547166,TQQQ,bull_trend,9113.911721558427,4426
2024-09-17,153523.65962347493,153523.65962347493,0.0,64594.819224547166,TQQQ,bull_trend,9113.911721558427,4426
2024-09-18,151634.12042364583,151634.12042364583,0.0,64594.819224547166,TQQQ,bull_trend,9113.911721558427,4426
2024-09-19,162406.74279150472,162406.74279150472,0.0,64594.819224547166,TQQQ,bull_trend,9113.911721558427,4426
2024-09-20,161429.4042447518,161429.4042447518,0.0,64594.819224547166,TQQQ,bull_trend,9113.911721558427,4426
2024-09-23,162558.7987454842,162558.7987454842,0.0,64594.819224547166,TQQQ,bull_trend,9113.911721558427,4426
2024-09-24,164730.68657049641,164730.68657049641,0.0,64594.819224547166,TQQQ,bull_trend,9113.911721558427,4426
2024-09-25,165275.393342347,165275.393342347,0.0,64594.819224547166,TQQQ,bull_trend,9113.911721558427,4426
2024-09-26,168587.32937750325,168587.32937750325,0.0,64594.819224547166,TQQQ,bull_trend,9113.911721558427,4426
2024-09-27,165841.93093237386,165841.93093237386,0.0,64594.819224547166,TQQQ,bull_trend,9113.911721558427,4426
2024-09-30,167062.10989508138,167062.10989508138,0.0,64594.819224547166,TQQQ,bull_trend,9113.911721558427,4426
2024-10-01,160372.86355719075,160372.86355719075,0.0,64594.819224547166,TQQQ,bull_trend,9113.911721558427,4426
2024-10-02,160939.4180310677,160939.4180310677,0.0,64594.819224547166,TQQQ,bull_trend,9113.911721558427,4426
2024-10-03,160590.8002942513,160590.8002942513,0.0,64594.819224547166,TQQQ,bull_trend,9113.911721558427,4426
2024-10-04,165929.10225042806,165929.10225042806,0.0,64594.819224547166,TQQQ,bull_trend,9113.911721558427,4426
2024-10-07,160765.0922788094,160765.0922788094,0.0,64594.819224547166,TQQQ,bull_trend,9113.911721558427,4426
2024-10-08,167345.37024816975,167345.37024816975,0.0,64594.819224547166,TQQQ,bull_trend,9113.911721558427,4426
2024-10-09,171158.45272192464,171158.45272192464,0.0,64594.819224547166,TQQQ,bull_trend,9113.911721558427,4426
2024-10-10,170591.91513189778,170591.91513189778,0.0,64594.819224547166,TQQQ,bull_trend,9113.911721558427,4426
2024-10-11,171005.9240201424,171005.9240201424,0.0,64594.819224547166,TQQQ,bull_trend,9113.911721558427,4426
2024-10-14,175145.79341253743,175145.79341253743,0.0,64594.819224547166,TQQQ,bull_trend,9113.911721558427,4426
2024-10-15,168521.98887762532,168521.98887762532,0.0,64594.819224547166,TQQQ,bull_trend,9113.911721558427,4426
2024-10-16,168434.81755957112,168434.81755957112,0.0,64594.819224547166,TQQQ,bull_trend,9113.911721558427,4426
2024-10-17,168914.16694769368,168914.16694769368,0.0,64594.819224547166,TQQQ,bull_trend,9113.911721558427,4426
2024-10-18,171746.71982702718,171746.71982702718,0.0,64594.819224547166,TQQQ,bull_trend,9113.911721558427,4426
2024-10-21,172640.07810339436,172640.07810339436,0.0,64594.819224547166,TQQQ,bull_trend,9113.911721558427,4426
2024-10-22,173119.44437536702,173119.44437536702,0.0,64594.819224547166,TQQQ,bull_trend,9113.911721558427,4426
2024-10-23,165536.8735288094,165536.8735288094,0.0,64594.819224547166,TQQQ,bull_trend,9113.911721558427,4426
2024-10-24,169262.7846845101,169262.7846845101,0.0,64594.819224547166,TQQQ,bull_trend,9113.911721558427,4426
2024-10-25,171964.62279638753,171964.62279638753,0.0,64594.819224547166,TQQQ,bull_trend,9113.911721558427,4426
2024-10-28,172117.13461431966,172117.13461431966,0.0,64594.819224547166,TQQQ,bull_trend,9113.911721558427,4426
2024-10-29,176627.45256170735,176627.45256170735,0.0,64594.819224547166,TQQQ,bull_trend,9113.911721558427,4426
2024-10-30,172901.54140600667,172901.54140600667,0.0,64594.819224547166,TQQQ,bull_trend,9113.911721558427,4426
2024-10-31,160438.25470861897,160438.25470861897,0.0,64594.819224547166,TQQQ,bull_trend,9113.911721558427,4426
2024-11-01,163663.03630957112,163663.03630957112,0.0,64594.819224547166,TQQQ,bull_trend,9113.911721558427,4426
2024-11-04,162224.98814520345,162224.98814520345,0.0,64594.819224547166,TQQQ,bull_trend,9113.911721558427,4426
2024-11-05,168042.62260565266,168042.62260565266,0.0,64594.819224547166,TQQQ,bull_trend,9113.911721558427,4426
2024-11-06,180941.68147406087,180941.68147406087,0.0,64594.819224547166,TQQQ,bull_trend,9113.911721558427,4426
2024-11-07,188981.82154211507,188981.82154211507,0.0,64594.819224547166,TQQQ,bull_trend,9113.911721558427,4426
2024-11-08,189417.57682928548,189417.57682928548,0.0,64594.819224547166,TQQQ,bull_trend,9113.911721558427,4426
2024-11-11,189090.73925909505,189090.73925909505,0.0,64594.819224547166,TQQQ,bull_trend,9113.911721558427,4426
2024-11-12,188110.22654852376,188110.22654852376,0.0,64594.819224547166,TQQQ,bull_trend,9113.911721558427,4426
2024-11-13,187325.85352453694,187325.85352453694,0.0,64594.819224547166,TQQQ,bull_trend,9113.911721558427,4426
2024-11-14,183556.331384034,183556.331384034,0.0,64594.819224547166,TQQQ,bull_trend,9113.911721558427,4426
2024-11-15,170940.5328687142,170940.5328687142,0.0,64594.819224547166,TQQQ,bull_trend,9113.911721558427,4426
2024-11-18,174208.8748029183,174208.8748029183,0.0,64594.819224547166,TQQQ,bull_trend,9113.911721558427,4426
2024-11-19,177520.81083807454,177520.81083807454,0.0,64594.819224547166,TQQQ,bull_trend,9113.911721558427,4426
2024-11-20,177324.70491919026,177324.70491919026,0.0,64594.819224547166,TQQQ,bull_trend,9113.911721558427,4426
2024-11-21,178980.6729367684,178980.6729367684,0.0,64594.819224547166,TQQQ,bull_trend,9113.911721558427,4426
2024-11-22,179612.56791052327,179612.56791052327,0.0,64594.819224547166,TQQQ,bull_trend,9113.911721558427,4426
2024-11-25,180396.9409345101,180396.9409345101,0.0,64594.819224547166,TQQQ,bull_trend,9113.911721558427,4426
2024-11-26,183055.20182928548,183055.20182928548,0.0,64594.819224547166,TQQQ,bull_trend,9113.911721558427,4426
2024-11-27,178849.95816931233,178849.95816931233,0.0,64594.819224547166,TQQQ,bull_trend,9113.911721558427,4426
2024-11-29,183185.91659674153,183185.91659674153,0.0,64594.819224547166,TQQQ,bull_trend,9113.911721558427,4426
2024-12-02,188829.30972418294,188829.30972418294,0.0,64594.819224547166,TQQQ,bull_trend,9113.911721558427,4426
2024-12-03,190419.88659033284,190419.88659033284,0.0,64594.819224547166,TQQQ,bull_trend,9113.911721558427,4426
2024-12-04,197043.72489294515,197043.72489294515,0.0,64594.819224547166,TQQQ,bull_trend,9113.911721558427,4426
2024-12-05,195496.6914761971,195496.6914761971,0.0,64594.819224547166,TQQQ,bull_trend,9113.911721558427,4426
2024-12-06,200290.28666052327,200290.28666052327,0.0,64594.819224547166,TQQQ,bull_trend,9113.911721558427,4426
2024-12-09,195823.54593023763,195823.54593023763,0.0,64594.819224547166,TQQQ,bull_trend,9113.911721558427,4426
2024-12-10,193797.18000921712,193797.18000921712,0.0,64594.819224547166,TQQQ,bull_trend,9113.911721558427,4426
2024-12-11,203667.58007940755,203667.58007940755,0.0,64594.819224547166,TQQQ,bull_trend,9113.911721558427,4426
2024-12-12,199810.90350470052,199810.90350470052,0.0,64594.819224547166,TQQQ,bull_trend,9113.911721558427,4426
2024-12-13,203907.24633154378,203907.24633154378,0.0,64594.819224547166,TQQQ,bull_trend,9113.911721558427,4426
2024-12-16,212383.17545446858,212383.17545446858,0.0,64594.819224547166,TQQQ,bull_trend,9113.911721558427,4426
2024-12-17,209659.52340826497,209659.52340826497,0.0,64594.819224547166,TQQQ,bull_trend,9113.911721558427,4426
2024-12-18,187979.5117810677,187979.5117810677,0.0,64594.819224547166,TQQQ,bull_trend,9113.911721558427,4426
2024-12-19,185451.96565374837,185451.96565374837,0.0,64594.819224547166,TQQQ,bull_trend,9113.911721558427,4426
2024-12-20,190027.69163641438,190027.69163641438,0.0,64594.819224547166,TQQQ,bull_trend,9113.911721558427,4426
2024-12-23,195066.72734961018,195066.72734961018,0.0,64594.819224547166,TQQQ,bull_trend,9113.911721558427,4426
2024-12-24,202455.85992559895,202455.85992559895,0.0,64594.819224547166,TQQQ,bull_trend,9113.911721558427,4426
2024-12-26,202040.5003293465,202040.5003293465,0.0,64594.819224547166,TQQQ,bull_trend,9113.911721558427,4426
2024-12-27,194192.27898535237,194192.27898535237,0.0,64594.819224547166,TQQQ,bull_trend,9113.911721558427,4426
2024-12-30,186759.40035376057,186759.40035376057,0.0,64594.819224547166,TQQQ,bull_trend,9113.911721558427,4426
2024-12-31,148456.4039863953,148456.4039863953,33630.5292758316,98225.34850037876,TQQQ,bull_trend,7438.704492987112,3608
2025-01-02,147565.35967487187,147565.35967487187,0.0,98225.34850037876,TQQQ,bull_trend,7438.704492987112,3608
2025-01-03,154283.8805794129,154283.8805794129,0.0,98225.34850037876,TQQQ,bull_trend,7438.704492987112,3608
2025-01-06,159291.57988971562,159291.57988971562,0.0,98225.34850037876,TQQQ,bull_trend,7438.704492987112,3608
2025-01-07,151111.7545723328,151111.7545723328,0.0,98225.34850037876,TQQQ,bull_trend,7438.704492987112,3608
2025-01-08,151218.66887897343,151218.66887897343,0.0,98225.34850037876,TQQQ,bull_trend,7438.704492987112,3608
2025-01-10,144357.57262653203,144357.57262653203,0.0,98225.34850037876,TQQQ,bull_trend,7438.704492987112,3608
2025-01-13,142931.90172809453,142931.90172809453,0.0,98225.34850037876,TQQQ,bull_trend,7438.704492987112,3608
2025-01-14,142450.73229450078,142450.73229450078,0.0,98225.34850037876,TQQQ,bull_trend,7438.704492987112,3608
2025-01-15,151575.0866035828,151575.0866035828,0.0,98225.34850037876,TQQQ,bull_trend,7438.704492987112,3608
2025-01-16,148634.62661212773,148634.62661212773,0.0,98225.34850037876,TQQQ,bull_trend,7438.704492987112,3608
2025-01-17,155602.6509346375,155602.6509346375,0.0,98225.34850037876,TQQQ,bull_trend,7438.704492987112,3608
2025-01-21,158061.95525592656,158061.95525592656,0.0,98225.34850037876,TQQQ,bull_trend,7438.704492987112,3608
2025-01-22,163907.24172443242,163907.24172443242,0.0,98225.34850037876,TQQQ,bull_trend,7438.704492987112,3608
2025-01-23,164869.58059161992,164869.58059161992,0.0,98225.34850037876,TQQQ,bull_trend,7438.704492987112,3608
2025-01-24,162036.03490680546,162036.03490680546,0.0,98225.34850037876,TQQQ,bull_trend,7438.704492987112,3608
2025-01-27,148474.22762531132,148474.22762531132,0.0,98225.34850037876,TQQQ,bull_trend,7438.704492987112,3608
2025-01-28,154729.41649860234,154729.41649860234,0.0,98225.34850037876,TQQQ,bull_trend,7438.704492987112,3608
2025-01-29,153820.53478473515,153820.53478473515,0.0,98225.34850037876,TQQQ,bull_trend,7438.704492987112,3608
2025-01-30,155656.09432453007,155656.09432453007,0.0,98225.34850037876,TQQQ,bull_trend,7438.704492987112,3608
2025-01-31,154854.15444415898,154854.15444415898,0.0,98225.34850037876,TQQQ,bull_trend,7438.704492987112,3608
2025-02-03,151289.93590778203,151289.93590778203,0.0,98225.34850037876,TQQQ,bull_trend,7438.704492987112,3608
2025-02-04,156511.51888507695,156511.51888507695,0.0,98225.34850037876,TQQQ,bull_trend,7438.704492987112,3608
2025-02-05,158454.00649494023,158454.00649494023,0.0,98225.34850037876,TQQQ,bull_trend,7438.704492987112,3608
2025-02-06,160717.25078815312,160717.25078815312,0.0,98225.34850037876,TQQQ,bull_trend,7438.704492987112,3608
2025-02-07,154871.978083075,154871.978083075,0.0,98225.34850037876,TQQQ,bull_trend,7438.704492987112,3608
2025-02-10,160057.9137825379,160057.9137825379,0.0,98225.34850037876,TQQQ,bull_trend,7438.704492987112,3608
2025-02-11,158970.80944293828,158970.80944293828,0.0,98225.34850037876,TQQQ,bull_trend,7438.704492987112,3608
2025-02-12,159273.78377765507,159273.78377765507,0.0,98225.34850037876,TQQQ,bull_trend,7438.704492987112,3608
2025-02-13,165671.520471991,165671.520471991,0.0,98225.34850037876,TQQQ,bull_trend,7438.704492987112,3608
2025-02-14,167524.8898872742,167524.8898872742,0.0,98225.34850037876,TQQQ,bull_trend,7438.704492987112,3608
2025-02-18,168522.88979572148,168522.88979572148,0.0,98225.34850037876,TQQQ,bull_trend,7438.704492987112,3608
2025-02-19,168540.69967120976,168540.69967120976,0.0,98225.34850037876,TQQQ,bull_trend,7438.704492987112,3608
2025-02-20,166580.38842243046,166580.38842243046,0.0,98225.34850037876,TQQQ,bull_trend,7438.704492987112,3608
2025-02-21,156618.43319171757,156618.43319171757,0.0,98225.34850037876,TQQQ,bull_trend,7438.704492987112,3608
2025-02-24,151254.28862995,151254.28862995,0.0,98225.34850037876,TQQQ,bull_trend,7438.704492987112,3608
2025-02-25,145765.44741290898,145765.44741290898,0.0,98225.34850037876,TQQQ,bull_trend,7438.704492987112,3608
2025-02-26,146656.49172443242,146656.49172443242,0.0,98225.34850037876,TQQQ,bull_trend,7438.704492987112,3608
2025-02-27,135108.46660846562,135108.46660846562,0.0,98225.34850037876,TQQQ,bull_trend,7438.704492987112,3608
2025-02-28,140953.7668403992,140953.7668403992,0.0,98225.34850037876,TQQQ,bull_trend,7438.704492987112,3608
2025-03-03,132328.36431354375,132328.36431354375,0.0,98225.34850037876,TQQQ,bull_trend,7438.704492987112,3608
2025-03-04,130956.17809528203,130956.17809528203,0.0,98225.34850037876,TQQQ,bull_trend,7438.704492987112,3608
2025-03-05,135767.84490436406,135767.84490436406,0.0,98225.34850037876,TQQQ,bull_trend,7438.704492987112,3608
2025-03-06,125128.70150226445,125128.70150226445,0.0,98225.34850037876,TQQQ,bull_trend,7438.704492987112,3608
2025-03-07,127570.1821846375,127570.1821846375,0.0,98225.34850037876,TQQQ,bull_trend,7438.704492987112,3608
2025-03-10,113254.27743386144,113254.27743386144,0.0,98225.34850037876,TECL,bear_tqqq_oversold,6079.909948815053,1854
2025-03-11,111764.54390572423,111764.54390572423,0.0,98225.34850037876,TECL,bear_tqqq_oversold,6079.909948815053,1854
2025-03-12,118163.54470824935,118163.54470824935,0.0,98225.34850037876,TECS,bear_relative_inverse,5896.720977780598,196
2025-03-13,113311.98889858984,113311.98889858984,0.0,98225.34850037876,TECL,bear_tqqq_oversold,5948.309699371093,1905
2025-03-14,112043.1838604409,112043.1838604409,0.0,98225.34850037876,TECS,bear_relative_inverse,6111.394309659649,191
2025-03-17,111864.32114461751,111864.32114461751,0.0,98225.34850037876,BSV,bear_relative_bond,5630.986207798676,1443
2025-03-18,111959.84097057283,111959.84097057283,0.0,98225.34850037876,BSV,bear_relative_bond,5630.986207798676,1443
2025-03-19,109313.40564451016,109313.40564451016,0.0,98225.34850037876,TECS,bear_relative_inverse,6123.679692361722,190
2025-03-20,112464.18394031741,112464.18394031741,0.0,98225.34850037876,BSV,bear_relative_bond,5681.810685808334,1446
2025-03-21,112532.57162952125,112532.57162952125,0.0,98225.34850037876,BSV,bear_relative_bond,5681.810685808334,1446
2025-03-24,114071.08252372501,114071.08252372501,0.0,98225.34850037876,TQQQ,bull_trend,5627.81348075626,3320
2025-03-25,116006.09854545353,116006.09854545353,0.0,98225.34850037876,TQQQ,bull_trend,5627.81348075626,3320
2025-03-26,109868.11835136173,109868.11835136173,0.0,98225.34850037876,TQQQ,bull_trend,5627.81348075626,3320
2025-03-27,109079.49400817294,109079.49400817294,0.0,98225.34850037876,TECS,bear_relative_inverse,5671.6826678409125,183
2025-03-28,111147.58891717423,111147.58891717423,0.0,98225.34850037876,BSV,bear_relative_bond,5565.879963739862,1427
2025-03-31,111201.55397595368,111201.55397595368,0.0,98225.34850037876,BSV,bear_relative_bond,5565.879963739862,1427
2025-04-01,111309.88828524841,111309.88828524841,0.0,98225.34850037876,BSV,bear_relative_bond,5565.879963739862,1427
2025-04-02,111242.16978335087,111242.16978335087,0.0,98225.34850037876,BSV,bear_relative_bond,5565.879963739862,1427
2025-04-03,111756.64031841539,111756.64031841539,0.0,98225.34850037876,BSV,bear_relative_bond,5565.879963739862,1427
2025-04-04,100189.57629643325,100189.57629643325,0.0,98225.34850037876,TECL,bear_tqqq_oversold,5624.416414841457,2584
2025-04-07,101424.62152348403,101424.62152348403,0.0,98225.34850037876,TECL,bear_tqqq_oversold,5624.416414841457,2584
2025-04-08,132497.36046867346,132497.36046867346,0.0,98225.34850037876,TECS,bear_relative_inverse,6213.131037521103,145
2025-04-09,181458.67575532247,181458.67575532247,0.0,98225.34850037876,TECL,bear_tqqq_oversold,6642.876938641566,3599
2025-04-10,163798.31652429345,163798.31652429345,0.0,98225.34850037876,BSV,bear_relative_bond,8246.363776176004,2104
2025-04-11,151514.22243438952,151514.22243438952,0.0,98225.34850037876,TECS,bear_relative_inverse,8748.050559389521,256
2025-04-14,138697.193269557,138697.193269557,0.0,98225.34850037876,BSV,bear_relative_bond,6940.62281195898,1781
2025-04-15,138883.03933440143,138883.03933440143,0.0,98225.34850037876,BSV,bear_relative_bond,6940.62281195898,1781
2025-04-16,139136.48313892,139136.48313892,0.0,98225.34850037876,BSV,bear_relative_bond,6940.62281195898,1781
2025-04-17,139153.40302494977,139153.40302494977,0.0,98225.34850037876,BSV,bear_relative_bond,6940.62281195898,1781
2025-04-21,139102.71153723125,139102.71153723125,0.0,98225.34850037876,BSV,bear_relative_bond,6940.62281195898,1781
2025-04-22,139035.10016348292,139035.10016348292,0.0,98225.34850037876,BSV,bear_relative_bond,6940.62281195898,1781
2025-04-23,138950.6098059273,138950.6098059273,0.0,98225.34850037876,BSV,bear_relative_bond,6940.62281195898,1781
2025-04-24,139271.6786182683,139271.6786182683,0.0,98225.34850037876,BSV,bear_relative_bond,6940.62281195898,1781
2025-04-25,146073.71151763454,146073.71151763454,0.0,98225.34850037876,TECL,bear_trend_long,7008.291920008807,2751
2025-04-28,145532.29309112087,145532.29309112087,0.0,98225.34850037876,TECL,bear_trend_long,7008.291920008807,2751
2025-04-29,147414.3496783401,147414.3496783401,0.0,98225.34850037876,TECL,bear_trend_long,7008.291920008807,2751
2025-04-30,149270.61144286647,149270.61144286647,0.0,98225.34850037876,TECL,bear_trend_long,7008.291920008807,2751
2025-05-01,155329.25700027004,155329.25700027004,0.0,98225.34850037876,TECL,bear_trend_long,7008.291920008807,2751
2025-05-02,158305.69815457118,158305.69815457118,0.0,98225.34850037876,TECS,bear_trend_inverse,8096.106662871956,358
2025-05-05,162816.90994055982,162816.90994055982,0.0,98225.34850037876,TECL,bear_trend_long,8098.6672647785745,2784
2025-05-06,158955.47781165357,158955.47781165357,0.0,98225.34850037876,TECL,bear_trend_long,8098.6672647785745,2784
2025-05-07,163625.71682532545,163625.71682532545,0.0,98225.34850037876,TECL,bear_trend_long,8098.6672647785745,2784
2025-05-08,167721.9809854817,167721.9809854817,0.0,98225.34850037876,TECL,bear_trend_long,8098.6672647785745,2784
2025-05-09,172625.67072466668,172625.67072466668,0.0,98225.34850037876,TECS,bear_trend_inverse,8643.274789608084,397
2025-05-12,152553.90948903054,152553.90948903054,0.0,98225.34850037876,TQQQ,bull_trend,7634.754368180933,4425
2025-05-13,159195.95021855325,159195.95021855325,0.0,98225.34850037876,TQQQ,bull_trend,7634.754368180933,4425
2025-05-14,161870.28798710793,161870.28798710793,0.0,98225.34850037876,TQQQ,bull_trend,7634.754368180933,4425
2025-05-15,162352.5505984971,162352.5505984971,0.0,98225.34850037876,TQQQ,bull_trend,7634.754368180933,4425
2025-05-16,164259.67387806863,164259.67387806863,0.0,98225.34850037876,TQQQ,bull_trend,7634.754368180933,4425
2025-05-19,164676.17187153787,164676.17187153787,0.0,98225.34850037876,TQQQ,bull_trend,7634.754368180933,4425
2025-05-20,163032.10706364602,163032.10706364602,0.0,98225.34850037876,TQQQ,bull_trend,7634.754368180933,4425
2025-05-21,156565.43302189797,156565.43302189797,0.0,98225.34850037876,TQQQ,bull_trend,7634.754368180933,4425
2025-05-22,157332.66439091653,157332.66439091653,0.0,98225.34850037876,TQQQ,bull_trend,7634.754368180933,4425
2025-05-23,153014.2449344346,153014.2449344346,0.0,98225.34850037876,TQQQ,bull_trend,7634.754368180933,4425
2025-05-27,163141.72601353616,163141.72601353616,0.0,98225.34850037876,TQQQ,bull_trend,7634.754368180933,4425
2025-05-28,161146.9109500596,161146.9109500596,0.0,98225.34850037876,TQQQ,bull_trend,7634.754368180933,4425
2025-05-29,161892.21515309304,161892.21515309304,0.0,98225.34850037876,TQQQ,bull_trend,7634.754368180933,4425
2025-05-30,161081.14633213967,161081.14633213967,0.0,98225.34850037876,TQQQ,bull_trend,7634.754368180933,4425
2025-06-02,164610.40725361794,164610.40725361794,0.0,98225.34850037876,TQQQ,bull_trend,7634.754368180933,4425
2025-06-03,168271.19741093606,168271.19741093606,0.0,98225.34850037876,TQQQ,bull_trend,7634.754368180933,4425
2025-06-04,169564.5626033494,169564.5626033494,0.0,98225.34850037876,TQQQ,bull_trend,7634.754368180933,4425
2025-06-05,165794.13661610574,165794.13661610574,0.0,98225.34850037876,TQQQ,bull_trend,7634.754368180933,4425
2025-06-06,170309.84992634744,170309.84992634744,0.0,98225.34850037876,TQQQ,bull_trend,7634.754368180933,4425
2025-06-09,171033.24384343118,171033.24384343118,0.0,98225.34850037876,TQQQ,bull_trend,7634.754368180933,4425
2025-06-10,174189.87798344583,174189.87798344583,0.0,98225.34850037876,TQQQ,bull_trend,7634.754368180933,4425
2025-06-11,172480.01479756326,172480.01479756326,0.0,98225.34850037876,TQQQ,bull_trend,7634.754368180933,4425
2025-06-12,173554.1420901963,173554.1420901963,0.0,98225.34850037876,TQQQ,bull_trend,7634.754368180933,4425
2025-06-13,167284.77878224343,167284.77878224343,0.0,98225.34850037876,TQQQ,bull_trend,7634.754368180933,4425
2025-06-16,173795.2733958909,173795.2733958909,0.0,98225.34850037876,TQQQ,bull_trend,7634.754368180933,4425
2025-06-17,168884.98925816506,168884.98925816506,0.0,98225.34850037876,TQQQ,bull_trend,7634.754368180933,4425
2025-06-18,168665.7682384202,168665.7682384202,0.0,98225.34850037876,TQQQ,bull_trend,7634.754368180933,4425
2025-06-20,166451.76591526956,166451.76591526956,0.0,98225.34850037876,TQQQ,bull_trend,7634.754368180933,4425
2025-06-23,171383.9434589097,171383.9434589097,0.0,98225.34850037876,TQQQ,bull_trend,7634.754368180933,4425
2025-06-24,178837.08676945657,178837.08676945657,0.0,98225.34850037876,TQQQ,bull_trend,7634.754368180933,4425
2025-06-25,180151.6364062974,180151.6364062974,0.0,98225.34850037876,TQQQ,bull_trend,7634.754368180933,4425
2025-06-26,184877.80999791116,184877.80999791116,0.0,98225.34850037876,TQQQ,bull_trend,7634.754368180933,4425
2025-06-27,186614.41115986794,186614.41115986794,0.0,98225.34850037876,TQQQ,bull_trend,7634.754368180933,4425
2025-06-30,190087.59660374612,190087.59660374612,0.0,98225.34850037876,TQQQ,bull_trend,7634.754368180933,4425
2025-07-01,185449.33423649758,185449.33423649758,0.0,98225.34850037876,TQQQ,bull_trend,7634.754368180933,4425
2025-07-02,188988.50373875588,188988.50373875588,0.0,98225.34850037876,TQQQ,bull_trend,7634.754368180933,4425
2025-07-03,194066.4066280076,194066.4066280076,0.0,98225.34850037876,TQQQ,bull_trend,7634.754368180933,4425
2025-07-07,189911.74039494485,189911.74039494485,0.0,98225.34850037876,TQQQ,bull_trend,7634.754368180933,4425
2025-07-08,190153.54690205544,190153.54690205544,0.0,98225.34850037876,TQQQ,bull_trend,7634.754368180933,4425
2025-07-09,193934.50603138894,193934.50603138894,0.0,98225.34850037876,TQQQ,bull_trend,7634.754368180933,4425
2025-07-10,193077.2027934739,193077.2027934739,0.0,98225.34850037876,TQQQ,bull_trend,7634.754368180933,4425
2025-07-11,191670.33624302835,191670.33624302835,0.0,98225.34850037876,TQQQ,bull_trend,7634.754368180933,4425
2025-07-14,193626.78298603982,193626.78298603982,0.0,98225.34850037876,TQQQ,bull_trend,7634.754368180933,4425
2025-07-15,194110.3791202256,194110.3791202256,0.0,98225.34850037876,TQQQ,bull_trend,7634.754368180933,4425
2025-07-16,194637.94774662942,194637.94774662942,0.0,98225.34850037876,TQQQ,bull_trend,7634.754368180933,4425
2025-07-17,198990.43111454934,198990.43111454934,0.0,98225.34850037876,TQQQ,bull_trend,7634.754368180933,4425
2025-07-18,198330.97877156228,198330.97877156228,0.0,98225.34850037876,TQQQ,bull_trend,7634.754368180933,4425
2025-07-21,201232.60621678323,201232.60621678323,0.0,98225.34850037876,TQQQ,bull_trend,7634.754368180933,4425
2025-07-22,198221.05598103494,198221.05598103494,0.0,98225.34850037876,TQQQ,bull_trend,7634.754368180933,4425
2025-07-23,200727.03227650613,200727.03227650613,0.0,98225.34850037876,TQQQ,bull_trend,7634.754368180933,4425
2025-07-24,202001.99823033303,202001.99823033303,0.0,98225.34850037876,TQQQ,bull_trend,7634.754368180933,4425
2025-07-25,203101.09109532327,203101.09109532327,0.0,98225.34850037876,TQQQ,bull_trend,7634.754368180933,4425
2025-07-28,202558.3833870626,202558.3833870626,0.0,98225.34850037876,UVXY,bull_overbought,10288.391321632924,2600
2025-07-29,209188.39132163292,209188.39132163292,0.0,98225.34850037876,UVXY,bull_overbought,10288.391321632924,2600
2025-07-30,207581.05557619824,207581.05557619824,0.0,98225.34850037876,TQQQ,bull_trend,10422.056419246335,4425
2025-07-31,204327.68195330395,204327.68195330395,0.0,98225.34850037876,TQQQ,bull_trend,10422.056419246335,4425
2025-08-01,192699.04244601025,192699.04244601025,0.0,98225.34850037876,TQQQ,bull_trend,10422.056419246335,4425
2025-08-04,202679.0088957478,202679.0088957478,0.0,98225.34850037876,TQQQ,bull_trend,10422.056419246335,4425
2025-08-05,198678.23794543042,198678.23794543042,0.0,98225.34850037876,TQQQ,bull_trend,10422.056419246335,4425
2025-08-06,205712.5538176228,205712.5538176228,0.0,98225.34850037876,TQQQ,bull_trend,10422.056419246335,4425
2025-08-07,207690.94460665478,207690.94460665478,0.0,98225.34850037876,TQQQ,bull_trend,10422.056419246335,4425
2025-08-08,213010.6708830525,213010.6708830525,0.0,98225.34850037876,TQQQ,bull_trend,10422.056419246335,4425
2025-08-11,211230.11410891308,211230.11410891308,0.0,98225.34850037876,TQQQ,bull_trend,10422.056419246335,4425
2025-08-12,218638.1370848347,218638.1370848347,0.0,98225.34850037876,TQQQ,bull_trend,10422.056419246335,4425
2025-08-13,218945.87701021924,218945.87701021924,0.0,98225.34850037876,TQQQ,bull_trend,10422.056419246335,4425
2025-08-14,218374.3527716328,218374.3527716328,0.0,98225.34850037876,TQQQ,bull_trend,10422.056419246335,4425
2025-08-15,215428.73595415844,215428.73595415844,0.0,98225.34850037876,TQQQ,bull_trend,10422.056419246335,4425
2025-08-18,215164.95164095654,215164.95164095654,0.0,98225.34850037876,TQQQ,bull_trend,10422.056419246335,4425
2025-08-19,206811.64668261303,206811.64668261303,0.0,98225.34850037876,TQQQ,bull_trend,10422.056419246335,4425
2025-08-20,203228.55532824292,203228.55532824292,0.0,98225.34850037876,TQQQ,bull_trend,10422.056419246335,4425
2025-08-21,200546.72282397046,200546.72282397046,0.0,98225.34850037876,TQQQ,bull_trend,10422.056419246335,4425
2025-08-22,209097.81115710034,209097.81115710034,0.0,98225.34850037876,TQQQ,bull_trend,10422.056419246335,4425
2025-08-25,207361.20999514355,207361.20999514355,0.0,98225.34850037876,TQQQ,bull_trend,10422.056419246335,4425
2025-08-26,209647.35758959546,209647.35758959546,0.0,98225.34850037876,TQQQ,bull_trend,10422.056419246335,4425
2025-08-27,210548.6670797993,210548.6670797993,0.0,98225.34850037876,TQQQ,bull_trend,10422.056419246335,4425
2025-08-28,214197.72561251416,214197.72561251416,0.0,98225.34850037876,TQQQ,bull_trend,10422.056419246335,4425
2025-08-29,206855.61917483105,206855.61917483105,0.0,98225.34850037876,TQQQ,bull_trend,10422.056419246335,4425
2025-09-02,201843.68346392407,201843.68346392407,0.0,98225.34850037876,TQQQ,bull_trend,10422.056419246335,4425
2025-09-03,206306.07274233593,206306.07274233593,0.0,98225.34850037876,TQQQ,bull_trend,10422.056419246335,4425
2025-09-04,211603.80433260693,211603.80433260693,0.0,98225.34850037876,TQQQ,bull_trend,10422.056419246335,4425
2025-09-05,212263.2904356648,212263.2904356648,0.0,98225.34850037876,TQQQ,bull_trend,10422.056419246335,4425
2025-09-08,215142.95695482983,215142.95695482983,0.0,98225.34850037876,TQQQ,bull_trend,10422.056419246335,4425
2025-09-09,216813.6078184773,216813.6078184773,0.0,98225.34850037876,TQQQ,bull_trend,10422.056419246335,4425
2025-09-10,217033.41963946118,217033.41963946118,0.0,98225.34850037876,TQQQ,bull_trend,10422.056419246335,4425
2025-09-11,220506.62196337475,220506.62196337475,0.0,98225.34850037876,TQQQ,bull_trend,10422.056419246335,4425
2025-09-12,223122.5210493733,223122.5210493733,0.0,98225.34850037876,TQQQ,bull_trend,10422.056419246335,4425
2025-09-15,228552.13635622754,228552.13635622754,0.0,98225.34850037876,TQQQ,bull_trend,10422.056419246335,4425
2025-09-16,227958.6174315144,227958.6174315144,0.0,98225.34850037876,TQQQ,bull_trend,10422.056419246335,4425
2025-09-17,226573.74556719555,226573.74556719555,0.0,98225.34850037876,TQQQ,bull_trend,10422.056419246335,4425
2025-09-18,232399.04578387036,232399.04578387036,0.0,98225.34850037876,TQQQ,bull_trend,10422.056419246335,4425
2025-09-19,236795.4847639729,236795.4847639729,0.0,98225.34850037876,TQQQ,bull_trend,10422.056419246335,4425
2025-09-22,240620.4163855244,240620.4163855244,0.0,98225.34850037876,TQQQ,bull_trend,10422.056419246335,4425
2025-09-23,235982.13713824048,235982.13713824048,0.0,98225.34850037876,TQQQ,bull_trend,10422.056419246335,4425
2025-09-24,233557.38757311596,233557.38757311596,0.0,98225.34850037876,TQQQ,bull_trend,10422.056419246335,4425
2025-09-25,230564.92865740551,230564.92865740551,0.0,98225.34850037876,TQQQ,bull_trend,10422.056419246335,4425
2025-09-26,233205.32067477002,233205.32067477002,0.0,98225.34850037876,TQQQ,bull_trend,10422.056419246335,4425
2025-09-29,236175.76802431836,236175.76802431836,0.0,98225.34850037876,TQQQ,bull_trend,10422.056419246335,4425
2025-09-30,237936.0349959065,237936.0349959065,0.0,98225.34850037876,TQQQ,bull_trend,10422.056419246335,4425
2025-10-01,241148.52517306103,241148.52517306103,0.0,98225.34850037876,TQQQ,bull_trend,10422.056419246335,4425
2025-10-02,243964.9253195454,243964.9253195454,0.0,98225.34850037876,TQQQ,bull_trend,10422.056419246335,4425
2025-10-03,240796.44139467968,240796.44139467968,0.0,98225.34850037876,TQQQ,bull_trend,10422.056419246335,4425
2025-10-06,245945.22355257763,245945.22355257763,0.0,98225.34850037876,TQQQ,bull_trend,10422.056419246335,4425
2025-10-07,242138.67428957715,242138.67428957715,0.0,98225.34850037876,TQQQ,bull_trend,10422.056419246335,4425
2025-10-08,249993.81564318432,249993.81564318432,0.0,98225.34850037876,TQQQ,bull_trend,10422.056419246335,4425
2025-10-09,249047.67277895703,249047.67277895703,0.0,98225.34850037876,TQQQ,bull_trend,10422.056419246335,4425
2025-10-10,224007.96330630078,224007.96330630078,0.0,98225.34850037876,TQQQ,bull_trend,10422.056419246335,4425
2025-10-13,237561.99029146924,237561.99029146924,0.0,98225.34850037876,TQQQ,bull_trend,10422.056419246335,4425
2025-10-14,232941.2831610371,232941.2831610371,0.0,98225.34850037876,TQQQ,bull_trend,10422.056419246335,4425
2025-10-15,237495.9555929829,237495.9555929829,0.0,98225.34850037876,TQQQ,bull_trend,10422.056419246335,4425
2025-10-16,234965.60452639355,234965.60452639355,0.0,98225.34850037876,TQQQ,bull_trend,10422.056419246335,4425
2025-10-17,239234.22787844433,239234.22787844433,0.0,98225.34850037876,TQQQ,bull_trend,10422.056419246335,4425
2025-10-20,247815.49771487011,247815.49771487011,0.0,98225.34850037876,TQQQ,bull_trend,10422.056419246335,4425
2025-10-21,247551.4433211018,247551.4433211018,0.0,98225.34850037876,TQQQ,bull_trend,10422.056419246335,4425
2025-10-22,240576.427013271,240576.427013271,0.0,98225.34850037876,TQQQ,bull_trend,10422.056419246335,4425
2025-10-23,246341.279823177,246341.279823177,0.0,98225.34850037876,TQQQ,bull_trend,10422.056419246335,4425
2025-10-24,253690.39147555127,253690.39147555127,0.0,98225.34850037876,TQQQ,bull_trend,10422.056419246335,4425
2025-10-27,266606.3193625142,266606.3193625142,0.0,98225.34850037876,TQQQ,bull_trend,10422.056419246335,4425
2025-10-28,272459.18467699783,272459.18467699783,0.0,98225.34850037876,TQQQ,bull_trend,10422.056419246335,4425
2025-10-29,275803.6936110188,275803.6936110188,0.0,98225.34850037876,TQQQ,bull_trend,10422.056419246335,4425
2025-10-30,263657.84981905716,263657.84981905716,0.0,98225.34850037876,TQQQ,bull_trend,10422.056419246335,4425
2025-10-31,267244.40158068435,267244.40158068435,0.0,98225.34850037876,TQQQ,bull_trend,10422.056419246335,4425
2025-11-03,270764.9355238606,270764.9355238606,0.0,98225.34850037876,TQQQ,bull_trend,10422.056419246335,4425
2025-11-04,254834.55403506054,254834.55403506054,0.0,98225.34850037876,TQQQ,bull_trend,10422.056419246335,4425
2025-11-05,259587.27992235913,259587.27992235913,0.0,98225.34850037876,TQQQ,bull_trend,10422.056419246335,4425
2025-11-06,245615.1682203938,245615.1682203938,0.0,98225.34850037876,TQQQ,bull_trend,10422.056419246335,4425
2025-11-07,243172.81277834668,243172.81277834668,0.0,98225.34850037876,TQQQ,bull_trend,10422.056419246335,4425
2025-11-10,258421.08891665234,258421.08891665234,0.0,98225.34850037876,TQQQ,bull_trend,10422.056419246335,4425
2025-11-11,256374.7897452046,256374.7897452046,0.0,98225.34850037876,TQQQ,bull_trend,10422.056419246335,4425
2025-11-12,255868.72628390088,255868.72628390088,0.0,98225.34850037876,TQQQ,bull_trend,10422.056419246335,4425
2025-11-13,240708.46265017285,240708.46265017285,0.0,98225.34850037876,TQQQ,bull_trend,10422.056419246335,4425
2025-11-14,240884.47077929272,240884.47077929272,0.0,98225.34850037876,TQQQ,bull_trend,10422.056419246335,4425
2025-11-17,234965.60452639355,234965.60452639355,0.0,98225.34850037876,TQQQ,bull_trend,10422.056419246335,4425
2025-11-18,226846.39189898266,226846.39189898266,0.0,98225.34850037876,TQQQ,bull_trend,10422.056419246335,4425
2025-11-19,230564.92865740551,230564.92865740551,0.0,98225.34850037876,TQQQ,bull_trend,10422.056419246335,4425
2025-11-20,214832.56686388745,214832.56686388745,0.0,98225.34850037876,TQQQ,bull_trend,10422.056419246335,4425
2025-11-21,219365.24460970654,219365.24460970654,0.0,98225.34850037876,TQQQ,bull_trend,10422.056419246335,4425
2025-11-24,235207.63047396435,235207.63047396435,0.0,98225.34850037876,TQQQ,bull_trend,10422.056419246335,4425
2025-11-25,239300.22881685986,239300.22881685986,0.0,98225.34850037876,TQQQ,bull_trend,10422.056419246335,4425
2025-11-26,245285.11288820996,245285.11288820996,0.0,98225.34850037876,TQQQ,bull_trend,10422.056419246335,4425
2025-11-28,250433.8950461079,250433.8950461079,0.0,98225.34850037876,TQQQ,bull_trend,10422.056419246335,4425
2025-12-01,248277.5718039204,248277.5718039204,0.0,98225.34850037876,TQQQ,bull_trend,10422.056419246335,4425
2025-12-02,253778.4039801289,253778.4039801289,0.0,98225.34850037876,TQQQ,bull_trend,10422.056419246335,4425
2025-12-03,255494.64781939282,255494.64781939282,0.0,98225.34850037876,TQQQ,bull_trend,10422.056419246335,4425
2025-12-04,254702.5183981587,254702.5183981587,0.0,98225.34850037876,TQQQ,bull_trend,10422.056419246335,4425
2025-12-05,257518.96918474926,257518.96918474926,0.0,98225.34850037876,TQQQ,bull_trend,10422.056419246335,4425
2025-12-08,255978.73347460522,255978.73347460522,0.0,98225.34850037876,TQQQ,bull_trend,10422.056419246335,4425
2025-12-09,256902.8647726704,256902.8647726704,0.0,98225.34850037876,TQQQ,bull_trend,10422.056419246335,4425
2025-12-10,259719.29867922558,259719.29867922558,0.0,98225.34850037876,TQQQ,bull_trend,10422.056419246335,4425
2025-12-11,257342.944175594,257342.944175594,0.0,98225.34850037876,TQQQ,bull_trend,10422.056419246335,4425
2025-12-12,242864.76901232495,242864.76901232495,0.0,98225.34850037876,TQQQ,bull_trend,10422.056419246335,4425
2025-12-15,239344.25194918408,239344.25194918408,0.0,98225.34850037876,TQQQ,bull_trend,10422.056419246335,4425
2025-12-16,240708.46265017285,240708.46265017285,0.0,98225.34850037876,TQQQ,bull_trend,10422.056419246335,4425
2025-12-17,227814.51256930127,227814.51256930127,0.0,98225.34850037876,TQQQ,bull_trend,10422.056419246335,4425
2025-12-18,237099.89932238354,237099.89932238354,0.0,98225.34850037876,TQQQ,bull_trend,10422.056419246335,4425
2025-12-19,245945.22355257763,245945.22355257763,0.0,98225.34850037876,TQQQ,bull_trend,10422.056419246335,4425
2025-12-22,249157.71372973218,249157.71372973218,0.0,98225.34850037876,TQQQ,bull_trend,10422.056419246335,4425
2025-12-23,252502.18890368237,252502.18890368237,0.0,98225.34850037876,TQQQ,bull_trend,10422.056419246335,4425
2025-12-24,254423.91341387524,254423.91341387524,0.0,98225.34850037876,TQQQ,bull_trend,10422.056419246335,4425
2025-12-26,254203.52767168774,254203.52767168774,0.0,98225.34850037876,TQQQ,bull_trend,10422.056419246335,4425
2025-12-29,250589.3432921101,250589.3432921101,0.0,98225.34850037876,TQQQ,bull_trend,10422.056419246335,4425
2025-12-30,248870.38176714673,248870.38176714673,0.0,98225.34850037876,TQQQ,bull_trend,10422.056419246335,4425
2025-12-31,200978.37677729846,200978.37677729846,41788.88894098771,140014.23744136648,TQQQ,bull_trend,10044.477470047488,3636
2026-01-02,199638.35909236193,199638.35909236193,0.0,140014.23744136648,TQQQ,bull_trend,10044.477470047488,3636
2026-01-05,204165.42487300158,204165.42487300158,0.0,140014.23744136648,TQQQ,bull_trend,10044.477470047488,3636
2026-01-06,209271.96150935412,209271.96150935412,0.0,140014.23744136648,TQQQ,bull_trend,10044.477470047488,3636
2026-01-07,209851.432365067,209851.432365067,0.0,140014.23744136648,TQQQ,bull_trend,10044.477470047488,3636
2026-01-08,206302.2045818639,206302.2045818639,0.0,140014.23744136648,TQQQ,bull_trend,10044.477470047488,3636
2026-01-09,211988.19820369006,211988.19820369006,0.0,140014.23744136648,TQQQ,bull_trend,10044.477470047488,3636
2026-01-12,212459.0234752965,212459.0234752965,0.0,140014.23744136648,TQQQ,bull_trend,10044.477470047488,3636
2026-01-13,211408.75508845568,211408.75508845568,0.0,140014.23744136648,TQQQ,bull_trend,10044.477470047488,3636
2026-01-14,204998.42983210803,204998.42983210803,0.0,140014.23744136648,TQQQ,bull_trend,10044.477470047488,3636
2026-01-15,206990.33489192248,206990.33489192248,0.0,140014.23744136648,TQQQ,bull_trend,10044.477470047488,3636
2026-01-16,206121.1147381139,206121.1147381139,0.0,140014.23744136648,TQQQ,bull_trend,10044.477470047488,3636
2026-01-20,193771.2617565465,193771.2617565465,0.0,140014.23744136648,TQQQ,bull_trend,10044.477470047488,3636
2026-01-21,201014.5919720006,201014.5919720006,0.0,140014.23744136648,TQQQ,bull_trend,10044.477470047488,3636
2026-01-22,205251.93619502307,205251.93619502307,0.0,140014.23744136648,TQQQ,bull_trend,10044.477470047488,3636
2026-01-23,206990.33489192248,206990.33489192248,0.0,140014.23744136648,TQQQ,bull_trend,10044.477470047488,3636
2026-01-26,209525.49561274768,209525.49561274768,0.0,140014.23744136648,TQQQ,bull_trend,10044.477470047488,3636
2026-01-27,214813.12209285022,214813.12209285022,0.0,140014.23744136648,TQQQ,bull_trend,10044.477470047488,3636
2026-01-28,216696.38156855822,216696.38156855822,0.0,140014.23744136648,TQQQ,bull_trend,10044.477470047488,3636
2026-01-29,213002.27913630725,213002.27913630725,0.0,140014.23744136648,TQQQ,bull_trend,10044.477470047488,3636
2026-01-30,205614.1020122838,205614.1020122838,0.0,140014.23744136648,TQQQ,bull_trend,10044.477470047488,3636
2026-02-02,209597.91213191272,209597.91213191272,0.0,140014.23744136648,TQQQ,bull_trend,10044.477470047488,3636
2026-02-03,200254.03127253772,200254.03127253772,0.0,140014.23744136648,TQQQ,bull_trend,10044.477470047488,3636
2026-02-04,190258.2630382848,190258.2630382848,0.0,140014.23744136648,TQQQ,bull_trend,10044.477470047488,3636
2026-02-05,182580.33661616564,182580.33661616564,0.0,140014.23744136648,TQQQ,bull_trend,10044.477470047488,3636
2026-02-06,193264.24903071643,193264.24903071643,0.0,140014.23744136648,TQQQ,bull_trend,10044.477470047488,3636
2026-02-09,197429.14899409533,197429.14899409533,0.0,140014.23744136648,TQQQ,bull_trend,10044.477470047488,3636
2026-02-10,194821.54401362658,194821.54401362658,0.0,140014.23744136648,TQQQ,bull_trend,10044.477470047488,3636
2026-02-11,196197.7907635045,196197.7907635045,0.0,140014.23744136648,TQQQ,bull_trend,10044.477470047488,3636
2026-02-12,184825.7619091344,184825.7619091344,0.0,140014.23744136648,TQQQ,bull_trend,10044.477470047488,3636
2026-02-13,185586.3226085973,185586.3226085973,0.0,140014.23744136648,TQQQ,bull_trend,10044.477470047488,3636
2026-02-17,185151.712531693,185151.712531693,0.0,140014.23744136648,TQQQ,bull_trend,10044.477470047488,3636
2026-02-18,188918.24535334826,188918.24535334826,0.0,140014.23744136648,TQQQ,bull_trend,10044.477470047488,3636
2026-02-19,186890.12509883166,186890.12509883166,0.0,140014.23744136648,TQQQ,bull_trend,10044.477470047488,3636
2026-02-20,191344.760490067,191344.760490067,0.0,140014.23744136648,TQQQ,bull_trend,10044.477470047488,3636
2026-02-23,184753.3315197301,184753.3315197301,0.0,140014.23744136648,TQQQ,bull_trend,10044.477470047488,3636
2026-02-24,190330.69342768908,190330.69342768908,0.0,140014.23744136648,TQQQ,bull_trend,10044.477470047488,3636
2026-02-25,197899.96039546252,197899.96039546252,0.0,140014.23744136648,TQQQ,bull_trend,10044.477470047488,3636
2026-02-26,191308.5314251256,191308.5314251256,0.0,140014.23744136648,TQQQ,bull_trend,10044.477470047488,3636
2026-02-27,189389.0706249547,189389.0706249547,0.0,140014.23744136648,TQQQ,bull_trend,10044.477470047488,3636
2026-03-02,190040.9718700719,190040.9718700719,0.0,140014.23744136648,TQQQ,bull_trend,10044.477470047488,3636
2026-03-03,184246.30492366076,184246.30492366076,0.0,140014.23744136648,TQQQ,bull_trend,10044.477470047488,3636
2026-03-04,192069.07825434924,192069.07825434924,0.0,140014.23744136648,TQQQ,bull_trend,10044.477470047488,3636
2026-03-05,190403.12381709338,190403.12381709338,0.0,140014.23744136648,TQQQ,bull_trend,10044.477470047488,3636
2026-03-06,182218.1707989049,182218.1707989049,0.0,140014.23744136648,TQQQ,bull_trend,10044.477470047488,3636
2026-03-09,188918.24535334826,188918.24535334826,0.0,140014.23744136648,TQQQ,bull_trend,10044.477470047488,3636
2026-03-10,188954.4605480504,188954.4605480504,0.0,140014.23744136648,TQQQ,bull_trend,10044.477470047488,3636
2026-03-11,188773.3707043004,188773.3707043004,0.0,140014.23744136648,TQQQ,bull_trend,10044.477470047488,3636
2026-03-12,179646.80875361682,179646.80875361682,0.0,140014.23744136648,TQQQ,bull_trend,10044.477470047488,3636
2026-03-13,176387.30252803088,176387.30252803088,0.0,140014.23744136648,TQQQ,bull_trend,10044.477470047488,3636
2026-03-16,181928.43537104846,181928.43537104846,0.0,140014.23744136648,TQQQ,bull_trend,10044.477470047488,3636
2026-03-17,184463.6099621129,184463.6099621129,0.0,140014.23744136648,TQQQ,bull_trend,10044.477470047488,3636
2026-03-18,177002.97470820666,177002.97470820666,0.0,140014.23744136648,TQQQ,bull_trend,10044.477470047488,3636
2026-03-19,163902.44215108687,163902.44215108687,0.0,140014.23744136648,TECS,bear_relative_inverse,8741.00288106734,836
2026-03-20,174444.21131612593,174444.21131612593,0.0,140014.23744136648,TECS,bear_relative_inverse,8741.00288106734,836
2026-03-23,163674.64303697302,163674.64303697302,0.0,140014.23744136648,TQQQ,bull_trend,8294.891831528686,3500
2026-03-24,160898.72278791846,160898.72278791846,0.0,140014.23744136648,TECS,bear_relative_inverse,8122.240854324715,788
2026-03-25,155964.34363726072,155964.34363726072,0.0,140014.23744136648,TQQQ,bull_trend,7865.1756074755685,3344
2026-03-26,159808.52553143186,159808.52553143186,0.0,140014.23744136648,TECS,bear_relative_inverse,7611.492633482645,727
2026-03-27,157170.63858496942,157170.63858496942,0.0,140014.23744136648,TECL,bear_tqqq_oversold,8220.509617684264,1831
2026-03-30,174807.6258847684,174807.6258847684,0.0,140014.23744136648,TECS,bear_relative_inverse,8191.5738675564935,711
2026-03-31,153725.01560949985,153725.01560949985,0.0,140014.23744136648,TECS,bear_relative_inverse,8191.5738675564935,711
2026-04-01,149248.20616392465,149248.20616392465,0.0,140014.23744136648,BSV,bear_relative_bond,7472.3319878992625,1845
2026-04-02,137538.72518489827,137538.72518489827,0.0,140014.23744136648,TECS,bear_relative_inverse,7589.361781577958,680
2026-04-06,135977.22596964333,135977.22596964333,0.0,140014.23744136648,BSV,bear_relative_bond,6869.764658303,1681
2026-04-07,136125.95763620827,136125.95763620827,0.0,140014.23744136648,BSV,bear_relative_bond,6869.764658303,1681
2026-04-08,134574.47926331448,134574.47926331448,0.0,140014.23744136648,TQQQ,bull_trend,6852.552883157012,2667
2026-04-09,137128.91636658597,137128.91636658597,0.0,140014.23744136648,TQQQ,bull_trend,6852.552883157012,2667
2026-04-10,137687.6918525784,137687.6918525784,0.0,140014.23744136648,TQQQ,bull_trend,6852.552883157012,2667
2026-04-13,141652.4004325955,141652.4004325955,0.0,140014.23744136648,TQQQ,bull_trend,6852.552883157012,2667
2026-04-14,148969.8026237576,148969.8026237576,0.0,140014.23744136648,TQQQ,bull_trend,6852.552883157012,2667
2026-04-15,154930.16264725613,154930.16264725613,0.0,140014.23744136648,TQQQ,bull_trend,6852.552883157012,2667
2026-04-16,157005.64788056302,157005.64788056302,0.0,140014.23744136648,TQQQ,bull_trend,6852.552883157012,2667
2026-04-17,162753.13136292386,162753.13136292386,0.0,140014.23744136648,TQQQ,bull_trend,6852.552883157012,2667
2026-04-20,161396.08919526028,161396.08919526028,0.0,140014.23744136648,TQQQ,bull_trend,6852.552883157012,2667
2026-04-21,159586.6894645779,159586.6894645779,0.0,140014.23744136648,TQQQ,bull_trend,6852.552883157012,2667
2026-04-22,167063.73888779568,167063.73888779568,0.0,140014.23744136648,TQQQ,bull_trend,6852.552883157012,2667
2026-04-23,164429.47816849637,164429.47816849637,0.0,140014.23744136648,TQQQ,bull_trend,6852.552883157012,2667
2026-04-24,173316.79906845975,173316.79906845975,0.0,140014.23744136648,TQQQ,bull_trend,6852.552883157012,2667
2026-04-27,173529.66543579983,173529.66543579983,0.0,140014.23744136648,TQQQ,bull_trend,6852.552883157012,2667
2026-04-28,168474.0103645413,168474.0103645413,0.0,140014.23744136648,TQQQ,bull_trend,6852.552883157012,2667
2026-04-29,171454.19037629056,171454.19037629056,0.0,140014.23744136648,TQQQ,bull_trend,6852.552883157012,2667
2026-04-30,175924.45530701565,175924.45530701565,0.0,140014.23744136648,TQQQ,bull_trend,6852.552883157012,2667
2026-05-01,180607.60695267605,180607.60695267605,0.0,140014.23744136648,TQQQ,bull_trend,6852.552883157012,2667
2026-05-04,179569.8592491238,179569.8592491238,0.0,140014.23744136648,TQQQ,bull_trend,6852.552883157012,2667
2026-05-05,186168.808200845,186168.808200845,0.0,140014.23744136648,TQQQ,bull_trend,6852.552883157012,2667
2026-05-06,192877.00564484048,192877.00564484048,0.0,140014.23744136648,UVXY,bull_overbought,9572.21102814126,5040
2026-05-07,190205.81179718423,190205.81179718423,0.0,140014.23744136648,UVXY,bull_overbought,9572.21102814126,5040
2026-05-08,191516.20333771157,191516.20333771157,0.0,140014.23744136648,UVXY,bull_overbought,9572.21102814126,5040
2026-05-11,195951.40872101235,195951.40872101235,0.0,140014.23744136648,UVXY,bull_overbought,9572.21102814126,5040
2026-05-12,196479.76268328895,196479.76268328895,0.0,140014.23744136648,TQQQ,bull_trend,9884.192576782603,2495
2026-05-13,202155.3013948368,202155.3013948368,0.0,140014.23744136648,TQQQ,bull_trend,9884.192576782603,2495
2026-05-14,197641.46265368946,197641.46265368946,0.0,140014.23744136648,UVXY,bull_overbought,10110.471038394055,5293
2026-05-15,205170.29183795088,205170.29183795088,0.0,140014.23744136648,TQQQ,bull_trend,10337.606291075877,2592
2026-05-18,202532.53158404463,202532.53158404463,0.0,140014.23744136648,TQQQ,bull_trend,10337.606291075877,2592
2026-05-19,198937.91927935713,198937.91927935713,0.0,140014.23744136648,TQQQ,bull_trend,10337.606291075877,2592
2026-05-20,208195.96615435713,208195.96615435713,0.0,140014.23744136648,TQQQ,bull_trend,10337.606291075877,2592
2026-05-21,209333.822355529,209333.822355529,0.0,140014.23744136648,TQQQ,bull_trend,10337.606291075877,2592
2026-05-22,211635.40096881025,211635.40096881025,0.0,140014.23744136648,TQQQ,bull_trend,10337.606291075877,2592
2026-05-26,222264.04061724775,222264.04061724775,0.0,140014.23744136648,TQQQ,bull_trend,10337.606291075877,2592
2026-05-27,221539.96468951338,221539.96468951338,0.0,140014.23744136648,TQQQ,bull_trend,10337.606291075877,2592
2026-05-28,226737.906339904,226737.906339904,0.0,140014.23744136648,TQQQ,bull_trend,10337.606291075877,2592
2026-05-29,229013.63851763838,229013.63851763838,0.0,140014.23744136648,TQQQ,bull_trend,10337.606291075877,2592
2026-06-01,232840.9873945915,232840.9873945915,0.0,140014.23744136648,TQQQ,bull_trend,10337.606291075877,2592
2026-06-02,235892.52792193525,235892.52792193525,0.0,140014.23744136648,TQQQ,bull_trend,10337.606291075877,2592
2026-06-03,234407.26321443278,234407.26321443278,0.0,140014.23744136648,UVXY,bull_overbought,11858.023798310343,7653
2026-06-04,241030.9610670615,241030.9610670615,0.0,140014.23744136648,TQQQ,bull_trend,11890.638076644012,2695
2026-06-05,208308.1523054648,208308.1523054648,0.0,140014.23744136648,TQQQ,bull_trend,11890.638076644012,2695
2026-06-08,216966.11121354587,216966.11121354587,0.0,140014.23744136648,TQQQ,bull_trend,11890.638076644012,2695
2026-06-09,210109.64400468356,210109.64400468356,0.0,140014.23744136648,TQQQ,bull_trend,11890.638076644012,2695
2026-06-10,198144.4337004233,198144.4337004233,0.0,140014.23744136648,TQQQ,bull_trend,11890.638076644012,2695
2026-06-11,216267.02979264743,216267.02979264743,0.0,140014.23744136648,TQQQ,bull_trend,11890.638076644012,2695
2026-06-12,220327.1096342612,220327.1096342612,0.0,140014.23744136648,TQQQ,bull_trend,11890.638076644012,2695
2026-06-15,239336.98397813327,239336.98397813327,0.0,140014.23744136648,TQQQ,bull_trend,11890.638076644012,2695
2026-06-16,226807.16262040622,226807.16262040622,0.0,140014.23744136648,TQQQ,bull_trend,11890.638076644012,2695
2026-06-17,220380.89778123386,220380.89778123386,0.0,140014.23744136648,TQQQ,bull_trend,11890.638076644012,2695
2026-06-18,234712.25196061618,234712.25196061618,0.0,140014.23744136648,TQQQ,bull_trend,11890.638076644012,2695
2026-06-22,233932.50888047702,233932.50888047702,0.0,140014.23744136648,TQQQ,bull_trend,11890.638076644012,2695
2026-06-23,212045.60607133395,212045.60607133395,0.0,140014.23744136648,TQQQ,bull_trend,11890.638076644012,2695
2026-06-24,209434.14630113132,209434.14630113132,0.0,140014.23744136648,TQQQ,bull_trend,11890.638076644012,2695
2026-06-25,213880.8798521567,213880.8798521567,0.0,140014.23744136648,TQQQ,bull_trend,11890.638076644012,2695
2026-06-26,205472.4930113364,205472.4930113364,0.0,140014.23744136648,TQQQ,bull_trend,11890.638076644012,2695
2026-06-29,219917.69465623386,219917.69465623386,0.0,140014.23744136648,TQQQ,bull_trend,11890.638076644012,2695
2026-06-30,230185.638076644,230185.638076644,0.0,140014.23744136648,TQQQ,bull_trend,11890.638076644012,2695
2026-07-01,220645.33560929782,220645.33560929782,0.0,140014.23744136648,TQQQ,bull_trend,11890.638076644012,2695
2026-07-02,209568.88396440036,209568.88396440036,0.0,140014.23744136648,TQQQ,bull_trend,11890.638076644012,2695
2026-07-06,217842.53314195163,217842.53314195163,0.0,140014.23744136648,TQQQ,bull_trend,11890.638076644012,2695
2026-07-07,206550.49712358005,206550.49712358005,0.0,140014.23744136648,TQQQ,bull_trend,11890.638076644012,2695
2026-07-08,207871.04136643893,207871.04136643893,0.0,140014.23744136648,TQQQ,bull_trend,11890.638076644012,2695
2026-07-09,217626.92820725925,217626.92820725925,0.0,140014.23744136648,TQQQ,bull_trend,11890.638076644012,2695
2026-07-10,219486.4847868491,219486.4847868491,0.0,140014.23744136648,TQQQ,bull_trend,11890.638076644012,2695
2026-07-13,207655.43643174655,207655.43643174655,0.0,140014.23744136648,TQQQ,bull_trend,11890.638076644012,2695
2026-07-14,214069.52902970798,214069.52902970798,0.0,140014.23744136648,TQQQ,bull_trend,11890.638076644012,2695
2026-07-15,212506.44465623386,212506.44465623386,0.0,140014.23744136648,TQQQ,bull_trend,11890.638076644012,2695
2026-07-16,202534.9323195029,202534.9323195029,0.0,140014.23744136648,TQQQ,bull_trend,11890.638076644012,2695
2026-07-17,193883.9847868491,193883.9847868491,0.0,140014.23744136648,TQQQ,bull_trend,11890.638076644012,2695
2026-07-20,194207.39218888766,194207.39218888766,0.0,140014.23744136648,TQQQ,bull_trend,11890.638076644012,2695
2026-07-21,204232.7954786826,204232.7954786826,0.0,140014.23744136648,TQQQ,bull_trend,11890.638076644012,2695
2026-07-22,201295.2347868491,201295.2347868491,0.0,140014.23744136648,TQQQ,bull_trend,11890.638076644012,2695
2026-07-23,190569.14630113132,190569.14630113132,0.0,140014.23744136648,TQQQ,bull_trend,11890.638076644012,2695
2026-07-24,184370.638076644,184370.638076644,0.0,140014.23744136648,TQQQ,bull_trend,11890.638076644012,2695
2026-07-27,182753.64218888766,182753.64218888766,0.0,140014.23744136648,TQQQ,bull_trend,11890.638076644012,2695
2026-07-28,177794.8417776633,177794.8417776633,0.0,140014.23744136648,TQQQ,bull_trend,11890.638076644012,2695
2026-07-29,167526.888076644,167526.888076644,0.0,140014.23744136648,TQQQ,bull_trend,11890.638076644012,2695
2026-07-30,182484.1360205222,182484.1360205222,0.0,140014.23744136648,TQQQ,bull_trend,11890.638076644012,2695
2026-07-31,186041.5454786826,186041.5454786826,0.0,140014.23744136648,TQQQ,bull_trend,11890.638076644012,2695
2026-08-03,195042.83560929782,195042.83560929782,0.0,140014.23744136648,TQQQ,bull_trend,11890.638076644012,2695
2026-08-04,213530.53725419528,213530.53725419528,0.0,140014.23744136648,TQQQ,bull_trend,11890.638076644012,2695
2026-08-05,208194.42820725925,208194.42820725925,0.0,140014.23744136648,TQQQ,bull_trend,11890.638076644012,2695
2026-08-06,206011.4847868491,206011.4847868491,0.0,140014.23744136648,TQQQ,bull_trend,11890.638076644012,2695
2026-08-07,212587.29136643893,212587.29136643893,0.0,140014.23744136648,TQQQ,bull_trend,11890.638076644012,2695
2026-08-10,210781.64630113132,210781.64630113132,0.0,140014.23744136648,TQQQ,bull_trend,11890.638076644012,2695
2026-08-11,208787.33149705417,208787.33149705417,0.0,140014.23744136648,TQQQ,bull_trend,11890.638076644012,2695
2026-08-12,212937.63396440036,212937.63396440036,0.0,140014.23744136648,TQQQ,bull_trend,11890.638076644012,2695
2026-08-13,219809.89218888766,219809.89218888766,0.0,140014.23744136648,TQQQ,bull_trend,11890.638076644012,2695
2026-08-14,218839.6905439902,218839.6905439902,0.0,140014.23744136648,TQQQ,bull_trend,11890.638076644012,2695
2026-08-17,217788.64218888766,217788.64218888766,0.0,140014.23744136648,TQQQ,bull_trend,11890.638076644012,2695
2026-08-18,207358.9847868491,207358.9847868491,0.0,140014.23744136648,TQQQ,bull_trend,11890.638076644012,2695
2026-08-19,206092.33149705417,206092.33149705417,0.0,140014.23744136648,TQQQ,bull_trend,11890.638076644012,2695
2026-08-20,201834.24712358005,201834.24712358005,0.0,140014.23744136648,TQQQ,bull_trend,11890.638076644012,2695
2026-08-21,203693.78314195163,203693.78314195163,0.0,140014.23744136648,TQQQ,bull_trend,11890.638076644012,2695
2026-08-24,197872.59383378513,197872.59383378513,0.0,140014.23744136648,TQQQ,bull_trend,11890.638076644012,2695
2026-08-25,201268.27902970798,201268.27902970798,0.0,140014.23744136648,TQQQ,bull_trend,11890.638076644012,2695
2026-08-26,201807.29136643893,201807.29136643893,0.0,140014.23744136648,TQQQ,bull_trend,11890.638076644012,2695
2026-08-27,209434.14630113132,209434.14630113132,0.0,140014.23744136648,TQQQ,bull_trend,11890.638076644012,2695
2026-08-28,205526.38396440036,205526.38396440036,0.0,140014.23744136648,TQQQ,bull_trend,11890.638076644012,2695
2026-08-31,205715.03314195163,205715.03314195163,0.0,140014.23744136648,TQQQ,bull_trend,11890.638076644012,2695
2026-09-01,198249.89218888766,198249.89218888766,0.0,140014.23744136648,TQQQ,bull_trend,11890.638076644012,2695
2026-09-02,199462.63396440036,199462.63396440036,0.0,140014.23744136648,TQQQ,bull_trend,11890.638076644012,2695
2026-09-03,206011.4847868491,206011.4847868491,0.0,140014.23744136648,TQQQ,bull_trend,11890.638076644012,2695
2026-09-04,206927.7954786826,206927.7954786826,0.0,140014.23744136648,TQQQ,bull_trend,11890.638076644012,2695
