date,equity,holding,shares,cash,stop_reference,entered_at_open
2010-02-11,100000.0,CASH,0.0,100000.0,,False
2010-02-12,100000.0,CASH,0.0,100000.0,,False
2010-02-16,100000.0,CASH,0.0,100000.0,,False
2010-02-17,100000.0,CASH,0.0,100000.0,,False
2010-02-18,100000.0,CASH,0.0,100000.0,,False
2010-02-19,100000.0,CASH,0.0,100000.0,,False
2010-02-22,100000.0,CASH,0.0,100000.0,,False
2010-02-23,100000.0,CASH,0.0,100000.0,,False
2010-02-24,100000.0,CASH,0.0,100000.0,,False
2010-02-25,100000.0,CASH,0.0,100000.0,,False
2010-02-26,100000.0,CASH,0.0,100000.0,,False
2010-03-01,100000.0,TECL,134152.71222954508,0.0,0.7454191446304321,False
2010-03-02,99451.16198885372,TECL,134152.71222954508,0.0,0.7454191446304321,False
2010-03-03,99714.91416399957,TECL,134152.71222954508,0.0,0.7454191446304321,False
2010-03-04,100983.52334524597,TECL,134152.71222954508,0.0,0.7454191446304321,False
2010-03-05,104946.17888386574,TECL,134152.71222954508,0.0,0.7454191446304321,False
2010-03-08,105751.50059275274,TECL,134152.71222954508,0.0,0.7454191446304321,False
2010-03-09,106906.06904269915,TECL,134152.71222954508,0.0,0.7454191446304321,False
2010-03-10,109471.8255744536,TECL,134152.71222954508,0.0,0.7454191446304321,False
2010-03-11,110462.5374358571,TECL,134152.71222954508,0.0,0.7454191446304321,False
2010-03-12,110590.84325372553,TECL,134152.71222954508,0.0,0.7454191446304321,False
2010-03-15,109086.96409372163,TECL,134152.71222954508,0.0,0.7454191446304321,False
2010-03-16,112230.0408330107,TECL,134152.71222954508,0.0,0.7454191446304321,False
2010-03-17,113498.68199875613,TECL,134152.71222954508,0.0,0.7454191446304321,False
2010-03-18,113883.53548336335,TECL,134152.71222954508,0.0,0.7454191446304321,False
2010-03-19,111025.5285878252,TECL,134152.71222954508,0.0,0.7454191446304321,False
2010-03-22,113741.00455955027,TECL,134152.71222954508,0.0,0.7454191446304321,False
2010-03-23,117223.48481032153,TECL,134152.71222954508,0.0,0.7454191446304321,False
2010-03-24,115523.0609037636,TECL,134152.71222954508,0.0,0.7454191446304321,False
2010-03-25,116023.61031749574,TECL,134152.71222954508,0.0,0.7454191446304321,False
2010-03-26,115324.3572035249,TECL,134152.71222954508,0.0,0.7454191446304321,False
2010-03-29,115442.13212508691,TECL,134152.71222954508,0.0,0.7454191446304321,False
2010-03-30,116980.514563422,TECL,134152.71222954508,0.0,0.7454191446304321,False
2010-03-31,115000.49016244768,TECL,134152.71222954508,0.0,0.7454191446304321,False
2010-04-01,114499.94074871555,TECL,134152.71222954508,0.0,0.8572356700897217,False
2010-04-05,118982.72021447527,TECL,134152.71222954508,0.0,0.8572356700897217,False
2010-04-06,119328.72052888288,TECL,134152.71222954508,0.0,0.8572356700897217,False
2010-04-07,118599.92973005564,TECL,134152.71222954508,0.0,0.8572356700897217,False
2010-04-08,118658.86116952282,TECL,134152.71222954508,0.0,0.8572356700897217,False
2010-04-09,121831.43561304451,TECL,134152.71222954508,0.0,0.8572356700897217,False
2010-04-12,122655.90804072715,TECL,134152.71222954508,0.0,0.8572356700897217,False
2010-04-13,124231.12062969804,TECL,134152.71222954508,0.0,0.8572356700897217,False
2010-04-14,130598.35481332328,TECL,134152.71222954508,0.0,0.8572356700897217,False
2010-04-15,132961.25765608955,TECL,134152.71222954508,0.0,0.8572356700897217,False
2010-04-16,127374.22135736138,TECL,134152.71222954508,0.0,0.8572356700897217,False
2010-04-19,127411.09148862096,TECL,134152.71222954508,0.0,0.8572356700897217,False
2010-04-20,129420.55762095458,TECL,134152.71222954508,0.0,0.8572356700897217,False
2010-04-21,130657.20629154287,TECL,134152.71222954508,0.0,0.8572356700897217,False
2010-04-22,132180.97980994493,TECL,134152.71222954508,0.0,0.8572356700897217,False
2010-04-23,133550.10827552536,TECL,134152.71222954508,0.0,0.8572356700897217,False
2010-04-26,132718.28740919003,TECL,134152.71222954508,0.0,0.8572356700897217,False
2010-04-27,125003.98606819192,TECL,134152.71222954508,0.0,0.8572356700897217,False
2010-04-28,125659.19652699516,TECL,134152.71222954508,0.0,0.8572356700897217,False
2010-04-29,129413.28114742473,TECL,134152.71222954508,0.0,0.8572356700897217,False
2010-04-30,120911.28955263122,TECL,134152.71222954508,0.0,0.8572356700897217,False
2010-05-03,125865.26465813609,TECL,134152.71222954508,0.0,0.9012959003448486,False
2010-05-04,114941.59070747954,TECL,134152.71222954508,0.0,0.9012959003448486,False
2010-05-05,113358.93372635887,TECL,134152.71222954508,0.0,0.9012959003448486,False
2010-05-06,108820.1605973681,CASH,0.0,108820.1605973681,,False
2010-05-07,108820.1605973681,CASH,0.0,108820.1605973681,,False
2010-05-10,108820.1605973681,CASH,0.0,108820.1605973681,,False
2010-05-11,108820.1605973681,CASH,0.0,108820.1605973681,,False
2010-05-12,108820.1605973681,CASH,0.0,108820.1605973681,,False
2010-05-13,108820.1605973681,CASH,0.0,108820.1605973681,,False
2010-05-14,108820.1605973681,CASH,0.0,108820.1605973681,,False
2010-05-17,108820.1605973681,CASH,0.0,108820.1605973681,,False
2010-05-18,108820.1605973681,CASH,0.0,108820.1605973681,,False
2010-05-19,108820.1605973681,CASH,0.0,108820.1605973681,,False
2010-05-20,108820.1605973681,CASH,0.0,108820.1605973681,,False
2010-05-21,108820.1605973681,CASH,0.0,108820.1605973681,,False
2010-05-24,108820.1605973681,CASH,0.0,108820.1605973681,,False
2010-05-25,108820.1605973681,CASH,0.0,108820.1605973681,,False
2010-05-26,108820.1605973681,CASH,0.0,108820.1605973681,,False
2010-05-27,108820.1605973681,CASH,0.0,108820.1605973681,,False
2010-05-28,108820.1605973681,CASH,0.0,108820.1605973681,,False
2010-06-01,108820.16059736811,TECL,162400.36124435297,0.0,0.670073390007019,False
2010-06-02,116234.01867014378,TECL,162400.36124435297,0.0,0.670073390007019,False
2010-06-03,120404.35437030894,TECL,162400.36124435297,0.0,0.670073390007019,False
2010-06-04,108962.73460492503,TECL,162400.36124435297,0.0,0.670073390007019,False
2010-06-07,102119.13384311367,TECL,162400.36124435297,0.0,0.670073390007019,False
2010-06-08,97938.1445376313,CASH,0.0,97938.1445376313,,False
2010-06-09,97938.1445376313,CASH,0.0,97938.1445376313,,False
2010-06-10,97938.1445376313,CASH,0.0,97938.1445376313,,False
2010-06-11,97938.1445376313,CASH,0.0,97938.1445376313,,False
2010-06-14,97938.1445376313,CASH,0.0,97938.1445376313,,False
2010-06-15,97938.1445376313,CASH,0.0,97938.1445376313,,False
2010-06-16,97938.1445376313,CASH,0.0,97938.1445376313,,False
2010-06-17,97938.1445376313,CASH,0.0,97938.1445376313,,False
2010-06-18,97938.1445376313,CASH,0.0,97938.1445376313,,False
2010-06-21,97938.1445376313,CASH,0.0,97938.1445376313,,False
2010-06-22,97938.1445376313,CASH,0.0,97938.1445376313,,False
2010-06-23,97938.1445376313,CASH,0.0,97938.1445376313,,False
2010-06-24,97938.1445376313,CASH,0.0,97938.1445376313,,False
2010-06-25,97938.1445376313,CASH,0.0,97938.1445376313,,False
2010-06-28,97938.1445376313,CASH,0.0,97938.1445376313,,False
2010-06-29,97938.1445376313,CASH,0.0,97938.1445376313,,False
2010-06-30,97938.1445376313,CASH,0.0,97938.1445376313,,False
2010-07-01,97938.1445376313,GLD,836.7920691347,0.0,117.04000091552734,False
2010-07-02,99151.49048418988,GLD,836.7920691347,0.0,117.04000091552734,False
2010-07-06,97494.64576246461,GLD,836.7920691347,0.0,117.04000091552734,False
2010-07-07,98515.53310828363,GLD,836.7920691347,0.0,117.04000091552734,False
2010-07-08,98080.39765717217,GLD,836.7920691347,0.0,117.04000091552734,False
2010-07-09,99042.70981352044,GLD,836.7920691347,0.0,117.04000091552734,False
2010-07-12,98189.17832784161,GLD,836.7920691347,0.0,117.04000091552734,False
2010-07-13,99042.70981352044,GLD,836.7920691347,0.0,117.04000091552734,False
2010-07-14,98992.50433232174,GLD,836.7920691347,0.0,117.04000091552734,False
2010-07-15,98933.92914285099,GLD,836.7920691347,0.0,117.04000091552734,False
2010-07-16,97628.5291737334,GLD,836.7920691347,0.0,117.04000091552734,False
2010-07-19,96841.94897001424,GLD,836.7920691347,0.0,117.04000091552734,False
2010-07-20,97611.79614140613,GLD,836.7920691347,0.0,117.04000091552734,False
2010-07-21,96942.35993241162,GLD,836.7920691347,0.0,117.04000091552734,False
2010-07-22,97787.5217098184,GLD,836.7920691347,0.0,117.04000091552734,False
2010-07-23,97143.18824142324,GLD,836.7920691347,0.0,117.04000091552734,False
2010-07-26,96666.21701738513,GLD,836.7920691347,0.0,117.04000091552734,False
2010-07-27,94984.26955506051,GLD,836.7920691347,0.0,117.04000091552734,False
2010-07-28,95210.20060467147,GLD,836.7920691347,0.0,117.04000091552734,False
2010-07-29,95636.96634751088,GLD,836.7920691347,0.0,117.04000091552734,False
2010-07-30,96641.11427678578,GLD,836.7920691347,0.0,117.04000091552734,False
2010-08-02,96682.95643392924,TECL,134085.361494765,0.0,0.721055269241333,False
2010-08-03,95517.37906961815,TECL,134085.361494765,0.0,0.721055269241333,False
2010-08-04,97878.40830669679,TECL,134085.361494765,0.0,0.721055269241333,False
2010-08-05,96503.66143052859,TECL,134085.361494765,0.0,0.721055269241333,False
2010-08-06,95427.72357580748,TECL,134085.361494765,0.0,0.721055269241333,False
2010-08-09,96413.9819603869,TECL,134085.361494765,0.0,0.721055269241333,False
2010-08-10,92439.07391361278,TECL,134085.361494765,0.0,0.721055269241333,False
2010-08-11,87014.66079053632,CASH,0.0,87014.66079053632,,False
2010-08-12,87014.66079053632,CASH,0.0,87014.66079053632,,False
2010-08-13,87014.66079053632,CASH,0.0,87014.66079053632,,False
2010-08-16,87014.66079053632,CASH,0.0,87014.66079053632,,False
2010-08-17,87014.66079053632,CASH,0.0,87014.66079053632,,False
2010-08-18,87014.66079053632,CASH,0.0,87014.66079053632,,False
2010-08-19,87014.66079053632,CASH,0.0,87014.66079053632,,False
2010-08-20,87014.66079053632,CASH,0.0,87014.66079053632,,False
2010-08-23,87014.66079053632,CASH,0.0,87014.66079053632,,False
2010-08-24,87014.66079053632,CASH,0.0,87014.66079053632,,False
2010-08-25,87014.66079053632,CASH,0.0,87014.66079053632,,False
2010-08-26,87014.66079053632,CASH,0.0,87014.66079053632,,False
2010-08-27,87014.66079053632,CASH,0.0,87014.66079053632,,False
2010-08-30,87014.66079053632,CASH,0.0,87014.66079053632,,False
2010-08-31,87014.66079053632,CASH,0.0,87014.66079053632,,False
2010-09-01,87014.66079053632,IEF,1255.5310137300771,0.0,69.30506681155018,False
2010-09-02,86651.79658443127,IEF,1255.5310137300771,0.0,69.30506681155018,False
2010-09-03,86156.07185056045,IEF,1255.5310137300771,0.0,69.30506681155018,False
2010-09-07,86837.7066437534,IEF,1255.5310137300771,0.0,69.30506681155018,False
2010-09-08,86598.66976344638,IEF,1255.5310137300771,0.0,69.30506681155018,False
2010-09-09,85917.05429261058,IEF,1255.5310137300771,0.0,69.30506681155018,False
2010-09-10,85669.21607862158,IEF,1255.5310137300771,0.0,69.30506681155018,False
2010-09-13,86076.42509438668,IEF,1255.5310137300771,0.0,69.30506681155018,False
2010-09-14,86510.10573944775,IEF,1255.5310137300771,0.0,69.30506681155018,False
2010-09-15,86209.19867154532,IEF,1255.5310137300771,0.0,69.30506681155018,False
2010-09-16,85908.20465303572,IEF,1255.5310137300771,0.0,69.30506681155018,False
2010-09-17,86102.95469075411,IEF,1255.5310137300771,0.0,69.30506681155018,False
2010-09-20,86368.47286153567,IEF,1255.5310137300771,0.0,69.30506681155018,False
2010-09-21,87174.06057584814,IEF,1255.5310137300771,0.0,69.30506681155018,False
2010-09-22,87306.80516947103,IEF,1255.5310137300771,0.0,69.30506681155018,False
2010-09-23,87430.72910705484,IEF,1255.5310137300771,0.0,69.30506681155018,False
2010-09-24,86997.04846199375,IEF,1255.5310137300771,0.0,69.30506681155018,False
2010-09-27,87669.67903675466,IEF,1255.5310137300771,0.0,69.30506681155018,False
2010-09-28,87961.89104393942,IEF,1255.5310137300771,0.0,69.30506681155018,False
2010-09-29,87749.46104942844,IEF,1255.5310137300771,0.0,69.30506681155018,False
2010-09-30,87643.23639099443,IEF,1255.5310137300771,0.0,69.30506681155018,False
2010-10-01,87690.23802476264,TQQQ,325116.29783115326,0.0,0.26971960067749023,False
2010-10-04,84648.04557030143,TQQQ,325116.29783115326,0.0,0.26971960067749023,False
2010-10-05,90949.66280779894,TQQQ,325116.29783115326,0.0,0.26971960067749023,False
2010-10-06,88631.8655621361,TQQQ,325116.29783115326,0.0,0.26971960067749023,False
2010-10-07,89500.9111470851,TQQQ,325116.29783115326,0.0,0.26971960067749023,False
2010-10-08,91303.85227127184,TQQQ,325116.29783115326,0.0,0.26971960067749023,False
2010-10-11,91488.95514393458,TQQQ,325116.29783115326,0.0,0.26971960067749023,False
2010-10-12,93388.32339274127,TQQQ,325116.29783115326,0.0,0.26971960067749023,False
2010-10-13,95657.64546713467,TQQQ,325116.29783115326,0.0,0.26971960067749023,False
2010-10-14,95126.68586081949,TQQQ,325116.29783115326,0.0,0.26971960067749023,False
2010-10-15,101194.70567594338,TQQQ,325116.29783115326,0.0,0.26971960067749023,False
2010-10-18,101194.70567594338,TQQQ,325116.29783115326,0.0,0.26971960067749023,False
2010-10-19,97170.67541811467,TQQQ,325116.29783115326,0.0,0.26971960067749023,False
2010-10-20,99190.87793853866,TQQQ,325116.29783115326,0.0,0.26971960067749023,False
2010-10-21,99882.81425792014,TQQQ,325116.29783115326,0.0,0.26971960067749023,False
2010-10-22,101830.3960690368,TQQQ,325116.29783115326,0.0,0.26971960067749023,False
2010-10-25,103375.5845435913,TQQQ,325116.29783115326,0.0,0.26971960067749023,False
2010-10-26,103995.21989794927,TQQQ,325116.29783115326,0.0,0.26971960067749023,False
2010-10-27,105065.71407091811,TQQQ,325116.29783115326,0.0,0.26971960067749023,False
2010-10-28,105669.29438654063,TQQQ,325116.29783115326,0.0,0.26971960067749023,False
2010-10-29,105162.15088475878,TQQQ,325116.29783115326,0.0,0.26971960067749023,False
2010-11-01,105403.85818487628,TECL,116304.05682306834,0.0,0.9062784314155579,False
2010-11-02,107918.43917112409,TECL,116304.05682306834,0.0,0.9062784314155579,False
2010-11-03,109836.7416420547,TECL,116304.05682306834,0.0,0.9062784314155579,False
2010-11-04,114684.36846974287,TECL,116304.05682306834,0.0,0.9062784314155579,False
2010-11-05,114788.08204141828,TECL,116304.05682306834,0.0,0.9062784314155579,False
2010-11-08,115617.65196958176,TECL,116304.05682306834,0.0,0.9062784314155579,False
2010-11-09,114217.79950857435,TECL,116304.05682306834,0.0,0.9062784314155579,False
2010-11-10,114969.5339990818,TECL,116304.05682306834,0.0,0.9062784314155579,False
2010-11-11,109136.81887768199,TECL,116304.05682306834,0.0,0.9062784314155579,False
2010-11-12,104781.73619684963,TECL,116304.05682306834,0.0,0.9062784314155579,False
2010-11-15,103304.06216271021,TECL,116304.05682306834,0.0,0.9062784314155579,False
2010-11-16,97678.73952335125,TECL,116304.05682306834,0.0,0.9062784314155579,False
2010-11-17,97834.2925502094,TECL,116304.05682306834,0.0,0.9062784314155579,False
2010-11-18,102681.92631015957,TECL,116304.05682306834,0.0,0.9062784314155579,False
2010-11-19,103770.70044649865,TECL,116304.05682306834,0.0,0.9062784314155579,False
2010-11-22,106103.80174603497,TECL,116304.05682306834,0.0,0.9062784314155579,False
2010-11-23,101722.77160856327,TECL,116304.05682306834,0.0,0.9062784314155579,False
2010-11-24,107037.02978777791,TECL,116304.05682306834,0.0,0.9062784314155579,False
2010-11-26,105377.94538954692,TECL,116304.05682306834,0.0,0.9062784314155579,False
2010-11-29,103952.17320094816,TECL,116304.05682306834,0.0,0.9062784314155579,False
2010-11-30,99700.76249821926,TECL,116304.05682306834,0.0,0.9062784314155579,False
2010-12-01,106207.4945209244,TECL,116304.05682306834,0.0,0.8572423458099365,False
2010-12-02,110432.97856379994,TECL,116304.05682306834,0.0,0.8572423458099365,False
2010-12-03,111469.94097400428,TECL,116304.05682306834,0.0,0.8572423458099365,False
2010-12-06,111625.43161050449,TECL,116304.05682306834,0.0,0.8572423458099365,False
2010-12-07,111962.45739181213,TECL,116304.05682306834,0.0,0.8572423458099365,False
2010-12-08,114399.25839849986,TECL,116304.05682306834,0.0,0.8572423458099365,False
2010-12-09,114347.39121426917,TECL,116304.05682306834,0.0,0.8572423458099365,False
2010-12-10,116058.31506768288,TECL,116304.05682306834,0.0,0.8572423458099365,False
2010-12-13,114554.78369631004,TECL,116304.05682306834,0.0,0.8572423458099365,False
2010-12-14,114451.04239558666,TECL,116304.05682306834,0.0,0.8572423458099365,False
2010-12-15,113362.30292055753,TECL,116304.05682306834,0.0,0.8572423458099365,False
2010-12-16,115021.35958974055,TECL,116304.05682306834,0.0,0.8572423458099365,False
2010-12-17,116084.22093075026,TECL,116304.05682306834,0.0,0.8572423458099365,False
2010-12-20,116136.046521409,TECL,116304.05682306834,0.0,0.8572423458099365,False
2010-12-21,118780.24694239961,TECL,116304.05682306834,0.0,0.8572423458099365,False
2010-12-22,118417.31529802458,TECL,116304.05682306834,0.0,0.8572423458099365,False
2010-12-23,117821.11303758928,TECL,116304.05682306834,0.0,0.8572423458099365,False
2010-12-27,118598.7741879501,TECL,116304.05682306834,0.0,0.8572423458099365,False
2010-12-28,118469.18248225527,TECL,116304.05682306834,0.0,0.8572423458099365,False
2010-12-29,118780.24694239961,TECL,116304.05682306834,0.0,0.8572423458099365,False
2010-12-30,118261.81079700039,TECL,116304.05682306834,0.0,0.8572423458099365,False
2010-12-31,117950.73247233208,TECL,116304.05682306834,0.0,0.8572423458099365,False
2011-01-03,121191.13515375796,TQQQ,316758.50081805576,0.0,0.3825978934764862,False
2011-01-04,121002.92710330401,TQQQ,316758.50081805576,0.0,0.3825978934764862,False
2011-01-05,124006.09019036642,TQQQ,316758.50081805576,0.0,0.3825978934764862,False
2011-01-06,125127.36157566856,TQQQ,316758.50081805576,0.0,0.3825978934764862,False
2011-01-07,124837.07730263556,TQQQ,316758.50081805576,0.0,0.3825978934764862,False
2011-01-10,126240.8070857725,TQQQ,316758.50081805576,0.0,0.3825978934764862,False
2011-01-11,126821.016906558,TQQQ,316758.50081805576,0.0,0.3825978934764862,False
2011-01-12,129392.98276632518,TQQQ,316758.50081805576,0.0,0.3825978934764862,False
2011-01-13,129800.65516733103,TQQQ,316758.50081805576,0.0,0.3825978934764862,False
2011-01-14,132615.6102039395,TQQQ,316758.50081805576,0.0,0.3825978934764862,False
2011-01-18,133673.98194334834,TQQQ,316758.50081805576,0.0,0.3825978934764862,False
2011-01-19,129196.96772095097,TQQQ,316758.50081805576,0.0,0.3825978934764862,False
2011-01-20,126295.57877202088,TQQQ,316758.50081805576,0.0,0.3825978934764862,False
2011-01-21,123410.20973890662,TQQQ,316758.50081805576,0.0,0.3825978934764862,False
2011-01-24,128506.85580238822,TQQQ,316758.50081805576,0.0,0.3825978934764862,False
2011-01-25,128953.68589980192,TQQQ,316758.50081805576,0.0,0.3825978934764862,False
2011-01-26,130953.26781398177,TQQQ,316758.50081805576,0.0,0.3825978934764862,False
2011-01-27,133477.9668979741,TQQQ,316758.50081805576,0.0,0.3825978934764862,False
2011-01-28,123410.20973890662,TQQQ,316758.50081805576,0.0,0.3825978934764862,False
2011-01-31,125237.23535302893,TQQQ,316758.50081805576,0.0,0.3825978934764862,False
2011-02-01,132191.95564767363,TQQQ,316758.50081805576,0.0,0.39537134766578674,False
2011-02-02,131596.0846363528,TQQQ,316758.50081805576,0.0,0.39537134766578674,False
2011-02-03,132105.85214021563,TQQQ,316758.50081805576,0.0,0.39537134766578674,False
2011-02-04,134489.61938966782,TQQQ,316758.50081805576,0.0,0.39537134766578674,False
2011-02-07,136441.9250879339,TQQQ,316758.50081805576,0.0,0.39537134766578674,False
2011-02-08,139351.10215150632,TQQQ,316758.50081805576,0.0,0.39537134766578674,False
2011-02-09,138504.1517642551,TQQQ,316758.50081805576,0.0,0.39537134766578674,False
2011-02-10,139178.60249228252,TQQQ,316758.50081805576,0.0,0.39537134766578674,False
2011-02-11,142032.67746474297,TQQQ,316758.50081805576,0.0,0.39537134766578674,False
2011-02-14,142926.658624295,TQQQ,316758.50081805576,0.0,0.39537134766578674,False
2011-02-15,142558.0872788632,TQQQ,316758.50081805576,0.0,0.39537134766578674,False
2011-02-16,145192.6601402159,TQQQ,316758.50081805576,0.0,0.39537134766578674,False
2011-02-17,145067.11573218126,TQQQ,316758.50081805576,0.0,0.39537134766578674,False
2011-02-18,144243.92617469342,TQQQ,316758.50081805576,0.0,0.39537134766578674,False
2011-02-22,131541.28462968755,TQQQ,316758.50081805576,0.0,0.39537134766578674,False
2011-02-23,128295.17956647866,TQQQ,316758.50081805576,0.0,0.39537134766578674,False
2011-02-24,130121.94085671006,TQQQ,316758.50081805576,0.0,0.39537134766578674,False
2011-02-25,135697.02260284484,TQQQ,316758.50081805576,0.0,0.39537134766578674,False
2011-02-28,136684.92370491414,TQQQ,316758.50081805576,0.0,0.39537134766578674,False
2011-03-01,130114.11498151187,TECL,116146.89819296726,0.0,1.1202547550201416,False
2011-03-02,131693.29647066942,TECL,116146.89819296726,0.0,1.1202547550201416,False
2011-03-03,138527.77186928422,TECL,116146.89819296726,0.0,1.1202547550201416,False
2011-03-04,135887.17217874297,TECL,116146.89819296726,0.0,1.1202547550201416,False
2011-03-07,130269.45089073863,TECL,116146.89819296726,0.0,1.1202547550201416,False
2011-03-08,132236.93753849005,TECL,116146.89819296726,0.0,1.1202547550201416,False
2011-03-09,129466.92125613647,TECL,116146.89819296726,0.0,1.1202547550201416,False
2011-03-10,121596.89159039553,TECL,116146.89819296726,0.0,1.1202547550201416,False
2011-03-11,123693.80867574849,TECL,116146.89819296726,0.0,1.1202547550201416,False
2011-03-14,122399.39353341925,TECL,116146.89819296726,0.0,1.1202547550201416,False
2011-03-15,111629.94223388976,CASH,0.0,111629.94223388976,,False
2011-03-16,111629.94223388976,CASH,0.0,111629.94223388976,,False
2011-03-17,111629.94223388976,CASH,0.0,111629.94223388976,,False
2011-03-18,111629.94223388976,CASH,0.0,111629.94223388976,,False
2011-03-21,111629.94223388976,CASH,0.0,111629.94223388976,,False
2011-03-22,111629.94223388976,CASH,0.0,111629.94223388976,,False
2011-03-23,111629.94223388976,CASH,0.0,111629.94223388976,,False
2011-03-24,111629.94223388976,CASH,0.0,111629.94223388976,,False
2011-03-25,111629.94223388976,CASH,0.0,111629.94223388976,,False
2011-03-28,111629.94223388976,CASH,0.0,111629.94223388976,,False
2011-03-29,111629.94223388976,CASH,0.0,111629.94223388976,,False
2011-03-30,111629.94223388976,CASH,0.0,111629.94223388976,,False
2011-03-31,111629.94223388976,CASH,0.0,111629.94223388976,,False
2011-04-01,111629.94223388976,TECL,104476.00895622326,0.0,1.0684744119644165,False
2011-04-04,109517.881382934,TECL,104476.00895622326,0.0,1.0684744119644165,False
2011-04-05,109328.02482025654,TECL,104476.00895622326,0.0,1.0684744119644165,False
2011-04-06,111653.65562245825,TECL,104476.00895622326,0.0,1.0684744119644165,False
2011-04-07,111796.03558995553,TECL,104476.00895622326,0.0,1.0684744119644165,False
2011-04-08,109897.55714475652,TECL,104476.00895622326,0.0,1.0684744119644165,False
2011-04-11,109138.19316660069,TECL,104476.00895622326,0.0,1.0684744119644165,False
2011-04-12,106195.57835374045,TECL,104476.00895622326,0.0,1.0684744119644165,False
2011-04-13,108260.16260951603,TECL,104476.00895622326,0.0,1.0684744119644165,False
2011-04-14,107405.83298648905,TECL,104476.00895622326,0.0,1.0684744119644165,False
2011-04-15,106100.67498142332,TECL,104476.00895622326,0.0,1.0684744119644165,False
2011-04-18,100466.94801050078,CASH,0.0,100466.94801050078,,False
2011-04-19,100466.94801050078,CASH,0.0,100466.94801050078,,False
2011-04-20,100466.94801050078,CASH,0.0,100466.94801050078,,False
2011-04-21,100466.94801050078,CASH,0.0,100466.94801050078,,False
2011-04-25,100466.94801050078,CASH,0.0,100466.94801050078,,False
2011-04-26,100466.94801050078,CASH,0.0,100466.94801050078,,False
2011-04-27,100466.94801050078,CASH,0.0,100466.94801050078,,False
2011-04-28,100466.94801050078,CASH,0.0,100466.94801050078,,False
2011-04-29,100466.94801050078,CASH,0.0,100466.94801050078,,False
2011-05-02,100466.94801050078,TQQQ,220792.8208004123,0.0,0.45502814650535583,False
2011-05-03,98958.3788030255,TQQQ,220792.8208004123,0.0,0.45502814650535583,False
2011-05-04,98379.09628144492,TQQQ,220792.8208004123,0.0,0.45502814650535583,False
2011-05-05,96903.48040921215,TQQQ,220792.8208004123,0.0,0.45502814650535583,False
2011-05-06,97745.05384455118,TQQQ,220792.8208004123,0.0,0.45502814650535583,False
2011-05-09,98805.34451434032,TQQQ,220792.8208004123,0.0,0.45502814650535583,False
2011-05-10,101341.50110163764,TQQQ,220792.8208004123,0.0,0.45502814650535583,False
2011-05-11,99155.21707587791,TQQQ,220792.8208004123,0.0,0.45502814650535583,False
2011-05-12,100904.12585398681,TQQQ,220792.8208004123,0.0,0.45502814650535583,False
2011-05-13,97329.72206196873,TQQQ,220792.8208004123,0.0,0.45502814650535583,False
2011-05-16,92268.57538296249,TQQQ,220792.8208004123,0.0,0.45502814650535583,False
2011-05-17,90420.2532094507,CASH,0.0,90420.2532094507,,False
2011-05-18,90420.2532094507,CASH,0.0,90420.2532094507,,False
2011-05-19,90420.2532094507,CASH,0.0,90420.2532094507,,False
2011-05-20,90420.2532094507,CASH,0.0,90420.2532094507,,False
2011-05-23,90420.2532094507,CASH,0.0,90420.2532094507,,False
2011-05-24,90420.2532094507,CASH,0.0,90420.2532094507,,False
2011-05-25,90420.2532094507,CASH,0.0,90420.2532094507,,False
2011-05-26,90420.2532094507,CASH,0.0,90420.2532094507,,False
2011-05-27,90420.2532094507,CASH,0.0,90420.2532094507,,False
2011-05-31,90420.2532094507,CASH,0.0,90420.2532094507,,False
2011-06-01,90420.2532094507,TECL,87489.8074018821,0.0,1.0334947109222412,False
2011-06-02,90738.2099274728,TECL,87489.8074018821,0.0,1.0334947109222412,False
2011-06-03,86723.94639225675,TECL,87489.8074018821,0.0,1.0334947109222412,False
2011-06-06,84975.16358393973,TECL,87489.8074018821,0.0,1.0334947109222412,False
2011-06-07,83902.02054962353,TECL,87489.8074018821,0.0,1.0334947109222412,False
2011-06-08,81378.22788850563,CASH,0.0,81378.22788850563,,False
2011-06-09,81378.22788850563,CASH,0.0,81378.22788850563,,False
2011-06-10,81378.22788850563,CASH,0.0,81378.22788850563,,False
2011-06-13,81378.22788850563,CASH,0.0,81378.22788850563,,False
2011-06-14,81378.22788850563,CASH,0.0,81378.22788850563,,False
2011-06-15,81378.22788850563,CASH,0.0,81378.22788850563,,False
2011-06-16,81378.22788850563,CASH,0.0,81378.22788850563,,False
2011-06-17,81378.22788850563,CASH,0.0,81378.22788850563,,False
2011-06-20,81378.22788850563,CASH,0.0,81378.22788850563,,False
2011-06-21,81378.22788850563,CASH,0.0,81378.22788850563,,False
2011-06-22,81378.22788850563,CASH,0.0,81378.22788850563,,False
2011-06-23,81378.22788850563,CASH,0.0,81378.22788850563,,False
2011-06-24,81378.22788850563,CASH,0.0,81378.22788850563,,False
2011-06-27,81378.22788850563,CASH,0.0,81378.22788850563,,False
2011-06-28,81378.22788850563,CASH,0.0,81378.22788850563,,False
2011-06-29,81378.22788850563,CASH,0.0,81378.22788850563,,False
2011-06-30,81378.22788850563,CASH,0.0,81378.22788850563,,False
2011-07-01,81378.22788850563,TECL,77817.2963665591,0.0,1.045760154724121,False
2011-07-05,82138.27374187068,TECL,77817.2963665591,0.0,1.045760154724121,False
2011-07-06,83304.85488642684,TECL,77817.2963665591,0.0,1.045760154724121,False
2011-07-07,86539.50250464334,TECL,77817.2963665591,0.0,1.045760154724121,False
2011-07-08,85337.55917201625,TECL,77817.2963665591,0.0,1.045760154724121,False
2011-07-11,80900.97749771726,TECL,77817.2963665591,0.0,1.045760154724121,False
2011-07-12,78355.69773944703,TECL,77817.2963665591,0.0,1.045760154724121,False
2011-07-13,79027.40305844706,TECL,77817.2963665591,0.0,1.045760154724121,False
2011-07-14,76747.23766871805,TECL,77817.2963665591,0.0,1.045760154724121,False
2011-07-15,80017.21964537163,TECL,77817.2963665591,0.0,1.045760154724121,False
2011-07-18,79204.1397864448,TECL,77817.2963665591,0.0,1.045760154724121,False
2011-07-19,85638.04500517301,TECL,77817.2963665591,0.0,1.045760154724121,False
2011-07-20,84312.38039702074,TECL,77817.2963665591,0.0,1.045760154724121,False
2011-07-21,85390.58390103342,TECL,77817.2963665591,0.0,1.045760154724121,False
2011-07-22,88784.27787666758,TECL,77817.2963665591,0.0,1.045760154724121,False
2011-07-25,88218.67767496957,TECL,77817.2963665591,0.0,1.045760154724121,False
2011-07-26,89243.85644996508,TECL,77817.2963665591,0.0,1.045760154724121,False
2011-07-27,81077.75133189347,TECL,77817.2963665591,0.0,1.045760154724121,False
2011-07-28,81590.3268045743,TECL,77817.2963665591,0.0,1.045760154724121,False
2011-07-29,79734.41490625033,TECL,77817.2963665591,0.0,1.045760154724121,False
2011-08-01,79327.85178542537,TECL,77817.2963665591,0.0,1.024636149406433,False
2011-08-02,73848.41951864003,TECL,77817.2963665591,0.0,1.024636149406433,False
2011-08-03,71760.9734156253,CASH,0.0,71760.9734156253,,False
2011-08-04,71760.9734156253,CASH,0.0,71760.9734156253,,False
2011-08-05,71760.9734156253,CASH,0.0,71760.9734156253,,False
2011-08-08,71760.9734156253,CASH,0.0,71760.9734156253,,False
2011-08-09,71760.9734156253,CASH,0.0,71760.9734156253,,False
2011-08-10,71760.9734156253,CASH,0.0,71760.9734156253,,False
2011-08-11,71760.9734156253,CASH,0.0,71760.9734156253,,False
2011-08-12,71760.9734156253,CASH,0.0,71760.9734156253,,False
2011-08-15,71760.9734156253,CASH,0.0,71760.9734156253,,False
2011-08-16,71760.9734156253,CASH,0.0,71760.9734156253,,False
2011-08-17,71760.9734156253,CASH,0.0,71760.9734156253,,False
2011-08-18,71760.9734156253,CASH,0.0,71760.9734156253,,False
2011-08-19,71760.9734156253,CASH,0.0,71760.9734156253,,False
2011-08-22,71760.9734156253,CASH,0.0,71760.9734156253,,False
2011-08-23,71760.9734156253,CASH,0.0,71760.9734156253,,False
2011-08-24,71760.9734156253,CASH,0.0,71760.9734156253,,False
2011-08-25,71760.9734156253,CASH,0.0,71760.9734156253,,False
2011-08-26,71760.9734156253,CASH,0.0,71760.9734156253,,False
2011-08-29,71760.9734156253,CASH,0.0,71760.9734156253,,False
2011-08-30,71760.9734156253,CASH,0.0,71760.9734156253,,False
2011-08-31,71760.9734156253,CASH,0.0,71760.9734156253,,False
2011-09-01,71760.9734156253,GLD,403.44619882823093,0.0,177.8699951171875,False
2011-09-02,73927.4836894812,GLD,403.44619882823093,0.0,177.8699951171875,False
2011-09-06,73790.30730324326,GLD,403.44619882823093,0.0,177.8699951171875,False
2011-09-07,71442.25362723519,GLD,403.44619882823093,0.0,177.8699951171875,False
2011-09-08,73350.5524239846,GLD,403.44619882823093,0.0,177.8699951171875,False
2011-09-09,72902.72689704124,GLD,403.44619882823093,0.0,177.8699951171875,False
2011-09-12,71276.8392082515,GLD,403.44619882823093,0.0,177.8699951171875,False
2011-09-13,72031.28163010815,GLD,403.44619882823093,0.0,177.8699951171875,False
2011-09-14,71494.703603035,GLD,403.44619882823093,0.0,177.8699951171875,False
2011-09-15,70361.0146132033,GLD,403.44619882823093,0.0,177.8699951171875,False
2011-09-16,71018.63388724545,GLD,403.44619882823093,0.0,177.8699951171875,False
2011-09-19,69921.25973394464,GLD,403.44619882823093,0.0,177.8699951171875,False
2011-09-20,70917.7723375384,GLD,403.44619882823093,0.0,177.8699951171875,False
2011-09-21,70034.2241771285,GLD,403.44619882823093,0.0,177.8699951171875,False
2011-09-22,68202.58114313253,GLD,403.44619882823093,0.0,177.8699951171875,False
2011-09-23,64584.87607406277,CASH,0.0,64584.87607406277,,False
2011-09-26,64584.87607406277,CASH,0.0,64584.87607406277,,False
2011-09-27,64584.87607406277,CASH,0.0,64584.87607406277,,False
2011-09-28,64584.87607406277,CASH,0.0,64584.87607406277,,False
2011-09-29,64584.87607406277,CASH,0.0,64584.87607406277,,False
2011-09-30,64584.87607406277,CASH,0.0,64584.87607406277,,False
2011-10-03,64584.87607406277,GLD,401.2479708010511,0.0,160.9600067138672,False
2011-10-04,63252.72987217537,GLD,401.2479708010511,0.0,160.9600067138672,False
2011-10-05,63983.004117861194,GLD,401.2479708010511,0.0,160.9600067138672,False
2011-10-06,64396.28903798162,GLD,401.2479708010511,0.0,160.9600067138672,False
2011-10-07,63870.64905328341,GLD,401.2479708010511,0.0,160.9600067138672,False
2011-10-10,65511.7579070039,GLD,401.2479708010511,0.0,160.9600067138672,False
2011-10-11,65042.29851587364,GLD,401.2479708010511,0.0,160.9600067138672,False
2011-10-12,65507.74150885867,GLD,401.2479708010511,0.0,160.9600067138672,False
2011-10-13,65122.54688552223,GLD,401.2479708010511,0.0,160.9600067138672,False
2011-10-14,65563.91597986849,GLD,401.2479708010511,0.0,160.9600067138672,False
2011-10-17,65250.943052448325,GLD,401.2479708010511,0.0,160.9600067138672,False
2011-10-18,64937.97012502816,GLD,401.2479708010511,0.0,160.9600067138672,False
2011-10-19,64147.511132745436,GLD,401.2479708010511,0.0,160.9600067138672,False
2011-10-20,63304.894067598114,GLD,401.2479708010511,0.0,160.9600067138672,False
2011-10-21,64007.07801649995,GLD,401.2479708010511,0.0,160.9600067138672,False
2011-10-24,64608.94997270153,GLD,401.2479708010511,0.0,160.9600067138672,False
2011-10-25,66442.6500155321,GLD,401.2479708010511,0.0,160.9600067138672,False
2011-10-26,67168.9078630727,GLD,401.2479708010511,0.0,160.9600067138672,False
2011-10-27,68031.59467382985,GLD,401.2479708010511,0.0,160.9600067138672,False
2011-10-28,68059.67884805569,GLD,401.2479708010511,0.0,160.9600067138672,False
2011-10-31,67144.83396443394,GLD,401.2479708010511,0.0,160.9600067138672,False
2011-11-01,67160.88731189854,IEF,881.1965447651094,0.0,76.21555907235299,False
2011-11-02,67000.23184648064,IEF,881.1965447651094,0.0,76.21555907235299,False
2011-11-03,66685.5185507207,IEF,881.1965447651094,0.0,76.21555907235299,False
2011-11-04,66884.65457015228,IEF,881.1965447651094,0.0,76.21555907235299,False
2011-11-07,66961.77163461005,IEF,881.1965447651094,0.0,76.21555907235299,False
2011-11-08,66659.77217828193,IEF,881.1965447651094,0.0,76.21555907235299,False
2011-11-09,67250.81992650357,IEF,881.1965447651094,0.0,76.21555907235299,False
2011-11-10,66923.17580845216,IEF,881.1965447651094,0.0,76.21555907235299,False
2011-11-11,66614.78213847913,IEF,881.1965447651094,0.0,76.21555907235299,False
2011-11-14,67032.38599399306,IEF,881.1965447651094,0.0,76.21555907235299,False
2011-11-15,66942.46016010236,IEF,881.1965447651094,0.0,76.21555907235299,False
2011-11-16,67186.62690362292,IEF,881.1965447651094,0.0,76.21555907235299,False
2011-11-17,67321.46140874406,IEF,881.1965447651094,0.0,76.21555907235299,False
2011-11-18,67070.94113586475,IEF,881.1965447651094,0.0,76.21555907235299,False
2011-11-21,67257.24126300596,IEF,881.1965447651094,0.0,76.21555907235299,False
2011-11-22,67462.8393032261,IEF,881.1965447651094,0.0,76.21555907235299,False
2011-11-23,67694.14981231318,IEF,881.1965447651094,0.0,76.21555907235299,False
2011-11-25,67263.67616093704,IEF,881.1965447651094,0.0,76.21555907235299,False
2011-11-28,67270.10427815378,IEF,881.1965447651094,0.0,76.21555907235299,False
2011-11-29,67141.63686382014,IEF,881.1965447651094,0.0,76.21555907235299,False
2011-11-30,66749.78616145934,IEF,881.1965447651094,0.0,76.21555907235299,False
2011-12-01,66730.4136605224,IEF,881.1965447651094,0.0,75.7490330142546,False
2011-12-02,67026.47999178231,IEF,881.1965447651094,0.0,75.7490330142546,False
2011-12-05,66987.84348133826,IEF,881.1965447651094,0.0,75.7490330142546,False
2011-12-06,66814.10801791289,IEF,881.1965447651094,0.0,75.7490330142546,False
2011-12-07,67116.62280853264,IEF,881.1965447651094,0.0,75.7490330142546,False
2011-12-08,67457.76054816773,IEF,881.1965447651094,0.0,75.7490330142546,False
2011-12-09,66994.40721284226,IEF,881.1965447651094,0.0,75.7490330142546,False
2011-12-12,67226.05675764754,IEF,881.1965447651094,0.0,75.7490330142546,False
2011-12-13,67535.05391119892,IEF,881.1965447651094,0.0,75.7490330142546,False
2011-12-14,67818.27078873974,IEF,881.1965447651094,0.0,75.7490330142546,False
2011-12-15,67760.30246164493,IEF,881.1965447651094,0.0,75.7490330142546,False
2011-12-16,68088.62465113269,IEF,881.1965447651094,0.0,75.7490330142546,False
2011-12-19,68320.33522236724,IEF,881.1965447651094,0.0,75.7490330142546,False
2011-12-20,67702.39516097936,IEF,881.1965447651094,0.0,75.7490330142546,False
2011-12-21,67483.5611663214,IEF,881.1965447651094,0.0,75.7490330142546,False
2011-12-22,67567.20805871135,IEF,881.1965447651094,0.0,75.7490330142546,False
2011-12-23,67290.39895624419,IEF,881.1965447651094,0.0,75.7490330142546,False
2011-12-27,67328.47944811042,IEF,881.1965447651094,0.0,75.7490330142546,False
2011-12-28,67754.06420443037,IEF,881.1965447651094,0.0,75.7490330142546,False
2011-12-29,67837.90773753685,IEF,881.1965447651094,0.0,75.7490330142546,False
2011-12-30,68076.5007338505,IEF,881.1965447651094,0.0,75.7490330142546,False
2012-01-03,67644.43361459892,GLD,433.8406516738384,0.0,155.9199981689453,False
2012-01-04,67987.17143655573,GLD,433.8406516738384,0.0,155.9199981689453,False
2012-01-05,68451.37749150759,GLD,433.8406516738384,0.0,155.9199981689453,False
2012-01-06,68199.7491191508,GLD,433.8406516738384,0.0,155.9199981689453,False
2012-01-09,67896.06198695571,GLD,433.8406516738384,0.0,155.9199981689453,False
2012-01-10,68824.4807167424,GLD,433.8406516738384,0.0,155.9199981689453,False
2012-01-11,69271.33605837582,GLD,433.8406516738384,0.0,155.9199981689453,False
2012-01-12,69579.36583381276,GLD,433.8406516738384,0.0,155.9199981689453,False
2012-01-13,69093.45980241762,GLD,433.8406516738384,0.0,155.9199981689453,False
2012-01-17,69631.42459365107,GLD,433.8406516738384,0.0,155.9199981689453,False
2012-01-18,70108.65195844548,GLD,433.8406516738384,0.0,155.9199981689453,False
2012-01-19,69943.79039244687,GLD,433.8406516738384,0.0,155.9199981689453,False
2012-01-20,70312.55759432283,GLD,433.8406516738384,0.0,155.9199981689453,False
2012-01-23,70785.44231587539,GLD,433.8406516738384,0.0,155.9199981689453,False
2012-01-24,70286.52159452069,GLD,433.8406516738384,0.0,155.9199981689453,False
2012-01-25,72199.76045717423,GLD,433.8406516738384,0.0,155.9199981689453,False
2012-01-26,72568.52765905019,GLD,433.8406516738384,0.0,155.9199981689453,False
2012-01-27,73306.05544291911,GLD,433.8406516738384,0.0,155.9199981689453,False
2012-01-30,72898.24417116444,GLD,433.8406516738384,0.0,155.9199981689453,False
2012-01-31,73453.5596757163,GLD,433.8406516738384,0.0,155.9199981689453,False
2012-02-01,73562.01983863476,TQQQ,168141.06095541565,0.0,0.43750181794166565,False
2012-02-02,74319.59696044159,TQQQ,168141.06095541565,0.0,0.43750181794166565,False
2012-02-03,77274.8106900083,TQQQ,168141.06095541565,0.0,0.43750181794166565,False
2012-02-06,77199.85122918857,TQQQ,168141.06095541565,0.0,0.43750181794166565,False
2012-02-07,77532.7616335618,TQQQ,168141.06095541565,0.0,0.43750181794166565,False
2012-02-08,78823.05252769859,TQQQ,168141.06095541565,0.0,0.43750181794166565,False
2012-02-09,80571.25307416287,TQQQ,168141.06095541565,0.0,0.43750181794166565,False
2012-02-10,78847.98723436607,TQQQ,168141.06095541565,0.0,0.43750181794166565,False
2012-02-13,80970.80970013529,TQQQ,168141.06095541565,0.0,0.43750181794166565,False
2012-02-14,81678.37710077218,TQQQ,168141.06095541565,0.0,0.43750181794166565,False
2012-02-15,79855.21709348817,TQQQ,168141.06095541565,0.0,0.43750181794166565,False
2012-02-16,83193.37099257446,TQQQ,168141.06095541565,0.0,0.43750181794166565,False
2012-02-17,82485.82363591398,TQQQ,168141.06095541565,0.0,0.43750181794166565,False
2012-02-21,83185.05274235983,TQQQ,168141.06095541565,0.0,0.43750181794166565,False
2012-02-22,82086.24195497103,TQQQ,168141.06095541565,0.0,0.43750181794166565,False
2012-02-23,83642.80705387007,TQQQ,168141.06095541565,0.0,0.43750181794166565,False
2012-02-24,84458.72216904965,TQQQ,168141.06095541565,0.0,0.43750181794166565,False
2012-02-27,84866.58702324849,TQQQ,168141.06095541565,0.0,0.43750181794166565,False
2012-02-28,87405.44727460215,TQQQ,168141.06095541565,0.0,0.43750181794166565,False
2012-02-29,86256.76707387838,TQQQ,168141.06095541565,0.0,0.43750181794166565,False
2012-03-01,88354.50951415107,TQQQ,168141.06095541565,0.0,0.5130023956298828,False
2012-03-02,88088.06493558924,TQQQ,168141.06095541565,0.0,0.5130023956298828,False
2012-03-05,85340.9577912116,TQQQ,168141.06095541565,0.0,0.5130023956298828,False
2012-03-06,82893.69851210104,TQQQ,168141.06095541565,0.0,0.5130023956298828,False
2012-03-07,84775.03616094645,TQQQ,168141.06095541565,0.0,0.5130023956298828,False
2012-03-08,87463.79528996312,TQQQ,168141.06095541565,0.0,0.5130023956298828,False
2012-03-09,88520.8945624202,TQQQ,168141.06095541565,0.0,0.5130023956298828,False
2012-03-12,88662.49523384501,TQQQ,168141.06095541565,0.0,0.5130023956298828,False
2012-03-13,93657.083344347,TQQQ,168141.06095541565,0.0,0.5130023956298828,False
2012-03-14,94705.88441056588,TQQQ,168141.06095541565,0.0,0.5130023956298828,False
2012-03-15,95430.0432126851,TQQQ,168141.06095541565,0.0,0.5130023956298828,False
2012-03-16,95221.96669346068,TQQQ,168141.06095541565,0.0,0.5130023956298828,False
2012-03-19,97294.75438308944,TQQQ,168141.06095541565,0.0,0.5130023956298828,False
2012-03-20,97827.4631444253,TQQQ,168141.06095541565,0.0,0.5130023956298828,False
2012-03-21,97794.21018754318,TQQQ,168141.06095541565,0.0,0.5130023956298828,False
2012-03-22,97203.16343283455,TQQQ,168141.06095541565,0.0,0.5130023956298828,False
2012-03-23,97070.00127548291,TQQQ,168141.06095541565,0.0,0.5130023956298828,False
2012-03-26,102139.57390177515,TQQQ,168141.06095541565,0.0,0.5130023956298828,False
2012-03-27,102530.67196969799,TQQQ,168141.06095541565,0.0,0.5130023956298828,False
2012-03-28,101331.99206979251,TQQQ,168141.06095541565,0.0,0.5130023956298828,False
2012-03-29,100291.5192757765,TQQQ,168141.06095541565,0.0,0.5130023956298828,False
2012-03-30,99592.25509237192,TQQQ,168141.06095541565,0.0,0.5130023956298828,False
2012-04-02,102630.59119215573,TECL,66948.45425678161,0.0,1.5329792499542236,False
2012-04-03,102174.35633935974,TECL,66948.45425678161,0.0,1.5329792499542236,False
2012-04-04,97840.436492027,TECL,66948.45425678161,0.0,1.5329792499542236,False
2012-04-05,98798.46104735062,TECL,66948.45425678161,0.0,1.5329792499542236,False
2012-04-09,96973.65731108707,TECL,66948.45425678161,0.0,1.5329792499542236,False
2012-04-10,92367.53207294016,CASH,0.0,92367.53207294016,,False
2012-04-11,92367.53207294016,CASH,0.0,92367.53207294016,,False
2012-04-12,92367.53207294016,CASH,0.0,92367.53207294016,,False
2012-04-13,92367.53207294016,CASH,0.0,92367.53207294016,,False
2012-04-16,92367.53207294016,CASH,0.0,92367.53207294016,,False
2012-04-17,92367.53207294016,CASH,0.0,92367.53207294016,,False
2012-04-18,92367.53207294016,CASH,0.0,92367.53207294016,,False
2012-04-19,92367.53207294016,CASH,0.0,92367.53207294016,,False
2012-04-20,92367.53207294016,CASH,0.0,92367.53207294016,,False
2012-04-23,92367.53207294016,CASH,0.0,92367.53207294016,,False
2012-04-24,92367.53207294016,CASH,0.0,92367.53207294016,,False
2012-04-25,92367.53207294016,CASH,0.0,92367.53207294016,,False
2012-04-26,92367.53207294016,CASH,0.0,92367.53207294016,,False
2012-04-27,92367.53207294016,CASH,0.0,92367.53207294016,,False
2012-04-30,92367.53207294016,CASH,0.0,92367.53207294016,,False
2012-05-01,92367.53207294016,TECL,67371.04705224754,0.0,1.3710271120071411,False
2012-05-02,92979.64217775542,TECL,67371.04705224754,0.0,1.3710271120071411,False
2012-05-03,90316.96804056184,TECL,67371.04705224754,0.0,1.3710271120071411,False
2012-05-04,84042.82340369615,TECL,67371.04705224754,0.0,1.3710271120071411,False
2012-05-07,82145.27468053745,CASH,0.0,82145.27468053745,,False
2012-05-08,82145.27468053745,CASH,0.0,82145.27468053745,,False
2012-05-09,82145.27468053745,CASH,0.0,82145.27468053745,,False
2012-05-10,82145.27468053745,CASH,0.0,82145.27468053745,,False
2012-05-11,82145.27468053745,CASH,0.0,82145.27468053745,,False
2012-05-14,82145.27468053745,CASH,0.0,82145.27468053745,,False
2012-05-15,82145.27468053745,CASH,0.0,82145.27468053745,,False
2012-05-16,82145.27468053745,CASH,0.0,82145.27468053745,,False
2012-05-17,82145.27468053745,CASH,0.0,82145.27468053745,,False
2012-05-18,82145.27468053745,CASH,0.0,82145.27468053745,,False
2012-05-21,82145.27468053745,CASH,0.0,82145.27468053745,,False
2012-05-22,82145.27468053745,CASH,0.0,82145.27468053745,,False
2012-05-23,82145.27468053745,CASH,0.0,82145.27468053745,,False
2012-05-24,82145.27468053745,CASH,0.0,82145.27468053745,,False
2012-05-25,82145.27468053745,CASH,0.0,82145.27468053745,,False
2012-05-29,82145.27468053745,CASH,0.0,82145.27468053745,,False
2012-05-30,82145.27468053745,CASH,0.0,82145.27468053745,,False
2012-05-31,82145.27468053745,CASH,0.0,82145.27468053745,,False
2012-06-01,82145.27468053745,TQQQ,197716.13033701124,0.0,0.41547077894210815,False
2012-06-04,83907.23187074212,TQQQ,197716.13033701124,0.0,0.41547077894210815,False
2012-06-05,85062.29544521845,TQQQ,197716.13033701124,0.0,0.41547077894210815,False
2012-06-06,90876.78009945324,TQQQ,197716.13033701124,0.0,0.41547077894210815,False
2012-06-07,89858.71482166498,TQQQ,197716.13033701124,0.0,0.41547077894210815,False
2012-06-08,92501.70953097056,TQQQ,197716.13033701124,0.0,0.41547077894210815,False
2012-06-11,88077.23611073224,TQQQ,197716.13033701124,0.0,0.41547077894210815,False
2012-06-12,90857.22911672588,TQQQ,197716.13033701124,0.0,0.41547077894210815,False
2012-06-13,89075.56774139756,TQQQ,197716.13033701124,0.0,0.41547077894210815,False
2012-06-14,90074.08792885832,TQQQ,197716.13033701124,0.0,0.41547077894210815,False
2012-06-15,93402.13304560282,TQQQ,197716.13033701124,0.0,0.41547077894210815,False
2012-06-18,95810.18598778812,TQQQ,197716.13033701124,0.0,0.41547077894210815,False
2012-06-19,98962.1485195894,TQQQ,197716.13033701124,0.0,0.41547077894210815,False
2012-06-20,99314.5376006704,TQQQ,197716.13033701124,0.0,0.41547077894210815,False
2012-06-21,91875.12351491828,TQQQ,197716.13033701124,0.0,0.41547077894210815,False
2012-06-22,94733.49133141722,TQQQ,197716.13033701124,0.0,0.41547077894210815,False
2012-06-25,89114.85237124785,TQQQ,197716.13033701124,0.0,0.41547077894210815,False
2012-06-26,90837.50725440266,TQQQ,197716.13033701124,0.0,0.41547077894210815,False
2012-06-27,92501.70953097056,TQQQ,197716.13033701124,0.0,0.41547077894210815,False
2012-06-28,89173.47585743063,TQQQ,197716.13033701124,0.0,0.41547077894210815,False
2012-06-29,97885.2476292235,TQQQ,197716.13033701124,0.0,0.41547077894210815,False
2012-07-02,98668.37703229133,TECL,88633.22975572252,0.0,1.1132210493087769,False
2012-07-03,100842.69222481328,TECL,88633.22975572252,0.0,1.1132210493087769,False
2012-07-05,101164.78325301169,TECL,88633.22975572252,0.0,1.1132210493087769,False
2012-07-06,96494.11466929114,TECL,88633.22975572252,0.0,1.1132210493087769,False
2012-07-09,95930.39197451781,TECL,88633.22975572252,0.0,1.1132210493087769,False
2012-07-10,92910.55085230981,TECL,88633.22975572252,0.0,1.1132210493087769,False
2012-07-11,91501.30222785042,TECL,88633.22975572252,0.0,1.1132210493087769,False
2012-07-12,88801.5393290622,CASH,0.0,88801.5393290622,,False
2012-07-13,88801.5393290622,CASH,0.0,88801.5393290622,,False
2012-07-16,88801.5393290622,CASH,0.0,88801.5393290622,,False
2012-07-17,88801.5393290622,CASH,0.0,88801.5393290622,,False
2012-07-18,88801.5393290622,CASH,0.0,88801.5393290622,,False
2012-07-19,88801.5393290622,CASH,0.0,88801.5393290622,,False
2012-07-20,88801.5393290622,CASH,0.0,88801.5393290622,,False
2012-07-23,88801.5393290622,CASH,0.0,88801.5393290622,,False
2012-07-24,88801.5393290622,CASH,0.0,88801.5393290622,,False
2012-07-25,88801.5393290622,CASH,0.0,88801.5393290622,,False
2012-07-26,88801.5393290622,CASH,0.0,88801.5393290622,,False
2012-07-27,88801.5393290622,CASH,0.0,88801.5393290622,,False
2012-07-30,88801.5393290622,CASH,0.0,88801.5393290622,,False
2012-07-31,88801.5393290622,CASH,0.0,88801.5393290622,,False
2012-08-01,88801.5393290622,TQQQ,177101.15951179722,0.0,0.5014170408248901,False
2012-08-02,87872.10536682943,TQQQ,177101.15951179722,0.0,0.5014170408248901,False
2012-08-03,92869.91554737896,TQQQ,177101.15951179722,0.0,0.5014170408248901,False
2012-08-06,94956.7308522977,TQQQ,177101.15951179722,0.0,0.5014170408248901,False
2012-08-07,97306.46573695842,TQQQ,177101.15951179722,0.0,0.5014170408248901,False
2012-08-08,97148.55775954804,TQQQ,177101.15951179722,0.0,0.5014170408248901,False
2012-08-09,97972.75316433761,TQQQ,177101.15951179722,0.0,0.5014170408248901,False
2012-08-10,98376.13156802654,TQQQ,177101.15951179722,0.0,0.5014170408248901,False
2012-08-13,98972.37959236291,TQQQ,177101.15951179722,0.0,0.5014170408248901,False
2012-08-14,99112.61673922412,TQQQ,177101.15951179722,0.0,0.5014170408248901,False
2012-08-15,99814.12971113292,TQQQ,177101.15951179722,0.0,0.5014170408248901,False
2012-08-16,103391.41729216874,TQQQ,177101.15951179722,0.0,0.5014170408248901,False
2012-08-17,104811.75516077765,TQQQ,177101.15951179722,0.0,0.5014170408248901,False
2012-08-20,105215.10189631148,TQQQ,177101.15951179722,0.0,0.5014170408248901,False
2012-08-21,104005.19891838214,TQQQ,177101.15951179722,0.0,0.5014170408248901,False
2012-08-22,105127.40221877117,TQQQ,177101.15951179722,0.0,0.5014170408248901,False
2012-08-23,102795.15871178068,TQQQ,177101.15951179722,0.0,0.5014170408248901,False
2012-08-24,104618.8116477683,TQQQ,177101.15951179722,0.0,0.5014170408248901,False
2012-08-27,105127.40221877117,TQQQ,177101.15951179722,0.0,0.5014170408248901,False
2012-08-28,105109.91084110094,TQQQ,177101.15951179722,0.0,0.5014170408248901,False
2012-08-29,105144.8935964414,TQQQ,177101.15951179722,0.0,0.5014170408248901,False
2012-08-30,101935.94888349554,TQQQ,177101.15951179722,0.0,0.5014170408248901,False
2012-08-31,104110.45330990288,TQQQ,177101.15951179722,0.0,0.5014170408248901,False
2012-09-04,103671.89158589115,TECL,80172.07163381741,0.0,1.2931172847747803,False
2012-09-05,103435.1488049147,TECL,80172.07163381741,0.0,1.2931172847747803,False
2012-09-06,110209.4750048187,TECL,80172.07163381741,0.0,1.2931172847747803,False
2012-09-07,109772.39302983199,TECL,80172.07163381741,0.0,1.2931172847747803,False
2012-09-10,106403.46039513018,TECL,80172.07163381741,0.0,1.2931172847747803,False
2012-09-11,107204.72159861424,TECL,80172.07163381741,0.0,1.2931172847747803,False
2012-09-12,108606.92392608349,TECL,80172.07163381741,0.0,1.2931172847747803,False
2012-09-13,113159.51312213333,TECL,80172.07163381741,0.0,1.2931172847747803,False
2012-09-14,114834.90004656801,TECL,80172.07163381741,0.0,1.2931172847747803,False
2012-09-17,115071.61415577735,TECL,80172.07163381741,0.0,1.2931172847747803,False
2012-09-18,115199.09838957676,TECL,80172.07163381741,0.0,1.2931172847747803,False
2012-09-19,115617.92600617402,TECL,80172.07163381741,0.0,1.2931172847747803,False
2012-09-20,115053.42669817782,TECL,80172.07163381741,0.0,1.2931172847747803,False
2012-09-21,115417.61548393086,TECL,80172.07163381741,0.0,1.2931172847747803,False
2012-09-24,113086.68683368956,TECL,80172.07163381741,0.0,1.2931172847747803,False
2012-09-25,108497.69405067354,TECL,80172.07163381741,0.0,1.2931172847747803,False
2012-09-26,106112.1074550766,TECL,80172.07163381741,0.0,1.2931172847747803,False
2012-09-27,110446.16999951664,TECL,80172.07163381741,0.0,1.2931172847747803,False
2012-09-28,107805.67227985513,TECL,80172.07163381741,0.0,1.2931172847747803,False
2012-10-01,107186.5341410147,TECL,80172.07163381741,0.0,1.3446786403656006,False
2012-10-02,107678.17848880003,TECL,80172.07163381741,0.0,1.3446786403656006,False
2012-10-03,109481.03053252271,TECL,80172.07163381741,0.0,1.3446786403656006,False
2012-10-04,110264.06604938442,TECL,80172.07163381741,0.0,1.3446786403656006,False
2012-10-05,108406.60384658462,TECL,80172.07163381741,0.0,1.3446786403656006,False
2012-10-08,105237.99129138168,TECL,80172.07163381741,0.0,1.3446786403656006,False
2012-10-09,101049.59088108488,TECL,80172.07163381741,0.0,1.3446786403656006,False
2012-10-10,99920.57315058107,TECL,80172.07163381741,0.0,1.3446786403656006,False
2012-10-11,98882.57872337625,TECL,80172.07163381741,0.0,1.3446786403656006,False
2012-10-12,98518.35170860041,TECL,80172.07163381741,0.0,1.3446786403656006,False
2012-10-15,99884.13133459208,TECL,80172.07163381741,0.0,1.3446786403656006,False
2012-10-16,103926.84093897854,TECL,80172.07163381741,0.0,1.3446786403656006,False
2012-10-17,102360.74123348802,TECL,80172.07163381741,0.0,1.3446786403656006,False
2012-10-18,98755.07537506545,TECL,80172.07163381741,0.0,1.3446786403656006,False
2012-10-19,97025.10505186963,CASH,0.0,97025.10505186963,,False
2012-10-22,97025.10505186963,CASH,0.0,97025.10505186963,,False
2012-10-23,97025.10505186963,CASH,0.0,97025.10505186963,,False
2012-10-24,97025.10505186963,CASH,0.0,97025.10505186963,,False
2012-10-25,97025.10505186963,CASH,0.0,97025.10505186963,,False
2012-10-26,97025.10505186963,CASH,0.0,97025.10505186963,,False
2012-10-31,97025.10505186963,CASH,0.0,97025.10505186963,,False
2012-11-01,97025.10505186963,GLD,584.2421916827362,0.0,166.07000732421875,False
2012-11-02,94997.78393354425,GLD,584.2421916827362,0.0,166.07000732421875,False
2012-11-05,95365.8504522211,GLD,584.2421916827362,0.0,166.07000732421875,False
2012-11-06,97159.4782598047,GLD,584.2421916827362,0.0,166.07000732421875,False
2012-11-07,97270.48570259697,GLD,584.2421916827362,0.0,166.07000732421875,False
2012-11-08,98146.84899012107,GLD,584.2421916827362,0.0,166.07000732421875,False
2012-11-09,98047.52888731442,GLD,584.2421916827362,0.0,166.07000732421875,False
2012-11-12,97831.3532143085,GLD,584.2421916827362,0.0,166.07000732421875,False
2012-11-13,97626.87379611658,GLD,584.2421916827362,0.0,166.07000732421875,False
2012-11-14,97650.2395612594,GLD,584.2421916827362,0.0,166.07000732421875,False
2012-11-15,97036.78347702685,GLD,584.2421916827362,0.0,166.07000732421875,False
2012-11-16,96914.09760907736,GLD,584.2421916827362,0.0,166.07000732421875,False
2012-11-19,98076.73386503586,GLD,584.2421916827362,0.0,166.07000732421875,False
2012-11-20,97796.30010918008,GLD,584.2421916827362,0.0,166.07000732421875,False
2012-11-21,97895.62021198675,GLD,584.2421916827362,0.0,166.07000732421875,False
2012-11-23,99093.31848790203,GLD,584.2421916827362,0.0,166.07000732421875,False
2012-11-26,98988.15025768838,GLD,584.2421916827362,0.0,166.07000732421875,False
2012-11-27,98567.50408131891,GLD,584.2421916827362,0.0,166.07000732421875,False
2012-11-28,97305.53880772539,GLD,584.2421916827362,0.0,166.07000732421875,False
2012-11-29,97673.60532640223,GLD,584.2421916827362,0.0,166.07000732421875,False
2012-11-30,97013.41771188403,GLD,584.2421916827362,0.0,166.07000732421875,False
2012-12-03,97060.15815699805,TECL,87366.82044361581,0.0,1.1109498739242554,False
2012-12-04,96385.43690460203,TECL,87366.82044361581,0.0,1.1109498739242554,False
2012-12-05,93527.79701649438,TECL,87366.82044361581,0.0,1.1109498739242554,False
2012-12-06,95313.82324842874,TECL,87366.82044361581,0.0,1.1109498739242554,False
2012-12-07,93865.17847256559,TECL,87366.82044361581,0.0,1.1109498739242554,False
2012-12-10,94658.96328012015,TECL,87366.82044361581,0.0,1.1109498739242554,False
2012-12-11,98469.09077962296,TECL,87366.82044361581,0.0,1.1109498739242554,False
2012-12-12,97814.24122625096,TECL,87366.82044361581,0.0,1.1109498739242554,False
2012-12-13,95809.94916808694,TECL,87366.82044361581,0.0,1.1109498739242554,False
2012-12-14,92991.95894359796,TECL,87366.82044361581,0.0,1.1109498739242554,False
2012-12-17,96385.43690460203,TECL,87366.82044361581,0.0,1.1109498739242554,False
2012-12-18,100513.10540596182,TECL,87366.82044361581,0.0,1.1109498739242554,False
2012-12-19,99123.97157780474,TECL,87366.82044361581,0.0,1.1109498739242554,False
2012-12-20,99639.94836661375,TECL,87366.82044361581,0.0,1.1109498739242554,False
2012-12-21,97119.65868976753,TECL,87366.82044361581,0.0,1.1109498739242554,False
2012-12-24,96028.26706899959,TECL,87366.82044361581,0.0,1.1109498739242554,False
2012-12-26,94559.71934930263,TECL,87366.82044361581,0.0,1.1109498739242554,False
2012-12-27,94182.6465698664,TECL,87366.82044361581,0.0,1.1109498739242554,False
2012-12-28,91126.61255455308,TECL,87366.82044361581,0.0,1.1109498739242554,False
2012-12-31,96702.95707658581,TECL,87366.82044361581,0.0,1.1109498739242554,False
2013-01-02,105375.05818210667,TQQQ,188025.31339504744,0.0,0.5604301691055298,False
2013-01-03,103848.57274874956,TQQQ,188025.31339504744,0.0,0.5604301691055298,False
2013-01-04,102824.6509784325,TQQQ,188025.31339504744,0.0,0.5604301691055298,False
2013-01-07,102936.35296156298,TQQQ,188025.31339504744,0.0,0.5604301691055298,False
2013-01-08,102340.4558867129,TQQQ,188025.31339504744,0.0,0.5604301691055298,False
2013-01-09,103383.18330844893,TQQQ,188025.31339504744,0.0,0.5604301691055298,False
2013-01-10,105207.60046845807,TQQQ,188025.31339504744,0.0,0.5604301691055298,False
2013-01-11,105598.50697709569,TQQQ,188025.31339504744,0.0,0.5604301691055298,False
2013-01-14,104239.42322147712,TQQQ,188025.31339504744,0.0,0.5604301691055298,False
2013-01-15,102694.17696542908,TQQQ,188025.31339504744,0.0,0.5604301691055298,False
2013-01-16,103848.57274874956,TQQQ,188025.31339504744,0.0,0.5604301691055298,False
2013-01-17,105449.59714967974,TQQQ,188025.31339504744,0.0,0.5604301691055298,False
2013-01-18,104853.92421846994,TQQQ,188025.31339504744,0.0,0.5604301691055298,False
2013-01-22,105282.12822884913,TQQQ,188025.31339504744,0.0,0.5604301691055298,False
2013-01-23,106994.91064881986,TQQQ,188025.31339504744,0.0,0.5604301691055298,False
2013-01-24,102731.5080887167,TQQQ,188025.31339504744,0.0,0.5604301691055298,False
2013-01-25,104258.02714361985,TQQQ,188025.31339504744,0.0,0.5604301691055298,False
2013-01-28,105002.78921715783,TQQQ,188025.31339504744,0.0,0.5604301691055298,False
2013-01-29,105002.78921715783,TQQQ,188025.31339504744,0.0,0.5604301691055298,False
2013-01-30,104425.67537936268,TQQQ,188025.31339504744,0.0,0.5604301691055298,False
2013-01-31,103755.44106621578,TQQQ,188025.31339504744,0.0,0.5604301691055298,False
2013-02-01,107162.36836246846,TQQQ,188025.31339504744,0.0,0.5518163442611694,False
2013-02-04,101707.57511121762,TQQQ,188025.31339504744,0.0,0.5518163442611694,False
2013-02-05,106175.81133698506,TQQQ,188025.31339504744,0.0,0.5518163442611694,False
2013-02-06,105188.99654631533,TQQQ,188025.31339504744,0.0,0.5518163442611694,False
2013-02-07,105449.59714967974,TQQQ,188025.31339504744,0.0,0.5518163442611694,False
2013-02-08,108651.89250954441,TQQQ,188025.31339504744,0.0,0.5518163442611694,False
2013-02-11,108614.52776471076,TQQQ,188025.31339504744,0.0,0.5518163442611694,False
2013-02-12,107348.58689880799,TQQQ,188025.31339504744,0.0,0.5518163442611694,False
2013-02-13,108595.93504975004,TQQQ,188025.31339504744,0.0,0.5518163442611694,False
2013-02-14,108372.5422906711,TQQQ,188025.31339504744,0.0,0.5518163442611694,False
2013-02-15,107441.71858134179,TQQQ,188025.31339504744,0.0,0.5518163442611694,False
2013-02-19,109787.50505580995,TQQQ,188025.31339504744,0.0,0.5518163442611694,False
2013-02-20,104779.37404371485,TQQQ,188025.31339504744,0.0,0.5518163442611694,False
2013-02-21,101372.45795464417,TQQQ,188025.31339504744,0.0,0.5518163442611694,False
2013-02-22,104351.14761897162,TQQQ,188025.31339504744,0.0,0.5518163442611694,False
2013-02-25,100460.0812669094,TQQQ,188025.31339504744,0.0,0.5518163442611694,False
2013-02-26,101670.19915920196,TQQQ,188025.31339504744,0.0,0.5518163442611694,False
2013-02-27,104760.79253593614,TQQQ,188025.31339504744,0.0,0.5518163442611694,False
2013-02-28,104369.72912675033,TQQQ,188025.31339504744,0.0,0.5518163442611694,False
2013-03-01,105449.59714967974,SHY,1546.0777153901092,0.0,68.20459029970075,False
2013-03-04,105437.05736196239,SHY,1546.0777153901092,0.0,68.20459029970075,False
2013-03-05,105424.64844489482,SHY,1546.0777153901092,0.0,68.20459029970075,False
2013-03-06,105412.09675984565,SHY,1546.0777153901092,0.0,68.20459029970075,False
2013-03-07,105387.14805506072,SHY,1546.0777153901092,0.0,68.20459029970075,False
2013-03-08,105399.68784277806,SHY,1546.0777153901092,0.0,68.20459029970075,False
2013-03-11,105387.14805506072,SHY,1546.0777153901092,0.0,68.20459029970075,False
2013-03-12,105412.09675984565,SHY,1546.0777153901092,0.0,68.20459029970075,False
2013-03-13,105387.14805506072,SHY,1546.0777153901092,0.0,68.20459029970075,False
2013-03-14,105387.14805506072,SHY,1546.0777153901092,0.0,68.20459029970075,False
2013-03-15,105424.64844489482,SHY,1546.0777153901092,0.0,68.20459029970075,False
2013-03-18,105449.59714967974,SHY,1546.0777153901092,0.0,68.20459029970075,False
2013-03-19,105437.05736196239,SHY,1546.0777153901092,0.0,68.20459029970075,False
2013-03-20,105424.64844489482,SHY,1546.0777153901092,0.0,68.20459029970075,False
2013-03-21,105437.05736196239,SHY,1546.0777153901092,0.0,68.20459029970075,False
2013-03-22,105412.09675984565,SHY,1546.0777153901092,0.0,68.20459029970075,False
2013-03-25,105412.09675984565,SHY,1546.0777153901092,0.0,68.20459029970075,False
2013-03-26,105424.64844489482,SHY,1546.0777153901092,0.0,68.20459029970075,False
2013-03-27,105449.59714967974,SHY,1546.0777153901092,0.0,68.20459029970075,False
2013-03-28,105462.11314273349,SHY,1546.0777153901092,0.0,68.20459029970075,False
2013-04-01,105472.02362012304,SHY,1546.0777153901092,0.0,68.21268561918512,False
2013-04-02,105472.02362012304,SHY,1546.0777153901092,0.0,68.21268561918512,False
2013-04-03,105459.57901106006,SHY,1546.0777153901092,0.0,68.21268561918512,False
2013-04-04,105497.05560623055,SHY,1546.0777153901092,0.0,68.21268561918512,False
2013-04-05,105497.05560623055,SHY,1546.0777153901092,0.0,68.21268561918512,False
2013-04-08,105472.02362012304,SHY,1546.0777153901092,0.0,68.21268561918512,False
2013-04-09,105472.02362012304,SHY,1546.0777153901092,0.0,68.21268561918512,False
2013-04-10,105472.02362012304,SHY,1546.0777153901092,0.0,68.21268561918512,False
2013-04-11,105472.02362012304,SHY,1546.0777153901092,0.0,68.21268561918512,False
2013-04-12,105484.55151050858,SHY,1546.0777153901092,0.0,68.21268561918512,False
2013-04-15,105497.05560623055,SHY,1546.0777153901092,0.0,68.21268561918512,False
2013-04-16,105497.05560623055,SHY,1546.0777153901092,0.0,68.21268561918512,False
2013-04-17,105497.05560623055,SHY,1546.0777153901092,0.0,68.21268561918512,False
2013-04-18,105497.05560623055,SHY,1546.0777153901092,0.0,68.21268561918512,False
2013-04-19,105497.05560623055,SHY,1546.0777153901092,0.0,68.21268561918512,False
2013-04-22,105509.57159928435,SHY,1546.0777153901092,0.0,68.21268561918512,False
2013-04-23,105497.05560623055,SHY,1546.0777153901092,0.0,68.21268561918512,False
2013-04-24,105509.57159928435,SHY,1546.0777153901092,0.0,68.21268561918512,False
2013-04-25,105497.05560623055,SHY,1546.0777153901092,0.0,68.21268561918512,False
2013-04-26,105522.00431101548,SHY,1546.0777153901092,0.0,68.21268561918512,False
2013-04-29,105546.91732380504,SHY,1546.0777153901092,0.0,68.21268561918512,False
2013-04-30,105534.40133075128,SHY,1546.0777153901092,0.0,68.21268561918512,False
2013-05-01,105555.66186267814,TECL,82075.74546547745,0.0,1.2860761880874634,False
2013-05-02,109265.58260124078,TECL,82075.74546547745,0.0,1.2860761880874634,False
2013-05-03,112323.00540577821,TECL,82075.74546547745,0.0,1.2860761880874634,False
2013-05-06,113907.653029745,TECL,82075.74546547745,0.0,1.2860761880874634,False
2013-05-07,113627.9914896373,TECL,82075.74546547745,0.0,1.2860761880874634,False
2013-05-08,116200.70545686112,TECL,82075.74546547745,0.0,1.2860761880874634,False
2013-05-09,115268.56555111083,TECL,82075.74546547745,0.0,1.2860761880874634,False
2013-05-10,116666.76562554495,TECL,82075.74546547745,0.0,1.2860761880874634,False
2013-05-13,115678.6894980966,TECL,82075.74546547745,0.0,1.2860761880874634,False
2013-05-14,116741.3407316815,TECL,82075.74546547745,0.0,1.2860761880874634,False
2013-05-15,117636.2028685548,TECL,82075.74546547745,0.0,1.2860761880874634,False
2013-05-16,119519.13134868516,TECL,82075.74546547745,0.0,1.2860761880874634,False
2013-05-17,123229.04230305649,TECL,82075.74546547745,0.0,1.2860761880874634,False
2013-05-20,123098.54075941318,TECL,82075.74546547745,0.0,1.2860761880874634,False
2013-05-21,122166.4106378542,TECL,82075.74546547745,0.0,1.2860761880874634,False
2013-05-22,118214.12569644346,TECL,82075.74546547745,0.0,1.2860761880874634,False
2013-05-23,118176.83814337518,TECL,82075.74546547745,0.0,1.2860761880874634,False
2013-05-24,117431.11643458366,TECL,82075.74546547745,0.0,1.2860761880874634,False
2013-05-28,119276.74757745443,TECL,82075.74546547745,0.0,1.2860761880874634,False
2013-05-29,118176.83814337518,TECL,82075.74546547745,0.0,1.2860761880874634,False
2013-05-30,120041.12773906704,TECL,82075.74546547745,0.0,1.2860761880874634,False
2013-05-31,116853.18382250369,TECL,82075.74546547745,0.0,1.2860761880874634,False
2013-06-03,118605.61075899075,TECL,82075.74546547745,0.0,1.4237236976623535,False
2013-06-04,117132.82579422877,TECL,82075.74546547745,0.0,1.4237236976623535,False
2013-06-05,113721.21526440364,TECL,82075.74546547745,0.0,1.4237236976623535,False
2013-06-06,114932.997141879,TECL,82075.74546547745,0.0,1.4237236976623535,False
2013-06-07,117748.045959377,TECL,82075.74546547745,0.0,1.4237236976623535,False
2013-06-10,118288.70080258,TECL,82075.74546547745,0.0,1.4237236976623535,False
2013-06-11,114839.73423034744,TECL,82075.74546547745,0.0,1.4237236976623535,False
2013-06-12,112211.11339399948,TECL,82075.74546547745,0.0,1.4237236976623535,False
2013-06-13,116088.8427976563,TECL,82075.74546547745,0.0,1.4237236976623535,False
2013-06-14,113795.77080215757,TECL,82075.74546547745,0.0,1.4237236976623535,False
2013-06-17,116834.56450644783,TECL,82075.74546547745,0.0,1.4237236976623535,False
2013-06-18,119463.18534279578,TECL,82075.74546547745,0.0,1.4237236976623535,False
2013-06-19,115343.13087305607,TECL,82075.74546547745,0.0,1.4237236976623535,False
2013-06-20,107624.99875557593,TECL,82075.74546547745,0.0,1.4237236976623535,False
2013-06-21,105167.86544025333,CASH,0.0,105167.86544025333,,False
2013-06-24,105167.86544025333,CASH,0.0,105167.86544025333,,False
2013-06-25,105167.86544025333,CASH,0.0,105167.86544025333,,False
2013-06-26,105167.86544025333,CASH,0.0,105167.86544025333,,False
2013-06-27,105167.86544025333,CASH,0.0,105167.86544025333,,False
2013-06-28,105167.86544025333,CASH,0.0,105167.86544025333,,False
2013-07-01,105167.86544025334,TECL,79911.23808062308,0.0,1.3160585165023804,False
2013-07-02,106093.58927702825,TECL,79911.23808062308,0.0,1.3160585165023804,False
2013-07-03,107636.4274090594,TECL,79911.23808062308,0.0,1.3160585165023804,False
2013-07-05,109796.41794099446,TECL,79911.23808062308,0.0,1.3160585165023804,False
2013-07-08,109415.25715030286,TECL,79911.23808062308,0.0,1.3160585165023804,False
2013-07-09,110722.15130393128,TECL,79911.23808062308,0.0,1.3160585165023804,False
2013-07-10,111666.01295299943,TECL,79911.23808062308,0.0,1.3160585165023804,False
2013-07-11,117492.52794582848,TECL,79911.23808062308,0.0,1.3160585165023804,False
2013-07-12,117528.84167506262,TECL,79911.23808062308,0.0,1.3160585165023804,False
2013-07-15,118291.19183493158,TECL,79911.23808062308,0.0,1.3160585165023804,False
2013-07-16,118763.08931789894,TECL,79911.23808062308,0.0,1.3160585165023804,False
2013-07-17,119107.984010166,TECL,79911.23808062308,0.0,1.3160585165023804,False
2013-07-18,118109.67081957047,TECL,79911.23808062308,0.0,1.3160585165023804,False
2013-07-19,112228.69475905213,TECL,79911.23808062308,0.0,1.3160585165023804,False
2013-07-22,113335.9110327024,TECL,79911.23808062308,0.0,1.3160585165023804,False
2013-07-23,111883.82864527084,TECL,79911.23808062308,0.0,1.3160585165023804,False
2013-07-24,113989.3581095166,TECL,79911.23808062308,0.0,1.3160585165023804,False
2013-07-25,114043.79059872014,TECL,79911.23808062308,0.0,1.3160585165023804,False
2013-07-26,114624.64832171376,TECL,79911.23808062308,0.0,1.3160585165023804,False
2013-07-29,114461.29369713164,TECL,79911.23808062308,0.0,1.3160585165023804,False
2013-07-30,116076.73070914531,TECL,79911.23808062308,0.0,1.3160585165023804,False
2013-07-31,115132.89763856292,TECL,79911.23808062308,0.0,1.3160585165023804,False
2013-08-01,118744.9515056057,TECL,79911.23808062308,0.0,1.4407597780227661,False
2013-08-02,120124.45406537858,TECL,79911.23808062308,0.0,1.4407597780227661,False
2013-08-05,121086.45352673995,TECL,79911.23808062308,0.0,1.4407597780227661,False
2013-08-06,119289.50502552709,TECL,79911.23808062308,0.0,1.4407597780227661,False
2013-08-07,118218.58342878714,TECL,79911.23808062308,0.0,1.4407597780227661,False
2013-08-08,119507.30166547466,TECL,79911.23808062308,0.0,1.4407597780227661,False
2013-08-09,117565.13635197292,TECL,79911.23808062308,0.0,1.4407597780227661,False
2013-08-12,119852.17730541788,TECL,79911.23808062308,0.0,1.4407597780227661,False
2013-08-13,122211.84571733112,TECL,79911.23808062308,0.0,1.4407597780227661,False
2013-08-14,122139.20873270092,TECL,79911.23808062308,0.0,1.4407597780227661,False
2013-08-15,116040.45508455884,TECL,79911.23808062308,0.0,1.4407597780227661,False
2013-08-16,115750.02145998109,TECL,79911.23808062308,0.0,1.4407597780227661,False
2013-08-19,114788.0219986197,TECL,79911.23808062308,0.0,1.4407597780227661,False
2013-08-20,115278.07634620414,TECL,79911.23808062308,0.0,1.4407597780227661,False
2013-08-21,114170.86007255387,TECL,79911.23808062308,0.0,1.4407597780227661,False
2013-08-22,115895.22874610804,TECL,79911.23808062308,0.0,1.4407597780227661,False
2013-08-23,118454.5464595137,TECL,79911.23808062308,0.0,1.4407597780227661,False
2013-08-26,116857.23773363134,TECL,79911.23808062308,0.0,1.4407597780227661,False
2013-08-27,110576.94401780433,TECL,79911.23808062308,0.0,1.4407597780227661,False
2013-08-28,110867.34906389633,TECL,79911.23808062308,0.0,1.4407597780227661,False
2013-08-29,112573.57039899535,TECL,79911.23808062308,0.0,1.4407597780227661,False
2013-08-30,111048.8510269336,TECL,79911.23808062308,0.0,1.4407597780227661,False
2013-09-03,111230.38156845662,TECL,79911.23808062308,0.0,1.3896524906158447,False
2013-09-04,114370.52842637013,TECL,79911.23808062308,0.0,1.3896524906158447,False
2013-09-05,114424.9799678975,TECL,79911.23808062308,0.0,1.3896524906158447,False
2013-09-06,114896.9060293506,TECL,79911.23808062308,0.0,1.3896524906158447,False
2013-09-09,118799.40304713308,TECL,79911.23808062308,0.0,1.3896524906158447,False
2013-09-10,121177.22832366338,TECL,79911.23808062308,0.0,1.3896524906158447,False
2013-09-11,119652.51847776354,TECL,79911.23808062308,0.0,1.3896524906158447,False
2013-09-12,120033.69832077899,TECL,79911.23808062308,0.0,1.3896524906158447,False
2013-09-13,120142.58235150989,TECL,79911.23808062308,0.0,1.3896524906158447,False
2013-09-16,119325.80922859932,TECL,79911.23808062308,0.0,1.3896524906158447,False
2013-09-17,121449.4669789764,TECL,79911.23808062308,0.0,1.3896524906158447,False
2013-09-18,125842.0755013148,TECL,79911.23808062308,0.0,1.3896524906158447,False
2013-09-19,126422.9236981465,TECL,79911.23808062308,0.0,1.3896524906158447,False
2013-09-20,123609.48608939722,TECL,79911.23808062308,0.0,1.3896524906158447,False
2013-09-23,124371.82672310426,TECL,79911.23808062308,0.0,1.3896524906158447,False
2013-09-24,123500.57348018055,TECL,79911.23808062308,0.0,1.3896524906158447,False
2013-09-25,122302.58240960687,TECL,79911.23808062308,0.0,1.3896524906158447,False
2013-09-26,123718.38917245196,TECL,79911.23808062308,0.0,1.3896524906158447,False
2013-09-27,121195.36613595662,TECL,79911.23808062308,0.0,1.3896524906158447,False
2013-09-30,119416.54592087507,TECL,79911.23808062308,0.0,1.3896524906158447,False
2013-10-01,122447.78016957191,TECL,79911.23808062308,0.0,1.494364857673645,False
2013-10-02,122556.69277878858,TECL,79911.23808062308,0.0,1.494364857673645,False
2013-10-03,119235.02490551397,TECL,79911.23808062308,0.0,1.494364857673645,False
2013-10-04,120959.41263139197,TECL,79911.23808062308,0.0,1.494364857673645,False
2013-10-07,118908.32518251166,TECL,79911.23808062308,0.0,1.494364857673645,False
2013-10-08,113136.25220504806,TECL,79911.23808062308,0.0,1.494364857673645,False
2013-10-09,114842.47354014708,TECL,79911.23808062308,0.0,1.494364857673645,False
2013-10-10,120378.54538223645,TECL,79911.23808062308,0.0,1.494364857673645,False
2013-10-11,123210.14938176471,TECL,79911.23808062308,0.0,1.494364857673645,False
2013-10-14,124970.81273222918,TECL,79911.23808062308,0.0,1.494364857673645,False
2013-10-15,122774.53704954573,TECL,79911.23808062308,0.0,1.494364857673645,False
2013-10-16,126059.88166742428,TECL,79911.23808062308,0.0,1.494364857673645,False
2013-10-17,126132.49007356873,TECL,79911.23808062308,0.0,1.494364857673645,False
2013-10-18,132503.53953399532,TECL,79911.23808062308,0.0,1.494364857673645,False
2013-10-21,134826.89421667444,TECL,79911.23808062308,0.0,1.494364857673645,False
2013-10-22,134554.6555613614,TECL,79911.23808062308,0.0,1.494364857673645,False
2013-10-23,132630.60900782907,TECL,79911.23808062308,0.0,1.494364857673645,False
2013-10-24,133556.3042661182,TECL,79911.23808062308,0.0,1.494364857673645,False
2013-10-25,135679.99059498106,TECL,79911.23808062308,0.0,1.494364857673645,False
2013-10-28,136950.59959786112,TECL,79911.23808062308,0.0,1.494364857673645,False
2013-10-29,139473.57500354687,TECL,79911.23808062308,0.0,1.494364857673645,False
2013-10-30,138457.10494833428,TECL,79911.23808062308,0.0,1.494364857673645,False
2013-10-31,137458.83938854837,TECL,79911.23808062308,0.0,1.494364857673645,False
2013-11-01,137767.39177309553,TQQQ,134717.7840005991,0.0,1.0226370096206665,False
2013-11-04,138434.47590812924,TQQQ,134717.7840005991,0.0,1.0226370096206665,False
2013-11-05,139021.32622500538,TQQQ,134717.7840005991,0.0,1.0226370096206665,False
2013-11-06,138781.23503576292,TQQQ,134717.7840005991,0.0,1.0226370096206665,False
2013-11-07,131084.48162485097,TQQQ,134717.7840005991,0.0,1.0226370096206665,False
2013-11-08,136260.16513143765,TQQQ,134717.7840005991,0.0,1.0226370096206665,False
2013-11-11,135606.42653341134,TQQQ,134717.7840005991,0.0,1.0226370096206665,False
2013-11-12,136273.49460883375,TQQQ,134717.7840005991,0.0,1.0226370096206665,False
2013-11-13,141155.63250989743,TQQQ,134717.7840005991,0.0,1.0226370096206665,False
2013-11-14,142249.42051771862,TQQQ,134717.7840005991,0.0,1.0226370096206665,False
2013-11-15,143236.54058714857,TQQQ,134717.7840005991,0.0,1.0226370096206665,False
2013-11-18,139274.76295125525,TQQQ,134717.7840005991,0.0,1.0226370096206665,False
2013-11-19,137900.84714316943,TQQQ,134717.7840005991,0.0,1.0226370096206665,False
2013-11-20,136940.41814775424,TQQQ,134717.7840005991,0.0,1.0226370096206665,False
2013-11-21,141128.86113782605,TQQQ,134717.7840005991,0.0,1.0226370096206665,False
2013-11-22,143356.52194332454,TQQQ,134717.7840005991,0.0,1.0226370096206665,False
2013-11-25,144303.6535805663,TQQQ,134717.7840005991,0.0,1.0226370096206665,False
2013-11-26,146691.3965917082,TQQQ,134717.7840005991,0.0,1.0226370096206665,False
2013-11-27,149626.0175471494,TQQQ,134717.7840005991,0.0,1.0226370096206665,False
2013-11-29,152080.40794527164,TQQQ,134717.7840005991,0.0,1.0226370096206665,False
2013-12-02,151133.2923676412,TECL,81670.57275408678,0.0,1.8505232334136963,False
2013-12-03,152932.7381493307,TECL,81670.57275408678,0.0,1.8505232334136963,False
2013-12-04,153248.0739214793,TECL,81670.57275408678,0.0,1.8505232334136963,False
2013-12-05,151708.32329512935,TECL,81670.57275408678,0.0,1.8505232334136963,False
2013-12-06,155195.90441721733,TECL,81670.57275408678,0.0,1.8505232334136963,False
2013-12-09,156624.30565871246,TECL,81670.57275408678,0.0,1.8505232334136963,False
2013-12-10,155418.53503569035,TECL,81670.57275408678,0.0,1.8505232334136963,False
2013-12-11,151504.29796427177,TECL,81670.57275408678,0.0,1.8505232334136963,False
2013-12-12,147923.99221672627,TECL,81670.57275408678,0.0,1.8505232334136963,False
2013-12-13,146977.9167490437,TECL,81670.57275408678,0.0,1.8505232334136963,False
2013-12-16,150892.13434868038,TECL,81670.57275408678,0.0,1.8505232334136963,False
2013-12-17,150428.37491891944,TECL,81670.57275408678,0.0,1.8505232334136963,False
2013-12-18,154528.05150536212,TECL,81670.57275408678,0.0,1.8505232334136963,False
2013-12-19,155177.33807316574,TECL,81670.57275408678,0.0,1.8505232334136963,False
2013-12-20,158479.39205721105,TECL,81670.57275408678,0.0,1.8505232334136963,False
2013-12-23,164842.36147812277,TECL,81670.57275408678,0.0,1.8505232334136963,False
2013-12-24,166938.55721612737,TECL,81670.57275408678,0.0,1.8505232334136963,False
2013-12-26,167940.3219800738,TECL,81670.57275408678,0.0,1.8505232334136963,False
2013-12-27,167142.6020187669,TECL,81670.57275408678,0.0,1.8505232334136963,False
2013-12-30,166326.32544929933,TECL,81670.57275408678,0.0,1.8505232334136963,False
2013-12-31,169368.73295745987,TECL,81670.57275408678,0.0,1.8505232334136963,False
2014-01-02,164174.51830215848,TQQQ,136792.38895025846,0.0,1.2001729011535645,False
2014-01-03,160598.75242340678,TQQQ,136792.38895025846,0.0,1.2001729011535645,False
2014-01-06,158892.1350373067,TQQQ,136792.38895025846,0.0,1.2001729011535645,False
2014-01-07,163009.7473702066,TQQQ,136792.38895025846,0.0,1.2001729011535645,False
2014-01-08,164228.73882280503,TQQQ,136792.38895025846,0.0,1.2001729011535645,False
2014-01-09,162535.63987628868,TQQQ,136792.38895025846,0.0,1.2001729011535645,False
2014-01-10,164160.99986257474,TQQQ,136792.38895025846,0.0,1.2001729011535645,False
2014-01-13,156860.4228242565,TQQQ,136792.38895025846,0.0,1.2001729011535645,False
2014-01-14,165840.54775566031,TQQQ,136792.38895025846,0.0,1.2001729011535645,False
2014-01-15,169714.27374065365,TQQQ,136792.38895025846,0.0,1.2001729011535645,False
2014-01-16,170066.50328831226,TQQQ,136792.38895025846,0.0,1.2001729011535645,False
2014-01-17,167046.0696894455,TQQQ,136792.38895025846,0.0,1.2001729011535645,False
2014-01-21,170784.39928859577,TQQQ,136792.38895025846,0.0,1.2001729011535645,False
2014-01-22,172369.00827304856,TQQQ,136792.38895025846,0.0,1.2001729011535645,False
2014-01-23,170296.7407412471,TQQQ,136792.38895025846,0.0,1.2001729011535645,False
2014-01-24,160205.85340853236,TQQQ,136792.38895025846,0.0,1.2001729011535645,False
2014-01-27,155546.59030456629,TQQQ,136792.38895025846,0.0,1.2001729011535645,False
2014-01-28,155492.35347699627,TQQQ,136792.38895025846,0.0,1.2001729011535645,False
2014-01-29,150589.3018666646,TQQQ,136792.38895025846,0.0,1.2001729011535645,False
2014-01-30,158526.4522777583,TQQQ,136792.38895025846,0.0,1.2001729011535645,False
2014-01-31,157415.75510414143,TQQQ,136792.38895025846,0.0,1.2001729011535645,False
2014-02-03,146986.43388105137,TECL,82782.85101503099,0.0,1.7755662202835083,False
2014-02-04,149412.0679848372,TECL,82782.85101503099,0.0,1.7755662202835083,False
2014-02-05,149261.6426701697,TECL,82782.85101503099,0.0,1.7755662202835083,False
2014-02-06,154376.2020537125,TECL,82782.85101503099,0.0,1.7755662202835083,False
2014-02-07,160863.37886442934,TECL,82782.85101503099,0.0,1.7755662202835083,False
2014-02-10,162311.21388317956,TECL,82782.85101503099,0.0,1.7755662202835083,False
2014-02-11,167895.82893740668,TECL,82782.85101503099,0.0,1.7755662202835083,False
2014-02-12,169494.20769264267,TECL,82782.85101503099,0.0,1.7755662202835083,False
2014-02-13,174044.5857969399,TECL,82782.85101503099,0.0,1.7755662202835083,False
2014-02-14,174477.00306638159,TECL,82782.85101503099,0.0,1.7755662202835083,False
2014-02-18,175003.54594438447,TECL,82782.85101503099,0.0,1.7755662202835083,False
2014-02-19,172671.9782382507,TECL,82782.85101503099,0.0,1.7755662202835083,False
2014-02-20,175059.95420382416,TECL,82782.85101503099,0.0,1.7755662202835083,False
2014-02-21,172991.55925184328,TECL,82782.85101503099,0.0,1.7755662202835083,False
2014-02-24,174871.93983033832,TECL,82782.85101503099,0.0,1.7755662202835083,False
2014-02-25,173236.04109567797,TECL,82782.85101503099,0.0,1.7755662202835083,False
2014-02-26,173405.2856109668,TECL,82782.85101503099,0.0,1.7755662202835083,False
2014-02-27,177485.6080445797,TECL,82782.85101503099,0.0,1.7755662202835083,False
2014-02-28,176658.29348512072,TECL,82782.85101503099,0.0,1.7755662202835083,False
2014-03-03,172408.66732530986,TECL,82782.85101503099,0.0,2.1339962482452393,False
2014-03-04,179779.65577128908,TECL,82782.85101503099,0.0,2.1339962482452393,False
2014-03-05,180569.37140344485,TECL,82782.85101503099,0.0,2.1339962482452393,False
2014-03-06,180625.77966288454,TECL,82782.85101503099,0.0,2.1339962482452393,False
2014-03-07,179441.14700374176,TECL,82782.85101503099,0.0,2.1339962482452393,False
2014-03-10,178331.7911470843,TECL,82782.85101503099,0.0,2.1339962482452393,False
2014-03-11,177203.58648435093,TECL,82782.85101503099,0.0,2.1339962482452393,False
2014-03-12,178256.55381853844,TECL,82782.85101503099,0.0,2.1339962482452393,False
2014-03-13,170735.16966334629,TECL,82782.85101503099,0.0,2.1339962482452393,False
2014-03-14,167783.032155497,TECL,82782.85101503099,0.0,2.1339962482452393,False
2014-03-17,173424.0357321941,TECL,82782.85101503099,0.0,2.1339962482452393,False
2014-03-18,180494.1538118687,TECL,82782.85101503099,0.0,2.1339962482452393,False
2014-03-19,177861.67626549082,TECL,82782.85101503099,0.0,2.1339962482452393,False
2014-03-20,182393.32398553047,TECL,82782.85101503099,0.0,2.1339962482452393,False
2014-03-21,179836.02455678937,TECL,82782.85101503099,0.0,2.1339962482452393,False
2014-03-24,178952.28200092097,TECL,82782.85101503099,0.0,2.1339962482452393,False
2014-03-25,182242.94801328727,TECL,82782.85101503099,0.0,2.1339962482452393,False
2014-03-26,176131.77034408756,TECL,82782.85101503099,0.0,2.1339962482452393,False
2014-03-27,173536.89172501295,TECL,82782.85101503099,0.0,2.1339962482452393,False
2014-03-28,175266.81738338593,TECL,82782.85101503099,0.0,2.1339962482452393,False
2014-03-31,179685.58937363702,TECL,82782.85101503099,0.0,2.1339962482452393,False
2014-04-01,185947.14301507993,TQQQ,144948.34437116247,0.0,1.2828510999679565,False
2014-04-02,187411.08775777838,TQQQ,144948.34437116247,0.0,1.2828510999679565,False
2014-04-03,182990.63919244398,TQQQ,144948.34437116247,0.0,1.2828510999679565,False
2014-04-04,167352.42871357195,CASH,0.0,167352.42871357195,,False
2014-04-07,167352.42871357195,CASH,0.0,167352.42871357195,,False
2014-04-08,167352.42871357195,CASH,0.0,167352.42871357195,,False
2014-04-09,167352.42871357195,CASH,0.0,167352.42871357195,,False
2014-04-10,167352.42871357195,CASH,0.0,167352.42871357195,,False
2014-04-11,167352.42871357195,CASH,0.0,167352.42871357195,,False
2014-04-14,167352.42871357195,CASH,0.0,167352.42871357195,,False
2014-04-15,167352.42871357195,CASH,0.0,167352.42871357195,,False
2014-04-16,167352.42871357195,CASH,0.0,167352.42871357195,,False
2014-04-17,167352.42871357195,CASH,0.0,167352.42871357195,,False
2014-04-21,167352.42871357195,CASH,0.0,167352.42871357195,,False
2014-04-22,167352.42871357195,CASH,0.0,167352.42871357195,,False
2014-04-23,167352.42871357195,CASH,0.0,167352.42871357195,,False
2014-04-24,167352.42871357195,CASH,0.0,167352.42871357195,,False
2014-04-25,167352.42871357195,CASH,0.0,167352.42871357195,,False
2014-04-28,167352.42871357195,CASH,0.0,167352.42871357195,,False
2014-04-29,167352.42871357195,CASH,0.0,167352.42871357195,,False
2014-04-30,167352.42871357195,CASH,0.0,167352.42871357195,,False
2014-05-01,167352.42871357195,TECL,76980.0080281449,0.0,2.1739726066589355,False
2014-05-02,166513.16150568455,TECL,76980.0080281449,0.0,2.1739726066589355,False
2014-05-05,168541.43953398347,TECL,76980.0080281449,0.0,2.1739726066589355,False
2014-05-06,163120.9824972479,TECL,76980.0080281449,0.0,2.1739726066589355,False
2014-05-07,163698.05211652702,TECL,76980.0080281449,0.0,2.1739726066589355,False
2014-05-08,164432.39256996437,TECL,76980.0080281449,0.0,2.1739726066589355,False
2014-05-09,165271.69648478006,TECL,76980.0080281449,0.0,2.1739726066589355,False
2014-05-12,172021.0177386229,TECL,76980.0080281449,0.0,2.1739726066589355,False
2014-05-13,171828.69178797008,TECL,76980.0080281449,0.0,2.1739726066589355,False
2014-05-14,169905.3405141212,TECL,76980.0080281449,0.0,2.1739726066589355,False
2014-05-15,166163.4546000887,TECL,76980.0080281449,0.0,2.1739726066589355,False
2014-05-16,170062.64805520768,TECL,76980.0080281449,0.0,2.1739726066589355,False
2014-05-19,173454.8637705726,TECL,76980.0080281449,0.0,2.1739726066589355,False
2014-05-20,170150.0839583387,TECL,76980.0080281449,0.0,2.1739726066589355,False
2014-05-21,173664.66221908032,TECL,76980.0080281449,0.0,2.1739726066589355,False
2014-05-22,174783.746341144,TECL,76980.0080281449,0.0,2.1739726066589355,False
2014-05-23,179085.11925581592,TECL,76980.0080281449,0.0,2.1739726066589355,False
2014-05-27,183613.836530707,TECL,76980.0080281449,0.0,2.1739726066589355,False
2014-05-28,182529.7341112814,TECL,76980.0080281449,0.0,2.1739726066589355,False
2014-05-29,185152.49919632197,TECL,76980.0080281449,0.0,2.1739726066589355,False
2014-05-30,185764.49545784676,TECL,76980.0080281449,0.0,2.1739726066589355,False
2014-06-02,185065.1550605116,TECL,76980.0080281449,0.0,2.4131524562835693,False
2014-06-03,184085.96104207193,TECL,76980.0080281449,0.0,2.4131524562835693,False
2014-06-04,185309.91685819326,TECL,76980.0080281449,0.0,2.4131524562835693,False
2014-06-05,188981.85772041377,TECL,76980.0080281449,0.0,2.4131524562835693,False
2014-06-06,191377.33350562758,TECL,76980.0080281449,0.0,2.4131524562835693,False
2014-06-09,192968.50543212792,TECL,76980.0080281449,0.0,2.4131524562835693,False
2014-06-10,193318.2306911879,TECL,76980.0080281449,0.0,2.4131524562835693,False
2014-06-11,192216.63742044327,TECL,76980.0080281449,0.0,2.4131524562835693,False
2014-06-12,187250.74062989705,TECL,76980.0080281449,0.0,2.4131524562835693,False
2014-06-13,190223.28603438998,TECL,76980.0080281449,0.0,2.4131524562835693,False
2014-06-16,190765.3555975669,TECL,76980.0080281449,0.0,2.4131524562835693,False
2014-06-17,191779.47625825225,TECL,76980.0080281449,0.0,2.4131524562835693,False
2014-06-18,194786.966658455,TECL,76980.0080281449,0.0,2.4131524562835693,False
2014-06-19,193667.93759678374,TECL,76980.0080281449,0.0,2.4131524562835693,False
2014-06-20,192461.41757158903,TECL,76980.0080281449,0.0,2.4131524562835693,False
2014-06-23,193493.01073012926,TECL,76980.0080281449,0.0,2.4131524562835693,False
2014-06-24,190712.86469014568,TECL,76980.0080281449,0.0,2.4131524562835693,False
2014-06-25,193650.4467454647,TECL,76980.0080281449,0.0,2.4131524562835693,False
2014-06-26,192374.00002192214,TECL,76980.0080281449,0.0,2.4131524562835693,False
2014-06-27,195556.28881453042,TECL,76980.0080281449,0.0,2.4131524562835693,False
2014-06-30,196465.57448808636,TECL,76980.0080281449,0.0,2.4131524562835693,False
2014-07-01,202410.6469436081,TECL,76980.0080281449,0.0,2.552163600921631,False
2014-07-02,202830.22548715942,TECL,76980.0080281449,0.0,2.552163600921631,False
2014-07-03,205453.02727912826,TECL,76980.0080281449,0.0,2.552163600921631,False
2014-07-07,205610.42658753542,TECL,76980.0080281449,0.0,2.552163600921631,False
2014-07-08,200399.78635277168,TECL,76980.0080281449,0.0,2.552163600921631,False
2014-07-09,202952.66144639265,TECL,76980.0080281449,0.0,2.552163600921631,False
2014-07-10,202060.88497761986,TECL,76980.0080281449,0.0,2.552163600921631,False
2014-07-11,204316.5257196021,TECL,76980.0080281449,0.0,2.552163600921631,False
2014-07-14,209212.38569101563,TECL,76980.0080281449,0.0,2.552163600921631,False
2014-07-15,208617.86192734574,TECL,76980.0080281449,0.0,2.552163600921631,False
2014-07-16,213653.70376970395,TECL,76980.0080281449,0.0,2.552163600921631,False
2014-07-17,205365.64643638962,TECL,76980.0080281449,0.0,2.552163600921631,False
2014-07-18,213373.94191592012,TECL,76980.0080281449,0.0,2.552163600921631,False
2014-07-21,212184.89438858032,TECL,76980.0080281449,0.0,2.552163600921631,False
2014-07-22,217675.31483059205,TECL,76980.0080281449,0.0,2.552163600921631,False
2014-07-23,218619.56385332192,TECL,76980.0080281449,0.0,2.552163600921631,False
2014-07-24,217587.87892746102,TECL,76980.0080281449,0.0,2.552163600921631,False
2014-07-25,216818.57512484974,TECL,76980.0080281449,0.0,2.552163600921631,False
2014-07-28,218392.21949310278,TECL,76980.0080281449,0.0,2.552163600921631,False
2014-07-29,217290.64457582225,TECL,76980.0080281449,0.0,2.552163600921631,False
2014-07-30,217937.56747959272,TECL,76980.0080281449,0.0,2.552163600921631,False
2014-07-31,205208.24712798247,TECL,76980.0080281449,0.0,2.552163600921631,False
2014-08-01,201938.46737185077,TECL,76980.0080281449,0.0,2.66573429107666,False
2014-08-04,206187.44114642215,TECL,76980.0080281449,0.0,2.66573429107666,False
2014-08-05,200994.2734095133,TECL,76980.0080281449,0.0,2.66573429107666,False
2014-08-06,198546.3250703424,TECL,76980.0080281449,0.0,2.66573429107666,False
2014-08-07,196220.77598347643,TECL,76980.0080281449,0.0,2.66573429107666,False
2014-08-08,199700.33583465172,TECL,76980.0080281449,0.0,2.66573429107666,False
2014-08-11,202935.11553468122,TECL,76980.0080281449,0.0,2.66573429107666,False
2014-08-12,202253.26598866508,TECL,76980.0080281449,0.0,2.66573429107666,False
2014-08-13,208180.75582554715,TECL,76980.0080281449,0.0,2.66573429107666,False
2014-08-14,209387.29420420597,TECL,76980.0080281449,0.0,2.66573429107666,False
2014-08-15,209527.18430782997,TECL,76980.0080281449,0.0,2.66573429107666,False
2014-08-18,215174.9306443923,TECL,76980.0080281449,0.0,2.66573429107666,False
2014-08-19,219318.99601797774,TECL,76980.0080281449,0.0,2.66573429107666,False
2014-08-20,219895.9738699362,TECL,76980.0080281449,0.0,2.66573429107666,False
2014-08-21,222850.97336271772,TECL,76980.0080281449,0.0,2.66573429107666,False
2014-08-22,222553.7573645431,TECL,76980.0080281449,0.0,2.66573429107666,False
2014-08-25,223183.20777045866,TECL,76980.0080281449,0.0,2.66573429107666,False
2014-08-26,223515.40547127134,TECL,76980.0080281449,0.0,2.66573429107666,False
2014-08-27,223602.8597278665,TECL,76980.0080281449,0.0,2.66573429107666,False
2014-08-28,222501.30316405013,TECL,76980.0080281449,0.0,2.66573429107666,False
2014-08-29,225333.94011145495,TECL,76980.0080281449,0.0,2.66573429107666,False
2014-09-02,226015.8080109352,TQQQ,127186.69973372681,0.0,1.777039647102356,False
2014-09-03,222136.30351853697,TQQQ,127186.69973372681,0.0,1.777039647102356,False
2014-09-04,221431.00522611305,TQQQ,127186.69973372681,0.0,1.777039647102356,False
2014-09-05,224856.95855295027,TQQQ,127186.69973372681,0.0,1.777039647102356,False
2014-09-08,225990.5787156389,TQQQ,127186.69973372681,0.0,1.777039647102356,False
2014-09-09,220498.96167458085,TQQQ,127186.69973372681,0.0,1.777039647102356,False
2014-09-10,225612.70027413065,TQQQ,127186.69973372681,0.0,1.777039647102356,False
2014-09-11,225436.38328194272,TQQQ,127186.69973372681,0.0,1.777039647102356,False
2014-09-12,221884.45025882128,TQQQ,127186.69973372681,0.0,1.777039647102356,False
2014-09-15,215208.754464482,TQQQ,127186.69973372681,0.0,1.777039647102356,False
2014-09-16,221027.9732984891,TQQQ,127186.69973372681,0.0,1.777039647102356,False
2014-09-17,222111.15003242122,TQQQ,127186.69973372681,0.0,1.777039647102356,False
2014-09-18,226897.45361921925,TQQQ,127186.69973372681,0.0,1.777039647102356,False
2014-09-19,226393.68645244345,TQQQ,127186.69973372681,0.0,1.777039647102356,False
2014-09-22,220246.98712017626,TQQQ,127186.69973372681,0.0,1.777039647102356,False
2014-09-23,218332.4869120276,TQQQ,127186.69973372681,0.0,1.777039647102356,False
2014-09-24,225411.229795827,TQQQ,127186.69973372681,0.0,1.777039647102356,False
2014-09-25,211102.5350366477,TQQQ,127186.69973372681,0.0,1.777039647102356,False
2014-09-26,217853.8429076953,TQQQ,127186.69973372681,0.0,1.777039647102356,False
2014-09-29,217123.25467263063,TQQQ,127186.69973372681,0.0,1.777039647102356,False
2014-09-30,217929.4398225675,TQQQ,127186.69973372681,0.0,1.777039647102356,False
2014-10-01,207500.2495557864,TECL,75931.17702540704,0.0,2.732741117477417,False
2014-10-02,207500.2495557864,TECL,75931.17702540704,0.0,2.732741117477417,False
2014-10-03,212225.9981693982,TECL,75931.17702540704,0.0,2.732741117477417,False
2014-10-06,212467.42515628584,TECL,75931.17702540704,0.0,2.732741117477417,False
2014-10-07,202653.7874487308,TECL,75931.17702540704,0.0,2.732741117477417,False
2014-10-08,213726.46254808814,TECL,75931.17702540704,0.0,2.732741117477417,False
2014-10-09,203412.68211657202,TECL,75931.17702540704,0.0,2.732741117477417,False
2014-10-10,187838.54146753147,TECL,75931.17702540704,0.0,2.732741117477417,False
2014-10-13,186750.2246002078,CASH,0.0,186750.2246002078,,False
2014-10-14,186750.2246002078,CASH,0.0,186750.2246002078,,False
2014-10-15,186750.2246002078,CASH,0.0,186750.2246002078,,False
2014-10-16,186750.2246002078,CASH,0.0,186750.2246002078,,False
2014-10-17,186750.2246002078,CASH,0.0,186750.2246002078,,False
2014-10-20,186750.2246002078,CASH,0.0,186750.2246002078,,False
2014-10-21,186750.2246002078,CASH,0.0,186750.2246002078,,False
2014-10-22,186750.2246002078,CASH,0.0,186750.2246002078,,False
2014-10-23,186750.2246002078,CASH,0.0,186750.2246002078,,False
2014-10-24,186750.2246002078,CASH,0.0,186750.2246002078,,False
2014-10-27,186750.2246002078,CASH,0.0,186750.2246002078,,False
2014-10-28,186750.2246002078,CASH,0.0,186750.2246002078,,False
2014-10-29,186750.2246002078,CASH,0.0,186750.2246002078,,False
2014-10-30,186750.2246002078,CASH,0.0,186750.2246002078,,False
2014-10-31,186750.2246002078,CASH,0.0,186750.2246002078,,False
2014-11-03,186750.2246002078,TECL,62201.17569062061,0.0,3.0023584365844727,False
2014-11-04,186933.9079388747,TECL,62201.17569062061,0.0,3.0023584365844727,False
2014-11-05,188318.51786927806,TECL,62201.17569062061,0.0,3.0023584365844727,False
2014-11-06,188205.46942016957,TECL,62201.17569062061,0.0,3.0023584365844727,False
2014-11-07,188586.92451763368,TECL,62201.17569062061,0.0,3.0023584365844727,False
2014-11-10,190028.0364277174,TECL,62201.17569062061,0.0,3.0023584365844727,False
2014-11-11,190282.35465594273,TECL,62201.17569062061,0.0,3.0023584365844727,False
2014-11-12,192500.4948409168,TECL,62201.17569062061,0.0,3.0023584365844727,False
2014-11-13,195467.50129043663,TECL,62201.17569062061,0.0,3.0023584365844727,False
2014-11-14,199691.9214814573,TECL,62201.17569062061,0.0,3.0023584365844727,False
2014-11-17,198406.25675011624,TECL,62201.17569062061,0.0,3.0023584365844727,False
2014-11-18,200793.91770404734,TECL,62201.17569062061,0.0,3.0023584365844727,False
2014-11-19,196583.64525282066,TECL,62201.17569062061,0.0,3.0023584365844727,False
2014-11-20,199536.51879246242,TECL,62201.17569062061,0.0,3.0023584365844727,False
2014-11-21,200341.78322727702,TECL,62201.17569062061,0.0,3.0023584365844727,False
2014-11-24,203563.09307510627,TECL,62201.17569062061,0.0,3.0023584365844727,False
2014-11-25,204212.99931067377,TECL,62201.17569062061,0.0,3.0023584365844727,False
2014-11-26,209101.47347705596,TECL,62201.17569062061,0.0,3.0023584365844727,False
2014-11-28,212195.6316257305,TECL,62201.17569062061,0.0,3.0023584365844727,False
2014-12-01,205371.5568326079,TECL,62201.17569062061,0.0,3.411440849304199,False
2014-12-02,204975.99848509757,TECL,62201.17569062061,0.0,3.411440849304199,False
2014-12-03,207123.50378051322,TECL,62201.17569062061,0.0,3.411440849304199,False
2014-12-04,207406.0433387469,TECL,62201.17569062061,0.0,3.411440849304199,False
2014-12-05,206657.22156394893,TECL,62201.17569062061,0.0,3.411440849304199,False
2014-12-08,200497.26006585156,TECL,62201.17569062061,0.0,3.411440849304199,False
2014-12-09,190976.06846315743,CASH,0.0,190976.06846315743,,False
2014-12-10,190976.06846315743,CASH,0.0,190976.06846315743,,False
2014-12-11,190976.06846315743,CASH,0.0,190976.06846315743,,False
2014-12-12,190976.06846315743,CASH,0.0,190976.06846315743,,False
2014-12-15,190976.06846315743,CASH,0.0,190976.06846315743,,False
2014-12-16,190976.06846315743,CASH,0.0,190976.06846315743,,False
2014-12-17,190976.06846315743,CASH,0.0,190976.06846315743,,False
2014-12-18,190976.06846315743,CASH,0.0,190976.06846315743,,False
2014-12-19,190976.06846315743,CASH,0.0,190976.06846315743,,False
2014-12-22,190976.06846315743,CASH,0.0,190976.06846315743,,False
2014-12-23,190976.06846315743,CASH,0.0,190976.06846315743,,False
2014-12-24,190976.06846315743,CASH,0.0,190976.06846315743,,False
2014-12-26,190976.06846315743,CASH,0.0,190976.06846315743,,False
2014-12-29,190976.06846315743,CASH,0.0,190976.06846315743,,False
2014-12-30,190976.06846315743,CASH,0.0,190976.06846315743,,False
2014-12-31,190976.06846315743,CASH,0.0,190976.06846315743,,False
2015-01-02,190976.06846315743,TQQQ,99746.07930896714,0.0,1.9146223068237305,False
2015-01-05,182380.69139250225,TQQQ,99746.07930896714,0.0,1.9146223068237305,False
2015-01-06,175148.6973114404,TQQQ,99746.07930896714,0.0,1.9146223068237305,False
2015-01-07,181886.63450066902,TQQQ,99746.07930896714,0.0,1.9146223068237305,False
2015-01-08,192260.40235005738,TQQQ,99746.07930896714,0.0,1.9146223068237305,False
2015-01-09,188367.84046603309,TQQQ,99746.07930896714,0.0,1.9146223068237305,False
2015-01-12,182578.2546959393,TQQQ,99746.07930896714,0.0,1.9146223068237305,False
2015-01-13,182420.14459989342,TQQQ,99746.07930896714,0.0,1.9146223068237305,False
2015-01-14,179614.30573669504,TQQQ,99746.07930896714,0.0,1.9146223068237305,False
2015-01-15,171878.4616168417,CASH,0.0,171878.4616168417,,False
2015-01-16,171878.4616168417,CASH,0.0,171878.4616168417,,False
2015-01-20,171878.4616168417,CASH,0.0,171878.4616168417,,False
2015-01-21,171878.4616168417,CASH,0.0,171878.4616168417,,False
2015-01-22,171878.4616168417,CASH,0.0,171878.4616168417,,False
2015-01-23,171878.4616168417,CASH,0.0,171878.4616168417,,False
2015-01-26,171878.4616168417,CASH,0.0,171878.4616168417,,False
2015-01-27,171878.4616168417,CASH,0.0,171878.4616168417,,False
2015-01-28,171878.4616168417,CASH,0.0,171878.4616168417,,False
2015-01-29,171878.4616168417,CASH,0.0,171878.4616168417,,False
2015-01-30,171878.4616168417,CASH,0.0,171878.4616168417,,False
2015-02-02,171878.4616168417,TECL,59330.5318390086,0.0,2.8969647884368896,False
2015-02-03,177862.0085814634,TECL,59330.5318390086,0.0,2.8969647884368896,False
2015-02-04,178724.48807443483,TECL,59330.5318390086,0.0,2.8969647884368896,False
2015-02-05,183549.0658430627,TECL,59330.5318390086,0.0,2.8969647884368896,False
2015-02-06,182026.18948581154,TECL,59330.5318390086,0.0,2.8969647884368896,False
2015-02-09,181258.0604851664,TECL,59330.5318390086,0.0,2.8969647884368896,False
2015-02-10,188966.58058123206,TECL,59330.5318390086,0.0,2.8969647884368896,False
2015-02-11,191014.99059529084,TECL,59330.5318390086,0.0,2.8969647884368896,False
2015-02-12,199383.80853712856,TECL,59330.5318390086,0.0,2.8969647884368896,False
2015-02-13,203157.2765556379,TECL,59330.5318390086,0.0,2.8969647884368896,False
2015-02-17,203197.67610677492,TECL,59330.5318390086,0.0,2.8969647884368896,False
2015-02-18,203871.49705159702,TECL,59330.5318390086,0.0,2.8969647884368896,False
2015-02-19,205690.8206753673,TECL,59330.5318390086,0.0,2.8969647884368896,False
2015-02-20,209167.74240884982,TECL,59330.5318390086,0.0,2.8969647884368896,False
2015-02-23,209720.3081182565,TECL,59330.5318390086,0.0,2.8969647884368896,False
2015-02-24,211283.5557356425,TECL,59330.5318390086,0.0,2.8969647884368896,False
2015-02-25,207739.23068942607,TECL,59330.5318390086,0.0,2.8969647884368896,False
2015-02-26,212011.2851851506,TECL,59330.5318390086,0.0,2.8969647884368896,False
2015-02-27,209262.07875567503,TECL,59330.5318390086,0.0,2.8969647884368896,False
2015-03-02,214679.5652028422,TECL,59330.5318390086,0.0,3.527055501937866,False
2015-03-03,210084.14455200834,TECL,59330.5318390086,0.0,3.527055501937866,False
2015-03-04,207146.3078653857,TECL,59330.5318390086,0.0,3.527055501937866,False
2015-03-05,206607.1945275236,TECL,59330.5318390086,0.0,3.527055501937866,False
2015-03-06,199073.90889906487,TECL,59330.5318390086,0.0,3.527055501937866,False
2015-03-09,201782.63090439682,TECL,59330.5318390086,0.0,3.527055501937866,False
2015-03-10,189734.75201838047,TECL,59330.5318390086,0.0,3.527055501937866,False
2015-03-11,188335.87088010754,CASH,0.0,188335.87088010754,,False
2015-03-12,188335.87088010754,CASH,0.0,188335.87088010754,,False
2015-03-13,188335.87088010754,CASH,0.0,188335.87088010754,,False
2015-03-16,188335.87088010754,CASH,0.0,188335.87088010754,,False
2015-03-17,188335.87088010754,CASH,0.0,188335.87088010754,,False
2015-03-18,188335.87088010754,CASH,0.0,188335.87088010754,,False
2015-03-19,188335.87088010754,CASH,0.0,188335.87088010754,,False
2015-03-20,188335.87088010754,CASH,0.0,188335.87088010754,,False
2015-03-23,188335.87088010754,CASH,0.0,188335.87088010754,,False
2015-03-24,188335.87088010754,CASH,0.0,188335.87088010754,,False
2015-03-25,188335.87088010754,CASH,0.0,188335.87088010754,,False
2015-03-26,188335.87088010754,CASH,0.0,188335.87088010754,,False
2015-03-27,188335.87088010754,CASH,0.0,188335.87088010754,,False
2015-03-30,188335.87088010754,CASH,0.0,188335.87088010754,,False
2015-03-31,188335.87088010754,CASH,0.0,188335.87088010754,,False
2015-04-01,188335.87088010754,TQQQ,93888.72961128181,0.0,2.0059475898742676,False
2015-04-02,188652.1235818545,TQQQ,93888.72961128181,0.0,2.0059475898742676,False
2015-04-06,193190.7796404199,TQQQ,93888.72961128181,0.0,2.0059475898742676,False
2015-04-07,192297.9611941304,TQQQ,93888.72961128181,0.0,2.0059475898742676,False
2015-04-08,196873.77604975834,TQQQ,93888.72961128181,0.0,2.0059475898742676,False
2015-04-09,200538.215445383,TQQQ,93888.72961128181,0.0,2.0059475898742676,False
2015-04-10,202937.75595810724,TQQQ,93888.72961128181,0.0,2.0059475898742676,False
2015-04-13,201431.12343094256,TQQQ,93888.72961128181,0.0,2.0059475898742676,False
2015-04-14,199701.15757950483,TQQQ,93888.72961128181,0.0,2.0059475898742676,False
2015-04-15,203235.36210687042,TQQQ,93888.72961128181,0.0,2.0059475898742676,False
2015-04-16,202528.44956998128,TQQQ,93888.72961128181,0.0,2.0059475898742676,False
2015-04-17,193060.56715697836,TQQQ,93888.72961128181,0.0,2.0059475898742676,False
2015-04-20,201691.48124337313,TQQQ,93888.72961128181,0.0,2.0059475898742676,False
2015-04-21,204277.0395895853,TQQQ,93888.72961128181,0.0,2.0059475898742676,False
2015-04-22,207588.00033194787,TQQQ,93888.72961128181,0.0,2.0059475898742676,False
2015-04-23,210080.59453105112,TQQQ,93888.72961128181,0.0,2.0059475898742676,False
2015-04-24,218302.2469989549,TQQQ,93888.72961128181,0.0,2.0059475898742676,False
2015-04-27,216907.09086297796,TQQQ,93888.72961128181,0.0,2.0059475898742676,False
2015-04-28,215493.48963737473,TQQQ,93888.72961128181,0.0,2.0059475898742676,False
2015-04-29,211382.6298261966,TQQQ,93888.72961128181,0.0,2.0059475898742676,False
2015-04-30,201449.5909053863,TQQQ,93888.72961128181,0.0,2.0059475898742676,False
2015-05-01,209596.9705488,TQQQ,93888.72961128181,0.0,2.145620584487915,False
2015-05-04,210340.90757384666,TQQQ,93888.72961128181,0.0,2.145620584487915,False
2015-05-05,200370.82178006138,TQQQ,93888.72961128181,0.0,2.145620584487915,False
2015-05-06,196092.54591874406,TQQQ,93888.72961128181,0.0,2.145620584487915,False
2015-05-07,199459.2896263355,TQQQ,93888.72961128181,0.0,2.145620584487915,False
2015-05-08,206769.477094966,TQQQ,93888.72961128181,0.0,2.145620584487915,False
2015-05-11,204500.2162201358,TQQQ,93888.72961128181,0.0,2.145620584487915,False
2015-05-12,201858.83013905975,TQQQ,93888.72961128181,0.0,2.145620584487915,False
2015-05-13,202900.50762177462,TQQQ,93888.72961128181,0.0,2.145620584487915,False
2015-05-14,211884.83320697898,TQQQ,93888.72961128181,0.0,2.145620584487915,False
2015-05-15,211866.23142363018,TQQQ,93888.72961128181,0.0,2.145620584487915,False
2015-05-18,214470.39155319115,TQQQ,93888.72961128181,0.0,2.145620584487915,False
2015-05-19,213856.48793304595,TQQQ,93888.72961128181,0.0,2.145620584487915,False
2015-05-20,214210.01135594305,TQQQ,93888.72961128181,0.0,2.145620584487915,False
2015-05-21,217576.777448352,TQQQ,93888.72961128181,0.0,2.145620584487915,False
2015-05-22,216981.49799637313,TQQQ,93888.72961128181,0.0,2.145620584487915,False
2015-05-26,209466.73568054094,TQQQ,93888.72961128181,0.0,2.145620584487915,False
2015-05-27,219548.4545592365,TQQQ,93888.72961128181,0.0,2.145620584487915,False
2015-05-28,217930.14417752656,TQQQ,93888.72961128181,0.0,2.145620584487915,False
2015-05-29,214247.14776818812,TQQQ,93888.72961128181,0.0,2.145620584487915,False
2015-06-01,216125.8831167812,TECL,60145.557007370146,0.0,3.5933806896209717,False
2015-06-02,214814.4206997351,TECL,60145.557007370146,0.0,3.5933806896209717,False
2015-06-03,216125.8831167812,TECL,60145.557007370146,0.0,3.5933806896209717,False
2015-06-04,210388.0342847492,TECL,60145.557007370146,0.0,3.5933806896209717,False
2015-06-05,208256.85049777638,TECL,60145.557007370146,0.0,3.5933806896209717,False
2015-06-08,201535.3474936869,TECL,60145.557007370146,0.0,3.5933806896209717,False
2015-06-09,200223.82771736782,TECL,60145.557007370146,0.0,3.5933806896209717,False
2015-06-10,208694.0285364888,TECL,60145.557007370146,0.0,3.5933806896209717,False
2015-06-11,209349.75974501183,TECL,60145.557007370146,0.0,3.5933806896209717,False
2015-06-12,203939.8195366961,TECL,60145.557007370146,0.0,3.5933806896209717,False
2015-06-15,200278.50544432065,TECL,60145.557007370146,0.0,3.5933806896209717,False
2015-06-16,203557.29054530003,TECL,60145.557007370146,0.0,3.5933806896209717,False
2015-06-17,204814.13259466624,TECL,60145.557007370146,0.0,3.5933806896209717,False
2015-06-18,209404.40879232818,TECL,60145.557007370146,0.0,3.5933806896209717,False
2015-06-19,205141.99819892776,TECL,60145.557007370146,0.0,3.5933806896209717,False
2015-06-22,209021.90848056856,TECL,60145.557007370146,0.0,3.5933806896209717,False
2015-06-23,210060.19736012418,TECL,60145.557007370146,0.0,3.5933806896209717,False
2015-06-24,207218.56161822076,TECL,60145.557007370146,0.0,3.5933806896209717,False
2015-06-25,205797.75808708728,TECL,60145.557007370146,0.0,3.5933806896209717,False
2015-06-26,200715.6261237601,TECL,60145.557007370146,0.0,3.5933806896209717,False
2015-06-29,194322.0547320012,CASH,0.0,194322.0547320012,,False
2015-06-30,194322.0547320012,CASH,0.0,194322.0547320012,,False
2015-07-01,194322.0547320012,TECL,60812.498247590534,0.0,3.195429563522339,False
2015-07-02,194487.7473546565,TECL,60812.498247590534,0.0,3.195429563522339,False
2015-07-06,192498.66744483385,TECL,60812.498247590534,0.0,3.195429563522339,False
2015-07-07,193216.95395331868,TECL,60812.498247590534,0.0,3.195429563522339,False
2015-07-08,183824.07579588794,TECL,60812.498247590534,0.0,3.195429563522339,False
2015-07-09,181669.24526809235,TECL,60812.498247590534,0.0,3.195429563522339,False
2015-07-10,190233.35583682885,TECL,60812.498247590534,0.0,3.195429563522339,False
2015-07-13,198907.90398928648,TECL,60812.498247590534,0.0,3.195429563522339,False
2015-07-14,201173.27359260918,TECL,60812.498247590534,0.0,3.195429563522339,False
2015-07-15,201283.75467281858,TECL,60812.498247590534,0.0,3.195429563522339,False
2015-07-16,208908.61657265146,TECL,60812.498247590534,0.0,3.195429563522339,False
2015-07-17,218190.9556545551,TECL,60812.498247590534,0.0,3.195429563522339,False
2015-07-20,221340.34788550614,TECL,60812.498247590534,0.0,3.195429563522339,False
2015-07-21,217748.9443407409,TECL,60812.498247590534,0.0,3.195429563522339,False
2015-07-22,207195.78285984063,TECL,60812.498247590534,0.0,3.195429563522339,False
2015-07-23,205482.94914702978,TECL,60812.498247590534,0.0,3.195429563522339,False
2015-07-24,202278.33087480348,TECL,60812.498247590534,0.0,3.195429563522339,False
2015-07-27,196974.1371137157,TECL,60812.498247590534,0.0,3.195429563522339,False
2015-07-28,202057.32521789637,TECL,60812.498247590534,0.0,3.195429563522339,False
2015-07-29,206256.49069444873,TECL,60812.498247590534,0.0,3.195429563522339,False
2015-07-30,207030.0032442088,TECL,60812.498247590534,0.0,3.195429563522339,False
2015-07-31,205261.92899129327,TECL,60812.498247590534,0.0,3.195429563522339,False
2015-08-03,202057.32521789637,TECL,60812.498247590534,0.0,3.3753247261047363,False
2015-08-04,198300.17105515822,TECL,60812.498247590534,0.0,3.3753247261047363,False
2015-08-05,203493.898234866,TECL,60812.498247590534,0.0,3.3753247261047363,False
2015-08-06,198134.40593835583,TECL,60812.498247590534,0.0,3.3753247261047363,False
2015-08-07,198134.40593835583,TECL,60812.498247590534,0.0,3.3753247261047363,False
2015-08-10,207637.7361783371,TECL,60812.498247590534,0.0,3.3753247261047363,False
2015-08-11,198410.66663419703,TECL,60812.498247590534,0.0,3.3753247261047363,False
2015-08-12,200786.51731772913,TECL,60812.498247590534,0.0,3.3753247261047363,False
2015-08-13,199570.97895532544,TECL,60812.498247590534,0.0,3.3753247261047363,False
2015-08-14,202057.32521789637,TECL,60812.498247590534,0.0,3.3753247261047363,False
2015-08-17,205593.4302272392,TECL,60812.498247590534,0.0,3.3753247261047363,False
2015-08-18,202665.10164851294,TECL,60812.498247590534,0.0,3.3753247261047363,False
2015-08-19,198465.95067079001,TECL,60812.498247590534,0.0,3.3753247261047363,False
2015-08-20,184735.73609216398,CASH,0.0,184735.73609216398,,False
2015-08-21,184735.73609216398,CASH,0.0,184735.73609216398,,False
2015-08-24,184735.73609216398,CASH,0.0,184735.73609216398,,False
2015-08-25,184735.73609216398,CASH,0.0,184735.73609216398,,False
2015-08-26,184735.73609216398,CASH,0.0,184735.73609216398,,False
2015-08-27,184735.73609216398,CASH,0.0,184735.73609216398,,False
2015-08-28,184735.73609216398,CASH,0.0,184735.73609216398,,False
2015-08-31,184735.73609216398,CASH,0.0,184735.73609216398,,False
2015-09-01,184735.73609216398,IEF,2209.7359707070846,0.0,83.60081862316389,False
2015-09-02,184233.56626419292,IEF,2209.7359707070846,0.0,83.60081862316389,False
2015-09-03,184683.85784934615,IEF,2209.7359707070846,0.0,83.60081862316389,False
2015-09-04,185255.4367193305,IEF,2209.7359707070846,0.0,83.60081862316389,False
2015-09-08,184441.43631284856,IEF,2209.7359707070846,0.0,83.60081862316389,False
2015-09-09,184510.7093253821,IEF,2209.7359707070846,0.0,83.60081862316389,False
2015-09-10,184094.98623175587,IEF,2209.7359707070846,0.0,83.60081862316389,False
2015-09-11,184579.88031580593,IEF,2209.7359707070846,0.0,83.60081862316389,False
2015-09-14,184753.07985082484,IEF,2209.7359707070846,0.0,83.60081862316389,False
2015-09-15,183298.44860972947,IEF,2209.7359707070846,0.0,83.60081862316389,False
2015-09-16,183246.41733374697,IEF,2209.7359707070846,0.0,83.60081862316389,False
2015-09-17,184770.4236094857,IEF,2209.7359707070846,0.0,83.60081862316389,False
2015-09-18,185636.3702735253,IEF,2209.7359707070846,0.0,83.60081862316389,False
2015-09-21,184579.88031580593,IEF,2209.7359707070846,0.0,83.60081862316389,False
2015-09-22,185497.79024108825,IEF,2209.7359707070846,0.0,83.60081862316389,False
2015-09-23,185289.9882071725,IEF,2209.7359707070846,0.0,83.60081862316389,False
2015-09-24,185567.04624993686,IEF,2209.7359707070846,0.0,83.60081862316389,False
2015-09-25,185082.20317694164,IEF,2209.7359707070846,0.0,83.60081862316389,False
2015-09-28,186138.62511992123,IEF,2209.7359707070846,0.0,83.60081862316389,False
2015-09-29,186779.40898769934,IEF,2209.7359707070846,0.0,83.60081862316389,False
2015-09-30,186814.04549396608,IEF,2209.7359707070846,0.0,83.60081862316389,False
2015-10-01,186959.64804829232,IEF,2209.7359707070846,0.0,84.54134248182972,False
2015-10-02,187861.60851708066,IEF,2209.7359707070846,0.0,84.54134248182972,False
2015-10-05,186820.9829974304,IEF,2209.7359707070846,0.0,84.54134248182972,False
2015-10-06,187202.56269165382,IEF,2209.7359707070846,0.0,84.54134248182972,False
2015-10-07,186734.16218201647,IEF,2209.7359707070846,0.0,84.54134248182972,False
2015-10-08,186248.67296899276,IEF,2209.7359707070846,0.0,84.54134248182972,False
2015-10-09,186352.6675062179,IEF,2209.7359707070846,0.0,84.54134248182972,False
2015-10-12,186977.1108327479,IEF,2209.7359707070846,0.0,84.54134248182972,False
2015-10-13,187150.48040461642,IEF,2209.7359707070846,0.0,84.54134248182972,False
2015-10-14,188173.86418771558,IEF,2209.7359707070846,0.0,84.54134248182972,False
2015-10-15,187532.02609146983,IEF,2209.7359707070846,0.0,84.54134248182972,False
2015-10-16,187375.9492672073,IEF,2209.7359707070846,0.0,84.54134248182972,False
2015-10-19,187289.264481273,IEF,2209.7359707070846,0.0,84.54134248182972,False
2015-10-20,186647.40938134232,IEF,2209.7359707070846,0.0,84.54134248182972,False
2015-10-21,187289.264481273,IEF,2209.7359707070846,0.0,84.54134248182972,False
2015-10-22,187480.0118191723,IEF,2209.7359707070846,0.0,84.54134248182972,False
2015-10-23,186422.02553717626,IEF,2209.7359707070846,0.0,84.54134248182972,False
2015-10-26,186907.71879441958,IEF,2209.7359707070846,0.0,84.54134248182972,False
2015-10-27,187375.9492672073,IEF,2209.7359707070846,0.0,84.54134248182972,False
2015-10-28,186404.68177851546,IEF,2209.7359707070846,0.0,84.54134248182972,False
2015-10-29,185259.89168479043,IEF,2209.7359707070846,0.0,84.54134248182972,False
2015-10-30,185624.19563509282,IEF,2209.7359707070846,0.0,84.54134248182972,False
2015-11-02,185090.8580525871,TECL,51456.7914570945,0.0,3.597015142440796,False
2015-11-03,187849.24026198863,TECL,51456.7914570945,0.0,3.597015142440796,False
2015-11-04,188129.75391494905,TECL,51456.7914570945,0.0,3.597015142440796,False
2015-11-05,187054.44135505488,TECL,51456.7914570945,0.0,3.597015142440796,False
2015-11-06,188597.26031220958,TECL,51456.7914570945,0.0,3.597015142440796,False
2015-11-09,183407.80067133484,TECL,51456.7914570945,0.0,3.597015142440796,False
2015-11-10,180181.91206467277,TECL,51456.7914570945,0.0,3.597015142440796,False
2015-11-11,179761.1354511046,TECL,51456.7914570945,0.0,3.597015142440796,False
2015-11-12,175039.1699392353,TECL,51456.7914570945,0.0,3.597015142440796,False
2015-11-13,166581.7722473284,CASH,0.0,166581.7722473284,,False
2015-11-16,166581.7722473284,CASH,0.0,166581.7722473284,,False
2015-11-17,166581.7722473284,CASH,0.0,166581.7722473284,,False
2015-11-18,166581.7722473284,CASH,0.0,166581.7722473284,,False
2015-11-19,166581.7722473284,CASH,0.0,166581.7722473284,,False
2015-11-20,166581.7722473284,CASH,0.0,166581.7722473284,,False
2015-11-23,166581.7722473284,CASH,0.0,166581.7722473284,,False
2015-11-24,166581.7722473284,CASH,0.0,166581.7722473284,,False
2015-11-25,166581.7722473284,CASH,0.0,166581.7722473284,,False
2015-11-27,166581.7722473284,CASH,0.0,166581.7722473284,,False
2015-11-30,166581.7722473284,CASH,0.0,166581.7722473284,,False
2015-12-01,166581.7722473284,TECL,45619.72454039966,0.0,3.651529550552368,False
2015-12-02,163514.55214124123,TECL,45619.72454039966,0.0,3.651529550552368,False
2015-12-03,157297.28669694852,TECL,45619.72454039966,0.0,3.651529550552368,False
2015-12-04,168612.71437372902,TECL,45619.72454039966,0.0,3.651529550552368,False
2015-12-07,166415.95863424303,TECL,45619.72454039966,0.0,3.651529550552368,False
2015-12-08,165213.97580737018,TECL,45619.72454039966,0.0,3.651529550552368,False
2015-12-09,158001.9156972845,TECL,45619.72454039966,0.0,3.651529550552368,False
2015-12-10,159121.00803249955,TECL,45619.72454039966,0.0,3.651529550552368,False
2015-12-11,149923.59502259555,CASH,0.0,149923.59502259555,,False
2015-12-14,149923.59502259555,CASH,0.0,149923.59502259555,,False
2015-12-15,149923.59502259555,CASH,0.0,149923.59502259555,,False
2015-12-16,149923.59502259555,CASH,0.0,149923.59502259555,,False
2015-12-17,149923.59502259555,CASH,0.0,149923.59502259555,,False
2015-12-18,149923.59502259555,CASH,0.0,149923.59502259555,,False
2015-12-21,149923.59502259555,CASH,0.0,149923.59502259555,,False
2015-12-22,149923.59502259555,CASH,0.0,149923.59502259555,,False
2015-12-23,149923.59502259555,CASH,0.0,149923.59502259555,,False
2015-12-24,149923.59502259555,CASH,0.0,149923.59502259555,,False
2015-12-28,149923.59502259555,CASH,0.0,149923.59502259555,,False
2015-12-29,149923.59502259555,CASH,0.0,149923.59502259555,,False
2015-12-30,149923.59502259555,CASH,0.0,149923.59502259555,,False
2015-12-31,149923.59502259555,CASH,0.0,149923.59502259555,,False
2016-01-04,149923.59502259555,TECL,47281.1268923182,0.0,3.1708972454071045,False
2016-01-05,148505.9854755836,TECL,47281.1268923182,0.0,3.1708972454071045,False
2016-01-06,143479.90604033292,TECL,47281.1268923182,0.0,3.1708972454071045,False
2016-01-07,134931.235520336,CASH,0.0,134931.235520336,,False
2016-01-08,134931.235520336,CASH,0.0,134931.235520336,,False
2016-01-11,134931.235520336,CASH,0.0,134931.235520336,,False
2016-01-12,134931.235520336,CASH,0.0,134931.235520336,,False
2016-01-13,134931.235520336,CASH,0.0,134931.235520336,,False
2016-01-14,134931.235520336,CASH,0.0,134931.235520336,,False
2016-01-15,134931.235520336,CASH,0.0,134931.235520336,,False
2016-01-19,134931.235520336,CASH,0.0,134931.235520336,,False
2016-01-20,134931.235520336,CASH,0.0,134931.235520336,,False
2016-01-21,134931.235520336,CASH,0.0,134931.235520336,,False
2016-01-22,134931.235520336,CASH,0.0,134931.235520336,,False
2016-01-25,134931.235520336,CASH,0.0,134931.235520336,,False
2016-01-26,134931.235520336,CASH,0.0,134931.235520336,,False
2016-01-27,134931.235520336,CASH,0.0,134931.235520336,,False
2016-01-28,134931.235520336,CASH,0.0,134931.235520336,,False
2016-01-29,134931.235520336,CASH,0.0,134931.235520336,,False
2016-02-01,134931.235520336,SHY,1947.0748708249748,0.0,69.29945917445161,False
2016-02-02,135106.26778293462,SHY,1947.0748708249748,0.0,69.29945917445161,False
2016-02-03,135138.10681375317,SHY,1947.0748708249748,0.0,69.29945917445161,False
2016-02-04,135169.94584457163,SHY,1947.0748708249748,0.0,69.29945917445161,False
2016-02-05,135138.10681375317,SHY,1947.0748708249748,0.0,69.29945917445161,False
2016-02-08,135297.12217096591,SHY,1947.0748708249748,0.0,69.29945917445161,False
2016-02-09,135249.40108242142,SHY,1947.0748708249748,0.0,69.29945917445161,False
2016-02-10,135249.40108242142,SHY,1947.0748708249748,0.0,69.29945917445161,False
2016-02-11,135376.63734110893,SHY,1947.0748708249748,0.0,69.29945917445161,False
2016-02-12,135217.5920177495,SHY,1947.0748708249748,0.0,69.29945917445161,False
2016-02-16,135138.10681375317,SHY,1947.0748708249748,0.0,69.29945917445161,False
2016-02-17,135169.94584457163,SHY,1947.0748708249748,0.0,69.29945917445161,False
2016-02-18,135281.24011323994,SHY,1947.0748708249748,0.0,69.29945917445161,False
2016-02-19,135153.95890533243,SHY,1947.0748708249748,0.0,69.29945917445161,False
2016-02-22,135169.94584457163,SHY,1947.0748708249748,0.0,69.29945917445161,False
2016-02-23,135185.8279022976,SHY,1947.0748708249748,0.0,69.29945917445161,False
2016-02-24,135217.5920177495,SHY,1947.0748708249748,0.0,69.29945917445161,False
2016-02-25,135249.40108242142,SHY,1947.0748708249748,0.0,69.29945917445161,False
2016-02-26,135074.3388536761,SHY,1947.0748708249748,0.0,69.29945917445161,False
2016-02-29,135153.95890533243,SHY,1947.0748708249748,0.0,69.29945917445161,False
2016-03-01,134974.08711004938,GLD,1146.0821173250483,0.0,117.7699966430664,False
2016-03-02,136017.02603389323,GLD,1146.0821173250483,0.0,117.7699966430664,False
2016-03-03,138366.49787197466,GLD,1146.0821173250483,0.0,117.7699966430664,False
2016-03-04,138148.73947163083,GLD,1146.0821173250483,0.0,117.7699966430664,False
2016-03-07,138836.38699324333,GLD,1146.0821173250483,0.0,117.7699966430664,False
2016-03-08,138194.58380559337,GLD,1146.0821173250483,0.0,117.7699966430664,False
2016-03-09,137048.50168826833,GLD,1146.0821173250483,0.0,117.7699966430664,False
2016-03-10,139248.97725499337,GLD,1146.0821173250483,0.0,117.7699966430664,False
2016-03-11,136853.66982686208,GLD,1146.0821173250483,0.0,117.7699966430664,False
2016-03-14,135088.702316912,GLD,1146.0821173250483,0.0,117.7699966430664,False
2016-03-15,135191.84551039318,GLD,1146.0821173250483,0.0,117.7699966430664,False
2016-03-16,138206.03833114952,GLD,1146.0821173250483,0.0,117.7699966430664,False
2016-03-17,137678.8416064495,GLD,1146.0821173250483,0.0,117.7699966430664,False
2016-03-18,137300.64115310585,GLD,1146.0821173250483,0.0,117.7699966430664,False
2016-03-21,136337.92762771822,GLD,1146.0821173250483,0.0,117.7699966430664,False
2016-03-22,136739.0546199995,GLD,1146.0821173250483,0.0,117.7699966430664,False
2016-03-23,133644.6364007869,GLD,1146.0821173250483,0.0,117.7699966430664,False
2016-03-24,133323.7348069619,GLD,1146.0821173250483,0.0,117.7699966430664,False
2016-03-28,133633.1731313181,GLD,1146.0821173250483,0.0,117.7699966430664,False
2016-03-29,136108.71470181827,GLD,1146.0821173250483,0.0,117.7699966430664,False
2016-03-30,134206.21418998064,GLD,1146.0821173250483,0.0,117.7699966430664,False
2016-03-31,134825.09958260568,GLD,1146.0821173250483,0.0,117.7699966430664,False
2016-04-01,134011.3823285744,TQQQ,63927.879824808086,0.0,2.096290111541748,False
2016-04-04,132352.1366512539,TQQQ,63927.879824808086,0.0,2.096290111541748,False
2016-04-05,128793.28535493075,TQQQ,63927.879824808086,0.0,2.096290111541748,False
2016-04-06,134961.25372524996,TQQQ,63927.879824808086,0.0,2.096290111541748,False
2016-04-07,129135.24576403543,TQQQ,63927.879824808086,0.0,2.096290111541748,False
2016-04-08,128831.28264945286,TQQQ,63927.879824808086,0.0,2.096290111541748,False
2016-04-11,127450.71428181634,TQQQ,63927.879824808086,0.0,2.096290111541748,False
2016-04-12,130427.04708662712,TQQQ,63927.879824808086,0.0,2.096290111541748,False
2016-04-13,135518.53213664657,TQQQ,63927.879824808086,0.0,2.096290111541748,False
2016-04-14,135607.19249053148,TQQQ,63927.879824808086,0.0,2.096290111541748,False
2016-04-15,134568.660739971,TQQQ,63927.879824808086,0.0,2.096290111541748,False
2016-04-18,136557.06388720704,TQQQ,63927.879824808086,0.0,2.096290111541748,False
2016-04-19,134201.35355959067,TQQQ,63927.879824808086,0.0,2.096290111541748,False
2016-04-20,134530.6786870432,TQQQ,63927.879824808086,0.0,2.096290111541748,False
2016-04-21,134568.660739971,TQQQ,63927.879824808086,0.0,2.096290111541748,False
2016-04-22,128476.64123391321,TQQQ,63927.879824808086,0.0,2.096290111541748,False
2016-04-25,128375.33035678187,TQQQ,63927.879824808086,0.0,2.096290111541748,False
2016-04-26,126614.80428551856,TQQQ,63927.879824808086,0.0,2.096290111541748,False
2016-04-27,120610.24409571697,CASH,0.0,120610.24409571697,,False
2016-04-28,120610.24409571697,CASH,0.0,120610.24409571697,,False
2016-04-29,120610.24409571697,CASH,0.0,120610.24409571697,,False
2016-05-02,120610.24409571697,GLD,978.6615237452413,0.0,123.23999786376953,False
2016-05-03,120336.2200637235,GLD,978.6615237452413,0.0,123.23999786376953,False
2016-05-04,119602.22392091455,GLD,978.6615237452413,0.0,123.23999786376953,False
2016-05-05,119465.21190491781,GLD,978.6615237452413,0.0,123.23999786376953,False
2016-05-06,120551.52679360262,GLD,978.6615237452413,0.0,123.23999786376953,False
2016-05-09,118075.51433318233,GLD,978.6615237452413,0.0,123.23999786376953,False
2016-05-10,118398.47442800103,GLD,978.6615237452413,0.0,123.23999786376953,False
2016-05-11,119514.14796774302,GLD,978.6615237452413,0.0,123.23999786376953,False
2016-05-12,118574.63380093897,GLD,978.6615237452413,0.0,123.23999786376953,False
2016-05-13,119112.89315904194,GLD,978.6615237452413,0.0,123.23999786376953,False
2016-05-16,119200.97657880835,GLD,978.6615237452413,0.0,123.23999786376953,False
2016-05-17,119612.01262679858,GLD,978.6615237452413,0.0,123.23999786376953,False
2016-05-18,117537.2475084845,GLD,978.6615237452413,0.0,123.23999786376953,False
2016-05-19,117312.15953931623,GLD,978.6615237452413,0.0,123.23999786376953,False
2016-05-20,117155.57011155145,GLD,978.6615237452413,0.0,123.23999786376953,False
2016-05-23,116822.82877744362,GLD,978.6615237452413,0.0,123.23999786376953,False
2016-05-24,114796.99972195475,GLD,978.6615237452413,0.0,123.23999786376953,False
2016-05-25,114483.82833302008,GLD,978.6615237452413,0.0,123.23999786376953,False
2016-05-26,114092.362230203,GLD,978.6615237452413,0.0,123.23999786376953,False
2016-05-27,113152.84806339895,GLD,978.6615237452413,0.0,123.23999786376953,False
2016-05-31,113583.45405656235,GLD,978.6615237452413,0.0,123.23999786376953,False
2016-06-01,113466.01945233364,GLD,978.6615237452413,0.0,116.05999755859375,False
2016-06-02,113201.7766596293,GLD,978.6615237452413,0.0,116.05999755859375,False
2016-06-03,116343.27925486013,GLD,978.6615237452413,0.0,116.05999755859375,False
2016-06-06,116382.42661180133,GLD,978.6615237452413,0.0,116.05999755859375,False
2016-06-07,116284.56195274577,GLD,978.6615237452413,0.0,116.05999755859375,False
2016-06-08,118007.00832518397,GLD,978.6615237452413,0.0,116.05999755859375,False
2016-06-09,118662.7097541105,GLD,978.6615237452413,0.0,116.05999755859375,False
2016-06-10,119142.25181009911,GLD,978.6615237452413,0.0,116.05999755859375,False
2016-06-13,120023.0486747888,GLD,978.6615237452413,0.0,116.05999755859375,False
2016-06-14,120150.27198490153,GLD,978.6615237452413,0.0,116.05999755859375,False
2016-06-15,121040.85755547525,GLD,978.6615237452413,0.0,116.05999755859375,False
2016-06-16,119768.59458796847,GLD,978.6615237452413,0.0,116.05999755859375,False
2016-06-17,121305.09288158471,GLD,978.6615237452413,0.0,116.05999755859375,False
2016-06-20,120580.8854446598,GLD,978.6615237452413,0.0,116.05999755859375,False
2016-06-21,118261.45494540942,GLD,978.6615237452413,0.0,116.05999755859375,False
2016-06-22,118320.17971411865,GLD,978.6615237452413,0.0,116.05999755859375,False
2016-06-23,117547.03621436852,GLD,978.6615237452413,0.0,116.05999755859375,False
2016-06-24,123311.3519919004,GLD,978.6615237452413,0.0,116.05999755859375,False
2016-06-27,123976.84212671097,GLD,978.6615237452413,0.0,116.05999755859375,False
2016-06-28,122645.86185708984,GLD,978.6615237452413,0.0,116.05999755859375,False
2016-06-29,123154.76256413563,GLD,978.6615237452413,0.0,116.05999755859375,False
2016-06-30,123771.32410271585,GLD,978.6615237452413,0.0,116.05999755859375,False
2016-07-01,125669.92984809198,SHY,1797.9750540612645,0.0,69.89525775912678,False
2016-07-05,125728.81469283259,SHY,1797.9750540612645,0.0,69.89525775912678,False
2016-07-06,125669.92984809198,SHY,1797.9750540612645,0.0,69.89525775912678,False
2016-07-07,125610.9896604522,SHY,1797.9750540612645,0.0,69.89525775912678,False
2016-07-08,125610.9896604522,SHY,1797.9750540612645,0.0,69.89525775912678,False
2016-07-11,125478.37423826264,SHY,1797.9750540612645,0.0,69.89525775912678,False
2016-07-12,125434.19676898235,SHY,1797.9750540612645,0.0,69.89525775912678,False
2016-07-13,125463.69453425186,SHY,1797.9750540612645,0.0,69.89525775912678,False
2016-07-14,125389.9777925277,SHY,1797.9750540612645,0.0,69.89525775912678,False
2016-07-15,125331.05144061273,SHY,1797.9750540612645,0.0,69.89525775912678,False
2016-07-18,125404.71283943766,SHY,1797.9750540612645,0.0,69.89525775912678,False
2016-07-19,125419.43405062285,SHY,1797.9750540612645,0.0,69.89525775912678,False
2016-07-20,125360.50769870784,SHY,1797.9750540612645,0.0,69.89525775912678,False
2016-07-21,125448.87647299313,SHY,1797.9750540612645,0.0,69.89525775912678,False
2016-07-22,125404.71283943766,SHY,1797.9750540612645,0.0,69.89525775912678,False
2016-07-25,125316.24721507877,SHY,1797.9750540612645,0.0,69.89525775912678,False
2016-07-26,125331.05144061273,SHY,1797.9750540612645,0.0,69.89525775912678,False
2016-07-27,125419.43405062285,SHY,1797.9750540612645,0.0,69.89525775912678,False
2016-07-28,125404.71283943766,SHY,1797.9750540612645,0.0,69.89525775912678,False
2016-07-29,125566.72917682312,SHY,1797.9750540612645,0.0,69.89525775912678,False
2016-08-01,125523.96295147228,TQQQ,52860.080315696425,0.0,2.374645709991455,False
2016-08-02,122696.35527213606,TQQQ,52860.080315696425,0.0,2.374645709991455,False
2016-08-03,123858.8524751047,TQQQ,52860.080315696425,0.0,2.374645709991455,False
2016-08-04,124968.90932224943,TQQQ,52860.080315696425,0.0,2.374645709991455,False
2016-08-05,128582.0006874978,TQQQ,52860.080315696425,0.0,2.374645709991455,False
2016-08-08,128173.5557242926,TQQQ,52860.080315696425,0.0,2.374645709991455,False
2016-08-09,129021.80147990027,TQQQ,52860.080315696425,0.0,2.374645709991455,False
2016-08-10,128026.90924979922,TQQQ,52860.080315696425,0.0,2.374645709991455,False
2016-08-11,129681.60979251852,TQQQ,52860.080315696425,0.0,2.374645709991455,False
2016-08-12,129922.4119743804,TQQQ,52860.080315696425,0.0,2.374645709991455,False
2016-08-15,131556.14141590023,TQQQ,52860.080315696425,0.0,2.374645709991455,False
2016-08-16,129482.58597632745,TQQQ,52860.080315696425,0.0,2.374645709991455,False
2016-08-17,130090.01694724799,TQQQ,52860.080315696425,0.0,2.374645709991455,False
2016-08-18,130215.6923205419,TQQQ,52860.080315696425,0.0,2.374645709991455,False
2016-08-19,130037.65220837553,TQQQ,52860.080315696425,0.0,2.374645709991455,False
2016-08-22,130163.30237601895,TQQQ,52860.080315696425,0.0,2.374645709991455,False
2016-08-23,130938.31311415663,TQQQ,52860.080315696425,0.0,2.374645709991455,False
2016-08-24,128414.37050897971,TQQQ,52860.080315696425,0.0,2.374645709991455,False
2016-08-25,127806.98994936014,TQQQ,52860.080315696425,0.0,2.374645709991455,False
2016-08-26,128424.88126522994,TQQQ,52860.080315696425,0.0,2.374645709991455,False
2016-08-29,128780.93628391219,TQQQ,52860.080315696425,0.0,2.374645709991455,False
2016-08-30,127618.43908094356,TQQQ,52860.080315696425,0.0,2.374645709991455,False
2016-08-31,127283.32995781029,TQQQ,52860.080315696425,0.0,2.374645709991455,False
2016-09-01,127848.86913763286,TQQQ,52860.080315696425,0.0,2.4079291820526123,False
2016-09-02,129346.43765525905,TQQQ,52860.080315696425,0.0,2.4079291820526123,False
2016-09-06,131744.61666736536,TQQQ,52860.080315696425,0.0,2.4079291820526123,False
2016-09-07,131985.5322746544,TQQQ,52860.080315696425,0.0,2.4079291820526123,False
2016-09-08,129723.47637796601,TQQQ,52860.080315696425,0.0,2.4079291820526123,False
2016-09-09,119889.7438996498,TQQQ,52860.080315696425,0.0,2.4079291820526123,False
2016-09-12,126037.14999524763,TQQQ,52860.080315696425,0.0,2.4079291820526123,False
2016-09-13,123062.92104706854,TQQQ,52860.080315696425,0.0,2.4079291820526123,False
2016-09-14,124644.23533841493,TQQQ,52860.080315696425,0.0,2.4079291820526123,False
2016-09-15,130425.11346755602,TQQQ,52860.080315696425,0.0,2.4079291820526123,False
2016-09-16,130278.49219871314,TQQQ,52860.080315696425,0.0,2.4079291820526123,False
2016-09-19,128571.43951994662,TQQQ,52860.080315696425,0.0,2.4079291820526123,False
2016-09-20,129283.61257143733,TQQQ,52860.080315696425,0.0,2.4079291820526123,False
2016-09-21,133043.2621914024,TQQQ,52860.080315696425,0.0,2.4079291820526123,False
2016-09-22,136153.6394606499,TQQQ,52860.080315696425,0.0,2.4079291820526123,False
2016-09-23,133703.0579011954,TQQQ,52860.080315696425,0.0,2.4079291820526123,False
2016-09-26,130383.22167645805,TQQQ,52860.080315696425,0.0,2.4079291820526123,False
2016-09-27,134080.09662390235,TQQQ,52860.080315696425,0.0,2.4079291820526123,False
2016-09-28,134813.11474834013,TQQQ,52860.080315696425,0.0,2.4079291820526123,False
2016-09-29,131954.11343133092,TQQQ,52860.080315696425,0.0,2.4079291820526123,False
2016-09-30,134666.480876672,TQQQ,52860.080315696425,0.0,2.4079291820526123,False
2016-10-03,134362.80319968745,TECL,30757.978256700797,0.0,4.368388652801514,False
2016-10-04,133077.265693499,TECL,30757.978256700797,0.0,4.368388652801514,False
2016-10-05,134446.63718201933,TECL,30757.978256700797,0.0,4.368388652801514,False
2016-10-06,135368.82565421716,TECL,30757.978256700797,0.0,4.368388652801514,False
2016-10-07,134278.9252177147,TECL,30757.978256700797,0.0,4.368388652801514,False
2016-10-10,136989.68442318623,TECL,30757.978256700797,0.0,4.368388652801514,False
2016-10-11,132602.1575717951,TECL,30757.978256700797,0.0,4.368388652801514,False
2016-10-12,133021.41548273628,TECL,30757.978256700797,0.0,4.368388652801514,False
2016-10-13,130673.96131161455,TECL,30757.978256700797,0.0,4.368388652801514,False
2016-10-14,132155.09188784816,TECL,30757.978256700797,0.0,4.368388652801514,False
2016-10-17,131232.87408255646,TECL,30757.978256700797,0.0,4.368388652801514,False
2016-10-18,133608.25335905954,TECL,30757.978256700797,0.0,4.368388652801514,False
2016-10-19,133831.8448672208,TECL,30757.978256700797,0.0,4.368388652801514,False
2016-10-20,132210.98609825174,TECL,30757.978256700797,0.0,4.368388652801514,False
2016-10-21,133021.41548273628,TECL,30757.978256700797,0.0,4.368388652801514,False
2016-10-24,137045.59330013674,TECL,30757.978256700797,0.0,4.368388652801514,False
2016-10-25,135704.19091663862,TECL,30757.978256700797,0.0,4.368388652801514,False
2016-10-26,133580.32825367816,TECL,30757.978256700797,0.0,4.368388652801514,False
2016-10-27,132602.1575717951,TECL,30757.978256700797,0.0,4.368388652801514,False
2016-10-28,132155.09188784816,TECL,30757.978256700797,0.0,4.368388652801514,False
2016-10-31,132210.98609825174,TECL,30757.978256700797,0.0,4.368388652801514,False
2016-11-01,128773.64615717453,TQQQ,54102.170591600756,0.0,2.3801937103271484,False
2016-11-02,125418.67757068368,TQQQ,54102.170591600756,0.0,2.3801937103271484,False
2016-11-03,121806.51656813857,TQQQ,54102.170591600756,0.0,2.3801937103271484,False
2016-11-04,120423.79936911407,TQQQ,54102.170591600756,0.0,2.3801937103271484,False
2016-11-07,129052.26375017175,TQQQ,54102.170591600756,0.0,2.3801937103271484,False
2016-11-08,131581.9051111842,TQQQ,54102.170591600756,0.0,2.3801937103271484,False
2016-11-09,133425.47644736632,TQQQ,54102.170591600756,0.0,2.3801937103271484,False
2016-11-10,127080.07685751856,TQQQ,54102.170591600756,0.0,2.3801937103271484,False
2016-11-11,126972.88647799048,TQQQ,54102.170591600756,0.0,2.3801937103271484,False
2016-11-14,122685.42608441839,TQQQ,54102.170591600756,0.0,2.3801937103271484,False
2016-11-15,128366.32271496778,TQQQ,54102.170591600756,0.0,2.3801937103271484,False
2016-11-16,130456.44482302714,TQQQ,54102.170591600756,0.0,2.3801937103271484,False
2016-11-17,133479.084536093,TQQQ,54102.170591600756,0.0,2.3801937103271484,False
2016-11-18,131978.44502062496,TQQQ,54102.170591600756,0.0,2.3801937103271484,False
2016-11-21,135944.42456835124,TQQQ,54102.170591600756,0.0,2.3801937103271484,False
2016-11-22,137166.33040015833,TQQQ,54102.170591600756,0.0,2.3801937103271484,False
2016-11-23,135515.6114543883,TQQQ,54102.170591600756,0.0,2.3801937103271484,False
2016-11-25,136823.33408463106,TQQQ,54102.170591600756,0.0,2.3801937103271484,False
2016-11-28,136062.26949101896,TQQQ,54102.170591600756,0.0,2.3801937103271484,False
2016-11-29,137369.9921212617,TQQQ,54102.170591600756,0.0,2.3801937103271484,False
2016-11-30,132921.75905736012,TQQQ,54102.170591600756,0.0,2.3801937103271484,False
2016-12-01,125622.35219074969,TQQQ,54102.170591600756,0.0,2.4568655490875244,False
2016-12-02,126126.09537868117,TQQQ,54102.170591600756,0.0,2.4568655490875244,False
2016-12-05,129041.5963080695,TQQQ,54102.170591600756,0.0,2.4568655490875244,False
2016-12-06,129974.113913076,TQQQ,54102.170591600756,0.0,2.4568655490875244,False
2016-12-07,134797.50040636328,TQQQ,54102.170591600756,0.0,2.4568655490875244,False
2016-12-08,135622.8663287296,TQQQ,54102.170591600756,0.0,2.4568655490875244,False
2016-12-09,138795.5080783216,TQQQ,54102.170591600756,0.0,2.4568655490875244,False
2016-12-12,136866.1457416291,TQQQ,54102.170591600756,0.0,2.4568655490875244,False
2016-12-13,142214.79089252933,TQQQ,54102.170591600756,0.0,2.4568655490875244,False
2016-12-14,141175.0829079947,TQQQ,54102.170591600756,0.0,2.4568655490875244,False
2016-12-15,142032.55434836893,TQQQ,54102.170591600756,0.0,2.4568655490875244,False
2016-12-16,140306.8537327798,TQQQ,54102.170591600756,0.0,2.4568655490875244,False
2016-12-19,142021.82241145347,TQQQ,54102.170591600756,0.0,2.4568655490875244,False
2016-12-20,143736.8039890898,TQQQ,54102.170591600756,0.0,2.4568655490875244,False
2016-12-21,143233.03500323303,TQQQ,54102.170591600756,0.0,2.4568655490875244,False
2016-12-22,141989.7168934456,TQQQ,54102.170591600756,0.0,2.4568655490875244,False
2016-12-23,142429.14585366024,TQQQ,54102.170591600756,0.0,2.4568655490875244,False
2016-12-27,144508.56182272942,TQQQ,54102.170591600756,0.0,2.4568655490875244,False
2016-12-28,141164.33807211663,TQQQ,54102.170591600756,0.0,2.4568655490875244,False
2016-12-29,140478.35834002474,TQQQ,54102.170591600756,0.0,2.4568655490875244,False
2016-12-30,136373.12159165042,TQQQ,54102.170591600756,0.0,2.4568655490875244,False
2017-01-03,139674.46919045196,TQQQ,54102.170591600756,0.0,2.5206589698791504,False
2017-01-04,142054.03112116246,TQQQ,54102.170591600756,0.0,2.5206589698791504,False
2017-01-05,144572.88894940892,TQQQ,54102.170591600756,0.0,2.5206589698791504,False
2017-01-06,148238.6322427554,TQQQ,54102.170591600756,0.0,2.5206589698791504,False
2017-01-09,149739.27175822345,TQQQ,54102.170591600756,0.0,2.5206589698791504,False
2017-01-10,150596.730299635,TQQQ,54102.170591600756,0.0,2.5206589698791504,False
2017-01-11,151754.36060061314,TQQQ,54102.170591600756,0.0,2.5206589698791504,False
2017-01-12,150982.58986801087,TQQQ,54102.170591600756,0.0,2.5206589698791504,False
2017-01-13,152719.02242051545,TQQQ,54102.170591600756,0.0,2.5206589698791504,False
2017-01-17,151282.73582965217,TQQQ,54102.170591600756,0.0,2.5206589698791504,False
2017-01-18,152311.72477623395,TQQQ,54102.170591600756,0.0,2.5206589698791504,False
2017-01-19,151904.41423298986,TQQQ,54102.170591600756,0.0,2.5206589698791504,False
2017-01-20,152890.55282568568,TQQQ,54102.170591600756,0.0,2.5206589698791504,False
2017-01-23,153233.51044432502,TQQQ,54102.170591600756,0.0,2.5206589698791504,False
2017-01-24,156427.66766359846,TQQQ,54102.170591600756,0.0,2.5206589698791504,False
2017-01-25,160993.81014498096,TQQQ,54102.170591600756,0.0,2.5206589698791504,False
2017-01-26,161658.3775990925,TQQQ,54102.170591600756,0.0,2.5206589698791504,False
2017-01-27,162430.0967358442,TQQQ,54102.170591600756,0.0,2.5206589698791504,False
2017-01-30,158742.92826555474,TQQQ,54102.170591600756,0.0,2.5206589698791504,False
2017-01-31,157863.98005238702,TQQQ,54102.170591600756,0.0,2.5206589698791504,False
2017-02-01,160865.22038643516,TECL,31392.529960900018,0.0,5.12431526184082,False
2017-02-02,160323.29316219274,TECL,31392.529960900018,0.0,5.12431526184082,False
2017-02-03,163289.6348041776,TECL,31392.529960900018,0.0,5.12431526184082,False
2017-02-06,163574.811600273,TECL,31392.529960900018,0.0,5.12431526184082,False
2017-02-07,165571.40843193556,TECL,31392.529960900018,0.0,5.12431526184082,False
2017-02-08,166541.15324225783,TECL,31392.529960900018,0.0,5.12431526184082,False
2017-02-09,168309.51582847047,TECL,31392.529960900018,0.0,5.12431526184082,False
2017-02-10,169336.3229424364,TECL,31392.529960900018,0.0,5.12431526184082,False
2017-02-13,171675.11396646374,TECL,31392.529960900018,0.0,5.12431526184082,False
2017-02-14,173529.08497726667,TECL,31392.529960900018,0.0,5.12431526184082,False
2017-02-15,175325.9787153011,TECL,31392.529960900018,0.0,5.12431526184082,False
2017-02-16,176723.5710499528,TECL,31392.529960900018,0.0,5.12431526184082,False
2017-02-17,177949.9914427982,TECL,31392.529960900018,0.0,5.12431526184082,False
2017-02-21,181058.9589056427,TECL,31392.529960900018,0.0,5.12431526184082,False
2017-02-22,181829.0455297112,TECL,31392.529960900018,0.0,5.12431526184082,False
2017-02-23,181429.77406457797,TECL,31392.529960900018,0.0,5.12431526184082,False
2017-02-24,182798.79034003348,TECL,31392.529960900018,0.0,5.12431526184082,False
2017-02-27,182313.97032680904,TECL,31392.529960900018,0.0,5.12431526184082,False
2017-02-28,180003.63560897968,TECL,31392.529960900018,0.0,5.12431526184082,False
2017-03-01,187419.4148683179,TQQQ,54872.247516269854,0.0,3.4155592918395996,False
2017-03-02,184462.46774952958,TQQQ,54872.247516269854,0.0,3.4155592918395996,False
2017-03-03,185419.09094205083,TQQQ,54872.247516269854,0.0,3.4155592918395996,False
2017-03-06,184136.33252939934,TQQQ,54872.247516269854,0.0,3.4155592918395996,False
2017-03-07,183223.1303644208,TQQQ,54872.247516269854,0.0,3.4155592918395996,False
2017-03-08,184158.07574957891,TQQQ,54872.247516269854,0.0,3.4155592918395996,False
2017-03-09,184723.33406143123,TQQQ,54872.247516269854,0.0,3.4155592918395996,False
2017-03-10,186745.41429044114,TQQQ,54872.247516269854,0.0,3.4155592918395996,False
2017-03-13,187832.5098866031,TQQQ,54872.247516269854,0.0,3.4155592918395996,False
2017-03-14,186441.03537305378,TQQQ,54872.247516269854,0.0,3.4155592918395996,False
2017-03-15,189702.37449179275,TQQQ,54872.247516269854,0.0,3.4155592918395996,False
2017-03-16,189593.61914320508,TQQQ,54872.247516269854,0.0,3.4155592918395996,False
2017-03-17,189137.06384968729,TQQQ,54872.247516269854,0.0,3.4155592918395996,False
2017-03-20,189702.37449179275,TQQQ,54872.247516269854,0.0,3.4155592918395996,False
2017-03-21,181244.57582345986,TQQQ,54872.247516269854,0.0,3.4155592918395996,False
2017-03-22,184810.34618983936,TQQQ,54872.247516269854,0.0,3.4155592918395996,False
2017-03-23,183331.82030019205,TQQQ,54872.247516269854,0.0,3.4155592918395996,False
2017-03-24,184332.02151101545,TQQQ,54872.247516269854,0.0,3.4155592918395996,False
2017-03-27,185310.36175858972,TQQQ,54872.247516269854,0.0,3.4155592918395996,False
2017-03-28,188789.22465706736,TQQQ,54872.247516269854,0.0,3.4155592918395996,False
2017-03-29,191289.5510695215,TQQQ,54872.247516269854,0.0,3.4155592918395996,False
2017-03-30,192246.26583998572,TQQQ,54872.247516269854,0.0,3.4155592918395996,False
2017-03-31,191789.6843813414,TQQQ,54872.247516269854,0.0,3.4155592918395996,False
2017-04-03,191376.55011536632,TECL,31555.90347615876,0.0,6.064682960510254,False
2017-04-04,191605.86681199903,TECL,31555.90347615876,0.0,6.064682960510254,False
2017-04-05,189799.65174438775,TECL,31555.90347615876,0.0,6.064682960510254,False
2017-04-06,189398.25724311647,TECL,31555.90347615876,0.0,6.064682960510254,False
2017-04-07,189226.23962658728,TECL,31555.90347615876,0.0,6.064682960510254,False
2017-04-10,188194.11888038475,TECL,31555.90347615876,0.0,6.064682960510254,False
2017-04-11,186043.79334457836,TECL,31555.90347615876,0.0,6.064682960510254,False
2017-04-12,184094.16505940762,TECL,31555.90347615876,0.0,6.064682960510254,False
2017-04-13,181943.91475873793,TECL,31555.90347615876,0.0,6.064682960510254,False
2017-04-17,186617.20546237883,TECL,31555.90347615876,0.0,6.064682960510254,False
2017-04-18,186416.52325877052,TECL,31555.90347615876,0.0,6.064682960510254,False
2017-04-19,185929.134996262,TECL,31555.90347615876,0.0,6.064682960510254,False
2017-04-20,190745.7636823257,TECL,31555.90347615876,0.0,6.064682960510254,False
2017-04-21,189942.9746797832,TECL,31555.90347615876,0.0,6.064682960510254,False
2017-04-24,196565.89366859483,TECL,31555.90347615876,0.0,6.064682960510254,False
2017-04-25,199748.33995060375,TECL,31555.90347615876,0.0,6.064682960510254,False
2017-04-26,199117.59865864512,TECL,31555.90347615876,0.0,6.064682960510254,False
2017-04-27,201869.95575824904,TECL,31555.90347615876,0.0,6.064682960510254,False
2017-04-28,202873.45705845449,TECL,31555.90347615876,0.0,6.064682960510254,False
2017-05-01,207317.40097140803,TECL,31555.90347615876,0.0,6.429017543792725,False
2017-05-02,208578.89860235262,TECL,31555.90347615876,0.0,6.429017543792725,False
2017-05-03,207288.7213373016,TECL,31555.90347615876,0.0,6.429017543792725,False
2017-05-04,207116.71876779973,TECL,31555.90347615876,0.0,6.429017543792725,False
2017-05-05,209525.04063434523,TECL,31555.90347615876,0.0,6.429017543792725,False
2017-05-08,212105.3650703926,TECL,31555.90347615876,0.0,6.429017543792725,False
2017-05-09,212822.16031169784,TECL,31555.90347615876,0.0,6.429017543792725,False
2017-05-10,215316.5210805626,TECL,31555.90347615876,0.0,6.429017543792725,False
2017-05-11,214599.75593331206,TECL,31555.90347615876,0.0,6.429017543792725,False
2017-05-12,216348.6568737925,TECL,31555.90347615876,0.0,6.429017543792725,False
2017-05-15,219387.72003229664,TECL,31555.90347615876,0.0,6.429017543792725,False
2017-05-16,222627.52558251843,TECL,31555.90347615876,0.0,6.429017543792725,False
2017-05-17,204220.99359171838,TECL,31555.90347615876,0.0,6.429017543792725,False
2017-05-18,208492.90484111535,TECL,31555.90347615876,0.0,6.429017543792725,False
2017-05-19,211675.3210290696,TECL,31555.90347615876,0.0,6.429017543792725,False
2017-05-22,216950.68843759003,TECL,31555.90347615876,0.0,6.429017543792725,False
2017-05-23,217610.16955176444,TECL,31555.90347615876,0.0,6.429017543792725,False
2017-05-24,220047.15600538903,TECL,31555.90347615876,0.0,6.429017543792725,False
2017-05-25,225408.60745731078,TECL,31555.90347615876,0.0,6.429017543792725,False
2017-05-26,225207.85001856578,TECL,31555.90347615876,0.0,6.429017543792725,False
2017-05-30,227730.90546856434,TECL,31555.90347615876,0.0,6.429017543792725,False
2017-05-31,226354.6742541667,TECL,31555.90347615876,0.0,6.429017543792725,False
2017-06-01,227874.21335693242,TECL,31555.90347615876,0.0,7.173132419586182,False
2017-06-02,234153.12720674035,TECL,31555.90347615876,0.0,7.173132419586182,False
2017-06-05,234984.55070230726,TECL,31555.90347615876,0.0,7.173132419586182,False
2017-06-06,233809.06187962726,TECL,31555.90347615876,0.0,7.173132419586182,False
2017-06-07,235557.97786713505,TECL,31555.90347615876,0.0,7.173132419586182,False
2017-06-08,237507.54596419647,TECL,31555.90347615876,0.0,7.173132419586182,False
2017-06-09,219473.77398164326,TECL,31555.90347615876,0.0,7.173132419586182,False
2017-06-12,215545.86787125,TECL,31555.90347615876,0.0,7.173132419586182,False
2017-06-13,220133.16481365362,TECL,31555.90347615876,0.0,7.173132419586182,False
2017-06-14,217151.46092336235,TECL,31555.90347615876,0.0,7.173132419586182,False
2017-06-15,214141.00216382794,TECL,31555.90347615876,0.0,7.173132419586182,False
2017-06-16,212564.16398095872,TECL,31555.90347615876,0.0,7.173132419586182,False
2017-06-19,222283.46025540534,TECL,31555.90347615876,0.0,7.173132419586182,False
2017-06-20,217294.79890578514,TECL,31555.90347615876,0.0,7.173132419586182,False
2017-06-21,220563.25399605866,TECL,31555.90347615876,0.0,7.173132419586182,False
2017-06-22,220849.91491387686,TECL,31555.90347615876,0.0,7.173132419586182,False
2017-06-23,224605.80340774092,TECL,31555.90347615876,0.0,7.173132419586182,False
2017-06-26,221107.94133867067,TECL,31555.90347615876,0.0,7.173132419586182,False
2017-06-27,210413.823398125,TECL,31555.90347615876,0.0,7.173132419586182,False
2017-06-28,218097.5427672456,TECL,31555.90347615876,0.0,7.173132419586182,False
2017-06-29,203719.20682875003,CASH,0.0,203719.20682875003,,False
2017-06-30,203719.20682875003,CASH,0.0,203719.20682875003,,False
2017-07-03,203719.20682875003,TECL,31890.26209671792,0.0,6.388132095336914,False
2017-07-05,209543.06886611003,TECL,31890.26209671792,0.0,6.388132095336914,False
2017-07-06,204066.91778775706,TECL,31890.26209671792,0.0,6.388132095336914,False
2017-07-07,210730.99767384338,TECL,31890.26209671792,0.0,6.388132095336914,False
2017-07-10,215366.8852840842,TECL,31890.26209671792,0.0,6.388132095336914,False
2017-07-11,217279.2195263132,TECL,31890.26209671792,0.0,6.388132095336914,False
2017-07-12,225334.1128355038,TECL,31890.26209671792,0.0,6.388132095336914,False
2017-07-13,226551.0555726426,TECL,31890.26209671792,0.0,6.388132095336914,False
2017-07-14,232258.98354407636,TECL,31890.26209671792,0.0,6.388132095336914,False
2017-07-17,232809.5334990685,TECL,31890.26209671792,0.0,6.388132095336914,False
2017-07-18,235793.81686371873,TECL,31890.26209671792,0.0,6.388132095336914,False
2017-07-19,239096.96452905203,TECL,31890.26209671792,0.0,6.388132095336914,False
2017-07-20,241067.23539132025,TECL,31890.26209671792,0.0,6.388132095336914,False
2017-07-21,239676.5436199116,TECL,31890.26209671792,0.0,6.388132095336914,False
2017-07-24,241878.5001364889,TECL,31890.26209671792,0.0,6.388132095336914,False
2017-07-25,240400.78178332577,TECL,31890.26209671792,0.0,6.388132095336914,False
2017-07-26,242979.5240141634,TECL,31890.26209671792,0.0,6.388132095336914,False
2017-07-27,240082.09996018614,TECL,31890.26209671792,0.0,6.388132095336914,False
2017-07-28,239096.96452905203,TECL,31890.26209671792,0.0,6.388132095336914,False
2017-07-31,236344.38202517282,TECL,31890.26209671792,0.0,6.388132095336914,False
2017-08-01,239241.85169853593,TECL,31890.26209671792,0.0,7.411177158355713,False
2017-08-02,241762.6421028724,TECL,31890.26209671792,0.0,7.411177158355713,False
2017-08-03,239299.80352503713,TECL,31890.26209671792,0.0,7.411177158355713,False
2017-08-04,241270.0287679195,TECL,31890.26209671792,0.0,7.411177158355713,False
2017-08-07,245210.57049245597,TECL,31890.26209671792,0.0,7.411177158355713,False
2017-08-08,244022.62647826067,TECL,31890.26209671792,0.0,7.411177158355713,False
2017-08-09,244254.41857780342,TECL,31890.26209671792,0.0,7.411177158355713,False
2017-08-10,229767.1918626834,TECL,31890.26209671792,0.0,7.411177158355713,False
2017-08-11,234403.06426646226,TECL,31890.26209671792,0.0,7.411177158355713,False
2017-08-14,245239.55400893753,TECL,31890.26209671792,0.0,7.411177158355713,False
2017-08-15,247035.96939170224,TECL,31890.26209671792,0.0,7.411177158355713,False
2017-08-16,248571.63957136654,TECL,31890.26209671792,0.0,7.411177158355713,False
2017-08-17,234113.36595980418,TECL,31890.26209671792,0.0,7.411177158355713,False
2017-08-18,233244.13418167242,TECL,31890.26209671792,0.0,7.411177158355713,False
2017-08-21,233215.15066519086,TECL,31890.26209671792,0.0,7.411177158355713,False
2017-08-22,243182.3325972246,TECL,31890.26209671792,0.0,7.411177158355713,False
2017-08-23,241965.43547947163,TECL,31890.26209671792,0.0,7.411177158355713,False
2017-08-24,240748.50794879478,TECL,31890.26209671792,0.0,7.411177158355713,False
2017-08-25,240371.7982668442,TECL,31890.26209671792,0.0,7.411177158355713,False
2017-08-28,242487.03233090614,TECL,31890.26209671792,0.0,7.411177158355713,False
2017-08-29,245181.5869759744,TECL,31890.26209671792,0.0,7.411177158355713,False
2017-08-30,250020.28316927637,TECL,31890.26209671792,0.0,7.411177158355713,False
2017-08-31,254714.21384479007,TECL,31890.26209671792,0.0,7.411177158355713,False
2017-09-01,254395.41036995483,TECL,31890.26209671792,0.0,7.987209796905518,False
2017-09-05,247441.5865578246,TECL,31890.26209671792,0.0,7.987209796905518,False
2017-09-06,247963.13778987323,TECL,31890.26209671792,0.0,7.987209796905518,False
2017-09-07,250223.19819757124,TECL,31890.26209671792,0.0,7.987209796905518,False
2017-09-08,244109.51620185754,TECL,31890.26209671792,0.0,7.987209796905518,False
2017-09-11,254221.64612922302,TECL,31890.26209671792,0.0,7.987209796905518,False
2017-09-12,256365.74205807087,TECL,31890.26209671792,0.0,7.987209796905518,False
2017-09-13,254945.9755314089,TECL,31890.26209671792,0.0,7.987209796905518,False
2017-09-14,252454.168643554,TECL,31890.26209671792,0.0,7.987209796905518,False
2017-09-15,255409.5597304944,TECL,31890.26209671792,0.0,7.987209796905518,False
2017-09-18,255757.24027657756,TECL,31890.26209671792,0.0,7.987209796905518,False
2017-09-19,259987.55634008185,TECL,31890.26209671792,0.0,7.987209796905518,False
2017-09-20,256539.58233111244,TECL,31890.26209671792,0.0,7.987209796905518,False
2017-09-21,252193.3930275297,TECL,31890.26209671792,0.0,7.987209796905518,False
2017-09-22,252830.86311904262,TECL,31890.26209671792,0.0,7.987209796905518,False
2017-09-25,243761.91168808416,TECL,31890.26209671792,0.0,7.987209796905518,False
2017-09-26,245761.0596216003,TECL,31890.26209671792,0.0,7.987209796905518,False
2017-09-27,253178.61969743553,TECL,31890.26209671792,0.0,7.987209796905518,False
2017-09-28,254598.27977886383,TECL,31890.26209671792,0.0,7.987209796905518,False
2017-09-29,259552.925244554,TECL,31890.26209671792,0.0,7.987209796905518,False
2017-10-02,260451.1405391673,TQQQ,57372.10629758945,0.0,4.539682388305664,False
2017-10-03,262087.91895092992,TQQQ,57372.10629758945,0.0,4.539682388305664,False
2017-10-04,262769.9327534578,TQQQ,57372.10629758945,0.0,4.539682388305664,False
2017-10-05,270339.9303185394,TQQQ,57372.10629758945,0.0,4.539682388305664,False
2017-10-06,271317.56550695235,TQQQ,57372.10629758945,0.0,4.539682388305664,False
2017-10-09,270635.5517044245,TQQQ,57372.10629758945,0.0,4.539682388305664,False
2017-10-10,271203.814468408,TQQQ,57372.10629758945,0.0,4.539682388305664,False
2017-10-11,273568.0195552294,TQQQ,57372.10629758945,0.0,4.539682388305664,False
2017-10-12,272090.4324116942,TQQQ,57372.10629758945,0.0,4.539682388305664,False
2017-10-13,275136.6239438913,TQQQ,57372.10629758945,0.0,4.539682388305664,False
2017-10-16,277978.2113353301,TQQQ,57372.10629758945,0.0,4.539682388305664,False
2017-10-17,278955.79180943884,TQQQ,57372.10629758945,0.0,4.539682388305664,False
2017-10-18,277887.2488045076,TQQQ,57372.10629758945,0.0,4.539682388305664,False
2017-10-19,274818.350836045,TQQQ,57372.10629758945,0.0,4.539682388305664,False
2017-10-20,276818.86994248914,TQQQ,57372.10629758945,0.0,4.539682388305664,False
2017-10-23,271658.4903367599,TQQQ,57372.10629758945,0.0,4.539682388305664,False
2017-10-24,273045.1423066247,TQQQ,57372.10629758945,0.0,4.539682388305664,False
2017-10-25,269726.1726105685,TQQQ,57372.10629758945,0.0,4.539682388305664,False
2017-10-26,267225.4826917852,TQQQ,57372.10629758945,0.0,4.539682388305664,False
2017-10-27,290254.02206639753,TQQQ,57372.10629758945,0.0,4.539682388305664,False
2017-10-30,292322.7151959423,TQQQ,57372.10629758945,0.0,4.539682388305664,False
2017-10-31,295414.4016721268,TQQQ,57372.10629758945,0.0,4.539682388305664,False
2017-11-01,295027.8724697234,TQQQ,57372.10629758945,0.0,5.149094581604004,False
2017-11-02,293527.5515327706,TQQQ,57372.10629758945,0.0,5.149094581604004,False
2017-11-03,301711.47094873583,TQQQ,57372.10629758945,0.0,5.149094581604004,False
2017-11-06,304780.3415600463,TQQQ,57372.10629758945,0.0,5.149094581604004,False
2017-11-07,305280.4850152334,TQQQ,57372.10629758945,0.0,5.149094581604004,False
2017-11-08,309099.680237933,TQQQ,57372.10629758945,0.0,5.149094581604004,False
2017-11-09,304143.82270150573,TQQQ,57372.10629758945,0.0,5.149094581604004,False
2017-11-10,304052.9148849875,TQQQ,57372.10629758945,0.0,5.149094581604004,False
2017-11-13,304962.18455023493,TQQQ,57372.10629758945,0.0,5.149094581604004,False
2017-11-14,301893.2592246202,TQQQ,57372.10629758945,0.0,5.149094581604004,False
2017-11-15,297460.361008254,TQQQ,57372.10629758945,0.0,5.149094581604004,False
2017-11-16,308599.45471128955,TQQQ,57372.10629758945,0.0,5.149094581604004,False
2017-11-17,305144.0548975757,TQQQ,57372.10629758945,0.0,5.149094581604004,False
2017-11-20,304393.9217862514,TQQQ,57372.10629758945,0.0,5.149094581604004,False
2017-11-21,313987.1722511947,TQQQ,57372.10629758945,0.0,5.149094581604004,False
2017-11-22,315237.4761748582,TQQQ,57372.10629758945,0.0,5.149094581604004,False
2017-11-24,318783.8658765467,TQQQ,57372.10629758945,0.0,5.149094581604004,False
2017-11-27,318261.0159850941,TQQQ,57372.10629758945,0.0,5.149094581604004,False
2017-11-28,320602.48727849795,TQQQ,57372.10629758945,0.0,5.149094581604004,False
2017-11-29,304121.08890808816,TQQQ,57372.10629758945,0.0,5.149094581604004,False
2017-11-30,311668.4347512085,TQQQ,57372.10629758945,0.0,5.149094581604004,False
2017-12-01,307508.28734154924,TECL,30849.909047550842,0.0,9.967883110046387,False
2017-12-04,292456.6529165596,TECL,30849.909047550842,0.0,9.967883110046387,False
2017-12-05,292652.91884602606,TECL,30849.909047550842,0.0,9.967883110046387,False
2017-12-06,298174.6376150551,TECL,30849.909047550842,0.0,9.967883110046387,False
2017-12-07,303640.3392457684,TECL,30849.909047550842,0.0,9.967883110046387,False
2017-12-08,308153.01400596654,TECL,30849.909047550842,0.0,9.967883110046387,False
2017-12-11,315664.7828027336,TECL,30849.909047550842,0.0,9.967883110046387,False
2017-12-12,315160.2755087011,TECL,30849.909047550842,0.0,9.967883110046387,False
2017-12-13,315832.9519007444,TECL,30849.909047550842,0.0,9.967883110046387,False
2017-12-14,314459.5317059681,TECL,30849.909047550842,0.0,9.967883110046387,False
2017-12-15,325446.95210571046,TECL,30849.909047550842,0.0,9.967883110046387,False
2017-12-18,333827.69264475314,TECL,30849.909047550842,0.0,9.967883110046387,False
2017-12-19,327548.8304647184,TECL,30849.909047550842,0.0,9.967883110046387,False
2017-12-20,327548.8304647184,TECL,30849.909047550842,0.0,9.967883110046387,False
2017-12-21,325528.8595180376,TECL,30849.909047550842,0.0,9.967883110046387,False
2017-12-22,324546.97087615286,TECL,30849.909047550842,0.0,9.967883110046387,False
2017-12-26,318038.00888584123,TECL,30849.909047550842,0.0,9.967883110046387,False
2017-12-27,319132.22601201665,TECL,30849.909047550842,0.0,9.967883110046387,False
2017-12-28,320282.4602765078,TECL,30849.909047550842,0.0,9.967883110046387,False
2017-12-29,314699.45805206295,TECL,30849.909047550842,0.0,9.967883110046387,False
2018-01-02,326398.5962002273,TQQQ,56482.91056344319,0.0,5.778714179992676,False
2018-01-03,335955.0974814184,TQQQ,56482.91056344319,0.0,5.778714179992676,False
2018-01-04,337924.63798242784,TQQQ,56482.91056344319,0.0,5.778714179992676,False
2018-01-05,348130.1743258166,TQQQ,56482.91056344319,0.0,5.778714179992676,False
2018-01-08,352001.9493845857,TQQQ,56482.91056344319,0.0,5.778714179992676,False
2018-01-09,352270.60756142286,TQQQ,56482.91056344319,0.0,5.778714179992676,False
2018-01-10,349764.0200382448,TQQQ,56482.91056344319,0.0,5.778714179992676,False
2018-01-11,356769.0901005753,TQQQ,56482.91056344319,0.0,5.778714179992676,False
2018-01-12,364333.72329894267,TQQQ,56482.91056344319,0.0,5.778714179992676,False
2018-01-16,361513.74163584714,TQQQ,56482.91056344319,0.0,5.778714179992676,False
2018-01-17,372905.494729355,TQQQ,56482.91056344319,0.0,5.778714179992676,False
2018-01-18,373263.57096605166,TQQQ,56482.91056344319,0.0,5.778714179992676,False
2018-01-19,376844.41413247044,TQQQ,56482.91056344319,0.0,5.778714179992676,False
2018-01-22,388616.651843941,TQQQ,56482.91056344319,0.0,5.778714179992676,False
2018-01-23,398464.0850174825,TQQQ,56482.91056344319,0.0,5.778714179992676,False
2018-01-24,390384.7862450619,TQQQ,56482.91056344319,0.0,5.778714179992676,False
2018-01-25,389892.36745337135,TQQQ,56482.91056344319,0.0,5.778714179992676,False
2018-01-26,407304.4607584308,TQQQ,56482.91056344319,0.0,5.778714179992676,False
2018-01-29,401910.72029466025,TQQQ,56482.91056344319,0.0,5.778714179992676,False
2018-01-30,391638.0396069251,TQQQ,56482.91056344319,0.0,5.778714179992676,False
2018-01-31,396472.24386780936,TQQQ,56482.91056344319,0.0,5.778714179992676,False
2018-02-01,386557.7202162226,TECL,31021.657333815732,0.0,12.460898399353027,False
2018-02-02,351970.0586172045,TECL,31021.657333815732,0.0,12.460898399353027,False
2018-02-05,341080.3051306583,CASH,0.0,341080.3051306583,,False
2018-02-06,341080.3051306583,CASH,0.0,341080.3051306583,,False
2018-02-07,341080.3051306583,CASH,0.0,341080.3051306583,,False
2018-02-08,341080.3051306583,CASH,0.0,341080.3051306583,,False
2018-02-09,341080.3051306583,CASH,0.0,341080.3051306583,,False
2018-02-12,341080.3051306583,CASH,0.0,341080.3051306583,,False
2018-02-13,341080.3051306583,CASH,0.0,341080.3051306583,,False
2018-02-14,341080.3051306583,CASH,0.0,341080.3051306583,,False
2018-02-15,341080.3051306583,CASH,0.0,341080.3051306583,,False
2018-02-16,341080.3051306583,CASH,0.0,341080.3051306583,,False
2018-02-20,341080.3051306583,CASH,0.0,341080.3051306583,,False
2018-02-21,341080.3051306583,CASH,0.0,341080.3051306583,,False
2018-02-22,341080.3051306583,CASH,0.0,341080.3051306583,,False
2018-02-23,341080.3051306583,CASH,0.0,341080.3051306583,,False
2018-02-26,341080.3051306583,CASH,0.0,341080.3051306583,,False
2018-02-27,341080.3051306583,CASH,0.0,341080.3051306583,,False
2018-02-28,341080.3051306583,CASH,0.0,341080.3051306583,,False
2018-03-01,341080.3051306583,TQQQ,54401.805546478274,0.0,6.269650459289551,False
2018-03-02,350457.2307221785,TQQQ,54401.805546478274,0.0,6.269650459289551,False
2018-03-05,361450.81305744546,TQQQ,54401.805546478274,0.0,6.269650459289551,False
2018-03-06,366020.6226232205,TQQQ,54401.805546478274,0.0,6.269650459289551,False
2018-03-07,368758.25925925927,TQQQ,54401.805546478274,0.0,6.269650459289551,False
2018-03-08,374255.0374564916,TQQQ,54401.805546478274,0.0,6.269650459289551,False
2018-03-09,396048.13898458605,TQQQ,54401.805546478274,0.0,6.269650459289551,False
2018-03-12,401976.0533170067,TQQQ,54401.805546478274,0.0,6.269650459289551,False
2018-03-13,387382.6398977313,TQQQ,54401.805546478274,0.0,6.269650459289551,False
2018-03-14,386067.64874460455,TQQQ,54401.805546478274,0.0,6.269650459289551,False
2018-03-15,384343.1820262583,TQQQ,54401.805546478274,0.0,6.269650459289551,False
2018-03-16,381799.608532659,TQQQ,54401.805546478274,0.0,6.269650459289551,False
2018-03-19,357829.373285073,TQQQ,54401.805546478274,0.0,6.269650459289551,False
2018-03-20,360459.251828117,TQQQ,54401.805546478274,0.0,6.269650459289551,False
2018-03-21,355242.63429635006,TQQQ,54401.805546478274,0.0,6.269650459289551,False
2018-03-22,329289.19876770006,TQQQ,54401.805546478274,0.0,6.269650459289551,False
2018-03-23,306972.2746175925,CASH,0.0,306972.2746175925,,False
2018-03-26,306972.2746175925,CASH,0.0,306972.2746175925,,False
2018-03-27,306972.2746175925,CASH,0.0,306972.2746175925,,False
2018-03-28,306972.2746175925,CASH,0.0,306972.2746175925,,False
2018-03-29,306972.2746175925,CASH,0.0,306972.2746175925,,False
2018-04-02,306972.2746175925,TQQQ,59075.77080737321,0.0,5.19624662399292,False
2018-04-03,317271.81268302,TQQQ,59075.77080737321,0.0,5.19624662399292,False
2018-04-04,332276.28076391097,TQQQ,59075.77080737321,0.0,5.19624662399292,False
2018-04-05,337496.2623318808,TQQQ,59075.77080737321,0.0,5.19624662399292,False
2018-04-06,312309.32872178074,TQQQ,59075.77080737321,0.0,5.19624662399292,False
2018-04-09,318559.2162081048,TQQQ,59075.77080737321,0.0,5.19624662399292,False
2018-04-10,339602.9764238355,TQQQ,59075.77080737321,0.0,5.19624662399292,False
2018-04-11,333891.464854789,TQQQ,59075.77080737321,0.0,5.19624662399292,False
2018-04-12,345595.42264247435,TQQQ,59075.77080737321,0.0,5.19624662399292,False
2018-04-13,340469.1329069064,TQQQ,59075.77080737321,0.0,5.19624662399292,False
2018-04-16,347983.07138402143,TQQQ,59075.77080737321,0.0,5.19624662399292,False
2018-04-17,370244.09301338746,TQQQ,59075.77080737321,0.0,5.19624662399292,False
2018-04-18,372818.92823307967,TQQQ,59075.77080737321,0.0,5.19624662399292,False
2018-04-19,362683.25228102616,TQQQ,59075.77080737321,0.0,5.19624662399292,False
2018-04-20,345291.1072890655,TQQQ,59075.77080737321,0.0,5.19624662399292,False
2018-04-23,342575.8188293385,TQQQ,59075.77080737321,0.0,5.19624662399292,False
2018-04-24,320736.15692007693,TQQQ,59075.77080737321,0.0,5.19624662399292,False
2018-04-25,322000.2642499133,TQQQ,59075.77080737321,0.0,5.19624662399292,False
2018-04-26,341967.13178347546,TQQQ,59075.77080737321,0.0,5.19624662399292,False
2018-04-27,342763.11798557424,TQQQ,59075.77080737321,0.0,5.19624662399292,False
2018-04-30,335459.8030294662,TQQQ,59075.77080737321,0.0,5.19624662399292,False
2018-05-01,346367.94363218866,TECL,32535.973031006946,0.0,10.645691871643066,False
2018-05-02,345125.2433225384,TECL,32535.973031006946,0.0,10.645691871643066,False
2018-05-03,347876.9634613827,TECL,32535.973031006946,0.0,10.645691871643066,False
2018-05-04,367701.55516023305,TECL,32535.973031006946,0.0,10.645691871643066,False
2018-05-07,375424.26271000935,TECL,32535.973031006946,0.0,10.645691871643066,False
2018-05-08,376903.74319601274,TECL,32535.973031006946,0.0,10.645691871643066,False
2018-05-09,390810.537065737,TECL,32535.973031006946,0.0,10.645691871643066,False
2018-05-10,406196.68730657734,TECL,32535.973031006946,0.0,10.645691871643066,False
2018-05-11,404510.1211310208,TECL,32535.973031006946,0.0,10.645691871643066,False
2018-05-14,404155.1525531831,TECL,32535.973031006946,0.0,10.645691871643066,False
2018-05-15,392556.24398511864,TECL,32535.973031006946,0.0,10.645691871643066,False
2018-05-16,397941.4648326008,TECL,32535.973031006946,0.0,10.645691871643066,False
2018-05-17,391905.1993434936,TECL,32535.973031006946,0.0,10.645691871643066,False
2018-05-18,386845.56287426763,TECL,32535.973031006946,0.0,10.645691871643066,False
2018-05-21,396580.2968629694,TECL,32535.973031006946,0.0,10.645691871643066,False
2018-05-22,394568.3324814877,TECL,32535.973031006946,0.0,10.645691871643066,False
2018-05-23,403592.9121134612,TECL,32535.973031006946,0.0,10.645691871643066,False
2018-05-24,401965.5487391734,TECL,32535.973031006946,0.0,10.645691871643066,False
2018-05-25,401107.3563505515,TECL,32535.973031006946,0.0,10.645691871643066,False
2018-05-29,393443.85160204384,TECL,32535.973031006946,0.0,10.645691871643066,False
2018-05-30,402113.43162745785,TECL,32535.973031006946,0.0,10.645691871643066,False
2018-05-31,402261.4386306297,TECL,32535.973031006946,0.0,10.645691871643066,False
2018-06-01,423417.4727835897,TECL,32535.973031006946,0.0,12.363590240478516,False
2018-06-04,433093.06602846633,TECL,32535.973031006946,0.0,12.363590240478516,False
2018-06-05,438596.5683635986,TECL,32535.973031006946,0.0,12.363590240478516,False
2018-06-06,446112.12816637807,TECL,32535.973031006946,0.0,12.363590240478516,False
2018-06-07,434039.8764466603,TECL,32535.973031006946,0.0,12.363590240478516,False
2018-06-08,433448.1587211914,TECL,32535.973031006946,0.0,12.363590240478516,False
2018-06-11,437117.18096376077,TECL,32535.973031006946,0.0,12.363590240478516,False
2018-06-12,441525.95896369277,TECL,32535.973031006946,0.0,12.363590240478516,False
2018-06-13,434424.5705400197,TECL,32535.973031006946,0.0,12.363590240478516,False
2018-06-14,442946.20561970555,TECL,32535.973031006946,0.0,12.363590240478516,False
2018-06-15,438744.57536677044,TECL,32535.973031006946,0.0,12.363590240478516,False
2018-06-18,439602.643640505,TECL,32535.973031006946,0.0,12.363590240478516,False
2018-06-19,432312.9419039913,TECL,32535.973031006946,0.0,12.363590240478516,False
2018-06-20,435603.5068262909,TECL,32535.973031006946,0.0,12.363590240478516,False
2018-06-21,425227.78150184,TECL,32535.973031006946,0.0,12.363590240478516,False
2018-06-22,420869.9836918894,TECL,32535.973031006946,0.0,12.363590240478516,False
2018-06-25,394841.6955208889,TECL,32535.973031006946,0.0,12.363590240478516,False
2018-06-26,399258.72716083005,TECL,32535.973031006946,0.0,12.363590240478516,False
2018-06-27,383131.890300972,TECL,32535.973031006946,0.0,12.363590240478516,False
2018-06-28,396590.7535422291,TECL,32535.973031006946,0.0,12.363590240478516,False
2018-06-29,395138.1439293383,TECL,32535.973031006946,0.0,12.363590240478516,False
2018-07-02,406936.7843798801,TECL,32535.973031006946,0.0,12.144654273986816,False
2018-07-03,391995.71012509783,TECL,32535.973031006946,0.0,12.144654273986816,False
2018-07-05,408122.64007112145,TECL,32535.973031006946,0.0,12.144654273986816,False
2018-07-06,422885.8576923228,TECL,32535.973031006946,0.0,12.144654273986816,False
2018-07-09,432431.53367885976,TECL,32535.973031006946,0.0,12.144654273986816,False
2018-07-10,435455.31365078804,TECL,32535.973031006946,0.0,12.144654273986816,False
2018-07-11,428696.23408644233,TECL,32535.973031006946,0.0,12.144654273986816,False
2018-07-12,450099.9394971209,TECL,32535.973031006946,0.0,12.144654273986816,False
2018-07-13,448854.8499758891,TECL,32535.973031006946,0.0,12.144654273986816,False
2018-07-16,445801.4686033264,TECL,32535.973031006946,0.0,12.144654273986816,False
2018-07-17,455109.9610401264,TECL,32535.973031006946,0.0,12.144654273986816,False
2018-07-18,453094.08703969297,TECL,32535.973031006946,0.0,12.144654273986816,False
2018-07-19,448528.8001668053,TECL,32535.973031006946,0.0,12.144654273986816,False
2018-07-20,447846.9440043942,TECL,32535.973031006946,0.0,12.144654273986816,False
2018-07-23,454546.6345951401,TECL,32535.973031006946,0.0,12.144654273986816,False
2018-07-24,462491.5077932834,TECL,32535.973031006946,0.0,12.144654273986816,False
2018-07-25,479063.07932325924,TECL,32535.973031006946,0.0,12.144654273986816,False
2018-07-26,457718.66980001493,TECL,32535.973031006946,0.0,12.144654273986816,False
2018-07-27,433083.75741191464,TECL,32535.973031006946,0.0,12.144654273986816,False
2018-07-30,413547.7017974448,TECL,32535.973031006946,0.0,12.144654273986816,False
2018-07-31,417016.06129588163,TECL,32535.973031006946,0.0,12.144654273986816,False
2018-08-01,427332.58381906385,TECL,32535.973031006946,0.0,12.817076683044434,False
2018-08-02,444141.30787005485,TECL,32535.973031006946,0.0,12.817076683044434,False
2018-08-03,448825.2796039765,TECL,32535.973031006946,0.0,12.817076683044434,False
2018-08-06,456355.0505613582,TECL,32535.973031006946,0.0,12.817076683044434,False
2018-08-07,461009.29677975824,TECL,32535.973031006946,0.0,12.817076683044434,False
2018-08-08,464418.4845056482,TECL,32535.973031006946,0.0,12.817076683044434,False
2018-08-09,464981.7488931908,TECL,32535.973031006946,0.0,12.817076683044434,False
2018-08-10,454042.6971237536,TECL,32535.973031006946,0.0,12.817076683044434,False
2018-08-13,452293.7321885789,TECL,32535.973031006946,0.0,12.817076683044434,False
2018-08-14,460475.6958502937,TECL,32535.973031006946,0.0,12.817076683044434,False
2018-08-15,448321.2180177027,TECL,32535.973031006946,0.0,12.817076683044434,False
2018-08-16,453420.22993494227,TECL,32535.973031006946,0.0,12.817076683044434,False
2018-08-17,455584.204024713,TECL,32535.973031006946,0.0,12.817076683044434,False
2018-08-20,453183.01535648346,TECL,32535.973031006946,0.0,12.817076683044434,False
2018-08-21,455020.9086084486,TECL,32535.973031006946,0.0,12.817076683044434,False
2018-08-22,458993.4848367685,TECL,32535.973031006946,0.0,12.817076683044434,False
2018-08-23,461572.56116730085,TECL,32535.973031006946,0.0,12.817076683044434,False
2018-08-24,475594.62673865684,TECL,32535.973031006946,0.0,12.817076683044434,False
2018-08-27,488816.36848762067,TECL,32535.973031006946,0.0,12.817076683044434,False
2018-08-28,490357.9064173019,TECL,32535.973031006946,0.0,12.817076683044434,False
2018-08-29,504053.82909340865,TECL,32535.973031006946,0.0,12.817076683044434,False
2018-08-30,499784.8975428049,TECL,32535.973031006946,0.0,12.817076683044434,False
2018-08-31,500970.72220532433,TECL,32535.973031006946,0.0,12.817076683044434,False
2018-09-04,495189.978240561,TECL,32535.973031006946,0.0,15.397440910339355,False
2018-09-05,475209.250013417,TECL,32535.973031006946,0.0,15.397440910339355,False
2018-09-06,465574.6457100896,TECL,32535.973031006946,0.0,15.397440910339355,False
2018-09-07,460861.10360425536,TECL,32535.973031006946,0.0,15.397440910339355,False
2018-09-10,464863.15711832227,TECL,32535.973031006946,0.0,15.397440910339355,False
2018-09-11,476721.2175711857,TECL,32535.973031006946,0.0,15.397440910339355,False
2018-09-12,471473.98144972144,TECL,32535.973031006946,0.0,15.397440910339355,False
2018-09-13,486652.2082255189,TECL,32535.973031006946,0.0,15.397440910339355,False
2018-09-14,485970.3830918296,TECL,32535.973031006946,0.0,15.397440910339355,False
2018-09-17,467382.99961886404,TECL,32535.973031006946,0.0,15.397440910339355,False
2018-09-18,475713.2185135254,TECL,32535.973031006946,0.0,15.397440910339355,False
2018-09-19,472926.5600338904,TECL,32535.973031006946,0.0,15.397440910339355,False
2018-09-20,488994.1940924797,TECL,32535.973031006946,0.0,15.397440910339355,False
2018-09-21,484132.39675369894,TECL,32535.973031006946,0.0,15.397440910339355,False
2018-09-24,489290.58044348547,TECL,32535.973031006946,0.0,15.397440910339355,False
2018-09-25,488388.73064323614,TECL,32535.973031006946,0.0,15.397440910339355,False
2018-09-26,481417.35256406834,TECL,32535.973031006946,0.0,15.397440910339355,False
2018-09-27,490346.7050487181,TECL,32535.973031006946,0.0,15.397440910339355,False
2018-09-28,496042.49237308634,TECL,32535.973031006946,0.0,15.397440910339355,False
2018-10-01,503310.56709047826,TECL,32535.973031006946,0.0,15.245970726013184,False
2018-10-02,503103.04699881934,TECL,32535.973031006946,0.0,15.245970726013184,False
2018-10-03,507701.19328813447,TECL,32535.973031006946,0.0,15.245970726013184,False
2018-10-04,481328.3621898342,TECL,32535.973031006946,0.0,15.245970726013184,False
2018-10-05,462253.1761808384,TECL,32535.973031006946,0.0,15.245970726013184,False
2018-10-08,446438.2431357777,CASH,0.0,446438.2431357777,,False
2018-10-09,446438.2431357777,CASH,0.0,446438.2431357777,,False
2018-10-10,446438.2431357777,CASH,0.0,446438.2431357777,,False
2018-10-11,446438.2431357777,CASH,0.0,446438.2431357777,,False
2018-10-12,446438.2431357777,CASH,0.0,446438.2431357777,,False
2018-10-15,446438.2431357777,CASH,0.0,446438.2431357777,,False
2018-10-16,446438.2431357777,CASH,0.0,446438.2431357777,,False
2018-10-17,446438.2431357777,CASH,0.0,446438.2431357777,,False
2018-10-18,446438.2431357777,CASH,0.0,446438.2431357777,,False
2018-10-19,446438.2431357777,CASH,0.0,446438.2431357777,,False
2018-10-22,446438.2431357777,CASH,0.0,446438.2431357777,,False
2018-10-23,446438.2431357777,CASH,0.0,446438.2431357777,,False
2018-10-24,446438.2431357777,CASH,0.0,446438.2431357777,,False
2018-10-25,446438.2431357777,CASH,0.0,446438.2431357777,,False
2018-10-26,446438.2431357777,CASH,0.0,446438.2431357777,,False
2018-10-29,446438.2431357777,CASH,0.0,446438.2431357777,,False
2018-10-30,446438.2431357777,CASH,0.0,446438.2431357777,,False
2018-10-31,446438.2431357777,CASH,0.0,446438.2431357777,,False
2018-11-01,446438.2431357777,SHY,6387.279588852696,0.0,69.89489608610798,False
2018-11-02,445900.33233527635,SHY,6387.279588852696,0.0,69.89489608610798,False
2018-11-05,446061.79404759797,SHY,6387.279588852696,0.0,69.89489608610798,False
2018-11-06,445954.0546036379,SHY,6387.279588852696,0.0,69.89489608610798,False
2018-11-07,445792.88779855345,SHY,6387.279588852696,0.0,69.89489608610798,False
2018-11-08,445738.6248669241,SHY,6387.279588852696,0.0,69.89489608610798,False
2018-11-09,445954.0546036379,SHY,6387.279588852696,0.0,69.89489608610798,False
2018-11-12,446276.97802828095,SHY,6387.279588852696,0.0,69.89489608610798,False
2018-11-13,446330.9952038794,SHY,6387.279588852696,0.0,69.89489608610798,False
2018-11-14,446653.5745700793,SHY,6387.279588852696,0.0,69.89489608610798,False
2018-11-15,446868.9060043807,SHY,6387.279588852696,0.0,69.89489608610798,False
2018-11-16,447191.5836729929,SHY,6387.279588852696,0.0,69.89489608610798,False
2018-11-19,447568.2293659975,SHY,6387.279588852696,0.0,69.89489608610798,False
2018-11-20,447460.73567806836,SHY,6387.279588852696,0.0,69.89489608610798,False
2018-11-21,447460.73567806836,SHY,6387.279588852696,0.0,69.89489608610798,False
2018-11-23,447353.09453652054,SHY,6387.279588852696,0.0,69.89489608610798,False
2018-11-26,447406.8659560883,SHY,6387.279588852696,0.0,69.89489608610798,False
2018-11-27,447460.73567806836,SHY,6387.279588852696,0.0,69.89489608610798,False
2018-11-28,447621.9024831527,SHY,6387.279588852696,0.0,69.89489608610798,False
2018-11-29,447729.69107831904,SHY,6387.279588852696,0.0,69.89489608610798,False
2018-11-30,447891.00533702184,SHY,6387.279588852696,0.0,69.89489608610798,False
2018-12-03,447524.58309490414,GLD,3844.3825188244555,0.0,116.41000366210938,False
2018-12-04,450254.09116363217,GLD,3844.3825188244555,0.0,116.41000366210938,False
2018-12-06,450330.96590867185,GLD,3844.3825188244555,0.0,116.41000366210938,False
2018-12-07,453983.1175694307,GLD,3844.3825188244555,0.0,116.41000366210938,False
2018-12-10,452406.93598847435,GLD,3844.3825188244555,0.0,116.41000366210938,False
2018-12-11,451868.7247822638,GLD,3844.3825188244555,0.0,116.41000366210938,False
2018-12-12,452829.8204119699,GLD,3844.3825188244555,0.0,116.41000366210938,False
2018-12-13,451830.2727445885,GLD,3844.3825188244555,0.0,116.41000366210938,False
2018-12-14,450023.40826789127,GLD,3844.3825188244555,0.0,116.41000366210938,False
2018-12-17,453137.3780527505,GLD,3844.3825188244555,0.0,116.41000366210938,False
2018-12-18,454213.80046517163,GLD,3844.3825188244555,0.0,116.41000366210938,False
2018-12-19,451445.84035876824,GLD,3844.3825188244555,0.0,116.41000366210938,False
2018-12-20,458404.163332141,GLD,3844.3825188244555,0.0,116.41000366210938,False
2018-12-21,456405.0973276891,GLD,3844.3825188244555,0.0,116.41000366210938,False
2018-12-24,461402.7770039743,GLD,3844.3825188244555,0.0,116.41000366210938,False
2018-12-26,460018.82628108363,GLD,3844.3825188244555,0.0,116.41000366210938,False
2018-12-27,463517.19912145217,GLD,3844.3825188244555,0.0,116.41000366210938,False
2018-12-28,465400.9383431891,GLD,3844.3825188244555,0.0,116.41000366210938,False
2018-12-31,466131.3804074652,GLD,3844.3825188244555,0.0,116.41000366210938,False
2019-01-02,466438.9380482458,GLD,3844.3825188244555,0.0,121.25,False
2019-01-03,470667.7529528905,GLD,3844.3825188244555,0.0,121.25,False
2019-01-04,466861.82247174135,GLD,3844.3825188244555,0.0,121.25,False
2019-01-07,468476.45609037305,GLD,3844.3825188244555,0.0,121.25,False
2019-01-08,467207.8028198863,GLD,3844.3825188244555,0.0,121.25,False
2019-01-09,470206.41649171966,GLD,3844.3825188244555,0.0,121.25,False
2019-01-10,467438.45638531627,GLD,3844.3825188244555,0.0,121.25,False
2019-01-11,468245.8025249431,GLD,3844.3825188244555,0.0,121.25,False
2019-01-14,469360.6476447285,GLD,3844.3825188244555,0.0,121.25,False
2019-01-15,468553.33083541266,GLD,3844.3825188244555,0.0,121.25,False
2019-01-16,470052.6376713294,GLD,3844.3825188244555,0.0,121.25,False
2019-01-17,469437.55172007915,GLD,3844.3825188244555,0.0,121.25,False
2019-01-18,465247.1595227988,GLD,3844.3825188244555,0.0,121.25,False
2019-01-22,466900.2451791057,GLD,3844.3825188244555,0.0,121.25,False
2019-01-23,466246.7071901802,GLD,3844.3825188244555,0.0,121.25,False
2019-01-24,465516.26512590406,GLD,3844.3825188244555,0.0,121.25,False
2019-01-25,472320.83860919747,GLD,3844.3825188244555,0.0,121.25,False
2019-01-28,473973.9242655044,GLD,3844.3825188244555,0.0,121.25,False
2019-01-29,476626.5575891928,GLD,3844.3825188244555,0.0,121.25,False
2019-01-30,479356.06565792084,GLD,3844.3825188244555,0.0,121.25,False
2019-01-31,479586.7192233508,GLD,3844.3825188244555,0.0,121.25,False
2019-02-01,478625.6235936447,GLD,3844.3825188244555,0.0,124.75,False
2019-02-04,476549.6535138422,GLD,3844.3825188244555,0.0,124.75,False
2019-02-05,477779.8547466536,GLD,3844.3825188244555,0.0,124.75,False
2019-02-06,474550.5875093903,GLD,3844.3825188244555,0.0,124.75,False
2019-02-07,475703.884666851,GLD,3844.3825188244555,0.0,124.75,False
2019-02-08,477510.7491435483,GLD,3844.3825188244555,0.0,124.75,False
2019-02-11,475165.6734606405,GLD,3844.3825188244555,0.0,124.75,False
2019-02-12,476165.22112802195,GLD,3844.3825188244555,0.0,124.75,False
2019-02-13,474281.48190628504,GLD,3844.3825188244555,0.0,124.75,False
2019-02-14,476934.08589966246,GLD,3844.3825188244555,0.0,124.75,False
2019-02-15,479778.9500814164,GLD,3844.3825188244555,0.0,124.75,False
2019-02-19,487083.2534029341,GLD,3844.3825188244555,0.0,124.75,False
2019-02-20,486237.51388625393,GLD,3844.3825188244555,0.0,124.75,False
2019-02-21,480740.04571112257,GLD,3844.3825188244555,0.0,124.75,False
2019-02-22,482470.0061124692,GLD,3844.3825188244555,0.0,124.75,False
2019-02-25,481970.24694393395,GLD,3844.3825188244555,0.0,124.75,False
2019-02-26,482777.56375324976,GLD,3844.3825188244555,0.0,124.75,False
2019-02-27,479356.06565792084,GLD,3844.3825188244555,0.0,124.75,False
2019-02-28,476664.9802965572,GLD,3844.3825188244555,0.0,124.75,False
2019-03-01,468553.33083541266,GLD,3844.3825188244555,0.0,123.98999786376953,False
2019-03-04,467323.1296026013,GLD,3844.3825188244555,0.0,123.98999786376953,False
2019-03-05,467938.2448841625,GLD,3844.3825188244555,0.0,123.98999786376953,False
2019-03-06,467515.3604606669,GLD,3844.3825188244555,0.0,123.98999786376953,False
2019-03-07,467130.9280748466,GLD,3844.3825188244555,0.0,123.98999786376953,False
2019-03-08,472243.93453384686,GLD,3844.3825188244555,0.0,123.98999786376953,False
2019-03-11,469937.3108886144,GLD,3844.3825188244555,0.0,123.98999786376953,False
2019-03-12,472782.17507036834,GLD,3844.3825188244555,0.0,123.98999786376953,False
2019-03-13,476088.3170526713,GLD,3844.3825188244555,0.0,123.98999786376953,False
2019-03-14,470590.87820785085,GLD,3844.3825188244555,0.0,123.98999786376953,False
2019-03-15,472743.72303269303,GLD,3844.3825188244555,0.0,123.98999786376953,False
2019-03-18,473012.8286357983,GLD,3844.3825188244555,0.0,123.98999786376953,False
2019-03-19,474319.90461364936,GLD,3844.3825188244555,0.0,123.98999786376953,False
2019-03-20,477395.4223608333,GLD,3844.3825188244555,0.0,123.98999786376953,False
2019-03-21,475473.2311014211,GLD,3844.3825188244555,0.0,123.98999786376953,False
2019-03-22,476588.1055515175,GLD,3844.3825188244555,0.0,123.98999786376953,False
2019-03-25,480240.25721227634,GLD,3844.3825188244555,0.0,123.98999786376953,False
2019-03-26,477856.7588220042,GLD,3844.3825188244555,0.0,123.98999786376953,False
2019-03-27,475357.90431870613,GLD,3844.3825188244555,0.0,123.98999786376953,False
2019-03-28,468630.23491076333,GLD,3844.3825188244555,0.0,123.98999786376953,False
2019-03-29,469053.1193342589,GLD,3844.3825188244555,0.0,123.98999786376953,False
2019-04-01,467207.8028198863,GLD,3844.3825188244555,0.0,122.01000213623047,False
2019-04-02,468937.7925515439,GLD,3844.3825188244555,0.0,122.01000213623047,False
2019-04-03,468245.8025249431,GLD,3844.3825188244555,0.0,122.01000213623047,False
2019-04-04,469437.55172007915,GLD,3844.3825188244555,0.0,122.01000213623047,False
2019-04-05,468937.7925515439,GLD,3844.3825188244555,0.0,122.01000213623047,False
2019-04-08,470975.3105936711,GLD,3844.3825188244555,0.0,122.01000213623047,False
2019-04-09,473435.71305929386,GLD,3844.3825188244555,0.0,122.01000213623047,False
2019-04-10,474896.5678575352,GLD,3844.3825188244555,0.0,122.01000213623047,False
2019-04-11,468822.43643851794,GLD,3844.3825188244555,0.0,122.01000213623047,False
2019-04-12,468361.12930765806,GLD,3844.3825188244555,0.0,122.01000213623047,False
2019-04-15,467476.9084229916,GLD,3844.3825188244555,0.0,122.01000213623047,False
2019-04-16,463286.5455560222,GLD,3844.3825188244555,0.0,122.01000213623047,False
2019-04-17,462402.3246713558,GLD,3844.3825188244555,0.0,122.01000213623047,False
2019-04-18,462748.33434981166,GLD,3844.3825188244555,0.0,122.01000213623047,False
2019-04-22,462748.33434981166,GLD,3844.3825188244555,0.0,122.01000213623047,False
2019-04-23,461787.23872010555,GLD,3844.3825188244555,0.0,122.01000213623047,False
2019-04-24,463132.7667356319,GLD,3844.3825188244555,0.0,122.01000213623047,False
2019-04-25,463517.19912145217,GLD,3844.3825188244555,0.0,122.01000213623047,False
2019-04-26,466592.7168686361,GLD,3844.3825188244555,0.0,122.01000213623047,False
2019-04-29,464516.7467888336,GLD,3844.3825188244555,0.0,122.01000213623047,False
2019-04-30,465939.1495493996,GLD,3844.3825188244555,0.0,122.01000213623047,False
2019-05-01,462863.66113252664,TQQQ,59500.996735024615,0.0,7.779090881347656,False
2019-05-02,457195.70114738843,TQQQ,59500.996735024615,0.0,7.779090881347656,False
2019-05-03,478734.0398822295,TQQQ,59500.996735024615,0.0,7.779090881347656,False
2019-05-06,470161.211747468,TQQQ,59500.996735024615,0.0,7.779090881347656,False
2019-05-07,442813.13671338034,TQQQ,59500.996735024615,0.0,7.779090881347656,False
2019-05-08,438916.43018300884,TQQQ,59500.996735024615,0.0,7.779090881347656,False
2019-05-09,416577.295019274,CASH,0.0,416577.295019274,,False
2019-05-10,416577.295019274,CASH,0.0,416577.295019274,,False
2019-05-13,416577.295019274,CASH,0.0,416577.295019274,,False
2019-05-14,416577.295019274,CASH,0.0,416577.295019274,,False
2019-05-15,416577.295019274,CASH,0.0,416577.295019274,,False
2019-05-16,416577.295019274,CASH,0.0,416577.295019274,,False
2019-05-17,416577.295019274,CASH,0.0,416577.295019274,,False
2019-05-20,416577.295019274,CASH,0.0,416577.295019274,,False
2019-05-21,416577.295019274,CASH,0.0,416577.295019274,,False
2019-05-22,416577.295019274,CASH,0.0,416577.295019274,,False
2019-05-23,416577.295019274,CASH,0.0,416577.295019274,,False
2019-05-24,416577.295019274,CASH,0.0,416577.295019274,,False
2019-05-28,416577.295019274,CASH,0.0,416577.295019274,,False
2019-05-29,416577.295019274,CASH,0.0,416577.295019274,,False
2019-05-30,416577.295019274,CASH,0.0,416577.295019274,,False
2019-05-31,416577.295019274,CASH,0.0,416577.295019274,,False
2019-06-03,416577.295019274,TQQQ,74419.90504794604,0.0,5.597659587860107,False
2019-06-04,450339.4816518627,TQQQ,74419.90504794604,0.0,5.597659587860107,False
2019-06-05,460264.2553658374,TQQQ,74419.90504794604,0.0,5.597659587860107,False
2019-06-06,470898.00739085156,TQQQ,74419.90504794604,0.0,5.597659587860107,False
2019-06-07,497748.2676273427,TQQQ,74419.90504794604,0.0,5.597659587860107,False
2019-06-10,515914.2798917539,TQQQ,74419.90504794604,0.0,5.597659587860107,False
2019-06-11,517863.7839446881,TQQQ,74419.90504794604,0.0,5.597659587860107,False
2019-06-12,509090.9624772203,TQQQ,74419.90504794604,0.0,5.597659587860107,False
2019-06-13,517420.73903686856,TQQQ,74419.90504794604,0.0,5.597659587860107,False
2019-06-14,510685.9951177227,TQQQ,74419.90504794604,0.0,5.597659587860107,False
2019-06-17,519990.6124192782,TQQQ,74419.90504794604,0.0,5.597659587860107,False
2019-06-18,542498.7131835533,TQQQ,74419.90504794604,0.0,5.597659587860107,False
2019-06-19,548878.9147179154,TQQQ,74419.90504794604,0.0,5.597659587860107,False
2019-06-20,563943.4351967095,TQQQ,74419.90504794604,0.0,5.597659587860107,False
2019-06-21,561373.5973004758,TQQQ,74419.90504794604,0.0,5.597659587860107,False
2019-06-24,561196.3438511719,TQQQ,74419.90504794604,0.0,5.597659587860107,False
2019-06-25,532485.2595156626,TQQQ,74419.90504794604,0.0,5.597659587860107,False
2019-06-26,539219.8969762803,TQQQ,74419.90504794604,0.0,5.597659587860107,False
2019-06-27,545068.5155936109,TQQQ,74419.90504794604,0.0,5.597659587860107,False
2019-06-28,547372.4910589767,TQQQ,74419.90504794604,0.0,5.597659587860107,False
2019-07-01,569171.6489983886,TQQQ,74419.90504794604,0.0,7.355189323425293,False
2019-07-02,576083.6108806622,TQQQ,74419.90504794604,0.0,7.355189323425293,False
2019-07-03,588844.0849217384,TQQQ,74419.90504794604,0.0,7.355189323425293,False
2019-07-05,585033.6503112578,TQQQ,74419.90504794604,0.0,7.355189323425293,False
2019-07-08,572716.2566641773,TQQQ,74419.90504794604,0.0,7.355189323425293,False
2019-07-09,581311.8601685173,TQQQ,74419.90504794604,0.0,7.355189323425293,False
2019-07-10,598503.1736357255,TQQQ,74419.90504794604,0.0,7.355189323425293,False
2019-07-11,596907.9280781668,TQQQ,74419.90504794604,0.0,7.355189323425293,False
2019-07-12,606921.4882045856,TQQQ,74419.90504794604,0.0,7.355189323425293,False
2019-07-15,612061.0930247008,TQQQ,74419.90504794604,0.0,7.355189323425293,False
2019-07-16,603376.7740802687,TQQQ,74419.90504794604,0.0,7.355189323425293,False
2019-07-17,594426.9120805532,TQQQ,74419.90504794604,0.0,7.355189323425293,False
2019-07-18,596996.7144906109,TQQQ,74419.90504794604,0.0,7.355189323425293,False
2019-07-19,582552.4568827641,TQQQ,74419.90504794604,0.0,7.355189323425293,False
2019-07-22,596287.7006933955,TQQQ,74419.90504794604,0.0,7.355189323425293,False
2019-07-23,607807.5780202247,TQQQ,74419.90504794604,0.0,7.355189323425293,False
2019-07-24,620745.2700244287,TQQQ,74419.90504794604,0.0,7.355189323425293,False
2019-07-25,603022.4800987173,TQQQ,74419.90504794604,0.0,7.355189323425293,False
2019-07-26,620922.7718769648,TQQQ,74419.90504794604,0.0,7.355189323425293,False
2019-07-29,615162.5848103178,TQQQ,74419.90504794604,0.0,7.355189323425293,False
2019-07-30,606921.4882045856,TQQQ,74419.90504794604,0.0,7.355189323425293,False
2019-07-31,581311.8601685173,TQQQ,74419.90504794604,0.0,7.355189323425293,False
2019-08-01,573159.3015719969,TQQQ,74419.90504794604,0.0,7.811241626739502,False
2019-08-02,546929.3751788052,TQQQ,74419.90504794604,0.0,7.811241626739502,False
2019-08-05,513433.016705975,CASH,0.0,513433.016705975,,False
2019-08-06,513433.016705975,CASH,0.0,513433.016705975,,False
2019-08-07,513433.016705975,CASH,0.0,513433.016705975,,False
2019-08-08,513433.016705975,CASH,0.0,513433.016705975,,False
2019-08-09,513433.016705975,CASH,0.0,513433.016705975,,False
2019-08-12,513433.016705975,CASH,0.0,513433.016705975,,False
2019-08-13,513433.016705975,CASH,0.0,513433.016705975,,False
2019-08-14,513433.016705975,CASH,0.0,513433.016705975,,False
2019-08-15,513433.016705975,CASH,0.0,513433.016705975,,False
2019-08-16,513433.016705975,CASH,0.0,513433.016705975,,False
2019-08-19,513433.016705975,CASH,0.0,513433.016705975,,False
2019-08-20,513433.016705975,CASH,0.0,513433.016705975,,False
2019-08-21,513433.016705975,CASH,0.0,513433.016705975,,False
2019-08-22,513433.016705975,CASH,0.0,513433.016705975,,False
2019-08-23,513433.016705975,CASH,0.0,513433.016705975,,False
2019-08-26,513433.016705975,CASH,0.0,513433.016705975,,False
2019-08-27,513433.016705975,CASH,0.0,513433.016705975,,False
2019-08-28,513433.016705975,CASH,0.0,513433.016705975,,False
2019-08-29,513433.016705975,CASH,0.0,513433.016705975,,False
2019-08-30,513433.016705975,CASH,0.0,513433.016705975,,False
2019-09-03,513433.016705975,TQQQ,73418.85681268966,0.0,6.993203639984131,False
2019-09-04,535026.4686265163,TQQQ,73418.85681268966,0.0,6.993203639984131,False
2019-09-05,564575.2941219147,TQQQ,73418.85681268966,0.0,6.993203639984131,False
2019-09-06,563001.681815857,TQQQ,73418.85681268966,0.0,6.993203639984131,False
2019-09-09,559417.4068571526,TQQQ,73418.85681268966,0.0,6.993203639984131,False
2019-09-10,554783.987010065,TQQQ,73418.85681268966,0.0,6.993203639984131,False
2019-09-11,569733.2514043549,TQQQ,73418.85681268966,0.0,6.993203639984131,False
2019-09-12,576814.4542683561,TQQQ,73418.85681268966,0.0,6.993203639984131,False
2019-09-13,570694.8741951354,TQQQ,73418.85681268966,0.0,6.993203639984131,False
2019-09-16,562826.8126648468,TQQQ,73418.85681268966,0.0,6.993203639984131,False
2019-09-17,570257.8588573856,TQQQ,73418.85681268966,0.0,6.993203639984131,False
2019-09-18,569908.085546526,TQQQ,73418.85681268966,0.0,6.993203639984131,False
2019-09-19,572443.3906610424,TQQQ,73418.85681268966,0.0,6.993203639984131,False
2019-09-20,554434.2837168836,TQQQ,73418.85681268966,0.0,6.993203639984131,False
2019-09-23,554958.7861433971,TQQQ,73418.85681268966,0.0,6.993203639984131,False
2019-09-24,533015.7359561916,TQQQ,73418.85681268966,0.0,6.993203639984131,False
2019-09-25,550063.1150830528,TQQQ,73418.85681268966,0.0,6.993203639984131,False
2019-09-26,544555.4895162702,TQQQ,73418.85681268966,0.0,6.993203639984131,False
2019-09-27,524797.9711327215,TQQQ,73418.85681268966,0.0,6.993203639984131,False
2019-09-30,538785.5427185528,TQQQ,73418.85681268966,0.0,6.993203639984131,False
2019-10-01,525759.6639411801,TQQQ,73418.85681268966,0.0,7.338517189025879,False
2019-10-02,498833.4556048665,TQQQ,73418.85681268966,0.0,7.338517189025879,False
2019-10-03,484906.98844669753,CASH,0.0,484906.98844669753,,False
2019-10-04,484906.98844669753,CASH,0.0,484906.98844669753,,False
2019-10-07,484906.98844669753,CASH,0.0,484906.98844669753,,False
2019-10-08,484906.98844669753,CASH,0.0,484906.98844669753,,False
2019-10-09,484906.98844669753,CASH,0.0,484906.98844669753,,False
2019-10-10,484906.98844669753,CASH,0.0,484906.98844669753,,False
2019-10-11,484906.98844669753,CASH,0.0,484906.98844669753,,False
2019-10-14,484906.98844669753,CASH,0.0,484906.98844669753,,False
2019-10-15,484906.98844669753,CASH,0.0,484906.98844669753,,False
2019-10-16,484906.98844669753,CASH,0.0,484906.98844669753,,False
2019-10-17,484906.98844669753,CASH,0.0,484906.98844669753,,False
2019-10-18,484906.98844669753,CASH,0.0,484906.98844669753,,False
2019-10-21,484906.98844669753,CASH,0.0,484906.98844669753,,False
2019-10-22,484906.98844669753,CASH,0.0,484906.98844669753,,False
2019-10-23,484906.98844669753,CASH,0.0,484906.98844669753,,False
2019-10-24,484906.98844669753,CASH,0.0,484906.98844669753,,False
2019-10-25,484906.98844669753,CASH,0.0,484906.98844669753,,False
2019-10-28,484906.98844669753,CASH,0.0,484906.98844669753,,False
2019-10-29,484906.98844669753,CASH,0.0,484906.98844669753,,False
2019-10-30,484906.98844669753,CASH,0.0,484906.98844669753,,False
2019-10-31,484906.98844669753,CASH,0.0,484906.98844669753,,False
2019-11-01,484906.98844669753,TQQQ,57219.651087815895,0.0,8.474483489990234,False
2019-11-04,493559.87162702286,TQQQ,57219.651087815895,0.0,8.474483489990234,False
2019-11-05,494173.1716249019,TQQQ,57219.651087815895,0.0,8.474483489990234,False
2019-11-06,491038.9516161664,TQQQ,57219.651087815895,0.0,8.474483489990234,False
2019-11-07,496012.74420506903,TQQQ,57219.651087815895,0.0,8.474483489990234,False
2019-11-08,501872.29936765006,TQQQ,57219.651087815895,0.0,8.474483489990234,False
2019-11-11,499760.0459360369,TQQQ,57219.651087815895,0.0,8.474483489990234,False
2019-11-12,503848.07595126115,TQQQ,57219.651087815895,0.0,8.474483489990234,False
2019-11-13,503098.62651884987,TQQQ,57219.651087815895,0.0,8.474483489990234,False
2019-11-14,502962.3679464943,TQQQ,57219.651087815895,0.0,8.474483489990234,False
2019-11-15,512433.0208365994,TQQQ,57219.651087815895,0.0,8.474483489990234,False
2019-11-18,515090.14485089976,TQQQ,57219.651087815895,0.0,8.474483489990234,False
2019-11-19,517202.3982825129,TQQQ,57219.651087815895,0.0,8.474483489990234,False
2019-11-20,508140.5756783861,TQQQ,57219.651087815895,0.0,8.474483489990234,False
2019-11-21,504188.8042355174,TQQQ,57219.651087815895,0.0,8.474483489990234,False
2019-11-22,505551.49909689603,TQQQ,57219.651087815895,0.0,8.474483489990234,False
2019-11-25,523061.84430727066,TQQQ,57219.651087815895,0.0,8.474483489990234,False
2019-11-26,526195.9551781828,TQQQ,57219.651087815895,0.0,8.474483489990234,False
2019-11-27,536824.8332177658,TQQQ,57219.651087815895,0.0,8.474483489990234,False
2019-11-29,529670.6306266164,TQQQ,57219.651087815895,0.0,8.474483489990234,False
2019-12-02,512637.217703942,TECL,27230.173072584774,0.0,18.826072692871094,False
2019-12-03,499281.19508535526,TECL,27230.173072584774,0.0,18.826072692871094,False
2019-12-04,504488.9615304924,TECL,27230.173072584774,0.0,18.826072692871094,False
2019-12-05,509647.0238518837,TECL,27230.173072584774,0.0,18.826072692871094,False
2019-12-06,526690.8119902721,TECL,27230.173072584774,0.0,18.826072692871094,False
2019-12-09,518542.65969168936,TECL,27230.173072584774,0.0,18.826072692871094,False
2019-12-10,519041.10323984915,TECL,27230.173072584774,0.0,18.826072692871094,False
2019-12-11,529631.093968851,TECL,27230.173072584774,0.0,18.826072692871094,False
2019-12-12,546774.809729065,TECL,27230.173072584774,0.0,18.826072692871094,False
2019-12-13,557788.5579770246,TECL,27230.173072584774,0.0,18.826072692871094,False
2019-12-16,572216.0498462663,TECL,27230.173072584774,0.0,18.826072692871094,False
2019-12-17,568328.7926448473,TECL,27230.173072584774,0.0,18.826072692871094,False
2019-12-18,568478.3205155518,TECL,27230.173072584774,0.0,18.826072692871094,False
2019-12-19,579566.806730147,TECL,27230.173072584774,0.0,18.826072692871094,False
2019-12-20,588711.6383753158,TECL,27230.173072584774,0.0,18.826072692871094,False
2019-12-23,595245.7829941431,TECL,27230.173072584774,0.0,18.826072692871094,False
2019-12-24,595794.1384157822,TECL,27230.173072584774,0.0,18.826072692871094,False
2019-12-26,608358.8422993724,TECL,27230.173072584774,0.0,18.826072692871094,False
2019-12-27,609106.6374651956,TECL,27230.173072584774,0.0,18.826072692871094,False
2019-12-30,598262.2052500589,TECL,27230.173072584774,0.0,18.826072692871094,False
2019-12-31,602674.7576526959,TECL,27230.173072584774,0.0,18.826072692871094,False
2020-01-02,636279.8871107945,TECL,27230.173072584774,0.0,22.13260841369629,False
2020-01-03,616086.9765742011,TECL,27230.173072584774,0.0,22.13260841369629,False
2020-01-06,620399.7052298794,TECL,27230.173072584774,0.0,22.13260841369629,False
2020-01-07,618205.9719187225,TECL,27230.173072584774,0.0,22.13260841369629,False
2020-01-08,638623.3041049561,TECL,27230.173072584774,0.0,22.13260841369629,False
2020-01-09,660237.4305685938,TECL,27230.173072584774,0.0,22.13260841369629,False
2020-01-10,655650.3164523625,TECL,27230.173072584774,0.0,22.13260841369629,False
2020-01-13,682225.4026777097,TECL,27230.173072584774,0.0,22.13260841369629,False
2020-01-14,669361.5911152769,TECL,27230.173072584774,0.0,22.13260841369629,False
2020-01-15,672203.6074698985,TECL,27230.173072584774,0.0,22.13260841369629,False
2020-01-16,699626.2606705942,TECL,27230.173072584774,0.0,22.13260841369629,False
2020-01-17,713586.9908260388,TECL,27230.173072584774,0.0,22.13260841369629,False
2020-01-21,712564.6543873623,TECL,27230.173072584774,0.0,22.13260841369629,False
2020-01-22,720268.0145064682,TECL,27230.173072584774,0.0,22.13260841369629,False
2020-01-23,730314.6358074356,TECL,27230.173072584774,0.0,22.13260841369629,False
2020-01-24,718772.3202999552,TECL,27230.173072584774,0.0,22.13260841369629,False
2020-01-27,668065.2847155145,TECL,27230.173072584774,0.0,22.13260841369629,False
2020-01-28,705235.3996009015,TECL,27230.173072584774,0.0,22.13260841369629,False
2020-01-29,709822.4617796995,TECL,27230.173072584774,0.0,22.13260841369629,False
2020-01-30,729566.7367667457,TECL,27230.173072584774,0.0,22.13260841369629,False
2020-01-31,669212.0632445724,TECL,27230.173072584774,0.0,22.13260841369629,False
2020-02-03,694964.512462594,TQQQ,59570.23556186773,0.0,11.666304588317871,False
2020-02-04,742435.6801380308,TQQQ,59570.23556186773,0.0,11.666304588317871,False
2020-02-05,751021.4098612264,TQQQ,59570.23556186773,0.0,11.666304588317871,False
2020-02-06,769328.7973281516,TQQQ,59570.23556186773,0.0,11.666304588317871,False
2020-02-07,759394.611116064,TQQQ,59570.23556186773,0.0,11.666304588317871,False
2020-02-10,786784.4234141381,TQQQ,59570.23556186773,0.0,11.666304588317871,False
2020-02-11,787352.1317766887,TQQQ,59570.23556186773,0.0,11.666304588317871,False
2020-02-12,810413.4873699611,TQQQ,59570.23556186773,0.0,11.666304588317871,False
2020-02-13,807291.2902130462,TQQQ,59570.23556186773,0.0,11.666304588317871,False
2020-02-14,812755.1636429491,TQQQ,59570.23556186773,0.0,11.666304588317871,False
2020-02-18,814174.3493334198,TQQQ,59570.23556186773,0.0,11.666304588317871,False
2020-02-19,837732.4568452493,TQQQ,59570.23556186773,0.0,11.666304588317871,False
2020-02-20,813890.58036805,TQQQ,59570.23556186773,0.0,11.666304588317871,False
2020-02-21,767341.960085734,TQQQ,59570.23556186773,0.0,11.666304588317871,False
2020-02-24,678928.0152564744,TQQQ,59570.23556186773,0.0,11.666304588317871,False
2020-02-25,625468.0612163346,CASH,0.0,625468.0612163346,,False
2020-02-26,625468.0612163346,CASH,0.0,625468.0612163346,,False
2020-02-27,625468.0612163346,CASH,0.0,625468.0612163346,,False
2020-02-28,625468.0612163346,CASH,0.0,625468.0612163346,,False
2020-03-02,625468.0612163346,TECL,28086.909608524125,0.0,22.269023895263672,False
2020-03-03,562921.2550947012,CASH,0.0,562921.2550947012,,False
2020-03-04,562921.2550947012,CASH,0.0,562921.2550947012,,False
2020-03-05,562921.2550947012,CASH,0.0,562921.2550947012,,False
2020-03-06,562921.2550947012,CASH,0.0,562921.2550947012,,False
2020-03-09,562921.2550947012,CASH,0.0,562921.2550947012,,False
2020-03-10,562921.2550947012,CASH,0.0,562921.2550947012,,False
2020-03-11,562921.2550947012,CASH,0.0,562921.2550947012,,False
2020-03-12,562921.2550947012,CASH,0.0,562921.2550947012,,False
2020-03-13,562921.2550947012,CASH,0.0,562921.2550947012,,False
2020-03-16,562921.2550947012,CASH,0.0,562921.2550947012,,False
2020-03-17,562921.2550947012,CASH,0.0,562921.2550947012,,False
2020-03-18,562921.2550947012,CASH,0.0,562921.2550947012,,False
2020-03-19,562921.2550947012,CASH,0.0,562921.2550947012,,False
2020-03-20,562921.2550947012,CASH,0.0,562921.2550947012,,False
2020-03-23,562921.2550947012,CASH,0.0,562921.2550947012,,False
2020-03-24,562921.2550947012,CASH,0.0,562921.2550947012,,False
2020-03-25,562921.2550947012,CASH,0.0,562921.2550947012,,False
2020-03-26,562921.2550947012,CASH,0.0,562921.2550947012,,False
2020-03-27,562921.2550947012,CASH,0.0,562921.2550947012,,False
2020-03-30,562921.2550947012,CASH,0.0,562921.2550947012,,False
2020-03-31,562921.2550947012,CASH,0.0,562921.2550947012,,False
2020-04-01,562921.2550947012,IEF,5411.322732038736,0.0,104.02655375954976,False
2020-04-02,563013.7050554897,IEF,5411.322732038736,0.0,104.02655375954976,False
2020-04-03,563429.5224060557,IEF,5411.322732038736,0.0,104.02655375954976,False
2020-04-06,560888.4348168615,IEF,5411.322732038736,0.0,104.02655375954976,False
2020-04-07,558393.1157675012,IEF,5411.322732038736,0.0,104.02655375954976,False
2020-04-08,557699.8240507806,IEF,5411.322732038736,0.0,104.02655375954976,False
2020-04-09,558901.4245734522,IEF,5411.322732038736,0.0,104.02655375954976,False
2020-04-13,557699.8240507806,IEF,5411.322732038736,0.0,104.02655375954976,False
2020-04-14,558439.4237370883,IEF,5411.322732038736,0.0,104.02655375954976,False
2020-04-15,563429.5224060557,IEF,5411.322732038736,0.0,104.02655375954976,False
2020-04-16,564030.1151944095,IEF,5411.322732038736,0.0,104.02655375954976,False
2020-04-17,562551.7872083186,IEF,5411.322732038736,0.0,104.02655375954976,False
2020-04-20,564030.1151944095,IEF,5411.322732038736,0.0,104.02655375954976,False
2020-04-21,565601.1836034636,IEF,5411.322732038736,0.0,104.02655375954976,False
2020-04-22,563845.2982620253,IEF,5411.322732038736,0.0,104.02655375954976,False
2020-04-23,564215.0566105827,IEF,5411.322732038736,0.0,104.02655375954976,False
2020-04-24,564353.6485625727,IEF,5411.322732038736,0.0,104.02655375954976,False
2020-04-27,561350.4356532254,IEF,5411.322732038736,0.0,104.02655375954976,False
2020-04-28,563799.0317870347,IEF,5411.322732038736,0.0,104.02655375954976,False
2020-04-29,563521.8893776514,IEF,5411.322732038736,0.0,104.02655375954976,False
2020-04-30,562182.1948381467,IEF,5411.322732038736,0.0,104.02655375954976,False
2020-05-01,562959.1396612182,TQQQ,74415.1747100919,0.0,7.565112113952637,False
2020-05-04,582814.5576642783,TQQQ,74415.1747100919,0.0,7.565112113952637,False
2020-05-05,601429.2449053752,TQQQ,74415.1747100919,0.0,7.565112113952637,False
2020-05-06,613307.2743677866,TQQQ,74415.1747100919,0.0,7.565112113952637,False
2020-05-07,637240.2561199031,TQQQ,74415.1747100919,0.0,7.565112113952637,False
2020-05-08,662946.3693762039,TQQQ,74415.1747100919,0.0,7.565112113952637,False
2020-05-11,679433.4052640407,TQQQ,74415.1747100919,0.0,7.565112113952637,False
2020-05-12,639013.1037527239,TQQQ,74415.1747100919,0.0,7.565112113952637,False
2020-05-13,614814.1345330196,TQQQ,74415.1747100919,0.0,7.565112113952637,False
2020-05-14,635201.562955176,TQQQ,74415.1747100919,0.0,7.565112113952637,False
2020-05-15,646104.4233161666,TQQQ,74415.1747100919,0.0,7.565112113952637,False
2020-05-18,683511.0044970174,TQQQ,74415.1747100919,0.0,7.565112113952637,False
2020-05-19,678281.0294639629,TQQQ,74415.1747100919,0.0,7.565112113952637,False
2020-05-20,717992.4332128102,TQQQ,74415.1747100919,0.0,7.565112113952637,False
2020-05-21,695920.6540554002,TQQQ,74415.1747100919,0.0,7.565112113952637,False
2020-05-22,702214.2241196019,TQQQ,74415.1747100919,0.0,7.565112113952637,False
2020-05-26,699289.0006867031,TQQQ,74415.1747100919,0.0,7.565112113952637,False
2020-05-27,709128.1240808648,TQQQ,74415.1747100919,0.0,7.565112113952637,False
2020-05-28,704607.4016494841,TQQQ,74415.1747100919,0.0,7.565112113952637,False
2020-05-29,733681.8615370878,TQQQ,74415.1747100919,0.0,7.565112113952637,False
2020-06-01,742723.1644641677,TQQQ,74415.1747100919,0.0,9.859304428100586,False
2020-06-02,757526.2044559553,TQQQ,74415.1747100919,0.0,9.859304428100586,False
2020-06-03,767808.6639520437,TQQQ,74415.1747100919,0.0,9.859304428100586,False
2020-06-04,752207.7325253334,TQQQ,74415.1747100919,0.0,9.859304428100586,False
2020-06-05,796794.0591993533,TQQQ,74415.1747100919,0.0,9.859304428100586,False
2020-06-08,814522.1806883579,TQQQ,74415.1747100919,0.0,9.859304428100586,False
2020-06-09,832693.8511828119,TQQQ,74415.1747100919,0.0,9.859304428100586,False
2020-06-10,862743.1253326321,TQQQ,74415.1747100919,0.0,9.859304428100586,False
2020-06-11,735720.4837339739,TQQQ,74415.1747100919,0.0,9.859304428100586,False
2020-06-12,751675.8995258395,TQQQ,74415.1747100919,0.0,9.859304428100586,False
2020-06-15,778179.407442177,TQQQ,74415.1747100919,0.0,9.859304428100586,False
2020-06-16,819308.9615551675,TQQQ,74415.1747100919,0.0,9.859304428100586,False
2020-06-17,827286.5275154185,TQQQ,74415.1747100919,0.0,9.859304428100586,False
2020-06-18,833668.80738071,TQQQ,74415.1747100919,0.0,9.859304428100586,False
2020-06-19,832516.5025484731,TQQQ,74415.1747100919,0.0,9.859304428100586,False
2020-06-22,862122.6534998891,TQQQ,74415.1747100919,0.0,9.859304428100586,False
2020-06-23,884637.4139200215,TQQQ,74415.1747100919,0.0,9.859304428100586,False
2020-06-24,832516.5025484731,TQQQ,74415.1747100919,0.0,9.859304428100586,False
2020-06-25,854588.1397702013,TQQQ,74415.1747100919,0.0,9.859304428100586,False
2020-06-26,793159.9380039851,TQQQ,74415.1747100919,0.0,9.859304428100586,False
2020-06-29,818511.2120559264,TQQQ,74415.1747100919,0.0,9.859304428100586,False
2020-06-30,865579.5679966002,TQQQ,74415.1747100919,0.0,9.859304428100586,False
2020-07-01,896515.1595110694,TQQQ,74415.1747100919,0.0,11.63176155090332,False
2020-07-02,915573.0764023317,TQQQ,74415.1747100919,0.0,11.63176155090332,False
2020-07-06,982851.5830986637,TQQQ,74415.1747100919,0.0,11.63176155090332,False
2020-07-07,963527.7497076545,TQQQ,74415.1747100919,0.0,11.63176155090332,False
2020-07-08,1000579.7045876683,TQQQ,74415.1747100919,0.0,11.63176155090332,False
2020-07-09,1025576.6362101363,TQQQ,74415.1747100919,0.0,11.63176155090332,False
2020-07-10,1047293.7180988686,TQQQ,74415.1747100919,0.0,11.63176155090332,False
2020-07-13,982585.7375667576,TQQQ,74415.1747100919,0.0,11.63176155090332,False
2020-07-14,1003416.4311229999,TQQQ,74415.1747100919,0.0,11.63176155090332,False
2020-07-15,1008380.3477206257,TQQQ,74415.1747100919,0.0,11.63176155090332,False
2020-07-16,986751.9046651424,TQQQ,74415.1747100919,0.0,11.63176155090332,False
2020-07-17,991361.0530262496,TQQQ,74415.1747100919,0.0,11.63176155090332,False
2020-07-20,1075747.351314525,TQQQ,74415.1747100919,0.0,11.63176155090332,False
2020-07-21,1041354.7743355038,TQQQ,74415.1747100919,0.0,11.63176155090332,False
2020-07-22,1053409.8685608904,TQQQ,74415.1747100919,0.0,11.63176155090332,False
2020-07-23,970884.9857708442,TQQQ,74415.1747100919,0.0,11.63176155090332,False
2020-07-24,942165.5070232817,TQQQ,74415.1747100919,0.0,11.63176155090332,False
2020-07-27,992779.3453260745,TQQQ,74415.1747100919,0.0,11.63176155090332,False
2020-07-28,955461.6158819953,TQQQ,74415.1747100919,0.0,11.63176155090332,False
2020-07-29,987992.7773627875,TQQQ,74415.1747100919,0.0,11.63176155090332,False
2020-07-30,1004036.831987902,TQQQ,74415.1747100919,0.0,11.63176155090332,False
2020-07-31,1058196.5784598591,TQQQ,74415.1747100919,0.0,11.63176155090332,False
2020-08-03,1097641.781837596,TQQQ,74415.1747100919,0.0,14.220171928405762,False
2020-08-04,1111912.9888298898,TQQQ,74415.1747100919,0.0,14.220171928405762,False
2020-08-05,1120777.0850583124,TQQQ,74415.1747100919,0.0,14.220171928405762,False
2020-08-06,1163679.415836283,TQQQ,74415.1747100919,0.0,14.220171928405762,False
2020-08-07,1125652.2918548484,TQQQ,74415.1747100919,0.0,14.220171928405762,False
2020-08-10,1110494.6255622238,TQQQ,74415.1747100919,0.0,14.220171928405762,False
2020-08-11,1047471.1377010483,TQQQ,74415.1747100919,0.0,14.220171928405762,False
2020-08-12,1125829.711457028,TQQQ,74415.1747100919,0.0,14.220171928405762,False
2020-08-13,1133718.8514875527,TQQQ,74415.1747100919,0.0,14.220171928405762,False
2020-08-14,1130439.001753817,TQQQ,74415.1747100919,0.0,14.220171928405762,False
2020-08-17,1167756.8731335779,TQQQ,74415.1747100919,0.0,14.220171928405762,False
2020-08-18,1202060.953215032,TQQQ,74415.1747100919,0.0,14.220171928405762,False
2020-08-19,1178571.2365970013,TQQQ,74415.1747100919,0.0,14.220171928405762,False
2020-08-20,1227057.813869659,TQQQ,74415.1747100919,0.0,14.220171928405762,False
2020-08-21,1252675.3592605516,TQQQ,74415.1747100919,0.0,14.220171928405762,False
2020-08-24,1275898.7335717902,TQQQ,74415.1747100919,0.0,14.220171928405762,False
2020-08-25,1305682.3750932268,TQQQ,74415.1747100919,0.0,14.220171928405762,False
2020-08-26,1389270.7109787385,TQQQ,74415.1747100919,0.0,14.220171928405762,False
2020-08-27,1376683.570850335,TQQQ,74415.1747100919,0.0,14.220171928405762,False
2020-08-28,1397957.4585728224,TQQQ,74415.1747100919,0.0,14.220171928405762,False
2020-08-31,1430311.5552906392,TQQQ,74415.1747100919,0.0,14.220171928405762,False
2020-09-01,1504592.600781483,TQQQ,74415.1747100919,0.0,19.2206974029541,False
2020-09-02,1547051.8083610495,TQQQ,74415.1747100919,0.0,19.2206974029541,False
2020-09-03,1287280.3997615753,CASH,0.0,1287280.3997615753,,False
2020-09-04,1287280.3997615753,CASH,0.0,1287280.3997615753,,False
2020-09-08,1287280.3997615753,CASH,0.0,1287280.3997615753,,False
2020-09-09,1287280.3997615753,CASH,0.0,1287280.3997615753,,False
2020-09-10,1287280.3997615753,CASH,0.0,1287280.3997615753,,False
2020-09-11,1287280.3997615753,CASH,0.0,1287280.3997615753,,False
2020-09-14,1287280.3997615753,CASH,0.0,1287280.3997615753,,False
2020-09-15,1287280.3997615753,CASH,0.0,1287280.3997615753,,False
2020-09-16,1287280.3997615753,CASH,0.0,1287280.3997615753,,False
2020-09-17,1287280.3997615753,CASH,0.0,1287280.3997615753,,False
2020-09-18,1287280.3997615753,CASH,0.0,1287280.3997615753,,False
2020-09-21,1287280.3997615753,CASH,0.0,1287280.3997615753,,False
2020-09-22,1287280.3997615753,CASH,0.0,1287280.3997615753,,False
2020-09-23,1287280.3997615753,CASH,0.0,1287280.3997615753,,False
2020-09-24,1287280.3997615753,CASH,0.0,1287280.3997615753,,False
2020-09-25,1287280.3997615753,CASH,0.0,1287280.3997615753,,False
2020-09-28,1287280.3997615753,CASH,0.0,1287280.3997615753,,False
2020-09-29,1287280.3997615753,CASH,0.0,1287280.3997615753,,False
2020-09-30,1287280.3997615753,CASH,0.0,1287280.3997615753,,False
2020-10-01,1287280.3997615753,TQQQ,78864.98778358956,0.0,16.32258415222168,False
2020-10-02,1181126.4938141787,TQQQ,78864.98778358956,0.0,16.32258415222168,False
2020-10-05,1255622.1439433687,TQQQ,78864.98778358956,0.0,16.32258415222168,False
2020-10-06,1188172.157958305,TQQQ,78864.98778358956,0.0,16.32258415222168,False
2020-10-07,1250643.3673965945,TQQQ,78864.98778358956,0.0,16.32258415222168,False
2020-10-08,1269055.7475476994,TQQQ,78864.98778358956,0.0,16.32258415222168,False
2020-10-09,1325514.4734002424,TQQQ,78864.98778358956,0.0,16.32258415222168,False
2020-10-12,1449141.2924859524,TQQQ,78864.98778358956,0.0,16.32258415222168,False
2020-10-13,1449329.6221152877,TQQQ,78864.98778358956,0.0,16.32258415222168,False
2020-10-14,1413537.8167369172,TQQQ,78864.98778358956,0.0,16.32258415222168,False
2020-10-15,1384321.9043905206,TQQQ,78864.98778358956,0.0,16.32258415222168,False
2020-10-16,1363091.047989528,TQQQ,78864.98778358956,0.0,16.32258415222168,False
2020-10-19,1295359.1692525675,TQQQ,78864.98778358956,0.0,16.32258415222168,False
2020-10-20,1303720.4331875627,TQQQ,78864.98778358956,0.0,16.32258415222168,False
2020-10-21,1300338.321856908,TQQQ,78864.98778358956,0.0,16.32258415222168,False
2020-10-22,1300995.670483263,TQQQ,78864.98778358956,0.0,16.32258415222168,False
2020-10-23,1308604.9697081558,TQQQ,78864.98778358956,0.0,16.32258415222168,False
2020-10-26,1248952.3117312673,TQQQ,78864.98778358956,0.0,16.32258415222168,False
2020-10-27,1278449.8159835075,TQQQ,78864.98778358956,0.0,16.32258415222168,False
2020-10-28,1158552.3597854178,CASH,0.0,1158552.3597854178,,False
2020-10-29,1158552.3597854178,CASH,0.0,1158552.3597854178,,False
2020-10-30,1158552.3597854178,CASH,0.0,1158552.3597854178,,False
2020-11-02,1158552.3597854178,TECL,48935.79770112017,0.0,23.674945831298828,False
2020-11-03,1223173.2656642573,TECL,48935.79770112017,0.0,23.674945831298828,False
2020-11-04,1363821.5887852726,TECL,48935.79770112017,0.0,23.674945831298828,False
2020-11-05,1493288.0642107576,TECL,48935.79770112017,0.0,23.674945831298828,False
2020-11-06,1504783.8996829805,TECL,48935.79770112017,0.0,23.674945831298828,False
2020-11-09,1475370.133323752,TECL,48935.79770112017,0.0,23.674945831298828,False
2020-11-10,1388385.8120667324,TECL,48935.79770112017,0.0,23.674945831298828,False
2020-11-11,1487584.855197903,TECL,48935.79770112017,0.0,23.674945831298828,False
2020-11-12,1446764.7641505923,TECL,48935.79770112017,0.0,23.674945831298828,False
2020-11-13,1485654.0730490738,TECL,48935.79770112017,0.0,23.674945831298828,False
2020-11-16,1530470.8812777086,TECL,48935.79770112017,0.0,23.674945831298828,False
2020-11-17,1504379.7477587597,TECL,48935.79770112017,0.0,23.674945831298828,False
2020-11-18,1454129.1962459597,TECL,48935.79770112017,0.0,23.674945831298828,False
2020-11-19,1490863.0593278063,TECL,48935.79770112017,0.0,23.674945831298828,False
2020-11-20,1444429.4567270349,TECL,48935.79770112017,0.0,23.674945831298828,False
2020-11-23,1444968.108171533,TECL,48935.79770112017,0.0,23.674945831298828,False
2020-11-24,1500608.067595749,TECL,48935.79770112017,0.0,23.674945831298828,False
2020-11-25,1510577.1795057366,TECL,48935.79770112017,0.0,23.674945831298828,False
2020-11-27,1537027.289537515,TECL,48935.79770112017,0.0,23.674945831298828,False
2020-11-30,1568057.7569312532,TECL,48935.79770112017,0.0,23.674945831298828,False
2020-12-01,1631376.6962532902,TECL,48935.79770112017,0.0,32.04316329956055,False
2020-12-02,1618937.4040489604,TECL,48935.79770112017,0.0,32.04316329956055,False
2020-12-03,1615075.0930502873,TECL,48935.79770112017,0.0,32.04316329956055,False
2020-12-04,1664697.6690097023,TECL,48935.79770112017,0.0,32.04316329956055,False
2020-12-07,1679786.069739028,TECL,48935.79770112017,0.0,32.04316329956055,False
2020-12-08,1696087.1129162703,TECL,48935.79770112017,0.0,32.04316329956055,False
2020-12-09,1593789.8205997455,TECL,48935.79770112017,0.0,32.04316329956055,False
2020-12-10,1602503.2614158434,TECL,48935.79770112017,0.0,32.04316329956055,False
2020-12-11,1594376.7275973205,TECL,48935.79770112017,0.0,32.04316329956055,False
2020-12-14,1611081.3626730223,TECL,48935.79770112017,0.0,32.04316329956055,False
2020-12-15,1689233.704327856,TECL,48935.79770112017,0.0,32.04316329956055,False
2020-12-16,1724043.0388818716,TECL,48935.79770112017,0.0,32.04316329956055,False
2020-12-17,1766212.0453122861,TECL,48935.79770112017,0.0,32.04316329956055,False
2020-12-18,1748197.8833320078,TECL,48935.79770112017,0.0,32.04316329956055,False
2020-12-21,1750093.7572083985,TECL,48935.79770112017,0.0,32.04316329956055,False
2020-12-22,1797093.3591783326,TECL,48935.79770112017,0.0,32.04316329956055,False
2020-12-23,1753119.016369563,TECL,48935.79770112017,0.0,32.04316329956055,False
2020-12-24,1792398.103197732,TECL,48935.79770112017,0.0,32.04316329956055,False
2020-12-28,1851633.1479949756,TECL,48935.79770112017,0.0,32.04316329956055,False
2020-12-29,1825446.903434276,TECL,48935.79770112017,0.0,32.04316329956055,False
2020-12-30,1821699.3977166172,TECL,48935.79770112017,0.0,32.04316329956055,False
2020-12-31,1835424.6957435599,TECL,48935.79770112017,0.0,32.04316329956055,False
2021-01-04,1743050.1265364827,TQQQ,84170.88941630162,0.0,20.708467483520508,False
2021-01-05,1786764.4428648455,TQQQ,84170.88941630162,0.0,20.708467483520508,False
2021-01-06,1712871.2100011501,TQQQ,84170.88941630162,0.0,20.708467483520508,False
2021-01-07,1836594.171942777,TQQQ,84170.88941630162,0.0,20.708467483520508,False
2021-01-08,1907779.8432181738,TQQQ,84170.88941630162,0.0,20.708467483520508,False
2021-01-11,1823459.648597181,TQQQ,84170.88941630162,0.0,20.708467483520508,False
2021-01-12,1815539.4088463879,TQQQ,84170.88941630162,0.0,20.708467483520508,False
2021-01-13,1850831.1456546255,TQQQ,84170.88941630162,0.0,20.708467483520508,False
2021-01-14,1822658.0562455428,TQQQ,84170.88941630162,0.0,20.708467483520508,False
2021-01-15,1778341.8633447203,TQQQ,84170.88941630162,0.0,20.708467483520508,False
2021-01-19,1855443.3921337381,TQQQ,84170.88941630162,0.0,20.708467483520508,False
2021-01-20,1984781.0324879098,TQQQ,84170.88941630162,0.0,20.708467483520508,False
2021-01-21,2034110.3483152792,TQQQ,84170.88941630162,0.0,20.708467483520508,False
2021-01-22,2015661.683485291,TQQQ,84170.88941630162,0.0,20.708467483520508,False
2021-01-25,2071607.6280289453,TQQQ,84170.88941630162,0.0,20.708467483520508,False
2021-01-26,2073813.3314776043,TQQQ,84170.88941630162,0.0,20.708467483520508,False
2021-01-27,1906576.8927894088,TQQQ,84170.88941630162,0.0,20.708467483520508,False
2021-01-28,1934650.2848521331,TQQQ,84170.88941630162,0.0,20.708467483520508,False
2021-01-29,1814135.7793790593,TQQQ,84170.88941630162,0.0,20.708467483520508,False
2021-02-01,1947484.1107263456,TQQQ,84170.88941630162,0.0,21.553007125854492,False
2021-02-02,2041729.5695082273,TQQQ,84170.88941630162,0.0,21.553007125854492,False
2021-02-03,2018268.1028381537,TQQQ,84170.88941630162,0.0,21.553007125854492,False
2021-02-04,2089654.9347818065,TQQQ,84170.88941630162,0.0,21.553007125854492,False
2021-02-05,2111511.771859526,TQQQ,84170.88941630162,0.0,21.553007125854492,False
2021-02-08,2152820.0267871283,TQQQ,84170.88941630162,0.0,21.553007125854492,False
2021-02-09,2151816.9526807726,TQQQ,84170.88941630162,0.0,21.553007125854492,False
2021-02-10,2136577.547035492,TQQQ,84170.88941630162,0.0,21.553007125854492,False
2021-02-11,2171067.209862399,TQQQ,84170.88941630162,0.0,21.553007125854492,False
2021-02-12,2207963.5762629905,TQQQ,84170.88941630162,0.0,21.553007125854492,False
2021-02-16,2189515.5536059253,TQQQ,84170.88941630162,0.0,21.553007125854492,False
2021-02-17,2159036.1001424403,TQQQ,84170.88941630162,0.0,21.553007125854492,False
2021-02-18,2129960.276146284,TQQQ,84170.88941630162,0.0,21.553007125854492,False
2021-02-19,2101886.5629970976,TQQQ,84170.88941630162,0.0,21.553007125854492,False
2021-02-22,1939061.6917494512,TQQQ,84170.88941630162,0.0,21.553007125854492,False
2021-02-23,1921816.4589779205,TQQQ,84170.88941630162,0.0,21.553007125854492,False
2021-02-24,1968137.6762888387,TQQQ,84170.88941630162,0.0,21.553007125854492,False
2021-02-25,1762601.0811894925,TQQQ,84170.88941630162,0.0,21.553007125854492,False
2021-02-26,1789070.3252895556,TQQQ,84170.88941630162,0.0,21.553007125854492,False
2021-03-01,1945077.728239123,TQQQ,84170.88941630162,0.0,21.25521469116211,False
2021-03-02,1851834.0592177506,TQQQ,84170.88941630162,0.0,21.25521469116211,False
2021-03-03,1691214.5703323013,TQQQ,84170.88941630162,0.0,21.25521469116211,False
2021-03-04,1610163.2927605999,CASH,0.0,1610163.2927605999,,False
2021-03-05,1610163.2927605999,CASH,0.0,1610163.2927605999,,False
2021-03-08,1610163.2927605999,CASH,0.0,1610163.2927605999,,False
2021-03-09,1610163.2927605999,CASH,0.0,1610163.2927605999,,False
2021-03-10,1610163.2927605999,CASH,0.0,1610163.2927605999,,False
2021-03-11,1610163.2927605999,CASH,0.0,1610163.2927605999,,False
2021-03-12,1610163.2927605999,CASH,0.0,1610163.2927605999,,False
2021-03-15,1610163.2927605999,CASH,0.0,1610163.2927605999,,False
2021-03-16,1610163.2927605999,CASH,0.0,1610163.2927605999,,False
2021-03-17,1610163.2927605999,CASH,0.0,1610163.2927605999,,False
2021-03-18,1610163.2927605999,CASH,0.0,1610163.2927605999,,False
2021-03-19,1610163.2927605999,CASH,0.0,1610163.2927605999,,False
2021-03-22,1610163.2927605999,CASH,0.0,1610163.2927605999,,False
2021-03-23,1610163.2927605999,CASH,0.0,1610163.2927605999,,False
2021-03-24,1610163.2927605999,CASH,0.0,1610163.2927605999,,False
2021-03-25,1610163.2927605999,CASH,0.0,1610163.2927605999,,False
2021-03-26,1610163.2927605999,CASH,0.0,1610163.2927605999,,False
2021-03-29,1610163.2927605999,CASH,0.0,1610163.2927605999,,False
2021-03-30,1610163.2927605999,CASH,0.0,1610163.2927605999,,False
2021-03-31,1610163.2927605999,CASH,0.0,1610163.2927605999,,False
2021-04-01,1610163.2927605999,TQQQ,70477.10587335611,0.0,22.846614837646484,False
2021-04-05,1706873.456968862,TQQQ,70477.10587335611,0.0,22.846614837646484,False
2021-04-06,1702844.3540820098,TQQQ,70477.10587335611,0.0,22.846614837646484,False
2021-04-07,1715436.5608322818,TQQQ,70477.10587335611,0.0,22.846614837646484,False
2021-04-08,1768996.8922119658,TQQQ,70477.10587335611,0.0,22.846614837646484,False
2021-04-09,1801065.8519491279,TQQQ,70477.10587335611,0.0,22.846614837646484,False
2021-04-12,1794014.081744564,TQQQ,70477.10587335611,0.0,22.846614837646484,False
2021-04-13,1855465.5293544184,TQQQ,70477.10587335611,0.0,22.846614837646484,False
2021-04-14,1790320.098915661,TQQQ,70477.10587335611,0.0,22.846614837646484,False
2021-04-15,1869401.308097954,TQQQ,70477.10587335611,0.0,22.846614837646484,False
2021-04-16,1877292.558752536,TQQQ,70477.10587335611,0.0,22.846614837646484,False
2021-04-19,1826083.1759061373,TQQQ,70477.10587335611,0.0,22.846614837646484,False
2021-04-20,1786122.4278167472,TQQQ,70477.10587335611,0.0,22.846614837646484,False
2021-04-21,1831287.8202718385,TQQQ,70477.10587335611,0.0,22.846614837646484,False
2021-04-22,1764631.45944746,TQQQ,70477.10587335611,0.0,22.846614837646484,False
2021-04-23,1831119.789757423,TQQQ,70477.10587335611,0.0,22.846614837646484,False
2021-04-26,1867386.5550179104,TQQQ,70477.10587335611,0.0,22.846614837646484,False
2021-04-27,1842873.1881797349,TQQQ,70477.10587335611,0.0,22.846614837646484,False
2021-04-28,1823900.1234628556,TQQQ,70477.10587335611,0.0,22.846614837646484,False
2021-04-29,1842201.4693953088,TQQQ,70477.10587335611,0.0,22.846614837646484,False
2021-04-30,1807613.9338836807,TQQQ,70477.10587335611,0.0,22.846614837646484,False
2021-05-03,1778063.2810721616,TECL,40718.65309217382,0.0,43.66704559326172,False
2021-05-04,1680012.5705751975,TECL,40718.65309217382,0.0,43.66704559326172,False
2021-05-05,1669117.7710456066,TECL,40718.65309217382,0.0,43.66704559326172,False
2021-05-06,1719833.4201133216,TECL,40718.65309217382,0.0,43.66704559326172,False
2021-05-07,1760406.6849483,TECL,40718.65309217382,0.0,43.66704559326172,False
2021-05-10,1630423.5251714133,TECL,40718.65309217382,0.0,43.66704559326172,False
2021-05-11,1536505.0305234776,CASH,0.0,1536505.0305234776,,False
2021-05-12,1536505.0305234776,CASH,0.0,1536505.0305234776,,False
2021-05-13,1536505.0305234776,CASH,0.0,1536505.0305234776,,False
2021-05-14,1536505.0305234776,CASH,0.0,1536505.0305234776,,False
2021-05-17,1536505.0305234776,CASH,0.0,1536505.0305234776,,False
2021-05-18,1536505.0305234776,CASH,0.0,1536505.0305234776,,False
2021-05-19,1536505.0305234776,CASH,0.0,1536505.0305234776,,False
2021-05-20,1536505.0305234776,CASH,0.0,1536505.0305234776,,False
2021-05-21,1536505.0305234776,CASH,0.0,1536505.0305234776,,False
2021-05-24,1536505.0305234776,CASH,0.0,1536505.0305234776,,False
2021-05-25,1536505.0305234776,CASH,0.0,1536505.0305234776,,False
2021-05-26,1536505.0305234776,CASH,0.0,1536505.0305234776,,False
2021-05-27,1536505.0305234776,CASH,0.0,1536505.0305234776,,False
2021-05-28,1536505.0305234776,CASH,0.0,1536505.0305234776,,False
2021-06-01,1536505.0305234776,TECL,36902.12384656545,0.0,41.637306213378906,False
2021-06-02,1566125.0999778663,TECL,36902.12384656545,0.0,41.637306213378906,False
2021-06-03,1523227.2819369917,TECL,36902.12384656545,0.0,41.637306213378906,False
2021-06-04,1609704.5284453193,TECL,36902.12384656545,0.0,41.637306213378906,False
2021-06-07,1609704.5284453193,TECL,36902.12384656545,0.0,41.637306213378906,False
2021-06-08,1611406.7244961641,TECL,36902.12384656545,0.0,41.637306213378906,False
2021-06-09,1614130.2100234297,TECL,36902.12384656545,0.0,41.637306213378906,False
2021-06-10,1650560.0490742142,TECL,36902.12384656545,0.0,41.637306213378906,False
2021-06-11,1677796.7343624718,TECL,36902.12384656545,0.0,41.637306213378906,False
2021-06-14,1730908.5733310007,TECL,36902.12384656545,0.0,41.637306213378906,False
2021-06-15,1698224.63544735,TECL,36902.12384656545,0.0,41.637306213378906,False
2021-06-16,1669966.097600948,TECL,36902.12384656545,0.0,41.637306213378906,False
2021-06-17,1729547.0417230143,TECL,36902.12384656545,0.0,41.637306213378906,False
2021-06-18,1679158.829052182,TECL,36902.12384656545,0.0,41.637306213378906,False
2021-06-21,1734653.7706459798,TECL,36902.12384656545,0.0,41.637306213378906,False
2021-06-22,1780956.6846406986,TECL,36902.12384656545,0.0,41.637306213378906,False
2021-06-23,1773126.4701904675,TECL,36902.12384656545,0.0,41.637306213378906,False
2021-06-24,1808874.5580442422,TECL,36902.12384656545,0.0,41.637306213378906,False
2021-06-25,1803767.406809984,TECL,36902.12384656545,0.0,41.637306213378906,False
2021-06-28,1859603.2943875024,TECL,36902.12384656545,0.0,41.637306213378906,False
2021-06-29,1899097.2834084108,TECL,36902.12384656545,0.0,41.637306213378906,False
2021-06-30,1893649.8900425867,TECL,36902.12384656545,0.0,41.637306213378906,False
2021-07-01,1899097.2834084108,TQQQ,65042.20318898896,0.0,29.19792366027832,False
2021-07-02,1963557.6538395332,TQQQ,65042.20318898896,0.0,29.19792366027832,False
2021-07-06,1989899.5426756956,TQQQ,65042.20318898896,0.0,29.19792366027832,False
2021-07-07,2002605.703207349,TQQQ,65042.20318898896,0.0,29.19792366027832,False
2021-07-08,1967896.215717595,TQQQ,65042.20318898896,0.0,29.19792366027832,False
2021-07-09,2001211.0414026717,TQQQ,65042.20318898896,0.0,29.19792366027832,False
2021-07-12,2026313.2170726592,TQQQ,65042.20318898896,0.0,29.19792366027832,False
2021-07-13,2025229.072835773,TQQQ,65042.20318898896,0.0,29.19792366027832,False
2021-07-14,2036230.4261694301,TQQQ,65042.20318898896,0.0,29.19792366027832,False
2021-07-15,1994083.031857098,TQQQ,65042.20318898896,0.0,29.19792366027832,False
2021-07-16,1945118.2696251408,TQQQ,65042.20318898896,0.0,29.19792366027832,False
2021-07-19,1898477.7369707166,TQQQ,65042.20318898896,0.0,29.19792366027832,False
2021-07-20,1961078.3515653405,TQQQ,65042.20318898896,0.0,29.19792366027832,False
2021-07-21,2005859.6246158953,TQQQ,65042.20318898896,0.0,29.19792366027832,False
2021-07-22,2048006.6467537554,TQQQ,65042.20318898896,0.0,29.19792366027832,False
2021-07-23,2116030.959928586,TQQQ,65042.20318898896,0.0,29.19792366027832,False
2021-07-26,2124863.404497684,TQQQ,65042.20318898896,0.0,29.19792366027832,False
2021-07-27,2055444.1814018616,TQQQ,65042.20318898896,0.0,29.19792366027832,False
2021-07-28,2077912.850508098,TQQQ,65042.20318898896,0.0,29.19792366027832,False
2021-07-29,2088139.460649244,TQQQ,65042.20318898896,0.0,29.19792366027832,False
2021-07-30,2056839.339439168,TQQQ,65042.20318898896,0.0,29.19792366027832,False
2021-08-02,2056218.8005362153,TQQQ,65042.20318898896,0.0,31.623149871826172,False
2021-08-03,2092013.052553642,TQQQ,65042.20318898896,0.0,31.623149871826172,False
2021-08-04,2102395.2316240766,TQQQ,65042.20318898896,0.0,31.623149871826172,False
2021-08-05,2141907.7547329273,TQQQ,65042.20318898896,0.0,31.623149871826172,False
2021-08-06,2114016.255453585,TQQQ,65042.20318898896,0.0,31.623149871826172,False
2021-08-09,2125328.1263550334,TQQQ,65042.20318898896,0.0,31.623149871826172,False
2021-08-10,2093562.2908223495,TQQQ,65042.20318898896,0.0,31.623149871826172,False
2021-08-11,2082251.41238616,TQQQ,65042.20318898896,0.0,31.623149871826172,False
2021-08-12,2103944.966125414,TQQQ,65042.20318898896,0.0,31.623149871826172,False
2021-08-13,2125017.9809617144,TQQQ,65042.20318898896,0.0,31.623149871826172,False
2021-08-16,2128737.2445183964,TQQQ,65042.20318898896,0.0,31.623149871826172,False
2021-08-17,2072799.5454375253,TQQQ,65042.20318898896,0.0,31.623149871826172,False
2021-08-18,2012522.91230412,TQQQ,65042.20318898896,0.0,31.623149871826172,False
2021-08-19,2041188.906659658,TQQQ,65042.20318898896,0.0,31.623149871826172,False
2021-08-20,2104254.119053474,TQQQ,65042.20318898896,0.0,31.623149871826172,False
2021-08-23,2198000.89868493,TQQQ,65042.20318898896,0.0,31.623149871826172,False
2021-08-24,2219693.459958925,TQQQ,65042.20318898896,0.0,31.623149871826172,False
2021-08-25,2222173.1344075897,TQQQ,65042.20318898896,0.0,31.623149871826172,False
2021-08-26,2184519.4987281365,TQQQ,65042.20318898896,0.0,31.623149871826172,False
2021-08-27,2248360.0746052503,TQQQ,65042.20318898896,0.0,31.623149871826172,False
2021-08-30,2322891.982480859,TQQQ,65042.20318898896,0.0,31.623149871826172,False
2021-08-31,2316384.3877800805,TQQQ,65042.20318898896,0.0,31.623149871826172,False
2021-09-01,2329090.9204862057,TECL,36869.6305296583,0.0,63.17098617553711,False
2021-09-02,2325008.6564400196,TECL,36869.6305296583,0.0,63.17098617553711,False
2021-09-03,2352221.9216770343,TECL,36869.6305296583,0.0,63.17098617553711,False
2021-09-07,2352902.369341305,TECL,36869.6305296583,0.0,63.17098617553711,False
2021-09-08,2323648.323697394,TECL,36869.6305296583,0.0,63.17098617553711,False
2021-09-09,2295074.7257177536,TECL,36869.6305296583,0.0,63.17098617553711,False
2021-09-10,2229422.9184804447,TECL,36869.6305296583,0.0,63.17098617553711,False
2021-09-13,2230103.2254982363,TECL,36869.6305296583,0.0,63.17098617553711,False
2021-09-14,2222620.1295954864,TECL,36869.6305296583,0.0,63.17098617553711,False
2021-09-15,2278406.711519184,TECL,36869.6305296583,0.0,63.17098617553711,False
2021-09-16,2284529.4746793085,TECL,36869.6305296583,0.0,63.17098617553711,False
2021-09-17,2179419.4384706514,TECL,36869.6305296583,0.0,63.17098617553711,False
2021-09-20,2080092.460867387,CASH,0.0,2080092.460867387,,False
2021-09-21,2080092.460867387,CASH,0.0,2080092.460867387,,False
2021-09-22,2080092.460867387,CASH,0.0,2080092.460867387,,False
2021-09-23,2080092.460867387,CASH,0.0,2080092.460867387,,False
2021-09-24,2080092.460867387,CASH,0.0,2080092.460867387,,False
2021-09-27,2080092.460867387,CASH,0.0,2080092.460867387,,False
2021-09-28,2080092.460867387,CASH,0.0,2080092.460867387,,False
2021-09-29,2080092.460867387,CASH,0.0,2080092.460867387,,False
2021-09-30,2080092.460867387,CASH,0.0,2080092.460867387,,False
2021-10-01,2080092.460867387,TECL,38135.63290157729,0.0,54.54458999633789,False
2021-10-04,1934781.8269310729,TECL,38135.63290157729,0.0,54.54458999633789,False
2021-10-05,2017816.2670719745,TECL,38135.63290157729,0.0,54.54458999633789,False
2021-10-06,2058982.1628570808,TECL,38135.63290157729,0.0,54.54458999633789,False
2021-10-07,2115628.8759609945,TECL,38135.63290157729,0.0,54.54458999633789,False
2021-10-08,2093110.8077191033,TECL,38135.63290157729,0.0,54.54458999633789,False
2021-10-11,2057222.7773883627,TECL,38135.63290157729,0.0,54.54458999633789,False
2021-10-12,2026260.7063230649,TECL,38135.63290157729,0.0,54.54458999633789,False
2021-10-13,2061796.6849889886,TECL,38135.63290157729,0.0,54.54458999633789,False
2021-10-14,2200070.940857586,TECL,38135.63290157729,0.0,54.54458999633789,False
2021-10-15,2254606.216827964,TECL,38135.63290157729,0.0,54.54458999633789,False
2021-10-18,2311253.9482631395,TECL,38135.63290157729,0.0,54.54458999633789,False
2021-10-19,2377399.3644259656,TECL,38135.63290157729,0.0,54.54458999633789,False
2021-10-20,2358752.2642622227,TECL,38135.63290157729,0.0,54.54458999633789,False
2021-10-21,2385492.1884399224,TECL,38135.63290157729,0.0,54.54458999633789,False
2021-10-22,2360862.9740162855,TECL,38135.63290157729,0.0,54.54458999633789,False
2021-10-25,2386195.7098659785,TECL,38135.63290157729,0.0,54.54458999633789,False
2021-10-26,2405547.4952629334,TECL,38135.63290157729,0.0,54.54458999633789,False
2021-10-27,2395695.2857802585,TECL,38135.63290157729,0.0,54.54458999633789,False
2021-10-28,2466063.72168605,TECL,38135.63290157729,0.0,54.54458999633789,False
2021-10-29,2500192.366548072,TECL,38135.63290157729,0.0,54.54458999633789,False
2021-11-01,2499137.0844089882,TECL,38135.63290157729,0.0,65.56053161621094,False
2021-11-02,2558598.0286930203,TECL,38135.63290157729,0.0,65.56053161621094,False
2021-11-03,2603282.1135119847,TECL,38135.63290157729,0.0,65.56053161621094,False
2021-11-04,2723261.0299298675,TECL,38135.63290157729,0.0,65.56053161621094,False
2021-11-05,2760556.1031127204,TECL,38135.63290157729,0.0,65.56053161621094,False
2021-11-08,2808758.6679173326,TECL,38135.63290157729,0.0,65.56053161621094,False
2021-11-09,2775685.596146183,TECL,38135.63290157729,0.0,65.56053161621094,False
2021-11-10,2633892.569340149,TECL,38135.63290157729,0.0,65.56053161621094,False
2021-11-11,2676113.1653607613,TECL,38135.63290157729,0.0,65.56053161621094,False
2021-11-12,2771111.2521178736,TECL,38135.63290157729,0.0,65.56053161621094,False
2021-11-15,2762666.9583426774,TECL,38135.63290157729,0.0,65.56053161621094,False
2021-11-16,2848516.3570431704,TECL,38135.63290157729,0.0,65.56053161621094,False
2021-11-17,2822128.193578499,TECL,38135.63290157729,0.0,65.56053161621094,False
2021-11-18,2903755.5908672884,TECL,38135.63290157729,0.0,65.56053161621094,False
2021-11-19,2972365.2232079394,TECL,38135.63290157729,0.0,65.56053161621094,False
2021-11-22,2873145.716942702,TECL,38135.63290157729,0.0,65.56053161621094,False
2021-11-23,2853090.410119691,TECL,38135.63290157729,0.0,65.56053161621094,False
2021-11-24,2912551.9363073013,TECL,38135.63290157729,0.0,65.56053161621094,False
2021-11-26,2696169.0540873506,TECL,38135.63290157729,0.0,65.56053161621094,False
2021-11-29,2894256.0149530084,TECL,38135.63290157729,0.0,65.56053161621094,False
2021-11-30,2822480.245243316,TECL,38135.63290157729,0.0,65.56053161621094,False
2021-12-01,2704613.0569107574,TQQQ,73196.46471382104,0.0,36.950050354003906,False
2021-12-02,2755532.0453492203,TQQQ,73196.46471382104,0.0,36.950050354003906,False
2021-12-03,2617075.173661203,TQQQ,73196.46471382104,0.0,36.950050354003906,False
2021-12-06,2678282.3889476787,TQQQ,73196.46471382104,0.0,36.950050354003906,False
2021-12-07,2919796.601531654,TQQQ,73196.46471382104,0.0,36.950050354003906,False
2021-12-08,2960426.2462326894,TQQQ,73196.46471382104,0.0,36.950050354003906,False
2021-12-09,2832606.908557285,TQQQ,73196.46471382104,0.0,36.950050354003906,False
2021-12-10,2920319.5850003166,TQQQ,73196.46471382104,0.0,36.950050354003906,False
2021-12-13,2794767.253615392,TQQQ,73196.46471382104,0.0,36.950050354003906,False
2021-12-14,2711588.58975332,TQQQ,73196.46471382104,0.0,36.950050354003906,False
2021-12-15,2891023.296417557,TQQQ,73196.46471382104,0.0,36.950050354003906,False
2021-12-16,2670435.1239165617,TQQQ,73196.46471382104,0.0,36.950050354003906,False
2021-12-17,2629630.127577342,TQQQ,73196.46471382104,0.0,36.950050354003906,False
2021-12-20,2550985.755518583,TQQQ,73196.46471382104,0.0,36.950050354003906,False
2021-12-21,2721528.3471037936,TQQQ,73196.46471382104,0.0,36.950050354003906,False
2021-12-22,2818656.6805392215,TQQQ,73196.46471382104,0.0,36.950050354003906,False
2021-12-23,2885618.1100927508,TQQQ,73196.46471382104,0.0,36.950050354003906,False
2021-12-27,3023551.160645044,TQQQ,73196.46471382104,0.0,36.950050354003906,False
2021-12-28,2987978.7912159846,TQQQ,73196.46471382104,0.0,36.950050354003906,False
2021-12-29,2983269.9854415483,TQQQ,73196.46471382104,0.0,36.950050354003906,False
2021-12-30,2955369.2501830678,TQQQ,73196.46471382104,0.0,36.950050354003906,False
2021-12-31,2900440.3495217226,TQQQ,73196.46471382104,0.0,36.950050354003906,False
2022-01-03,2984142.5552971647,TQQQ,73196.46471382104,0.0,39.62541580200195,False
2022-01-04,2868180.6740981136,TQQQ,73196.46471382104,0.0,39.62541580200195,False
2022-01-05,2610396.3145695506,CASH,0.0,2610396.3145695506,,False
2022-01-06,2610396.3145695506,CASH,0.0,2610396.3145695506,,False
2022-01-07,2610396.3145695506,CASH,0.0,2610396.3145695506,,False
2022-01-10,2610396.3145695506,CASH,0.0,2610396.3145695506,,False
2022-01-11,2610396.3145695506,CASH,0.0,2610396.3145695506,,False
2022-01-12,2610396.3145695506,CASH,0.0,2610396.3145695506,,False
2022-01-13,2610396.3145695506,CASH,0.0,2610396.3145695506,,False
2022-01-14,2610396.3145695506,CASH,0.0,2610396.3145695506,,False
2022-01-18,2610396.3145695506,CASH,0.0,2610396.3145695506,,False
2022-01-19,2610396.3145695506,CASH,0.0,2610396.3145695506,,False
2022-01-20,2610396.3145695506,CASH,0.0,2610396.3145695506,,False
2022-01-21,2610396.3145695506,CASH,0.0,2610396.3145695506,,False
2022-01-24,2610396.3145695506,CASH,0.0,2610396.3145695506,,False
2022-01-25,2610396.3145695506,CASH,0.0,2610396.3145695506,,False
2022-01-26,2610396.3145695506,CASH,0.0,2610396.3145695506,,False
2022-01-27,2610396.3145695506,CASH,0.0,2610396.3145695506,,False
2022-01-28,2610396.3145695506,CASH,0.0,2610396.3145695506,,False
2022-01-31,2610396.3145695506,CASH,0.0,2610396.3145695506,,False
2022-02-01,2610396.3145695506,GLD,15516.830415886598,0.0,168.22999572753906,False
2022-02-02,2619861.590593963,GLD,15516.830415886598,0.0,168.22999572753906,False
2022-02-03,2616137.702825697,GLD,15516.830415886598,0.0,168.22999572753906,False
2022-02-04,2620171.9934973326,GLD,15516.830415886598,0.0,168.22999572753906,False
2022-02-07,2639568.031517191,GLD,15516.830415886598,0.0,168.22999572753906,False
2022-02-08,2647636.8496285034,GLD,15516.830415886598,0.0,168.22999572753906,False
2022-02-09,2656636.639681883,GLD,15516.830415886598,0.0,168.22999572753906,False
2022-02-10,2646550.5578507315,GLD,15516.830415886598,0.0,168.22999572753906,False
2022-02-11,2696980.2567023626,GLD,15516.830415886598,0.0,168.22999572753906,False
2022-02-14,2711411.032108519,GLD,15516.830415886598,0.0,168.22999572753906,False
2022-02-15,2685653.0367938173,GLD,15516.830415886598,0.0,168.22999572753906,False
2022-02-16,2713272.975992652,GLD,15516.830415886598,0.0,168.22999572753906,False
2022-02-17,2750358.1912158993,GLD,15516.830415886598,0.0,168.22999572753906,False
2022-02-18,2748340.9274960607,GLD,15516.830415886598,0.0,168.22999572753906,False
2022-02-22,2754082.3157522073,GLD,15516.830415886598,0.0,168.22999572753906,False
2022-02-23,2766495.5906704827,GLD,15516.830415886598,0.0,168.22999572753906,False
2022-02-24,2748651.3303994304,GLD,15516.830415886598,0.0,168.22999572753906,False
2022-02-25,2739496.457278387,GLD,15516.830415886598,0.0,168.22999572753906,False
2022-02-28,2767892.2853516247,GLD,15516.830415886598,0.0,168.22999572753906,False
2022-03-01,2818166.6643675505,GLD,15516.830415886598,0.0,178.3800048828125,False
2022-03-02,2788839.8643522463,GLD,15516.830415886598,0.0,178.3800048828125,False
2022-03-03,2805442.9865459055,GLD,15516.830415886598,0.0,178.3800048828125,False
2022-03-04,2850131.29714139,GLD,15516.830415886598,0.0,178.3800048828125,False
2022-03-07,2892492.4146497506,GLD,15516.830415886598,0.0,178.3800048828125,False
2022-03-08,2971628.107709947,GLD,15516.830415886598,0.0,178.3800048828125,False
2022-03-09,2883337.541528708,GLD,15516.830415886598,0.0,178.3800048828125,False
2022-03-10,2892337.094814045,GLD,15516.830415886598,0.0,178.3800048828125,False
2022-03-11,2872010.0848521204,GLD,15516.830415886598,0.0,178.3800048828125,False
2022-03-14,2828718.2321697352,GLD,15516.830415886598,0.0,178.3800048828125,False
2022-03-15,2775805.7836272316,GLD,15516.830415886598,0.0,178.3800048828125,False
2022-03-16,2793184.5579272513,GLD,15516.830415886598,0.0,178.3800048828125,False
2022-03-17,2806839.444459005,GLD,15516.830415886598,0.0,178.3800048828125,False
2022-03-18,2782167.740922075,GLD,15516.830415886598,0.0,178.3800048828125,False
2022-03-21,2803425.7228260664,GLD,15516.830415886598,0.0,178.3800048828125,False
2022-03-22,2783098.712864142,GLD,15516.830415886598,0.0,178.3800048828125,False
2022-03-23,2821114.900029456,GLD,15516.830415886598,0.0,178.3800048828125,False
2022-03-24,2841597.229827086,GLD,15516.830415886598,0.0,178.3800048828125,False
2022-03-25,2829959.607015171,GLD,15516.830415886598,0.0,178.3800048828125,False
2022-03-28,2778443.6163857672,GLD,15516.830415886598,0.0,178.3800048828125,False
2022-03-29,2779684.9912312035,GLD,15516.830415886598,0.0,178.3800048828125,False
2022-03-30,2802029.2649129666,GLD,15516.830415886598,0.0,178.3800048828125,False
2022-03-31,2803115.319922697,GLD,15516.830415886598,0.0,178.3800048828125,False
2022-04-01,2785271.0596516444,GLD,15516.830415886598,0.0,180.64999389648438,False
2022-04-04,2798770.626347692,GLD,15516.830415886598,0.0,180.64999389648438,False
2022-04-05,2781236.768980009,GLD,15516.830415886598,0.0,180.64999389648438,False
2022-04-06,2787753.809342516,GLD,15516.830415886598,0.0,180.64999389648438,False
2022-04-07,2798305.140376659,GLD,15516.830415886598,0.0,180.64999389648438,False
2022-04-08,2815839.234512384,GLD,15516.830415886598,0.0,180.64999389648438,False
2022-04-11,2829804.2871794654,GLD,15516.830415886598,0.0,180.64999389648438,False
2022-04-12,2851527.991822532,GLD,15516.830415886598,0.0,180.64999389648438,False
2022-04-13,2865182.641586243,GLD,15516.830415886598,0.0,180.64999389648438,False
2022-04-14,2855717.365561831,GLD,15516.830415886598,0.0,180.64999389648438,False
2022-04-18,2864562.0725475466,GLD,15516.830415886598,0.0,180.64999389648438,False
2022-04-19,2821270.2198651615,GLD,15516.830415886598,0.0,180.64999389648438,False
2022-04-20,2835080.189464579,GLD,15516.830415886598,0.0,180.64999389648438,False
2022-04-21,2824994.1076334273,GLD,15516.830415886598,0.0,180.64999389648438,False
2022-04-22,2797529.251502256,GLD,15516.830415886598,0.0,180.64999389648438,False
2022-04-25,2747254.8724863306,GLD,15516.830415886598,0.0,180.64999389648438,False
2022-04-26,2751444.4829936717,GLD,15516.830415886598,0.0,180.64999389648438,False
2022-04-27,2730651.750292672,GLD,15516.830415886598,0.0,180.64999389648438,False
2022-04-28,2745392.6918341555,GLD,15516.830415886598,0.0,180.64999389648438,False
2022-04-29,2745082.525698828,GLD,15516.830415886598,0.0,180.64999389648438,False
2022-05-02,2694187.3408761634,GLD,15516.830415886598,0.0,176.91000366210938,False
2022-05-03,2701324.9502773676,GLD,15516.830415886598,0.0,176.91000366210938,False
2022-05-04,2727858.8344664723,GLD,15516.830415886598,0.0,176.91000366210938,False
2022-05-05,2717462.586499993,GLD,15516.830415886598,0.0,176.91000366210938,False
2022-05-06,2721962.3631426618,GLD,15516.830415886598,0.0,176.91000366210938,False
2022-05-09,2682549.7180642486,GLD,15516.830415886598,0.0,176.91000366210938,False
2022-05-10,2659895.0414791154,GLD,15516.830415886598,0.0,176.91000366210938,False
2022-05-11,2681618.746122182,GLD,15516.830415886598,0.0,176.91000366210938,False
2022-05-12,2640499.003459257,GLD,15516.830415886598,0.0,176.91000366210938,False
2022-05-13,2619085.70171956,GLD,15516.830415886598,0.0,176.91000366210938,False
2022-05-16,2644067.8081598594,GLD,15516.830415886598,0.0,176.91000366210938,False
2022-05-17,2627464.922734243,GLD,15516.830415886598,0.0,176.91000366210938,False
2022-05-18,2628861.380647342,GLD,15516.830415886598,0.0,176.91000366210938,False
2022-05-19,2667498.3736193953,GLD,15516.830415886598,0.0,176.91000366210938,False
2022-05-20,2669360.317503528,GLD,15516.830415886598,0.0,176.91000366210938,False
2022-05-23,2681773.829189846,GLD,15516.830415886598,0.0,176.91000366210938,False
2022-05-24,2701945.756084107,GLD,15516.830415886598,0.0,176.91000366210938,False
2022-05-25,2685653.0367938173,GLD,15516.830415886598,0.0,176.91000366210938,False
2022-05-26,2680687.5374120735,GLD,15516.830415886598,0.0,176.91000366210938,False
2022-05-27,2682084.2320932155,GLD,15516.830415886598,0.0,176.91000366210938,False
2022-05-31,2655550.347904111,GLD,15516.830415886598,0.0,176.91000366210938,False
2022-06-01,2672463.636233097,SHY,36790.77069386949,0.0,72.63951218826776,False
2022-06-02,2673105.868595673,SHY,36790.77069386949,0.0,72.63951218826776,False
2022-06-03,2672140.118390972,SHY,36790.77069386949,0.0,72.63951218826776,False
2022-06-06,2668604.5910909674,SHY,36790.77069386949,0.0,72.63951218826776,False
2022-06-07,2668925.5659980886,SHY,36790.77069386949,0.0,72.63951218826776,False
2022-06-08,2666997.1736203586,SHY,36790.77069386949,0.0,72.63951218826776,False
2022-06-09,2665069.0637909626,SHY,36790.77069386949,0.0,72.63951218826776,False
2022-06-10,2653816.5764000337,SHY,36790.77069386949,0.0,72.63951218826776,False
2022-06-13,2640314.7217242536,SHY,36790.77069386949,0.0,72.63951218826776,False
2022-06-14,2635171.2118569734,SHY,36790.77069386949,0.0,72.63951218826776,False
2022-06-15,2645459.3617848703,SHY,36790.77069386949,0.0,72.63951218826776,False
2022-06-16,2648995.1716332086,SHY,36790.77069386949,0.0,72.63951218826776,False
2022-06-17,2648352.3741739653,SHY,36790.77069386949,0.0,72.63951218826776,False
2022-06-21,2647386.906517599,SHY,36790.77069386949,0.0,72.63951218826776,False
2022-06-22,2655103.301511855,SHY,36790.77069386949,0.0,72.63951218826776,False
2022-06-23,2657353.233893373,SHY,36790.77069386949,0.0,72.63951218826776,False
2022-06-24,2656710.718982464,SHY,36790.77069386949,0.0,72.63951218826776,False
2022-06-27,2653816.5764000337,SHY,36790.77069386949,0.0,72.63951218826776,False
2022-06-28,2653173.496392457,SHY,36790.77069386949,0.0,72.63951218826776,False
2022-06-29,2656388.0487853405,SHY,36790.77069386949,0.0,72.63951218826776,False
2022-06-30,2661532.6888459567,SHY,36790.77069386949,0.0,72.63951218826776,False
2022-07-01,2669545.477042299,SHY,36790.77069386949,0.0,72.34240106009665,False
2022-07-05,2669223.089393509,SHY,36790.77069386949,0.0,72.34240106009665,False
2022-07-06,2661820.8881463646,SHY,36790.77069386949,0.0,72.34240106009665,False
2022-07-07,2659890.8004786326,SHY,36790.77069386949,0.0,72.34240106009665,False
2022-07-08,2656672.5749574103,SHY,36790.77069386949,0.0,72.34240106009665,False
2022-07-11,2657638.042613777,SHY,36790.77069386949,0.0,72.34240106009665,False
2022-07-12,2658925.897918933,SHY,36790.77069386949,0.0,72.34240106009665,False
2022-07-13,2656030.342594834,SHY,36790.77069386949,0.0,72.34240106009665,False
2022-07-14,2655064.0272934665,SHY,36790.77069386949,0.0,72.34240106009665,False
2022-07-15,2656995.810251201,SHY,36790.77069386949,0.0,72.34240106009665,False
2022-07-18,2655385.2847489207,SHY,36790.77069386949,0.0,72.34240106009665,False
2022-07-19,2652491.142166491,SHY,36790.77069386949,0.0,72.34240106009665,False
2022-07-20,2652168.1894210335,SHY,36790.77069386949,0.0,72.34240106009665,False
2022-07-21,2659570.673216512,SHY,36790.77069386949,0.0,72.34240106009665,False
2022-07-22,2666327.2515210775,SHY,36790.77069386949,0.0,72.34240106009665,False
2022-07-25,2664074.493656221,SHY,36790.77069386949,0.0,72.34240106009665,False
2022-07-26,2662787.2034477326,SHY,36790.77069386949,0.0,72.34240106009665,False
2022-07-27,2666970.331528654,SHY,36790.77069386949,0.0,72.34240106009665,False
2022-07-28,2672762.007273519,SHY,36790.77069386949,0.0,72.34240106009665,False
2022-07-29,2672441.314914732,SHY,36790.77069386949,0.0,72.34240106009665,False
2022-08-01,2672377.1764429742,SHY,36790.77069386949,0.0,72.6389054785429,False
2022-08-02,2663034.715788082,SHY,36790.77069386949,0.0,72.6389054785429,False
2022-08-03,2664000.748541117,SHY,36790.77069386949,0.0,72.6389054785429,False
2022-08-04,2667543.9046461326,SHY,36790.77069386949,0.0,72.6389054785429,False
2022-08-05,2656592.3312306297,SHY,36790.77069386949,0.0,72.6389054785429,False
2022-08-08,2659169.454582611,SHY,36790.77069386949,0.0,72.6389054785429,False
2022-08-09,2656592.3312306297,SHY,36790.77069386949,0.0,72.6389054785429,False
2022-08-10,2659169.454582611,SHY,36790.77069386949,0.0,72.6389054785429,False
2022-08-11,2658202.8567329096,SHY,36790.77069386949,0.0,72.6389054785429,False
2022-08-12,2658846.7843854874,SHY,36790.77069386949,0.0,72.6389054785429,False
2022-08-15,2661102.6502820146,SHY,36790.77069386949,0.0,72.6389054785429,False
2022-08-16,2658846.7843854874,SHY,36790.77069386949,0.0,72.6389054785429,False
2022-08-17,2656592.3312306297,SHY,36790.77069386949,0.0,72.6389054785429,False
2022-08-18,2660457.5924361013,SHY,36790.77069386949,0.0,72.6389054785429,False
2022-08-19,2658525.5269300328,SHY,36790.77069386949,0.0,72.6389054785429,False
2022-08-22,2654981.523180016,SHY,36790.77069386949,0.0,72.6389054785429,False
2022-08-23,2656271.356323509,SHY,36790.77069386949,0.0,72.6389054785429,False
2022-08-24,2653370.9976777364,SHY,36790.77069386949,0.0,72.6389054785429,False
2022-08-25,2654981.523180016,SHY,36790.77069386949,0.0,72.6389054785429,False
2022-08-26,2654337.878075772,SHY,36790.77069386949,0.0,72.6389054785429,False
2022-08-29,2652404.964924702,SHY,36790.77069386949,0.0,72.6389054785429,False
2022-08-30,2651116.8270712118,SHY,36790.77069386949,0.0,72.6389054785429,False
2022-08-31,2650794.439422422,SHY,36790.77069386949,0.0,72.6389054785429,False
2022-09-01,2648857.8531430145,IEF,30242.506346869264,0.0,87.58724633341201,False
2022-09-02,2663696.8459838405,IEF,30242.506346869264,0.0,87.58724633341201,False
2022-09-06,2634017.9326912095,IEF,30242.506346869264,0.0,87.58724633341201,False
2022-09-07,2651243.204777083,IEF,30242.506346869264,0.0,87.58724633341201,False
2022-09-08,2641438.124819857,IEF,30242.506346869264,0.0,87.58724633341201,False
2022-09-09,2641703.421560026,IEF,30242.506346869264,0.0,87.58724633341201,False
2022-09-12,2635343.0249755825,IEF,30242.506346869264,0.0,87.58724633341201,False
2022-09-13,2620503.800232012,IEF,30242.506346869264,0.0,87.58724633341201,False
2022-09-14,2621827.964905406,IEF,30242.506346869264,0.0,87.58724633341201,False
2022-09-15,2612819.0070714303,IEF,30242.506346869264,0.0,87.58724633341201,False
2022-09-16,2614938.59815984,IEF,30242.506346869264,0.0,87.58724633341201,False
2022-09-19,2607518.6379339374,IEF,30242.506346869264,0.0,87.58724633341201,False
2022-09-20,2591354.552808738,IEF,30242.506346869264,0.0,87.58724633341201,False
2022-09-21,2601689.2986353217,IEF,30242.506346869264,0.0,87.58724633341201,False
2022-09-22,2562470.370222888,IEF,30242.506346869264,0.0,87.58724633341201,False
2022-09-23,2565650.452563737,IEF,30242.506346869264,0.0,87.58724633341201,False
2022-09-26,2522986.376973031,IEF,30242.506346869264,0.0,87.58724633341201,False
2022-09-27,2505761.5686926474,IEF,30242.506346869264,0.0,87.58724633341201,False
2022-09-28,2562206.2329964438,IEF,30242.506346869264,0.0,87.58724633341201,False
2022-09-29,2550280.8662425736,IEF,30242.506346869264,0.0,87.58724633341201,False
2022-09-30,2543655.1729179625,IEF,30242.506346869264,0.0,87.58724633341201,False
2022-10-03,2573844.2722493787,SHY,36074.68078370304,0.0,71.34766590677994,False
2022-10-04,2574793.7186801294,SHY,36074.68078370304,0.0,71.34766590677994,False
2022-10-05,2572262.0462306975,SHY,36074.68078370304,0.0,71.34766590677994,False
2022-10-06,2569094.2696070597,SHY,36074.68078370304,0.0,71.34766590677994,False
2022-10-07,2565927.6011788473,SHY,36074.68078370304,0.0,71.34766590677994,False
2022-10-10,2564977.3236015276,SHY,36074.68078370304,0.0,71.34766590677994,False
2022-10-11,2566244.8221193817,SHY,36074.68078370304,0.0,71.34766590677994,False
2022-10-12,2568777.6027642386,SHY,36074.68078370304,0.0,71.34766590677994,False
2022-10-13,2561177.321487672,SHY,36074.68078370304,0.0,71.34766590677994,False
2022-10-14,2559910.3770675315,SHY,36074.68078370304,0.0,71.34766590677994,False
2022-10-17,2562761.2097994913,SHY,36074.68078370304,0.0,71.34766590677994,False
2022-10-18,2564028.154219633,SHY,36074.68078370304,0.0,71.34766590677994,False
2022-10-19,2559277.597479602,SHY,36074.68078370304,0.0,71.34766590677994,False
2022-10-20,2556427.0417964975,SHY,36074.68078370304,0.0,71.34766590677994,False
2022-10-21,2563078.153691169,SHY,36074.68078370304,0.0,71.34766590677994,False
2022-10-24,2562443.7118101013,SHY,36074.68078370304,0.0,71.34766590677994,False
2022-10-25,2564977.3236015276,SHY,36074.68078370304,0.0,71.34766590677994,False
2022-10-26,2567193.4374035634,SHY,36074.68078370304,0.0,71.34766590677994,False
2022-10-27,2572577.327829237,SHY,36074.68078370304,0.0,71.34766590677994,False
2022-10-28,2568777.6027642386,SHY,36074.68078370304,0.0,71.34766590677994,False
2022-10-31,2564977.3236015276,SHY,36074.68078370304,0.0,71.34766590677994,False
2022-11-01,2562472.2478423063,SHY,36074.68078370304,0.0,71.10187166951376,False
2022-11-02,2561202.5329336016,SHY,36074.68078370304,0.0,71.10187166951376,False
2022-11-03,2556443.941776736,SHY,36074.68078370304,0.0,71.10187166951376,False
2022-11-04,2559298.9302415415,SHY,36074.68078370304,0.0,71.10187166951376,False
2022-11-07,2557078.9377555167,SHY,36074.68078370304,0.0,71.10187166951376,False
2022-11-08,2559616.705279788,SHY,36074.68078370304,0.0,71.10187166951376,False
2022-11-09,2563740.854555586,SHY,36074.68078370304,0.0,71.10187166951376,False
2022-11-10,2577698.298890224,SHY,36074.68078370304,0.0,71.10187166951376,False
2022-11-11,2577063.302911443,SHY,36074.68078370304,0.0,71.10187166951376,False
2022-11-14,2574842.4792788494,SHY,36074.68078370304,0.0,71.10187166951376,False
2022-11-15,2577381.0779496897,SHY,36074.68078370304,0.0,71.10187166951376,False
2022-11-16,2577698.298890224,SHY,36074.68078370304,0.0,71.10187166951376,False
2022-11-17,2574526.366533741,SHY,36074.68078370304,0.0,71.10187166951376,False
2022-11-18,2571671.1010200786,SHY,36074.68078370304,0.0,71.10187166951376,False
2022-11-21,2571036.6591390106,SHY,36074.68078370304,0.0,71.10187166951376,False
2022-11-22,2572939.9847822143,SHY,36074.68078370304,0.0,71.10187166951376,False
2022-11-23,2575159.700219383,SHY,36074.68078370304,0.0,71.10187166951376,False
2022-11-25,2575478.029355342,SHY,36074.68078370304,0.0,71.10187166951376,False
2022-11-28,2576111.917138698,SHY,36074.68078370304,0.0,71.10187166951376,False
2022-11-29,2575159.700219383,SHY,36074.68078370304,0.0,71.10187166951376,False
2022-11-30,2582773.002792198,SHY,36074.68078370304,0.0,71.10187166951376,False
2022-12-01,2588336.4208767945,SHY,36074.68078370304,0.0,71.59517275504159,False
2022-12-02,2587700.3167025875,SHY,36074.68078370304,0.0,71.59517275504159,False
2022-12-05,2580388.720334351,SHY,36074.68078370304,0.0,71.59517275504159,False
2022-12-06,2583250.9120694217,SHY,36074.68078370304,0.0,71.59517275504159,False
2022-12-07,2588653.918866185,SHY,36074.68078370304,0.0,71.59517275504159,False
2022-12-08,2586110.887413642,SHY,36074.68078370304,0.0,71.59517275504159,False
2022-12-09,2584839.5102117993,SHY,36074.68078370304,0.0,71.59517275504159,False
2022-12-12,2583250.9120694217,SHY,36074.68078370304,0.0,71.59517275504159,False
2022-12-13,2590878.3441339117,SHY,36074.68078370304,0.0,71.59517275504159,False
2022-12-14,2591197.781465296,SHY,36074.68078370304,0.0,71.59517275504159,False
2022-12-15,2591546.863024312,SHY,36074.68078370304,0.0,71.59517275504159,False
2022-12-16,2594095.712502838,SHY,36074.68078370304,0.0,71.59517275504159,False
2022-12-19,2590910.204752393,SHY,36074.68078370304,0.0,71.59517275504159,False
2022-12-20,2590910.204752393,SHY,36074.68078370304,0.0,71.59517275504159,False
2022-12-21,2593458.5001332066,SHY,36074.68078370304,0.0,71.59517275504159,False
2022-12-22,2591864.9151114146,SHY,36074.68078370304,0.0,71.59517275504159,False
2022-12-23,2590591.598567577,SHY,36074.68078370304,0.0,71.59517275504159,False
2022-12-27,2587087.484632317,SHY,36074.68078370304,0.0,71.59517275504159,False
2022-12-28,2587087.484632317,SHY,36074.68078370304,0.0,71.59517275504159,False
2022-12-29,2588999.675838924,SHY,36074.68078370304,0.0,71.59517275504159,False
2022-12-30,2585812.782844197,SHY,36074.68078370304,0.0,71.59517275504159,False
2023-01-03,2588042.749089051,GLD,15129.444557618213,0.0,171.05999755859375,False
2023-01-04,2612401.1640610965,GLD,15129.444557618213,0.0,171.05999755859375,False
2023-01-05,2579872.9506050185,GLD,15129.444557618213,0.0,171.05999755859375,False
2023-01-06,2628135.915680941,GLD,15129.444557618213,0.0,171.05999755859375,False
2023-01-09,2634036.389824132,GLD,15129.444557618213,0.0,171.05999755859375,False
2023-01-10,2643719.225106728,GLD,15129.444557618213,0.0,171.05999755859375,False
2023-01-11,2641903.5347770513,GLD,15129.444557618213,0.0,171.05999755859375,False
2023-01-12,2672465.077423401,GLD,15129.444557618213,0.0,171.05999755859375,False
2023-01-13,2704539.426011311,GLD,15129.444557618213,0.0,171.05999755859375,False
2023-01-17,2686838.0035817376,GLD,15129.444557618213,0.0,171.05999755859375,False
2023-01-18,2679122.0699658734,GLD,15129.444557618213,0.0,171.05999755859375,False
2023-01-19,2721635.7722356603,GLD,15129.444557618213,0.0,171.05999755859375,False
2023-01-20,2712558.0131582883,GLD,15129.444557618213,0.0,171.05999755859375,False
2023-01-23,2717702.1997592007,GLD,15129.444557618213,0.0,171.05999755859375,False
2023-01-24,2727536.246378851,GLD,15129.444557618213,0.0,171.05999755859375,False
2023-01-25,2740093.7130645146,GLD,15129.444557618213,0.0,171.05999755859375,False
2023-01-26,2715281.433224301,GLD,15129.444557618213,0.0,171.05999755859375,False
2023-01-27,2711499.0720848963,GLD,15129.444557618213,0.0,171.05999755859375,False
2023-01-30,2704539.426011311,GLD,15129.444557618213,0.0,171.05999755859375,False
2023-01-31,2714373.7034879643,GLD,15129.444557618213,0.0,171.05999755859375,False
2023-02-01,2748566.1650796602,GLD,15129.444557618213,0.0,179.41000366210938,False
2023-02-02,2691528.0944574787,GLD,15129.444557618213,0.0,179.41000366210938,False
2023-02-03,2624353.5545415366,GLD,15129.444557618213,0.0,179.41000366210938,False
2023-02-06,2629800.163816559,GLD,15129.444557618213,0.0,179.41000366210938,False
2023-02-07,2632220.699494456,GLD,15129.444557618213,0.0,179.41000366210938,False
2023-02-08,2638726.4806998735,GLD,15129.444557618213,0.0,179.41000366210938,False
2023-02-09,2617847.773336119,GLD,15129.444557618213,0.0,179.41000366210938,False
2023-02-10,2622840.5177429738,GLD,15129.444557618213,0.0,179.41000366210938,False
2023-02-13,2609526.5326580284,GLD,15129.444557618213,0.0,179.41000366210938,False
2023-02-14,2611493.43432476,GLD,15129.444557618213,0.0,179.41000366210938,False
2023-02-15,2585470.771217096,GLD,15129.444557618213,0.0,179.41000366210938,False
2023-02-16,2583352.65821331,GLD,15129.444557618213,0.0,179.41000366210938,False
2023-02-17,2591068.591829174,GLD,15129.444557618213,0.0,179.41000366210938,False
2023-02-21,2581385.7565465784,GLD,15129.444557618213,0.0,179.41000366210938,False
2023-02-22,2566861.619051187,GLD,15129.444557618213,0.0,179.41000366210938,False
2023-02-23,2565500.024446682,GLD,15129.444557618213,0.0,179.41000366210938,False
2023-02-24,2547042.0836178274,GLD,15129.444557618213,0.0,179.41000366210938,False
2023-02-27,2557027.341574533,GLD,15129.444557618213,0.0,179.41000366210938,False
2023-02-28,2568677.07852386,GLD,15129.444557618213,0.0,179.41000366210938,False
2023-03-01,2583503.869550365,GLD,15129.444557618213,0.0,169.77999877929688,False
2023-03-02,2581991.063608805,GLD,15129.444557618213,0.0,169.77999877929688,False
2023-03-03,2609677.974852087,GLD,15129.444557618213,0.0,169.77999877929688,False
2023-03-06,2596515.2011041967,GLD,15129.444557618213,0.0,169.77999877929688,False
2023-03-07,2551126.867431342,GLD,15129.444557618213,0.0,169.77999877929688,False
2023-03-08,2549916.4841638925,GLD,15129.444557618213,0.0,169.77999877929688,False
2023-03-09,2575031.4175352193,GLD,15129.444557618213,0.0,169.77999877929688,False
2023-03-10,2630556.4513588375,GLD,15129.444557618213,0.0,169.77999877929688,False
2023-03-13,2690923.0182522554,GLD,15129.444557618213,0.0,169.77999877929688,False
2023-03-14,2675339.7088264693,GLD,15129.444557618213,0.0,169.77999877929688,False
2023-03-15,2696218.4161902233,GLD,15129.444557618213,0.0,169.77999877929688,False
2023-03-16,2701665.025465246,GLD,15129.444557618213,0.0,169.77999877929688,False
2023-03-17,2780338.09099346,GLD,15129.444557618213,0.0,169.77999877929688,False
2023-03-20,2781397.0320668514,GLD,15129.444557618213,0.0,169.77999877929688,False
2023-03-21,2728897.8409833563,GLD,15129.444557618213,0.0,169.77999877929688,False
2023-03-22,2775345.3465866055,GLD,15129.444557618213,0.0,169.77999877929688,False
2023-03-23,2810143.1152405282,GLD,15129.444557618213,0.0,169.77999877929688,False
2023-03-24,2778522.400663784,GLD,15129.444557618213,0.0,169.77999877929688,False
2023-03-27,2752802.391087233,GLD,15129.444557618213,0.0,169.77999877929688,False
2023-03-28,2775345.3465866055,GLD,15129.444557618213,0.0,169.77999877929688,False
2023-03-29,2761577.4966334924,GLD,15129.444557618213,0.0,169.77999877929688,False
2023-03-30,2786540.987810761,GLD,15129.444557618213,0.0,169.77999877929688,False
2023-03-31,2772016.850315369,GLD,15129.444557618213,0.0,169.77999877929688,False
2023-04-03,2791987.5970857837,TQQQ,206547.50744561007,0.0,13.517411231994629,False
2023-04-04,2764127.864729169,TQQQ,206547.50744561007,0.0,13.517411231994629,False
2023-04-05,2675572.5828232314,TQQQ,206547.50744561007,0.0,13.517411231994629,False
2023-04-06,2729302.362122425,TQQQ,206547.50744561007,0.0,13.517411231994629,False
2023-04-10,2723332.5179641056,TQQQ,206547.50744561007,0.0,13.517411231994629,False
2023-04-11,2670597.482882403,TQQQ,206547.50744561007,0.0,13.517411231994629,False
2023-04-12,2599951.536472371,TQQQ,206547.50744561007,0.0,13.517411231994629,False
2023-04-13,2749202.5649066847,TQQQ,206547.50744561007,0.0,13.517411231994629,False
2023-04-14,2733282.1269086027,TQQQ,206547.50744561007,0.0,13.517411231994629,False
2023-04-17,2736267.738414448,TQQQ,206547.50744561007,0.0,13.517411231994629,False
2023-04-18,2738257.620807537,TQQQ,206547.50744561007,0.0,13.517411231994629,False
2023-04-19,2732287.3826911114,TQQQ,206547.50744561007,0.0,13.517411231994629,False
2023-04-20,2668607.009552155,TQQQ,206547.50744561007,0.0,13.517411231994629,False
2023-04-21,2673582.5034510894,TQQQ,206547.50744561007,0.0,13.517411231994629,False
2023-04-24,2657661.8684739545,TQQQ,206547.50744561007,0.0,13.517411231994629,False
2023-04-25,2512788.8373772055,CASH,0.0,2512788.8373772055,,False
2023-04-26,2512788.8373772055,CASH,0.0,2512788.8373772055,,False
2023-04-27,2512788.8373772055,CASH,0.0,2512788.8373772055,,False
2023-04-28,2512788.8373772055,CASH,0.0,2512788.8373772055,,False
2023-05-01,2512788.8373772055,TQQQ,185166.8270910506,0.0,13.570405006408691,False
2023-05-02,2445888.1525976146,TQQQ,185166.8270910506,0.0,13.570405006408691,False
2023-05-03,2397719.129789767,TQQQ,185166.8270910506,0.0,13.570405006408691,False
2023-05-04,2370959.2090556254,TQQQ,185166.8270910506,0.0,13.570405006408691,False
2023-05-05,2516356.4618581403,TQQQ,185166.8270910506,0.0,13.570405006408691,False
2023-05-08,2536872.907309011,TQQQ,185166.8270910506,0.0,13.570405006408691,False
2023-05-09,2487812.46400026,TQQQ,185166.8270910506,0.0,13.570405006408691,False
2023-05-10,2568093.109146922,TQQQ,185166.8270910506,0.0,13.570405006408691,False
2023-05-11,2589501.5048652384,TQQQ,185166.8270910506,0.0,13.570405006408691,False
2023-05-12,2562741.0543645546,TQQQ,185166.8270910506,0.0,13.570405006408691,False
2023-05-15,2601989.514964864,TQQQ,185166.8270910506,0.0,13.570405006408691,False
2023-05-16,2611801.674262153,TQQQ,185166.8270910506,0.0,13.570405006408691,False
2023-05-17,2705462.2797758863,TQQQ,185166.8270910506,0.0,13.570405006408691,False
2023-05-18,2850859.7091672486,TQQQ,185166.8270910506,0.0,13.570405006408691,False
2023-05-19,2831235.567161517,TQQQ,185166.8270910506,0.0,13.570405006408691,False
2023-05-22,2860671.8684645374,TQQQ,185166.8270910506,0.0,13.570405006408691,False
2023-05-23,2750062.97174741,TQQQ,185166.8270910506,0.0,13.570405006408691,False
2023-05-24,2705462.2797758863,TQQQ,185166.8270910506,0.0,13.570405006408691,False
2023-05-25,2900812.4559211396,TQQQ,185166.8270910506,0.0,13.570405006408691,False
2023-05-26,3120246.1722316565,TQQQ,185166.8270910506,0.0,13.570405006408691,False
2023-05-30,3163955.090524582,TQQQ,185166.8270910506,0.0,13.570405006408691,False
2023-05-31,3099730.4331361745,TQQQ,185166.8270910506,0.0,13.570405006408691,False
2023-06-01,3212123.936743582,TQQQ,185166.8270910506,0.0,16.740203857421875,False
2023-06-02,3284376.323127846,TQQQ,185166.8270910506,0.0,16.740203857421875,False
2023-06-05,3291512.6316227987,TQQQ,185166.8270910506,0.0,16.740203857421875,False
2023-06-06,3287944.124197628,TQQQ,185166.8270910506,0.0,16.740203857421875,False
2023-06-07,3120246.1722316565,TQQQ,185166.8270910506,0.0,16.740203857421875,False
2023-06-08,3227287.974234391,TQQQ,185166.8270910506,0.0,16.740203857421875,False
2023-06-09,3266536.2582458532,TQQQ,185166.8270910506,0.0,16.740203857421875,False
2023-06-12,3433342.083355532,TQQQ,185166.8270910506,0.0,16.740203857421875,False
2023-06-13,3510053.338132787,TQQQ,185166.8270910506,0.0,16.740203857421875,False
2023-06-14,3584982.4582636235,TQQQ,185166.8270910506,0.0,16.740203857421875,False
2023-06-15,3710756.4520046436,TQQQ,185166.8270910506,0.0,16.740203857421875,False
2023-06-16,3639395.132943589,TQQQ,185166.8270910506,0.0,16.740203857421875,False
2023-06-20,3621555.421239291,TQQQ,185166.8270910506,0.0,16.740203857421875,False
2023-06-21,3476413.8690875894,TQQQ,185166.8270910506,0.0,16.740203857421875,False
2023-06-22,3591847.8794668987,TQQQ,185166.8270910506,0.0,16.740203857421875,False
2023-06-23,3485362.685510687,TQQQ,185166.8270910506,0.0,16.740203857421875,False
2023-06-26,3347558.7531398004,TQQQ,185166.8270910506,0.0,16.740203857421875,False
2023-06-27,3513101.6148139676,TQQQ,185166.8270910506,0.0,16.740203857421875,False
2023-06-28,3534578.3504161686,TQQQ,185166.8270910506,0.0,16.740203857421875,False
2023-06-29,3510416.7579804217,TQQQ,185166.8270910506,0.0,16.740203857421875,False
2023-06-30,3668802.4736756603,TQQQ,185166.8270910506,0.0,16.740203857421875,False
2023-07-03,3693857.6056784783,TECL,74020.44134836663,0.0,49.9032096862793,False
2023-07-05,3626358.114924057,TECL,74020.44134836663,0.0,49.9032096862793,False
2023-07-06,3590542.3006330202,TECL,74020.44134836663,0.0,49.9032096862793,False
2023-07-07,3540951.281755267,TECL,74020.44134836663,0.0,49.9032096862793,False
2023-07-10,3569879.0702045835,TECL,74020.44134836663,0.0,49.9032096862793,False
2023-07-11,3593297.059184788,TECL,74020.44134836663,0.0,49.9032096862793,False
2023-07-12,3713831.2993722474,TECL,74020.44134836663,0.0,49.9032096862793,False
2023-07-13,3856406.9963607527,TECL,74020.44134836663,0.0,49.9032096862793,False
2023-07-14,3834365.5395597066,TECL,74020.44134836663,0.0,49.9032096862793,False
2023-07-17,3983139.44328969,TECL,74020.44134836663,0.0,49.9032096862793,False
2023-07-18,4117449.17042944,TECL,74020.44134836663,0.0,49.9032096862793,False
2023-07-19,4085077.0866936888,TECL,74020.44134836663,0.0,49.9032096862793,False
2023-07-20,3836432.455570258,TECL,74020.44134836663,0.0,49.9032096862793,False
2023-07-21,3826100.699173252,TECL,74020.44134836663,0.0,49.9032096862793,False
2023-07-24,3850207.3777913987,TECL,74020.44134836663,0.0,49.9032096862793,False
2023-07-25,3976940.954182637,TECL,74020.44134836663,0.0,49.9032096862793,False
2023-07-26,3817146.32205213,TECL,74020.44134836663,0.0,49.9032096862793,False
2023-07-27,3781330.7901266688,TECL,74020.44134836663,0.0,49.9032096862793,False
2023-07-28,3932859.170042845,TECL,74020.44134836663,0.0,49.9032096862793,False
2023-07-31,3957654.8206645087,TECL,74020.44134836663,0.0,49.9032096862793,False
2023-08-01,3977629.0790894283,TECL,74020.44134836663,0.0,53.4670524597168,False
2023-08-02,3680082.118726187,TECL,74020.44134836663,0.0,53.4670524597168,False
2023-08-03,3636000.8993175454,TECL,74020.44134836663,0.0,53.4670524597168,False
2023-08-04,3561889.338598058,CASH,0.0,3561889.338598058,,False
2023-08-07,3561889.338598058,CASH,0.0,3561889.338598058,,False
2023-08-08,3561889.338598058,CASH,0.0,3561889.338598058,,False
2023-08-09,3561889.338598058,CASH,0.0,3561889.338598058,,False
2023-08-10,3561889.338598058,CASH,0.0,3561889.338598058,,False
2023-08-11,3561889.338598058,CASH,0.0,3561889.338598058,,False
2023-08-14,3561889.338598058,CASH,0.0,3561889.338598058,,False
2023-08-15,3561889.338598058,CASH,0.0,3561889.338598058,,False
2023-08-16,3561889.338598058,CASH,0.0,3561889.338598058,,False
2023-08-17,3561889.338598058,CASH,0.0,3561889.338598058,,False
2023-08-18,3561889.338598058,CASH,0.0,3561889.338598058,,False
2023-08-21,3561889.338598058,CASH,0.0,3561889.338598058,,False
2023-08-22,3561889.338598058,CASH,0.0,3561889.338598058,,False
2023-08-23,3561889.338598058,CASH,0.0,3561889.338598058,,False
2023-08-24,3561889.338598058,CASH,0.0,3561889.338598058,,False
2023-08-25,3561889.338598058,CASH,0.0,3561889.338598058,,False
2023-08-28,3561889.338598058,CASH,0.0,3561889.338598058,,False
2023-08-29,3561889.338598058,CASH,0.0,3561889.338598058,,False
2023-08-30,3561889.338598058,CASH,0.0,3561889.338598058,,False
2023-08-31,3561889.338598058,CASH,0.0,3561889.338598058,,False
2023-09-01,3561889.338598058,TQQQ,174287.1870507296,0.0,20.43689727783203,False
2023-09-05,3571154.7279975447,TQQQ,174287.1870507296,0.0,20.43689727783203,False
2023-09-06,3476821.7481151656,TQQQ,174287.1870507296,0.0,20.43689727783203,False
2023-09-07,3401019.214605332,TQQQ,174287.1870507296,0.0,20.43689727783203,False
2023-09-08,3411125.975293929,TQQQ,174287.1870507296,0.0,20.43689727783203,False
2023-09-11,3527357.54611672,TQQQ,174287.1870507296,0.0,20.43689727783203,False
2023-09-12,3414495.11714108,TQQQ,174287.1870507296,0.0,20.43689727783203,False
2023-09-13,3448184.5410540234,TQQQ,174287.1870507296,0.0,20.43689727783203,False
2023-09-14,3529041.9508270817,TQQQ,174287.1870507296,0.0,20.43689727783203,False
2023-09-15,3347956.975751449,TQQQ,174287.1870507296,0.0,20.43689727783203,False
2023-09-18,3355537.9604405737,TQQQ,174287.1870507296,0.0,20.43689727783203,False
2023-09-19,3335323.7742105233,TQQQ,174287.1870507296,0.0,20.43689727783203,False
2023-09-20,3205700.404738252,CASH,0.0,3205700.404738252,,False
2023-09-21,3205700.404738252,CASH,0.0,3205700.404738252,,False
2023-09-22,3205700.404738252,CASH,0.0,3205700.404738252,,False
2023-09-25,3205700.404738252,CASH,0.0,3205700.404738252,,False
2023-09-26,3205700.404738252,CASH,0.0,3205700.404738252,,False
2023-09-27,3205700.404738252,CASH,0.0,3205700.404738252,,False
2023-09-28,3205700.404738252,CASH,0.0,3205700.404738252,,False
2023-09-29,3205700.404738252,CASH,0.0,3205700.404738252,,False
2023-10-02,3205700.404738252,TQQQ,181251.9772973668,0.0,17.686429977416992,False
2023-10-03,3036054.281722978,TQQQ,181251.9772973668,0.0,17.686429977416992,False
2023-10-04,3159113.466443534,TQQQ,181251.9772973668,0.0,17.686429977416992,False
2023-10-05,3125712.280380602,TQQQ,181251.9772973668,0.0,17.686429977416992,False
2023-10-06,3283051.7935023983,TQQQ,181251.9772973668,0.0,17.686429977416992,False
2023-10-09,3331396.325052312,TQQQ,181251.9772973668,0.0,17.686429977416992,False
2023-10-10,3385894.5072596753,TQQQ,181251.9772973668,0.0,17.686429977416992,False
2023-10-11,3457972.4248368135,TQQQ,181251.9772973668,0.0,17.686429977416992,False
2023-10-12,3417538.791488834,TQQQ,181251.9772973668,0.0,17.686429977416992,False
2023-10-13,3288325.9561108286,TQQQ,181251.9772973668,0.0,17.686429977416992,False
2023-10-16,3399079.5680700396,TQQQ,181251.9772973668,0.0,17.686429977416992,False
2023-10-17,3366556.4872132833,TQQQ,181251.9772973668,0.0,17.686429977416992,False
2023-10-18,3224159.2824463355,TQQQ,181251.9772973668,0.0,17.686429977416992,False
2023-10-19,3138018.198852658,TQQQ,181251.9772973668,0.0,17.686429977416992,False
2023-10-20,2996499.4450025964,TQQQ,181251.9772973668,0.0,17.686429977416992,False
2023-10-23,3022868.5294911917,TQQQ,181251.9772973668,0.0,17.686429977416992,False
2023-10-24,3108132.1993001164,TQQQ,181251.9772973668,0.0,17.686429977416992,False
2023-10-25,2885130.364264427,CASH,0.0,2885130.364264427,,False
2023-10-26,2885130.364264427,CASH,0.0,2885130.364264427,,False
2023-10-27,2885130.364264427,CASH,0.0,2885130.364264427,,False
2023-10-30,2885130.364264427,CASH,0.0,2885130.364264427,,False
2023-10-31,2885130.364264427,CASH,0.0,2885130.364264427,,False
2023-11-01,2885130.364264427,TQQQ,172591.64153938578,0.0,16.71651268005371,False
2023-11-02,3038300.969113563,TQQQ,172591.64153938578,0.0,16.71651268005371,False
2023-11-03,3145436.6459533786,TQQQ,172591.64153938578,0.0,16.71651268005371,False
2023-11-06,3181427.58368444,TQQQ,172591.64153938578,0.0,16.71651268005371,False
2023-11-07,3270986.030642977,TQQQ,172591.64153938578,0.0,16.71651268005371,False
2023-11-08,3276845.6559241223,TQQQ,172591.64153938578,0.0,16.71651268005371,False
2023-11-09,3199003.825988423,TQQQ,172591.64153938578,0.0,16.71651268005371,False
2023-11-10,3412438.701699549,TQQQ,172591.64153938578,0.0,16.71651268005371,False
2023-11-13,3381470.2528962647,TQQQ,172591.64153938578,0.0,16.71651268005371,False
2023-11-14,3594067.333869159,TQQQ,172591.64153938578,0.0,16.71651268005371,False
2023-11-15,3604110.9949549874,TQQQ,172591.64153938578,0.0,16.71651268005371,False
2023-11-16,3609969.9618512695,TQQQ,172591.64153938578,0.0,16.71651268005371,False
2023-11-17,3612481.3709113738,TQQQ,172591.64153938578,0.0,16.71651268005371,False
2023-11-20,3741378.971822013,TQQQ,172591.64153938578,0.0,16.71651268005371,False
2023-11-21,3673582.119741868,TQQQ,172591.64153938578,0.0,16.71651268005371,False
2023-11-22,3716269.16072258,TQQQ,172591.64153938578,0.0,16.71651268005371,False
2023-11-24,3697855.1236803653,TQQQ,172591.64153938578,0.0,16.71651268005371,False
2023-11-27,3686973.667856306,TQQQ,172591.64153938578,0.0,16.71651268005371,False
2023-11-28,3716269.16072258,TQQQ,172591.64153938578,0.0,16.71651268005371,False
2023-11-29,3702877.612608142,TQQQ,172591.64153938578,0.0,16.71651268005371,False
2023-11-30,3671907.8470351323,TQQQ,172591.64153938578,0.0,16.71651268005371,False
2023-12-01,3702877.612608142,TQQQ,172591.64153938578,0.0,21.27511978149414,False
2023-12-04,3597415.5500902003,TQQQ,172591.64153938578,0.0,21.27511978149414,False
2023-12-05,3623362.16835057,TQQQ,172591.64153938578,0.0,21.27511978149414,False
2023-12-06,3558913.532491466,TQQQ,172591.64153938578,0.0,21.27511978149414,False
2023-12-07,3707898.7847661935,TQQQ,172591.64153938578,0.0,21.27511978149414,False
2023-12-08,3752259.7692612093,TQQQ,172591.64153938578,0.0,21.27511978149414,False
2023-12-11,3847678.1706933235,TQQQ,172591.64153938578,0.0,21.27511978149414,False
2023-12-12,3940584.8338729017,TQQQ,172591.64153938578,0.0,21.27511978149414,False
2023-12-13,4079526.095869369,TQQQ,172591.64153938578,0.0,21.27511978149414,False
2023-12-14,4072829.992619719,TQQQ,172591.64153938578,0.0,21.27511978149414,False
2023-12-15,4121376.0004967125,TQQQ,172591.64153938578,0.0,21.27511978149414,False
2023-12-18,4207585.902041777,TQQQ,172591.64153938578,0.0,21.27511978149414,False
2023-12-19,4270361.581963871,TQQQ,172591.64153938578,0.0,21.27511978149414,False
2023-12-20,4080621.3190890527,TQQQ,172591.64153938578,0.0,21.27511978149414,False
2023-12-21,4215969.445695424,TQQQ,172591.64153938578,0.0,21.27511978149414,False
2023-12-22,4232782.949135565,TQQQ,172591.64153938578,0.0,21.27511978149414,False
2023-12-26,4310125.39415264,TQQQ,172591.64153938578,0.0,21.27511978149414,False
2023-12-27,4332822.553921427,TQQQ,172591.64153938578,0.0,21.27511978149414,False
2023-12-28,4321894.3527720915,TQQQ,172591.64153938578,0.0,21.27511978149414,False
2023-12-29,4262206.497857702,TQQQ,172591.64153938578,0.0,21.27511978149414,False
2024-01-02,4046153.8839310897,TECL,70523.06676327264,0.0,57.37348175048828,False
2024-01-03,3906880.888576834,TECL,70523.06676327264,0.0,57.37348175048828,False
2024-01-04,3820820.601057618,TECL,70523.06676327264,0.0,57.37348175048828,False
2024-01-05,3820163.1060351515,TECL,70523.06676327264,0.0,57.37348175048828,False
2024-01-08,4107249.8064319775,TECL,70523.06676327264,0.0,57.37348175048828,False
2024-01-09,4122359.8168378077,TECL,70523.06676327264,0.0,57.37348175048828,False
2024-01-10,4227471.856607853,TECL,70523.06676327264,0.0,57.37348175048828,False
2024-01-11,4284626.575312042,TECL,70523.06676327264,0.0,57.37348175048828,False
2024-01-12,4324700.4126879005,TECL,70523.06676327264,0.0,57.37348175048828,False
2024-01-16,4355577.390473727,TECL,70523.06676327264,0.0,57.37348175048828,False
2024-01-17,4289882.769153674,TECL,70523.06676327264,0.0,57.37348175048828,False
2024-01-18,4548063.631711322,TECL,70523.06676327264,0.0,57.37348175048828,False
2024-01-19,4855515.7292831605,TECL,70523.06676327264,0.0,57.37348175048828,False
2024-01-22,4914641.856958149,TECL,70523.06676327264,0.0,57.37348175048828,False
2024-01-23,4976394.736433203,TECL,70523.06676327264,0.0,57.37348175048828,False
2024-01-24,5077565.03435825,TECL,70523.06676327264,0.0,57.37348175048828,False
2024-01-25,5136033.667010771,TECL,70523.06676327264,0.0,57.37348175048828,False
2024-01-26,4952087.866437341,TECL,70523.06676327264,0.0,57.37348175048828,False
2024-01-29,5088732.7648707805,TECL,70523.06676327264,0.0,57.37348175048828,False
2024-01-30,4966539.305724106,TECL,70523.06676327264,0.0,57.37348175048828,False
2024-01-31,4649233.9296363685,TECL,70523.06676327264,0.0,57.37348175048828,False
2024-02-01,4827923.536368166,TQQQ,181868.33393893734,0.0,26.54625701904297,False
2024-02-02,5070647.871521278,TQQQ,181868.33393893734,0.0,26.54625701904297,False
2024-02-05,5044957.817689828,TQQQ,181868.33393893734,0.0,26.54625701904297,False
2024-02-06,5015725.707664357,TQQQ,181868.33393893734,0.0,26.54625701904297,False
2024-02-07,5165435.598598412,TQQQ,181868.33393893734,0.0,26.54625701904297,False
2024-02-08,5186695.567261532,TQQQ,181868.33393893734,0.0,26.54625701904297,False
2024-02-09,5339063.301164797,TQQQ,181868.33393893734,0.0,26.54625701904297,False
2024-02-12,5276167.261513932,TQQQ,181868.33393893734,0.0,26.54625701904297,False
2024-02-13,5026356.038882234,TQQQ,181868.33393893734,0.0,26.54625701904297,False
2024-02-14,5185809.966491448,TQQQ,181868.33393893734,0.0,26.54625701904297,False
2024-02-15,5229216.892133043,TQQQ,181868.33393893734,0.0,26.54625701904297,False
2024-02-16,5085708.287907488,TQQQ,181868.33393893734,0.0,26.54625701904297,False
2024-02-20,4967888.696854429,TQQQ,181868.33393893734,0.0,26.54625701904297,False
2024-02-21,4905878.951746285,TQQQ,181868.33393893734,0.0,26.54625701904297,False
2024-02-22,5330204.865259724,TQQQ,181868.33393893734,0.0,26.54625701904297,False
2024-02-23,5281482.947452348,TQQQ,181868.33393893734,0.0,26.54625701904297,False
2024-02-26,5274396.059973762,TQQQ,181868.33393893734,0.0,26.54625701904297,False
2024-02-27,5307171.960624845,TQQQ,181868.33393893734,0.0,26.54625701904297,False
2024-02-28,5221244.056998055,TQQQ,181868.33393893734,0.0,26.54625701904297,False
2024-02-29,5347036.136299784,TQQQ,181868.33393893734,0.0,26.54625701904297,False
2024-03-01,5592418.661308424,TECL,71384.3027635902,0.0,78.34241485595703,False
2024-03-04,5591753.681498285,TECL,71384.3027635902,0.0,78.34241485595703,False
2024-03-05,5177476.705972709,TECL,71384.3027635902,0.0,78.34241485595703,False
2024-03-06,5291851.599459332,TECL,71384.3027635902,0.0,78.34241485595703,False
2024-03-07,5538556.930544312,TECL,71384.3027635902,0.0,78.34241485595703,False
2024-03-08,5288526.155789636,TECL,71384.3027635902,0.0,78.34241485595703,False
2024-03-11,5247962.387371248,TECL,71384.3027635902,0.0,78.34241485595703,False
2024-03-12,5561829.045423089,TECL,71384.3027635902,0.0,78.34241485595703,False
2024-03-13,5378298.4301582,TECL,71384.3027635902,0.0,78.34241485595703,False
2024-03-14,5384283.248449437,TECL,71384.3027635902,0.0,78.34241485595703,False
2024-03-15,5135582.977934046,TECL,71384.3027635902,0.0,78.34241485595703,False
2024-03-18,5212719.546671978,TECL,71384.3027635902,0.0,78.34241485595703,False
2024-03-19,5282775.523672321,TECL,71384.3027635902,0.0,78.34241485595703,False
2024-03-20,5464571.527393158,TECL,71384.3027635902,0.0,78.34241485595703,False
2024-03-21,5472563.811352017,TECL,71384.3027635902,0.0,78.34241485595703,False
2024-03-22,5475894.156592796,TECL,71384.3027635902,0.0,78.34241485595703,False
2024-03-25,5361354.243546408,TECL,71384.3027635902,0.0,78.34241485595703,False
2024-03-26,5299423.437543151,TECL,71384.3027635902,0.0,78.34241485595703,False
2024-03-27,5370010.418077387,TECL,71384.3027635902,0.0,78.34241485595703,False
2024-03-28,5336714.590335727,TECL,71384.3027635902,0.0,78.34241485595703,False
2024-04-01,5376670.5639399355,TECL,71384.3027635902,0.0,74.76033782958984,False
2024-04-02,5223507.904623669,TECL,71384.3027635902,0.0,74.76033782958984,False
2024-04-03,5258135.325842631,TECL,71384.3027635902,0.0,74.76033782958984,False
2024-04-04,5009081.05297131,TECL,71384.3027635902,0.0,74.76033782958984,False
2024-04-05,5173564.163011178,TECL,71384.3027635902,0.0,74.76033782958984,False
2024-04-08,5154918.041995881,TECL,71384.3027635902,0.0,74.76033782958984,False
2024-04-09,5225506.111768136,TECL,71384.3027635902,0.0,74.76033782958984,False
2024-04-10,5040379.218187512,TECL,71384.3027635902,0.0,74.76033782958984,False
2024-04-11,5326060.20866028,TECL,71384.3027635902,0.0,74.76033782958984,False
2024-04-12,5078335.895409235,TECL,71384.3027635902,0.0,74.76033782958984,False
2024-04-15,4803043.131302155,CASH,0.0,4803043.131302155,,False
2024-04-16,4803043.131302155,CASH,0.0,4803043.131302155,,False
2024-04-17,4803043.131302155,CASH,0.0,4803043.131302155,,False
2024-04-18,4803043.131302155,CASH,0.0,4803043.131302155,,False
2024-04-19,4803043.131302155,CASH,0.0,4803043.131302155,,False
2024-04-22,4803043.131302155,CASH,0.0,4803043.131302155,,False
2024-04-23,4803043.131302155,CASH,0.0,4803043.131302155,,False
2024-04-24,4803043.131302155,CASH,0.0,4803043.131302155,,False
2024-04-25,4803043.131302155,CASH,0.0,4803043.131302155,,False
2024-04-26,4803043.131302155,CASH,0.0,4803043.131302155,,False
2024-04-29,4803043.131302155,CASH,0.0,4803043.131302155,,False
2024-04-30,4803043.131302155,CASH,0.0,4803043.131302155,,False
2024-05-01,4803043.131302155,TECL,80902.95316763592,0.0,59.367958068847656,False
2024-05-02,5001534.112394547,TECL,80902.95316763592,0.0,59.367958068847656,False
2024-05-03,5412856.4242416825,TECL,80902.95316763592,0.0,59.367958068847656,False
2024-05-06,5601537.601297414,TECL,80902.95316763592,0.0,59.367958068847656,False
2024-05-07,5545688.441991734,TECL,80902.95316763592,0.0,59.367958068847656,False
2024-05-08,5595500.371492934,TECL,80902.95316763592,0.0,59.367958068847656,False
2024-05-09,5582669.174971567,TECL,80902.95316763592,0.0,59.367958068847656,False
2024-05-10,5637765.300808125,TECL,80902.95316763592,0.0,59.367958068847656,False
2024-05-13,5719274.384194348,TECL,80902.95316763592,0.0,59.367958068847656,False
2024-05-14,5872482.1296895845,TECL,80902.95316763592,0.0,59.367958068847656,False
2024-05-15,6263428.096550987,TECL,80902.95316763592,0.0,59.367958068847656,False
2024-05-16,6196257.511105469,TECL,80902.95316763592,0.0,59.367958068847656,False
2024-05-17,6146446.1988448175,TECL,80902.95316763592,0.0,59.367958068847656,False
2024-05-20,6360032.414790327,TECL,80902.95316763592,0.0,59.367958068847656,False
2024-05-21,6392483.836625566,TECL,80902.95316763592,0.0,59.367958068847656,False
2024-05-22,6435503.651131522,TECL,80902.95316763592,0.0,59.367958068847656,False
2024-05-23,6279276.982113772,TECL,80902.95316763592,0.0,59.367958068847656,False
2024-05-24,6420409.033518953,TECL,80902.95316763592,0.0,59.367958068847656,False
2024-05-28,6501165.083436056,TECL,80902.95316763592,0.0,59.367958068847656,False
2024-05-29,6374371.52997158,TECL,80902.95316763592,0.0,59.367958068847656,False
2024-05-30,5937388.676803353,TECL,80902.95316763592,0.0,59.367958068847656,False
2024-05-31,5966068.141646959,TECL,80902.95316763592,0.0,59.367958068847656,False
2024-06-03,6010596.4920533495,TECL,80902.95316763592,0.0,73.74351501464844,False
2024-06-04,6033238.727092476,TECL,80902.95316763592,0.0,73.74351501464844,False
2024-06-05,6437013.421513053,TECL,80902.95316763592,0.0,73.74351501464844,False
2024-06-06,6374371.52997158,TECL,80902.95316763592,0.0,73.74351501464844,False
2024-06-07,6412108.382623275,TECL,80902.95316763592,0.0,73.74351501464844,False
2024-06-10,6455126.962648135,TECL,80902.95316763592,0.0,73.74351501464844,False
2024-06-11,6812864.1535213385,TECL,80902.95316763592,0.0,73.74351501464844,False
2024-06-12,7261923.318020169,TECL,80902.95316763592,0.0,73.74351501464844,False
2024-06-13,7440037.954126827,TECL,80902.95316763592,0.0,73.74351501464844,False
2024-06-14,7504943.884000048,TECL,80902.95316763592,0.0,73.74351501464844,False
2024-06-17,7846077.3041197015,TECL,80902.95316763592,0.0,73.74351501464844,False
2024-06-18,7877775.075245272,TECL,80902.95316763592,0.0,73.74351501464844,False
2024-06-20,7600792.699808074,TECL,80902.95316763592,0.0,73.74351501464844,False
2024-06-21,7529095.272180158,TECL,80902.95316763592,0.0,73.74351501464844,False
2024-06-24,7011356.369094827,TECL,80902.95316763592,0.0,73.74351501464844,False
2024-06-25,7386697.260410086,TECL,80902.95316763592,0.0,73.74351501464844,False
2024-06-26,7368565.202058551,TECL,80902.95316763592,0.0,73.74351501464844,False
2024-06-27,7376875.728803004,TECL,80902.95316763592,0.0,73.74351501464844,False
2024-06-28,7357232.048348293,TECL,80902.95316763592,0.0,73.74351501464844,False
2024-07-01,7515891.26236752,TECL,80902.95316763592,0.0,90.93898010253906,False
2024-07-02,7621663.454473123,TECL,80902.95316763592,0.0,90.93898010253906,False
2024-07-03,7926892.609129456,TECL,80902.95316763592,0.0,90.93898010253906,False
2024-07-05,7997155.569722754,TECL,80902.95316763592,0.0,90.93898010253906,False
2024-07-08,8155059.281310666,TECL,80902.95316763592,0.0,90.93898010253906,False
2024-07-09,8124837.94957701,TECL,80902.95316763592,0.0,90.93898010253906,False
2024-07-10,8470110.58481463,TECL,80902.95316763592,0.0,90.93898010253906,False
2024-07-11,7845297.11206645,TECL,80902.95316763592,0.0,90.93898010253906,False
2024-07-12,8039464.940357434,TECL,80902.95316763592,0.0,90.93898010253906,False
2024-07-15,8079507.186457623,TECL,80902.95316763592,0.0,90.93898010253906,False
2024-07-16,8003200.206413814,TECL,80902.95316763592,0.0,90.93898010253906,False
2024-07-17,7072401.459337437,TECL,80902.95316763592,0.0,90.93898010253906,False
2024-07-18,7058047.530383019,TECL,80902.95316763592,0.0,90.93898010253906,False
2024-07-19,6728640.446202992,TECL,80902.95316763592,0.0,90.93898010253906,False
2024-07-22,7194796.556653592,TECL,80902.95316763592,0.0,90.93898010253906,False
2024-07-23,7110933.317815546,TECL,80902.95316763592,0.0,90.93898010253906,False
2024-07-24,6621508.843513463,CASH,0.0,6621508.843513463,,False
2024-07-25,6621508.843513463,CASH,0.0,6621508.843513463,,False
2024-07-26,6621508.843513463,CASH,0.0,6621508.843513463,,False
2024-07-29,6621508.843513463,CASH,0.0,6621508.843513463,,False
2024-07-30,6621508.843513463,CASH,0.0,6621508.843513463,,False
2024-07-31,6621508.843513463,CASH,0.0,6621508.843513463,,False
2024-08-01,6621508.843513463,TECL,93938.74266279428,0.0,70.48751831054688,False
2024-08-02,5959357.959162116,CASH,0.0,5959357.959162116,,False
2024-08-05,5959357.959162116,CASH,0.0,5959357.959162116,,False
2024-08-06,5959357.959162116,CASH,0.0,5959357.959162116,,False
2024-08-07,5959357.959162116,CASH,0.0,5959357.959162116,,False
2024-08-08,5959357.959162116,CASH,0.0,5959357.959162116,,False
2024-08-09,5959357.959162116,CASH,0.0,5959357.959162116,,False
2024-08-12,5959357.959162116,CASH,0.0,5959357.959162116,,False
2024-08-13,5959357.959162116,CASH,0.0,5959357.959162116,,False
2024-08-14,5959357.959162116,CASH,0.0,5959357.959162116,,False
2024-08-15,5959357.959162116,CASH,0.0,5959357.959162116,,False
2024-08-16,5959357.959162116,CASH,0.0,5959357.959162116,,False
2024-08-19,5959357.959162116,CASH,0.0,5959357.959162116,,False
2024-08-20,5959357.959162116,CASH,0.0,5959357.959162116,,False
2024-08-21,5959357.959162116,CASH,0.0,5959357.959162116,,False
2024-08-22,5959357.959162116,CASH,0.0,5959357.959162116,,False
2024-08-23,5959357.959162116,CASH,0.0,5959357.959162116,,False
2024-08-26,5959357.959162116,CASH,0.0,5959357.959162116,,False
2024-08-27,5959357.959162116,CASH,0.0,5959357.959162116,,False
2024-08-28,5959357.959162116,CASH,0.0,5959357.959162116,,False
2024-08-29,5959357.959162116,CASH,0.0,5959357.959162116,,False
2024-08-30,5959357.959162116,CASH,0.0,5959357.959162116,,False
2024-09-03,5959357.959162116,TECL,88989.64035737092,0.0,66.96687316894531,False
2024-09-04,5915313.274264474,TECL,88989.64035737092,0.0,66.96687316894531,False
2024-09-05,5888720.666892056,TECL,88989.64035737092,0.0,66.96687316894531,False
2024-09-06,5363422.163245904,CASH,0.0,5363422.163245904,,False
2024-09-09,5363422.163245904,CASH,0.0,5363422.163245904,,False
2024-09-10,5363422.163245904,CASH,0.0,5363422.163245904,,False
2024-09-11,5363422.163245904,CASH,0.0,5363422.163245904,,False
2024-09-12,5363422.163245904,CASH,0.0,5363422.163245904,,False
2024-09-13,5363422.163245904,CASH,0.0,5363422.163245904,,False
2024-09-16,5363422.163245904,CASH,0.0,5363422.163245904,,False
2024-09-17,5363422.163245904,CASH,0.0,5363422.163245904,,False
2024-09-18,5363422.163245904,CASH,0.0,5363422.163245904,,False
2024-09-19,5363422.163245904,CASH,0.0,5363422.163245904,,False
2024-09-20,5363422.163245904,CASH,0.0,5363422.163245904,,False
2024-09-23,5363422.163245904,CASH,0.0,5363422.163245904,,False
2024-09-24,5363422.163245904,CASH,0.0,5363422.163245904,,False
2024-09-25,5363422.163245904,CASH,0.0,5363422.163245904,,False
2024-09-26,5363422.163245904,CASH,0.0,5363422.163245904,,False
2024-09-27,5363422.163245904,CASH,0.0,5363422.163245904,,False
2024-09-30,5363422.163245904,CASH,0.0,5363422.163245904,,False
2024-10-01,5363422.163245904,TECL,70686.78937785052,0.0,75.8758773803711,False
2024-10-02,5469699.8848212585,TECL,70686.78937785052,0.0,75.8758773803711,False
2024-10-03,5546272.566069759,TECL,70686.78937785052,0.0,75.8758773803711,False
2024-10-04,5725163.986648568,TECL,70686.78937785052,0.0,75.8758773803711,False
2024-10-07,5610964.525501289,TECL,70686.78937785052,0.0,75.8758773803711,False
2024-10-08,5914616.468295998,TECL,70686.78937785052,0.0,75.8758773803711,False
2024-10-09,6110009.310851914,TECL,70686.78937785052,0.0,75.8758773803711,False
2024-10-10,6097467.949714662,TECL,70686.78937785052,0.0,75.8758773803711,False
2024-10-11,6121892.189858503,TECL,70686.78937785052,0.0,75.8758773803711,False
2024-10-14,6351611.312198813,TECL,70686.78937785052,0.0,75.8758773803711,False
2024-10-15,5960824.548492173,TECL,70686.78937785052,0.0,75.8758773803711,False
2024-10-16,5995810.38900204,TECL,70686.78937785052,0.0,75.8758773803711,False
2024-10-17,6061821.469884514,TECL,70686.78937785052,0.0,75.8758773803711,False
2024-10-18,6103408.849920552,TECL,70686.78937785052,0.0,75.8758773803711,False
2024-10-21,6195164.3709926205,TECL,70686.78937785052,0.0,75.8758773803711,False
2024-10-22,6178000.691803019,TECL,70686.78937785052,0.0,75.8758773803711,False
2024-10-23,5911975.528907088,TECL,70686.78937785052,0.0,75.8758773803711,False
2024-10-24,5959503.809149015,TECL,70686.78937785052,0.0,75.8758773803711,False
2024-10-25,6043338.669243967,TECL,70686.78937785052,0.0,75.8758773803711,False
2024-10-28,6040698.808449865,TECL,70686.78937785052,0.0,75.8758773803711,False
2024-10-29,6279659.3311104495,TECL,70686.78937785052,0.0,75.8758773803711,False
2024-10-30,5984588.688613136,TECL,70686.78937785052,0.0,75.8758773803711,False
2024-10-31,5399068.643076052,TECL,70686.78937785052,0.0,75.8758773803711,False
2024-11-01,5517888.265086063,TECL,70686.78937785052,0.0,76.38016510009766,False
2024-11-04,5502045.325239619,TECL,70686.78937785052,0.0,76.38016510009766,False
2024-11-05,5732424.547602806,TECL,70686.78937785052,0.0,76.38016510009766,False
2024-11-06,6205726.51065605,TECL,70686.78937785052,0.0,76.38016510009766,False
2024-11-07,6543044.633212278,TECL,70686.78937785052,0.0,76.38016510009766,False
2024-11-08,6512019.392839671,TECL,70686.78937785052,0.0,76.38016510009766,False
2024-11-11,6409701.732104172,TECL,70686.78937785052,0.0,76.38016510009766,False
2024-11-12,6422903.193264301,TECL,70686.78937785052,0.0,76.38016510009766,False
2024-11-13,6385276.952662927,TECL,70686.78937785052,0.0,76.38016510009766,False
2024-11-14,6294182.07091114,TECL,70686.78937785052,0.0,76.38016510009766,False
2024-11-15,5839364.526390655,TECL,70686.78937785052,0.0,76.38016510009766,False
2024-11-18,5875669.488351467,TECL,70686.78937785052,0.0,76.38016510009766,False
2024-11-19,6021554.8291916335,TECL,70686.78937785052,0.0,76.38016510009766,False
2024-11-20,5991189.149544499,TECL,70686.78937785052,0.0,76.38016510009766,False
2024-11-21,6179321.431146176,TECL,70686.78937785052,0.0,76.38016510009766,False
2024-11-22,6179982.609763862,TECL,70686.78937785052,0.0,76.38016510009766,False
2024-11-25,6174041.170260567,TECL,70686.78937785052,0.0,76.38016510009766,False
2024-11-26,6270417.391492772,TECL,70686.78937785052,0.0,76.38016510009766,False
2024-11-27,6012313.968168764,TECL,70686.78937785052,0.0,76.38016510009766,False
2024-11-29,6172720.430917409,TECL,70686.78937785052,0.0,76.38016510009766,False
2024-12-02,6346330.5120158,TECL,70686.78937785052,0.0,87.324951171875,False
2024-12-03,6412342.132195679,TECL,70686.78937785052,0.0,87.324951171875,False
2024-12-04,6767482.416072171,TECL,70686.78937785052,0.0,87.324951171875,False
2024-12-05,6656584.533634084,TECL,70686.78937785052,0.0,87.324951171875,False
2024-12-06,6723255.175242031,TECL,70686.78937785052,0.0,87.324951171875,False
2024-12-09,6599815.392369288,TECL,70686.78937785052,0.0,87.324951171875,False
2024-12-10,6318605.771757577,TECL,70686.78937785052,0.0,87.324951171875,False
2024-12-11,6592552.674225432,TECL,70686.78937785052,0.0,87.324951171875,False
2024-12-12,6481944.933790864,TECL,70686.78937785052,0.0,87.324951171875,False
2024-12-13,6557224.379863827,TECL,70686.78937785052,0.0,87.324951171875,False
2024-12-16,6749385.213075708,TECL,70686.78937785052,0.0,87.324951171875,False
2024-12-17,6631843.725913913,TECL,70686.78937785052,0.0,87.324951171875,False
2024-12-18,5998572.670306921,TECL,70686.78937785052,0.0,87.324951171875,False
2024-12-19,6004515.188405024,TECL,70686.78937785052,0.0,87.324951171875,False
2024-12-20,6274596.407078777,TECL,70686.78937785052,0.0,87.324951171875,False
2024-12-23,6456551.036914072,TECL,70686.78937785052,0.0,87.324951171875,False
2024-12-24,6648080.892162909,TECL,70686.78937785052,0.0,87.324951171875,False
2024-12-26,6664592.560790698,TECL,70686.78937785052,0.0,87.324951171875,False
2024-12-27,6389184.701654565,TECL,70686.78937785052,0.0,87.324951171875,False
2024-12-30,6143496.983172606,TECL,70686.78937785052,0.0,87.324951171875,False
2024-12-31,5980366.529234786,TECL,70686.78937785052,0.0,87.324951171875,False
2025-01-02,5943381.513247139,TQQQ,153030.9880868966,0.0,38.837764739990234,False
2025-01-03,6228343.235116424,TQQQ,153030.9880868966,0.0,38.837764739990234,False
2025-01-06,6440741.564799821,TQQQ,153030.9880868966,0.0,38.837764739990234,False
2025-01-07,6093799.560726289,TQQQ,153030.9880868966,0.0,38.837764739990234,False
2025-01-08,6098334.845708769,TQQQ,153030.9880868966,0.0,38.837764739990234,False
2025-01-10,5807325.882607213,TQQQ,153030.9880868966,0.0,38.837764739990234,False
2025-01-13,5746856.389118973,TQQQ,153030.9880868966,0.0,38.837764739990234,False
2025-01-14,5726447.898581262,TQQQ,153030.9880868966,0.0,38.837764739990234,False
2025-01-15,6113451.489372213,TQQQ,153030.9880868966,0.0,38.837764739990234,False
2025-01-16,5988734.363071933,TQQQ,153030.9880868966,0.0,38.837764739990234,False
2025-01-17,6284278.027389077,TQQQ,153030.9880868966,0.0,38.837764739990234,False
2025-01-21,6388586.663151645,TQQQ,153030.9880868966,0.0,38.837764739990234,False
2025-01-22,6636511.294569983,TQQQ,153030.9880868966,0.0,38.837764739990234,False
2025-01-23,6677328.859412299,TQQQ,153030.9880868966,0.0,38.837764739990234,False
2025-01-24,6557145.850560714,TQQQ,153030.9880868966,0.0,38.837764739990234,False
2025-01-27,5981931.143714768,TQQQ,153030.9880868966,0.0,38.837764739990234,False
2025-01-28,6247240.353171237,TQQQ,153030.9880868966,0.0,38.837764739990234,False
2025-01-29,6208691.306470499,TQQQ,153030.9880868966,0.0,38.837764739990234,False
2025-01-30,6286545.961763762,TQQQ,153030.9880868966,0.0,38.837764739990234,False
2025-01-31,6252531.0325117195,TQQQ,153030.9880868966,0.0,38.837764739990234,False
2025-02-03,6101357.590674566,TECL,79144.14347623047,0.0,77.09171295166016,False
2025-02-04,6360171.958241905,TECL,79144.14347623047,0.0,77.09171295166016,False
2025-02-05,6635993.573315588,TECL,79144.14347623047,0.0,77.09171295166016,False
2025-02-06,6678142.756903348,TECL,79144.14347623047,0.0,77.09171295166016,False
2025-02-07,6496233.5612240285,TECL,79144.14347623047,0.0,77.09171295166016,False
2025-02-10,6782408.306516549,TECL,79144.14347623047,0.0,77.09171295166016,False
2025-02-11,6787584.871625967,TECL,79144.14347623047,0.0,77.09171295166016,False
2025-02-12,6746914.447860087,TECL,79144.14347623047,0.0,77.09171295166016,False
2025-02-13,7030870.147686946,TECL,79144.14347623047,0.0,77.09171295166016,False
2025-02-14,7087070.266781082,TECL,79144.14347623047,0.0,77.09171295166016,False
2025-02-18,7283027.982679197,TECL,79144.14347623047,0.0,77.09171295166016,False
2025-02-19,7282288.904679204,TECL,79144.14347623047,0.0,77.09171295166016,False
2025-02-20,7213519.025188151,TECL,79144.14347623047,0.0,77.09171295166016,False
2025-02-21,6618246.040165462,TECL,79144.14347623047,0.0,77.09171295166016,False
2025-02-24,6329853.457051071,TECL,79144.14347623047,0.0,77.09171295166016,False
2025-02-25,6084349.739346327,TECL,79144.14347623047,0.0,77.09171295166016,False
2025-02-26,6278830.506888248,TECL,79144.14347623047,0.0,77.09171295166016,False
2025-02-27,5605174.193977555,TECL,79144.14347623047,0.0,77.09171295166016,False
2025-02-28,5491221.83160711,CASH,0.0,5491221.83160711,,False
2025-03-03,5491221.83160711,TECL,82129.19336951115,0.0,66.86077880859375,False
2025-03-04,5458992.865382738,TECL,82129.19336951115,0.0,66.86077880859375,False
2025-03-05,5686898.99591826,TECL,82129.19336951115,0.0,66.86077880859375,False
2025-03-06,5218042.258928892,TECL,82129.19336951115,0.0,66.86077880859375,False
2025-03-07,5429833.59305422,TECL,82129.19336951115,0.0,66.86077880859375,False
2025-03-10,4942099.648446399,CASH,0.0,4942099.648446399,,False
2025-03-11,4942099.648446399,CASH,0.0,4942099.648446399,,False
2025-03-12,4942099.648446399,CASH,0.0,4942099.648446399,,False
2025-03-13,4942099.648446399,CASH,0.0,4942099.648446399,,False
2025-03-14,4942099.648446399,CASH,0.0,4942099.648446399,,False
2025-03-17,4942099.648446399,CASH,0.0,4942099.648446399,,False
2025-03-18,4942099.648446399,CASH,0.0,4942099.648446399,,False
2025-03-19,4942099.648446399,CASH,0.0,4942099.648446399,,False
2025-03-20,4942099.648446399,CASH,0.0,4942099.648446399,,False
2025-03-21,4942099.648446399,CASH,0.0,4942099.648446399,,False
2025-03-24,4942099.648446399,CASH,0.0,4942099.648446399,,False
2025-03-25,4942099.648446399,CASH,0.0,4942099.648446399,,False
2025-03-26,4942099.648446399,CASH,0.0,4942099.648446399,,False
2025-03-27,4942099.648446399,CASH,0.0,4942099.648446399,,False
2025-03-28,4942099.648446399,CASH,0.0,4942099.648446399,,False
2025-03-31,4942099.648446399,CASH,0.0,4942099.648446399,,False
2025-04-01,4942099.648446399,GLD,17185.727031937873,0.0,287.57000732421875,False
2025-04-02,4952239.164459229,GLD,17185.727031937873,0.0,287.57000732421875,False
2025-04-03,4922336.167253023,GLD,17185.727031937873,0.0,287.57000732421875,False
2025-04-04,4807191.5863523325,GLD,17185.727031937873,0.0,287.57000732421875,False
2025-04-07,4703905.19906102,GLD,17185.727031937873,0.0,287.57000732421875,False
2025-04-08,4729512.28897601,GLD,17185.727031937873,0.0,287.57000732421875,False
2025-04-09,4904462.864289113,GLD,17185.727031937873,0.0,287.57000732421875,False
2025-04-10,5024247.4026803905,GLD,17185.727031937873,0.0,287.57000732421875,False
2025-04-11,5120143.528753227,GLD,17185.727031937873,0.0,287.57000732421875,False
2025-04-14,5090928.107478992,GLD,17185.727031937873,0.0,287.57000732421875,False
2025-04-15,5117565.77459179,GLD,17185.727031937873,0.0,287.57000732421875,False
2025-04-16,5284095.511488608,GLD,17185.727031937873,0.0,287.57000732421875,False
2025-04-17,5260894.675102139,GLD,17185.727031937873,0.0,287.57000732421875,False
2025-04-21,5423643.531073261,GLD,17185.727031937873,0.0,287.57000732421875,False
2025-04-22,5346651.285162143,GLD,17185.727031937873,0.0,287.57000732421875,False
2025-04-23,5218445.908354581,GLD,17185.727031937873,0.0,287.57000732421875,False
2025-04-24,5294407.052601125,GLD,17185.727031937873,0.0,287.57000732421875,False
2025-04-25,5237006.787250464,GLD,17185.727031937873,0.0,287.57000732421875,False
2025-04-28,5311592.779633063,GLD,17185.727031937873,0.0,287.57000732421875,False
2025-04-29,5259863.573437564,GLD,17185.727031937873,0.0,287.57000732421875,False
2025-04-30,5220508.111683732,GLD,17185.727031937873,0.0,287.57000732421875,False
2025-05-01,5112066.216069545,GLD,17185.727031937873,0.0,303.7699890136719,False
2025-05-02,5121003.129784884,GLD,17185.727031937873,0.0,303.7699890136719,False
2025-05-05,5273955.995475777,GLD,17185.727031937873,0.0,303.7699890136719,False
2025-05-06,5421753.352843797,GLD,17185.727031937873,0.0,303.7699890136719,False
2025-05-07,5340464.6751746945,GLD,17185.727031937873,0.0,303.7699890136719,False
2025-05-08,5235288.109653917,GLD,17185.727031937873,0.0,303.7699890136719,False
2025-05-09,5273268.419543805,GLD,17185.727031937873,0.0,303.7699890136719,False
2025-05-12,5124611.985610896,GLD,17185.727031937873,0.0,303.7699890136719,False
2025-05-13,5146437.67013342,GLD,17185.727031937873,0.0,303.7699890136719,False
2025-05-14,5038167.799618919,GLD,17185.727031937873,0.0,303.7699890136719,False
2025-05-15,5118596.876256364,GLD,17185.727031937873,0.0,303.7699890136719,False
2025-05-16,5056728.154048034,GLD,17185.727031937873,0.0,303.7699890136719,False
2025-05-19,5121862.206349773,GLD,17185.727031937873,0.0,303.7699890136719,False
2025-05-20,5217242.781590322,GLD,17185.727031937873,0.0,303.7699890136719,False
2025-05-21,5255739.166779265,GLD,17185.727031937873,0.0,303.7699890136719,False
2025-05-22,5209165.46890664,GLD,17185.727031937873,0.0,303.7699890136719,False
2025-05-23,5323278.948142756,GLD,17185.727031937873,0.0,303.7699890136719,False
2025-05-27,5233053.881225082,GLD,17185.727031937873,0.0,303.7699890136719,False
2025-05-28,5221195.687615704,GLD,17185.727031937873,0.0,303.7699890136719,False
2025-05-29,5252129.786486485,GLD,17185.727031937873,0.0,303.7699890136719,False
2025-05-30,5217586.831789692,GLD,17185.727031937873,0.0,303.7699890136719,False
2025-06-02,5356275.774809455,TECL,77718.00828855504,0.0,68.91936492919922,False
2025-06-03,5595902.347423516,TECL,77718.00828855504,0.0,68.91936492919922,False
2025-06-04,5623579.663638216,TECL,77718.00828855504,0.0,68.91936492919922,False
2025-06-05,5566039.449402239,TECL,77718.00828855504,0.0,68.91936492919922,False
2025-06-06,5724091.523204151,TECL,77718.00828855504,0.0,68.91936492919922,False
2025-06-09,5807851.603822878,TECL,77718.00828855504,0.0,68.91936492919922,False
2025-06-10,5901079.77187715,TECL,77718.00828855504,0.0,68.91936492919922,False
2025-06-11,5863206.236252278,TECL,77718.00828855504,0.0,68.91936492919922,False
2025-06-12,6022714.574003444,TECL,77718.00828855504,0.0,68.91936492919922,False
2025-06-13,5760508.20193842,TECL,77718.00828855504,0.0,68.91936492919922,False
2025-06-16,6046021.319546338,TECL,77718.00828855504,0.0,68.91936492919922,False
2025-06-17,5903993.485658353,TECL,77718.00828855504,0.0,68.91936492919922,False
2025-06-18,5934584.5156542575,TECL,77718.00828855504,0.0,68.91936492919922,False
2025-06-20,5844268.875498495,TECL,77718.00828855504,0.0,68.91936492919922,False
2025-06-23,6048935.033327542,TECL,77718.00828855504,0.0,68.91936492919922,False
2025-06-24,6373102.590314878,TECL,77718.00828855504,0.0,68.91936492919922,False
2025-06-25,6534456.1615392035,TECL,77718.00828855504,0.0,68.91936492919922,False
2025-06-26,6673907.072331317,TECL,77718.00828855504,0.0,68.91936492919922,False
2025-06-27,6638861.273992274,TECL,77718.00828855504,0.0,68.91936492919922,False
2025-06-30,6832339.814478269,TECL,77718.00828855504,0.0,68.91936492919922,False
2025-07-01,6652733.729756426,TQQQ,165556.41264836158,0.0,40.18408966064453,False
2025-07-02,6785146.52463827,TQQQ,165556.41264836158,0.0,40.18408966064453,False
2025-07-03,6975131.198247167,TQQQ,165556.41264836158,0.0,40.18408966064453,False
2025-07-07,6819689.020326908,TQQQ,165556.41264836158,0.0,40.18408966064453,False
2025-07-08,6828735.939620074,TQQQ,165556.41264836158,0.0,40.18408966064453,False
2025-07-09,6970196.916890273,TQQQ,165556.41264836158,0.0,40.18408966064453,False
2025-07-10,6938121.246106286,TQQQ,165556.41264836158,0.0,40.18408966064453,False
2025-07-11,6885485.54337891,TQQQ,165556.41264836158,0.0,40.18408966064453,False
2025-07-14,6958682.541144863,TQQQ,165556.41264836158,0.0,40.18408966064453,False
2025-07-15,6976776.379731195,TQQQ,165556.41264836158,0.0,40.18408966064453,False
2025-07-16,6996514.136706366,TQQQ,165556.41264836158,0.0,40.18408966064453,False
2025-07-17,7159358.683983359,TQQQ,165556.41264836158,0.0,40.18408966064453,False
2025-07-18,7134684.75100851,TQQQ,165556.41264836158,0.0,40.18408966064453,False
2025-07-21,7243247.150978911,TQQQ,165556.41264836158,0.0,40.18408966064453,False
2025-07-22,7130572.113072238,TQQQ,165556.41264836158,0.0,40.18408966064453,False
2025-07-23,7224329.774329172,TQQQ,165556.41264836158,0.0,40.18408966064453,False
2025-07-24,7272032.4587948425,TQQQ,165556.41264836158,0.0,40.18408966064453,False
2025-07-25,7313154.417324401,TQQQ,165556.41264836158,0.0,40.18408966064453,False
2025-07-28,7384707.496701515,TQQQ,165556.41264836158,0.0,40.18408966064453,False
2025-07-29,7350986.012885906,TQQQ,165556.41264836158,0.0,40.18408966064453,False
2025-07-30,7376482.852376565,TQQQ,165556.41264836158,0.0,40.18408966064453,False
2025-07-31,7254761.526724321,TQQQ,165556.41264836158,0.0,40.18408966064453,False
2025-08-01,6819689.020326909,TECL,75156.69411816788,0.0,90.73960876464844,False
2025-08-04,7215780.027835541,TECL,75156.69411816788,0.0,90.73960876464844,False
2025-08-05,7067511.38425272,TECL,75156.69411816788,0.0,90.73960876464844,False
2025-08-06,7289915.496427095,TECL,75156.69411816788,0.0,90.73960876464844,False
2025-08-07,7298388.05587755,TECL,75156.69411816788,0.0,90.73960876464844,False
2025-08-08,7503140.620263428,TECL,75156.69411816788,0.0,90.73960876464844,False
2025-08-11,7364755.673706019,TECL,75156.69411816788,0.0,90.73960876464844,False
2025-08-12,7688124.643798341,TECL,75156.69411816788,0.0,90.73960876464844,False
2025-08-13,7700833.482974024,TECL,75156.69411816788,0.0,90.73960876464844,False
2025-08-14,7653528.550509007,TECL,75156.69411816788,0.0,90.73960876464844,False
2025-08-15,7469956.811349194,TECL,75156.69411816788,0.0,90.73960876464844,False
2025-08-18,7508082.75547617,TECL,75156.69411816788,0.0,90.73960876464844,False
2025-08-19,7116228.601092836,TECL,75156.69411816788,0.0,90.73960876464844,False
2025-08-20,6970076.950572486,TECL,75156.69411816788,0.0,90.73960876464844,False
2025-08-21,6891706.349055847,TECL,75156.69411816788,0.0,90.73960876464844,False
2025-08-22,7169181.52425811,TECL,75156.69411816788,0.0,90.73960876464844,False
2025-08-25,7117640.312067864,TECL,75156.69411816788,0.0,90.73960876464844,False
2025-08-26,7214368.316860513,TECL,75156.69411816788,0.0,90.73960876464844,False
2025-08-27,7318157.170128588,TECL,75156.69411816788,0.0,90.73960876464844,False
2025-08-28,7491844.065462845,TECL,75156.69411816788,0.0,90.73960876464844,False
2025-08-29,7148705.981119486,TECL,75156.69411816788,0.0,90.73960876464844,False
2025-09-02,6931244.577557924,TECL,75156.69411816788,0.0,95.11735534667969,False
2025-09-03,7042799.561388869,TECL,75156.69411816788,0.0,95.11735534667969,False
2025-09-04,7144469.701394258,TECL,75156.69411816788,0.0,95.11735534667969,False
2025-09-05,7159297.253832626,TECL,75156.69411816788,0.0,95.11735534667969,False
2025-09-08,7317451.314641073,TECL,75156.69411816788,0.0,95.11735534667969,False
2025-09-09,7362638.107243476,TECL,75156.69411816788,0.0,95.11735534667969,False
2025-09-10,7754492.835026883,TECL,75156.69411816788,0.0,95.11735534667969,False
2025-09-11,7809565.044854911,TECL,75156.69411816788,0.0,95.11735534667969,False
2025-09-12,7811682.037917383,TECL,75156.69411816788,0.0,95.11735534667969,False
2025-09-15,8016435.749103405,TECL,75156.69411816788,0.0,95.11735534667969,False
2025-09-16,7932416.010086368,TECL,75156.69411816788,0.0,95.11735534667969,False
2025-09-17,7869578.24309554,TECL,75156.69411816788,0.0,95.11735534667969,False
2025-09-18,8245194.280865621,TECL,75156.69411816788,0.0,95.11735534667969,False
2025-09-19,8488073.362778548,TECL,75156.69411816788,0.0,95.11735534667969,False
2025-09-22,8872162.533399155,TECL,75156.69411816788,0.0,95.11735534667969,False
2025-09-23,8632107.446836356,TECL,75156.69411816788,0.0,95.11735534667969,False
2025-09-24,8491603.787016261,TECL,75156.69411816788,0.0,95.11735534667969,False
2025-09-25,8429471.875512948,TECL,75156.69411816788,0.0,95.11735534667969,False
2025-09-26,8497251.777716517,TECL,75156.69411816788,0.0,95.11735534667969,False
2025-09-29,8620103.889748115,TECL,75156.69411816788,0.0,95.11735534667969,False
2025-09-30,8781082.519306762,TECL,75156.69411816788,0.0,95.11735534667969,False
2025-10-01,9026786.169969888,TQQQ,173120.72976466618,0.0,52.14156723022461,False
2025-10-02,9136974.439627917,TQQQ,173120.72976466618,0.0,52.14156723022461,False
2025-10-03,9013012.801363427,TQQQ,173120.72976466618,0.0,52.14156723022461,False
2025-10-06,9214450.958845604,TQQQ,173120.72976466618,0.0,52.14156723022461,False
2025-10-07,9065524.75978032,TQQQ,173120.72976466618,0.0,52.14156723022461,False
2025-10-08,9372845.358223071,TQQQ,173120.72976466618,0.0,52.14156723022461,False
2025-10-09,9335829.099891622,TQQQ,173120.72976466618,0.0,52.14156723022461,False
2025-10-10,8356190.993322228,TQQQ,173120.72976466618,0.0,52.14156723022461,False
2025-10-13,8886469.647089988,TQQQ,173120.72976466618,0.0,52.14156723022461,False
2025-10-14,8705692.86332385,TQQQ,173120.72976466618,0.0,52.14156723022461,False
2025-10-15,8883886.81027469,TQQQ,173120.72976466618,0.0,52.14156723022461,False
2025-10-16,8784890.39321417,TQQQ,173120.72976466618,0.0,52.14156723022461,False
2025-10-17,8951893.147970675,TQQQ,173120.72976466618,0.0,52.14156723022461,False
2025-10-20,9287621.649365837,TQQQ,173120.72976466618,0.0,52.14156723022461,False
2025-10-21,9277291.622910991,TQQQ,173120.72976466618,0.0,52.14156723022461,False
2025-10-22,9004405.766790738,TQQQ,173120.72976466618,0.0,52.14156723022461,False
2025-10-23,9229945.998527873,TQQQ,173120.72976466618,0.0,52.14156723022461,False
2025-10-24,9517466.388994075,TQQQ,173120.72976466618,0.0,52.14156723022461,False
2025-10-27,10022781.142364215,TQQQ,173120.72976466618,0.0,52.14156723022461,False
2025-10-28,10251764.716252964,TQQQ,173120.72976466618,0.0,52.14156723022461,False
2025-10-29,10382613.038820684,TQQQ,173120.72976466618,0.0,52.14156723022461,False
2025-10-30,9907427.199075589,TQQQ,173120.72976466618,0.0,52.14156723022461,False
2025-10-31,10047745.042761836,TQQQ,173120.72976466618,0.0,52.14156723022461,False
2025-11-03,10185480.049632786,TQQQ,173120.72976466618,0.0,58.03894805908203,False
2025-11-04,9562231.15777142,TQQQ,173120.72976466618,0.0,58.03894805908203,False
2025-11-05,9748172.294361806,TQQQ,173120.72976466618,0.0,58.03894805908203,False
2025-11-06,9201537.435172286,TQQQ,173120.72976466618,0.0,58.03894805908203,False
2025-11-07,9040560.200250668,CASH,0.0,9040560.200250668,,False
2025-11-10,9040560.200250668,CASH,0.0,9040560.200250668,,False
2025-11-11,9040560.200250668,CASH,0.0,9040560.200250668,,False
2025-11-12,9040560.200250668,CASH,0.0,9040560.200250668,,False
2025-11-13,9040560.200250668,CASH,0.0,9040560.200250668,,False
2025-11-14,9040560.200250668,CASH,0.0,9040560.200250668,,False
2025-11-17,9040560.200250668,CASH,0.0,9040560.200250668,,False
2025-11-18,9040560.200250668,CASH,0.0,9040560.200250668,,False
2025-11-19,9040560.200250668,CASH,0.0,9040560.200250668,,False
2025-11-20,9040560.200250668,CASH,0.0,9040560.200250668,,False
2025-11-21,9040560.200250668,CASH,0.0,9040560.200250668,,False
2025-11-24,9040560.200250668,CASH,0.0,9040560.200250668,,False
2025-11-25,9040560.200250668,CASH,0.0,9040560.200250668,,False
2025-11-26,9040560.200250668,CASH,0.0,9040560.200250668,,False
2025-11-28,9040560.200250668,CASH,0.0,9040560.200250668,,False
2025-12-01,9040560.200250668,TECL,77396.22040124294,0.0,116.80880737304688,False
2025-12-02,9313216.659098122,TECL,77396.22040124294,0.0,116.80880737304688,False
2025-12-03,9373564.94951276,TECL,77396.22040124294,0.0,116.80880737304688,False
2025-12-04,9467359.564969873,TECL,77396.22040124294,0.0,116.80880737304688,False
2025-12-05,9670215.819187885,TECL,77396.22040124294,0.0,116.80880737304688,False
2025-12-08,9874524.669705544,TECL,77396.22040124294,0.0,116.80880737304688,False
2025-12-09,9949415.45673305,TECL,77396.22040124294,0.0,116.80880737304688,False
2025-12-10,10106842.647409119,TECL,77396.22040124294,0.0,116.80880737304688,False
2025-12-11,9939991.295374377,TECL,77396.22040124294,0.0,116.80880737304688,False
2025-12-12,9059389.62740639,TECL,77396.22040124294,0.0,116.80880737304688,False
2025-12-15,8814519.6824095,TECL,77396.22040124294,0.0,116.80880737304688,False
2025-12-16,8850825.732606113,TECL,77396.22040124294,0.0,116.80880737304688,False
2025-12-17,8262212.454483172,TECL,77396.22040124294,0.0,116.80880737304688,False
2025-12-18,8637627.110831888,TECL,77396.22040124294,0.0,116.80880737304688,False
2025-12-19,9187617.270514393,TECL,77396.22040124294,0.0,116.80880737304688,False
2025-12-22,9341336.207222264,TECL,77396.22040124294,0.0,116.80880737304688,False
2025-12-23,9481151.55349459,TECL,77396.22040124294,0.0,116.80880737304688,False
2025-12-24,9556079.541159038,TECL,77396.22040124294,0.0,116.80880737304688,False
2025-12-26,9578481.410433806,TECL,77396.22040124294,0.0,116.80880737304688,False
2025-12-29,9453342.6011646,TECL,77396.22040124294,0.0,116.80880737304688,False
2025-12-30,9360648.061685633,TECL,77396.22040124294,0.0,116.80880737304688,False
2025-12-31,9075610.87657206,TECL,77396.22040124294,0.0,116.80880737304688,False
2026-01-02,9127365.819853066,TQQQ,175043.11987760742,0.0,52.14352798461914,False
2026-01-05,9345307.004128167,TQQQ,175043.11987760742,0.0,52.14352798461914,False
2026-01-06,9591144.884349952,TQQQ,175043.11987760742,0.0,52.14352798461914,False
2026-01-07,9619040.912560122,TQQQ,175043.11987760742,0.0,52.14352798461914,False
2026-01-08,9448175.152293852,TQQQ,175043.11987760742,0.0,52.14352798461914,False
2026-01-09,9721909.060725804,TQQQ,175043.11987760742,0.0,52.14352798461914,False
2026-01-12,9744575.376583675,TQQQ,175043.11987760742,0.0,52.14352798461914,False
2026-01-13,9694012.364779124,TQQQ,175043.11987760742,0.0,52.14352798461914,False
2026-01-14,9385408.588018585,TQQQ,175043.11987760742,0.0,52.14352798461914,False
2026-01-15,9481302.896065854,TQQQ,175043.11987760742,0.0,52.14352798461914,False
2026-01-16,9439457.852145832,TQQQ,175043.11987760742,0.0,52.14352798461914,False
2026-01-20,8844914.611273093,TQQQ,175043.11987760742,0.0,52.14352798461914,False
2026-01-21,9193620.63966056,TQQQ,175043.11987760742,0.0,52.14352798461914,False
2026-01-22,9397613.475962322,TQQQ,175043.11987760742,0.0,52.14352798461914,False
2026-01-23,9481302.896065854,TQQQ,175043.11987760742,0.0,52.14352798461914,False
2026-01-26,9603349.772293689,TQQQ,175043.11987760742,0.0,52.14352798461914,False
2026-01-27,9857904.284926979,TQQQ,175043.11987760742,0.0,52.14352798461914,False
2026-01-28,9948568.212885436,TQQQ,175043.11987760742,0.0,52.14352798461914,False
2026-01-29,9770727.94476424,TQQQ,175043.11987760742,0.0,52.14352798461914,False
2026-01-30,9415048.74399487,TQQQ,175043.11987760742,0.0,52.14352798461914,False
2026-02-02,9606836.024616385,TECL,81207.63869163561,0.0,118.2996597290039,False
2026-02-03,8646152.422154747,CASH,0.0,8646152.422154747,,False
2026-02-04,8646152.422154747,CASH,0.0,8646152.422154747,,False
2026-02-05,8646152.422154747,CASH,0.0,8646152.422154747,,False
2026-02-06,8646152.422154747,CASH,0.0,8646152.422154747,,False
2026-02-09,8646152.422154747,CASH,0.0,8646152.422154747,,False
2026-02-10,8646152.422154747,CASH,0.0,8646152.422154747,,False
2026-02-11,8646152.422154747,CASH,0.0,8646152.422154747,,False
2026-02-12,8646152.422154747,CASH,0.0,8646152.422154747,,False
2026-02-13,8646152.422154747,CASH,0.0,8646152.422154747,,False
2026-02-17,8646152.422154747,CASH,0.0,8646152.422154747,,False
2026-02-18,8646152.422154747,CASH,0.0,8646152.422154747,,False
2026-02-19,8646152.422154747,CASH,0.0,8646152.422154747,,False
2026-02-20,8646152.422154747,CASH,0.0,8646152.422154747,,False
2026-02-23,8646152.422154747,CASH,0.0,8646152.422154747,,False
2026-02-24,8646152.422154747,CASH,0.0,8646152.422154747,,False
2026-02-25,8646152.422154747,CASH,0.0,8646152.422154747,,False
2026-02-26,8646152.422154747,CASH,0.0,8646152.422154747,,False
2026-02-27,8646152.422154747,CASH,0.0,8646152.422154747,,False
2026-03-02,8646152.422154747,TECL,84467.50417088378,0.0,102.3606948852539,False
2026-03-03,8273531.198787748,TECL,84467.50417088378,0.0,102.3606948852539,False
2026-03-04,8686617.842091104,TECL,84467.50417088378,0.0,102.3606948852539,False
2026-03-05,8733827.283871548,TECL,84467.50417088378,0.0,102.3606948852539,False
2026-03-06,8199345.025195037,TECL,84467.50417088378,0.0,102.3606948852539,False
2026-03-09,8636878.344910765,TECL,84467.50417088378,0.0,102.3606948852539,False
2026-03-10,8626762.63436259,TECL,84467.50417088378,0.0,102.3606948852539,False
2026-03-11,8757432.326979727,TECL,84467.50417088378,0.0,102.3606948852539,False
2026-03-12,8268473.665731618,TECL,84467.50417088378,0.0,102.3606948852539,False
2026-03-13,8074575.143374138,TECL,84467.50417088378,0.0,102.3606948852539,False
2026-03-16,8426963.656772958,TECL,84467.50417088378,0.0,102.3606948852539,False
2026-03-17,8555105.227297945,TECL,84467.50417088378,0.0,102.3606948852539,False
2026-03-18,8273531.198787748,TECL,84467.50417088378,0.0,102.3606948852539,False
2026-03-19,8351090.349956375,TECL,84467.50417088378,0.0,102.3606948852539,False
2026-03-20,7781537.179939272,CASH,0.0,7781537.179939272,,False
2026-03-23,7781537.179939272,CASH,0.0,7781537.179939272,,False
2026-03-24,7781537.179939272,CASH,0.0,7781537.179939272,,False
2026-03-25,7781537.179939272,CASH,0.0,7781537.179939272,,False
2026-03-26,7781537.179939272,CASH,0.0,7781537.179939272,,False
2026-03-27,7781537.179939272,CASH,0.0,7781537.179939272,,False
2026-03-30,7781537.179939272,CASH,0.0,7781537.179939272,,False
2026-03-31,7781537.179939272,CASH,0.0,7781537.179939272,,False
2026-04-01,7781537.179939272,GLD,17773.370448502166,0.0,437.82000732421875,False
2026-04-02,7632063.069379342,GLD,17773.370448502166,0.0,437.82000732421875,False
2026-04-06,7600781.763821907,GLD,17773.370448502166,0.0,437.82000732421875,False
2026-04-07,7674719.049975703,GLD,17773.370448502166,0.0,437.82000732421875,False
2026-04-08,7723062.639291638,GLD,17773.370448502166,0.0,437.82000732421875,False
2026-04-09,7783136.71819161,GLD,17773.370448502166,0.0,437.82000732421875,False
2026-04-10,7769273.510937788,GLD,17773.370448502166,0.0,437.82000732421875,False
2026-04-13,7737814.298107797,GLD,17773.370448502166,0.0,437.82000732421875,False
2026-04-14,7910749.3878358025,GLD,17773.370448502166,0.0,437.82000732421875,False
2026-04-15,7828458.595875202,GLD,17773.370448502166,0.0,437.82000732421875,False
2026-04-16,7821704.628320736,GLD,17773.370448502166,0.0,437.82000732421875,False
2026-04-17,7925678.953924518,GLD,17773.370448502166,0.0,437.82000732421875,False
2026-04-20,7857429.276490296,GLD,17773.370448502166,0.0,437.82000732421875,False
2026-04-21,7634906.873739129,GLD,17773.370448502166,0.0,437.82000732421875,False
2026-04-22,7736037.394983124,GLD,17773.370448502166,0.0,437.82000732421875,False
2026-04-23,7661033.749994435,GLD,17773.370448502166,0.0,437.82000732421875,False
2026-04-24,7700312.746813564,GLD,17773.370448502166,0.0,437.82000732421875,False
2026-04-27,7640594.482458702,GLD,17773.370448502166,0.0,437.82000732421875,False
2026-04-28,7498762.791015576,GLD,17773.370448502166,0.0,437.82000732421875,False
2026-04-29,7418782.623997316,GLD,17773.370448502166,0.0,437.82000732421875,False
2026-04-30,7529866.189300454,GLD,17773.370448502166,0.0,437.82000732421875,False
2026-05-01,7521334.776221094,TQQQ,115446.42517365815,0.0,65.1500015258789,False
2026-05-04,7476413.792866283,TQQQ,115446.42517365815,0.0,65.1500015258789,False
2026-05-05,7762062.486671934,TQQQ,115446.42517365815,0.0,65.1500015258789,False
2026-05-06,8243520.549932588,TQQQ,115446.42517365815,0.0,65.1500015258789,False
2026-05-07,8217028.25885308,TQQQ,115446.42517365815,0.0,65.1500015258789,False
2026-05-08,8786024.15179749,TQQQ,115446.42517365815,0.0,65.1500015258789,False
2026-05-11,8864347.194950432,TQQQ,115446.42517365815,0.0,65.1500015258789,False
2026-05-12,8633984.57797069,TQQQ,115446.42517365815,0.0,65.1500015258789,False
2026-05-13,8896598.067021955,TQQQ,115446.42517365815,0.0,65.1500015258789,False
2026-05-14,9093557.743417243,TQQQ,115446.42517365815,0.0,65.1500015258789,False
2026-05-15,8677753.492812566,TQQQ,115446.42517365815,0.0,65.1500015258789,False
2026-05-18,8560268.928083153,TQQQ,115446.42517365815,0.0,65.1500015258789,False
2026-05-19,8400166.636238473,TQQQ,115446.42517365815,0.0,65.1500015258789,False
2026-05-20,8812515.562090674,TQQQ,115446.42517365815,0.0,65.1500015258789,False
2026-05-21,8863195.126437498,TQQQ,115446.42517365815,0.0,65.1500015258789,False
2026-05-22,8965706.323644083,TQQQ,115446.42517365815,0.0,65.1500015258789,False
2026-05-26,9439100.788100531,TQQQ,115446.42517365815,0.0,65.1500015258789,False
2026-05-27,9406850.796815334,TQQQ,115446.42517365815,0.0,65.1500015258789,False
2026-05-28,9638364.601521686,TQQQ,115446.42517365815,0.0,65.1500015258789,False
2026-05-29,9739724.611001661,TQQQ,115446.42517365815,0.0,65.1500015258789,False
2026-06-01,9910192.877103765,TQQQ,115446.42517365815,0.0,84.36575317382812,False
2026-06-02,10046107.014894806,TQQQ,115446.42517365815,0.0,84.36575317382812,False
2026-06-03,9970086.34719508,TQQQ,115446.42517365815,0.0,84.36575317382812,False
2026-06-04,9815744.397915062,TQQQ,115446.42517365815,0.0,84.36575317382812,False
2026-06-05,8765752.149901496,CASH,0.0,8765752.149901496,,False
2026-06-08,8765752.149901496,CASH,0.0,8765752.149901496,,False
2026-06-09,8765752.149901496,CASH,0.0,8765752.149901496,,False
2026-06-10,8765752.149901496,CASH,0.0,8765752.149901496,,False
2026-06-11,8765752.149901496,CASH,0.0,8765752.149901496,,False
2026-06-12,8765752.149901496,CASH,0.0,8765752.149901496,,False
2026-06-15,8765752.149901496,CASH,0.0,8765752.149901496,,False
2026-06-16,8765752.149901496,CASH,0.0,8765752.149901496,,False
2026-06-17,8765752.149901496,CASH,0.0,8765752.149901496,,False
2026-06-18,8765752.149901496,CASH,0.0,8765752.149901496,,False
2026-06-22,8765752.149901496,CASH,0.0,8765752.149901496,,False
2026-06-23,8765752.149901496,CASH,0.0,8765752.149901496,,False
2026-06-24,8765752.149901496,CASH,0.0,8765752.149901496,,False
2026-06-25,8765752.149901496,CASH,0.0,8765752.149901496,,False
2026-06-26,8765752.149901496,CASH,0.0,8765752.149901496,,False
2026-06-29,8765752.149901496,CASH,0.0,8765752.149901496,,False
2026-06-30,8765752.149901496,CASH,0.0,8765752.149901496,,False
2026-07-01,8765752.149901496,TQQQ,113164.88837473594,0.0,77.45999908447266,False
2026-07-02,8300644.389610965,TQQQ,113164.88837473594,0.0,77.45999908447266,False
2026-07-06,8648060.56238622,TQQQ,113164.88837473594,0.0,77.45999908447266,False
2026-07-07,8173900.267194192,TQQQ,113164.88837473594,0.0,77.45999908447266,False
2026-07-08,7889176.934911347,CASH,0.0,7889176.934911347,,False
2026-07-09,7889176.934911347,CASH,0.0,7889176.934911347,,False
2026-07-10,7889176.934911347,CASH,0.0,7889176.934911347,,False
2026-07-13,7889176.934911347,CASH,0.0,7889176.934911347,,False
2026-07-14,7889176.934911347,CASH,0.0,7889176.934911347,,False
2026-07-15,7889176.934911347,CASH,0.0,7889176.934911347,,False
2026-07-16,7889176.934911347,CASH,0.0,7889176.934911347,,False
2026-07-17,7889176.934911347,CASH,0.0,7889176.934911347,,False
2026-07-20,7889176.934911347,CASH,0.0,7889176.934911347,,False
2026-07-21,7889176.934911347,CASH,0.0,7889176.934911347,,False
2026-07-22,7889176.934911347,CASH,0.0,7889176.934911347,,False
2026-07-23,7889176.934911347,CASH,0.0,7889176.934911347,,False
2026-07-24,7889176.934911347,CASH,0.0,7889176.934911347,,False
2026-07-27,7889176.934911347,CASH,0.0,7889176.934911347,,False
2026-07-28,7889176.934911347,CASH,0.0,7889176.934911347,,False
2026-07-29,7889176.934911347,CASH,0.0,7889176.934911347,,False
2026-07-30,7889176.934911347,CASH,0.0,7889176.934911347,,False
2026-07-31,7889176.934911347,CASH,0.0,7889176.934911347,,False
2026-08-03,7889176.934911347,TQQQ,116085.59507343854,0.0,67.95999908447266,False
2026-08-04,8685524.18796816,TQQQ,116085.59507343854,0.0,67.95999908447266,False
2026-08-05,8455674.320031118,TQQQ,116085.59507343854,0.0,67.95999908447266,False
2026-08-06,8361645.27143373,TQQQ,116085.59507343854,0.0,67.95999908447266,False
2026-08-07,8644894.406825017,TQQQ,116085.59507343854,0.0,67.95999908447266,False
2026-08-10,8567117.270684887,TQQQ,116085.59507343854,0.0,67.95999908447266,False
2026-08-11,8481213.292653322,TQQQ,116085.59507343854,0.0,67.95999908447266,False
2026-08-12,8659985.215345955,TQQQ,116085.59507343854,0.0,67.95999908447266,False
2026-08-13,8956003.837048344,TQQQ,116085.59507343854,0.0,67.95999908447266,False
2026-08-14,8914212.951968882,TQQQ,116085.59507343854,0.0,67.95999908447266,False
2026-08-17,8868939.640743265,TQQQ,116085.59507343854,0.0,67.95999908447266,False
2026-08-18,8419688.06897045,TQQQ,116085.59507343854,0.0,67.95999908447266,False
2026-08-19,8365127.697579884,TQQQ,116085.59507343854,0.0,67.95999908447266,False
2026-08-20,8181713.1304675825,TQQQ,116085.59507343854,0.0,67.95999908447266,False
2026-08-21,8261811.588817548,TQQQ,116085.59507343854,0.0,67.95999908447266,False
2026-08-24,8011067.164003579,TQQQ,116085.59507343854,0.0,67.95999908447266,False
2026-08-25,8157334.376118893,TQQQ,116085.59507343854,0.0,67.95999908447266,False
2026-08-26,8180552.026531262,TQQQ,116085.59507343854,0.0,67.95999908447266,False
2026-08-27,8509074.473148167,TQQQ,116085.59507343854,0.0,67.95999908447266,False
2026-08-28,8340749.828893999,TQQQ,116085.59507343854,0.0,67.95999908447266,False
2026-08-31,8348875.785122626,TQQQ,116085.59507343854,0.0,67.95999908447266,False
2026-09-01,8027319.0764608355,TECL,41367.27106528185,0.0,194.0500030517578,False
2026-09-02,7995052.655527073,TECL,41367.27106528185,0.0,194.0500030517578,False
